{
  "type": "FeatureCollection",
  "generator": "overpass-turbo",
  "copyright": "The data included in this document is from www.openstreetmap.org. The data is made available under ODbL.",
  "timestamp": "2025-08-22T19:19:15Z",
  "features": [
    {
      "type": "Feature",
      "properties": {
        "@id": "way/228204470",
        "landuse": "residential",
        "place": "town",
        "@geometry": "center"
      },
      "geometry": {
        "type": "Point",
        "coordinates": [
          11.5609702,
          6.168425
        ]
      },
      "id": "way/228204470"
    },
    {
      "type": "Feature",
      "properties": {
        "@id": "way/228216342",
        "landuse": "residential",
        "name": "Mwa",
        "place": "village",
        "@geometry": "center"
      },
      "geometry": {
        "type": "Point",
        "coordinates": [
          11.3343109,
          6.033616
        ]
      },
      "id": "way/228216342"
    },
    {
      "type": "Feature",
      "properties": {
        "@id": "way/228257178",
        "landuse": "residential",
        "place": "village",
        "@geometry": "center"
      },
      "geometry": {
        "type": "Point",
        "coordinates": [
          11.4095484,
          6.0491288
        ]
      },
      "id": "way/228257178"
    },
    {
      "type": "Feature",
      "properties": {
        "@id": "way/228428851",
        "landuse": "residential",
        "place": "town",
        "@geometry": "center"
      },
      "geometry": {
        "type": "Point",
        "coordinates": [
          13.27472,
          6.4440334
        ]
      },
      "id": "way/228428851"
    },
    {
      "type": "Feature",
      "properties": {
        "@id": "way/228428876",
        "landuse": "residential",
        "place": "village",
        "@geometry": "center"
      },
      "geometry": {
        "type": "Point",
        "coordinates": [
          13.2752105,
          6.3897219
        ]
      },
      "id": "way/228428876"
    },
    {
      "type": "Feature",
      "properties": {
        "@id": "node/250346326",
        "name": "Banyo",
        "name:ru": "Баньо",
        "note": "rank=0 car chef lieu d'arrondissement",
        "place": "city",
        "rank": "0",
        "wikidata": "Q520600"
      },
      "geometry": {
        "type": "Point",
        "coordinates": [
          11.8045776,
          6.748547
        ]
      },
      "id": "node/250346326"
    },
    {
      "type": "Feature",
      "properties": {
        "@id": "node/250346812",
        "name": "Mambal",
        "place": "village"
      },
      "geometry": {
        "type": "Point",
        "coordinates": [
          13.0113052,
          6.6066702
        ]
      },
      "id": "node/250346812"
    },
    {
      "type": "Feature",
      "properties": {
        "@id": "node/250346916",
        "created_by": "JOSM",
        "name": "Béka Goto",
        "place": "village"
      },
      "geometry": {
        "type": "Point",
        "coordinates": [
          13.1110189,
          6.7477134
        ]
      },
      "id": "node/250346916"
    },
    {
      "type": "Feature",
      "properties": {
        "@id": "node/250346948",
        "created_by": "JOSM",
        "name": "Tékel",
        "place": "village"
      },
      "geometry": {
        "type": "Point",
        "coordinates": [
          13.1741066,
          6.8050465
        ]
      },
      "id": "node/250346948"
    },
    {
      "type": "Feature",
      "properties": {
        "@id": "node/250528328",
        "name": "Garga",
        "place": "village"
      },
      "geometry": {
        "type": "Point",
        "coordinates": [
          14.2044729,
          6.7291395
        ]
      },
      "id": "node/250528328"
    },
    {
      "type": "Feature",
      "properties": {
        "@id": "node/250528394",
        "name": "Gangi",
        "place": "village"
      },
      "geometry": {
        "type": "Point",
        "coordinates": [
          14.2539791,
          6.5909484
        ]
      },
      "id": "node/250528394"
    },
    {
      "type": "Feature",
      "properties": {
        "@id": "node/250692571",
        "created_by": "JOSM",
        "name": "Bindiba",
        "place": "village"
      },
      "geometry": {
        "type": "Point",
        "coordinates": [
          13.7847621,
          6.3667434
        ]
      },
      "id": "node/250692571"
    },
    {
      "type": "Feature",
      "properties": {
        "@id": "node/250692572",
        "created_by": "JOSM",
        "name": "Bindiba",
        "place": "town"
      },
      "geometry": {
        "type": "Point",
        "coordinates": [
          14.0860674,
          6.5078512
        ]
      },
      "id": "node/250692572"
    },
    {
      "type": "Feature",
      "properties": {
        "@id": "node/254304914",
        "name": "Doualayel",
        "place": "town"
      },
      "geometry": {
        "type": "Point",
        "coordinates": [
          12.660776,
          7.0115389
        ]
      },
      "id": "node/254304914"
    },
    {
      "type": "Feature",
      "properties": {
        "@id": "node/254305588",
        "name": "Gassaguel",
        "place": "village"
      },
      "geometry": {
        "type": "Point",
        "coordinates": [
          12.5741567,
          7.1643836
        ]
      },
      "id": "node/254305588"
    },
    {
      "type": "Feature",
      "properties": {
        "@id": "node/254305835",
        "name": "Galim-Tignère",
        "note": "rank=0 car chef lieu d'arrondissement",
        "place": "town",
        "rank": "0",
        "wikidata": "Q5518638",
        "wikipedia": "fr:Galim-Tignère"
      },
      "geometry": {
        "type": "Point",
        "coordinates": [
          12.473957,
          7.0981176
        ]
      },
      "id": "node/254305835"
    },
    {
      "type": "Feature",
      "properties": {
        "@id": "way/352908574",
        "landuse": "residential",
        "place": "village",
        "@geometry": "center"
      },
      "geometry": {
        "type": "Point",
        "coordinates": [
          12.5451147,
          6.4701953
        ]
      },
      "id": "way/352908574"
    },
    {
      "type": "Feature",
      "properties": {
        "@id": "way/352908575",
        "landuse": "residential",
        "place": "village",
        "@geometry": "center"
      },
      "geometry": {
        "type": "Point",
        "coordinates": [
          12.5474456,
          6.4695065
        ]
      },
      "id": "way/352908575"
    },
    {
      "type": "Feature",
      "properties": {
        "@id": "way/352909596",
        "landuse": "residential",
        "place": "village",
        "@geometry": "center"
      },
      "geometry": {
        "type": "Point",
        "coordinates": [
          12.5484204,
          6.4776203
        ]
      },
      "id": "way/352909596"
    },
    {
      "type": "Feature",
      "properties": {
        "@id": "way/352909597",
        "landuse": "residential",
        "place": "village",
        "@geometry": "center"
      },
      "geometry": {
        "type": "Point",
        "coordinates": [
          12.5491929,
          6.457669
        ]
      },
      "id": "way/352909597"
    },
    {
      "type": "Feature",
      "properties": {
        "@id": "way/352909598",
        "landuse": "residential",
        "place": "village",
        "@geometry": "center"
      },
      "geometry": {
        "type": "Point",
        "coordinates": [
          12.5493538,
          6.4558353
        ]
      },
      "id": "way/352909598"
    },
    {
      "type": "Feature",
      "properties": {
        "@id": "way/352909787",
        "landuse": "residential",
        "place": "village",
        "@geometry": "center"
      },
      "geometry": {
        "type": "Point",
        "coordinates": [
          12.5275298,
          6.4337958
        ]
      },
      "id": "way/352909787"
    },
    {
      "type": "Feature",
      "properties": {
        "@id": "way/352909796",
        "landuse": "residential",
        "place": "village",
        "@geometry": "center"
      },
      "geometry": {
        "type": "Point",
        "coordinates": [
          12.5511212,
          6.4016564
        ]
      },
      "id": "way/352909796"
    },
    {
      "type": "Feature",
      "properties": {
        "@id": "way/379982028",
        "landuse": "residential",
        "name": "Mbang Foulbé",
        "place": "village",
        "@geometry": "center"
      },
      "geometry": {
        "type": "Point",
        "coordinates": [
          13.7258887,
          7.5277951
        ]
      },
      "id": "way/379982028"
    },
    {
      "type": "Feature",
      "properties": {
        "@id": "way/379982119",
        "name": "Gangassaou",
        "place": "village",
        "population": "3444",
        "population:date": "2013",
        "residential": "rural",
        "source:population": "wikipedia",
        "@geometry": "center"
      },
      "geometry": {
        "type": "Point",
        "coordinates": [
          13.7949302,
          7.5761846
        ]
      },
      "id": "way/379982119"
    },
    {
      "type": "Feature",
      "properties": {
        "@id": "way/450318333",
        "landuse": "residential",
        "place": "village",
        "@geometry": "center"
      },
      "geometry": {
        "type": "Point",
        "coordinates": [
          13.5009603,
          7.2234272
        ]
      },
      "id": "way/450318333"
    },
    {
      "type": "Feature",
      "properties": {
        "@id": "way/450450314",
        "landuse": "residential",
        "place": "village",
        "@geometry": "center"
      },
      "geometry": {
        "type": "Point",
        "coordinates": [
          13.814301,
          7.3268261
        ]
      },
      "id": "way/450450314"
    },
    {
      "type": "Feature",
      "properties": {
        "@id": "way/450539388",
        "landuse": "residential",
        "place": "village",
        "@geometry": "center"
      },
      "geometry": {
        "type": "Point",
        "coordinates": [
          13.8579644,
          7.3169387
        ]
      },
      "id": "way/450539388"
    },
    {
      "type": "Feature",
      "properties": {
        "@id": "way/450547642",
        "landuse": "residential",
        "place": "village",
        "@geometry": "center"
      },
      "geometry": {
        "type": "Point",
        "coordinates": [
          13.8743614,
          7.3204144
        ]
      },
      "id": "way/450547642"
    },
    {
      "type": "Feature",
      "properties": {
        "@id": "way/450553954",
        "landuse": "residential",
        "place": "village",
        "@geometry": "center"
      },
      "geometry": {
        "type": "Point",
        "coordinates": [
          13.8841725,
          7.3021141
        ]
      },
      "id": "way/450553954"
    },
    {
      "type": "Feature",
      "properties": {
        "@id": "way/579047076",
        "place": "village",
        "@geometry": "center"
      },
      "geometry": {
        "type": "Point",
        "coordinates": [
          13.0365749,
          7.1326745
        ]
      },
      "id": "way/579047076"
    },
    {
      "type": "Feature",
      "properties": {
        "@id": "way/579050708",
        "place": "village",
        "@geometry": "center"
      },
      "geometry": {
        "type": "Point",
        "coordinates": [
          13.010163,
          7.3351578
        ]
      },
      "id": "way/579050708"
    },
    {
      "type": "Feature",
      "properties": {
        "@id": "way/579051918",
        "place": "village",
        "@geometry": "center"
      },
      "geometry": {
        "type": "Point",
        "coordinates": [
          11.6375389,
          6.5283278
        ]
      },
      "id": "way/579051918"
    },
    {
      "type": "Feature",
      "properties": {
        "@id": "way/579053181",
        "landuse": "residential",
        "place": "village",
        "@geometry": "center"
      },
      "geometry": {
        "type": "Point",
        "coordinates": [
          13.307918,
          7.4150515
        ]
      },
      "id": "way/579053181"
    },
    {
      "type": "Feature",
      "properties": {
        "@id": "way/579053192",
        "landuse": "farmland",
        "place": "village",
        "@geometry": "center"
      },
      "geometry": {
        "type": "Point",
        "coordinates": [
          13.3025925,
          7.4144983
        ]
      },
      "id": "way/579053192"
    },
    {
      "type": "Feature",
      "properties": {
        "@id": "way/579054859",
        "landuse": "residential",
        "place": "village",
        "@geometry": "center"
      },
      "geometry": {
        "type": "Point",
        "coordinates": [
          12.5361706,
          6.4607315
        ]
      },
      "id": "way/579054859"
    },
    {
      "type": "Feature",
      "properties": {
        "@id": "way/579054869",
        "place": "village",
        "@geometry": "center"
      },
      "geometry": {
        "type": "Point",
        "coordinates": [
          12.5569563,
          6.4717224
        ]
      },
      "id": "way/579054869"
    },
    {
      "type": "Feature",
      "properties": {
        "@id": "way/660403298",
        "landuse": "residential",
        "place": "village",
        "@geometry": "center"
      },
      "geometry": {
        "type": "Point",
        "coordinates": [
          13.5429735,
          6.6212151
        ]
      },
      "id": "way/660403298"
    },
    {
      "type": "Feature",
      "properties": {
        "@id": "node/929855846",
        "name": "Yaro",
        "place": "village"
      },
      "geometry": {
        "type": "Point",
        "coordinates": [
          12.3194888,
          6.5545599
        ]
      },
      "id": "node/929855846"
    },
    {
      "type": "Feature",
      "properties": {
        "@id": "node/929855901",
        "name": "Djoa",
        "place": "village"
      },
      "geometry": {
        "type": "Point",
        "coordinates": [
          12.4782899,
          6.510424
        ]
      },
      "id": "node/929855901"
    },
    {
      "type": "Feature",
      "properties": {
        "@id": "node/929855914",
        "name": "Bingari",
        "place": "village"
      },
      "geometry": {
        "type": "Point",
        "coordinates": [
          12.2459006,
          6.5927366
        ]
      },
      "id": "node/929855914"
    },
    {
      "type": "Feature",
      "properties": {
        "@id": "node/937666556",
        "name": "Dir",
        "place": "village",
        "wikidata": "Q23012983"
      },
      "geometry": {
        "type": "Point",
        "coordinates": [
          13.5390492,
          6.3286484
        ]
      },
      "id": "node/937666556"
    },
    {
      "type": "Feature",
      "properties": {
        "@id": "node/937668169",
        "name": "Meidougou",
        "place": "town"
      },
      "geometry": {
        "type": "Point",
        "coordinates": [
          14.2182728,
          6.4193219
        ]
      },
      "id": "node/937668169"
    },
    {
      "type": "Feature",
      "properties": {
        "@id": "way/1383046280",
        "place": "village",
        "@geometry": "center"
      },
      "geometry": {
        "type": "Point",
        "coordinates": [
          14.295726,
          6.7714428
        ]
      },
      "id": "way/1383046280"
    },
    {
      "type": "Feature",
      "properties": {
        "@id": "node/1837099271",
        "designation": "town",
        "name": "Kontcha",
        "note": "rank=0 car chef lieu d'arrondissement",
        "place": "town",
        "rank": "0",
        "source": "herve",
        "wikidata": "Q6430329"
      },
      "geometry": {
        "type": "Point",
        "coordinates": [
          12.2365909,
          7.973652
        ]
      },
      "id": "node/1837099271"
    },
    {
      "type": "Feature",
      "properties": {
        "@id": "node/2114500099",
        "name": "Mayo Darlé",
        "name:ru": "Майо-Дарле",
        "note": "rank=0 car chef lieu d'arrondissement",
        "place": "town",
        "rank": "0",
        "source": "survery"
      },
      "geometry": {
        "type": "Point",
        "coordinates": [
          11.5546734,
          6.5016497
        ]
      },
      "id": "node/2114500099"
    },
    {
      "type": "Feature",
      "properties": {
        "@id": "node/2125537706",
        "name": "Tignère",
        "name:ru": "Тиньере",
        "note": "rank=0 car chef lieu d'arrondissement",
        "place": "city",
        "rank": "0",
        "wikidata": "Q1987701"
      },
      "geometry": {
        "type": "Point",
        "coordinates": [
          12.652921,
          7.373248
        ]
      },
      "id": "node/2125537706"
    },
    {
      "type": "Feature",
      "properties": {
        "@id": "node/2125801475",
        "name": "Martap",
        "name:ru": "Мартап",
        "note": "rank=0 car chef lieu d'arrondissement",
        "place": "town",
        "rank": "0",
        "wikidata": "Q23013059"
      },
      "geometry": {
        "type": "Point",
        "coordinates": [
          13.049675,
          6.8910517
        ]
      },
      "id": "node/2125801475"
    },
    {
      "type": "Feature",
      "properties": {
        "@id": "node/2127454468",
        "name": "Mayo-Baléo",
        "note": "rank=0 car chef lieu d'arrondissement",
        "place": "town",
        "rank": "0",
        "wikidata": "Q12697488"
      },
      "geometry": {
        "type": "Point",
        "coordinates": [
          12.329942,
          7.662773
        ]
      },
      "id": "node/2127454468"
    },
    {
      "type": "Feature",
      "properties": {
        "@id": "node/2133824531",
        "name": "Ngaoundal",
        "note": "rank=0 car chef lieu d'arrondissement",
        "place": "town",
        "rank": "0",
        "wikidata": "Q7022029"
      },
      "geometry": {
        "type": "Point",
        "coordinates": [
          13.2693,
          6.468342
        ]
      },
      "id": "node/2133824531"
    },
    {
      "type": "Feature",
      "properties": {
        "@id": "node/2218409901",
        "name": "Libong",
        "place": "village",
        "wikidata": "Q26706404",
        "wikipedia": "fr:Libong (Tignère)"
      },
      "geometry": {
        "type": "Point",
        "coordinates": [
          13.0043448,
          7.3842146
        ]
      },
      "id": "node/2218409901"
    },
    {
      "type": "Feature",
      "properties": {
        "@id": "node/2368383166",
        "is_in:country": "Cameroun",
        "is_in:country_code": "CM",
        "is_in:department": "Mayo-Banyo",
        "is_in:region": "Adamaoua",
        "name": "Bankim",
        "note": "rank=0 car chef lieu d'arrondissement",
        "place": "town",
        "rank": "0",
        "wikidata": "Q4853505"
      },
      "geometry": {
        "type": "Point",
        "coordinates": [
          11.487415,
          6.082783
        ]
      },
      "id": "node/2368383166"
    },
    {
      "type": "Feature",
      "properties": {
        "@id": "node/2379887148",
        "alt_name": "Meïganga",
        "alt_name:fr": "Meïganga",
        "name": "Meiganga",
        "name:fr": "Meiganga",
        "name:ru": "Меиганга",
        "place": "city",
        "rank": "0",
        "wikidata": "Q2629052",
        "wikipedia": "fr:Meiganga"
      },
      "geometry": {
        "type": "Point",
        "coordinates": [
          14.2947879,
          6.5172123
        ]
      },
      "id": "node/2379887148"
    },
    {
      "type": "Feature",
      "properties": {
        "@id": "node/2436916333",
        "name": "ngaoui",
        "note": "position approximative",
        "place": "village"
      },
      "geometry": {
        "type": "Point",
        "coordinates": [
          11.9952745,
          6.9755483
        ]
      },
      "id": "node/2436916333"
    },
    {
      "type": "Feature",
      "properties": {
        "@id": "node/2445581255",
        "name": "Bérim",
        "place": "village"
      },
      "geometry": {
        "type": "Point",
        "coordinates": [
          12.3358226,
          6.6753468
        ]
      },
      "id": "node/2445581255"
    },
    {
      "type": "Feature",
      "properties": {
        "@id": "node/2461015757",
        "name": "Alarba",
        "place": "village",
        "source": "WRI_2005"
      },
      "geometry": {
        "type": "Point",
        "coordinates": [
          12.3840419,
          6.7410802
        ]
      },
      "id": "node/2461015757"
    },
    {
      "type": "Feature",
      "properties": {
        "@id": "node/2461015759",
        "name": "Allal",
        "place": "village",
        "source": "WRI_2005"
      },
      "geometry": {
        "type": "Point",
        "coordinates": [
          11.7126894,
          6.6645432
        ]
      },
      "id": "node/2461015759"
    },
    {
      "type": "Feature",
      "properties": {
        "@id": "node/2461015773",
        "name": "Arnado Djaoul",
        "place": "village",
        "source": "WRI_2005"
      },
      "geometry": {
        "type": "Point",
        "coordinates": [
          12.400439,
          6.7911924
        ]
      },
      "id": "node/2461015773"
    },
    {
      "type": "Feature",
      "properties": {
        "@id": "node/2461015779",
        "name": "Atta",
        "place": "village",
        "source": "WRI_2005"
      },
      "geometry": {
        "type": "Point",
        "coordinates": [
          11.3008707,
          6.4715074
        ]
      },
      "id": "node/2461015779"
    },
    {
      "type": "Feature",
      "properties": {
        "@id": "node/2461015836",
        "name": "Bambol",
        "place": "village",
        "source": "WRI_2005"
      },
      "geometry": {
        "type": "Point",
        "coordinates": [
          11.6495373,
          6.4770499
        ]
      },
      "id": "node/2461015836"
    },
    {
      "type": "Feature",
      "properties": {
        "@id": "node/2461015837",
        "name": "Bambol",
        "place": "village",
        "source": "WRI_2005"
      },
      "geometry": {
        "type": "Point",
        "coordinates": [
          11.6348033,
          6.486431
        ]
      },
      "id": "node/2461015837"
    },
    {
      "type": "Feature",
      "properties": {
        "@id": "node/2461015869",
        "name": "Bang",
        "place": "village",
        "source": "WRI_2005"
      },
      "geometry": {
        "type": "Point",
        "coordinates": [
          11.205791,
          6.4362986
        ]
      },
      "id": "node/2461015869"
    },
    {
      "type": "Feature",
      "properties": {
        "@id": "node/2461016045",
        "name": "Bidjan",
        "place": "village",
        "source": "WRI_2005"
      },
      "geometry": {
        "type": "Point",
        "coordinates": [
          12.3761099,
          6.7539879
        ]
      },
      "id": "node/2461016045"
    },
    {
      "type": "Feature",
      "properties": {
        "@id": "node/2461016052",
        "name": "Bingari",
        "place": "village",
        "source": "WRI_2005"
      },
      "geometry": {
        "type": "Point",
        "coordinates": [
          12.2645845,
          6.5883401
        ]
      },
      "id": "node/2461016052"
    },
    {
      "type": "Feature",
      "properties": {
        "@id": "node/2461016070",
        "name": "Boundjoukoura",
        "place": "village",
        "source": "WRI_2005"
      },
      "geometry": {
        "type": "Point",
        "coordinates": [
          11.6158486,
          6.8395197
        ]
      },
      "id": "node/2461016070"
    },
    {
      "type": "Feature",
      "properties": {
        "@id": "node/2461016078",
        "name": "Bérim",
        "place": "village",
        "source": "WRI_2005"
      },
      "geometry": {
        "type": "Point",
        "coordinates": [
          12.3318643,
          6.6768581
        ]
      },
      "id": "node/2461016078"
    },
    {
      "type": "Feature",
      "properties": {
        "@id": "node/2461016084",
        "name": "Chindap",
        "place": "village",
        "source": "WRI_2005"
      },
      "geometry": {
        "type": "Point",
        "coordinates": [
          11.5706011,
          6.2420281
        ]
      },
      "id": "node/2461016084"
    },
    {
      "type": "Feature",
      "properties": {
        "@id": "node/2461016090",
        "name": "Dabéré",
        "place": "village",
        "source": "WRI_2005"
      },
      "geometry": {
        "type": "Point",
        "coordinates": [
          12.0956037,
          6.6160587
        ]
      },
      "id": "node/2461016090"
    },
    {
      "type": "Feature",
      "properties": {
        "@id": "node/2461016091",
        "name": "Damé",
        "place": "village",
        "source": "WRI_2005"
      },
      "geometry": {
        "type": "Point",
        "coordinates": [
          11.7147154,
          6.8521304
        ]
      },
      "id": "node/2461016091"
    },
    {
      "type": "Feature",
      "properties": {
        "@id": "node/2461016092",
        "name": "Dan",
        "place": "village",
        "source": "WRI_2005"
      },
      "geometry": {
        "type": "Point",
        "coordinates": [
          11.3979394,
          6.1838989
        ]
      },
      "id": "node/2461016092"
    },
    {
      "type": "Feature",
      "properties": {
        "@id": "node/2461016093",
        "name": "Dang Haoussa",
        "place": "village",
        "source": "WRI_2005"
      },
      "geometry": {
        "type": "Point",
        "coordinates": [
          12.5523304,
          6.3203049
        ]
      },
      "id": "node/2461016093"
    },
    {
      "type": "Feature",
      "properties": {
        "@id": "node/2461016094",
        "name": "Dankoni",
        "place": "village",
        "source": "WRI_2005"
      },
      "geometry": {
        "type": "Point",
        "coordinates": [
          12.4006202,
          6.5271868
        ]
      },
      "id": "node/2461016094"
    },
    {
      "type": "Feature",
      "properties": {
        "@id": "node/2461016102",
        "name": "Djambala",
        "name:ru": "Джамбала",
        "place": "village",
        "source": "WRI_2005"
      },
      "geometry": {
        "type": "Point",
        "coordinates": [
          12.2247439,
          6.5979292
        ]
      },
      "id": "node/2461016102"
    },
    {
      "type": "Feature",
      "properties": {
        "@id": "node/2461016104",
        "name": "Djang I",
        "place": "village",
        "source": "WRI_2005"
      },
      "geometry": {
        "type": "Point",
        "coordinates": [
          11.2593008,
          6.4778711
        ]
      },
      "id": "node/2461016104"
    },
    {
      "type": "Feature",
      "properties": {
        "@id": "node/2461016105",
        "name": "Djang II",
        "place": "village",
        "source": "WRI_2005"
      },
      "geometry": {
        "type": "Point",
        "coordinates": [
          11.2493084,
          6.4974226
        ]
      },
      "id": "node/2461016105"
    },
    {
      "type": "Feature",
      "properties": {
        "@id": "node/2461016106",
        "name": "Djaoro B}llo",
        "place": "village",
        "source": "WRI_2005"
      },
      "geometry": {
        "type": "Point",
        "coordinates": [
          12.5991835,
          6.4102735
        ]
      },
      "id": "node/2461016106"
    },
    {
      "type": "Feature",
      "properties": {
        "@id": "node/2461016109",
        "name": "Djaoro Doua",
        "place": "village",
        "source": "WRI_2005"
      },
      "geometry": {
        "type": "Point",
        "coordinates": [
          12.5327661,
          6.2030431
        ]
      },
      "id": "node/2461016109"
    },
    {
      "type": "Feature",
      "properties": {
        "@id": "node/2461016113",
        "name": "Djaoro Mbatim",
        "place": "village",
        "source": "WRI_2005"
      },
      "geometry": {
        "type": "Point",
        "coordinates": [
          12.4445899,
          6.5087946
        ]
      },
      "id": "node/2461016113"
    },
    {
      "type": "Feature",
      "properties": {
        "@id": "node/2461016116",
        "name": "Djaoro Sakanadjé",
        "place": "village",
        "source": "WRI_2005"
      },
      "geometry": {
        "type": "Point",
        "coordinates": [
          12.5437143,
          6.9864853
        ]
      },
      "id": "node/2461016116"
    },
    {
      "type": "Feature",
      "properties": {
        "@id": "node/2461016121",
        "name": "Djarya",
        "place": "village",
        "source": "WRI_2005"
      },
      "geometry": {
        "type": "Point",
        "coordinates": [
          12.4462724,
          6.564166
        ]
      },
      "id": "node/2461016121"
    },
    {
      "type": "Feature",
      "properties": {
        "@id": "node/2461016125",
        "name": "Djayé",
        "place": "village",
        "source": "WRI_2005"
      },
      "geometry": {
        "type": "Point",
        "coordinates": [
          11.5713163,
          6.2071339
        ]
      },
      "id": "node/2461016125"
    },
    {
      "type": "Feature",
      "properties": {
        "@id": "node/2461016148",
        "name": "Djouate",
        "place": "village",
        "source": "WRI_2005"
      },
      "geometry": {
        "type": "Point",
        "coordinates": [
          11.3222423,
          6.4299783
        ]
      },
      "id": "node/2461016148"
    },
    {
      "type": "Feature",
      "properties": {
        "@id": "node/2461016149",
        "name": "Djoumbaré",
        "place": "village",
        "source": "WRI_2005"
      },
      "geometry": {
        "type": "Point",
        "coordinates": [
          11.9659711,
          6.993121
        ]
      },
      "id": "node/2461016149"
    },
    {
      "type": "Feature",
      "properties": {
        "@id": "node/2461016159",
        "name": "Dorofi",
        "place": "village",
        "source": "WRI_2005",
        "wikidata": "Q5298160"
      },
      "geometry": {
        "type": "Point",
        "coordinates": [
          11.430921,
          6.57509
        ]
      },
      "id": "node/2461016159"
    },
    {
      "type": "Feature",
      "properties": {
        "@id": "node/2461016174",
        "name": "Déo Mayo Foourou",
        "place": "village",
        "source": "WRI_2005"
      },
      "geometry": {
        "type": "Point",
        "coordinates": [
          11.8261131,
          6.8188675
        ]
      },
      "id": "node/2461016174"
    },
    {
      "type": "Feature",
      "properties": {
        "@id": "node/2461016230",
        "name": "Fokoum",
        "place": "village",
        "source": "WRI_2005"
      },
      "geometry": {
        "type": "Point",
        "coordinates": [
          12.3595484,
          6.7204925
        ]
      },
      "id": "node/2461016230"
    },
    {
      "type": "Feature",
      "properties": {
        "@id": "node/2461016295",
        "name": "Gandoua Foulbé",
        "place": "village",
        "source": "WRI_2005"
      },
      "geometry": {
        "type": "Point",
        "coordinates": [
          11.6873667,
          6.9193064
        ]
      },
      "id": "node/2461016295"
    },
    {
      "type": "Feature",
      "properties": {
        "@id": "node/2461016296",
        "name": "Gandoua Wawa",
        "place": "village",
        "source": "WRI_2005"
      },
      "geometry": {
        "type": "Point",
        "coordinates": [
          11.7188767,
          6.9346091
        ]
      },
      "id": "node/2461016296"
    },
    {
      "type": "Feature",
      "properties": {
        "@id": "node/2461016299",
        "name": "Gingon",
        "place": "village",
        "source": "WRI_2005"
      },
      "geometry": {
        "type": "Point",
        "coordinates": [
          12.3963831,
          6.7499965
        ]
      },
      "id": "node/2461016299"
    },
    {
      "type": "Feature",
      "properties": {
        "@id": "node/2461016300",
        "name": "Gongotoua",
        "place": "village",
        "source": "WRI_2005"
      },
      "geometry": {
        "type": "Point",
        "coordinates": [
          12.5245543,
          6.1647034
        ]
      },
      "id": "node/2461016300"
    },
    {
      "type": "Feature",
      "properties": {
        "@id": "node/2461016301",
        "name": "Guengué",
        "place": "village",
        "source": "WRI_2005"
      },
      "geometry": {
        "type": "Point",
        "coordinates": [
          11.5508251,
          6.4665547
        ]
      },
      "id": "node/2461016301"
    },
    {
      "type": "Feature",
      "properties": {
        "@id": "node/2461016303",
        "name": "Guissam",
        "place": "village",
        "source": "WRI_2005"
      },
      "geometry": {
        "type": "Point",
        "coordinates": [
          11.9837893,
          6.512809
        ]
      },
      "id": "node/2461016303"
    },
    {
      "type": "Feature",
      "properties": {
        "@id": "node/2461016327",
        "name": "Karkay Goulko",
        "place": "village",
        "source": "WRI_2005"
      },
      "geometry": {
        "type": "Point",
        "coordinates": [
          11.8976282,
          6.969809
        ]
      },
      "id": "node/2461016327"
    },
    {
      "type": "Feature",
      "properties": {
        "@id": "node/2461016328",
        "name": "Kassala Djidda",
        "place": "village",
        "source": "WRI_2005"
      },
      "geometry": {
        "type": "Point",
        "coordinates": [
          11.7071365,
          6.8791361
        ]
      },
      "id": "node/2461016328"
    },
    {
      "type": "Feature",
      "properties": {
        "@id": "node/2461016329",
        "name": "Kassala Wawa",
        "place": "village",
        "source": "WRI_2005"
      },
      "geometry": {
        "type": "Point",
        "coordinates": [
          11.6920338,
          6.758173
        ]
      },
      "id": "node/2461016329"
    },
    {
      "type": "Feature",
      "properties": {
        "@id": "node/2461016345",
        "name": "Kimisso",
        "place": "village",
        "source": "WRI_2005"
      },
      "geometry": {
        "type": "Point",
        "coordinates": [
          11.2601616,
          6.3244723
        ]
      },
      "id": "node/2461016345"
    },
    {
      "type": "Feature",
      "properties": {
        "@id": "node/2461016346",
        "name": "Kinkong",
        "place": "village",
        "source": "WRI_2005"
      },
      "geometry": {
        "type": "Point",
        "coordinates": [
          11.3327731,
          6.2899636
        ]
      },
      "id": "node/2461016346"
    },
    {
      "type": "Feature",
      "properties": {
        "@id": "node/2461016359",
        "name": "Kota",
        "place": "village",
        "source": "WRI_2005"
      },
      "geometry": {
        "type": "Point",
        "coordinates": [
          12.3232639,
          6.5485038
        ]
      },
      "id": "node/2461016359"
    },
    {
      "type": "Feature",
      "properties": {
        "@id": "node/2461016360",
        "name": "Koumtchoum",
        "place": "village",
        "source": "WRI_2005"
      },
      "geometry": {
        "type": "Point",
        "coordinates": [
          11.1996485,
          6.4493052
        ]
      },
      "id": "node/2461016360"
    },
    {
      "type": "Feature",
      "properties": {
        "@id": "node/2461016369",
        "name": "Kouroum",
        "place": "village",
        "source": "WRI_2005"
      },
      "geometry": {
        "type": "Point",
        "coordinates": [
          11.3909132,
          6.424872
        ]
      },
      "id": "node/2461016369"
    },
    {
      "type": "Feature",
      "properties": {
        "@id": "node/2461016392",
        "name": "Larbay",
        "place": "village",
        "source": "WRI_2005"
      },
      "geometry": {
        "type": "Point",
        "coordinates": [
          12.5549782,
          6.5052793
        ]
      },
      "id": "node/2461016392"
    },
    {
      "type": "Feature",
      "properties": {
        "@id": "node/2461016414",
        "name": "Less Wouroum",
        "place": "village",
        "source": "WRI_2005"
      },
      "geometry": {
        "type": "Point",
        "coordinates": [
          11.9222973,
          6.7569656
        ]
      },
      "id": "node/2461016414"
    },
    {
      "type": "Feature",
      "properties": {
        "@id": "node/2461016440",
        "name": "M. Djarendi-Tbbel",
        "place": "village",
        "source": "WRI_2005"
      },
      "geometry": {
        "type": "Point",
        "coordinates": [
          11.8136911,
          6.7884186
        ]
      },
      "id": "node/2461016440"
    },
    {
      "type": "Feature",
      "properties": {
        "@id": "node/2461016443",
        "name": "M. Ndam",
        "place": "village",
        "source": "WRI_2005"
      },
      "geometry": {
        "type": "Point",
        "coordinates": [
          11.8579184,
          6.9311188
        ]
      },
      "id": "node/2461016443"
    },
    {
      "type": "Feature",
      "properties": {
        "@id": "node/2461016445",
        "name": "M. Poutchi",
        "place": "village",
        "source": "WRI_2005"
      },
      "geometry": {
        "type": "Point",
        "coordinates": [
          11.7261594,
          6.7712426
        ]
      },
      "id": "node/2461016445"
    },
    {
      "type": "Feature",
      "properties": {
        "@id": "node/2461016446",
        "name": "M. Tankouli",
        "place": "village",
        "source": "WRI_2005"
      },
      "geometry": {
        "type": "Point",
        "coordinates": [
          11.827334,
          6.9049969
        ]
      },
      "id": "node/2461016446"
    },
    {
      "type": "Feature",
      "properties": {
        "@id": "node/2461016447",
        "name": "Ma Djarendi Laddé",
        "place": "village",
        "source": "WRI_2005"
      },
      "geometry": {
        "type": "Point",
        "coordinates": [
          11.962848,
          6.6192075
        ]
      },
      "id": "node/2461016447"
    },
    {
      "type": "Feature",
      "properties": {
        "@id": "node/2461016453",
        "name": "Madamdou",
        "place": "village",
        "source": "WRI_2005"
      },
      "geometry": {
        "type": "Point",
        "coordinates": [
          12.5281486,
          6.4081306
        ]
      },
      "id": "node/2461016453"
    },
    {
      "type": "Feature",
      "properties": {
        "@id": "node/2461016460",
        "name": "Makam",
        "place": "village",
        "source": "WRI_2005"
      },
      "geometry": {
        "type": "Point",
        "coordinates": [
          12.0951262,
          6.829994
        ]
      },
      "id": "node/2461016460"
    },
    {
      "type": "Feature",
      "properties": {
        "@id": "node/2461016464",
        "name": "Makouladjé",
        "place": "village",
        "source": "WRI_2005"
      },
      "geometry": {
        "type": "Point",
        "coordinates": [
          12.1638141,
          6.9876614
        ]
      },
      "id": "node/2461016464"
    },
    {
      "type": "Feature",
      "properties": {
        "@id": "node/2461016470",
        "name": "Malam Adamou",
        "place": "village",
        "source": "WRI_2005"
      },
      "geometry": {
        "type": "Point",
        "coordinates": [
          11.8548963,
          6.6013995
        ]
      },
      "id": "node/2461016470"
    },
    {
      "type": "Feature",
      "properties": {
        "@id": "node/2461016472",
        "name": "Malandi",
        "place": "village",
        "source": "WRI_2005"
      },
      "geometry": {
        "type": "Point",
        "coordinates": [
          12.5338355,
          6.5049813
        ]
      },
      "id": "node/2461016472"
    },
    {
      "type": "Feature",
      "properties": {
        "@id": "node/2461016474",
        "name": "Malarba",
        "place": "village",
        "source": "WRI_2005"
      },
      "geometry": {
        "type": "Point",
        "coordinates": [
          12.61415,
          6.523371
        ]
      },
      "id": "node/2461016474"
    },
    {
      "type": "Feature",
      "properties": {
        "@id": "node/2461016475",
        "name": "Malimbo",
        "place": "village",
        "source": "WRI_2005"
      },
      "geometry": {
        "type": "Point",
        "coordinates": [
          12.5005053,
          6.0151943
        ]
      },
      "id": "node/2461016475"
    },
    {
      "type": "Feature",
      "properties": {
        "@id": "node/2461016477",
        "name": "Maloum Goura",
        "place": "village",
        "source": "WRI_2005"
      },
      "geometry": {
        "type": "Point",
        "coordinates": [
          12.119811,
          6.8381415
        ]
      },
      "id": "node/2461016477"
    },
    {
      "type": "Feature",
      "properties": {
        "@id": "node/2461016493",
        "name": "Manbaria",
        "place": "village",
        "source": "WRI_2005"
      },
      "geometry": {
        "type": "Point",
        "coordinates": [
          12.5798936,
          6.3890067
        ]
      },
      "id": "node/2461016493"
    },
    {
      "type": "Feature",
      "properties": {
        "@id": "node/2461016562",
        "name": "Mayo Badji",
        "place": "village",
        "source": "WRI_2005"
      },
      "geometry": {
        "type": "Point",
        "coordinates": [
          11.6010225,
          6.6414969
        ]
      },
      "id": "node/2461016562"
    },
    {
      "type": "Feature",
      "properties": {
        "@id": "node/2461016563",
        "name": "Mayo Banyo Karki",
        "place": "village",
        "source": "WRI_2005"
      },
      "geometry": {
        "type": "Point",
        "coordinates": [
          11.8841271,
          6.8944186
        ]
      },
      "id": "node/2461016563"
    },
    {
      "type": "Feature",
      "properties": {
        "@id": "node/2461016564",
        "name": "Mayo Banyo",
        "place": "village",
        "source": "WRI_2005"
      },
      "geometry": {
        "type": "Point",
        "coordinates": [
          11.9343481,
          6.8365252
        ]
      },
      "id": "node/2461016564"
    },
    {
      "type": "Feature",
      "properties": {
        "@id": "node/2461016565",
        "name": "Mayo Boutali",
        "place": "village",
        "source": "WRI_2005"
      },
      "geometry": {
        "type": "Point",
        "coordinates": [
          11.689168,
          6.6100871
        ]
      },
      "id": "node/2461016565"
    },
    {
      "type": "Feature",
      "properties": {
        "@id": "node/2461016566",
        "name": "Mayo Dankali",
        "place": "village",
        "source": "WRI_2005"
      },
      "geometry": {
        "type": "Point",
        "coordinates": [
          12.361166,
          6.9885905
        ]
      },
      "id": "node/2461016566"
    },
    {
      "type": "Feature",
      "properties": {
        "@id": "node/2461016567",
        "name": "Mayo Foourou Less",
        "place": "village",
        "source": "WRI_2005"
      },
      "geometry": {
        "type": "Point",
        "coordinates": [
          11.8554257,
          6.8039454
        ]
      },
      "id": "node/2461016567"
    },
    {
      "type": "Feature",
      "properties": {
        "@id": "node/2461016568",
        "name": "Mayo Ngordi",
        "place": "village",
        "source": "WRI_2005"
      },
      "geometry": {
        "type": "Point",
        "coordinates": [
          11.8543317,
          6.8660035
        ]
      },
      "id": "node/2461016568"
    },
    {
      "type": "Feature",
      "properties": {
        "@id": "node/2461016569",
        "name": "Mayo Toloré",
        "place": "village",
        "source": "WRI_2005"
      },
      "geometry": {
        "type": "Point",
        "coordinates": [
          12.1834097,
          6.5991193
        ]
      },
      "id": "node/2461016569"
    },
    {
      "type": "Feature",
      "properties": {
        "@id": "node/2461016573",
        "name": "Mba",
        "place": "village",
        "source": "WRI_2005"
      },
      "geometry": {
        "type": "Point",
        "coordinates": [
          11.5770519,
          6.259881
        ]
      },
      "id": "node/2461016573"
    },
    {
      "type": "Feature",
      "properties": {
        "@id": "node/2461016574",
        "name": "Mba",
        "place": "village",
        "source": "WRI_2005"
      },
      "geometry": {
        "type": "Point",
        "coordinates": [
          11.9205742,
          6.9913912
        ]
      },
      "id": "node/2461016574"
    },
    {
      "type": "Feature",
      "properties": {
        "@id": "node/2461016586",
        "name": "Mbam",
        "place": "village",
        "source": "WRI_2005"
      },
      "geometry": {
        "type": "Point",
        "coordinates": [
          11.9866678,
          6.9157485
        ]
      },
      "id": "node/2461016586"
    },
    {
      "type": "Feature",
      "properties": {
        "@id": "node/2461016593",
        "name": "Mbassewa",
        "place": "village",
        "source": "WRI_2005"
      },
      "geometry": {
        "type": "Point",
        "coordinates": [
          11.7000861,
          6.7802052
        ]
      },
      "id": "node/2461016593"
    },
    {
      "type": "Feature",
      "properties": {
        "@id": "node/2461016594",
        "name": "Mbassewa",
        "place": "village",
        "source": "WRI_2005"
      },
      "geometry": {
        "type": "Point",
        "coordinates": [
          11.7042929,
          6.7918422
        ]
      },
      "id": "node/2461016594"
    },
    {
      "type": "Feature",
      "properties": {
        "@id": "node/2461016596",
        "name": "Mbatimbang",
        "place": "village",
        "source": "WRI_2005"
      },
      "geometry": {
        "type": "Point",
        "coordinates": [
          12.489878,
          6.1443418
        ]
      },
      "id": "node/2461016596"
    },
    {
      "type": "Feature",
      "properties": {
        "@id": "node/2461016605",
        "name": "Mbenguédjé Foulbé",
        "place": "village",
        "source": "WRI_2005"
      },
      "geometry": {
        "type": "Point",
        "coordinates": [
          11.6389503,
          6.6707129
        ]
      },
      "id": "node/2461016605"
    },
    {
      "type": "Feature",
      "properties": {
        "@id": "node/2461016606",
        "name": "Mbenguédjé",
        "place": "village",
        "source": "WRI_2005"
      },
      "geometry": {
        "type": "Point",
        "coordinates": [
          11.6711574,
          6.6557718
        ]
      },
      "id": "node/2461016606"
    },
    {
      "type": "Feature",
      "properties": {
        "@id": "node/2461016617",
        "name": "Mbiridjom",
        "place": "village",
        "source": "WRI_2005"
      },
      "geometry": {
        "type": "Point",
        "coordinates": [
          11.3452721,
          6.3294442
        ]
      },
      "id": "node/2461016617"
    },
    {
      "type": "Feature",
      "properties": {
        "@id": "node/2461016621",
        "name": "Mblé",
        "place": "village",
        "source": "WRI_2005"
      },
      "geometry": {
        "type": "Point",
        "coordinates": [
          11.4456976,
          6.2317135
        ]
      },
      "id": "node/2461016621"
    },
    {
      "type": "Feature",
      "properties": {
        "@id": "node/2461016631",
        "name": "Mbon Ha",
        "place": "village",
        "source": "WRI_2005"
      },
      "geometry": {
        "type": "Point",
        "coordinates": [
          12.5797977,
          6.4795409
        ]
      },
      "id": "node/2461016631"
    },
    {
      "type": "Feature",
      "properties": {
        "@id": "node/2461016636",
        "alt_name": "Boumdo",
        "name": "Mboundo",
        "place": "village",
        "source": "WRI_2005"
      },
      "geometry": {
        "type": "Point",
        "coordinates": [
          11.5498856,
          6.604171
        ]
      },
      "id": "node/2461016636"
    },
    {
      "type": "Feature",
      "properties": {
        "@id": "node/2461016649",
        "alt_name": "Medjanba",
        "name": "Meidjamba",
        "place": "village",
        "wikidata": "Q57208788",
        "wikipedia": "fr:Meidjamba"
      },
      "geometry": {
        "type": "Point",
        "coordinates": [
          12.5566213,
          6.3473786
        ]
      },
      "id": "node/2461016649"
    },
    {
      "type": "Feature",
      "properties": {
        "@id": "node/2461016667",
        "name": "Mengémé",
        "place": "village",
        "source": "WRI_2005"
      },
      "geometry": {
        "type": "Point",
        "coordinates": [
          12.5556934,
          6.4159957
        ]
      },
      "id": "node/2461016667"
    },
    {
      "type": "Feature",
      "properties": {
        "@id": "node/2461016709",
        "name": "Mindjam",
        "place": "village",
        "source": "WRI_2005"
      },
      "geometry": {
        "type": "Point",
        "coordinates": [
          12.3850701,
          6.7849972
        ]
      },
      "id": "node/2461016709"
    },
    {
      "type": "Feature",
      "properties": {
        "@id": "node/2461016710",
        "name": "Minguem",
        "place": "village",
        "source": "WRI_2005"
      },
      "geometry": {
        "type": "Point",
        "coordinates": [
          11.9613177,
          6.7445162
        ]
      },
      "id": "node/2461016710"
    },
    {
      "type": "Feature",
      "properties": {
        "@id": "node/2461016715",
        "name": "Mitim",
        "place": "village",
        "source": "WRI_2005"
      },
      "geometry": {
        "type": "Point",
        "coordinates": [
          12.3612629,
          6.7119281
        ]
      },
      "id": "node/2461016715"
    },
    {
      "type": "Feature",
      "properties": {
        "@id": "node/2461016722",
        "name": "Moko",
        "place": "village",
        "source": "WRI_2005"
      },
      "geometry": {
        "type": "Point",
        "coordinates": [
          11.6774246,
          6.1905957
        ]
      },
      "id": "node/2461016722"
    },
    {
      "type": "Feature",
      "properties": {
        "@id": "node/2461016723",
        "name": "Mokoupok",
        "place": "village",
        "source": "WRI_2005"
      },
      "geometry": {
        "type": "Point",
        "coordinates": [
          11.3917457,
          6.2058137
        ]
      },
      "id": "node/2461016723"
    },
    {
      "type": "Feature",
      "properties": {
        "@id": "node/2461016724",
        "name": "Mokoupok",
        "place": "village",
        "source": "WRI_2005"
      },
      "geometry": {
        "type": "Point",
        "coordinates": [
          11.4015571,
          6.2062862
        ]
      },
      "id": "node/2461016724"
    },
    {
      "type": "Feature",
      "properties": {
        "@id": "node/2461016735",
        "name": "Mouroum",
        "place": "village",
        "source": "WRI_2005"
      },
      "geometry": {
        "type": "Point",
        "coordinates": [
          11.6984851,
          6.6938347
        ]
      },
      "id": "node/2461016735"
    },
    {
      "type": "Feature",
      "properties": {
        "@id": "node/2461016753",
        "name": "Mwinkwing",
        "place": "village",
        "source": "WRI_2005"
      },
      "geometry": {
        "type": "Point",
        "coordinates": [
          11.4043661,
          6.0474023
        ]
      },
      "id": "node/2461016753"
    },
    {
      "type": "Feature",
      "properties": {
        "@id": "node/2461016754",
        "name": "Mwoumban",
        "place": "village",
        "source": "WRI_2005"
      },
      "geometry": {
        "type": "Point",
        "coordinates": [
          11.4527158,
          6.0501737
        ]
      },
      "id": "node/2461016754"
    },
    {
      "type": "Feature",
      "properties": {
        "@id": "node/2461016755",
        "name": "Méséki",
        "place": "village",
        "source": "WRI_2005"
      },
      "geometry": {
        "type": "Point",
        "coordinates": [
          12.502206,
          6.5323864
        ]
      },
      "id": "node/2461016755"
    },
    {
      "type": "Feature",
      "properties": {
        "@id": "node/2461016756",
        "name": "Métisié",
        "place": "village",
        "source": "WRI_2005"
      },
      "geometry": {
        "type": "Point",
        "coordinates": [
          12.3693285,
          6.5283009
        ]
      },
      "id": "node/2461016756"
    },
    {
      "type": "Feature",
      "properties": {
        "@id": "node/2461016757",
        "name": "Nakang II",
        "place": "village",
        "source": "WRI_2005"
      },
      "geometry": {
        "type": "Point",
        "coordinates": [
          11.3215079,
          6.4372765
        ]
      },
      "id": "node/2461016757"
    },
    {
      "type": "Feature",
      "properties": {
        "@id": "node/2461016760",
        "name": "Nassarao",
        "place": "village",
        "source": "WRI_2005"
      },
      "geometry": {
        "type": "Point",
        "coordinates": [
          11.3914039,
          6.4345192
        ]
      },
      "id": "node/2461016760"
    },
    {
      "type": "Feature",
      "properties": {
        "@id": "node/2461016761",
        "name": "Nastirdé",
        "place": "village",
        "source": "WRI_2005"
      },
      "geometry": {
        "type": "Point",
        "coordinates": [
          11.9849494,
          6.9598986
        ]
      },
      "id": "node/2461016761"
    },
    {
      "type": "Feature",
      "properties": {
        "@id": "node/2461016774",
        "name": "Ndi",
        "place": "village",
        "source": "WRI_2005"
      },
      "geometry": {
        "type": "Point",
        "coordinates": [
          11.6798617,
          6.8797844
        ]
      },
      "id": "node/2461016774"
    },
    {
      "type": "Feature",
      "properties": {
        "@id": "node/2461016777",
        "name": "Ndipelé",
        "place": "village",
        "source": "WRI_2005"
      },
      "geometry": {
        "type": "Point",
        "coordinates": [
          11.9929146,
          6.8950275
        ]
      },
      "id": "node/2461016777"
    },
    {
      "type": "Feature",
      "properties": {
        "@id": "node/2461016782",
        "name": "Ndjé",
        "place": "village",
        "source": "WRI_2005"
      },
      "geometry": {
        "type": "Point",
        "coordinates": [
          11.8726616,
          6.6893037
        ]
      },
      "id": "node/2461016782"
    },
    {
      "type": "Feature",
      "properties": {
        "@id": "node/2461016789",
        "name": "Ndoum Kassala",
        "place": "village",
        "source": "WRI_2005"
      },
      "geometry": {
        "type": "Point",
        "coordinates": [
          11.349272,
          6.2564908
        ]
      },
      "id": "node/2461016789"
    },
    {
      "type": "Feature",
      "properties": {
        "@id": "node/2461016795",
        "name": "Ndouyéna",
        "place": "village",
        "source": "WRI_2005"
      },
      "geometry": {
        "type": "Point",
        "coordinates": [
          12.5573597,
          6.4951665
        ]
      },
      "id": "node/2461016795"
    },
    {
      "type": "Feature",
      "properties": {
        "@id": "node/2461016830",
        "name": "Ngati",
        "place": "village",
        "source": "WRI_2005"
      },
      "geometry": {
        "type": "Point",
        "coordinates": [
          11.3699609,
          6.0433343
        ]
      },
      "id": "node/2461016830"
    },
    {
      "type": "Feature",
      "properties": {
        "@id": "node/2461016874",
        "name": "Ngoum",
        "place": "village",
        "source": "WRI_2005"
      },
      "geometry": {
        "type": "Point",
        "coordinates": [
          11.7408559,
          6.6790234
        ]
      },
      "id": "node/2461016874"
    },
    {
      "type": "Feature",
      "properties": {
        "@id": "node/2461016885",
        "name": "Ngourou",
        "place": "village",
        "source": "WRI_2005"
      },
      "geometry": {
        "type": "Point",
        "coordinates": [
          12.4187741,
          6.6178471
        ]
      },
      "id": "node/2461016885"
    },
    {
      "type": "Feature",
      "properties": {
        "@id": "node/2461016944",
        "name": "Njamsounré",
        "place": "village",
        "source": "WRI_2005"
      },
      "geometry": {
        "type": "Point",
        "coordinates": [
          11.7870136,
          6.971151
        ]
      },
      "id": "node/2461016944"
    },
    {
      "type": "Feature",
      "properties": {
        "@id": "node/2461016963",
        "name": "Nkopoh",
        "place": "village",
        "source": "WRI_2005"
      },
      "geometry": {
        "type": "Point",
        "coordinates": [
          11.3296463,
          6.1010456
        ]
      },
      "id": "node/2461016963"
    },
    {
      "type": "Feature",
      "properties": {
        "@id": "node/2461017036",
        "name": "Nyagoum",
        "place": "village",
        "source": "WRI_2005"
      },
      "geometry": {
        "type": "Point",
        "coordinates": [
          11.9238119,
          6.5096384
        ]
      },
      "id": "node/2461017036"
    },
    {
      "type": "Feature",
      "properties": {
        "@id": "node/2461017040",
        "name": "Nyakong",
        "place": "village",
        "source": "WRI_2005"
      },
      "geometry": {
        "type": "Point",
        "coordinates": [
          11.5684533,
          6.1651018
        ]
      },
      "id": "node/2461017040"
    },
    {
      "type": "Feature",
      "properties": {
        "@id": "node/2461017053",
        "name": "Nyara",
        "place": "village",
        "source": "WRI_2005"
      },
      "geometry": {
        "type": "Point",
        "coordinates": [
          11.6742707,
          6.7665329
        ]
      },
      "id": "node/2461017053"
    },
    {
      "type": "Feature",
      "properties": {
        "@id": "node/2461017057",
        "name": "Nyati",
        "place": "village",
        "source": "WRI_2005"
      },
      "geometry": {
        "type": "Point",
        "coordinates": [
          11.8022828,
          6.6516927
        ]
      },
      "id": "node/2461017057"
    },
    {
      "type": "Feature",
      "properties": {
        "@id": "node/2461017061",
        "name": "Nyati",
        "place": "village",
        "source": "WRI_2005"
      },
      "geometry": {
        "type": "Point",
        "coordinates": [
          11.8022816,
          6.6518762
        ]
      },
      "id": "node/2461017061"
    },
    {
      "type": "Feature",
      "properties": {
        "@id": "node/2461017065",
        "name": "Nyati",
        "place": "village",
        "source": "WRI_2005"
      },
      "geometry": {
        "type": "Point",
        "coordinates": [
          11.7950853,
          6.6591871
        ]
      },
      "id": "node/2461017065"
    },
    {
      "type": "Feature",
      "properties": {
        "@id": "node/2461017069",
        "name": "Nyawa Foulbé",
        "place": "village",
        "source": "WRI_2005"
      },
      "geometry": {
        "type": "Point",
        "coordinates": [
          11.6926773,
          6.5478913
        ]
      },
      "id": "node/2461017069"
    },
    {
      "type": "Feature",
      "properties": {
        "@id": "node/2461017073",
        "name": "Nyawa Foulbé",
        "place": "village",
        "source": "WRI_2005"
      },
      "geometry": {
        "type": "Point",
        "coordinates": [
          11.6300177,
          6.5615243
        ]
      },
      "id": "node/2461017073"
    },
    {
      "type": "Feature",
      "properties": {
        "@id": "node/2461017078",
        "name": "Nyawa Kondja",
        "place": "village",
        "source": "WRI_2005"
      },
      "geometry": {
        "type": "Point",
        "coordinates": [
          11.626341,
          6.577299
        ]
      },
      "id": "node/2461017078"
    },
    {
      "type": "Feature",
      "properties": {
        "@id": "node/2461017162",
        "name": "Oumyaré Foulbé",
        "place": "village",
        "source": "WRI_2005"
      },
      "geometry": {
        "type": "Point",
        "coordinates": [
          11.6968564,
          6.8436417
        ]
      },
      "id": "node/2461017162"
    },
    {
      "type": "Feature",
      "properties": {
        "@id": "node/2461017166",
        "name": "Oumyaré Wawa",
        "place": "village",
        "source": "WRI_2005"
      },
      "geometry": {
        "type": "Point",
        "coordinates": [
          11.6998289,
          6.8198269
        ]
      },
      "id": "node/2461017166"
    },
    {
      "type": "Feature",
      "properties": {
        "@id": "node/2461017170",
        "name": "Ouéssimi",
        "place": "village",
        "source": "WRI_2005"
      },
      "geometry": {
        "type": "Point",
        "coordinates": [
          11.428439,
          6.5303916
        ]
      },
      "id": "node/2461017170"
    },
    {
      "type": "Feature",
      "properties": {
        "@id": "node/2461017191",
        "name": "Pfwabang",
        "place": "village",
        "source": "WRI_2005"
      },
      "geometry": {
        "type": "Point",
        "coordinates": [
          11.2579833,
          6.4333119
        ]
      },
      "id": "node/2461017191"
    },
    {
      "type": "Feature",
      "properties": {
        "@id": "node/2461017221",
        "name": "Ribao",
        "place": "village",
        "source": "WRI_2005"
      },
      "geometry": {
        "type": "Point",
        "coordinates": [
          11.4550644,
          6.5134588
        ]
      },
      "id": "node/2461017221"
    },
    {
      "type": "Feature",
      "properties": {
        "@id": "node/2461017285",
        "name": "Sami",
        "place": "village",
        "source": "WRI_2005"
      },
      "geometry": {
        "type": "Point",
        "coordinates": [
          11.7050831,
          6.8332137
        ]
      },
      "id": "node/2461017285"
    },
    {
      "type": "Feature",
      "properties": {
        "@id": "node/2461017293",
        "name": "Sangol Soo",
        "place": "village",
        "source": "WRI_2005"
      },
      "geometry": {
        "type": "Point",
        "coordinates": [
          11.7700955,
          6.875809
        ]
      },
      "id": "node/2461017293"
    },
    {
      "type": "Feature",
      "properties": {
        "@id": "node/2461017304",
        "name": "Sarki Mbaka",
        "place": "village",
        "source": "WRI_2005"
      },
      "geometry": {
        "type": "Point",
        "coordinates": [
          11.3980038,
          6.4282654
        ]
      },
      "id": "node/2461017304"
    },
    {
      "type": "Feature",
      "properties": {
        "@id": "node/2461017319",
        "name": "Sigo",
        "place": "village",
        "source": "WRI_2005"
      },
      "geometry": {
        "type": "Point",
        "coordinates": [
          11.6582205,
          6.7721456
        ]
      },
      "id": "node/2461017319"
    },
    {
      "type": "Feature",
      "properties": {
        "@id": "node/2461017331",
        "name": "Sirki Samari",
        "place": "village",
        "source": "WRI_2005"
      },
      "geometry": {
        "type": "Point",
        "coordinates": [
          12.4319372,
          6.5147176
        ]
      },
      "id": "node/2461017331"
    },
    {
      "type": "Feature",
      "properties": {
        "@id": "node/2461017335",
        "name": "Sirwari",
        "place": "village",
        "source": "WRI_2005"
      },
      "geometry": {
        "type": "Point",
        "coordinates": [
          11.8339174,
          6.5950102
        ]
      },
      "id": "node/2461017335"
    },
    {
      "type": "Feature",
      "properties": {
        "@id": "node/2461017342",
        "name": "Sola Bitom",
        "place": "village",
        "source": "WRI_2005"
      },
      "geometry": {
        "type": "Point",
        "coordinates": [
          12.540196,
          6.2721197
        ]
      },
      "id": "node/2461017342"
    },
    {
      "type": "Feature",
      "properties": {
        "@id": "node/2461017358",
        "name": "Somié",
        "place": "village",
        "source": "WRI_2005"
      },
      "geometry": {
        "type": "Point",
        "coordinates": [
          11.437334,
          6.456322
        ]
      },
      "id": "node/2461017358"
    },
    {
      "type": "Feature",
      "properties": {
        "@id": "node/2461017399",
        "name": "Také",
        "place": "village",
        "source": "WRI_2005"
      },
      "geometry": {
        "type": "Point",
        "coordinates": [
          11.6985117,
          6.8518219
        ]
      },
      "id": "node/2461017399"
    },
    {
      "type": "Feature",
      "properties": {
        "@id": "node/2461017423",
        "name": "Tapawa",
        "place": "village",
        "source": "WRI_2005"
      },
      "geometry": {
        "type": "Point",
        "coordinates": [
          11.7196749,
          6.8606023
        ]
      },
      "id": "node/2461017423"
    },
    {
      "type": "Feature",
      "properties": {
        "@id": "node/2461017431",
        "name": "Tapong",
        "place": "village",
        "source": "WRI_2005"
      },
      "geometry": {
        "type": "Point",
        "coordinates": [
          11.3539833,
          6.2300195
        ]
      },
      "id": "node/2461017431"
    },
    {
      "type": "Feature",
      "properties": {
        "@id": "node/2461017435",
        "name": "Taram Badjam",
        "place": "village",
        "source": "WRI_2005"
      },
      "geometry": {
        "type": "Point",
        "coordinates": [
          11.7257709,
          6.714906
        ]
      },
      "id": "node/2461017435"
    },
    {
      "type": "Feature",
      "properties": {
        "@id": "node/2461017439",
        "name": "Taram Kadark'o",
        "place": "village",
        "source": "WRI_2005"
      },
      "geometry": {
        "type": "Point",
        "coordinates": [
          11.7658977,
          6.6944882
        ]
      },
      "id": "node/2461017439"
    },
    {
      "type": "Feature",
      "properties": {
        "@id": "node/2461017488",
        "name": "Tawa",
        "place": "village",
        "source": "WRI_2005"
      },
      "geometry": {
        "type": "Point",
        "coordinates": [
          11.7264377,
          6.7447066
        ]
      },
      "id": "node/2461017488"
    },
    {
      "type": "Feature",
      "properties": {
        "@id": "node/2461017503",
        "name": "Tchim",
        "place": "village",
        "source": "WRI_2005"
      },
      "geometry": {
        "type": "Point",
        "coordinates": [
          11.543176,
          6.1150884
        ]
      },
      "id": "node/2461017503"
    },
    {
      "type": "Feature",
      "properties": {
        "@id": "node/2461017511",
        "name": "Tchimi Klong",
        "place": "village",
        "source": "WRI_2005"
      },
      "geometry": {
        "type": "Point",
        "coordinates": [
          11.5687171,
          6.0621981
        ]
      },
      "id": "node/2461017511"
    },
    {
      "type": "Feature",
      "properties": {
        "@id": "node/2461017520",
        "name": "Tchimi Y}non",
        "place": "village",
        "source": "WRI_2005"
      },
      "geometry": {
        "type": "Point",
        "coordinates": [
          11.6881594,
          6.1581925
        ]
      },
      "id": "node/2461017520"
    },
    {
      "type": "Feature",
      "properties": {
        "@id": "node/2461017526",
        "name": "Tchimijom",
        "place": "village",
        "source": "WRI_2005"
      },
      "geometry": {
        "type": "Point",
        "coordinates": [
          11.5249653,
          6.2883333
        ]
      },
      "id": "node/2461017526"
    },
    {
      "type": "Feature",
      "properties": {
        "@id": "node/2461017605",
        "name": "Titambon",
        "place": "village",
        "source": "WRI_2005"
      },
      "geometry": {
        "type": "Point",
        "coordinates": [
          11.5716267,
          6.4164336
        ]
      },
      "id": "node/2461017605"
    },
    {
      "type": "Feature",
      "properties": {
        "@id": "node/2461017632",
        "name": "Tong",
        "place": "village",
        "source": "WRI_2005"
      },
      "geometry": {
        "type": "Point",
        "coordinates": [
          11.2279174,
          6.4701016
        ]
      },
      "id": "node/2461017632"
    },
    {
      "type": "Feature",
      "properties": {
        "@id": "node/2461017639",
        "name": "Tongo",
        "place": "village",
        "source": "WRI_2005"
      },
      "geometry": {
        "type": "Point",
        "coordinates": [
          12.2488563,
          6.5820658
        ]
      },
      "id": "node/2461017639"
    },
    {
      "type": "Feature",
      "properties": {
        "@id": "node/2461017646",
        "name": "Toukouroua",
        "place": "village",
        "source": "WRI_2005"
      },
      "geometry": {
        "type": "Point",
        "coordinates": [
          11.6826072,
          6.64746
        ]
      },
      "id": "node/2461017646"
    },
    {
      "type": "Feature",
      "properties": {
        "@id": "node/2461017891",
        "name": "Yabam Wawa",
        "place": "village",
        "source": "WRI_2005"
      },
      "geometry": {
        "type": "Point",
        "coordinates": [
          11.7079758,
          6.7382799
        ]
      },
      "id": "node/2461017891"
    },
    {
      "type": "Feature",
      "properties": {
        "@id": "node/2461017892",
        "name": "Yabam",
        "place": "village",
        "source": "WRI_2005"
      },
      "geometry": {
        "type": "Point",
        "coordinates": [
          11.6841592,
          6.7459211
        ]
      },
      "id": "node/2461017892"
    },
    {
      "type": "Feature",
      "properties": {
        "@id": "node/2461017916",
        "name": "Yimbéré",
        "place": "village",
        "source": "WRI_2005"
      },
      "geometry": {
        "type": "Point",
        "coordinates": [
          11.5975725,
          6.3281787
        ]
      },
      "id": "node/2461017916"
    },
    {
      "type": "Feature",
      "properties": {
        "@id": "node/2461017920",
        "name": "Yokassala",
        "place": "village",
        "source": "WRI_2005"
      },
      "geometry": {
        "type": "Point",
        "coordinates": [
          11.4574198,
          6.4579517
        ]
      },
      "id": "node/2461017920"
    },
    {
      "type": "Feature",
      "properties": {
        "@id": "node/2461017924",
        "name": "Yoli",
        "place": "village",
        "source": "WRI_2005"
      },
      "geometry": {
        "type": "Point",
        "coordinates": [
          11.5859266,
          6.552796
        ]
      },
      "id": "node/2461017924"
    },
    {
      "type": "Feature",
      "properties": {
        "@id": "node/2462072576",
        "name": "Amadzili",
        "place": "village",
        "source": "WRI_2005"
      },
      "geometry": {
        "type": "Point",
        "coordinates": [
          14.3297097,
          6.6538431
        ]
      },
      "id": "node/2462072576"
    },
    {
      "type": "Feature",
      "properties": {
        "@id": "node/2462072586",
        "name": "Ancien Baina",
        "place": "village",
        "source": "WRI_2005"
      },
      "geometry": {
        "type": "Point",
        "coordinates": [
          14.0437228,
          6.0996771
        ]
      },
      "id": "node/2462072586"
    },
    {
      "type": "Feature",
      "properties": {
        "@id": "node/2462072591",
        "name": "Ancien Kalaldi",
        "place": "village",
        "source": "WRI_2005"
      },
      "geometry": {
        "type": "Point",
        "coordinates": [
          14.0414761,
          6.6184873
        ]
      },
      "id": "node/2462072591"
    },
    {
      "type": "Feature",
      "properties": {
        "@id": "node/2462072605",
        "fixme": "no imagery",
        "name": "Angelo",
        "place": "village",
        "source": "WRI_2005"
      },
      "geometry": {
        "type": "Point",
        "coordinates": [
          14.1415182,
          6.8345879
        ]
      },
      "id": "node/2462072605"
    },
    {
      "type": "Feature",
      "properties": {
        "@id": "node/2462072620",
        "name": "Ardo Ardou Etiel",
        "place": "village",
        "source": "WRI_2005"
      },
      "geometry": {
        "type": "Point",
        "coordinates": [
          14.9499566,
          6.984153
        ]
      },
      "id": "node/2462072620"
    },
    {
      "type": "Feature",
      "properties": {
        "@id": "node/2462072628",
        "name": "Ardo Balel",
        "place": "village",
        "source": "WRI_2005"
      },
      "geometry": {
        "type": "Point",
        "coordinates": [
          14.475708,
          6.7209546
        ]
      },
      "id": "node/2462072628"
    },
    {
      "type": "Feature",
      "properties": {
        "@id": "node/2462072635",
        "name": "Ardo Kaldi",
        "place": "village",
        "source": "WRI_2005"
      },
      "geometry": {
        "type": "Point",
        "coordinates": [
          14.3471897,
          6.6741634
        ]
      },
      "id": "node/2462072635"
    },
    {
      "type": "Feature",
      "properties": {
        "@id": "node/2462072642",
        "name": "Ardo Kodéri",
        "place": "village",
        "source": "WRI_2005"
      },
      "geometry": {
        "type": "Point",
        "coordinates": [
          14.9470248,
          6.8029688
        ]
      },
      "id": "node/2462072642"
    },
    {
      "type": "Feature",
      "properties": {
        "@id": "node/2462072649",
        "name": "Arnado Pan",
        "place": "village",
        "source": "WRI_2005"
      },
      "geometry": {
        "type": "Point",
        "coordinates": [
          12.6330579,
          6.8772841
        ]
      },
      "id": "node/2462072649"
    },
    {
      "type": "Feature",
      "properties": {
        "@id": "node/2462072663",
        "fixme": "no imagery",
        "name": "Ba",
        "place": "village",
        "source": "WRI_2005"
      },
      "geometry": {
        "type": "Point",
        "coordinates": [
          14.3459932,
          6.6529366
        ]
      },
      "id": "node/2462072663"
    },
    {
      "type": "Feature",
      "properties": {
        "@id": "node/2462072699",
        "name": "Badzer",
        "place": "village",
        "source": "WRI_2005"
      },
      "geometry": {
        "type": "Point",
        "coordinates": [
          13.9183899,
          6.4481835
        ]
      },
      "id": "node/2462072699"
    },
    {
      "type": "Feature",
      "properties": {
        "@id": "node/2462072708",
        "name": "Bafouk",
        "place": "village",
        "source": "WRI_2005"
      },
      "geometry": {
        "type": "Point",
        "coordinates": [
          14.6120344,
          6.6326054
        ]
      },
      "id": "node/2462072708"
    },
    {
      "type": "Feature",
      "properties": {
        "@id": "node/2462072712",
        "name": "Bagodo",
        "place": "village",
        "source": "WRI_2005"
      },
      "geometry": {
        "type": "Point",
        "coordinates": [
          13.3863226,
          6.4240265
        ]
      },
      "id": "node/2462072712"
    },
    {
      "type": "Feature",
      "properties": {
        "@id": "node/2462072716",
        "name": "Baina",
        "place": "village",
        "source": "WRI_2005"
      },
      "geometry": {
        "type": "Point",
        "coordinates": [
          14.2852299,
          6.4028801
        ]
      },
      "id": "node/2462072716"
    },
    {
      "type": "Feature",
      "properties": {
        "@id": "node/2462072721",
        "name": "Bakari Bata",
        "place": "village",
        "source": "WRI_2005"
      },
      "geometry": {
        "type": "Point",
        "coordinates": [
          14.597713,
          6.9283159
        ]
      },
      "id": "node/2462072721"
    },
    {
      "type": "Feature",
      "properties": {
        "@id": "node/2462072725",
        "name": "Bali",
        "place": "village",
        "source": "WRI_2005"
      },
      "geometry": {
        "type": "Point",
        "coordinates": [
          12.9437667,
          6.964863
        ]
      },
      "id": "node/2462072725"
    },
    {
      "type": "Feature",
      "properties": {
        "@id": "node/2462072754",
        "name": "Banam",
        "place": "village",
        "source": "WRI_2005"
      },
      "geometry": {
        "type": "Point",
        "coordinates": [
          14.7382338,
          6.5205014
        ]
      },
      "id": "node/2462072754"
    },
    {
      "type": "Feature",
      "properties": {
        "@id": "node/2462072798",
        "name": "Batoua",
        "place": "village",
        "source": "WRI_2005"
      },
      "geometry": {
        "type": "Point",
        "coordinates": [
          14.7156757,
          6.8451686
        ]
      },
      "id": "node/2462072798"
    },
    {
      "type": "Feature",
      "properties": {
        "@id": "node/2462072805",
        "name": "Batouri",
        "place": "village",
        "source": "WRI_2005"
      },
      "geometry": {
        "type": "Point",
        "coordinates": [
          14.7998618,
          6.908256
        ]
      },
      "id": "node/2462072805"
    },
    {
      "type": "Feature",
      "properties": {
        "@id": "node/2462072809",
        "name": "Batouri",
        "place": "village",
        "source": "WRI_2005"
      },
      "geometry": {
        "type": "Point",
        "coordinates": [
          14.8069971,
          6.9175979
        ]
      },
      "id": "node/2462072809"
    },
    {
      "type": "Feature",
      "properties": {
        "@id": "node/2462072812",
        "name": "Bayara",
        "place": "village",
        "source": "WRI_2005"
      },
      "geometry": {
        "type": "Point",
        "coordinates": [
          14.4871783,
          6.9262714
        ]
      },
      "id": "node/2462072812"
    },
    {
      "type": "Feature",
      "properties": {
        "@id": "node/2462072827",
        "name": "Bekao",
        "place": "village",
        "source": "WRI_2005"
      },
      "geometry": {
        "type": "Point",
        "coordinates": [
          14.5100632,
          6.299368
        ]
      },
      "id": "node/2462072827"
    },
    {
      "type": "Feature",
      "properties": {
        "@id": "node/2462072832",
        "name": "Bekapétel",
        "place": "village",
        "source": "WRI_2005"
      },
      "geometry": {
        "type": "Point",
        "coordinates": [
          14.4691514,
          6.7384095
        ]
      },
      "id": "node/2462072832"
    },
    {
      "type": "Feature",
      "properties": {
        "@id": "node/2462072835",
        "name": "Bekasiki",
        "place": "village",
        "source": "WRI_2005"
      },
      "geometry": {
        "type": "Point",
        "coordinates": [
          14.0121925,
          6.4826696
        ]
      },
      "id": "node/2462072835"
    },
    {
      "type": "Feature",
      "properties": {
        "@id": "node/2462072880",
        "name": "Bikini",
        "place": "village",
        "source": "WRI_2005"
      },
      "geometry": {
        "type": "Point",
        "coordinates": [
          12.6660913,
          6.8326103
        ]
      },
      "id": "node/2462072880"
    },
    {
      "type": "Feature",
      "properties": {
        "@id": "node/2462072884",
        "name": "Bin Bapé",
        "place": "village",
        "source": "WRI_2005"
      },
      "geometry": {
        "type": "Point",
        "coordinates": [
          13.5004833,
          6.3471033
        ]
      },
      "id": "node/2462072884"
    },
    {
      "type": "Feature",
      "properties": {
        "@id": "node/2462072888",
        "name": "Binaka",
        "place": "village",
        "source": "WRI_2005"
      },
      "geometry": {
        "type": "Point",
        "coordinates": [
          14.1070844,
          6.4955827
        ]
      },
      "id": "node/2462072888"
    },
    {
      "type": "Feature",
      "properties": {
        "@id": "node/2462072892",
        "name": "Bindiba",
        "place": "village",
        "source": "WRI_2005"
      },
      "geometry": {
        "type": "Point",
        "coordinates": [
          14.3833823,
          6.0737606
        ]
      },
      "id": "node/2462072892"
    },
    {
      "type": "Feature",
      "properties": {
        "@id": "node/2462072896",
        "name": "Bindida",
        "place": "village",
        "source": "WRI_2005"
      },
      "geometry": {
        "type": "Point",
        "coordinates": [
          14.3100333,
          6.3788135
        ]
      },
      "id": "node/2462072896"
    },
    {
      "type": "Feature",
      "properties": {
        "@id": "node/2462072925",
        "name": "Bola Gale",
        "place": "village",
        "source": "WRI_2005"
      },
      "geometry": {
        "type": "Point",
        "coordinates": [
          14.6522949,
          6.3209185
        ]
      },
      "id": "node/2462072925"
    },
    {
      "type": "Feature",
      "properties": {
        "@id": "node/2462072933",
        "name": "Bonanga",
        "place": "village",
        "source": "WRI_2005"
      },
      "geometry": {
        "type": "Point",
        "coordinates": [
          12.8651863,
          6.2831189
        ]
      },
      "id": "node/2462072933"
    },
    {
      "type": "Feature",
      "properties": {
        "@id": "node/2462072943",
        "name": "Bondo",
        "place": "village",
        "source": "WRI_2005"
      },
      "geometry": {
        "type": "Point",
        "coordinates": [
          14.6154977,
          6.7365681
        ]
      },
      "id": "node/2462072943"
    },
    {
      "type": "Feature",
      "properties": {
        "@id": "node/2462072969",
        "name": "Boubala",
        "place": "village",
        "source": "WRI_2005"
      },
      "geometry": {
        "type": "Point",
        "coordinates": [
          12.6475834,
          6.9290102
        ]
      },
      "id": "node/2462072969"
    },
    {
      "type": "Feature",
      "properties": {
        "@id": "node/2462072976",
        "name": "Bougi",
        "place": "village",
        "source": "WRI_2005"
      },
      "geometry": {
        "type": "Point",
        "coordinates": [
          14.2071989,
          6.4285673
        ]
      },
      "id": "node/2462072976"
    },
    {
      "type": "Feature",
      "properties": {
        "@id": "node/2462072994",
        "fixme": "no imagery",
        "name": "Bounou",
        "place": "village",
        "source": "WRI_2005"
      },
      "geometry": {
        "type": "Point",
        "coordinates": [
          14.2417676,
          6.4577079
        ]
      },
      "id": "node/2462072994"
    },
    {
      "type": "Feature",
      "properties": {
        "@id": "node/2462073006",
        "name": "Boutou",
        "place": "village",
        "source": "WRI_2005"
      },
      "geometry": {
        "type": "Point",
        "coordinates": [
          14.1888065,
          6.7632886
        ]
      },
      "id": "node/2462073006"
    },
    {
      "type": "Feature",
      "properties": {
        "@id": "node/2462073011",
        "name": "Buénanti",
        "place": "village",
        "source": "WRI_2005"
      },
      "geometry": {
        "type": "Point",
        "coordinates": [
          12.7540008,
          6.3738905
        ]
      },
      "id": "node/2462073011"
    },
    {
      "type": "Feature",
      "properties": {
        "@id": "node/2462073012",
        "name": "Béka Modibo",
        "place": "village",
        "source": "WRI_2005"
      },
      "geometry": {
        "type": "Point",
        "coordinates": [
          14.442091,
          6.9031631
        ]
      },
      "id": "node/2462073012"
    },
    {
      "type": "Feature",
      "properties": {
        "@id": "node/2462073013",
        "name": "Bétaré Gongon",
        "place": "village",
        "source": "WRI_2005"
      },
      "geometry": {
        "type": "Point",
        "coordinates": [
          13.1839952,
          6.5873738
        ]
      },
      "id": "node/2462073013"
    },
    {
      "type": "Feature",
      "properties": {
        "@id": "node/2462073014",
        "name": "Béza",
        "place": "village",
        "source": "WRI_2005"
      },
      "geometry": {
        "type": "Point",
        "coordinates": [
          12.7923825,
          6.3357846
        ]
      },
      "id": "node/2462073014"
    },
    {
      "type": "Feature",
      "properties": {
        "@id": "node/2462073016",
        "name": "Congo",
        "place": "village",
        "source": "WRI_2005"
      },
      "geometry": {
        "type": "Point",
        "coordinates": [
          14.5579599,
          6.7481065
        ]
      },
      "id": "node/2462073016"
    },
    {
      "type": "Feature",
      "properties": {
        "@id": "node/2462073039",
        "fixme": "no imagery",
        "name": "Danboura",
        "place": "village",
        "source": "WRI_2005"
      },
      "geometry": {
        "type": "Point",
        "coordinates": [
          14.2858856,
          6.6319338
        ]
      },
      "id": "node/2462073039"
    },
    {
      "type": "Feature",
      "properties": {
        "@id": "node/2462073053",
        "name": "Dankali",
        "place": "village",
        "source": "WRI_2005"
      },
      "geometry": {
        "type": "Point",
        "coordinates": [
          14.2576683,
          6.4003044
        ]
      },
      "id": "node/2462073053"
    },
    {
      "type": "Feature",
      "properties": {
        "@id": "node/2462073057",
        "name": "Danyo",
        "place": "village",
        "source": "WRI_2005"
      },
      "geometry": {
        "type": "Point",
        "coordinates": [
          12.6669864,
          6.5202437
        ]
      },
      "id": "node/2462073057"
    },
    {
      "type": "Feature",
      "properties": {
        "@id": "node/2462073069",
        "name": "Dengin",
        "place": "village",
        "source": "WRI_2005"
      },
      "geometry": {
        "type": "Point",
        "coordinates": [
          14.3385493,
          6.3438702
        ]
      },
      "id": "node/2462073069"
    },
    {
      "type": "Feature",
      "properties": {
        "@id": "node/2462073080",
        "name": "Deyna",
        "place": "village",
        "source": "WRI_2005"
      },
      "geometry": {
        "type": "Point",
        "coordinates": [
          14.3630284,
          6.2653805
        ]
      },
      "id": "node/2462073080"
    },
    {
      "type": "Feature",
      "properties": {
        "@id": "node/2462073084",
        "name": "Dibi Manbéré",
        "place": "village",
        "source": "WRI_2005"
      },
      "geometry": {
        "type": "Point",
        "coordinates": [
          14.4127006,
          6.8932462
        ]
      },
      "id": "node/2462073084"
    },
    {
      "type": "Feature",
      "properties": {
        "@id": "node/2462073103",
        "name": "Dir",
        "note": "rank=0 car chef lieu d'arrondissement",
        "place": "town",
        "rank": "0",
        "source": "WRI_2005"
      },
      "geometry": {
        "type": "Point",
        "coordinates": [
          14.3486839,
          6.3112011
        ]
      },
      "id": "node/2462073103"
    },
    {
      "type": "Feature",
      "properties": {
        "@id": "node/2462073115",
        "name": "Djalingo",
        "place": "village",
        "source": "WRI_2005"
      },
      "geometry": {
        "type": "Point",
        "coordinates": [
          12.6272326,
          6.9608617
        ]
      },
      "id": "node/2462073115"
    },
    {
      "type": "Feature",
      "properties": {
        "@id": "node/2462073127",
        "name": "Djaoro Kombo",
        "place": "village",
        "source": "WRI_2005"
      },
      "geometry": {
        "type": "Point",
        "coordinates": [
          12.9059968,
          6.2438419
        ]
      },
      "id": "node/2462073127"
    },
    {
      "type": "Feature",
      "properties": {
        "@id": "node/2462073134",
        "name": "Djaoro Ndo",
        "place": "village",
        "source": "WRI_2005"
      },
      "geometry": {
        "type": "Point",
        "coordinates": [
          12.6953664,
          6.4334982
        ]
      },
      "id": "node/2462073134"
    },
    {
      "type": "Feature",
      "properties": {
        "@id": "node/2462073138",
        "name": "Djohong",
        "note": "rank=0 car chef lieu d'arrondissement",
        "place": "town",
        "rank": "0",
        "source": "Institut National de Cartographie du Cameroun",
        "wikidata": "Q5285362"
      },
      "geometry": {
        "type": "Point",
        "coordinates": [
          14.692131,
          6.8363627
        ]
      },
      "id": "node/2462073138"
    },
    {
      "type": "Feature",
      "properties": {
        "@id": "node/2462073141",
        "name": "Djombi Maoba",
        "place": "village",
        "source": "WRI_2005"
      },
      "geometry": {
        "type": "Point",
        "coordinates": [
          12.9535544,
          6.9845984
        ]
      },
      "id": "node/2462073141"
    },
    {
      "type": "Feature",
      "properties": {
        "@id": "node/2462073145",
        "name": "Djouzami",
        "place": "village",
        "source": "WRI_2005"
      },
      "geometry": {
        "type": "Point",
        "coordinates": [
          14.389813,
          6.2201377
        ]
      },
      "id": "node/2462073145"
    },
    {
      "type": "Feature",
      "properties": {
        "@id": "node/2462073148",
        "name": "Dobéza",
        "place": "village",
        "source": "WRI_2005"
      },
      "geometry": {
        "type": "Point",
        "coordinates": [
          14.7307956,
          6.3515168
        ]
      },
      "id": "node/2462073148"
    },
    {
      "type": "Feature",
      "properties": {
        "@id": "node/2462073152",
        "name": "Doko Alim",
        "place": "village",
        "source": "WRI_2005"
      },
      "geometry": {
        "type": "Point",
        "coordinates": [
          14.2277851,
          6.4062329
        ]
      },
      "id": "node/2462073152"
    },
    {
      "type": "Feature",
      "properties": {
        "@id": "node/2462073159",
        "name": "Dokodombe",
        "place": "village",
        "source": "WRI_2005"
      },
      "geometry": {
        "type": "Point",
        "coordinates": [
          14.4860728,
          6.392666
        ]
      },
      "id": "node/2462073159"
    },
    {
      "type": "Feature",
      "properties": {
        "@id": "node/2462073173",
        "name": "Dolé",
        "place": "village",
        "source": "WRI_2005"
      },
      "geometry": {
        "type": "Point",
        "coordinates": [
          14.6336371,
          6.6528759
        ]
      },
      "id": "node/2462073173"
    },
    {
      "type": "Feature",
      "properties": {
        "@id": "node/2462073192",
        "name": "Dota",
        "place": "village",
        "source": "WRI_2005"
      },
      "geometry": {
        "type": "Point",
        "coordinates": [
          14.9467555,
          6.9634745
        ]
      },
      "id": "node/2462073192"
    },
    {
      "type": "Feature",
      "properties": {
        "@id": "node/2462073201",
        "name": "Doua",
        "place": "village",
        "source": "WRI_2005"
      },
      "geometry": {
        "type": "Point",
        "coordinates": [
          14.0186564,
          6.647104
        ]
      },
      "id": "node/2462073201"
    },
    {
      "type": "Feature",
      "properties": {
        "@id": "node/2462073205",
        "name": "Doua",
        "place": "village",
        "source": "WRI_2005"
      },
      "geometry": {
        "type": "Point",
        "coordinates": [
          14.525108,
          6.7550655
        ]
      },
      "id": "node/2462073205"
    },
    {
      "type": "Feature",
      "properties": {
        "@id": "node/2462073208",
        "name": "Douala",
        "place": "village",
        "source": "WRI_2005"
      },
      "geometry": {
        "type": "Point",
        "coordinates": [
          14.7199214,
          6.3058309
        ]
      },
      "id": "node/2462073208"
    },
    {
      "type": "Feature",
      "properties": {
        "@id": "node/2462073219",
        "fixme": "no imagery",
        "name": "Dozi",
        "place": "village",
        "source": "WRI_2005"
      },
      "geometry": {
        "type": "Point",
        "coordinates": [
          14.470489,
          6.7139139
        ]
      },
      "id": "node/2462073219"
    },
    {
      "type": "Feature",
      "properties": {
        "@id": "node/2462073222",
        "fixme": "position",
        "name": "Dozomo",
        "place": "village",
        "source": "WRI_2005"
      },
      "geometry": {
        "type": "Point",
        "coordinates": [
          14.3559009,
          6.2943162
        ]
      },
      "id": "node/2462073222"
    },
    {
      "type": "Feature",
      "properties": {
        "@id": "node/2462073307",
        "alt_name": "Fada",
        "name": "Fata",
        "place": "village",
        "source": "WRI_2005"
      },
      "geometry": {
        "type": "Point",
        "coordinates": [
          14.6059384,
          6.7444811
        ]
      },
      "id": "node/2462073307"
    },
    {
      "type": "Feature",
      "properties": {
        "@id": "node/2462073311",
        "name": "Galanga",
        "place": "village",
        "source": "WRI_2005"
      },
      "geometry": {
        "type": "Point",
        "coordinates": [
          14.5979302,
          6.7227359
        ]
      },
      "id": "node/2462073311"
    },
    {
      "type": "Feature",
      "properties": {
        "@id": "node/2462073314",
        "alt_name": "Gandinang",
        "name": "Gandinan",
        "place": "village",
        "source": "WRI_2005"
      },
      "geometry": {
        "type": "Point",
        "coordinates": [
          14.460606,
          6.7223604
        ]
      },
      "id": "node/2462073314"
    },
    {
      "type": "Feature",
      "properties": {
        "@id": "node/2462073321",
        "name": "Gankoumbol",
        "place": "village",
        "source": "WRI_2005"
      },
      "geometry": {
        "type": "Point",
        "coordinates": [
          14.3571426,
          6.2752105
        ]
      },
      "id": "node/2462073321"
    },
    {
      "type": "Feature",
      "properties": {
        "@id": "node/2462073336",
        "name": "Gasol",
        "place": "village",
        "source": "WRI_2005"
      },
      "geometry": {
        "type": "Point",
        "coordinates": [
          14.5338059,
          6.9801393
        ]
      },
      "id": "node/2462073336"
    },
    {
      "type": "Feature",
      "properties": {
        "@id": "node/2462073340",
        "name": "Gazi",
        "place": "village",
        "source": "WRI_2005"
      },
      "geometry": {
        "type": "Point",
        "coordinates": [
          14.3337981,
          6.351234
        ]
      },
      "id": "node/2462073340"
    },
    {
      "type": "Feature",
      "properties": {
        "@id": "node/2462073344",
        "fixme": "no imagery",
        "name": "Gbakaya",
        "place": "village",
        "source": "WRI_2005"
      },
      "geometry": {
        "type": "Point",
        "coordinates": [
          14.2316806,
          6.4472063
        ]
      },
      "id": "node/2462073344"
    },
    {
      "type": "Feature",
      "properties": {
        "@id": "node/2462073348",
        "name": "Gbata",
        "place": "village",
        "source": "WRI_2005"
      },
      "geometry": {
        "type": "Point",
        "coordinates": [
          14.3917353,
          6.7041625
        ]
      },
      "id": "node/2462073348"
    },
    {
      "type": "Feature",
      "properties": {
        "@id": "node/2462073352",
        "alt_name": "Gbatoua Godele",
        "name": "Gbatoua",
        "place": "town",
        "source": "WRI_2005"
      },
      "geometry": {
        "type": "Point",
        "coordinates": [
          14.7209914,
          6.3149579
        ]
      },
      "id": "node/2462073352"
    },
    {
      "type": "Feature",
      "properties": {
        "@id": "node/2462073382",
        "name": "Gombaro",
        "place": "village",
        "source": "WRI_2005"
      },
      "geometry": {
        "type": "Point",
        "coordinates": [
          14.6193843,
          6.7631208
        ]
      },
      "id": "node/2462073382"
    },
    {
      "type": "Feature",
      "properties": {
        "@id": "node/2462073398",
        "fixme": "position",
        "name": "Goro",
        "place": "village",
        "source": "WRI_2005"
      },
      "geometry": {
        "type": "Point",
        "coordinates": [
          14.297563,
          6.3989149
        ]
      },
      "id": "node/2462073398"
    },
    {
      "type": "Feature",
      "properties": {
        "@id": "node/2462073401",
        "name": "Goubla",
        "place": "village",
        "source": "WRI_2005"
      },
      "geometry": {
        "type": "Point",
        "coordinates": [
          14.6309316,
          6.6657977
        ]
      },
      "id": "node/2462073401"
    },
    {
      "type": "Feature",
      "properties": {
        "@id": "node/2462073405",
        "name": "Gouhigon",
        "place": "village",
        "source": "WRI_2005"
      },
      "geometry": {
        "type": "Point",
        "coordinates": [
          14.509347,
          6.7265098
        ]
      },
      "id": "node/2462073405"
    },
    {
      "type": "Feature",
      "properties": {
        "@id": "node/2462073407",
        "name": "Goumbela",
        "place": "village",
        "source": "WRI_2005"
      },
      "geometry": {
        "type": "Point",
        "coordinates": [
          14.2028897,
          6.6777933
        ]
      },
      "id": "node/2462073407"
    },
    {
      "type": "Feature",
      "properties": {
        "@id": "node/2462073410",
        "name": "Goumbélapetel",
        "place": "village",
        "source": "WRI_2005"
      },
      "geometry": {
        "type": "Point",
        "coordinates": [
          14.2715122,
          6.5463363
        ]
      },
      "id": "node/2462073410"
    },
    {
      "type": "Feature",
      "properties": {
        "@id": "node/2462073413",
        "name": "Goumra",
        "place": "village",
        "source": "WRI_2005"
      },
      "geometry": {
        "type": "Point",
        "coordinates": [
          14.4037328,
          6.8767915
        ]
      },
      "id": "node/2462073413"
    },
    {
      "type": "Feature",
      "properties": {
        "@id": "node/2462073476",
        "name": "Horé Ngoura",
        "place": "village",
        "source": "WRI_2005"
      },
      "geometry": {
        "type": "Point",
        "coordinates": [
          14.4688855,
          6.9488343
        ]
      },
      "id": "node/2462073476"
    },
    {
      "type": "Feature",
      "properties": {
        "@id": "node/2462073483",
        "name": "Hoséré Lesdi",
        "place": "village",
        "source": "WRI_2005"
      },
      "geometry": {
        "type": "Point",
        "coordinates": [
          14.4882375,
          6.8855559
        ]
      },
      "id": "node/2462073483"
    },
    {
      "type": "Feature",
      "properties": {
        "@id": "node/2462073507",
        "name": "Kalaldi",
        "place": "village",
        "source": "WRI_2005"
      },
      "geometry": {
        "type": "Point",
        "coordinates": [
          14.0844252,
          6.5071067
        ]
      },
      "id": "node/2462073507"
    },
    {
      "type": "Feature",
      "properties": {
        "@id": "node/2462073568",
        "name": "Katil Mboum",
        "place": "village",
        "source": "WRI_2005"
      },
      "geometry": {
        "type": "Point",
        "coordinates": [
          14.1168891,
          6.8739936
        ]
      },
      "id": "node/2462073568"
    },
    {
      "type": "Feature",
      "properties": {
        "@id": "node/2462073575",
        "name": "Kendao",
        "place": "village",
        "source": "WRI_2005"
      },
      "geometry": {
        "type": "Point",
        "coordinates": [
          14.6166633,
          6.3941135
        ]
      },
      "id": "node/2462073575"
    },
    {
      "type": "Feature",
      "properties": {
        "@id": "node/2462073610",
        "name": "Kombo Laka",
        "place": "village",
        "source": "WRI_2005"
      },
      "geometry": {
        "type": "Point",
        "coordinates": [
          14.7310584,
          6.4173367
        ]
      },
      "id": "node/2462073610"
    },
    {
      "type": "Feature",
      "properties": {
        "@id": "node/2462073629",
        "name": "Konoo",
        "place": "village",
        "source": "WRI_2005"
      },
      "geometry": {
        "type": "Point",
        "coordinates": [
          14.5217907,
          6.2952089
        ]
      },
      "id": "node/2462073629"
    },
    {
      "type": "Feature",
      "properties": {
        "@id": "node/2462073633",
        "name": "Koriong",
        "place": "village",
        "source": "WRI_2005"
      },
      "geometry": {
        "type": "Point",
        "coordinates": [
          14.4991841,
          6.9648286
        ]
      },
      "id": "node/2462073633"
    },
    {
      "type": "Feature",
      "properties": {
        "@id": "node/2462073669",
        "name": "Kpagoungé",
        "place": "village",
        "source": "WRI_2005"
      },
      "geometry": {
        "type": "Point",
        "coordinates": [
          14.2826596,
          6.4986319
        ]
      },
      "id": "node/2462073669"
    },
    {
      "type": "Feature",
      "properties": {
        "@id": "node/2462073672",
        "name": "La Wan",
        "place": "village",
        "source": "WRI_2005"
      },
      "geometry": {
        "type": "Point",
        "coordinates": [
          14.7337376,
          6.3617544
        ]
      },
      "id": "node/2462073672"
    },
    {
      "type": "Feature",
      "properties": {
        "@id": "node/2462073676",
        "name": "Labaye",
        "place": "village",
        "source": "WRI_2005"
      },
      "geometry": {
        "type": "Point",
        "coordinates": [
          14.4320638,
          6.7151554
        ]
      },
      "id": "node/2462073676"
    },
    {
      "type": "Feature",
      "properties": {
        "@id": "node/2462073679",
        "fixme": "no imagery",
        "name": "Laindekan",
        "place": "village",
        "source": "WRI_2005"
      },
      "geometry": {
        "type": "Point",
        "coordinates": [
          14.2778291,
          6.867008
        ]
      },
      "id": "node/2462073679"
    },
    {
      "type": "Feature",
      "properties": {
        "@id": "node/2462073683",
        "name": "Laka Pétel",
        "place": "village",
        "source": "WRI_2005"
      },
      "geometry": {
        "type": "Point",
        "coordinates": [
          14.7841477,
          6.9023613
        ]
      },
      "id": "node/2462073683"
    },
    {
      "type": "Feature",
      "properties": {
        "@id": "node/2462073687",
        "name": "Laka",
        "place": "village",
        "source": "WRI_2005"
      },
      "geometry": {
        "type": "Point",
        "coordinates": [
          14.3487046,
          6.3298035
        ]
      },
      "id": "node/2462073687"
    },
    {
      "type": "Feature",
      "properties": {
        "@id": "node/2462073694",
        "name": "Laminga",
        "place": "village",
        "source": "WRI_2005"
      },
      "geometry": {
        "type": "Point",
        "coordinates": [
          14.4032436,
          6.7032075
        ]
      },
      "id": "node/2462073694"
    },
    {
      "type": "Feature",
      "properties": {
        "@id": "node/2462073702",
        "name": "Laoudengé",
        "place": "village",
        "source": "WRI_2005"
      },
      "geometry": {
        "type": "Point",
        "coordinates": [
          14.0297753,
          6.4815196
        ]
      },
      "id": "node/2462073702"
    },
    {
      "type": "Feature",
      "properties": {
        "@id": "node/2462073730",
        "name": "Lokoti",
        "place": "village",
        "source": "WRI_2005"
      },
      "geometry": {
        "type": "Point",
        "coordinates": [
          14.3216895,
          6.3795697
        ]
      },
      "id": "node/2462073730"
    },
    {
      "type": "Feature",
      "properties": {
        "@id": "node/2462073743",
        "fixme": "no imagery",
        "name": "Lougadoube",
        "place": "village",
        "source": "WRI_2005"
      },
      "geometry": {
        "type": "Point",
        "coordinates": [
          14.21555,
          6.9205352
        ]
      },
      "id": "node/2462073743"
    },
    {
      "type": "Feature",
      "properties": {
        "@id": "node/2462073751",
        "name": "Lénin",
        "place": "village",
        "source": "WRI_2005"
      },
      "geometry": {
        "type": "Point",
        "coordinates": [
          12.773754,
          6.3643008
        ]
      },
      "id": "node/2462073751"
    },
    {
      "type": "Feature",
      "properties": {
        "@id": "node/2462073758",
        "fixme": "no imagery",
        "name": "M. Lebou",
        "place": "village",
        "source": "WRI_2005"
      },
      "geometry": {
        "type": "Point",
        "coordinates": [
          14.5051798,
          6.7374626
        ]
      },
      "id": "node/2462073758"
    },
    {
      "type": "Feature",
      "properties": {
        "@id": "node/2462073762",
        "name": "Mabalé",
        "place": "village",
        "source": "WRI_2005"
      },
      "geometry": {
        "type": "Point",
        "coordinates": [
          14.3119633,
          6.1235881
        ]
      },
      "id": "node/2462073762"
    },
    {
      "type": "Feature",
      "properties": {
        "@id": "node/2462073766",
        "name": "Mabarangal'l",
        "place": "village",
        "source": "WRI_2005"
      },
      "geometry": {
        "type": "Point",
        "coordinates": [
          13.133112,
          6.995511
        ]
      },
      "id": "node/2462073766"
    },
    {
      "type": "Feature",
      "properties": {
        "@id": "node/2462073773",
        "fixme": "position",
        "name": "Mabélé",
        "place": "village",
        "source": "WRI_2005"
      },
      "geometry": {
        "type": "Point",
        "coordinates": [
          14.2274526,
          6.4419754
        ]
      },
      "id": "node/2462073773"
    },
    {
      "type": "Feature",
      "properties": {
        "@id": "node/2462073780",
        "fixme": "no imagery",
        "name": "Madigou Adigou",
        "place": "village",
        "source": "WRI_2005"
      },
      "geometry": {
        "type": "Point",
        "coordinates": [
          14.6166126,
          6.6787568
        ]
      },
      "id": "node/2462073780"
    },
    {
      "type": "Feature",
      "properties": {
        "@id": "node/2462073791",
        "name": "Makondo",
        "place": "village",
        "source": "WRI_2005"
      },
      "geometry": {
        "type": "Point",
        "coordinates": [
          12.6365149,
          6.4335705
        ]
      },
      "id": "node/2462073791"
    },
    {
      "type": "Feature",
      "properties": {
        "@id": "node/2462073795",
        "name": "Makor",
        "place": "village",
        "source": "WRI_2005"
      },
      "geometry": {
        "type": "Point",
        "coordinates": [
          13.2534653,
          6.8411782
        ]
      },
      "id": "node/2462073795"
    },
    {
      "type": "Feature",
      "properties": {
        "@id": "node/2462073808",
        "fixme": "no imagery",
        "name": "Malam Héman",
        "place": "village",
        "source": "WRI_2005"
      },
      "geometry": {
        "type": "Point",
        "coordinates": [
          14.0818514,
          6.9220081
        ]
      },
      "id": "node/2462073808"
    },
    {
      "type": "Feature",
      "properties": {
        "@id": "node/2462073811",
        "name": "Malarba Barya",
        "place": "village",
        "source": "WRI_2005"
      },
      "geometry": {
        "type": "Point",
        "coordinates": [
          13.0771006,
          6.5956323
        ]
      },
      "id": "node/2462073811"
    },
    {
      "type": "Feature",
      "properties": {
        "@id": "node/2462073819",
        "name": "Maloa",
        "place": "village",
        "source": "WRI_2005"
      },
      "geometry": {
        "type": "Point",
        "coordinates": [
          12.7632264,
          6.9961561
        ]
      },
      "id": "node/2462073819"
    },
    {
      "type": "Feature",
      "properties": {
        "@id": "node/2462073823",
        "name": "Mama II",
        "place": "village",
        "source": "WRI_2005"
      },
      "geometry": {
        "type": "Point",
        "coordinates": [
          14.6251252,
          6.3230249
        ]
      },
      "id": "node/2462073823"
    },
    {
      "type": "Feature",
      "properties": {
        "@id": "node/2462073826",
        "fixme": "no imagery",
        "name": "Manbaka",
        "place": "village",
        "source": "WRI_2005"
      },
      "geometry": {
        "type": "Point",
        "coordinates": [
          14.1319227,
          6.8508744
        ]
      },
      "id": "node/2462073826"
    },
    {
      "type": "Feature",
      "properties": {
        "@id": "node/2462073837",
        "fixme": "no imagery",
        "name": "Mandib I",
        "place": "village",
        "source": "WRI_2005"
      },
      "geometry": {
        "type": "Point",
        "coordinates": [
          14.4393904,
          6.7094384
        ]
      },
      "id": "node/2462073837"
    },
    {
      "type": "Feature",
      "properties": {
        "@id": "node/2462073842",
        "name": "Mandib",
        "place": "village",
        "source": "WRI_2005"
      },
      "geometry": {
        "type": "Point",
        "coordinates": [
          14.64392,
          6.8067459
        ]
      },
      "id": "node/2462073842"
    },
    {
      "type": "Feature",
      "properties": {
        "@id": "node/2462073846",
        "fixme": "no imagery",
        "name": "Mandim I",
        "place": "village",
        "source": "WRI_2005"
      },
      "geometry": {
        "type": "Point",
        "coordinates": [
          14.4151731,
          6.7116374
        ]
      },
      "id": "node/2462073846"
    },
    {
      "type": "Feature",
      "properties": {
        "@id": "node/2462073849",
        "name": "Mandoum I",
        "place": "village",
        "source": "WRI_2005"
      },
      "geometry": {
        "type": "Point",
        "coordinates": [
          12.9546563,
          6.593517
        ]
      },
      "id": "node/2462073849"
    },
    {
      "type": "Feature",
      "properties": {
        "@id": "node/2462073855",
        "name": "Manmbal Danfili",
        "place": "village",
        "source": "WRI_2005"
      },
      "geometry": {
        "type": "Point",
        "coordinates": [
          13.0097541,
          6.6012514
        ]
      },
      "id": "node/2462073855"
    },
    {
      "type": "Feature",
      "properties": {
        "@id": "node/2462073858",
        "name": "Maour",
        "place": "village",
        "source": "WRI_2005"
      },
      "geometry": {
        "type": "Point",
        "coordinates": [
          12.7047448,
          6.5151851
        ]
      },
      "id": "node/2462073858"
    },
    {
      "type": "Feature",
      "properties": {
        "@id": "node/2462073865",
        "name": "Mayo Badji",
        "place": "village",
        "source": "WRI_2005"
      },
      "geometry": {
        "type": "Point",
        "coordinates": [
          14.4065474,
          6.8700638
        ]
      },
      "id": "node/2462073865"
    },
    {
      "type": "Feature",
      "properties": {
        "@id": "node/2462073868",
        "name": "Mayo Dabi",
        "place": "village",
        "source": "WRI_2005"
      },
      "geometry": {
        "type": "Point",
        "coordinates": [
          14.5238904,
          6.9472258
        ]
      },
      "id": "node/2462073868"
    },
    {
      "type": "Feature",
      "properties": {
        "@id": "node/2462073871",
        "name": "Mayo Taparé",
        "place": "village",
        "source": "WRI_2005"
      },
      "geometry": {
        "type": "Point",
        "coordinates": [
          12.7269403,
          7.0006245
        ]
      },
      "id": "node/2462073871"
    },
    {
      "type": "Feature",
      "properties": {
        "@id": "node/2462073874",
        "name": "Mbakaou",
        "place": "village",
        "source": "WRI_2005"
      },
      "geometry": {
        "type": "Point",
        "coordinates": [
          12.7965079,
          6.3035045
        ]
      },
      "id": "node/2462073874"
    },
    {
      "type": "Feature",
      "properties": {
        "@id": "node/2462073902",
        "name": "Mbangbéré",
        "place": "village",
        "source": "WRI_2005"
      },
      "geometry": {
        "type": "Point",
        "coordinates": [
          14.3532419,
          6.8682273
        ]
      },
      "id": "node/2462073902"
    },
    {
      "type": "Feature",
      "properties": {
        "@id": "node/2462073917",
        "name": "Mbarang",
        "place": "village",
        "source": "WRI_2005"
      },
      "geometry": {
        "type": "Point",
        "coordinates": [
          14.3497242,
          6.6935756
        ]
      },
      "id": "node/2462073917"
    },
    {
      "type": "Feature",
      "properties": {
        "@id": "node/2462073920",
        "name": "Mbarangpetel",
        "place": "village",
        "source": "WRI_2005"
      },
      "geometry": {
        "type": "Point",
        "coordinates": [
          14.3450771,
          6.6656391
        ]
      },
      "id": "node/2462073920"
    },
    {
      "type": "Feature",
      "properties": {
        "@id": "node/2462073952",
        "fixme": "no imagery",
        "name": "Mbidou",
        "place": "village",
        "source": "WRI_2005"
      },
      "geometry": {
        "type": "Point",
        "coordinates": [
          14.0298992,
          6.9860543
        ]
      },
      "id": "node/2462073952"
    },
    {
      "type": "Feature",
      "properties": {
        "@id": "node/2462073981",
        "name": "Mbondo",
        "place": "village",
        "source": "WRI_2005"
      },
      "geometry": {
        "type": "Point",
        "coordinates": [
          14.6459517,
          6.8128943
        ]
      },
      "id": "node/2462073981"
    },
    {
      "type": "Feature",
      "properties": {
        "@id": "node/2462073985",
        "name": "Mbondo",
        "place": "village",
        "source": "WRI_2005"
      },
      "geometry": {
        "type": "Point",
        "coordinates": [
          14.6687441,
          6.8314186
        ]
      },
      "id": "node/2462073985"
    },
    {
      "type": "Feature",
      "properties": {
        "@id": "node/2462074000",
        "name": "Mboula",
        "place": "village",
        "source": "WRI_2005"
      },
      "geometry": {
        "type": "Point",
        "coordinates": [
          13.9839498,
          6.6932301
        ]
      },
      "id": "node/2462074000"
    },
    {
      "type": "Feature",
      "properties": {
        "@id": "node/2462074004",
        "name": "Mboulai",
        "place": "village",
        "source": "WRI_2005"
      },
      "geometry": {
        "type": "Point",
        "coordinates": [
          14.1548511,
          6.8427381
        ]
      },
      "id": "node/2462074004"
    },
    {
      "type": "Feature",
      "properties": {
        "@id": "node/2462074015",
        "name": "Mbouldi",
        "place": "village",
        "source": "WRI_2005"
      },
      "geometry": {
        "type": "Point",
        "coordinates": [
          14.7628599,
          6.8763207
        ]
      },
      "id": "node/2462074015"
    },
    {
      "type": "Feature",
      "properties": {
        "@id": "node/2462074018",
        "name": "Mboussa",
        "place": "village",
        "source": "WRI_2005"
      },
      "geometry": {
        "type": "Point",
        "coordinates": [
          14.3612184,
          6.1025052
        ]
      },
      "id": "node/2462074018"
    },
    {
      "type": "Feature",
      "properties": {
        "@id": "node/2462074059",
        "name": "Meigida",
        "place": "village",
        "source": "WRI_2005"
      },
      "geometry": {
        "type": "Point",
        "coordinates": [
          14.7271522,
          6.3755721
        ]
      },
      "id": "node/2462074059"
    },
    {
      "type": "Feature",
      "properties": {
        "@id": "node/2462074182",
        "name": "Minim",
        "place": "village",
        "source": "WRI_2005"
      },
      "geometry": {
        "type": "Point",
        "coordinates": [
          12.8700279,
          6.9684417
        ]
      },
      "id": "node/2462074182"
    },
    {
      "type": "Feature",
      "properties": {
        "@id": "node/2462074198",
        "name": "Mipoo",
        "place": "village",
        "source": "WRI_2005"
      },
      "geometry": {
        "type": "Point",
        "coordinates": [
          14.6088597,
          6.7799104
        ]
      },
      "id": "node/2462074198"
    },
    {
      "type": "Feature",
      "properties": {
        "@id": "node/2462074232",
        "fixme": "no imagery",
        "name": "Mormon Bakaya",
        "place": "village",
        "source": "WRI_2005"
      },
      "geometry": {
        "type": "Point",
        "coordinates": [
          14.1710031,
          6.8369085
        ]
      },
      "id": "node/2462074232"
    },
    {
      "type": "Feature",
      "properties": {
        "@id": "node/2462074262",
        "name": "Nabemo",
        "place": "village",
        "source": "WRI_2005"
      },
      "geometry": {
        "type": "Point",
        "coordinates": [
          14.7691481,
          6.8876391
        ]
      },
      "id": "node/2462074262"
    },
    {
      "type": "Feature",
      "properties": {
        "@id": "node/2462074264",
        "name": "Nabemopetel",
        "place": "village",
        "source": "WRI_2005"
      },
      "geometry": {
        "type": "Point",
        "coordinates": [
          14.7310085,
          6.866835
        ]
      },
      "id": "node/2462074264"
    },
    {
      "type": "Feature",
      "properties": {
        "@id": "node/2462074268",
        "name": "Nana",
        "place": "village",
        "source": "WRI_2005"
      },
      "geometry": {
        "type": "Point",
        "coordinates": [
          14.7409724,
          6.8723927
        ]
      },
      "id": "node/2462074268"
    },
    {
      "type": "Feature",
      "properties": {
        "@id": "node/2462074271",
        "name": "Nandéké Barki",
        "place": "village",
        "source": "WRI_2005"
      },
      "geometry": {
        "type": "Point",
        "coordinates": [
          14.3810058,
          6.6939277
        ]
      },
      "id": "node/2462074271"
    },
    {
      "type": "Feature",
      "properties": {
        "@id": "node/2462074272",
        "fixme": "no imagery",
        "name": "Nandéké",
        "place": "village",
        "source": "WRI_2005"
      },
      "geometry": {
        "type": "Point",
        "coordinates": [
          14.2631715,
          6.4674868
        ]
      },
      "id": "node/2462074272"
    },
    {
      "type": "Feature",
      "properties": {
        "@id": "node/2462074283",
        "name": "Ndigou",
        "place": "village",
        "source": "WRI_2005"
      },
      "geometry": {
        "type": "Point",
        "coordinates": [
          14.2950184,
          6.8527197
        ]
      },
      "id": "node/2462074283"
    },
    {
      "type": "Feature",
      "properties": {
        "@id": "node/2462074297",
        "name": "Ndounge",
        "place": "village",
        "source": "WRI_2005"
      },
      "geometry": {
        "type": "Point",
        "coordinates": [
          14.6835487,
          6.4862435
        ]
      },
      "id": "node/2462074297"
    },
    {
      "type": "Feature",
      "properties": {
        "@id": "node/2462074298",
        "name": "Ndoyo",
        "place": "village",
        "source": "WRI_2005"
      },
      "geometry": {
        "type": "Point",
        "coordinates": [
          12.7773286,
          6.3435972
        ]
      },
      "id": "node/2462074298"
    },
    {
      "type": "Feature",
      "properties": {
        "@id": "node/2462074302",
        "name": "Ngam",
        "place": "village",
        "source": "WRI_2005"
      },
      "geometry": {
        "type": "Point",
        "coordinates": [
          14.7360406,
          6.5462478
        ]
      },
      "id": "node/2462074302"
    },
    {
      "type": "Feature",
      "properties": {
        "@id": "node/2462074308",
        "name": "Ngaou Mbol Kognoli",
        "place": "village",
        "source": "WRI_2005"
      },
      "geometry": {
        "type": "Point",
        "coordinates": [
          13.5762412,
          6.9130589
        ]
      },
      "id": "node/2462074308"
    },
    {
      "type": "Feature",
      "properties": {
        "@id": "node/2462074313",
        "name": "Ngati",
        "place": "village",
        "source": "WRI_2005"
      },
      "geometry": {
        "type": "Point",
        "coordinates": [
          12.635552,
          6.5221987
        ]
      },
      "id": "node/2462074313"
    },
    {
      "type": "Feature",
      "properties": {
        "@id": "node/2462074314",
        "name": "Ngazi",
        "place": "village",
        "source": "WRI_2005"
      },
      "geometry": {
        "type": "Point",
        "coordinates": [
          14.5967985,
          6.5678145
        ]
      },
      "id": "node/2462074314"
    },
    {
      "type": "Feature",
      "properties": {
        "@id": "node/2462074324",
        "name": "Ngonbe",
        "place": "village",
        "source": "WRI_2005"
      },
      "geometry": {
        "type": "Point",
        "coordinates": [
          14.5952349,
          6.7483824
        ]
      },
      "id": "node/2462074324"
    },
    {
      "type": "Feature",
      "properties": {
        "@id": "node/2462074325",
        "name": "Ngonde",
        "place": "village",
        "source": "WRI_2005"
      },
      "geometry": {
        "type": "Point",
        "coordinates": [
          14.2604633,
          6.5743498
        ]
      },
      "id": "node/2462074325"
    },
    {
      "type": "Feature",
      "properties": {
        "@id": "node/2462074330",
        "fixme": "no imagery",
        "name": "Ngougla",
        "place": "village",
        "source": "WRI_2005"
      },
      "geometry": {
        "type": "Point",
        "coordinates": [
          14.6406901,
          6.6746174
        ]
      },
      "id": "node/2462074330"
    },
    {
      "type": "Feature",
      "properties": {
        "@id": "node/2462074340",
        "name": "Niasé Soukol",
        "place": "village",
        "source": "WRI_2005"
      },
      "geometry": {
        "type": "Point",
        "coordinates": [
          14.5266563,
          6.8869023
        ]
      },
      "id": "node/2462074340"
    },
    {
      "type": "Feature",
      "properties": {
        "@id": "node/2462074367",
        "fixme": "no imagery",
        "name": "Néminaka",
        "place": "village",
        "source": "WRI_2005"
      },
      "geometry": {
        "type": "Point",
        "coordinates": [
          14.1430025,
          6.8473176
        ]
      },
      "id": "node/2462074367"
    },
    {
      "type": "Feature",
      "properties": {
        "@id": "node/2462074368",
        "name": "Néminaka",
        "place": "village",
        "source": "WRI_2005"
      },
      "geometry": {
        "type": "Point",
        "coordinates": [
          14.0997598,
          6.8898016
        ]
      },
      "id": "node/2462074368"
    },
    {
      "type": "Feature",
      "properties": {
        "@id": "node/2462074373",
        "name": "Ouda",
        "place": "village",
        "source": "WRI_2005"
      },
      "geometry": {
        "type": "Point",
        "coordinates": [
          14.9048948,
          6.7660975
        ]
      },
      "id": "node/2462074373"
    },
    {
      "type": "Feature",
      "properties": {
        "@id": "node/2462074390",
        "name": "Oumarou Tikar",
        "place": "village",
        "source": "WRI_2005"
      },
      "geometry": {
        "type": "Point",
        "coordinates": [
          12.7739703,
          6.9971791
        ]
      },
      "id": "node/2462074390"
    },
    {
      "type": "Feature",
      "properties": {
        "@id": "node/2462074398",
        "name": "Pandjara",
        "place": "village",
        "source": "WRI_2005"
      },
      "geometry": {
        "type": "Point",
        "coordinates": [
          14.4269863,
          6.8973928
        ]
      },
      "id": "node/2462074398"
    },
    {
      "type": "Feature",
      "properties": {
        "@id": "node/2462074418",
        "name": "Sabon Gari",
        "place": "village",
        "source": "WRI_2005"
      },
      "geometry": {
        "type": "Point",
        "coordinates": [
          14.2659964,
          6.4773714
        ]
      },
      "id": "node/2462074418"
    },
    {
      "type": "Feature",
      "properties": {
        "@id": "node/2462074431",
        "fixme": "no imagery",
        "name": "Samaki",
        "place": "village",
        "source": "WRI_2005"
      },
      "geometry": {
        "type": "Point",
        "coordinates": [
          14.1480383,
          6.4725681
        ]
      },
      "id": "node/2462074431"
    },
    {
      "type": "Feature",
      "properties": {
        "@id": "node/2462074449",
        "name": "Sim I",
        "place": "village",
        "source": "WRI_2005"
      },
      "geometry": {
        "type": "Point",
        "coordinates": [
          13.5350659,
          6.3437111
        ]
      },
      "id": "node/2462074449"
    },
    {
      "type": "Feature",
      "properties": {
        "@id": "node/2462074453",
        "name": "Sim II",
        "place": "village",
        "source": "WRI_2005"
      },
      "geometry": {
        "type": "Point",
        "coordinates": [
          13.5008825,
          6.3746698
        ]
      },
      "id": "node/2462074453"
    },
    {
      "type": "Feature",
      "properties": {
        "@id": "node/2462074464",
        "fixme": "no imagery",
        "name": "Soukounga",
        "place": "village",
        "source": "WRI_2005"
      },
      "geometry": {
        "type": "Point",
        "coordinates": [
          14.121617,
          6.8575116
        ]
      },
      "id": "node/2462074464"
    },
    {
      "type": "Feature",
      "properties": {
        "@id": "node/2462074490",
        "fixme": "position",
        "name": "Tigoum",
        "place": "village",
        "source": "WRI_2005"
      },
      "geometry": {
        "type": "Point",
        "coordinates": [
          14.3937334,
          6.211172
        ]
      },
      "id": "node/2462074490"
    },
    {
      "type": "Feature",
      "properties": {
        "@id": "node/2462074533",
        "name": "Wadjiri",
        "place": "village",
        "source": "WRI_2005"
      },
      "geometry": {
        "type": "Point",
        "coordinates": [
          12.6433266,
          6.7939707
        ]
      },
      "id": "node/2462074533"
    },
    {
      "type": "Feature",
      "properties": {
        "@id": "node/2462074537",
        "name": "Wakaso",
        "place": "village",
        "source": "WRI_2005"
      },
      "geometry": {
        "type": "Point",
        "coordinates": [
          14.4844235,
          6.3117568
        ]
      },
      "id": "node/2462074537"
    },
    {
      "type": "Feature",
      "properties": {
        "@id": "node/2462074544",
        "name": "Wanden",
        "place": "village",
        "source": "WRI_2005"
      },
      "geometry": {
        "type": "Point",
        "coordinates": [
          14.1108494,
          6.8827074
        ]
      },
      "id": "node/2462074544"
    },
    {
      "type": "Feature",
      "properties": {
        "@id": "node/2462074548",
        "name": "Wandin",
        "place": "village",
        "source": "WRI_2005"
      },
      "geometry": {
        "type": "Point",
        "coordinates": [
          12.778542,
          6.3346141
        ]
      },
      "id": "node/2462074548"
    },
    {
      "type": "Feature",
      "properties": {
        "@id": "node/2462074551",
        "name": "Wankoro",
        "place": "village",
        "source": "WRI_2005"
      },
      "geometry": {
        "type": "Point",
        "coordinates": [
          14.5617309,
          6.3451156
        ]
      },
      "id": "node/2462074551"
    },
    {
      "type": "Feature",
      "properties": {
        "@id": "node/2462074559",
        "name": "Wasande Mama",
        "place": "village",
        "source": "WRI_2005"
      },
      "geometry": {
        "type": "Point",
        "coordinates": [
          14.5932836,
          6.3200331
        ]
      },
      "id": "node/2462074559"
    },
    {
      "type": "Feature",
      "properties": {
        "@id": "node/2462074569",
        "name": "Yafounou",
        "place": "village",
        "source": "WRI_2005"
      },
      "geometry": {
        "type": "Point",
        "coordinates": [
          14.6255049,
          6.7439073
        ]
      },
      "id": "node/2462074569"
    },
    {
      "type": "Feature",
      "properties": {
        "@id": "node/2503869978",
        "name": "Bélel",
        "name:ru": "Белель",
        "note": "rank=0 car chef lieu d'arrondissement",
        "place": "town",
        "rank": "0"
      },
      "geometry": {
        "type": "Point",
        "coordinates": [
          14.435865,
          7.05067
        ]
      },
      "id": "node/2503869978"
    },
    {
      "type": "Feature",
      "properties": {
        "@id": "node/2503925943",
        "name": "Mbé",
        "note": "rank=0 car chef lieu d'arrondissement",
        "place": "town",
        "rank": "0"
      },
      "geometry": {
        "type": "Point",
        "coordinates": [
          13.5937621,
          7.8587066
        ]
      },
      "id": "node/2503925943"
    },
    {
      "type": "Feature",
      "properties": {
        "@id": "node/2504042114",
        "name": "Mbalang-Djalingo",
        "place": "village"
      },
      "geometry": {
        "type": "Point",
        "coordinates": [
          13.7395727,
          7.3003371
        ]
      },
      "id": "node/2504042114"
    },
    {
      "type": "Feature",
      "properties": {
        "@id": "node/2504084274",
        "name": "Nidigou",
        "place": "village"
      },
      "geometry": {
        "type": "Point",
        "coordinates": [
          13.9352717,
          7.3673987
        ]
      },
      "id": "node/2504084274"
    },
    {
      "type": "Feature",
      "properties": {
        "@id": "node/2504084358",
        "alt_name": "Ngan'ha;Ngan'Ha;Ngang Ha;Ngangha",
        "name": "Nganha",
        "note": "rank=0 car chef lieu d'arrondissement",
        "place": "town",
        "rank": "0"
      },
      "geometry": {
        "type": "Point",
        "coordinates": [
          13.9286812,
          7.4357865
        ]
      },
      "id": "node/2504084358"
    },
    {
      "type": "Feature",
      "properties": {
        "@id": "node/2504092957",
        "name": "Mbalang-Sanga",
        "place": "village"
      },
      "geometry": {
        "type": "Point",
        "coordinates": [
          13.9808848,
          7.2623256
        ]
      },
      "id": "node/2504092957"
    },
    {
      "type": "Feature",
      "properties": {
        "@id": "node/2504092961",
        "name": "Tourningal",
        "note": "Town retained for rural electrification of via expansion of the Cameroon power grid",
        "place": "village",
        "website": "https://www.minee.cm/uploads/pdf/CGES.pdf"
      },
      "geometry": {
        "type": "Point",
        "coordinates": [
          14.0007329,
          7.2468674
        ]
      },
      "id": "node/2504092961"
    },
    {
      "type": "Feature",
      "properties": {
        "@id": "node/2504100174",
        "name": "Mbang-Mboum",
        "place": "village"
      },
      "geometry": {
        "type": "Point",
        "coordinates": [
          13.8381584,
          7.5148547
        ]
      },
      "id": "node/2504100174"
    },
    {
      "type": "Feature",
      "properties": {
        "@id": "node/2504100177",
        "name": "Mbaossi",
        "place": "village"
      },
      "geometry": {
        "type": "Point",
        "coordinates": [
          13.8988992,
          7.5310476
        ]
      },
      "id": "node/2504100177"
    },
    {
      "type": "Feature",
      "properties": {
        "@id": "node/2504101201",
        "name": "Warak II",
        "place": "village"
      },
      "geometry": {
        "type": "Point",
        "coordinates": [
          13.8853074,
          7.5166132
        ]
      },
      "id": "node/2504101201"
    },
    {
      "type": "Feature",
      "properties": {
        "@id": "node/2504105015",
        "name": "Nom-Kandj",
        "place": "village"
      },
      "geometry": {
        "type": "Point",
        "coordinates": [
          13.9383649,
          7.5477275
        ]
      },
      "id": "node/2504105015"
    },
    {
      "type": "Feature",
      "properties": {
        "@id": "node/2504105016",
        "name": "Warak I",
        "place": "village"
      },
      "geometry": {
        "type": "Point",
        "coordinates": [
          13.9265117,
          7.5384811
        ]
      },
      "id": "node/2504105016"
    },
    {
      "type": "Feature",
      "properties": {
        "@id": "node/2504142377",
        "admin_level": "4",
        "capital": "4",
        "name": "Ngaoundéré",
        "name:ko": "응가운데레",
        "name:ru": "Нгаундере",
        "note": "place = City + rank = 0 car préfecture",
        "place": "city",
        "population": "903000",
        "rank": "0",
        "wikidata": "Q745906"
      },
      "geometry": {
        "type": "Point",
        "coordinates": [
          13.5878214,
          7.3211536
        ]
      },
      "id": "node/2504142377"
    },
    {
      "type": "Feature",
      "properties": {
        "@id": "node/2506136340",
        "name": "Nana",
        "place": "village"
      },
      "geometry": {
        "type": "Point",
        "coordinates": [
          14.0395047,
          7.4369157
        ]
      },
      "id": "node/2506136340"
    },
    {
      "type": "Feature",
      "properties": {
        "@id": "node/2506233045",
        "name": "Niasar",
        "place": "village"
      },
      "geometry": {
        "type": "Point",
        "coordinates": [
          14.0564002,
          7.5458468
        ]
      },
      "id": "node/2506233045"
    },
    {
      "type": "Feature",
      "properties": {
        "@id": "node/2506233048",
        "name": "Womi",
        "place": "village"
      },
      "geometry": {
        "type": "Point",
        "coordinates": [
          14.0196569,
          7.5149754
        ]
      },
      "id": "node/2506233048"
    },
    {
      "type": "Feature",
      "properties": {
        "@id": "node/2506242951",
        "name": "Nyambarang",
        "place": "village"
      },
      "geometry": {
        "type": "Point",
        "coordinates": [
          13.9625344,
          7.506966
        ]
      },
      "id": "node/2506242951"
    },
    {
      "type": "Feature",
      "properties": {
        "@id": "node/2815437735",
        "name": "Bawa",
        "place": "village"
      },
      "geometry": {
        "type": "Point",
        "coordinates": [
          13.3558719,
          7.2160088
        ]
      },
      "id": "node/2815437735"
    },
    {
      "type": "Feature",
      "properties": {
        "@id": "node/2858392638",
        "alt_name": "N'Gaoubela, Gaoubela",
        "name": "Ngaoubela",
        "place": "village",
        "wikidata": "Q1984152"
      },
      "geometry": {
        "type": "Point",
        "coordinates": [
          12.599495,
          6.524604
        ]
      },
      "id": "node/2858392638"
    },
    {
      "type": "Feature",
      "properties": {
        "@id": "node/2858393843",
        "name": "Gangoumi",
        "place": "village"
      },
      "geometry": {
        "type": "Point",
        "coordinates": [
          12.4081141,
          6.7375107
        ]
      },
      "id": "node/2858393843"
    },
    {
      "type": "Feature",
      "properties": {
        "@id": "node/2952080852",
        "place": "village"
      },
      "geometry": {
        "type": "Point",
        "coordinates": [
          12.9338241,
          7.3908569
        ]
      },
      "id": "node/2952080852"
    },
    {
      "type": "Feature",
      "properties": {
        "@id": "node/2961972728",
        "name": "Ngaoui",
        "note": "rank=0 car chef lieu d'arrondissement",
        "place": "town",
        "rank": "0",
        "source": "WRI_2005"
      },
      "geometry": {
        "type": "Point",
        "coordinates": [
          14.953291,
          6.7420692
        ]
      },
      "id": "node/2961972728"
    },
    {
      "type": "Feature",
      "properties": {
        "@id": "node/2961979938",
        "name": "Yamba",
        "note": "rank=0 car village frontière important",
        "place": "town",
        "rank": "0",
        "source": "GNS, Bing"
      },
      "geometry": {
        "type": "Point",
        "coordinates": [
          15.2057652,
          7.1074683
        ]
      },
      "id": "node/2961979938"
    },
    {
      "type": "Feature",
      "properties": {
        "@id": "node/2964133259",
        "name": "Tibati",
        "note": "rank=0 car chef lieu de département",
        "place": "city",
        "rank": "0",
        "wikidata": "Q2005262"
      },
      "geometry": {
        "type": "Point",
        "coordinates": [
          12.6251249,
          6.4658575
        ]
      },
      "id": "node/2964133259"
    },
    {
      "type": "Feature",
      "properties": {
        "@id": "node/3029482143",
        "GNS:dsg_code": "PPL",
        "GNS:dsg_string": "populated place",
        "GNS:id": "-3160033",
        "name": "Yarbang",
        "place": "town",
        "source": "GNS"
      },
      "geometry": {
        "type": "Point",
        "coordinates": [
          14.9616746,
          7.0128473
        ]
      },
      "id": "node/3029482143"
    },
    {
      "type": "Feature",
      "properties": {
        "@id": "node/3031804590",
        "GNS:dsg_code": "PPL",
        "GNS:dsg_string": "populated place",
        "GNS:id": "-3145756",
        "name": "Bagma",
        "place": "village",
        "source": "GNS"
      },
      "geometry": {
        "type": "Point",
        "coordinates": [
          14.9545081,
          7.0043462
        ]
      },
      "id": "node/3031804590"
    },
    {
      "type": "Feature",
      "properties": {
        "@id": "node/3031804591",
        "GNS:dsg_code": "PPL",
        "GNS:dsg_string": "populated place",
        "GNS:id": "-3146257",
        "name": "Batoua",
        "place": "village",
        "source": "GNS"
      },
      "geometry": {
        "type": "Point",
        "coordinates": [
          14.8936347,
          6.9520507
        ]
      },
      "id": "node/3031804591"
    },
    {
      "type": "Feature",
      "properties": {
        "@id": "node/3031804593",
        "GNS:dsg_code": "PPL",
        "GNS:dsg_string": "populated place",
        "GNS:id": "-3146987",
        "fixme": "no population estimate available, defaulted to village",
        "name": "Bita",
        "place": "village",
        "source": "GNS"
      },
      "geometry": {
        "type": "Point",
        "coordinates": [
          14.9898224,
          7.0118616
        ]
      },
      "id": "node/3031804593"
    },
    {
      "type": "Feature",
      "properties": {
        "@id": "node/3031804594",
        "GNS:dsg_code": "PPL",
        "GNS:dsg_string": "populated place",
        "GNS:id": "-3147310",
        "name": "Borgou",
        "place": "village",
        "source": "GNS"
      },
      "geometry": {
        "type": "Point",
        "coordinates": [
          14.8011916,
          6.9157833
        ]
      },
      "id": "node/3031804594"
    },
    {
      "type": "Feature",
      "properties": {
        "@id": "node/3031804596",
        "GNS:dsg_code": "PPL",
        "GNS:dsg_string": "populated place",
        "GNS:id": "-3148295",
        "name": "Doumta",
        "place": "village",
        "source": "GNS"
      },
      "geometry": {
        "type": "Point",
        "coordinates": [
          15.1627686,
          7.0975365
        ]
      },
      "id": "node/3031804596"
    },
    {
      "type": "Feature",
      "properties": {
        "@id": "node/3031804597",
        "GNS:dsg_code": "PPL",
        "GNS:dsg_string": "populated place",
        "GNS:id": "10336197",
        "name": "Gbabiri",
        "place": "village",
        "source": "GNS"
      },
      "geometry": {
        "type": "Point",
        "coordinates": [
          15.0900809,
          7.075643
        ]
      },
      "id": "node/3031804597"
    },
    {
      "type": "Feature",
      "properties": {
        "@id": "node/3031821312",
        "GNS:dsg_code": "PPL",
        "GNS:dsg_string": "populated place",
        "GNS:id": "-3159960",
        "name": "Yakekaina",
        "place": "village",
        "source": "GNS"
      },
      "geometry": {
        "type": "Point",
        "coordinates": [
          15.1034987,
          7.0765144
        ]
      },
      "id": "node/3031821312"
    },
    {
      "type": "Feature",
      "properties": {
        "@id": "node/3031821313",
        "GNS:dsg_code": "PPL",
        "GNS:dsg_string": "populated place",
        "GNS:id": "10336426",
        "name": "Yerombonde",
        "place": "village",
        "source": "GNS"
      },
      "geometry": {
        "type": "Point",
        "coordinates": [
          15.1253938,
          7.0777007
        ]
      },
      "id": "node/3031821313"
    },
    {
      "type": "Feature",
      "properties": {
        "@id": "node/3032154128",
        "GNS:dsg_code": "PPL",
        "GNS:dsg_string": "populated place",
        "GNS:id": "-3145427",
        "name": "Ardo Amadou",
        "place": "village",
        "source": "GNS"
      },
      "geometry": {
        "type": "Point",
        "coordinates": [
          14.536914,
          6.7620134
        ]
      },
      "id": "node/3032154128"
    },
    {
      "type": "Feature",
      "properties": {
        "@id": "node/3032154129",
        "GNS:dsg_code": "PPL",
        "GNS:dsg_string": "populated place",
        "GNS:id": "-3149930",
        "name": "Gouhigon",
        "place": "village",
        "source": "GNS"
      },
      "geometry": {
        "type": "Point",
        "coordinates": [
          14.509949,
          6.7350599
        ]
      },
      "id": "node/3032154129"
    },
    {
      "type": "Feature",
      "properties": {
        "@id": "node/3032154130",
        "GNS:dsg_code": "PPL",
        "GNS:dsg_string": "populated place",
        "GNS:id": "-3151260",
        "name": "Laende Mami",
        "place": "village",
        "source": "GNS"
      },
      "geometry": {
        "type": "Point",
        "coordinates": [
          14.5477805,
          6.7499069
        ]
      },
      "id": "node/3032154130"
    },
    {
      "type": "Feature",
      "properties": {
        "@id": "node/3032154131",
        "GNS:dsg_code": "PPL",
        "GNS:dsg_string": "populated place",
        "GNS:id": "-3151933",
        "name": "Madibo Marou",
        "place": "village",
        "source": "GNS"
      },
      "geometry": {
        "type": "Point",
        "coordinates": [
          14.5397321,
          6.7565097
        ]
      },
      "id": "node/3032154131"
    },
    {
      "type": "Feature",
      "properties": {
        "@id": "node/3032154132",
        "GNS:dsg_code": "PPL",
        "GNS:dsg_string": "populated place",
        "GNS:id": "-3156511",
        "name": "Ngoura",
        "place": "village",
        "source": "GNS"
      },
      "geometry": {
        "type": "Point",
        "coordinates": [
          14.481354,
          6.7450201
        ]
      },
      "id": "node/3032154132"
    },
    {
      "type": "Feature",
      "properties": {
        "@id": "node/3037426155",
        "name": "Ardo Gado",
        "place": "village"
      },
      "geometry": {
        "type": "Point",
        "coordinates": [
          14.1866399,
          6.7816679
        ]
      },
      "id": "node/3037426155"
    },
    {
      "type": "Feature",
      "properties": {
        "@id": "node/3037426163",
        "name": "Babongo",
        "place": "village"
      },
      "geometry": {
        "type": "Point",
        "coordinates": [
          14.1815092,
          6.807326
        ]
      },
      "id": "node/3037426163"
    },
    {
      "type": "Feature",
      "properties": {
        "@id": "node/3037426251",
        "name": "Barde",
        "place": "village"
      },
      "geometry": {
        "type": "Point",
        "coordinates": [
          14.235885,
          6.62198
        ]
      },
      "id": "node/3037426251"
    },
    {
      "type": "Feature",
      "properties": {
        "@id": "node/3037426270",
        "name": "Belel-Dibi",
        "place": "village"
      },
      "geometry": {
        "type": "Point",
        "coordinates": [
          13.7804325,
          7.0736997
        ]
      },
      "id": "node/3037426270"
    },
    {
      "type": "Feature",
      "properties": {
        "@id": "node/3037426274",
        "name": "Berem",
        "place": "village"
      },
      "geometry": {
        "type": "Point",
        "coordinates": [
          13.9270225,
          7.5472094
        ]
      },
      "id": "node/3037426274"
    },
    {
      "type": "Feature",
      "properties": {
        "@id": "node/3037426375",
        "name": "Béka-Managari",
        "note": "Town retained for rural electrification of via expansion of the Cameroon power grid",
        "place": "village",
        "website": "https://www.minee.cm/uploads/pdf/CGES.pdf",
        "wikidata": "Q65136514",
        "wikipedia": "fr:Beka-Mangari"
      },
      "geometry": {
        "type": "Point",
        "coordinates": [
          13.3133777,
          7.2872496
        ]
      },
      "id": "node/3037426375"
    },
    {
      "type": "Feature",
      "properties": {
        "@id": "node/3037426418",
        "name": "Dena",
        "place": "village"
      },
      "geometry": {
        "type": "Point",
        "coordinates": [
          13.84268,
          7.4781301
        ]
      },
      "id": "node/3037426418"
    },
    {
      "type": "Feature",
      "properties": {
        "@id": "node/3037426440",
        "name": "Djakaba",
        "place": "village"
      },
      "geometry": {
        "type": "Point",
        "coordinates": [
          14.1988439,
          6.751105
        ]
      },
      "id": "node/3037426440"
    },
    {
      "type": "Feature",
      "properties": {
        "@id": "node/3037426448",
        "name": "Djallo",
        "place": "village"
      },
      "geometry": {
        "type": "Point",
        "coordinates": [
          14.262719,
          6.482356
        ]
      },
      "id": "node/3037426448"
    },
    {
      "type": "Feature",
      "properties": {
        "@id": "node/3037426477",
        "name": "Djett",
        "place": "village"
      },
      "geometry": {
        "type": "Point",
        "coordinates": [
          13.581369,
          7.820425
        ]
      },
      "id": "node/3037426477"
    },
    {
      "type": "Feature",
      "properties": {
        "@id": "node/3037426517",
        "name": "Doua Yel",
        "place": "village"
      },
      "geometry": {
        "type": "Point",
        "coordinates": [
          14.2061551,
          6.7056601
        ]
      },
      "id": "node/3037426517"
    },
    {
      "type": "Feature",
      "properties": {
        "@id": "node/3037426568",
        "name": "Foufeke",
        "place": "village"
      },
      "geometry": {
        "type": "Point",
        "coordinates": [
          13.3590313,
          7.502127
        ]
      },
      "id": "node/3037426568"
    },
    {
      "type": "Feature",
      "properties": {
        "@id": "node/3037426573",
        "name": "Foundoy",
        "place": "village"
      },
      "geometry": {
        "type": "Point",
        "coordinates": [
          13.8454132,
          7.323319
        ]
      },
      "id": "node/3037426573"
    },
    {
      "type": "Feature",
      "properties": {
        "@id": "node/3037426574",
        "name": "Foundoye",
        "place": "village"
      },
      "geometry": {
        "type": "Point",
        "coordinates": [
          13.9929401,
          7.5004399
        ]
      },
      "id": "node/3037426574"
    },
    {
      "type": "Feature",
      "properties": {
        "@id": "node/3037426586",
        "name": "Galdi",
        "place": "village"
      },
      "geometry": {
        "type": "Point",
        "coordinates": [
          13.850997,
          7.0956996
        ]
      },
      "id": "node/3037426586"
    },
    {
      "type": "Feature",
      "properties": {
        "@id": "node/3037426587",
        "name": "Gale",
        "place": "village"
      },
      "geometry": {
        "type": "Point",
        "coordinates": [
          14.2604701,
          6.553453
        ]
      },
      "id": "node/3037426587"
    },
    {
      "type": "Feature",
      "properties": {
        "@id": "node/3037426609",
        "name": "Garga Limbona",
        "place": "village"
      },
      "geometry": {
        "type": "Point",
        "coordinates": [
          14.204255,
          6.728024
        ]
      },
      "id": "node/3037426609"
    },
    {
      "type": "Feature",
      "properties": {
        "@id": "node/3037426637",
        "name": "Gona",
        "place": "village"
      },
      "geometry": {
        "type": "Point",
        "coordinates": [
          13.9265843,
          7.3497579
        ]
      },
      "id": "node/3037426637"
    },
    {
      "type": "Feature",
      "properties": {
        "@id": "node/3037426643",
        "name": "Gop Noug",
        "place": "village"
      },
      "geometry": {
        "type": "Point",
        "coordinates": [
          13.688563,
          7.863538
        ]
      },
      "id": "node/3037426643"
    },
    {
      "type": "Feature",
      "properties": {
        "@id": "node/3037426662",
        "fixme": "no imagery",
        "name": "Goundjel",
        "place": "village"
      },
      "geometry": {
        "type": "Point",
        "coordinates": [
          14.1684368,
          7.265451
        ]
      },
      "id": "node/3037426662"
    },
    {
      "type": "Feature",
      "properties": {
        "@id": "node/3037426705",
        "name": "Harr",
        "place": "village"
      },
      "geometry": {
        "type": "Point",
        "coordinates": [
          13.54603,
          7.78215
        ]
      },
      "id": "node/3037426705"
    },
    {
      "type": "Feature",
      "properties": {
        "@id": "node/3037426724",
        "name": "Home Wato",
        "place": "village"
      },
      "geometry": {
        "type": "Point",
        "coordinates": [
          13.742536,
          7.804004
        ]
      },
      "id": "node/3037426724"
    },
    {
      "type": "Feature",
      "properties": {
        "@id": "node/3037426727",
        "name": "Hone Mbal 1",
        "place": "village"
      },
      "geometry": {
        "type": "Point",
        "coordinates": [
          13.7924039,
          7.3174329
        ]
      },
      "id": "node/3037426727"
    },
    {
      "type": "Feature",
      "properties": {
        "@id": "node/3037426741",
        "name": "Idool",
        "place": "village",
        "wikidata": "Q27317199"
      },
      "geometry": {
        "type": "Point",
        "coordinates": [
          14.1078398,
          7.1906917
        ]
      },
      "id": "node/3037426741"
    },
    {
      "type": "Feature",
      "properties": {
        "@id": "node/3037426776",
        "name": "Karna Manga",
        "place": "village"
      },
      "geometry": {
        "type": "Point",
        "coordinates": [
          13.5498301,
          7.7860199
        ]
      },
      "id": "node/3037426776"
    },
    {
      "type": "Feature",
      "properties": {
        "@id": "node/3037426777",
        "name": "Karna_petel",
        "place": "village"
      },
      "geometry": {
        "type": "Point",
        "coordinates": [
          13.5798109,
          7.813131
        ]
      },
      "id": "node/3037426777"
    },
    {
      "type": "Feature",
      "properties": {
        "@id": "node/3037426789",
        "name": "Kello",
        "place": "village"
      },
      "geometry": {
        "type": "Point",
        "coordinates": [
          14.139315,
          7.125148
        ]
      },
      "id": "node/3037426789"
    },
    {
      "type": "Feature",
      "properties": {
        "@id": "node/3037426829",
        "name": "Koobatse",
        "place": "village"
      },
      "geometry": {
        "type": "Point",
        "coordinates": [
          13.7735489,
          7.3155511
        ]
      },
      "id": "node/3037426829"
    },
    {
      "type": "Feature",
      "properties": {
        "@id": "node/3037426892",
        "name": "Lamido",
        "place": "village"
      },
      "geometry": {
        "type": "Point",
        "coordinates": [
          13.6319461,
          7.8470531
        ]
      },
      "id": "node/3037426892"
    },
    {
      "type": "Feature",
      "properties": {
        "@id": "node/3037426927",
        "name": "Likok",
        "place": "village",
        "wikidata": "Q26705811",
        "wikipedia": "fr:Likok"
      },
      "geometry": {
        "type": "Point",
        "coordinates": [
          13.2739228,
          7.2880136
        ]
      },
      "id": "node/3037426927"
    },
    {
      "type": "Feature",
      "properties": {
        "@id": "node/3037426937",
        "name": "Louga",
        "place": "village"
      },
      "geometry": {
        "type": "Point",
        "coordinates": [
          13.2088208,
          7.1071001
        ]
      },
      "id": "node/3037426937"
    },
    {
      "type": "Feature",
      "properties": {
        "@id": "node/3037426958",
        "name": "Léwa",
        "place": "village"
      },
      "geometry": {
        "type": "Point",
        "coordinates": [
          13.117203,
          6.973181
        ]
      },
      "id": "node/3037426958"
    },
    {
      "type": "Feature",
      "properties": {
        "@id": "node/3037426978",
        "name": "Malang",
        "place": "village"
      },
      "geometry": {
        "type": "Point",
        "coordinates": [
          13.5550734,
          7.4418089
        ]
      },
      "id": "node/3037426978"
    },
    {
      "type": "Feature",
      "properties": {
        "@id": "node/3037426999",
        "name": "Mandourou",
        "place": "village"
      },
      "geometry": {
        "type": "Point",
        "coordinates": [
          13.3028762,
          7.4818085
        ]
      },
      "id": "node/3037426999"
    },
    {
      "type": "Feature",
      "properties": {
        "@id": "node/3037427006",
        "ele": "1488",
        "name": "Mangoli",
        "place": "village"
      },
      "geometry": {
        "type": "Point",
        "coordinates": [
          14.0055379,
          7.0315397
        ]
      },
      "id": "node/3037427006"
    },
    {
      "type": "Feature",
      "properties": {
        "@id": "node/3037427007",
        "fixme": "no imagery",
        "name": "Mangom",
        "place": "village"
      },
      "geometry": {
        "type": "Point",
        "coordinates": [
          13.532778,
          6.9703609
        ]
      },
      "id": "node/3037427007"
    },
    {
      "type": "Feature",
      "properties": {
        "@id": "node/3037427017",
        "name": "Massa_bath",
        "place": "village"
      },
      "geometry": {
        "type": "Point",
        "coordinates": [
          13.9424328,
          7.547041
        ]
      },
      "id": "node/3037427017"
    },
    {
      "type": "Feature",
      "properties": {
        "@id": "node/3037427112",
        "name": "Mbang Sang",
        "place": "village"
      },
      "geometry": {
        "type": "Point",
        "coordinates": [
          13.7517541,
          7.30124
        ]
      },
      "id": "node/3037427112"
    },
    {
      "type": "Feature",
      "properties": {
        "@id": "node/3037427120",
        "name": "Mbarang",
        "place": "village"
      },
      "geometry": {
        "type": "Point",
        "coordinates": [
          13.8915732,
          7.3451278
        ]
      },
      "id": "node/3037427120"
    },
    {
      "type": "Feature",
      "properties": {
        "@id": "node/3037427129",
        "name": "Mbéré",
        "name:ar": "امبيري",
        "name:de": "Mbéré",
        "name:fr": "Mbéré",
        "place": "village"
      },
      "geometry": {
        "type": "Point",
        "coordinates": [
          14.0418511,
          6.973173
        ]
      },
      "id": "node/3037427129"
    },
    {
      "type": "Feature",
      "properties": {
        "@id": "node/3037427261",
        "name": "Mboudjou",
        "place": "village"
      },
      "geometry": {
        "type": "Point",
        "coordinates": [
          13.778901,
          7.321237
        ]
      },
      "id": "node/3037427261"
    },
    {
      "type": "Feature",
      "properties": {
        "@id": "node/3037427301",
        "fixme": "no imagery",
        "name": "Mogmo",
        "place": "village"
      },
      "geometry": {
        "type": "Point",
        "coordinates": [
          14.0808353,
          7.0999347
        ]
      },
      "id": "node/3037427301"
    },
    {
      "type": "Feature",
      "properties": {
        "@id": "node/3037427337",
        "fixme": "no imagery",
        "name": "Nandeke",
        "place": "village"
      },
      "geometry": {
        "type": "Point",
        "coordinates": [
          14.229752,
          6.4527011
        ]
      },
      "id": "node/3037427337"
    },
    {
      "type": "Feature",
      "properties": {
        "@id": "node/3037427371",
        "name": "Ngangueu",
        "place": "village"
      },
      "geometry": {
        "type": "Point",
        "coordinates": [
          13.812286,
          7.324982
        ]
      },
      "id": "node/3037427371"
    },
    {
      "type": "Feature",
      "properties": {
        "@id": "node/3037427373",
        "name": "Ngaoumbam",
        "place": "village"
      },
      "geometry": {
        "type": "Point",
        "coordinates": [
          13.809119,
          7.321834
        ]
      },
      "id": "node/3037427373"
    },
    {
      "type": "Feature",
      "properties": {
        "@id": "node/3037427374",
        "name": "Ngaoundjoum",
        "place": "village"
      },
      "geometry": {
        "type": "Point",
        "coordinates": [
          13.65462,
          7.853213
        ]
      },
      "id": "node/3037427374"
    },
    {
      "type": "Feature",
      "properties": {
        "@id": "node/3037427376",
        "name": "Ngaouyanga",
        "place": "village"
      },
      "geometry": {
        "type": "Point",
        "coordinates": [
          13.6065499,
          7.8994401
        ]
      },
      "id": "node/3037427376"
    },
    {
      "type": "Feature",
      "properties": {
        "@id": "node/3037427388",
        "name": "Ngorhieck",
        "place": "village"
      },
      "geometry": {
        "type": "Point",
        "coordinates": [
          13.738532,
          7.8256869
        ]
      },
      "id": "node/3037427388"
    },
    {
      "type": "Feature",
      "properties": {
        "@id": "node/3037427394",
        "name": "Nguessek Ngaø",
        "place": "village"
      },
      "geometry": {
        "type": "Point",
        "coordinates": [
          13.6934701,
          7.8569369
        ]
      },
      "id": "node/3037427394"
    },
    {
      "type": "Feature",
      "properties": {
        "@id": "node/3037427401",
        "name": "Nyadou",
        "place": "village"
      },
      "geometry": {
        "type": "Point",
        "coordinates": [
          13.7988331,
          7.7298879
        ]
      },
      "id": "node/3037427401"
    },
    {
      "type": "Feature",
      "properties": {
        "@id": "node/3037427402",
        "name": "Nyassar Petit",
        "place": "village"
      },
      "geometry": {
        "type": "Point",
        "coordinates": [
          13.912853,
          7.348698
        ]
      },
      "id": "node/3037427402"
    },
    {
      "type": "Feature",
      "properties": {
        "@id": "node/3037427404",
        "name": "Nyassar",
        "place": "village"
      },
      "geometry": {
        "type": "Point",
        "coordinates": [
          14.03181,
          7.53021
        ]
      },
      "id": "node/3037427404"
    },
    {
      "type": "Feature",
      "properties": {
        "@id": "node/3037427441",
        "name": "Ouro Haørou",
        "place": "village"
      },
      "geometry": {
        "type": "Point",
        "coordinates": [
          13.7599999,
          7.304029
        ]
      },
      "id": "node/3037427441"
    },
    {
      "type": "Feature",
      "properties": {
        "@id": "node/3037427444",
        "name": "Ouro Kesso",
        "place": "village"
      },
      "geometry": {
        "type": "Point",
        "coordinates": [
          13.6229332,
          7.846503
        ]
      },
      "id": "node/3037427444"
    },
    {
      "type": "Feature",
      "properties": {
        "@id": "node/3037427536",
        "name": "Djaouro-Ndekaou",
        "place": "village"
      },
      "geometry": {
        "type": "Point",
        "coordinates": [
          13.0616882,
          7.3829149
        ]
      },
      "id": "node/3037427536"
    },
    {
      "type": "Feature",
      "properties": {
        "@id": "node/3037427548",
        "name": "Petit_wame",
        "place": "village"
      },
      "geometry": {
        "type": "Point",
        "coordinates": [
          14.05805,
          7.5427999
        ]
      },
      "id": "node/3037427548"
    },
    {
      "type": "Feature",
      "properties": {
        "@id": "node/3037427607",
        "name": "Sassa Garda",
        "place": "village"
      },
      "geometry": {
        "type": "Point",
        "coordinates": [
          13.7660699,
          7.7403349
        ]
      },
      "id": "node/3037427607"
    },
    {
      "type": "Feature",
      "properties": {
        "@id": "node/3037427755",
        "name": "Tagboum",
        "place": "village"
      },
      "geometry": {
        "type": "Point",
        "coordinates": [
          13.7388989,
          7.76443
        ]
      },
      "id": "node/3037427755"
    },
    {
      "type": "Feature",
      "properties": {
        "@id": "node/3037427801",
        "name": "Tello",
        "place": "village"
      },
      "geometry": {
        "type": "Point",
        "coordinates": [
          14.18296,
          7.1757811
        ]
      },
      "id": "node/3037427801"
    },
    {
      "type": "Feature",
      "properties": {
        "@id": "node/3037427853",
        "name": "Vorgne Sans Fou",
        "place": "village"
      },
      "geometry": {
        "type": "Point",
        "coordinates": [
          13.700155,
          7.85312
        ]
      },
      "id": "node/3037427853"
    },
    {
      "type": "Feature",
      "properties": {
        "@id": "node/3037427854",
        "name": "Vourgneck Maboum",
        "place": "village"
      },
      "geometry": {
        "type": "Point",
        "coordinates": [
          13.737487,
          7.7907629
        ]
      },
      "id": "node/3037427854"
    },
    {
      "type": "Feature",
      "properties": {
        "@id": "node/3037427874",
        "name": "Wame",
        "place": "village"
      },
      "geometry": {
        "type": "Point",
        "coordinates": [
          14.0167199,
          7.51268
        ]
      },
      "id": "node/3037427874"
    },
    {
      "type": "Feature",
      "properties": {
        "@id": "node/3037427881",
        "name": "Wassande Barriere",
        "place": "village"
      },
      "geometry": {
        "type": "Point",
        "coordinates": [
          14.0231531,
          7.0652811
        ]
      },
      "id": "node/3037427881"
    },
    {
      "type": "Feature",
      "properties": {
        "@id": "node/3037427882",
        "name": "Wassande",
        "place": "village"
      },
      "geometry": {
        "type": "Point",
        "coordinates": [
          14.057215,
          7.0943529
        ]
      },
      "id": "node/3037427882"
    },
    {
      "type": "Feature",
      "properties": {
        "@id": "node/3037427887",
        "name": "Weme Grand",
        "place": "village"
      },
      "geometry": {
        "type": "Point",
        "coordinates": [
          13.8717331,
          7.3367809
        ]
      },
      "id": "node/3037427887"
    },
    {
      "type": "Feature",
      "properties": {
        "@id": "node/3037427912",
        "name": "Yelwa",
        "place": "village"
      },
      "geometry": {
        "type": "Point",
        "coordinates": [
          13.7848979,
          7.3213349
        ]
      },
      "id": "node/3037427912"
    },
    {
      "type": "Feature",
      "properties": {
        "@id": "node/3037427913",
        "name": "Yenwa Koubadje",
        "place": "village"
      },
      "geometry": {
        "type": "Point",
        "coordinates": [
          13.9521398,
          7.48302
        ]
      },
      "id": "node/3037427913"
    },
    {
      "type": "Feature",
      "properties": {
        "@id": "node/3037751248",
        "name": "Bantadje",
        "place": "village"
      },
      "geometry": {
        "type": "Point",
        "coordinates": [
          12.555738,
          6.617673
        ]
      },
      "id": "node/3037751248"
    },
    {
      "type": "Feature",
      "properties": {
        "@id": "node/3037751250",
        "name": "Beka",
        "place": "village"
      },
      "geometry": {
        "type": "Point",
        "coordinates": [
          14.3623732,
          6.1324359
        ]
      },
      "id": "node/3037751250"
    },
    {
      "type": "Feature",
      "properties": {
        "@id": "node/3037751251",
        "landuse": "meadow",
        "name": "Beka",
        "place": "village"
      },
      "geometry": {
        "type": "Point",
        "coordinates": [
          12.43494,
          6.24386
        ]
      },
      "id": "node/3037751251"
    },
    {
      "type": "Feature",
      "properties": {
        "@id": "node/3037751259",
        "name": "Bissao",
        "place": "village"
      },
      "geometry": {
        "type": "Point",
        "coordinates": [
          13.065219,
          6.419769
        ]
      },
      "id": "node/3037751259"
    },
    {
      "type": "Feature",
      "properties": {
        "@id": "node/3037751263",
        "name": "Bobodji",
        "place": "village"
      },
      "geometry": {
        "type": "Point",
        "coordinates": [
          13.009999,
          6.5899999
        ]
      },
      "id": "node/3037751263"
    },
    {
      "type": "Feature",
      "properties": {
        "@id": "node/3037751270",
        "landuse": "meadow",
        "name": "Boninting",
        "place": "village"
      },
      "geometry": {
        "type": "Point",
        "coordinates": [
          12.45181,
          6.22408
        ]
      },
      "id": "node/3037751270"
    },
    {
      "type": "Feature",
      "properties": {
        "@id": "node/3037751273",
        "name": "Bourle",
        "place": "village"
      },
      "geometry": {
        "type": "Point",
        "coordinates": [
          12.552845,
          7.108104
        ]
      },
      "id": "node/3037751273"
    },
    {
      "type": "Feature",
      "properties": {
        "@id": "node/3037751274",
        "name": "Danfili",
        "place": "village"
      },
      "geometry": {
        "type": "Point",
        "coordinates": [
          13.012682,
          6.607735
        ]
      },
      "id": "node/3037751274"
    },
    {
      "type": "Feature",
      "properties": {
        "@id": "node/3037751276",
        "name": "Demgoya",
        "place": "village"
      },
      "geometry": {
        "type": "Point",
        "coordinates": [
          13.1189389,
          6.4615861
        ]
      },
      "id": "node/3037751276"
    },
    {
      "type": "Feature",
      "properties": {
        "@id": "node/3037751278",
        "name": "Diarofio",
        "place": "village"
      },
      "geometry": {
        "type": "Point",
        "coordinates": [
          14.3906191,
          6.220504
        ]
      },
      "id": "node/3037751278"
    },
    {
      "type": "Feature",
      "properties": {
        "@id": "node/3037751279",
        "name": "Diel",
        "place": "village"
      },
      "geometry": {
        "type": "Point",
        "coordinates": [
          15.0185531,
          6.7922411
        ]
      },
      "id": "node/3037751279"
    },
    {
      "type": "Feature",
      "properties": {
        "@id": "node/3037751283",
        "name": "Dissa Ade",
        "place": "village"
      },
      "geometry": {
        "type": "Point",
        "coordinates": [
          12.548619,
          7.076806
        ]
      },
      "id": "node/3037751283"
    },
    {
      "type": "Feature",
      "properties": {
        "@id": "node/3037751284",
        "name": "Djonbi",
        "place": "village"
      },
      "geometry": {
        "type": "Point",
        "coordinates": [
          12.612046,
          6.696899
        ]
      },
      "id": "node/3037751284"
    },
    {
      "type": "Feature",
      "properties": {
        "@id": "node/3037751287",
        "name": "Ebembara",
        "place": "village"
      },
      "geometry": {
        "type": "Point",
        "coordinates": [
          14.370345,
          6.243573
        ]
      },
      "id": "node/3037751287"
    },
    {
      "type": "Feature",
      "properties": {
        "@id": "node/3037751295",
        "name": "Fébadi",
        "place": "village"
      },
      "geometry": {
        "type": "Point",
        "coordinates": [
          13.072279,
          6.595254
        ]
      },
      "id": "node/3037751295"
    },
    {
      "type": "Feature",
      "properties": {
        "@id": "node/3037751297",
        "landuse": "meadow",
        "name": "Gangtang",
        "place": "village"
      },
      "geometry": {
        "type": "Point",
        "coordinates": [
          12.46504,
          6.2099799
        ]
      },
      "id": "node/3037751297"
    },
    {
      "type": "Feature",
      "properties": {
        "@id": "node/3037751302",
        "name": "Golori",
        "place": "village"
      },
      "geometry": {
        "type": "Point",
        "coordinates": [
          14.0903392,
          6.332567
        ]
      },
      "id": "node/3037751302"
    },
    {
      "type": "Feature",
      "properties": {
        "@id": "node/3037751304",
        "name": "Hossere Koba",
        "place": "village"
      },
      "geometry": {
        "type": "Point",
        "coordinates": [
          12.566461,
          6.654196
        ]
      },
      "id": "node/3037751304"
    },
    {
      "type": "Feature",
      "properties": {
        "@id": "node/3037751308",
        "name": "Kaka",
        "place": "village"
      },
      "geometry": {
        "type": "Point",
        "coordinates": [
          14.0944871,
          6.2767879
        ]
      },
      "id": "node/3037751308"
    },
    {
      "type": "Feature",
      "properties": {
        "@id": "node/3037751309",
        "name": "Kandje",
        "place": "village"
      },
      "geometry": {
        "type": "Point",
        "coordinates": [
          12.8818109,
          6.597304
        ]
      },
      "id": "node/3037751309"
    },
    {
      "type": "Feature",
      "properties": {
        "@id": "node/3037751310",
        "name": "Kassa",
        "place": "village"
      },
      "geometry": {
        "type": "Point",
        "coordinates": [
          13.0472572,
          6.386496
        ]
      },
      "id": "node/3037751310"
    },
    {
      "type": "Feature",
      "properties": {
        "@id": "node/3037751320",
        "name": "Lainde Ngounda",
        "place": "village"
      },
      "geometry": {
        "type": "Point",
        "coordinates": [
          12.6185747,
          6.983328
        ]
      },
      "id": "node/3037751320"
    },
    {
      "type": "Feature",
      "properties": {
        "@id": "node/3037751324",
        "alt_name": "Lainde Gounda",
        "name": "Laygack Gouda",
        "place": "village"
      },
      "geometry": {
        "type": "Point",
        "coordinates": [
          12.6148329,
          6.9901528
        ]
      },
      "id": "node/3037751324"
    },
    {
      "type": "Feature",
      "properties": {
        "@id": "node/3037751327",
        "name": "Mafo",
        "place": "village"
      },
      "geometry": {
        "type": "Point",
        "coordinates": [
          12.679753,
          6.805748
        ]
      },
      "id": "node/3037751327"
    },
    {
      "type": "Feature",
      "properties": {
        "@id": "node/3037751328",
        "name": "Magbor",
        "place": "village"
      },
      "geometry": {
        "type": "Point",
        "coordinates": [
          13.191043,
          6.490292
        ]
      },
      "id": "node/3037751328"
    },
    {
      "type": "Feature",
      "properties": {
        "@id": "node/3037751329",
        "name": "Maka Boubala",
        "place": "village"
      },
      "geometry": {
        "type": "Point",
        "coordinates": [
          12.6755798,
          6.843579
        ]
      },
      "id": "node/3037751329"
    },
    {
      "type": "Feature",
      "properties": {
        "@id": "node/3037751330",
        "landuse": "meadow",
        "name": "Makadaou",
        "place": "village"
      },
      "geometry": {
        "type": "Point",
        "coordinates": [
          12.38351,
          6.26369
        ]
      },
      "id": "node/3037751330"
    },
    {
      "type": "Feature",
      "properties": {
        "@id": "node/3037751331",
        "name": "Makop",
        "place": "village"
      },
      "geometry": {
        "type": "Point",
        "coordinates": [
          12.6388001,
          6.546081
        ]
      },
      "id": "node/3037751331"
    },
    {
      "type": "Feature",
      "properties": {
        "@id": "node/3037751332",
        "name": "Mandjara",
        "place": "village"
      },
      "geometry": {
        "type": "Point",
        "coordinates": [
          12.9726421,
          6.6015689
        ]
      },
      "id": "node/3037751332"
    },
    {
      "type": "Feature",
      "properties": {
        "@id": "node/3037751434",
        "name": "Martap",
        "place": "village"
      },
      "geometry": {
        "type": "Point",
        "coordinates": [
          13.0299998,
          6.5399979
        ]
      },
      "id": "node/3037751434"
    },
    {
      "type": "Feature",
      "properties": {
        "@id": "node/3037751437",
        "name": "Mbale",
        "place": "village"
      },
      "geometry": {
        "type": "Point",
        "coordinates": [
          14.377883,
          6.160231
        ]
      },
      "id": "node/3037751437"
    },
    {
      "type": "Feature",
      "properties": {
        "@id": "node/3037751442",
        "name": "Mbella Assom",
        "place": "village"
      },
      "geometry": {
        "type": "Point",
        "coordinates": [
          12.983927,
          6.608424
        ]
      },
      "id": "node/3037751442"
    },
    {
      "type": "Feature",
      "properties": {
        "@id": "node/3037751443",
        "name": "Mbikini",
        "place": "village"
      },
      "geometry": {
        "type": "Point",
        "coordinates": [
          12.3055139,
          6.5595049
        ]
      },
      "id": "node/3037751443"
    },
    {
      "type": "Feature",
      "properties": {
        "@id": "node/3037751461",
        "name": "Meng",
        "place": "village"
      },
      "geometry": {
        "type": "Point",
        "coordinates": [
          12.5991,
          6.5060529
        ]
      },
      "id": "node/3037751461"
    },
    {
      "type": "Feature",
      "properties": {
        "@id": "node/3037751462",
        "name": "Mengak",
        "place": "village"
      },
      "geometry": {
        "type": "Point",
        "coordinates": [
          12.5099544,
          6.5046155
        ]
      },
      "id": "node/3037751462"
    },
    {
      "type": "Feature",
      "properties": {
        "@id": "node/3037751468",
        "name": "Minim",
        "place": "village"
      },
      "geometry": {
        "type": "Point",
        "coordinates": [
          12.5200001,
          6.580004
        ]
      },
      "id": "node/3037751468"
    },
    {
      "type": "Feature",
      "properties": {
        "@id": "node/3037751483",
        "landuse": "meadow",
        "name": "Naskoul",
        "place": "village"
      },
      "geometry": {
        "type": "Point",
        "coordinates": [
          12.4637699,
          6.21574
        ]
      },
      "id": "node/3037751483"
    },
    {
      "type": "Feature",
      "properties": {
        "@id": "node/3037751484",
        "name": "Nbamti",
        "place": "village"
      },
      "geometry": {
        "type": "Point",
        "coordinates": [
          12.0113549,
          6.6842791
        ]
      },
      "id": "node/3037751484"
    },
    {
      "type": "Feature",
      "properties": {
        "@id": "node/3037751493",
        "name": "Ngankombol",
        "place": "village"
      },
      "geometry": {
        "type": "Point",
        "coordinates": [
          14.360328,
          6.2650529
        ]
      },
      "id": "node/3037751493"
    },
    {
      "type": "Feature",
      "properties": {
        "@id": "node/3037751495",
        "name": "Ngatt",
        "place": "village"
      },
      "geometry": {
        "type": "Point",
        "coordinates": [
          12.801627,
          6.573787
        ]
      },
      "id": "node/3037751495"
    },
    {
      "type": "Feature",
      "properties": {
        "@id": "node/3037751497",
        "name": "Nguesseck Quest",
        "place": "village"
      },
      "geometry": {
        "type": "Point",
        "coordinates": [
          13.4336279,
          6.196162
        ]
      },
      "id": "node/3037751497"
    },
    {
      "type": "Feature",
      "properties": {
        "@id": "node/3037751498",
        "fixme": "no imagery",
        "name": "Nguibassal",
        "place": "village"
      },
      "geometry": {
        "type": "Point",
        "coordinates": [
          14.1721081,
          6.2025701
        ]
      },
      "id": "node/3037751498"
    },
    {
      "type": "Feature",
      "properties": {
        "@id": "node/3037751502",
        "name": "Nsonga",
        "place": "village"
      },
      "geometry": {
        "type": "Point",
        "coordinates": [
          14.2226302,
          6.1822889
        ]
      },
      "id": "node/3037751502"
    },
    {
      "type": "Feature",
      "properties": {
        "@id": "node/3037751514",
        "name": "Pang",
        "place": "village"
      },
      "geometry": {
        "type": "Point",
        "coordinates": [
          12.653635,
          6.909101
        ]
      },
      "id": "node/3037751514"
    },
    {
      "type": "Feature",
      "properties": {
        "@id": "node/3037751519",
        "name": "Sagmassa",
        "place": "village"
      },
      "geometry": {
        "type": "Point",
        "coordinates": [
          13.0515869,
          6.3600839
        ]
      },
      "id": "node/3037751519"
    },
    {
      "type": "Feature",
      "properties": {
        "@id": "node/3037751521",
        "name": "Salassa",
        "place": "village"
      },
      "geometry": {
        "type": "Point",
        "coordinates": [
          12.391825,
          6.5277201
        ]
      },
      "id": "node/3037751521"
    },
    {
      "type": "Feature",
      "properties": {
        "@id": "node/3037751522",
        "name": "Sarmale",
        "place": "village"
      },
      "geometry": {
        "type": "Point",
        "coordinates": [
          13.009999,
          6.5999991
        ]
      },
      "id": "node/3037751522"
    },
    {
      "type": "Feature",
      "properties": {
        "@id": "node/3037751524",
        "name": "Sibongo",
        "place": "village"
      },
      "geometry": {
        "type": "Point",
        "coordinates": [
          14.289561,
          6.144709
        ]
      },
      "id": "node/3037751524"
    },
    {
      "type": "Feature",
      "properties": {
        "@id": "node/3037751526",
        "name": "Somapan",
        "place": "village"
      },
      "geometry": {
        "type": "Point",
        "coordinates": [
          14.2519709,
          6.179107
        ]
      },
      "id": "node/3037751526"
    },
    {
      "type": "Feature",
      "properties": {
        "@id": "node/3037751527",
        "name": "Song Pova",
        "place": "village"
      },
      "geometry": {
        "type": "Point",
        "coordinates": [
          14.2088962,
          6.192677
        ]
      },
      "id": "node/3037751527"
    },
    {
      "type": "Feature",
      "properties": {
        "@id": "node/3037751635",
        "name": "Zombi Mahaba",
        "place": "village"
      },
      "geometry": {
        "type": "Point",
        "coordinates": [
          12.5700008,
          6.589996
        ]
      },
      "id": "node/3037751635"
    },
    {
      "type": "Feature",
      "properties": {
        "@id": "node/3037751636",
        "landuse": "meadow",
        "name": "Zougore",
        "place": "village"
      },
      "geometry": {
        "type": "Point",
        "coordinates": [
          12.37099,
          6.2660199
        ]
      },
      "id": "node/3037751636"
    },
    {
      "type": "Feature",
      "properties": {
        "@id": "node/3040028731",
        "name": "Mbondjanga or Bodjanga",
        "place": "village"
      },
      "geometry": {
        "type": "Point",
        "coordinates": [
          11.5042129,
          6.4088131
        ]
      },
      "id": "node/3040028731"
    },
    {
      "type": "Feature",
      "properties": {
        "@id": "node/3040034936",
        "name": "Fivouri",
        "place": "village"
      },
      "geometry": {
        "type": "Point",
        "coordinates": [
          11.309247,
          6.4549409
        ]
      },
      "id": "node/3040034936"
    },
    {
      "type": "Feature",
      "properties": {
        "@id": "node/3040034944",
        "name": "Kila",
        "place": "village"
      },
      "geometry": {
        "type": "Point",
        "coordinates": [
          11.3184529,
          6.458514
        ]
      },
      "id": "node/3040034944"
    },
    {
      "type": "Feature",
      "properties": {
        "@id": "node/3040034950",
        "name": "Lingam",
        "place": "village"
      },
      "geometry": {
        "type": "Point",
        "coordinates": [
          11.3551499,
          6.4213421
        ]
      },
      "id": "node/3040034950"
    },
    {
      "type": "Feature",
      "properties": {
        "@id": "node/3040034952",
        "name": "Malen Amadou",
        "place": "village"
      },
      "geometry": {
        "type": "Point",
        "coordinates": [
          11.3585159,
          6.4381111
        ]
      },
      "id": "node/3040034952"
    },
    {
      "type": "Feature",
      "properties": {
        "@id": "node/3040034969",
        "name": "Nyamboya",
        "place": "village"
      },
      "geometry": {
        "type": "Point",
        "coordinates": [
          11.5783402,
          6.289632
        ]
      },
      "id": "node/3040034969"
    },
    {
      "type": "Feature",
      "properties": {
        "@id": "node/3040034971",
        "name": "Petit Atta",
        "place": "village"
      },
      "geometry": {
        "type": "Point",
        "coordinates": [
          11.305319,
          6.455754
        ]
      },
      "id": "node/3040034971"
    },
    {
      "type": "Feature",
      "properties": {
        "@id": "node/3040034972",
        "name": "Sonkolong",
        "place": "village"
      },
      "geometry": {
        "type": "Point",
        "coordinates": [
          11.320709,
          6.405422
        ]
      },
      "id": "node/3040034972"
    },
    {
      "type": "Feature",
      "properties": {
        "@id": "node/3040034976",
        "name": "Tchamba",
        "name:fr": "Carrefour Njanga",
        "place": "village"
      },
      "geometry": {
        "type": "Point",
        "coordinates": [
          11.4854072,
          6.3662797
        ]
      },
      "id": "node/3040034976"
    },
    {
      "type": "Feature",
      "properties": {
        "@id": "node/3370226720",
        "name": "Djoundé",
        "place": "village"
      },
      "geometry": {
        "type": "Point",
        "coordinates": [
          13.3164095,
          6.6377021
        ]
      },
      "id": "node/3370226720"
    },
    {
      "type": "Feature",
      "properties": {
        "@id": "node/3392846092",
        "place": "village"
      },
      "geometry": {
        "type": "Point",
        "coordinates": [
          12.957277,
          6.3463647
        ]
      },
      "id": "node/3392846092"
    },
    {
      "type": "Feature",
      "properties": {
        "@id": "node/3393592067",
        "name": "Mbiasoro",
        "place": "village"
      },
      "geometry": {
        "type": "Point",
        "coordinates": [
          13.4471281,
          7.3376503
        ]
      },
      "id": "node/3393592067"
    },
    {
      "type": "Feature",
      "properties": {
        "@id": "node/3393592068",
        "name": "Toumbouroum",
        "place": "village",
        "wikidata": "Q26705815",
        "wikipedia": "fr:Toumbouroum"
      },
      "geometry": {
        "type": "Point",
        "coordinates": [
          13.3985983,
          7.3222384
        ]
      },
      "id": "node/3393592068"
    },
    {
      "type": "Feature",
      "properties": {
        "@id": "node/3830077657",
        "name": "Bekti",
        "place": "village"
      },
      "geometry": {
        "type": "Point",
        "coordinates": [
          12.3000128,
          7.6874312
        ]
      },
      "id": "node/3830077657"
    },
    {
      "type": "Feature",
      "properties": {
        "@id": "node/3830077658",
        "name": "Djallo",
        "place": "village"
      },
      "geometry": {
        "type": "Point",
        "coordinates": [
          12.2067909,
          7.6915066
        ]
      },
      "id": "node/3830077658"
    },
    {
      "type": "Feature",
      "properties": {
        "@id": "node/3830077659",
        "name": "Dodéo",
        "place": "village"
      },
      "geometry": {
        "type": "Point",
        "coordinates": [
          12.0686447,
          7.4659965
        ]
      },
      "id": "node/3830077659"
    },
    {
      "type": "Feature",
      "properties": {
        "@id": "node/3830078614",
        "place": "village"
      },
      "geometry": {
        "type": "Point",
        "coordinates": [
          12.069472,
          7.4881167
        ]
      },
      "id": "node/3830078614"
    },
    {
      "type": "Feature",
      "properties": {
        "@id": "node/3830079048",
        "place": "village"
      },
      "geometry": {
        "type": "Point",
        "coordinates": [
          13.5304787,
          7.5489132
        ]
      },
      "id": "node/3830079048"
    },
    {
      "type": "Feature",
      "properties": {
        "@id": "node/3832378885",
        "name": "Woulde",
        "place": "village"
      },
      "geometry": {
        "type": "Point",
        "coordinates": [
          12.4651939,
          7.4456788
        ]
      },
      "id": "node/3832378885"
    },
    {
      "type": "Feature",
      "properties": {
        "@id": "node/3832379513",
        "place": "village"
      },
      "geometry": {
        "type": "Point",
        "coordinates": [
          12.5196109,
          7.3400712
        ]
      },
      "id": "node/3832379513"
    },
    {
      "type": "Feature",
      "properties": {
        "@id": "node/3833983416",
        "place": "village"
      },
      "geometry": {
        "type": "Point",
        "coordinates": [
          13.5046669,
          7.3835014
        ]
      },
      "id": "node/3833983416"
    },
    {
      "type": "Feature",
      "properties": {
        "@id": "node/4193404882",
        "name": "Madjer Malia",
        "place": "village"
      },
      "geometry": {
        "type": "Point",
        "coordinates": [
          13.7388828,
          7.432541
        ]
      },
      "id": "node/4193404882"
    },
    {
      "type": "Feature",
      "properties": {
        "@id": "node/4193406817",
        "name": "Tindang",
        "place": "village"
      },
      "geometry": {
        "type": "Point",
        "coordinates": [
          13.7330084,
          7.4534467
        ]
      },
      "id": "node/4193406817"
    },
    {
      "type": "Feature",
      "properties": {
        "@id": "node/4193410206",
        "name": "Mbang Foulbé",
        "place": "village"
      },
      "geometry": {
        "type": "Point",
        "coordinates": [
          13.7241652,
          7.4705648
        ]
      },
      "id": "node/4193410206"
    },
    {
      "type": "Feature",
      "properties": {
        "@id": "node/4193410715",
        "name": "Ndouar",
        "place": "village"
      },
      "geometry": {
        "type": "Point",
        "coordinates": [
          13.7645997,
          7.453744
        ]
      },
      "id": "node/4193410715"
    },
    {
      "type": "Feature",
      "properties": {
        "@id": "node/4193413224",
        "name": "Sanga",
        "place": "village"
      },
      "geometry": {
        "type": "Point",
        "coordinates": [
          13.8289179,
          7.4819593
        ]
      },
      "id": "node/4193413224"
    },
    {
      "type": "Feature",
      "properties": {
        "@id": "node/4193414850",
        "name": "Mabarang",
        "place": "village"
      },
      "geometry": {
        "type": "Point",
        "coordinates": [
          13.8263142,
          7.5317996
        ]
      },
      "id": "node/4193414850"
    },
    {
      "type": "Feature",
      "properties": {
        "@id": "node/4193415563",
        "name": "Bizoro",
        "place": "village"
      },
      "geometry": {
        "type": "Point",
        "coordinates": [
          13.8597074,
          7.5084456
        ]
      },
      "id": "node/4193415563"
    },
    {
      "type": "Feature",
      "properties": {
        "@id": "node/4193417637",
        "name": "Konalemou",
        "place": "village"
      },
      "geometry": {
        "type": "Point",
        "coordinates": [
          13.8651404,
          7.512817
        ]
      },
      "id": "node/4193417637"
    },
    {
      "type": "Feature",
      "properties": {
        "@id": "node/4193434254",
        "name": "Awa",
        "place": "village"
      },
      "geometry": {
        "type": "Point",
        "coordinates": [
          13.8002105,
          7.5347223
        ]
      },
      "id": "node/4193434254"
    },
    {
      "type": "Feature",
      "properties": {
        "@id": "node/4193530967",
        "name": "Ndoctoutou",
        "place": "village"
      },
      "geometry": {
        "type": "Point",
        "coordinates": [
          13.8653989,
          7.5504752
        ]
      },
      "id": "node/4193530967"
    },
    {
      "type": "Feature",
      "properties": {
        "@id": "node/4193530968",
        "name": "Sabongari",
        "place": "village"
      },
      "geometry": {
        "type": "Point",
        "coordinates": [
          13.8484415,
          7.5302102
        ]
      },
      "id": "node/4193530968"
    },
    {
      "type": "Feature",
      "properties": {
        "@id": "node/4467918643",
        "alt_name": "Gazagazade",
        "name": "Gaza Gazade",
        "place": "village"
      },
      "geometry": {
        "type": "Point",
        "coordinates": [
          13.3529524,
          6.2151405
        ]
      },
      "id": "node/4467918643"
    },
    {
      "type": "Feature",
      "properties": {
        "@id": "node/4467918651",
        "name": "Pangar",
        "place": "village"
      },
      "geometry": {
        "type": "Point",
        "coordinates": [
          13.3618517,
          6.0096539
        ]
      },
      "id": "node/4467918651"
    },
    {
      "type": "Feature",
      "properties": {
        "@id": "node/4467949805",
        "name": "Assom",
        "place": "village"
      },
      "geometry": {
        "type": "Point",
        "coordinates": [
          13.2665169,
          6.9239852
        ]
      },
      "id": "node/4467949805"
    },
    {
      "type": "Feature",
      "properties": {
        "@id": "node/4467949807",
        "name": "Manden",
        "place": "village"
      },
      "geometry": {
        "type": "Point",
        "coordinates": [
          13.3152499,
          7.0760883
        ]
      },
      "id": "node/4467949807"
    },
    {
      "type": "Feature",
      "properties": {
        "@id": "node/5271844545",
        "amenity": "refugee_site",
        "name": "Borgop",
        "place": "town",
        "rank": "0",
        "source": "WRI_2005"
      },
      "geometry": {
        "type": "Point",
        "coordinates": [
          14.8183519,
          6.9276807
        ]
      },
      "id": "node/5271844545"
    },
    {
      "type": "Feature",
      "properties": {
        "@id": "node/5525579736",
        "name": "Mikila",
        "place": "village"
      },
      "geometry": {
        "type": "Point",
        "coordinates": [
          14.4517851,
          6.7202518
        ]
      },
      "id": "node/5525579736"
    },
    {
      "type": "Feature",
      "properties": {
        "@id": "node/5525636285",
        "name": "Batouri-Nazareth",
        "place": "village"
      },
      "geometry": {
        "type": "Point",
        "coordinates": [
          14.7848081,
          6.8783159
        ]
      },
      "id": "node/5525636285"
    },
    {
      "type": "Feature",
      "properties": {
        "@id": "node/5525636286",
        "name": "Djohong 2",
        "place": "village"
      },
      "geometry": {
        "type": "Point",
        "coordinates": [
          14.6844345,
          6.838882
        ]
      },
      "id": "node/5525636286"
    },
    {
      "type": "Feature",
      "properties": {
        "@id": "node/5525689517",
        "name": "Ngolo",
        "place": "village",
        "source": "Digital Globe"
      },
      "geometry": {
        "type": "Point",
        "coordinates": [
          14.9295884,
          6.8519951
        ]
      },
      "id": "node/5525689517"
    },
    {
      "type": "Feature",
      "properties": {
        "@id": "node/5544797799",
        "name": "Tchabal",
        "place": "village",
        "source": "Digital Globe"
      },
      "geometry": {
        "type": "Point",
        "coordinates": [
          13.5583305,
          7.5500593
        ]
      },
      "id": "node/5544797799"
    },
    {
      "type": "Feature",
      "properties": {
        "@id": "node/5544819625",
        "name": "Fell",
        "place": "village",
        "source": "Digital Globe"
      },
      "geometry": {
        "type": "Point",
        "coordinates": [
          14.6278131,
          6.4192381
        ]
      },
      "id": "node/5544819625"
    },
    {
      "type": "Feature",
      "properties": {
        "@id": "node/5704869452",
        "name": "Bafouk",
        "place": "village"
      },
      "geometry": {
        "type": "Point",
        "coordinates": [
          14.7873616,
          6.6657158
        ]
      },
      "id": "node/5704869452"
    },
    {
      "type": "Feature",
      "properties": {
        "@id": "node/5733619768",
        "name": "Ouro Adde",
        "place": "village"
      },
      "geometry": {
        "type": "Point",
        "coordinates": [
          14.965589,
          6.8578218
        ]
      },
      "id": "node/5733619768"
    },
    {
      "type": "Feature",
      "properties": {
        "@id": "node/6624574901",
        "name": "Sambolabo",
        "place": "village",
        "wikidata": "Q28058057",
        "wikipedia": "fr:Sambolabo"
      },
      "geometry": {
        "type": "Point",
        "coordinates": [
          11.9839275,
          7.0836982
        ]
      },
      "id": "node/6624574901"
    },
    {
      "type": "Feature",
      "properties": {
        "@id": "node/7813043164",
        "place": "village"
      },
      "geometry": {
        "type": "Point",
        "coordinates": [
          14.7508997,
          6.2762145
        ]
      },
      "id": "node/7813043164"
    },
    {
      "type": "Feature",
      "properties": {
        "@id": "node/7831524148",
        "note": "rank=0 car chef lieu d'arrondissement",
        "place": "town",
        "rank": "0"
      },
      "geometry": {
        "type": "Point",
        "coordinates": [
          13.5937621,
          7.8587066
        ]
      },
      "id": "node/7831524148"
    },
    {
      "type": "Feature",
      "properties": {
        "@id": "node/8289610144",
        "name": "Ouber",
        "place": "village"
      },
      "geometry": {
        "type": "Point",
        "coordinates": [
          13.8247061,
          7.2488876
        ]
      },
      "id": "node/8289610144"
    },
    {
      "type": "Feature",
      "properties": {
        "@id": "node/8289610332",
        "name": "Tourningal",
        "place": "village"
      },
      "geometry": {
        "type": "Point",
        "coordinates": [
          14.1167235,
          7.3392277
        ]
      },
      "id": "node/8289610332"
    },
    {
      "type": "Feature",
      "properties": {
        "@id": "node/8289610333",
        "name": "Béra",
        "place": "village"
      },
      "geometry": {
        "type": "Point",
        "coordinates": [
          14.0798807,
          7.3525393
        ]
      },
      "id": "node/8289610333"
    },
    {
      "type": "Feature",
      "properties": {
        "@id": "node/9240508140",
        "name": "Massanpou",
        "place": "village"
      },
      "geometry": {
        "type": "Point",
        "coordinates": [
          13.701818,
          7.0448778
        ]
      },
      "id": "node/9240508140"
    },
    {
      "type": "Feature",
      "properties": {
        "@id": "node/9240508144",
        "name": "Katit-Foulba",
        "place": "village"
      },
      "geometry": {
        "type": "Point",
        "coordinates": [
          13.9132887,
          7.0580916
        ]
      },
      "id": "node/9240508144"
    },
    {
      "type": "Feature",
      "properties": {
        "@id": "node/9240508145",
        "name": "Bandal",
        "place": "village"
      },
      "geometry": {
        "type": "Point",
        "coordinates": [
          13.8972223,
          7.06415
        ]
      },
      "id": "node/9240508145"
    },
    {
      "type": "Feature",
      "properties": {
        "@id": "node/9240508146",
        "name": "Wari",
        "place": "village"
      },
      "geometry": {
        "type": "Point",
        "coordinates": [
          13.8548756,
          7.0917898
        ]
      },
      "id": "node/9240508146"
    },
    {
      "type": "Feature",
      "properties": {
        "@id": "node/9253383707",
        "name": "Dimako",
        "place": "village"
      },
      "geometry": {
        "type": "Point",
        "coordinates": [
          13.7987316,
          7.0817924
        ]
      },
      "id": "node/9253383707"
    },
    {
      "type": "Feature",
      "properties": {
        "@id": "node/9256228192",
        "name": "Paro",
        "place": "village"
      },
      "geometry": {
        "type": "Point",
        "coordinates": [
          12.7349943,
          7.1247616
        ]
      },
      "id": "node/9256228192"
    },
    {
      "type": "Feature",
      "properties": {
        "@id": "node/9266429352",
        "name": "Lompta",
        "place": "village"
      },
      "geometry": {
        "type": "Point",
        "coordinates": [
          12.5223541,
          7.05379
        ]
      },
      "id": "node/9266429352"
    },
    {
      "type": "Feature",
      "properties": {
        "@id": "node/10963448131",
        "name": "Dakkere",
        "place": "village"
      },
      "geometry": {
        "type": "Point",
        "coordinates": [
          14.213687,
          6.8327905
        ]
      },
      "id": "node/10963448131"
    }
  ]
}