{
  "type": "FeatureCollection",
  "generator": "overpass-turbo",
  "copyright": "The data included in this document is from www.openstreetmap.org. The data is made available under ODbL.",
  "timestamp": "2025-08-22T18:38:24Z",
  "features": [
    {
      "type": "Feature",
      "properties": {
        "@id": "way/238311737",
        "place": "village",
        "@geometry": "center"
      },
      "geometry": {
        "type": "Point",
        "coordinates": [
          11.9938473,
          5.6346959
        ]
      },
      "id": "way/238311737"
    },
    {
      "type": "Feature",
      "properties": {
        "@id": "way/238311748",
        "place": "village",
        "@geometry": "center"
      },
      "geometry": {
        "type": "Point",
        "coordinates": [
          11.9486857,
          5.604685
        ]
      },
      "id": "way/238311748"
    },
    {
      "type": "Feature",
      "properties": {
        "@id": "node/249658081",
        "name": "Mbandjock",
        "note": "rank=0 car commune",
        "place": "town",
        "rank": "0",
        "wikidata": "Q6799613"
      },
      "geometry": {
        "type": "Point",
        "coordinates": [
          11.9024619,
          4.4461951
        ]
      },
      "id": "node/249658081"
    },
    {
      "type": "Feature",
      "properties": {
        "@id": "node/252925633",
        "name": "Ayos",
        "note": "rank=0 car commune",
        "place": "town",
        "rank": "0",
        "wikidata": "Q4831578"
      },
      "geometry": {
        "type": "Point",
        "coordinates": [
          12.5244504,
          3.9031868
        ]
      },
      "id": "node/252925633"
    },
    {
      "type": "Feature",
      "properties": {
        "@id": "node/252925930",
        "name": "Mengang",
        "note": "rank=0 car commune",
        "place": "town",
        "rank": "0",
        "source": "WRI_2005",
        "wikidata": "Q3305830"
      },
      "geometry": {
        "type": "Point",
        "coordinates": [
          12.059813,
          3.891043
        ]
      },
      "id": "node/252925930"
    },
    {
      "type": "Feature",
      "properties": {
        "@id": "node/331136682",
        "admin_level": "2",
        "border_type": "region",
        "capital": "yes",
        "capital_ISO3166-1": "yes",
        "is_capital": "country",
        "name": "Yaoundé",
        "name:am": "ያዉንዴ",
        "name:ar": "ياوندي",
        "name:arc": "ܝܐܘܢܕܝ",
        "name:az": "Yaunde",
        "name:azb": "یائونده",
        "name:ba": "Яунде",
        "name:be": "Яундэ",
        "name:be-tarask": "Яундэ",
        "name:bg": "Яунде",
        "name:bn": "ইয়াউন্দে",
        "name:bo": "ཡོན་དྷི།",
        "name:br": "Yaoundé",
        "name:ca": "Yaoundé",
        "name:ce": "Яунде",
        "name:ckb": "یائوندێ",
        "name:cs": "Yaoundé",
        "name:de": "Jaunde",
        "name:el": "Γιαουντέ",
        "name:en": "Yaoundé",
        "name:eo": "Jaundeo",
        "name:es": "Yaoundé",
        "name:eu": "Jaunde",
        "name:fa": "یائونده",
        "name:ff": "Yaounde",
        "name:fr": "Yaoundé",
        "name:grc": "Ἰαουνδέον",
        "name:ha": "Yaounde",
        "name:he": "יאונדה",
        "name:hi": "याओऊंडे",
        "name:hr": "Yaoundé",
        "name:ht": "Yaounde",
        "name:hu": "Yaoundé",
        "name:hy": "Յաունդե",
        "name:io": "Yaounde",
        "name:is": "Jánde",
        "name:it": "Yaoundé",
        "name:ja": "ヤウンデ",
        "name:ka": "იაუნდე",
        "name:kg": "Yaounde",
        "name:kk": "Яунде",
        "name:ko": "야운데",
        "name:ky": "Яунде",
        "name:la": "Yaunde",
        "name:ln": "Yaundé",
        "name:lt": "Jaundė",
        "name:lv": "Jaunde",
        "name:mk": "Јаунде",
        "name:ml": "യുവാൻഡേ",
        "name:mn": "Яунде",
        "name:mr": "याउंदे",
        "name:mrj": "Яунде",
        "name:my": "ယောင်အွန်ဒေးမြို့",
        "name:nah": "Yaundé",
        "name:nl": "Yaoundé",
        "name:no": "Yaoundé",
        "name:nov": "Yaunde",
        "name:oc": "Yaoundé",
        "name:os": "Яунде",
        "name:pa": "ਯਾਊਂਦੇ",
        "name:pl": "Jaunde",
        "name:pnb": "یاونڈی",
        "name:ps": "یایونده",
        "name:pt": "Iaundé",
        "name:qu": "Yaundé",
        "name:ru": "Яунде",
        "name:sk": "Yaoundé",
        "name:sl": "Yaoundé",
        "name:so": "Yawunde",
        "name:sq": "Jaunde",
        "name:sr": "Јаунде",
        "name:sv": "Yaoundé",
        "name:sw": "Yaounde",
        "name:syc": "ܝܐܘܢܕܝ",
        "name:ta": "யாவுண்டே",
        "name:tg": "Яунде",
        "name:th": "ยาอุนเด",
        "name:tr": "Yaoundé",
        "name:tt": "Яунде",
        "name:udm": "Яунде",
        "name:uk": "Яунде",
        "name:ur": "یاؤندے",
        "name:uz": "Yaunde",
        "name:wo": "Yaunde",
        "name:yi": "יאונדע",
        "name:yue": "耶溫得",
        "name:zh": "雅温得",
        "place": "city",
        "population": "1817524",
        "source:name:br": "ofis publik ar brezhoneg",
        "wikidata": "Q3808",
        "wikipedia": "fr:Yaoundé"
      },
      "geometry": {
        "type": "Point",
        "coordinates": [
          11.5213344,
          3.8689867
        ]
      },
      "id": "node/331136682"
    },
    {
      "type": "Feature",
      "properties": {
        "@id": "node/331136683",
        "name": "Obala",
        "note": "rank=0 car commune",
        "office": "government",
        "place": "town",
        "rank": "0",
        "wikidata": "Q2604706"
      },
      "geometry": {
        "type": "Point",
        "coordinates": [
          11.5346644,
          4.1657131
        ]
      },
      "id": "node/331136683"
    },
    {
      "type": "Feature",
      "properties": {
        "@id": "way/364949190",
        "name": "Carrefour Somakaï",
        "place": "village",
        "@geometry": "center"
      },
      "geometry": {
        "type": "Point",
        "coordinates": [
          11.0813743,
          4.1539549
        ]
      },
      "id": "way/364949190"
    },
    {
      "type": "Feature",
      "properties": {
        "@id": "way/364949677",
        "name": "Chefferie Nkong-Mango",
        "place": "village",
        "@geometry": "center"
      },
      "geometry": {
        "type": "Point",
        "coordinates": [
          11.0697945,
          4.1697745
        ]
      },
      "id": "way/364949677"
    },
    {
      "type": "Feature",
      "properties": {
        "@id": "node/401789115",
        "name": "Akak",
        "place": "village"
      },
      "geometry": {
        "type": "Point",
        "coordinates": [
          11.5577191,
          3.9943472
        ]
      },
      "id": "node/401789115"
    },
    {
      "type": "Feature",
      "properties": {
        "@id": "node/401815609",
        "alt_name": "Makenene 1;Makenene I; Makénéné 1; Makénéné I;Makénéné",
        "designation": "Town",
        "name": "Makenene",
        "note": "rank=0 car commune",
        "place": "town",
        "rank": "0"
      },
      "geometry": {
        "type": "Point",
        "coordinates": [
          10.8086309,
          4.8826332
        ]
      },
      "id": "node/401815609"
    },
    {
      "type": "Feature",
      "properties": {
        "@id": "node/427537066",
        "name": "Goufan II",
        "place": "village",
        "source": "WRI_2005"
      },
      "geometry": {
        "type": "Point",
        "coordinates": [
          11.2402436,
          4.6900986
        ]
      },
      "id": "node/427537066"
    },
    {
      "type": "Feature",
      "properties": {
        "@id": "node/448853691",
        "ele": "774",
        "name": "Ngoya 1",
        "place": "village"
      },
      "geometry": {
        "type": "Point",
        "coordinates": [
          11.4512948,
          3.9619718
        ]
      },
      "id": "node/448853691"
    },
    {
      "type": "Feature",
      "properties": {
        "@id": "node/448854486",
        "ele": "793",
        "name": "Obak",
        "place": "village"
      },
      "geometry": {
        "type": "Point",
        "coordinates": [
          11.4521629,
          3.9842468
        ]
      },
      "id": "node/448854486"
    },
    {
      "type": "Feature",
      "properties": {
        "@id": "node/448854490",
        "ele": "794",
        "name": "Ngoya II",
        "place": "village"
      },
      "geometry": {
        "type": "Point",
        "coordinates": [
          11.4650263,
          3.9319206
        ]
      },
      "id": "node/448854490"
    },
    {
      "type": "Feature",
      "properties": {
        "@id": "way/583026495",
        "name": "Nkolabang",
        "place": "village",
        "@geometry": "center"
      },
      "geometry": {
        "type": "Point",
        "coordinates": [
          11.1423414,
          4.1088526
        ]
      },
      "id": "way/583026495"
    },
    {
      "type": "Feature",
      "properties": {
        "@id": "way/583039560",
        "name": "Nloudou",
        "place": "village",
        "@geometry": "center"
      },
      "geometry": {
        "type": "Point",
        "coordinates": [
          11.1104125,
          4.149693
        ]
      },
      "id": "way/583039560"
    },
    {
      "type": "Feature",
      "properties": {
        "@id": "way/628774957",
        "name": "Tombi",
        "place": "village",
        "@geometry": "center"
      },
      "geometry": {
        "type": "Point",
        "coordinates": [
          11.0437864,
          4.1545939
        ]
      },
      "id": "way/628774957"
    },
    {
      "type": "Feature",
      "properties": {
        "@id": "way/778235599",
        "name": "Bobog I",
        "place": "village",
        "@geometry": "center"
      },
      "geometry": {
        "type": "Point",
        "coordinates": [
          10.9689152,
          4.0945128
        ]
      },
      "id": "way/778235599"
    },
    {
      "type": "Feature",
      "properties": {
        "@id": "way/778235624",
        "name": "Bobog II",
        "place": "village",
        "@geometry": "center"
      },
      "geometry": {
        "type": "Point",
        "coordinates": [
          11.0011017,
          4.117756
        ]
      },
      "id": "way/778235624"
    },
    {
      "type": "Feature",
      "properties": {
        "@id": "way/778235822",
        "name": "Minse",
        "place": "village",
        "@geometry": "center"
      },
      "geometry": {
        "type": "Point",
        "coordinates": [
          10.9429528,
          4.058202
        ]
      },
      "id": "way/778235822"
    },
    {
      "type": "Feature",
      "properties": {
        "@id": "way/782549405",
        "name": "Omog",
        "place": "village",
        "@geometry": "center"
      },
      "geometry": {
        "type": "Point",
        "coordinates": [
          10.8994299,
          3.8763238
        ]
      },
      "id": "way/782549405"
    },
    {
      "type": "Feature",
      "properties": {
        "@id": "node/869939415",
        "name": "Ngoro",
        "note": "rank=0 car commune",
        "place": "town",
        "rank": "0",
        "wikidata": "Q7022577"
      },
      "geometry": {
        "type": "Point",
        "coordinates": [
          11.3845826,
          4.9591982
        ]
      },
      "id": "node/869939415"
    },
    {
      "type": "Feature",
      "properties": {
        "@id": "node/921136374",
        "alt_name": "Nkol-Métet;Metet",
        "name": "Nkolmetet",
        "note": "rank=0 car commune",
        "place": "town",
        "rank": "0",
        "wikidata": "Q3342352",
        "wikipedia": "fr:Nkolmetet"
      },
      "geometry": {
        "type": "Point",
        "coordinates": [
          11.765163,
          3.4418253
        ]
      },
      "id": "node/921136374"
    },
    {
      "type": "Feature",
      "properties": {
        "@id": "node/943256281",
        "name": "Bokso",
        "place": "village"
      },
      "geometry": {
        "type": "Point",
        "coordinates": [
          10.807788,
          3.7327155
        ]
      },
      "id": "node/943256281"
    },
    {
      "type": "Feature",
      "properties": {
        "@id": "node/1012761434",
        "alt_name": "Nkol Afamba",
        "name": "Nkolafamba",
        "note": "rank=0 car commune",
        "place": "town",
        "rank": "0",
        "wikidata": "Q7042598",
        "wikipedia": "fr:Nkolafamba"
      },
      "geometry": {
        "type": "Point",
        "coordinates": [
          11.6661179,
          3.8544908
        ]
      },
      "id": "node/1012761434"
    },
    {
      "type": "Feature",
      "properties": {
        "@id": "node/1047237485",
        "name": "Okola",
        "note": "rank=0 car commune",
        "place": "town",
        "rank": "0",
        "wikidata": "Q7082476"
      },
      "geometry": {
        "type": "Point",
        "coordinates": [
          11.3814755,
          4.0241114
        ]
      },
      "id": "node/1047237485"
    },
    {
      "type": "Feature",
      "properties": {
        "@id": "node/1316921848",
        "name": "Nkoabang",
        "name:ru": "Нкоабанг",
        "place": "village"
      },
      "geometry": {
        "type": "Point",
        "coordinates": [
          11.5869673,
          3.8641994
        ]
      },
      "id": "node/1316921848"
    },
    {
      "type": "Feature",
      "properties": {
        "@id": "node/1365229876",
        "name": "Mfou",
        "note": "rank=0 car prefecture",
        "place": "city",
        "rank": "0"
      },
      "geometry": {
        "type": "Point",
        "coordinates": [
          11.6432106,
          3.7158818
        ]
      },
      "id": "node/1365229876"
    },
    {
      "type": "Feature",
      "properties": {
        "@id": "node/1366949428",
        "name": "Nkong",
        "place": "village"
      },
      "geometry": {
        "type": "Point",
        "coordinates": [
          11.452647,
          3.9692355
        ]
      },
      "id": "node/1366949428"
    },
    {
      "type": "Feature",
      "properties": {
        "@id": "node/1366949514",
        "name": "Nkol Ngon",
        "place": "village"
      },
      "geometry": {
        "type": "Point",
        "coordinates": [
          11.4750404,
          3.9168496
        ]
      },
      "id": "node/1366949514"
    },
    {
      "type": "Feature",
      "properties": {
        "@id": "node/1375481575",
        "name": "Esesang",
        "place": "village"
      },
      "geometry": {
        "type": "Point",
        "coordinates": [
          11.506751,
          4.0262769
        ]
      },
      "id": "node/1375481575"
    },
    {
      "type": "Feature",
      "properties": {
        "@id": "node/1536637254",
        "name": "Polo",
        "place": "village"
      },
      "geometry": {
        "type": "Point",
        "coordinates": [
          11.4277106,
          4.4385378
        ]
      },
      "id": "node/1536637254"
    },
    {
      "type": "Feature",
      "properties": {
        "@id": "node/1695198257",
        "designation": "village",
        "name": "Deuk",
        "note": "rank=0 car commune",
        "place": "town",
        "rank": "0",
        "source": "ateba wv",
        "wikidata": "Q5266150"
      },
      "geometry": {
        "type": "Point",
        "coordinates": [
          11.260791,
          4.937926
        ]
      },
      "id": "node/1695198257"
    },
    {
      "type": "Feature",
      "properties": {
        "@id": "node/1735296010",
        "name": "Peslipan",
        "place": "village"
      },
      "geometry": {
        "type": "Point",
        "coordinates": [
          10.7142877,
          3.9212232
        ]
      },
      "id": "node/1735296010"
    },
    {
      "type": "Feature",
      "properties": {
        "@id": "node/1842754557",
        "name": "Nkoakom",
        "place": "village",
        "source": "WRI_2005"
      },
      "geometry": {
        "type": "Point",
        "coordinates": [
          11.3380778,
          3.5835654
        ]
      },
      "id": "node/1842754557"
    },
    {
      "type": "Feature",
      "properties": {
        "@id": "node/2058639564",
        "name": "Soa",
        "note": "rank=0 car commune",
        "place": "town",
        "rank": "0",
        "wikidata": "Q7549734"
      },
      "geometry": {
        "type": "Point",
        "coordinates": [
          11.5931287,
          3.9781803
        ]
      },
      "id": "node/2058639564"
    },
    {
      "type": "Feature",
      "properties": {
        "@id": "node/2093888241",
        "name": "Nkolngok III",
        "place": "village",
        "source": "WRI_2005"
      },
      "geometry": {
        "type": "Point",
        "coordinates": [
          11.3571845,
          3.5952209
        ]
      },
      "id": "node/2093888241"
    },
    {
      "type": "Feature",
      "properties": {
        "@id": "node/2093891168",
        "name": "Obokoué II",
        "place": "village",
        "source": "WRI_2005"
      },
      "geometry": {
        "type": "Point",
        "coordinates": [
          11.3320334,
          3.6489329
        ]
      },
      "id": "node/2093891168"
    },
    {
      "type": "Feature",
      "properties": {
        "@id": "node/2093891179",
        "name": "Obokoué I",
        "place": "village",
        "source": "WRI_2005"
      },
      "geometry": {
        "type": "Point",
        "coordinates": [
          11.3401134,
          3.6549174
        ]
      },
      "id": "node/2093891179"
    },
    {
      "type": "Feature",
      "properties": {
        "@id": "node/2094171294",
        "name": "Mfida I",
        "place": "village"
      },
      "geometry": {
        "type": "Point",
        "coordinates": [
          11.3143375,
          3.4696285
        ]
      },
      "id": "node/2094171294"
    },
    {
      "type": "Feature",
      "properties": {
        "@id": "node/2094195659",
        "name": "Akono",
        "note": "rank=0 car commune",
        "place": "town",
        "rank": "0",
        "wikidata": "Q4701537",
        "wikipedia": "fr:Akono"
      },
      "geometry": {
        "type": "Point",
        "coordinates": [
          11.328169,
          3.501534
        ]
      },
      "id": "node/2094195659"
    },
    {
      "type": "Feature",
      "properties": {
        "@id": "node/2099747940",
        "name": "Makak",
        "note": "rank=0 car commune",
        "place": "town",
        "rank": "0",
        "wikidata": "Q3280642"
      },
      "geometry": {
        "type": "Point",
        "coordinates": [
          11.0278358,
          3.5479744
        ]
      },
      "id": "node/2099747940"
    },
    {
      "type": "Feature",
      "properties": {
        "@id": "node/2099810888",
        "name": "Ebogo",
        "place": "village"
      },
      "geometry": {
        "type": "Point",
        "coordinates": [
          11.4698226,
          3.3977011
        ]
      },
      "id": "node/2099810888"
    },
    {
      "type": "Feature",
      "properties": {
        "@id": "node/2099813678",
        "name": "Abang",
        "place": "village"
      },
      "geometry": {
        "type": "Point",
        "coordinates": [
          11.5339777,
          3.3917759
        ]
      },
      "id": "node/2099813678"
    },
    {
      "type": "Feature",
      "properties": {
        "@id": "node/2101738113",
        "name": "Méfomo",
        "place": "village",
        "source": "WRI_2005"
      },
      "geometry": {
        "type": "Point",
        "coordinates": [
          11.2638122,
          3.8386752
        ]
      },
      "id": "node/2101738113"
    },
    {
      "type": "Feature",
      "properties": {
        "@id": "node/2101830108",
        "name": "Menguémé",
        "note": "rank=0 car commune",
        "place": "town",
        "rank": "0"
      },
      "geometry": {
        "type": "Point",
        "coordinates": [
          11.3962166,
          3.2436959
        ]
      },
      "id": "node/2101830108"
    },
    {
      "type": "Feature",
      "properties": {
        "@id": "node/2110473498",
        "name": "Esse",
        "note": "rank=0 car commune",
        "place": "town",
        "rank": "0",
        "wikidata": "Q5399420"
      },
      "geometry": {
        "type": "Point",
        "coordinates": [
          11.884756,
          4.096618
        ]
      },
      "id": "node/2110473498"
    },
    {
      "type": "Feature",
      "properties": {
        "@id": "node/2124286085",
        "name": "Guéboba",
        "place": "village"
      },
      "geometry": {
        "type": "Point",
        "coordinates": [
          11.214287,
          4.5808218
        ]
      },
      "id": "node/2124286085"
    },
    {
      "type": "Feature",
      "properties": {
        "@id": "node/2142605912",
        "name": "Batchenga",
        "note": "rank=0 car commune",
        "place": "town",
        "rank": "0",
        "wikidata": "Q4868730"
      },
      "geometry": {
        "type": "Point",
        "coordinates": [
          11.654341,
          4.286683
        ]
      },
      "id": "node/2142605912"
    },
    {
      "type": "Feature",
      "properties": {
        "@id": "node/2146606831",
        "name": "Akonolinga",
        "note": "rank=0 car prefecture",
        "place": "city",
        "rank": "0",
        "wikidata": "Q2829121"
      },
      "geometry": {
        "type": "Point",
        "coordinates": [
          12.244917,
          3.77339
        ]
      },
      "id": "node/2146606831"
    },
    {
      "type": "Feature",
      "properties": {
        "@id": "node/2146672495",
        "name": "Nachtigal",
        "place": "village"
      },
      "geometry": {
        "type": "Point",
        "coordinates": [
          11.6322437,
          4.3562661
        ]
      },
      "id": "node/2146672495"
    },
    {
      "type": "Feature",
      "properties": {
        "@id": "node/2147238995",
        "name": "Nkolbiyen",
        "place": "village",
        "source": "WRI_2005"
      },
      "geometry": {
        "type": "Point",
        "coordinates": [
          11.4367506,
          3.7121806
        ]
      },
      "id": "node/2147238995"
    },
    {
      "type": "Feature",
      "properties": {
        "@id": "node/2153239000",
        "name": "Binguela",
        "place": "village",
        "source": "WRI_2005"
      },
      "geometry": {
        "type": "Point",
        "coordinates": [
          11.4054985,
          3.7565823
        ]
      },
      "id": "node/2153239000"
    },
    {
      "type": "Feature",
      "properties": {
        "@id": "node/2153352914",
        "alt_name": "Vimili",
        "name": "Mbalmayo",
        "name:ru": "Мбальмайо",
        "note": "rank=0 car prefecture",
        "place": "city",
        "rank": "0",
        "wikidata": "Q2702755",
        "wikipedia": "fr:Mbalmayo"
      },
      "geometry": {
        "type": "Point",
        "coordinates": [
          11.503114,
          3.515197
        ]
      },
      "id": "node/2153352914"
    },
    {
      "type": "Feature",
      "properties": {
        "@id": "node/2154276105",
        "name": "Ngomedzap",
        "note": "rank=0 car commune",
        "place": "town",
        "rank": "0",
        "wikidata": "Q3339327"
      },
      "geometry": {
        "type": "Point",
        "coordinates": [
          11.2006355,
          3.2651191
        ]
      },
      "id": "node/2154276105"
    },
    {
      "type": "Feature",
      "properties": {
        "@id": "node/2163574323",
        "name": "Zoassel II",
        "place": "village",
        "source": "WRI_2005"
      },
      "geometry": {
        "type": "Point",
        "coordinates": [
          11.4061099,
          3.6482949
        ]
      },
      "id": "node/2163574323"
    },
    {
      "type": "Feature",
      "properties": {
        "@id": "node/2163574441",
        "name": "Biyan",
        "place": "village",
        "source": "WRI_2005"
      },
      "geometry": {
        "type": "Point",
        "coordinates": [
          11.4055534,
          3.6929688
        ]
      },
      "id": "node/2163574441"
    },
    {
      "type": "Feature",
      "properties": {
        "@id": "node/2213842283",
        "name": "Matomb",
        "note": "rank=0 car commune",
        "place": "town",
        "rank": "0",
        "wikidata": "Q6787736"
      },
      "geometry": {
        "type": "Point",
        "coordinates": [
          11.060845,
          3.822117
        ]
      },
      "id": "node/2213842283"
    },
    {
      "type": "Feature",
      "properties": {
        "@id": "node/2213842466",
        "name": "Lobo",
        "note": "rank=0 car commune",
        "office": "government",
        "place": "town",
        "rank": "0",
        "source": "WRI_2005",
        "wikidata": "Q6663731"
      },
      "geometry": {
        "type": "Point",
        "coordinates": [
          11.229016,
          3.895525
        ]
      },
      "id": "node/2213842466"
    },
    {
      "type": "Feature",
      "properties": {
        "@id": "node/2214468425",
        "name": "Nkolnyada",
        "place": "village"
      },
      "geometry": {
        "type": "Point",
        "coordinates": [
          11.4064003,
          3.9902279
        ]
      },
      "id": "node/2214468425"
    },
    {
      "type": "Feature",
      "properties": {
        "@id": "node/2215338069",
        "name": "Bondjock",
        "note": "rank=0 car commune",
        "place": "town",
        "rank": "0",
        "source": "WRI_2005"
      },
      "geometry": {
        "type": "Point",
        "coordinates": [
          11.1087227,
          3.6124468
        ]
      },
      "id": "node/2215338069"
    },
    {
      "type": "Feature",
      "properties": {
        "@id": "node/2215404212",
        "name": "Bikop",
        "place": "town",
        "source": "WRI_2005"
      },
      "geometry": {
        "type": "Point",
        "coordinates": [
          11.4150282,
          3.5287464
        ]
      },
      "id": "node/2215404212"
    },
    {
      "type": "Feature",
      "properties": {
        "@id": "node/2215404497",
        "XCOORD": "11.275",
        "YCOORD": "3.61111",
        "name": "Nkol-Emomodo",
        "place": "village",
        "population": "209"
      },
      "geometry": {
        "type": "Point",
        "coordinates": [
          11.2698591,
          3.6162614
        ]
      },
      "id": "node/2215404497"
    },
    {
      "type": "Feature",
      "properties": {
        "@id": "node/2216096083",
        "name": "Zoassel II",
        "place": "village",
        "source": "WRI_2005"
      },
      "geometry": {
        "type": "Point",
        "coordinates": [
          11.3559375,
          3.688289
        ]
      },
      "id": "node/2216096083"
    },
    {
      "type": "Feature",
      "properties": {
        "@id": "node/2216336737",
        "ele": "667",
        "name": "Nkolakié",
        "place": "village"
      },
      "geometry": {
        "type": "Point",
        "coordinates": [
          11.3872499,
          3.9820046
        ]
      },
      "id": "node/2216336737"
    },
    {
      "type": "Feature",
      "properties": {
        "@id": "node/2216413294",
        "name": "Ntuissong",
        "place": "village"
      },
      "geometry": {
        "type": "Point",
        "coordinates": [
          11.322426,
          4.0139322
        ]
      },
      "id": "node/2216413294"
    },
    {
      "type": "Feature",
      "properties": {
        "@id": "node/2216725013",
        "name": "Efok",
        "office": "government",
        "place": "village",
        "wikidata": "Q17177555"
      },
      "geometry": {
        "type": "Point",
        "coordinates": [
          11.4708915,
          4.1806397
        ]
      },
      "id": "node/2216725013"
    },
    {
      "type": "Feature",
      "properties": {
        "@id": "node/2216885598",
        "name": "Elig-Mfomo",
        "note": "rank=0 car commune",
        "place": "town",
        "rank": "0",
        "source": "WRI_2005"
      },
      "geometry": {
        "type": "Point",
        "coordinates": [
          11.3519693,
          4.1603593
        ]
      },
      "id": "node/2216885598"
    },
    {
      "type": "Feature",
      "properties": {
        "@id": "node/2216991195",
        "name": "Monatélé",
        "note": "rank=0 car prefecture",
        "place": "city",
        "rank": "0",
        "wikidata": "Q1988452"
      },
      "geometry": {
        "type": "Point",
        "coordinates": [
          11.204417,
          4.258913
        ]
      },
      "id": "node/2216991195"
    },
    {
      "type": "Feature",
      "properties": {
        "@id": "node/2217007258",
        "name": "Néna",
        "place": "village"
      },
      "geometry": {
        "type": "Point",
        "coordinates": [
          11.2936044,
          4.3158294
        ]
      },
      "id": "node/2217007258"
    },
    {
      "type": "Feature",
      "properties": {
        "@id": "node/2217580170",
        "name": "Nkadip",
        "place": "village"
      },
      "geometry": {
        "type": "Point",
        "coordinates": [
          11.2722102,
          3.8439554
        ]
      },
      "id": "node/2217580170"
    },
    {
      "type": "Feature",
      "properties": {
        "@id": "node/2217604269",
        "name": "Nkolfep",
        "place": "village"
      },
      "geometry": {
        "type": "Point",
        "coordinates": [
          11.3929248,
          3.9857282
        ]
      },
      "id": "node/2217604269"
    },
    {
      "type": "Feature",
      "properties": {
        "@id": "node/2218313188",
        "name": "Yoko",
        "note": "rank=0 car commune",
        "place": "town",
        "rank": "0",
        "wikidata": "Q12712755"
      },
      "geometry": {
        "type": "Point",
        "coordinates": [
          12.3186341,
          5.5406812
        ]
      },
      "id": "node/2218313188"
    },
    {
      "type": "Feature",
      "properties": {
        "@id": "node/2218335289",
        "name": "Ntui",
        "note": "rank=0 car préfecture",
        "place": "city",
        "rank": "0",
        "wikidata": "Q1988849"
      },
      "geometry": {
        "type": "Point",
        "coordinates": [
          11.6281209,
          4.4459307
        ]
      },
      "id": "node/2218335289"
    },
    {
      "type": "Feature",
      "properties": {
        "@id": "node/2218590206",
        "name": "Éséka",
        "note": "rank=0 car préfecture",
        "place": "city",
        "rank": "0",
        "wikidata": "Q3591508"
      },
      "geometry": {
        "type": "Point",
        "coordinates": [
          10.7741756,
          3.6413071
        ]
      },
      "id": "node/2218590206"
    },
    {
      "type": "Feature",
      "properties": {
        "@id": "node/2219667213",
        "name": "Messondo",
        "note": "rank=0 car commune",
        "place": "town",
        "rank": "0",
        "wikidata": "Q6822037"
      },
      "geometry": {
        "type": "Point",
        "coordinates": [
          10.4511732,
          3.6947088
        ]
      },
      "id": "node/2219667213"
    },
    {
      "type": "Feature",
      "properties": {
        "@id": "node/2223634931",
        "name": "Leboudi II",
        "office": "government",
        "place": "village"
      },
      "geometry": {
        "type": "Point",
        "coordinates": [
          11.4462701,
          3.9213197
        ]
      },
      "id": "node/2223634931"
    },
    {
      "type": "Feature",
      "properties": {
        "@id": "node/2271161114",
        "name": "Ngog-Mapubi",
        "note": "rank=0 car commune",
        "place": "town",
        "rank": "0",
        "wikidata": "Q7022483"
      },
      "geometry": {
        "type": "Point",
        "coordinates": [
          10.8377848,
          3.9471426
        ]
      },
      "id": "node/2271161114"
    },
    {
      "type": "Feature",
      "properties": {
        "@id": "node/2271161226",
        "name": "Dibang",
        "note": "rank=0 car commune",
        "place": "town",
        "rank": "0"
      },
      "geometry": {
        "type": "Point",
        "coordinates": [
          10.718878,
          3.9984127
        ]
      },
      "id": "node/2271161226"
    },
    {
      "type": "Feature",
      "properties": {
        "@id": "node/2272136066",
        "name": "Awaé",
        "note": "rank=0 car commune",
        "place": "town",
        "rank": "0",
        "wikidata": "Q2874674"
      },
      "geometry": {
        "type": "Point",
        "coordinates": [
          11.8834238,
          3.8996099
        ]
      },
      "id": "node/2272136066"
    },
    {
      "type": "Feature",
      "properties": {
        "@id": "node/2272763539",
        "name": "Ombessa",
        "note": "rank=0 car commune",
        "place": "town",
        "rank": "0",
        "wikidata": "Q7089921"
      },
      "geometry": {
        "type": "Point",
        "coordinates": [
          11.256546,
          4.603044
        ]
      },
      "id": "node/2272763539"
    },
    {
      "type": "Feature",
      "properties": {
        "@id": "node/2282995489",
        "name": "Ebot",
        "place": "village"
      },
      "geometry": {
        "type": "Point",
        "coordinates": [
          11.4683734,
          3.9819532
        ]
      },
      "id": "node/2282995489"
    },
    {
      "type": "Feature",
      "properties": {
        "@id": "node/2282995490",
        "name": "Léboth",
        "place": "village"
      },
      "geometry": {
        "type": "Point",
        "coordinates": [
          11.411913,
          3.9985895
        ]
      },
      "id": "node/2282995490"
    },
    {
      "type": "Feature",
      "properties": {
        "@id": "node/2282995491",
        "name": "Nkolondom",
        "place": "village"
      },
      "geometry": {
        "type": "Point",
        "coordinates": [
          11.4807528,
          3.9825398
        ]
      },
      "id": "node/2282995491"
    },
    {
      "type": "Feature",
      "properties": {
        "@id": "node/2308967206",
        "name": "Edipkombo",
        "place": "village",
        "source": "WRI_2005"
      },
      "geometry": {
        "type": "Point",
        "coordinates": [
          11.2987693,
          3.8421175
        ]
      },
      "id": "node/2308967206"
    },
    {
      "type": "Feature",
      "properties": {
        "@id": "node/2308967297",
        "name": "Nlolnkoumou",
        "place": "village",
        "source": "WRI_2005"
      },
      "geometry": {
        "type": "Point",
        "coordinates": [
          11.3970011,
          3.8605428
        ]
      },
      "id": "node/2308967297"
    },
    {
      "type": "Feature",
      "properties": {
        "@id": "node/2313454228",
        "name": "Bikoué",
        "place": "village"
      },
      "geometry": {
        "type": "Point",
        "coordinates": [
          11.9116398,
          4.1196867
        ]
      },
      "id": "node/2313454228"
    },
    {
      "type": "Feature",
      "properties": {
        "@id": "node/2313454229",
        "name": "Nsimi",
        "place": "village"
      },
      "geometry": {
        "type": "Point",
        "coordinates": [
          11.8869195,
          4.1297232
        ]
      },
      "id": "node/2313454229"
    },
    {
      "type": "Feature",
      "properties": {
        "@id": "node/2362867050",
        "alt_name": "N'Goumou",
        "name": "Ngoumou",
        "note": "rank=0 car préfecture",
        "place": "town",
        "rank": "0",
        "wikidata": "Q748575",
        "wikipedia": "fr:Ngoumou"
      },
      "geometry": {
        "type": "Point",
        "coordinates": [
          11.3042573,
          3.5934319
        ]
      },
      "id": "node/2362867050"
    },
    {
      "type": "Feature",
      "properties": {
        "@id": "node/2366289114",
        "name": "Akoéman",
        "note": "rank=0 car commune",
        "place": "town",
        "rank": "0",
        "source": "WRI_2005"
      },
      "geometry": {
        "type": "Point",
        "coordinates": [
          11.5734436,
          3.1916601
        ]
      },
      "id": "node/2366289114"
    },
    {
      "type": "Feature",
      "properties": {
        "@id": "node/2367779376",
        "name": "Nkolkos",
        "place": "village"
      },
      "geometry": {
        "type": "Point",
        "coordinates": [
          11.4064282,
          3.9091262
        ]
      },
      "id": "node/2367779376"
    },
    {
      "type": "Feature",
      "properties": {
        "@id": "node/2367780169",
        "name": "Ozom III",
        "office": "government",
        "place": "village"
      },
      "geometry": {
        "type": "Point",
        "coordinates": [
          11.3920944,
          3.8986577
        ]
      },
      "id": "node/2367780169"
    },
    {
      "type": "Feature",
      "properties": {
        "@id": "node/2367802684",
        "name": "Nkolbisson",
        "place": "village"
      },
      "geometry": {
        "type": "Point",
        "coordinates": [
          11.4525933,
          3.8745876
        ]
      },
      "id": "node/2367802684"
    },
    {
      "type": "Feature",
      "properties": {
        "@id": "node/2367907559",
        "name": "Ngali",
        "place": "village"
      },
      "geometry": {
        "type": "Point",
        "coordinates": [
          11.5837764,
          4.0108781
        ]
      },
      "id": "node/2367907559"
    },
    {
      "type": "Feature",
      "properties": {
        "@id": "node/2367909544",
        "name": "Ebang II",
        "place": "village"
      },
      "geometry": {
        "type": "Point",
        "coordinates": [
          11.5584296,
          4.0052929
        ]
      },
      "id": "node/2367909544"
    },
    {
      "type": "Feature",
      "properties": {
        "@id": "node/2367915814",
        "name": "Minkoameyos",
        "place": "village"
      },
      "geometry": {
        "type": "Point",
        "coordinates": [
          11.4314171,
          3.8758495
        ]
      },
      "id": "node/2367915814"
    },
    {
      "type": "Feature",
      "properties": {
        "@id": "node/2370559680",
        "name": "Ngoya III",
        "place": "village"
      },
      "geometry": {
        "type": "Point",
        "coordinates": [
          11.4714617,
          3.9219322
        ]
      },
      "id": "node/2370559680"
    },
    {
      "type": "Feature",
      "properties": {
        "@id": "node/2372383679",
        "name": "Kamba",
        "place": "village",
        "population": "580"
      },
      "geometry": {
        "type": "Point",
        "coordinates": [
          11.3068937,
          3.5857031
        ]
      },
      "id": "node/2372383679"
    },
    {
      "type": "Feature",
      "properties": {
        "@id": "node/2372666721",
        "XCOORD": "11.31111",
        "YCOORD": "3.61111",
        "name": "Ngoumou 2",
        "place": "village",
        "population": "560"
      },
      "geometry": {
        "type": "Point",
        "coordinates": [
          11.31111,
          3.61111
        ]
      },
      "id": "node/2372666721"
    },
    {
      "type": "Feature",
      "properties": {
        "@id": "node/2372666726",
        "name": "Ngoumou-Centre",
        "place": "village",
        "population": "1695"
      },
      "geometry": {
        "type": "Point",
        "coordinates": [
          11.3061711,
          3.5997655
        ]
      },
      "id": "node/2372666726"
    },
    {
      "type": "Feature",
      "properties": {
        "@id": "node/2372666747",
        "name": "Nkol-Meding",
        "place": "village",
        "population": "305"
      },
      "geometry": {
        "type": "Point",
        "coordinates": [
          11.29167,
          3.58611
        ]
      },
      "id": "node/2372666747"
    },
    {
      "type": "Feature",
      "properties": {
        "@id": "node/2372666815",
        "XCOORD": "11.27222",
        "YCOORD": "3.58611",
        "name": "Yena-Yena",
        "place": "village",
        "population": "120"
      },
      "geometry": {
        "type": "Point",
        "coordinates": [
          11.27222,
          3.58611
        ]
      },
      "id": "node/2372666815"
    },
    {
      "type": "Feature",
      "properties": {
        "@id": "node/2388686624",
        "name": "Sa'a",
        "note": "rank=0 car commune",
        "place": "town",
        "rank": "0",
        "wikidata": "Q7241144",
        "wikipedia": "en:Sa'a, Cameroon"
      },
      "geometry": {
        "type": "Point",
        "coordinates": [
          11.4399,
          4.361454
        ]
      },
      "id": "node/2388686624"
    },
    {
      "type": "Feature",
      "properties": {
        "@id": "node/2388712847",
        "name": "Endama II",
        "place": "village"
      },
      "geometry": {
        "type": "Point",
        "coordinates": [
          11.3902535,
          4.1635705
        ]
      },
      "id": "node/2388712847"
    },
    {
      "type": "Feature",
      "properties": {
        "@id": "node/2388712851",
        "name": "Nkolobang I",
        "place": "village"
      },
      "geometry": {
        "type": "Point",
        "coordinates": [
          11.3899746,
          4.1559106
        ]
      },
      "id": "node/2388712851"
    },
    {
      "type": "Feature",
      "properties": {
        "@id": "node/2388726274",
        "name": "Essong",
        "place": "village"
      },
      "geometry": {
        "type": "Point",
        "coordinates": [
          11.4507043,
          4.174117
        ]
      },
      "id": "node/2388726274"
    },
    {
      "type": "Feature",
      "properties": {
        "@id": "node/2388739368",
        "name": "Mbangassina",
        "note": "rank=0 car commune",
        "place": "town",
        "rank": "0"
      },
      "geometry": {
        "type": "Point",
        "coordinates": [
          11.39202,
          4.5557312
        ]
      },
      "id": "node/2388739368"
    },
    {
      "type": "Feature",
      "properties": {
        "@id": "node/2389019459",
        "name": "Nitoukou",
        "note": "rank=0 car commune",
        "place": "town",
        "rank": "0",
        "wikidata": "Q7041351"
      },
      "geometry": {
        "type": "Point",
        "coordinates": [
          10.8686925,
          4.6393821
        ]
      },
      "id": "node/2389019459"
    },
    {
      "type": "Feature",
      "properties": {
        "@id": "node/2389025055",
        "name": "Bot-Makak",
        "note": "rank=0 car commune",
        "place": "town",
        "rank": "0",
        "wikidata": "Q2911632"
      },
      "geometry": {
        "type": "Point",
        "coordinates": [
          10.936749,
          4.011256
        ]
      },
      "id": "node/2389025055"
    },
    {
      "type": "Feature",
      "properties": {
        "@id": "node/2389822741",
        "name": "Dzeng",
        "note": "rank=0 car commune",
        "place": "town",
        "rank": "0",
        "wikidata": "Q3042188"
      },
      "geometry": {
        "type": "Point",
        "coordinates": [
          11.887987,
          3.76166
        ]
      },
      "id": "node/2389822741"
    },
    {
      "type": "Feature",
      "properties": {
        "@id": "node/2390206140",
        "name": "Boumnyébel",
        "place": "town",
        "wikidata": "Q4949781"
      },
      "geometry": {
        "type": "Point",
        "coordinates": [
          10.8492783,
          3.883887
        ]
      },
      "id": "node/2390206140"
    },
    {
      "type": "Feature",
      "properties": {
        "@id": "node/2402664169",
        "name": "Minta",
        "note": "rank=0 car commune",
        "place": "town",
        "rank": "0",
        "source": "WRI_2005"
      },
      "geometry": {
        "type": "Point",
        "coordinates": [
          12.8282003,
          4.5603526
        ]
      },
      "id": "node/2402664169"
    },
    {
      "type": "Feature",
      "properties": {
        "@id": "node/2402673949",
        "name": "Nsem",
        "note": "rank=0 car commune",
        "place": "town",
        "rank": "0",
        "source": "WRI_2005",
        "wikidata": "Q12699001"
      },
      "geometry": {
        "type": "Point",
        "coordinates": [
          12.937806,
          4.892869
        ]
      },
      "id": "node/2402673949"
    },
    {
      "type": "Feature",
      "properties": {
        "@id": "node/2402679334",
        "alt_name": "Kobdombo;Nyakokombo",
        "name": "Kobdombo",
        "note": "rank=0 car commune",
        "place": "town",
        "rank": "0",
        "source": "WRI_2005"
      },
      "geometry": {
        "type": "Point",
        "coordinates": [
          12.7305205,
          4.0289509
        ]
      },
      "id": "node/2402679334"
    },
    {
      "type": "Feature",
      "properties": {
        "@id": "node/2433996839",
        "designation": "Village",
        "name": "Afanloum",
        "note": "position approximative",
        "place": "village",
        "source": "ateba Wv"
      },
      "geometry": {
        "type": "Point",
        "coordinates": [
          11.8809273,
          4.1111079
        ]
      },
      "id": "node/2433996839"
    },
    {
      "type": "Feature",
      "properties": {
        "@id": "node/2434049018",
        "designation": "town",
        "name": "Endom",
        "note": "position approximative",
        "place": "town",
        "source": "Wv",
        "wikidata": "Q5376357"
      },
      "geometry": {
        "type": "Point",
        "coordinates": [
          12.537392,
          4.09983
        ]
      },
      "id": "node/2434049018"
    },
    {
      "type": "Feature",
      "properties": {
        "@id": "node/2437014423",
        "designation": "village",
        "name": "Ebam",
        "note": "position approximative",
        "place": "village",
        "source": "Wv"
      },
      "geometry": {
        "type": "Point",
        "coordinates": [
          12.8325292,
          4.8759962
        ]
      },
      "id": "node/2437014423"
    },
    {
      "type": "Feature",
      "properties": {
        "@id": "node/2437054991",
        "designation": "Village",
        "name": "Bibéa",
        "place": "village",
        "source": "Wv"
      },
      "geometry": {
        "type": "Point",
        "coordinates": [
          12.8457187,
          4.8809395
        ]
      },
      "id": "node/2437054991"
    },
    {
      "type": "Feature",
      "properties": {
        "@id": "node/2437080660",
        "name": "Ewoe",
        "note": "position approximative",
        "place": "village",
        "source": "wv"
      },
      "geometry": {
        "type": "Point",
        "coordinates": [
          12.8364166,
          4.8940188
        ]
      },
      "id": "node/2437080660"
    },
    {
      "type": "Feature",
      "properties": {
        "@id": "node/2437099848",
        "name": "Andom",
        "note": "position approximative",
        "place": "village",
        "source": "Wv"
      },
      "geometry": {
        "type": "Point",
        "coordinates": [
          12.8147356,
          4.8682318
        ]
      },
      "id": "node/2437099848"
    },
    {
      "type": "Feature",
      "properties": {
        "@id": "node/2437135807",
        "name": "Mpandang",
        "note": "note approximative",
        "place": "village",
        "source": "wv"
      },
      "geometry": {
        "type": "Point",
        "coordinates": [
          12.8382206,
          4.8714521
        ]
      },
      "id": "node/2437135807"
    },
    {
      "type": "Feature",
      "properties": {
        "@id": "node/2437140285",
        "name": "Camp martin",
        "note": "position approximative",
        "place": "village",
        "source": "Wv"
      },
      "geometry": {
        "type": "Point",
        "coordinates": [
          12.8250026,
          4.8596502
        ]
      },
      "id": "node/2437140285"
    },
    {
      "type": "Feature",
      "properties": {
        "@id": "node/2437174793",
        "name": "Endoe",
        "note": "position approximative",
        "place": "village",
        "source": "wv"
      },
      "geometry": {
        "type": "Point",
        "coordinates": [
          12.8276248,
          4.8681964
        ]
      },
      "id": "node/2437174793"
    },
    {
      "type": "Feature",
      "properties": {
        "@id": "node/2437201957",
        "name": "Etol-Bot",
        "note": "position approximative",
        "place": "village",
        "source": "wv"
      },
      "geometry": {
        "type": "Point",
        "coordinates": [
          12.8271187,
          4.8638233
        ]
      },
      "id": "node/2437201957"
    },
    {
      "type": "Feature",
      "properties": {
        "@id": "node/2440575327",
        "name": "Bokito",
        "note": "rank=0 car commune",
        "place": "town",
        "rank": "0",
        "wikidata": "Q2090268"
      },
      "geometry": {
        "type": "Point",
        "coordinates": [
          11.1164375,
          4.5738292
        ]
      },
      "id": "node/2440575327"
    },
    {
      "type": "Feature",
      "properties": {
        "@id": "node/2440583008",
        "name": "Bakoa",
        "place": "village"
      },
      "geometry": {
        "type": "Point",
        "coordinates": [
          11.1544482,
          4.5719548
        ]
      },
      "id": "node/2440583008"
    },
    {
      "type": "Feature",
      "properties": {
        "@id": "node/2445499577",
        "name": "Métèp",
        "place": "village"
      },
      "geometry": {
        "type": "Point",
        "coordinates": [
          12.8328989,
          5.1099679
        ]
      },
      "id": "node/2445499577"
    },
    {
      "type": "Feature",
      "properties": {
        "@id": "node/2445499581",
        "name": "Ndoumba",
        "place": "village"
      },
      "geometry": {
        "type": "Point",
        "coordinates": [
          12.7513282,
          4.9734039
        ]
      },
      "id": "node/2445499581"
    },
    {
      "type": "Feature",
      "properties": {
        "@id": "node/2445500600",
        "place": "village"
      },
      "geometry": {
        "type": "Point",
        "coordinates": [
          12.8166515,
          5.2102766
        ]
      },
      "id": "node/2445500600"
    },
    {
      "type": "Feature",
      "properties": {
        "@id": "node/2445501735",
        "place": "village"
      },
      "geometry": {
        "type": "Point",
        "coordinates": [
          12.7958546,
          5.3500816
        ]
      },
      "id": "node/2445501735"
    },
    {
      "type": "Feature",
      "properties": {
        "@id": "node/2445553531",
        "place": "village"
      },
      "geometry": {
        "type": "Point",
        "coordinates": [
          12.7907693,
          5.3854153
        ]
      },
      "id": "node/2445553531"
    },
    {
      "type": "Feature",
      "properties": {
        "@id": "node/2445553898",
        "place": "village"
      },
      "geometry": {
        "type": "Point",
        "coordinates": [
          12.5940892,
          5.4095882
        ]
      },
      "id": "node/2445553898"
    },
    {
      "type": "Feature",
      "properties": {
        "@id": "node/2445553971",
        "place": "village"
      },
      "geometry": {
        "type": "Point",
        "coordinates": [
          12.7341369,
          5.4122542
        ]
      },
      "id": "node/2445553971"
    },
    {
      "type": "Feature",
      "properties": {
        "@id": "node/2451504065",
        "name": "BIKIT - EVOVOE",
        "note": "position approximative",
        "place": "village",
        "source": "ateba wv"
      },
      "geometry": {
        "type": "Point",
        "coordinates": [
          12.3515753,
          4.6803734
        ]
      },
      "id": "node/2451504065"
    },
    {
      "type": "Feature",
      "properties": {
        "@id": "node/2451564812",
        "name": "AKOMO",
        "note": "position approximattive",
        "place": "village",
        "source": "ateba wv"
      },
      "geometry": {
        "type": "Point",
        "coordinates": [
          12.3514198,
          4.6804964
        ]
      },
      "id": "node/2451564812"
    },
    {
      "type": "Feature",
      "properties": {
        "@id": "node/2451568963",
        "name": "ATOLO - MENGALA",
        "note": "position approximative",
        "place": "village",
        "source": "ateba wv"
      },
      "geometry": {
        "type": "Point",
        "coordinates": [
          12.3513205,
          4.6804135
        ]
      },
      "id": "node/2451568963"
    },
    {
      "type": "Feature",
      "properties": {
        "@id": "node/2451572960",
        "name": "BANA",
        "note": "position approximative",
        "place": "village",
        "source": "ateba wv"
      },
      "geometry": {
        "type": "Point",
        "coordinates": [
          12.3512991,
          4.6805285
        ]
      },
      "id": "node/2451572960"
    },
    {
      "type": "Feature",
      "properties": {
        "@id": "node/2451573613",
        "name": "NKOLABANDA - NKOLESSAN",
        "note": "position approximative",
        "place": "village",
        "source": "ateba wv"
      },
      "geometry": {
        "type": "Point",
        "coordinates": [
          12.3515753,
          4.6806087
        ]
      },
      "id": "node/2451573613"
    },
    {
      "type": "Feature",
      "properties": {
        "@id": "node/2451575976",
        "name": "BISSO I-BISSO II-MBANNANGA-MFANDENA",
        "note": "position approximative",
        "place": "village",
        "source": "ateba wv"
      },
      "geometry": {
        "type": "Point",
        "coordinates": [
          12.3511435,
          4.6805472
        ]
      },
      "id": "node/2451575976"
    },
    {
      "type": "Feature",
      "properties": {
        "@id": "node/2451581173",
        "name": "BISSONO-MENGOSSA",
        "note": "position approximativere",
        "place": "village",
        "source": "ateba wv"
      },
      "geometry": {
        "type": "Point",
        "coordinates": [
          12.3513232,
          4.6807236
        ]
      },
      "id": "node/2451581173"
    },
    {
      "type": "Feature",
      "properties": {
        "@id": "node/2451742199",
        "name": "EBOLBOUMOU-MEKA'A-ANDOM",
        "note": "position approximative",
        "place": "village",
        "source": "ateba wv"
      },
      "geometry": {
        "type": "Point",
        "coordinates": [
          12.3516799,
          4.6807717
        ]
      },
      "id": "node/2451742199"
    },
    {
      "type": "Feature",
      "properties": {
        "@id": "node/2451742200",
        "name": "EDOUMDANE",
        "note": "position approximative",
        "place": "village",
        "source": "ateba wv"
      },
      "geometry": {
        "type": "Point",
        "coordinates": [
          12.351055,
          4.6807664
        ]
      },
      "id": "node/2451742200"
    },
    {
      "type": "Feature",
      "properties": {
        "@id": "node/2451743560",
        "name": "EKANG-FANG",
        "note": "position approximative",
        "place": "village",
        "source": "ateba wv"
      },
      "geometry": {
        "type": "Point",
        "coordinates": [
          12.3514761,
          4.6808787
        ]
      },
      "id": "node/2451743560"
    },
    {
      "type": "Feature",
      "properties": {
        "@id": "node/2451776064",
        "name": "ONGO'O-ENDOUM-YAMBA-ESSOUM",
        "note": "position approximative",
        "place": "village",
        "source": "ateba wv"
      },
      "geometry": {
        "type": "Point",
        "coordinates": [
          12.3510791,
          4.6802504
        ]
      },
      "id": "node/2451776064"
    },
    {
      "type": "Feature",
      "properties": {
        "@id": "node/2451787898",
        "name": "ALANGANA-ETSINGUILI",
        "note": "position approximative",
        "place": "village",
        "source": "ateba wv"
      },
      "geometry": {
        "type": "Point",
        "coordinates": [
          12.3509826,
          4.680892
        ]
      },
      "id": "node/2451787898"
    },
    {
      "type": "Feature",
      "properties": {
        "@id": "node/2451796558",
        "name": "KOKOA",
        "note": "position approximative",
        "place": "village",
        "source": "ateba wv"
      },
      "geometry": {
        "type": "Point",
        "coordinates": [
          12.3510657,
          4.6806461
        ]
      },
      "id": "node/2451796558"
    },
    {
      "type": "Feature",
      "properties": {
        "@id": "node/2460662487",
        "name": "Abang Betsenga",
        "place": "village",
        "source": "WRI_2005"
      },
      "geometry": {
        "type": "Point",
        "coordinates": [
          11.2910154,
          3.2962197
        ]
      },
      "id": "node/2460662487"
    },
    {
      "type": "Feature",
      "properties": {
        "@id": "node/2460662493",
        "name": "Abodomveng",
        "place": "village",
        "source": "WRI_2005"
      },
      "geometry": {
        "type": "Point",
        "coordinates": [
          11.2978136,
          3.2576624
        ]
      },
      "id": "node/2460662493"
    },
    {
      "type": "Feature",
      "properties": {
        "@id": "node/2460662666",
        "name": "Akok",
        "place": "village",
        "source": "WRI_2005",
        "wikidata": "Q25397559"
      },
      "geometry": {
        "type": "Point",
        "coordinates": [
          11.166801,
          3.26992
        ]
      },
      "id": "node/2460662666"
    },
    {
      "type": "Feature",
      "properties": {
        "@id": "node/2460662857",
        "name": "Ayéné",
        "place": "village",
        "source": "WRI_2005"
      },
      "geometry": {
        "type": "Point",
        "coordinates": [
          11.1262312,
          3.2693758
        ]
      },
      "id": "node/2460662857"
    },
    {
      "type": "Feature",
      "properties": {
        "@id": "node/2460662961",
        "name": "Kama",
        "place": "village",
        "source": "WRI_2005"
      },
      "geometry": {
        "type": "Point",
        "coordinates": [
          11.1898452,
          3.2180474
        ]
      },
      "id": "node/2460662961"
    },
    {
      "type": "Feature",
      "properties": {
        "@id": "node/2460662966",
        "name": "Koumassi I",
        "place": "village",
        "source": "WRI_2005"
      },
      "geometry": {
        "type": "Point",
        "coordinates": [
          11.2074181,
          3.3003615
        ]
      },
      "id": "node/2460662966"
    },
    {
      "type": "Feature",
      "properties": {
        "@id": "node/2460663009",
        "name": "Mbeng I",
        "place": "village",
        "source": "WRI_2005"
      },
      "geometry": {
        "type": "Point",
        "coordinates": [
          11.1204163,
          3.3059491
        ]
      },
      "id": "node/2460663009"
    },
    {
      "type": "Feature",
      "properties": {
        "@id": "node/2460663022",
        "name": "Mebomezoa",
        "place": "village",
        "source": "WRI_2005"
      },
      "geometry": {
        "type": "Point",
        "coordinates": [
          11.2949262,
          3.196898
        ]
      },
      "id": "node/2460663022"
    },
    {
      "type": "Feature",
      "properties": {
        "@id": "node/2460663081",
        "name": "Mimetala",
        "place": "village",
        "source": "WRI_2005"
      },
      "geometry": {
        "type": "Point",
        "coordinates": [
          11.3218092,
          3.2367761
        ]
      },
      "id": "node/2460663081"
    },
    {
      "type": "Feature",
      "properties": {
        "@id": "node/2460663091",
        "name": "Minlaba",
        "place": "village",
        "source": "WRI_2005"
      },
      "geometry": {
        "type": "Point",
        "coordinates": [
          11.3496031,
          3.1688416
        ]
      },
      "id": "node/2460663091"
    },
    {
      "type": "Feature",
      "properties": {
        "@id": "node/2460663131",
        "name": "Mékamba",
        "place": "village",
        "source": "WRI_2005"
      },
      "geometry": {
        "type": "Point",
        "coordinates": [
          11.3331779,
          3.1311405
        ]
      },
      "id": "node/2460663131"
    },
    {
      "type": "Feature",
      "properties": {
        "@id": "node/2460663349",
        "name": "Nkoambé",
        "place": "village",
        "source": "WRI_2005"
      },
      "geometry": {
        "type": "Point",
        "coordinates": [
          11.2763694,
          3.2909444
        ]
      },
      "id": "node/2460663349"
    },
    {
      "type": "Feature",
      "properties": {
        "@id": "node/2460663372",
        "name": "Nkolbewaa II",
        "place": "village",
        "source": "WRI_2005"
      },
      "geometry": {
        "type": "Point",
        "coordinates": [
          11.2019221,
          3.281528
        ]
      },
      "id": "node/2460663372"
    },
    {
      "type": "Feature",
      "properties": {
        "@id": "node/2460663413",
        "name": "Nkolméyang",
        "place": "village",
        "source": "WRI_2005"
      },
      "geometry": {
        "type": "Point",
        "coordinates": [
          11.2203356,
          3.196877
        ]
      },
      "id": "node/2460663413"
    },
    {
      "type": "Feature",
      "properties": {
        "@id": "node/2460663442",
        "name": "Nkongnen I",
        "place": "village",
        "source": "WRI_2005"
      },
      "geometry": {
        "type": "Point",
        "coordinates": [
          11.2067318,
          3.1669724
        ]
      },
      "id": "node/2460663442"
    },
    {
      "type": "Feature",
      "properties": {
        "@id": "node/2460663443",
        "name": "Nkongnen II",
        "place": "village",
        "source": "WRI_2005"
      },
      "geometry": {
        "type": "Point",
        "coordinates": [
          11.1903976,
          3.1629083
        ]
      },
      "id": "node/2460663443"
    },
    {
      "type": "Feature",
      "properties": {
        "@id": "node/2460663467",
        "name": "Nom Nam",
        "place": "village",
        "source": "WRI_2005"
      },
      "geometry": {
        "type": "Point",
        "coordinates": [
          11.3234441,
          3.206164
        ]
      },
      "id": "node/2460663467"
    },
    {
      "type": "Feature",
      "properties": {
        "@id": "node/2460663472",
        "name": "Nomnam",
        "place": "village",
        "source": "WRI_2005"
      },
      "geometry": {
        "type": "Point",
        "coordinates": [
          11.1599144,
          3.2529407
        ]
      },
      "id": "node/2460663472"
    },
    {
      "type": "Feature",
      "properties": {
        "@id": "node/2460663574",
        "name": "Ossoessam",
        "place": "village",
        "source": "WRI_2005"
      },
      "geometry": {
        "type": "Point",
        "coordinates": [
          11.2950584,
          3.2468397
        ]
      },
      "id": "node/2460663574"
    },
    {
      "type": "Feature",
      "properties": {
        "@id": "node/2460663642",
        "name": "Soumayop",
        "place": "village",
        "source": "WRI_2005"
      },
      "geometry": {
        "type": "Point",
        "coordinates": [
          11.3519857,
          3.2355121
        ]
      },
      "id": "node/2460663642"
    },
    {
      "type": "Feature",
      "properties": {
        "@id": "node/2460663675",
        "name": "Tiga",
        "place": "village",
        "source": "WRI_2005"
      },
      "geometry": {
        "type": "Point",
        "coordinates": [
          11.1451331,
          3.275002
        ]
      },
      "id": "node/2460663675"
    },
    {
      "type": "Feature",
      "properties": {
        "@id": "node/2460695192",
        "name": "Bamo",
        "place": "village",
        "source": "WRI_2005"
      },
      "geometry": {
        "type": "Point",
        "coordinates": [
          10.8448615,
          4.0524756
        ]
      },
      "id": "node/2460695192"
    },
    {
      "type": "Feature",
      "properties": {
        "@id": "node/2460695196",
        "name": "Beng-Nyong",
        "place": "village",
        "source": "WRI_2005"
      },
      "geometry": {
        "type": "Point",
        "coordinates": [
          11.0208827,
          3.5345709
        ]
      },
      "id": "node/2460695196"
    },
    {
      "type": "Feature",
      "properties": {
        "@id": "node/2460695201",
        "name": "Bibodi",
        "place": "village",
        "source": "WRI_2005"
      },
      "geometry": {
        "type": "Point",
        "coordinates": [
          10.9040544,
          3.960052
        ]
      },
      "id": "node/2460695201"
    },
    {
      "type": "Feature",
      "properties": {
        "@id": "node/2460695210",
        "name": "Bidjoka",
        "place": "village",
        "source": "WRI_2005"
      },
      "geometry": {
        "type": "Point",
        "coordinates": [
          10.6073248,
          3.6806367
        ]
      },
      "id": "node/2460695210"
    },
    {
      "type": "Feature",
      "properties": {
        "@id": "node/2460695222",
        "name": "Bilagal",
        "place": "village",
        "source": "WRI_2005"
      },
      "geometry": {
        "type": "Point",
        "coordinates": [
          10.6988699,
          3.6914202
        ]
      },
      "id": "node/2460695222"
    },
    {
      "type": "Feature",
      "properties": {
        "@id": "node/2460695226",
        "name": "Bimen",
        "place": "village",
        "source": "WRI_2005"
      },
      "geometry": {
        "type": "Point",
        "coordinates": [
          10.8896362,
          3.4903935
        ]
      },
      "id": "node/2460695226"
    },
    {
      "type": "Feature",
      "properties": {
        "@id": "node/2460695232",
        "name": "Bodi",
        "place": "village",
        "source": "WRI_2005"
      },
      "geometry": {
        "type": "Point",
        "coordinates": [
          10.6690912,
          3.4931973
        ]
      },
      "id": "node/2460695232"
    },
    {
      "type": "Feature",
      "properties": {
        "@id": "node/2460695233",
        "name": "Boga",
        "place": "village",
        "source": "WRI_2005"
      },
      "geometry": {
        "type": "Point",
        "coordinates": [
          10.7853261,
          3.8971799
        ]
      },
      "id": "node/2460695233"
    },
    {
      "type": "Feature",
      "properties": {
        "@id": "node/2460695236",
        "name": "Bomb",
        "place": "village",
        "source": "WRI_2005"
      },
      "geometry": {
        "type": "Point",
        "coordinates": [
          10.7641035,
          3.9891978
        ]
      },
      "id": "node/2460695236"
    },
    {
      "type": "Feature",
      "properties": {
        "@id": "node/2460695237",
        "name": "Bomtol",
        "place": "village",
        "source": "WRI_2005"
      },
      "geometry": {
        "type": "Point",
        "coordinates": [
          11.043261,
          3.8483371
        ]
      },
      "id": "node/2460695237"
    },
    {
      "type": "Feature",
      "properties": {
        "@id": "node/2460695240",
        "name": "Bongsombi",
        "place": "village",
        "source": "WRI_2005"
      },
      "geometry": {
        "type": "Point",
        "coordinates": [
          10.6781005,
          3.7278771
        ]
      },
      "id": "node/2460695240"
    },
    {
      "type": "Feature",
      "properties": {
        "@id": "node/2460695242",
        "name": "Boumndjok",
        "place": "village",
        "source": "WRI_2005"
      },
      "geometry": {
        "type": "Point",
        "coordinates": [
          10.97486,
          4.0497965
        ]
      },
      "id": "node/2460695242"
    },
    {
      "type": "Feature",
      "properties": {
        "@id": "node/2460695244",
        "name": "Béda",
        "place": "village",
        "source": "WRI_2005"
      },
      "geometry": {
        "type": "Point",
        "coordinates": [
          10.8047825,
          4.0753307
        ]
      },
      "id": "node/2460695244"
    },
    {
      "type": "Feature",
      "properties": {
        "@id": "node/2460695251",
        "name": "Dikonop",
        "place": "village",
        "source": "WRI_2005"
      },
      "geometry": {
        "type": "Point",
        "coordinates": [
          10.7511147,
          3.956405
        ]
      },
      "id": "node/2460695251"
    },
    {
      "type": "Feature",
      "properties": {
        "@id": "node/2460695252",
        "name": "Dingombi",
        "place": "village",
        "source": "WRI_2005"
      },
      "geometry": {
        "type": "Point",
        "coordinates": [
          10.8166756,
          4.0025309
        ]
      },
      "id": "node/2460695252"
    },
    {
      "type": "Feature",
      "properties": {
        "@id": "node/2460695254",
        "name": "Djel",
        "place": "village",
        "source": "WRI_2005"
      },
      "geometry": {
        "type": "Point",
        "coordinates": [
          11.0566286,
          3.9393177
        ]
      },
      "id": "node/2460695254"
    },
    {
      "type": "Feature",
      "properties": {
        "@id": "node/2460695264",
        "name": "Ekgangomba",
        "place": "village",
        "source": "WRI_2005"
      },
      "geometry": {
        "type": "Point",
        "coordinates": [
          11.0482336,
          3.9706461
        ]
      },
      "id": "node/2460695264"
    },
    {
      "type": "Feature",
      "properties": {
        "@id": "node/2460695266",
        "name": "Ekokboum",
        "place": "village",
        "source": "WRI_2005"
      },
      "geometry": {
        "type": "Point",
        "coordinates": [
          10.5521201,
          3.6422333
        ]
      },
      "id": "node/2460695266"
    },
    {
      "type": "Feature",
      "properties": {
        "@id": "node/2460695267",
        "name": "Ekoudbessanda",
        "place": "village",
        "source": "WRI_2005"
      },
      "geometry": {
        "type": "Point",
        "coordinates": [
          11.0633629,
          3.3829198
        ]
      },
      "id": "node/2460695267"
    },
    {
      "type": "Feature",
      "properties": {
        "@id": "node/2460695277",
        "name": "Ham",
        "place": "village",
        "source": "WRI_2005"
      },
      "geometry": {
        "type": "Point",
        "coordinates": [
          10.8078833,
          3.9853326
        ]
      },
      "id": "node/2460695277"
    },
    {
      "type": "Feature",
      "properties": {
        "@id": "node/2460695279",
        "name": "Hegba",
        "place": "village",
        "source": "WRI_2005"
      },
      "geometry": {
        "type": "Point",
        "coordinates": [
          11.0841251,
          3.9765507
        ]
      },
      "id": "node/2460695279"
    },
    {
      "type": "Feature",
      "properties": {
        "@id": "node/2460695280",
        "name": "Ilanga",
        "place": "village",
        "source": "WRI_2005"
      },
      "geometry": {
        "type": "Point",
        "coordinates": [
          10.7824041,
          3.685445
        ]
      },
      "id": "node/2460695280"
    },
    {
      "type": "Feature",
      "properties": {
        "@id": "node/2460695283",
        "name": "Kelle",
        "place": "village",
        "source": "WRI_2005"
      },
      "geometry": {
        "type": "Point",
        "coordinates": [
          10.810114,
          3.8299584
        ]
      },
      "id": "node/2460695283"
    },
    {
      "type": "Feature",
      "properties": {
        "@id": "node/2460695284",
        "name": "Kellé Bidjoka",
        "place": "village",
        "source": "WRI_2005"
      },
      "geometry": {
        "type": "Point",
        "coordinates": [
          10.3810358,
          3.6197755
        ]
      },
      "id": "node/2460695284"
    },
    {
      "type": "Feature",
      "properties": {
        "@id": "node/2460695285",
        "name": "Kellé Mpek",
        "place": "village",
        "source": "WRI_2005"
      },
      "geometry": {
        "type": "Point",
        "coordinates": [
          10.377784,
          3.5872204
        ]
      },
      "id": "node/2460695285"
    },
    {
      "type": "Feature",
      "properties": {
        "@id": "node/2460695288",
        "name": "Kombe",
        "place": "village",
        "source": "WRI_2005"
      },
      "geometry": {
        "type": "Point",
        "coordinates": [
          10.9792361,
          4.0697663
        ]
      },
      "id": "node/2460695288"
    },
    {
      "type": "Feature",
      "properties": {
        "@id": "node/2460695289",
        "name": "Kombeng",
        "place": "village",
        "source": "WRI_2005"
      },
      "geometry": {
        "type": "Point",
        "coordinates": [
          11.0807342,
          3.7420524
        ]
      },
      "id": "node/2460695289"
    },
    {
      "type": "Feature",
      "properties": {
        "@id": "node/2460695295",
        "name": "Kélé Ndongond",
        "place": "village",
        "source": "WRI_2005"
      },
      "geometry": {
        "type": "Point",
        "coordinates": [
          10.3892752,
          3.732272
        ]
      },
      "id": "node/2460695295"
    },
    {
      "type": "Feature",
      "properties": {
        "@id": "node/2460695296",
        "name": "Lamal",
        "place": "village",
        "source": "WRI_2005"
      },
      "geometry": {
        "type": "Point",
        "coordinates": [
          10.9478127,
          3.8516654
        ]
      },
      "id": "node/2460695296"
    },
    {
      "type": "Feature",
      "properties": {
        "@id": "node/2460695298",
        "name": "Lebongla",
        "place": "village",
        "source": "WRI_2005"
      },
      "geometry": {
        "type": "Point",
        "coordinates": [
          10.9485375,
          4.0454392
        ]
      },
      "id": "node/2460695298"
    },
    {
      "type": "Feature",
      "properties": {
        "@id": "node/2460695299",
        "name": "Lelep II",
        "place": "village",
        "source": "WRI_2005"
      },
      "geometry": {
        "type": "Point",
        "coordinates": [
          11.0666973,
          3.9504539
        ]
      },
      "id": "node/2460695299"
    },
    {
      "type": "Feature",
      "properties": {
        "@id": "node/2460695302",
        "name": "Libobi",
        "place": "village",
        "source": "WRI_2005"
      },
      "geometry": {
        "type": "Point",
        "coordinates": [
          11.0533322,
          4.0686257
        ]
      },
      "id": "node/2460695302"
    },
    {
      "type": "Feature",
      "properties": {
        "@id": "node/2460695303",
        "name": "Libok",
        "place": "village",
        "source": "WRI_2005"
      },
      "geometry": {
        "type": "Point",
        "coordinates": [
          10.4069351,
          3.4226261
        ]
      },
      "id": "node/2460695303"
    },
    {
      "type": "Feature",
      "properties": {
        "@id": "node/2460695304",
        "name": "Likongué",
        "place": "village",
        "source": "WRI_2005"
      },
      "geometry": {
        "type": "Point",
        "coordinates": [
          10.9884151,
          3.3943016
        ]
      },
      "id": "node/2460695304"
    },
    {
      "type": "Feature",
      "properties": {
        "@id": "node/2460695305",
        "name": "Likouk",
        "place": "village",
        "source": "WRI_2005"
      },
      "geometry": {
        "type": "Point",
        "coordinates": [
          10.3187148,
          3.4450947
        ]
      },
      "id": "node/2460695305"
    },
    {
      "type": "Feature",
      "properties": {
        "@id": "node/2460695306",
        "name": "Limay",
        "place": "village",
        "source": "WRI_2005"
      },
      "geometry": {
        "type": "Point",
        "coordinates": [
          10.8128359,
          3.9680578
        ]
      },
      "id": "node/2460695306"
    },
    {
      "type": "Feature",
      "properties": {
        "@id": "node/2460695307",
        "name": "Limoug Lehog",
        "place": "village",
        "source": "WRI_2005"
      },
      "geometry": {
        "type": "Point",
        "coordinates": [
          10.8543548,
          3.747594
        ]
      },
      "id": "node/2460695307"
    },
    {
      "type": "Feature",
      "properties": {
        "@id": "node/2460695308",
        "name": "Lipombé",
        "place": "village",
        "source": "WRI_2005"
      },
      "geometry": {
        "type": "Point",
        "coordinates": [
          10.9160224,
          3.551117
        ]
      },
      "id": "node/2460695308"
    },
    {
      "type": "Feature",
      "properties": {
        "@id": "node/2460695321",
        "name": "Lom",
        "place": "village",
        "source": "WRI_2005"
      },
      "geometry": {
        "type": "Point",
        "coordinates": [
          11.0448108,
          3.5321185
        ]
      },
      "id": "node/2460695321"
    },
    {
      "type": "Feature",
      "properties": {
        "@id": "node/2460695322",
        "name": "Loum",
        "place": "village",
        "source": "WRI_2005"
      },
      "geometry": {
        "type": "Point",
        "coordinates": [
          10.9841708,
          4.0270812
        ]
      },
      "id": "node/2460695322"
    },
    {
      "type": "Feature",
      "properties": {
        "@id": "node/2460695323",
        "name": "Maholé",
        "place": "village",
        "source": "WRI_2005"
      },
      "geometry": {
        "type": "Point",
        "coordinates": [
          10.7706278,
          3.8908413
        ]
      },
      "id": "node/2460695323"
    },
    {
      "type": "Feature",
      "properties": {
        "@id": "node/2460695324",
        "name": "Mahomey",
        "place": "village",
        "source": "WRI_2005"
      },
      "geometry": {
        "type": "Point",
        "coordinates": [
          10.8717069,
          3.6021704
        ]
      },
      "id": "node/2460695324"
    },
    {
      "type": "Feature",
      "properties": {
        "@id": "node/2460695327",
        "name": "Makay",
        "place": "village",
        "source": "WRI_2005"
      },
      "geometry": {
        "type": "Point",
        "coordinates": [
          10.8832576,
          3.9474997
        ]
      },
      "id": "node/2460695327"
    },
    {
      "type": "Feature",
      "properties": {
        "@id": "node/2460695330",
        "name": "Makoda",
        "place": "village",
        "source": "WRI_2005"
      },
      "geometry": {
        "type": "Point",
        "coordinates": [
          11.034328,
          3.8101684
        ]
      },
      "id": "node/2460695330"
    },
    {
      "type": "Feature",
      "properties": {
        "@id": "node/2460695331",
        "name": "Makomol",
        "place": "village",
        "source": "WRI_2005"
      },
      "geometry": {
        "type": "Point",
        "coordinates": [
          10.8110923,
          3.5402472
        ]
      },
      "id": "node/2460695331"
    },
    {
      "type": "Feature",
      "properties": {
        "@id": "node/2460695336",
        "name": "Maloumbé",
        "place": "village",
        "source": "WRI_2005"
      },
      "geometry": {
        "type": "Point",
        "coordinates": [
          10.5550581,
          3.4561222
        ]
      },
      "id": "node/2460695336"
    },
    {
      "type": "Feature",
      "properties": {
        "@id": "node/2460695337",
        "name": "Mamb",
        "place": "village",
        "source": "WRI_2005",
        "wikidata": "Q24448250"
      },
      "geometry": {
        "type": "Point",
        "coordinates": [
          10.927,
          3.853477
        ]
      },
      "id": "node/2460695337"
    },
    {
      "type": "Feature",
      "properties": {
        "@id": "node/2460695339",
        "name": "Mandjak",
        "place": "village",
        "source": "WRI_2005"
      },
      "geometry": {
        "type": "Point",
        "coordinates": [
          10.86531,
          3.5661252
        ]
      },
      "id": "node/2460695339"
    },
    {
      "type": "Feature",
      "properties": {
        "@id": "node/2460695342",
        "name": "Mangabi",
        "place": "village",
        "source": "WRI_2005"
      },
      "geometry": {
        "type": "Point",
        "coordinates": [
          10.9643505,
          3.9799052
        ]
      },
      "id": "node/2460695342"
    },
    {
      "type": "Feature",
      "properties": {
        "@id": "node/2460695343",
        "name": "Manguen I",
        "place": "village",
        "source": "WRI_2005"
      },
      "geometry": {
        "type": "Point",
        "coordinates": [
          11.0510711,
          3.775644
        ]
      },
      "id": "node/2460695343"
    },
    {
      "type": "Feature",
      "properties": {
        "@id": "node/2460695344",
        "name": "Manguenda II",
        "place": "village",
        "source": "WRI_2005"
      },
      "geometry": {
        "type": "Point",
        "coordinates": [
          10.8808729,
          3.9882089
        ]
      },
      "id": "node/2460695344"
    },
    {
      "type": "Feature",
      "properties": {
        "@id": "node/2460695345",
        "name": "Manguéngués",
        "place": "village",
        "source": "WRI_2005"
      },
      "geometry": {
        "type": "Point",
        "coordinates": [
          10.7153319,
          3.5407869
        ]
      },
      "id": "node/2460695345"
    },
    {
      "type": "Feature",
      "properties": {
        "@id": "node/2460695347",
        "name": "Manolo",
        "place": "village",
        "source": "WRI_2005"
      },
      "geometry": {
        "type": "Point",
        "coordinates": [
          11.0617441,
          3.9931502
        ]
      },
      "id": "node/2460695347"
    },
    {
      "type": "Feature",
      "properties": {
        "@id": "node/2460695348",
        "name": "Manyaï",
        "place": "village",
        "source": "WRI_2005 + survey"
      },
      "geometry": {
        "type": "Point",
        "coordinates": [
          11.0166773,
          3.8218887
        ]
      },
      "id": "node/2460695348"
    },
    {
      "type": "Feature",
      "properties": {
        "@id": "node/2460695350",
        "name": "Mapan",
        "place": "village",
        "source": "WRI_2005"
      },
      "geometry": {
        "type": "Point",
        "coordinates": [
          10.8228157,
          3.7841878
        ]
      },
      "id": "node/2460695350"
    },
    {
      "type": "Feature",
      "properties": {
        "@id": "node/2460695353",
        "name": "Matol",
        "place": "village",
        "source": "WRI_2005"
      },
      "geometry": {
        "type": "Point",
        "coordinates": [
          10.7975891,
          4.0093263
        ]
      },
      "id": "node/2460695353"
    },
    {
      "type": "Feature",
      "properties": {
        "@id": "node/2460695354",
        "name": "Matomb Brousse",
        "place": "village",
        "source": "WRI_2005"
      },
      "geometry": {
        "type": "Point",
        "coordinates": [
          11.0387675,
          3.8450783
        ]
      },
      "id": "node/2460695354"
    },
    {
      "type": "Feature",
      "properties": {
        "@id": "node/2460695355",
        "name": "Mayos",
        "place": "village",
        "source": "WRI_2005"
      },
      "geometry": {
        "type": "Point",
        "coordinates": [
          11.0429623,
          3.9223756
        ]
      },
      "id": "node/2460695355"
    },
    {
      "type": "Feature",
      "properties": {
        "@id": "node/2460695360",
        "name": "Mbanda",
        "place": "village",
        "source": "WRI_2005"
      },
      "geometry": {
        "type": "Point",
        "coordinates": [
          10.8865588,
          4.0156259
        ]
      },
      "id": "node/2460695360"
    },
    {
      "type": "Feature",
      "properties": {
        "@id": "node/2460695361",
        "name": "Mbanda",
        "place": "village",
        "source": "WRI_2005"
      },
      "geometry": {
        "type": "Point",
        "coordinates": [
          10.7496126,
          4.0283289
        ]
      },
      "id": "node/2460695361"
    },
    {
      "type": "Feature",
      "properties": {
        "@id": "node/2460695363",
        "name": "Mbandjok",
        "place": "village",
        "source": "WRI_2005"
      },
      "geometry": {
        "type": "Point",
        "coordinates": [
          10.9209263,
          3.6894907
        ]
      },
      "id": "node/2460695363"
    },
    {
      "type": "Feature",
      "properties": {
        "@id": "node/2460695367",
        "name": "Mbangué",
        "place": "village",
        "source": "WRI_2005"
      },
      "geometry": {
        "type": "Point",
        "coordinates": [
          10.89713,
          4.0492632
        ]
      },
      "id": "node/2460695367"
    },
    {
      "type": "Feature",
      "properties": {
        "@id": "node/2460695368",
        "name": "Mbemndjock",
        "place": "village",
        "source": "WRI_2005"
      },
      "geometry": {
        "type": "Point",
        "coordinates": [
          11.0049814,
          3.7928125
        ]
      },
      "id": "node/2460695368"
    },
    {
      "type": "Feature",
      "properties": {
        "@id": "node/2460695370",
        "name": "Mbengué I",
        "place": "village",
        "source": "WRI_2005"
      },
      "geometry": {
        "type": "Point",
        "coordinates": [
          10.4507435,
          3.6599337
        ]
      },
      "id": "node/2460695370"
    },
    {
      "type": "Feature",
      "properties": {
        "@id": "node/2460695371",
        "name": "Mbengué II",
        "place": "village",
        "source": "WRI_2005"
      },
      "geometry": {
        "type": "Point",
        "coordinates": [
          10.4240936,
          3.6302421
        ]
      },
      "id": "node/2460695371"
    },
    {
      "type": "Feature",
      "properties": {
        "@id": "node/2460695373",
        "name": "Mboglom",
        "place": "village",
        "source": "WRI_2005"
      },
      "geometry": {
        "type": "Point",
        "coordinates": [
          10.9768154,
          3.6578437
        ]
      },
      "id": "node/2460695373"
    },
    {
      "type": "Feature",
      "properties": {
        "@id": "node/2460695374",
        "name": "Mbonga",
        "place": "village",
        "source": "WRI_2005"
      },
      "geometry": {
        "type": "Point",
        "coordinates": [
          10.9412418,
          4.0554311
        ]
      },
      "id": "node/2460695374"
    },
    {
      "type": "Feature",
      "properties": {
        "@id": "node/2460695376",
        "name": "Mboui I",
        "place": "village",
        "source": "WRI_2005"
      },
      "geometry": {
        "type": "Point",
        "coordinates": [
          10.4514523,
          3.7554678
        ]
      },
      "id": "node/2460695376"
    },
    {
      "type": "Feature",
      "properties": {
        "@id": "node/2460695377",
        "name": "Mboule",
        "place": "village",
        "source": "WRI_2005"
      },
      "geometry": {
        "type": "Point",
        "coordinates": [
          10.9666575,
          3.4402696
        ]
      },
      "id": "node/2460695377"
    },
    {
      "type": "Feature",
      "properties": {
        "@id": "node/2460695382",
        "name": "Memel",
        "place": "village",
        "source": "WRI_2005"
      },
      "geometry": {
        "type": "Point",
        "coordinates": [
          10.735704,
          3.7774662
        ]
      },
      "id": "node/2460695382"
    },
    {
      "type": "Feature",
      "properties": {
        "@id": "node/2460695383",
        "name": "Mengog",
        "place": "village",
        "source": "WRI_2005"
      },
      "geometry": {
        "type": "Point",
        "coordinates": [
          11.0218695,
          3.9567284
        ]
      },
      "id": "node/2460695383"
    },
    {
      "type": "Feature",
      "properties": {
        "@id": "node/2460695387",
        "name": "Minlongo",
        "place": "village",
        "source": "WRI_2005"
      },
      "geometry": {
        "type": "Point",
        "coordinates": [
          10.7477862,
          3.4818677
        ]
      },
      "id": "node/2460695387"
    },
    {
      "type": "Feature",
      "properties": {
        "@id": "node/2460695388",
        "name": "Minloo (Lissai)",
        "name:bas": "Menloh",
        "place": "village",
        "population": "175",
        "source": "WRI_2005;local knowledge"
      },
      "geometry": {
        "type": "Point",
        "coordinates": [
          10.9235983,
          3.5960742
        ]
      },
      "id": "node/2460695388"
    },
    {
      "type": "Feature",
      "properties": {
        "@id": "node/2460695389",
        "name": "Minoini Ndjok",
        "place": "village",
        "source": "WRI_2005"
      },
      "geometry": {
        "type": "Point",
        "coordinates": [
          10.672138,
          3.9417978
        ]
      },
      "id": "node/2460695389"
    },
    {
      "type": "Feature",
      "properties": {
        "@id": "node/2460695390",
        "name": "Minsongue",
        "place": "village",
        "source": "WRI_2005"
      },
      "geometry": {
        "type": "Point",
        "coordinates": [
          10.9457293,
          4.0763653
        ]
      },
      "id": "node/2460695390"
    },
    {
      "type": "Feature",
      "properties": {
        "@id": "node/2460695397",
        "name": "Modé",
        "place": "village",
        "source": "WRI_2005"
      },
      "geometry": {
        "type": "Point",
        "coordinates": [
          10.882028,
          3.9124182
        ]
      },
      "id": "node/2460695397"
    },
    {
      "type": "Feature",
      "properties": {
        "@id": "node/2460695401",
        "name": "Mom",
        "place": "village",
        "source": "WRI_2005"
      },
      "geometry": {
        "type": "Point",
        "coordinates": [
          10.7178251,
          3.9582471
        ]
      },
      "id": "node/2460695401"
    },
    {
      "type": "Feature",
      "properties": {
        "@id": "node/2460695412",
        "name": "Méntanyé",
        "place": "village",
        "source": "WRI_2005"
      },
      "geometry": {
        "type": "Point",
        "coordinates": [
          10.7409007,
          3.4970847
        ]
      },
      "id": "node/2460695412"
    },
    {
      "type": "Feature",
      "properties": {
        "@id": "node/2460695416",
        "name": "Ndjok Bane",
        "place": "village",
        "source": "WRI_2005"
      },
      "geometry": {
        "type": "Point",
        "coordinates": [
          10.8911903,
          4.0367017
        ]
      },
      "id": "node/2460695416"
    },
    {
      "type": "Feature",
      "properties": {
        "@id": "node/2460695417",
        "name": "Ndjok Nkong",
        "place": "village",
        "source": "WRI_2005"
      },
      "geometry": {
        "type": "Point",
        "coordinates": [
          10.876915,
          3.873384
        ]
      },
      "id": "node/2460695417"
    },
    {
      "type": "Feature",
      "properties": {
        "@id": "node/2460695418",
        "name": "Ndjok Nkong",
        "place": "village",
        "source": "WRI_2005"
      },
      "geometry": {
        "type": "Point",
        "coordinates": [
          10.8593059,
          3.8893627
        ]
      },
      "id": "node/2460695418"
    },
    {
      "type": "Feature",
      "properties": {
        "@id": "node/2460695422",
        "name": "Ndog Nlend",
        "place": "village",
        "source": "WRI_2005"
      },
      "geometry": {
        "type": "Point",
        "coordinates": [
          10.9439378,
          3.9358073
        ]
      },
      "id": "node/2460695422"
    },
    {
      "type": "Feature",
      "properties": {
        "@id": "node/2460695423",
        "name": "Ndogbessol",
        "place": "village",
        "source": "WRI_2005"
      },
      "geometry": {
        "type": "Point",
        "coordinates": [
          10.562689,
          3.6681789
        ]
      },
      "id": "node/2460695423"
    },
    {
      "type": "Feature",
      "properties": {
        "@id": "node/2460695429",
        "name": "Ndong Lien",
        "place": "village",
        "source": "WRI_2005"
      },
      "geometry": {
        "type": "Point",
        "coordinates": [
          10.2652923,
          3.4338198
        ]
      },
      "id": "node/2460695429"
    },
    {
      "type": "Feature",
      "properties": {
        "@id": "node/2460695431",
        "name": "Ndongo",
        "place": "village",
        "source": "WRI_2005"
      },
      "geometry": {
        "type": "Point",
        "coordinates": [
          10.8395831,
          4.0191402
        ]
      },
      "id": "node/2460695431"
    },
    {
      "type": "Feature",
      "properties": {
        "@id": "node/2460695432",
        "name": "Ndoupe",
        "place": "village",
        "source": "WRI_2005"
      },
      "geometry": {
        "type": "Point",
        "coordinates": [
          10.6758277,
          3.8793531
        ]
      },
      "id": "node/2460695432"
    },
    {
      "type": "Feature",
      "properties": {
        "@id": "node/2460695433",
        "name": "Ngan Mbeng",
        "place": "village",
        "source": "WRI_2005"
      },
      "geometry": {
        "type": "Point",
        "coordinates": [
          10.9733678,
          3.4585123
        ]
      },
      "id": "node/2460695433"
    },
    {
      "type": "Feature",
      "properties": {
        "@id": "node/2460695434",
        "name": "Nganda",
        "place": "village",
        "source": "WRI_2005"
      },
      "geometry": {
        "type": "Point",
        "coordinates": [
          11.0391663,
          3.7399413
        ]
      },
      "id": "node/2460695434"
    },
    {
      "type": "Feature",
      "properties": {
        "@id": "node/2460695436",
        "name": "Ngog Ngwas",
        "place": "village",
        "source": "WRI_2005"
      },
      "geometry": {
        "type": "Point",
        "coordinates": [
          10.8031255,
          4.0241956
        ]
      },
      "id": "node/2460695436"
    },
    {
      "type": "Feature",
      "properties": {
        "@id": "node/2460695438",
        "name": "Ngog",
        "place": "village",
        "source": "WRI_2005"
      },
      "geometry": {
        "type": "Point",
        "coordinates": [
          10.7193849,
          3.5813217
        ]
      },
      "id": "node/2460695438"
    },
    {
      "type": "Feature",
      "properties": {
        "@id": "node/2460695440",
        "name": "Ngongos",
        "place": "village",
        "source": "WRI_2005"
      },
      "geometry": {
        "type": "Point",
        "coordinates": [
          10.6364868,
          3.6401885
        ]
      },
      "id": "node/2460695440"
    },
    {
      "type": "Feature",
      "properties": {
        "@id": "node/2460695441",
        "name": "Ngoung",
        "place": "village",
        "source": "WRI_2005"
      },
      "geometry": {
        "type": "Point",
        "coordinates": [
          10.9867829,
          3.8407239
        ]
      },
      "id": "node/2460695441"
    },
    {
      "type": "Feature",
      "properties": {
        "@id": "node/2460695442",
        "name": "Nguibassal II",
        "place": "village",
        "source": "WRI_2005"
      },
      "geometry": {
        "type": "Point",
        "coordinates": [
          10.8368629,
          3.5715781
        ]
      },
      "id": "node/2460695442"
    },
    {
      "type": "Feature",
      "properties": {
        "@id": "node/2460695443",
        "name": "Nguibassal",
        "place": "village",
        "source": "WRI_2005"
      },
      "geometry": {
        "type": "Point",
        "coordinates": [
          10.8027669,
          3.5832207
        ]
      },
      "id": "node/2460695443"
    },
    {
      "type": "Feature",
      "properties": {
        "@id": "node/2460695444",
        "name": "Badjob",
        "place": "village",
        "source": "WRI_2005"
      },
      "geometry": {
        "type": "Point",
        "coordinates": [
          10.6765383,
          3.6674263
        ]
      },
      "id": "node/2460695444"
    },
    {
      "type": "Feature",
      "properties": {
        "@id": "node/2460695445",
        "name": "Nguibassal",
        "place": "village",
        "source": "WRI_2005"
      },
      "geometry": {
        "type": "Point",
        "coordinates": [
          10.684076,
          3.6860588
        ]
      },
      "id": "node/2460695445"
    },
    {
      "type": "Feature",
      "properties": {
        "@id": "node/2460695446",
        "name": "Ngwaté",
        "place": "village",
        "source": "WRI_2005"
      },
      "geometry": {
        "type": "Point",
        "coordinates": [
          11.022974,
          3.5707567
        ]
      },
      "id": "node/2460695446"
    },
    {
      "type": "Feature",
      "properties": {
        "@id": "node/2460695450",
        "name": "Njantibella",
        "place": "village",
        "source": "WRI_2005"
      },
      "geometry": {
        "type": "Point",
        "coordinates": [
          10.917958,
          3.4305286
        ]
      },
      "id": "node/2460695450"
    },
    {
      "type": "Feature",
      "properties": {
        "@id": "node/2460695451",
        "name": "Njok",
        "place": "village",
        "source": "WRI_2005"
      },
      "geometry": {
        "type": "Point",
        "coordinates": [
          10.7956585,
          3.6021048
        ]
      },
      "id": "node/2460695451"
    },
    {
      "type": "Feature",
      "properties": {
        "@id": "node/2460695458",
        "name": "Nkongkéni",
        "place": "village",
        "source": "WRI_2005"
      },
      "geometry": {
        "type": "Point",
        "coordinates": [
          11.081872,
          3.6477435
        ]
      },
      "id": "node/2460695458"
    },
    {
      "type": "Feature",
      "properties": {
        "@id": "node/2460695459",
        "name": "Nkongui",
        "place": "village",
        "source": "WRI_2005"
      },
      "geometry": {
        "type": "Point",
        "coordinates": [
          11.0142391,
          3.5557088
        ]
      },
      "id": "node/2460695459"
    },
    {
      "type": "Feature",
      "properties": {
        "@id": "node/2460695460",
        "name": "Nsimekelle",
        "place": "village",
        "source": "WRI_2005"
      },
      "geometry": {
        "type": "Point",
        "coordinates": [
          10.8440906,
          3.827756
        ]
      },
      "id": "node/2460695460"
    },
    {
      "type": "Feature",
      "properties": {
        "@id": "node/2460695461",
        "name": "Nsonga",
        "place": "village",
        "source": "WRI_2005"
      },
      "geometry": {
        "type": "Point",
        "coordinates": [
          10.6500014,
          3.7402763
        ]
      },
      "id": "node/2460695461"
    },
    {
      "type": "Feature",
      "properties": {
        "@id": "node/2460695464",
        "name": "Ntogo",
        "place": "village",
        "source": "WRI_2005"
      },
      "geometry": {
        "type": "Point",
        "coordinates": [
          10.4504881,
          3.4384612
        ]
      },
      "id": "node/2460695464"
    },
    {
      "type": "Feature",
      "properties": {
        "@id": "node/2460695469",
        "name": "Nyangbon",
        "place": "village",
        "source": "WRI_2005"
      },
      "geometry": {
        "type": "Point",
        "coordinates": [
          10.8923186,
          4.0667204
        ]
      },
      "id": "node/2460695469"
    },
    {
      "type": "Feature",
      "properties": {
        "@id": "node/2460695479",
        "name": "Omang",
        "place": "village",
        "source": "WRI_2005"
      },
      "geometry": {
        "type": "Point",
        "coordinates": [
          10.9685744,
          3.9653758
        ]
      },
      "id": "node/2460695479"
    },
    {
      "type": "Feature",
      "properties": {
        "@id": "node/2460695489",
        "name": "Pan-Makak",
        "place": "village",
        "source": "WRI_2005"
      },
      "geometry": {
        "type": "Point",
        "coordinates": [
          11.0112466,
          3.9279133
        ]
      },
      "id": "node/2460695489"
    },
    {
      "type": "Feature",
      "properties": {
        "@id": "node/2460695496",
        "name": "Pougué",
        "place": "village",
        "source": "WRI_2005"
      },
      "geometry": {
        "type": "Point",
        "coordinates": [
          10.8351934,
          3.9147747
        ]
      },
      "id": "node/2460695496"
    },
    {
      "type": "Feature",
      "properties": {
        "@id": "node/2460695507",
        "name": "Sepé",
        "place": "village",
        "source": "WRI_2005"
      },
      "geometry": {
        "type": "Point",
        "coordinates": [
          10.9024851,
          3.9780096
        ]
      },
      "id": "node/2460695507"
    },
    {
      "type": "Feature",
      "properties": {
        "@id": "node/2460695514",
        "name": "So Hianga",
        "place": "village",
        "source": "WRI_2005"
      },
      "geometry": {
        "type": "Point",
        "coordinates": [
          10.4138263,
          3.5791297
        ]
      },
      "id": "node/2460695514"
    },
    {
      "type": "Feature",
      "properties": {
        "@id": "node/2460695516",
        "name": "So Kélé",
        "place": "village",
        "source": "WRI_2005"
      },
      "geometry": {
        "type": "Point",
        "coordinates": [
          10.4617119,
          3.7859633
        ]
      },
      "id": "node/2460695516"
    },
    {
      "type": "Feature",
      "properties": {
        "@id": "node/2460695518",
        "name": "Sodibanga",
        "place": "village",
        "source": "WRI_2005"
      },
      "geometry": {
        "type": "Point",
        "coordinates": [
          10.3856737,
          3.6959798
        ]
      },
      "id": "node/2460695518"
    },
    {
      "type": "Feature",
      "properties": {
        "@id": "node/2460695527",
        "name": "Song Bayang",
        "place": "village",
        "source": "WRI_2005"
      },
      "geometry": {
        "type": "Point",
        "coordinates": [
          10.731232,
          3.7344504
        ]
      },
      "id": "node/2460695527"
    },
    {
      "type": "Feature",
      "properties": {
        "@id": "node/2460695529",
        "name": "Song Bikoum",
        "place": "village",
        "source": "WRI_2005"
      },
      "geometry": {
        "type": "Point",
        "coordinates": [
          10.7310602,
          3.6495026
        ]
      },
      "id": "node/2460695529"
    },
    {
      "type": "Feature",
      "properties": {
        "@id": "node/2460695532",
        "name": "Song Hot",
        "place": "village",
        "source": "WRI_2005"
      },
      "geometry": {
        "type": "Point",
        "coordinates": [
          10.7347973,
          3.5898007
        ]
      },
      "id": "node/2460695532"
    },
    {
      "type": "Feature",
      "properties": {
        "@id": "node/2460695538",
        "name": "Song Lipem",
        "place": "village",
        "source": "WRI_2005"
      },
      "geometry": {
        "type": "Point",
        "coordinates": [
          10.6056939,
          3.4721291
        ]
      },
      "id": "node/2460695538"
    },
    {
      "type": "Feature",
      "properties": {
        "@id": "node/2460695542",
        "name": "Song Mandeng",
        "place": "village",
        "source": "WRI_2005"
      },
      "geometry": {
        "type": "Point",
        "coordinates": [
          10.7521407,
          3.7082733
        ]
      },
      "id": "node/2460695542"
    },
    {
      "type": "Feature",
      "properties": {
        "@id": "node/2460695549",
        "name": "Song Mbong",
        "place": "village",
        "source": "WRI_2005"
      },
      "geometry": {
        "type": "Point",
        "coordinates": [
          10.5025426,
          3.4515482
        ]
      },
      "id": "node/2460695549"
    },
    {
      "type": "Feature",
      "properties": {
        "@id": "node/2460695551",
        "name": "Song Mbong",
        "place": "village",
        "source": "WRI_2005"
      },
      "geometry": {
        "type": "Point",
        "coordinates": [
          10.7329109,
          3.8861394
        ]
      },
      "id": "node/2460695551"
    },
    {
      "type": "Feature",
      "properties": {
        "@id": "node/2460695555",
        "name": "Song Ngos",
        "place": "village",
        "source": "WRI_2005"
      },
      "geometry": {
        "type": "Point",
        "coordinates": [
          10.8347722,
          3.9855257
        ]
      },
      "id": "node/2460695555"
    },
    {
      "type": "Feature",
      "properties": {
        "@id": "node/2460695556",
        "name": "Song Ntoumé",
        "place": "village",
        "source": "WRI_2005"
      },
      "geometry": {
        "type": "Point",
        "coordinates": [
          10.5658137,
          3.5466952
        ]
      },
      "id": "node/2460695556"
    },
    {
      "type": "Feature",
      "properties": {
        "@id": "node/2460695558",
        "name": "Song Poa",
        "place": "village",
        "source": "WRI_2005"
      },
      "geometry": {
        "type": "Point",
        "coordinates": [
          10.6578749,
          3.7267654
        ]
      },
      "id": "node/2460695558"
    },
    {
      "type": "Feature",
      "properties": {
        "@id": "node/2460695563",
        "name": "Song Dibong",
        "place": "village",
        "source": "WRI_2005"
      },
      "geometry": {
        "type": "Point",
        "coordinates": [
          10.7004591,
          3.76734
        ]
      },
      "id": "node/2460695563"
    },
    {
      "type": "Feature",
      "properties": {
        "@id": "node/2460695565",
        "name": "Song Badjek",
        "place": "village",
        "source": "WRI_2005"
      },
      "geometry": {
        "type": "Point",
        "coordinates": [
          10.8893685,
          3.58467
        ]
      },
      "id": "node/2460695565"
    },
    {
      "type": "Feature",
      "properties": {
        "@id": "node/2460695572",
        "name": "Souhé",
        "place": "village",
        "source": "WRI_2005"
      },
      "geometry": {
        "type": "Point",
        "coordinates": [
          10.8521217,
          3.6182472
        ]
      },
      "id": "node/2460695572"
    },
    {
      "type": "Feature",
      "properties": {
        "@id": "node/2460695579",
        "name": "Tamalong",
        "place": "village",
        "source": "WRI_2005"
      },
      "geometry": {
        "type": "Point",
        "coordinates": [
          10.7674408,
          4.0059124
        ]
      },
      "id": "node/2460695579"
    },
    {
      "type": "Feature",
      "properties": {
        "@id": "node/2460695584",
        "name": "Timalom",
        "place": "village",
        "source": "WRI_2005"
      },
      "geometry": {
        "type": "Point",
        "coordinates": [
          10.4827516,
          3.5487032
        ]
      },
      "id": "node/2460695584"
    },
    {
      "type": "Feature",
      "properties": {
        "@id": "node/2460906992",
        "name": "Ababita",
        "place": "village",
        "source": "WRI_2005"
      },
      "geometry": {
        "type": "Point",
        "coordinates": [
          11.9304396,
          3.5456471
        ]
      },
      "id": "node/2460906992"
    },
    {
      "type": "Feature",
      "properties": {
        "@id": "node/2460906993",
        "name": "Abam",
        "place": "village",
        "source": "WRI_2005"
      },
      "geometry": {
        "type": "Point",
        "coordinates": [
          11.7714306,
          3.7717749
        ]
      },
      "id": "node/2460906993"
    },
    {
      "type": "Feature",
      "properties": {
        "@id": "node/2460906994",
        "name": "Abam",
        "place": "village",
        "source": "WRI_2005"
      },
      "geometry": {
        "type": "Point",
        "coordinates": [
          12.220677,
          3.8205664
        ]
      },
      "id": "node/2460906994"
    },
    {
      "type": "Feature",
      "properties": {
        "@id": "node/2460906995",
        "name": "Abang I",
        "place": "village",
        "source": "WRI_2005"
      },
      "geometry": {
        "type": "Point",
        "coordinates": [
          11.8641401,
          3.7693118
        ]
      },
      "id": "node/2460906995"
    },
    {
      "type": "Feature",
      "properties": {
        "@id": "node/2460906996",
        "name": "Abang II",
        "place": "village",
        "source": "WRI_2005"
      },
      "geometry": {
        "type": "Point",
        "coordinates": [
          11.9118985,
          3.619045
        ]
      },
      "id": "node/2460906996"
    },
    {
      "type": "Feature",
      "properties": {
        "@id": "node/2460906999",
        "name": "Abang",
        "place": "village",
        "source": "WRI_2005"
      },
      "geometry": {
        "type": "Point",
        "coordinates": [
          11.5442599,
          3.2193081
        ]
      },
      "id": "node/2460906999"
    },
    {
      "type": "Feature",
      "properties": {
        "@id": "node/2460907000",
        "name": "Abang-Akongo",
        "place": "village",
        "source": "WRI_2005"
      },
      "geometry": {
        "type": "Point",
        "coordinates": [
          11.0994343,
          3.3755365
        ]
      },
      "id": "node/2460907000"
    },
    {
      "type": "Feature",
      "properties": {
        "@id": "node/2460907001",
        "name": "Abanga",
        "place": "village",
        "source": "WRI_2005"
      },
      "geometry": {
        "type": "Point",
        "coordinates": [
          11.9593925,
          3.5046855
        ]
      },
      "id": "node/2460907001"
    },
    {
      "type": "Feature",
      "properties": {
        "@id": "node/2460907005",
        "name": "Abem",
        "place": "village",
        "source": "WRI_2005"
      },
      "geometry": {
        "type": "Point",
        "coordinates": [
          12.3055175,
          3.7030588
        ]
      },
      "id": "node/2460907005"
    },
    {
      "type": "Feature",
      "properties": {
        "@id": "node/2460907007",
        "name": "Abimoa",
        "place": "village",
        "source": "WRI_2005"
      },
      "geometry": {
        "type": "Point",
        "coordinates": [
          11.6156509,
          3.5687139
        ]
      },
      "id": "node/2460907007"
    },
    {
      "type": "Feature",
      "properties": {
        "@id": "node/2460907009",
        "name": "Aboman",
        "place": "village",
        "source": "WRI_2005"
      },
      "geometry": {
        "type": "Point",
        "coordinates": [
          11.8527254,
          3.9414439
        ]
      },
      "id": "node/2460907009"
    },
    {
      "type": "Feature",
      "properties": {
        "@id": "node/2460907010",
        "name": "Abombo",
        "place": "village",
        "source": "WRI_2005"
      },
      "geometry": {
        "type": "Point",
        "coordinates": [
          11.7141231,
          3.8457333
        ]
      },
      "id": "node/2460907010"
    },
    {
      "type": "Feature",
      "properties": {
        "@id": "node/2460907017",
        "name": "Adzap",
        "place": "village",
        "source": "WRI_2005"
      },
      "geometry": {
        "type": "Point",
        "coordinates": [
          11.2196987,
          3.3258997
        ]
      },
      "id": "node/2460907017"
    },
    {
      "type": "Feature",
      "properties": {
        "@id": "node/2460907019",
        "name": "Adoua",
        "place": "village",
        "source": "WRI_2005"
      },
      "geometry": {
        "type": "Point",
        "coordinates": [
          12.3683562,
          3.8889269
        ]
      },
      "id": "node/2460907019"
    },
    {
      "type": "Feature",
      "properties": {
        "@id": "node/2460907022",
        "name": "Adoum",
        "place": "village",
        "source": "WRI_2005"
      },
      "geometry": {
        "type": "Point",
        "coordinates": [
          11.7682805,
          3.6099919
        ]
      },
      "id": "node/2460907022"
    },
    {
      "type": "Feature",
      "properties": {
        "@id": "node/2460907023",
        "name": "Adzap",
        "place": "village",
        "source": "WRI_2005"
      },
      "geometry": {
        "type": "Point",
        "coordinates": [
          11.4184024,
          3.2644891
        ]
      },
      "id": "node/2460907023"
    },
    {
      "type": "Feature",
      "properties": {
        "@id": "node/2460907024",
        "name": "Adzenzoumou",
        "place": "village",
        "source": "WRI_2005"
      },
      "geometry": {
        "type": "Point",
        "coordinates": [
          11.8643199,
          3.9075294
        ]
      },
      "id": "node/2460907024"
    },
    {
      "type": "Feature",
      "properties": {
        "@id": "node/2460907026",
        "name": "Afambassi",
        "place": "village",
        "source": "WRI_2005"
      },
      "geometry": {
        "type": "Point",
        "coordinates": [
          11.9700374,
          3.7300988
        ]
      },
      "id": "node/2460907026"
    },
    {
      "type": "Feature",
      "properties": {
        "@id": "node/2460907031",
        "name": "Akak",
        "place": "village",
        "source": "WRI_2005"
      },
      "geometry": {
        "type": "Point",
        "coordinates": [
          11.3242355,
          3.3873843
        ]
      },
      "id": "node/2460907031"
    },
    {
      "type": "Feature",
      "properties": {
        "@id": "node/2460907032",
        "name": "Akak",
        "place": "village",
        "source": "WRI_2005"
      },
      "geometry": {
        "type": "Point",
        "coordinates": [
          11.9818844,
          3.5518578
        ]
      },
      "id": "node/2460907032"
    },
    {
      "type": "Feature",
      "properties": {
        "@id": "node/2460907033",
        "name": "Akak",
        "place": "village",
        "source": "WRI_2005"
      },
      "geometry": {
        "type": "Point",
        "coordinates": [
          11.6205812,
          3.9107286
        ]
      },
      "id": "node/2460907033"
    },
    {
      "type": "Feature",
      "properties": {
        "@id": "node/2460907037",
        "name": "Akeng",
        "place": "village",
        "source": "WRI_2005"
      },
      "geometry": {
        "type": "Point",
        "coordinates": [
          11.4265461,
          3.6876647
        ]
      },
      "id": "node/2460907037"
    },
    {
      "type": "Feature",
      "properties": {
        "@id": "node/2460907047",
        "name": "Akok",
        "place": "village",
        "source": "WRI_2005"
      },
      "geometry": {
        "type": "Point",
        "coordinates": [
          11.6363315,
          3.8566885
        ]
      },
      "id": "node/2460907047"
    },
    {
      "type": "Feature",
      "properties": {
        "@id": "node/2460907048",
        "name": "Akok",
        "place": "village",
        "source": "WRI_2005"
      },
      "geometry": {
        "type": "Point",
        "coordinates": [
          11.6534479,
          3.867954
        ]
      },
      "id": "node/2460907048"
    },
    {
      "type": "Feature",
      "properties": {
        "@id": "node/2460907053",
        "name": "Akom",
        "place": "village",
        "source": "WRI_2005"
      },
      "geometry": {
        "type": "Point",
        "coordinates": [
          11.5237029,
          3.1714983
        ]
      },
      "id": "node/2460907053"
    },
    {
      "type": "Feature",
      "properties": {
        "@id": "node/2460907056",
        "name": "Akomnyada I",
        "place": "village",
        "source": "WRI_2005"
      },
      "geometry": {
        "type": "Point",
        "coordinates": [
          11.5529486,
          3.5395902
        ]
      },
      "id": "node/2460907056"
    },
    {
      "type": "Feature",
      "properties": {
        "@id": "node/2460907057",
        "name": "Akomnyada II",
        "place": "village",
        "source": "WRI_2005"
      },
      "geometry": {
        "type": "Point",
        "coordinates": [
          11.5565841,
          3.5531284
        ]
      },
      "id": "node/2460907057"
    },
    {
      "type": "Feature",
      "properties": {
        "@id": "node/2460907058",
        "name": "Akométam",
        "place": "village",
        "source": "WRI_2005"
      },
      "geometry": {
        "type": "Point",
        "coordinates": [
          11.5773652,
          3.4642274
        ]
      },
      "id": "node/2460907058"
    },
    {
      "type": "Feature",
      "properties": {
        "@id": "node/2460907059",
        "name": "Akongo III",
        "place": "village",
        "source": "WRI_2005"
      },
      "geometry": {
        "type": "Point",
        "coordinates": [
          11.1171411,
          3.3946176
        ]
      },
      "id": "node/2460907059"
    },
    {
      "type": "Feature",
      "properties": {
        "@id": "node/2460907060",
        "name": "Akongo",
        "place": "village",
        "source": "WRI_2005"
      },
      "geometry": {
        "type": "Point",
        "coordinates": [
          11.1018746,
          3.3920447
        ]
      },
      "id": "node/2460907060"
    },
    {
      "type": "Feature",
      "properties": {
        "@id": "node/2460907061",
        "name": "Akoua",
        "place": "village",
        "source": "WRI_2005"
      },
      "geometry": {
        "type": "Point",
        "coordinates": [
          12.3925323,
          3.750853
        ]
      },
      "id": "node/2460907061"
    },
    {
      "type": "Feature",
      "properties": {
        "@id": "node/2460907062",
        "name": "Akoumbou",
        "place": "village",
        "source": "WRI_2005"
      },
      "geometry": {
        "type": "Point",
        "coordinates": [
          11.6614439,
          3.8301639
        ]
      },
      "id": "node/2460907062"
    },
    {
      "type": "Feature",
      "properties": {
        "@id": "node/2460907065",
        "name": "Akwa",
        "place": "village",
        "source": "WRI_2005"
      },
      "geometry": {
        "type": "Point",
        "coordinates": [
          12.0756549,
          3.604885
        ]
      },
      "id": "node/2460907065"
    },
    {
      "type": "Feature",
      "properties": {
        "@id": "node/2460907074",
        "name": "Aléga",
        "place": "village",
        "source": "WRI_2005"
      },
      "geometry": {
        "type": "Point",
        "coordinates": [
          11.911018,
          3.690747
        ]
      },
      "id": "node/2460907074"
    },
    {
      "type": "Feature",
      "properties": {
        "@id": "node/2460907077",
        "name": "Amvom",
        "place": "village",
        "source": "WRI_2005"
      },
      "geometry": {
        "type": "Point",
        "coordinates": [
          11.9577186,
          3.5376427
        ]
      },
      "id": "node/2460907077"
    },
    {
      "type": "Feature",
      "properties": {
        "@id": "node/2460907081",
        "name": "Andom",
        "place": "village",
        "source": "WRI_2005"
      },
      "geometry": {
        "type": "Point",
        "coordinates": [
          12.1587528,
          3.7366612
        ]
      },
      "id": "node/2460907081"
    },
    {
      "type": "Feature",
      "properties": {
        "@id": "node/2460907082",
        "name": "Andom",
        "place": "village",
        "source": "WRI_2005"
      },
      "geometry": {
        "type": "Point",
        "coordinates": [
          12.2368375,
          3.7494426
        ]
      },
      "id": "node/2460907082"
    },
    {
      "type": "Feature",
      "properties": {
        "@id": "node/2460907083",
        "name": "Andom",
        "place": "village",
        "source": "WRI_2005"
      },
      "geometry": {
        "type": "Point",
        "coordinates": [
          12.4280075,
          3.7565225
        ]
      },
      "id": "node/2460907083"
    },
    {
      "type": "Feature",
      "properties": {
        "@id": "node/2460907085",
        "name": "Angonfemé",
        "place": "village",
        "source": "WRI_2005"
      },
      "geometry": {
        "type": "Point",
        "coordinates": [
          11.129801,
          3.4085271
        ]
      },
      "id": "node/2460907085"
    },
    {
      "type": "Feature",
      "properties": {
        "@id": "node/2460907091",
        "name": "Assié",
        "place": "town",
        "source": "WRI_2005"
      },
      "geometry": {
        "type": "Point",
        "coordinates": [
          11.3032948,
          3.3440925
        ]
      },
      "id": "node/2460907091"
    },
    {
      "type": "Feature",
      "properties": {
        "@id": "node/2460907092",
        "name": "Assobam",
        "place": "village",
        "source": "WRI_2005"
      },
      "geometry": {
        "type": "Point",
        "coordinates": [
          12.4828832,
          3.9275232
        ]
      },
      "id": "node/2460907092"
    },
    {
      "type": "Feature",
      "properties": {
        "@id": "node/2460907097",
        "name": "Assok",
        "place": "village",
        "source": "WRI_2005"
      },
      "geometry": {
        "type": "Point",
        "coordinates": [
          11.2567583,
          3.3901594
        ]
      },
      "id": "node/2460907097"
    },
    {
      "type": "Feature",
      "properties": {
        "@id": "node/2460907101",
        "name": "Atong",
        "place": "village",
        "source": "WRI_2005"
      },
      "geometry": {
        "type": "Point",
        "coordinates": [
          12.2088807,
          3.5165614
        ]
      },
      "id": "node/2460907101"
    },
    {
      "type": "Feature",
      "properties": {
        "@id": "node/2460907104",
        "name": "Atsam Amougou",
        "place": "village",
        "source": "WRI_2005"
      },
      "geometry": {
        "type": "Point",
        "coordinates": [
          11.6369884,
          3.4353505
        ]
      },
      "id": "node/2460907104"
    },
    {
      "type": "Feature",
      "properties": {
        "@id": "node/2460907109",
        "name": "Avélé",
        "place": "village",
        "source": "WRI_2005"
      },
      "geometry": {
        "type": "Point",
        "coordinates": [
          11.6916663,
          3.5438192
        ]
      },
      "id": "node/2460907109"
    },
    {
      "type": "Feature",
      "properties": {
        "@id": "node/2460907110",
        "name": "Awaé",
        "place": "village",
        "source": "WRI_2005"
      },
      "geometry": {
        "type": "Point",
        "coordinates": [
          11.8149937,
          3.3659888
        ]
      },
      "id": "node/2460907110"
    },
    {
      "type": "Feature",
      "properties": {
        "@id": "node/2460907111",
        "name": "Awaé",
        "place": "village",
        "source": "WRI_2005"
      },
      "geometry": {
        "type": "Point",
        "coordinates": [
          11.610551,
          3.5876524
        ]
      },
      "id": "node/2460907111"
    },
    {
      "type": "Feature",
      "properties": {
        "@id": "node/2460907112",
        "name": "Awaé",
        "place": "village",
        "source": "WRI_2005"
      },
      "geometry": {
        "type": "Point",
        "coordinates": [
          11.8557553,
          3.6180481
        ]
      },
      "id": "node/2460907112"
    },
    {
      "type": "Feature",
      "properties": {
        "@id": "node/2460907113",
        "name": "Awaé",
        "place": "village",
        "source": "WRI_2005"
      },
      "geometry": {
        "type": "Point",
        "coordinates": [
          12.1092695,
          3.8506038
        ]
      },
      "id": "node/2460907113"
    },
    {
      "type": "Feature",
      "properties": {
        "@id": "node/2460907115",
        "name": "Awaéfala",
        "place": "village",
        "source": "WRI_2005"
      },
      "geometry": {
        "type": "Point",
        "coordinates": [
          11.5335746,
          3.1641505
        ]
      },
      "id": "node/2460907115"
    },
    {
      "type": "Feature",
      "properties": {
        "@id": "node/2460907124",
        "name": "Ayan",
        "place": "village",
        "source": "WRI_2005"
      },
      "geometry": {
        "type": "Point",
        "coordinates": [
          11.8546791,
          3.6071564
        ]
      },
      "id": "node/2460907124"
    },
    {
      "type": "Feature",
      "properties": {
        "@id": "node/2460907130",
        "name": "Ayené",
        "place": "village",
        "source": "WRI_2005"
      },
      "geometry": {
        "type": "Point",
        "coordinates": [
          11.6723562,
          3.3910651
        ]
      },
      "id": "node/2460907130"
    },
    {
      "type": "Feature",
      "properties": {
        "@id": "node/2460907139",
        "name": "Bakoukoué",
        "place": "village",
        "source": "WRI_2005"
      },
      "geometry": {
        "type": "Point",
        "coordinates": [
          11.1682365,
          3.5392348
        ]
      },
      "id": "node/2460907139"
    },
    {
      "type": "Feature",
      "properties": {
        "@id": "node/2460907149",
        "name": "Bamba",
        "place": "village",
        "source": "WRI_2005"
      },
      "geometry": {
        "type": "Point",
        "coordinates": [
          12.3909569,
          3.8959937
        ]
      },
      "id": "node/2460907149"
    },
    {
      "type": "Feature",
      "properties": {
        "@id": "node/2460907152",
        "name": "Banga",
        "place": "village",
        "source": "WRI_2005"
      },
      "geometry": {
        "type": "Point",
        "coordinates": [
          11.4147951,
          3.1349679
        ]
      },
      "id": "node/2460907152"
    },
    {
      "type": "Feature",
      "properties": {
        "@id": "node/2460907162",
        "name": "Bekoudou",
        "place": "village",
        "source": "WRI_2005"
      },
      "geometry": {
        "type": "Point",
        "coordinates": [
          11.8137889,
          3.9480875
        ]
      },
      "id": "node/2460907162"
    },
    {
      "type": "Feature",
      "properties": {
        "@id": "node/2460907164",
        "name": "Bembe",
        "place": "village",
        "source": "WRI_2005"
      },
      "geometry": {
        "type": "Point",
        "coordinates": [
          11.9388251,
          3.6251722
        ]
      },
      "id": "node/2460907164"
    },
    {
      "type": "Feature",
      "properties": {
        "@id": "node/2460907172",
        "name": "Beta",
        "place": "village",
        "source": "WRI_2005"
      },
      "geometry": {
        "type": "Point",
        "coordinates": [
          11.9818322,
          3.5210196
        ]
      },
      "id": "node/2460907172"
    },
    {
      "type": "Feature",
      "properties": {
        "@id": "node/2460907176",
        "name": "Biba",
        "place": "village",
        "source": "WRI_2005"
      },
      "geometry": {
        "type": "Point",
        "coordinates": [
          11.9946853,
          3.5691828
        ]
      },
      "id": "node/2460907176"
    },
    {
      "type": "Feature",
      "properties": {
        "@id": "node/2460907177",
        "fixme": "please confirm the place",
        "name": "Biba",
        "place": "village",
        "source": "WRI_2005"
      },
      "geometry": {
        "type": "Point",
        "coordinates": [
          12.2298017,
          3.8591002
        ]
      },
      "id": "node/2460907177"
    },
    {
      "type": "Feature",
      "properties": {
        "@id": "node/2460907189",
        "name": "Bidjong",
        "place": "village",
        "source": "WRI_2005"
      },
      "geometry": {
        "type": "Point",
        "coordinates": [
          12.1529249,
          3.5522889
        ]
      },
      "id": "node/2460907189"
    },
    {
      "type": "Feature",
      "properties": {
        "@id": "node/2460907190",
        "name": "Bifindi",
        "place": "village",
        "source": "WRI_2005"
      },
      "geometry": {
        "type": "Point",
        "coordinates": [
          11.567416,
          3.1712234
        ]
      },
      "id": "node/2460907190"
    },
    {
      "type": "Feature",
      "properties": {
        "@id": "node/2460907192",
        "name": "Bii",
        "place": "village",
        "source": "WRI_2005"
      },
      "geometry": {
        "type": "Point",
        "coordinates": [
          12.4742005,
          3.9051052
        ]
      },
      "id": "node/2460907192"
    },
    {
      "type": "Feature",
      "properties": {
        "@id": "node/2460907195",
        "name": "Bikok",
        "place": "village",
        "source": "WRI_2005"
      },
      "geometry": {
        "type": "Point",
        "coordinates": [
          11.7926388,
          3.6719478
        ]
      },
      "id": "node/2460907195"
    },
    {
      "type": "Feature",
      "properties": {
        "@id": "node/2460907197",
        "name": "Bikoko",
        "place": "village",
        "source": "WRI_2005"
      },
      "geometry": {
        "type": "Point",
        "coordinates": [
          11.8068333,
          3.4418298
        ]
      },
      "id": "node/2460907197"
    },
    {
      "type": "Feature",
      "properties": {
        "@id": "node/2460907199",
        "name": "Bikoman",
        "place": "village",
        "source": "WRI_2005"
      },
      "geometry": {
        "type": "Point",
        "coordinates": [
          11.8602665,
          3.5504686
        ]
      },
      "id": "node/2460907199"
    },
    {
      "type": "Feature",
      "properties": {
        "@id": "node/2460907205",
        "name": "Bikoum",
        "place": "village",
        "source": "WRI_2005"
      },
      "geometry": {
        "type": "Point",
        "coordinates": [
          11.5511462,
          3.1658148
        ]
      },
      "id": "node/2460907205"
    },
    {
      "type": "Feature",
      "properties": {
        "@id": "node/2460907206",
        "name": "Bikoum",
        "place": "village",
        "source": "WRI_2005"
      },
      "geometry": {
        "type": "Point",
        "coordinates": [
          11.9676972,
          3.5774551
        ]
      },
      "id": "node/2460907206"
    },
    {
      "type": "Feature",
      "properties": {
        "@id": "node/2460907208",
        "name": "Bilon",
        "place": "village",
        "source": "WRI_2005"
      },
      "geometry": {
        "type": "Point",
        "coordinates": [
          11.3481478,
          3.3075199
        ]
      },
      "id": "node/2460907208"
    },
    {
      "type": "Feature",
      "properties": {
        "@id": "node/2460907214",
        "name": "Bissep",
        "place": "village",
        "source": "WRI_2005"
      },
      "geometry": {
        "type": "Point",
        "coordinates": [
          11.8211405,
          3.5940834
        ]
      },
      "id": "node/2460907214"
    },
    {
      "type": "Feature",
      "properties": {
        "@id": "node/2460907221",
        "name": "Bitetele",
        "place": "village",
        "source": "WRI_2005"
      },
      "geometry": {
        "type": "Point",
        "coordinates": [
          12.1645378,
          3.3347404
        ]
      },
      "id": "node/2460907221"
    },
    {
      "type": "Feature",
      "properties": {
        "@id": "node/2460907223",
        "name": "Bitoutouk",
        "place": "village",
        "source": "WRI_2005"
      },
      "geometry": {
        "type": "Point",
        "coordinates": [
          11.1145386,
          3.5106886
        ]
      },
      "id": "node/2460907223"
    },
    {
      "type": "Feature",
      "properties": {
        "@id": "node/2460907224",
        "name": "Bitsok",
        "place": "village",
        "source": "WRI_2005"
      },
      "geometry": {
        "type": "Point",
        "coordinates": [
          12.1766369,
          3.4246365
        ]
      },
      "id": "node/2460907224"
    },
    {
      "type": "Feature",
      "properties": {
        "@id": "node/2460907230",
        "name": "Biyebe",
        "place": "village",
        "source": "WRI_2005"
      },
      "geometry": {
        "type": "Point",
        "coordinates": [
          11.808788,
          3.5808343
        ]
      },
      "id": "node/2460907230"
    },
    {
      "type": "Feature",
      "properties": {
        "@id": "node/2460907231",
        "name": "Biyen",
        "place": "village",
        "source": "WRI_2005"
      },
      "geometry": {
        "type": "Point",
        "coordinates": [
          11.8291419,
          3.6672867
        ]
      },
      "id": "node/2460907231"
    },
    {
      "type": "Feature",
      "properties": {
        "@id": "node/2460907232",
        "name": "Biyoka",
        "place": "village",
        "source": "WRI_2005"
      },
      "geometry": {
        "type": "Point",
        "coordinates": [
          12.573197,
          3.5985669
        ]
      },
      "id": "node/2460907232"
    },
    {
      "type": "Feature",
      "properties": {
        "@id": "node/2460907233",
        "name": "Biyombo",
        "place": "village",
        "source": "WRI_2005"
      },
      "geometry": {
        "type": "Point",
        "coordinates": [
          12.0908657,
          3.8486999
        ]
      },
      "id": "node/2460907233"
    },
    {
      "type": "Feature",
      "properties": {
        "@id": "node/2460907234",
        "name": "Bizok",
        "place": "village",
        "source": "WRI_2005"
      },
      "geometry": {
        "type": "Point",
        "coordinates": [
          11.7541985,
          3.4822882
        ]
      },
      "id": "node/2460907234"
    },
    {
      "type": "Feature",
      "properties": {
        "@id": "node/2460907235",
        "name": "Bondi",
        "place": "village",
        "source": "WRI_2005"
      },
      "geometry": {
        "type": "Point",
        "coordinates": [
          12.2166264,
          3.8300246
        ]
      },
      "id": "node/2460907235"
    },
    {
      "type": "Feature",
      "properties": {
        "@id": "node/2460907237",
        "name": "Bong",
        "place": "village",
        "source": "WRI_2005"
      },
      "geometry": {
        "type": "Point",
        "coordinates": [
          12.1929714,
          3.575145
        ]
      },
      "id": "node/2460907237"
    },
    {
      "type": "Feature",
      "properties": {
        "@id": "node/2460907253",
        "name": "Boumnkok",
        "place": "village",
        "source": "WRI_2005"
      },
      "geometry": {
        "type": "Point",
        "coordinates": [
          11.1674517,
          3.4880016
        ]
      },
      "id": "node/2460907253"
    },
    {
      "type": "Feature",
      "properties": {
        "@id": "node/2460907257",
        "name": "Bénebalot",
        "place": "village",
        "source": "WRI_2005"
      },
      "geometry": {
        "type": "Point",
        "coordinates": [
          11.4161355,
          3.1784527
        ]
      },
      "id": "node/2460907257"
    },
    {
      "type": "Feature",
      "properties": {
        "@id": "node/2460907260",
        "name": "Bénébalot",
        "place": "village",
        "source": "WRI_2005"
      },
      "geometry": {
        "type": "Point",
        "coordinates": [
          11.5656381,
          3.7135853
        ]
      },
      "id": "node/2460907260"
    },
    {
      "type": "Feature",
      "properties": {
        "@id": "node/2460907264",
        "name": "Deido",
        "place": "village",
        "source": "WRI_2005"
      },
      "geometry": {
        "type": "Point",
        "coordinates": [
          11.7067877,
          3.5720587
        ]
      },
      "id": "node/2460907264"
    },
    {
      "type": "Feature",
      "properties": {
        "@id": "node/2460907284",
        "name": "Dzouzok",
        "place": "village",
        "source": "WRI_2005"
      },
      "geometry": {
        "type": "Point",
        "coordinates": [
          11.6905719,
          3.8007229
        ]
      },
      "id": "node/2460907284"
    },
    {
      "type": "Feature",
      "properties": {
        "@id": "node/2460907286",
        "name": "Ebabot",
        "place": "village",
        "source": "WRI_2005"
      },
      "geometry": {
        "type": "Point",
        "coordinates": [
          11.9006305,
          3.7497894
        ]
      },
      "id": "node/2460907286"
    },
    {
      "type": "Feature",
      "properties": {
        "@id": "node/2460907290",
        "name": "Ebabot",
        "place": "village",
        "source": "WRI_2005"
      },
      "geometry": {
        "type": "Point",
        "coordinates": [
          11.90274,
          3.767515
        ]
      },
      "id": "node/2460907290"
    },
    {
      "type": "Feature",
      "properties": {
        "@id": "node/2460907304",
        "name": "Ebaminal",
        "place": "village",
        "source": "WRI_2005"
      },
      "geometry": {
        "type": "Point",
        "coordinates": [
          11.2419935,
          3.3221686
        ]
      },
      "id": "node/2460907304"
    },
    {
      "type": "Feature",
      "properties": {
        "@id": "node/2460907333",
        "name": "Ebodenkou",
        "place": "village",
        "source": "WRI_2005"
      },
      "geometry": {
        "type": "Point",
        "coordinates": [
          11.7980565,
          3.7802656
        ]
      },
      "id": "node/2460907333"
    },
    {
      "type": "Feature",
      "properties": {
        "@id": "node/2460907342",
        "name": "Ebolakounou",
        "place": "village",
        "source": "WRI_2005"
      },
      "geometry": {
        "type": "Point",
        "coordinates": [
          12.4351413,
          3.9365751
        ]
      },
      "id": "node/2460907342"
    },
    {
      "type": "Feature",
      "properties": {
        "@id": "node/2460907348",
        "name": "Ebolembama",
        "place": "village",
        "source": "WRI_2005"
      },
      "geometry": {
        "type": "Point",
        "coordinates": [
          12.4776469,
          3.9476232
        ]
      },
      "id": "node/2460907348"
    },
    {
      "type": "Feature",
      "properties": {
        "@id": "node/2460907349",
        "name": "Ebolessong",
        "place": "village",
        "source": "WRI_2005"
      },
      "geometry": {
        "type": "Point",
        "coordinates": [
          11.7429338,
          3.9364997
        ]
      },
      "id": "node/2460907349"
    },
    {
      "type": "Feature",
      "properties": {
        "@id": "node/2460907350",
        "name": "Ebolmadzom",
        "place": "village",
        "source": "WRI_2005"
      },
      "geometry": {
        "type": "Point",
        "coordinates": [
          11.6259076,
          3.8763185
        ]
      },
      "id": "node/2460907350"
    },
    {
      "type": "Feature",
      "properties": {
        "@id": "node/2460907351",
        "name": "Ebolndzong",
        "place": "village",
        "source": "WRI_2005"
      },
      "geometry": {
        "type": "Point",
        "coordinates": [
          11.8678467,
          3.7600211
        ]
      },
      "id": "node/2460907351"
    },
    {
      "type": "Feature",
      "properties": {
        "@id": "node/2460907353",
        "name": "Ebolowa",
        "place": "village",
        "source": "WRI_2005"
      },
      "geometry": {
        "type": "Point",
        "coordinates": [
          11.9051751,
          3.9092918
        ]
      },
      "id": "node/2460907353"
    },
    {
      "type": "Feature",
      "properties": {
        "@id": "node/2460907354",
        "name": "Ebolowo'o",
        "place": "village",
        "source": "WRI_2005"
      },
      "geometry": {
        "type": "Point",
        "coordinates": [
          12.1261064,
          3.620217
        ]
      },
      "id": "node/2460907354"
    },
    {
      "type": "Feature",
      "properties": {
        "@id": "node/2460907359",
        "name": "Eboman",
        "place": "village",
        "source": "WRI_2005"
      },
      "geometry": {
        "type": "Point",
        "coordinates": [
          11.9278679,
          3.4524103
        ]
      },
      "id": "node/2460907359"
    },
    {
      "type": "Feature",
      "properties": {
        "@id": "node/2460907360",
        "name": "Eboman",
        "place": "village",
        "source": "WRI_2005"
      },
      "geometry": {
        "type": "Point",
        "coordinates": [
          11.9956568,
          3.6287938
        ]
      },
      "id": "node/2460907360"
    },
    {
      "type": "Feature",
      "properties": {
        "@id": "node/2460907361",
        "name": "Ebomkop I",
        "place": "village",
        "source": "WRI_2005"
      },
      "geometry": {
        "type": "Point",
        "coordinates": [
          11.785025,
          3.590022
        ]
      },
      "id": "node/2460907361"
    },
    {
      "type": "Feature",
      "properties": {
        "@id": "node/2460907362",
        "name": "Ebomkop II",
        "place": "village",
        "source": "WRI_2005"
      },
      "geometry": {
        "type": "Point",
        "coordinates": [
          11.7804839,
          3.5988044
        ]
      },
      "id": "node/2460907362"
    },
    {
      "type": "Feature",
      "properties": {
        "@id": "node/2460907363",
        "name": "Ebomsi",
        "place": "village",
        "source": "WRI_2005"
      },
      "geometry": {
        "type": "Point",
        "coordinates": [
          11.7095725,
          3.4794037
        ]
      },
      "id": "node/2460907363"
    },
    {
      "type": "Feature",
      "properties": {
        "@id": "node/2460907365",
        "name": "Eboufek",
        "place": "village",
        "source": "WRI_2005"
      },
      "geometry": {
        "type": "Point",
        "coordinates": [
          11.883485,
          3.505749
        ]
      },
      "id": "node/2460907365"
    },
    {
      "type": "Feature",
      "properties": {
        "@id": "node/2460907369",
        "name": "Edou",
        "place": "village",
        "source": "WRI_2005"
      },
      "geometry": {
        "type": "Point",
        "coordinates": [
          11.9627594,
          3.7548185
        ]
      },
      "id": "node/2460907369"
    },
    {
      "type": "Feature",
      "properties": {
        "@id": "node/2460907370",
        "name": "Efet",
        "place": "village",
        "source": "WRI_2005"
      },
      "geometry": {
        "type": "Point",
        "coordinates": [
          11.7010203,
          3.3411759
        ]
      },
      "id": "node/2460907370"
    },
    {
      "type": "Feature",
      "properties": {
        "@id": "node/2460907387",
        "name": "Efoulan",
        "place": "village",
        "source": "WRI_2005"
      },
      "geometry": {
        "type": "Point",
        "coordinates": [
          12.0714806,
          3.4059046
        ]
      },
      "id": "node/2460907387"
    },
    {
      "type": "Feature",
      "properties": {
        "@id": "node/2460907388",
        "name": "Efoulan",
        "place": "village",
        "source": "WRI_2005"
      },
      "geometry": {
        "type": "Point",
        "coordinates": [
          11.9226164,
          3.6339253
        ]
      },
      "id": "node/2460907388"
    },
    {
      "type": "Feature",
      "properties": {
        "@id": "node/2460907389",
        "name": "Efoulan",
        "place": "village",
        "source": "WRI_2005"
      },
      "geometry": {
        "type": "Point",
        "coordinates": [
          12.2599346,
          3.7281015
        ]
      },
      "id": "node/2460907389"
    },
    {
      "type": "Feature",
      "properties": {
        "@id": "node/2460907390",
        "name": "Efoulan",
        "place": "village",
        "source": "WRI_2005"
      },
      "geometry": {
        "type": "Point",
        "coordinates": [
          12.2876727,
          3.920573
        ]
      },
      "id": "node/2460907390"
    },
    {
      "type": "Feature",
      "properties": {
        "@id": "node/2460907391",
        "name": "Ekanga",
        "place": "village",
        "source": "WRI_2005"
      },
      "geometry": {
        "type": "Point",
        "coordinates": [
          11.849766,
          3.7434688
        ]
      },
      "id": "node/2460907391"
    },
    {
      "type": "Feature",
      "properties": {
        "@id": "node/2460907392",
        "name": "Ekekam",
        "place": "village",
        "source": "WRI_2005"
      },
      "geometry": {
        "type": "Point",
        "coordinates": [
          11.8009998,
          3.3796887
        ]
      },
      "id": "node/2460907392"
    },
    {
      "type": "Feature",
      "properties": {
        "@id": "node/2460907393",
        "name": "Ekinguili",
        "place": "village",
        "source": "WRI_2005"
      },
      "geometry": {
        "type": "Point",
        "coordinates": [
          11.7566939,
          3.6070932
        ]
      },
      "id": "node/2460907393"
    },
    {
      "type": "Feature",
      "properties": {
        "@id": "node/2460907394",
        "name": "Ekoadjom",
        "place": "village",
        "source": "WRI_2005"
      },
      "geometry": {
        "type": "Point",
        "coordinates": [
          11.2357149,
          3.6048728
        ]
      },
      "id": "node/2460907394"
    },
    {
      "type": "Feature",
      "properties": {
        "@id": "node/2460907395",
        "name": "Ekok I",
        "place": "village",
        "source": "WRI_2005"
      },
      "geometry": {
        "type": "Point",
        "coordinates": [
          11.5970381,
          3.6862879
        ]
      },
      "id": "node/2460907395"
    },
    {
      "type": "Feature",
      "properties": {
        "@id": "node/2460907396",
        "name": "Ekok II",
        "place": "village",
        "source": "WRI_2005"
      },
      "geometry": {
        "type": "Point",
        "coordinates": [
          11.5897306,
          3.6935042
        ]
      },
      "id": "node/2460907396"
    },
    {
      "type": "Feature",
      "properties": {
        "@id": "node/2460907398",
        "fixme": "please confirm the place",
        "name": "Ekok",
        "place": "village",
        "source": "WRI_2005"
      },
      "geometry": {
        "type": "Point",
        "coordinates": [
          12.1819362,
          3.8799327
        ]
      },
      "id": "node/2460907398"
    },
    {
      "type": "Feature",
      "properties": {
        "@id": "node/2460907399",
        "name": "Ekoko",
        "place": "village",
        "source": "WRI_2005"
      },
      "geometry": {
        "type": "Point",
        "coordinates": [
          12.1139294,
          3.8180105
        ]
      },
      "id": "node/2460907399"
    },
    {
      "type": "Feature",
      "properties": {
        "@id": "node/2460907400",
        "name": "Ekom",
        "place": "village",
        "source": "WRI_2005"
      },
      "geometry": {
        "type": "Point",
        "coordinates": [
          11.7033543,
          3.8356898
        ]
      },
      "id": "node/2460907400"
    },
    {
      "type": "Feature",
      "properties": {
        "@id": "node/2460907401",
        "name": "Ekomba",
        "place": "village",
        "source": "WRI_2005"
      },
      "geometry": {
        "type": "Point",
        "coordinates": [
          12.1271859,
          3.4885684
        ]
      },
      "id": "node/2460907401"
    },
    {
      "type": "Feature",
      "properties": {
        "@id": "node/2460907402",
        "name": "Ekomba",
        "place": "village",
        "source": "WRI_2005"
      },
      "geometry": {
        "type": "Point",
        "coordinates": [
          12.5286084,
          3.5923604
        ]
      },
      "id": "node/2460907402"
    },
    {
      "type": "Feature",
      "properties": {
        "@id": "node/2460907404",
        "name": "Ekombitie",
        "place": "village",
        "source": "WRI_2005"
      },
      "geometry": {
        "type": "Point",
        "coordinates": [
          11.6397009,
          3.5610989
        ]
      },
      "id": "node/2460907404"
    },
    {
      "type": "Feature",
      "properties": {
        "@id": "node/2460907405",
        "name": "Ekombitié",
        "place": "village",
        "source": "WRI_2005"
      },
      "geometry": {
        "type": "Point",
        "coordinates": [
          11.5211784,
          3.4637048
        ]
      },
      "id": "node/2460907405"
    },
    {
      "type": "Feature",
      "properties": {
        "@id": "node/2460907406",
        "name": "Ekombitié",
        "place": "village",
        "source": "WRI_2005"
      },
      "geometry": {
        "type": "Point",
        "coordinates": [
          11.9965886,
          3.62159
        ]
      },
      "id": "node/2460907406"
    },
    {
      "type": "Feature",
      "properties": {
        "@id": "node/2460907409",
        "name": "Ekonong",
        "place": "village",
        "source": "WRI_2005"
      },
      "geometry": {
        "type": "Point",
        "coordinates": [
          11.6072931,
          3.2248614
        ]
      },
      "id": "node/2460907409"
    },
    {
      "type": "Feature",
      "properties": {
        "@id": "node/2460907410",
        "name": "Ekoua",
        "place": "village",
        "source": "WRI_2005"
      },
      "geometry": {
        "type": "Point",
        "coordinates": [
          12.2617811,
          3.7850246
        ]
      },
      "id": "node/2460907410"
    },
    {
      "type": "Feature",
      "properties": {
        "@id": "node/2460907412",
        "name": "Ekoudou",
        "place": "village",
        "source": "WRI_2005"
      },
      "geometry": {
        "type": "Point",
        "coordinates": [
          12.1374916,
          3.4184169
        ]
      },
      "id": "node/2460907412"
    },
    {
      "type": "Feature",
      "properties": {
        "@id": "node/2460907415",
        "name": "Ekoumdoum",
        "place": "village",
        "source": "WRI_2005"
      },
      "geometry": {
        "type": "Point",
        "coordinates": [
          12.1428543,
          3.6288155
        ]
      },
      "id": "node/2460907415"
    },
    {
      "type": "Feature",
      "properties": {
        "@id": "node/2460907416",
        "name": "Ekoumeyek",
        "place": "village",
        "source": "WRI_2005"
      },
      "geometry": {
        "type": "Point",
        "coordinates": [
          11.271234,
          3.3802611
        ]
      },
      "id": "node/2460907416"
    },
    {
      "type": "Feature",
      "properties": {
        "@id": "node/2460907420",
        "name": "Elang",
        "place": "village",
        "source": "WRI_2005"
      },
      "geometry": {
        "type": "Point",
        "coordinates": [
          11.7865793,
          3.6589626
        ]
      },
      "id": "node/2460907420"
    },
    {
      "type": "Feature",
      "properties": {
        "@id": "node/2460907424",
        "name": "Emanemvam",
        "place": "village",
        "source": "WRI_2005"
      },
      "geometry": {
        "type": "Point",
        "coordinates": [
          11.8833974,
          3.5187171
        ]
      },
      "id": "node/2460907424"
    },
    {
      "type": "Feature",
      "properties": {
        "@id": "node/2460907426",
        "name": "Emini I",
        "place": "village",
        "source": "WRI_2005"
      },
      "geometry": {
        "type": "Point",
        "coordinates": [
          12.4618515,
          3.9099939
        ]
      },
      "id": "node/2460907426"
    },
    {
      "type": "Feature",
      "properties": {
        "@id": "node/2460907427",
        "name": "Emvane",
        "place": "town",
        "source": "WRI_2005"
      },
      "geometry": {
        "type": "Point",
        "coordinates": [
          12.5776142,
          3.6960155
        ]
      },
      "id": "node/2460907427"
    },
    {
      "type": "Feature",
      "properties": {
        "@id": "node/2460907429",
        "name": "Emvong",
        "place": "village",
        "source": "WRI_2005"
      },
      "geometry": {
        "type": "Point",
        "coordinates": [
          12.2812405,
          3.9603809
        ]
      },
      "id": "node/2460907429"
    },
    {
      "type": "Feature",
      "properties": {
        "@id": "node/2460907435",
        "name": "Endengué",
        "place": "village",
        "source": "WRI_2005"
      },
      "geometry": {
        "type": "Point",
        "coordinates": [
          11.6552517,
          3.3959361
        ]
      },
      "id": "node/2460907435"
    },
    {
      "type": "Feature",
      "properties": {
        "@id": "node/2460907439",
        "name": "Endoum",
        "place": "village",
        "source": "WRI_2005"
      },
      "geometry": {
        "type": "Point",
        "coordinates": [
          11.8540827,
          3.7766021
        ]
      },
      "id": "node/2460907439"
    },
    {
      "type": "Feature",
      "properties": {
        "@id": "node/2460907453",
        "name": "Essabak",
        "place": "village",
        "source": "WRI_2005"
      },
      "geometry": {
        "type": "Point",
        "coordinates": [
          11.6192637,
          3.8246772
        ]
      },
      "id": "node/2460907453"
    },
    {
      "type": "Feature",
      "properties": {
        "@id": "node/2460907456",
        "name": "Essabi",
        "place": "village",
        "source": "WRI_2005"
      },
      "geometry": {
        "type": "Point",
        "coordinates": [
          11.6760388,
          3.9227555
        ]
      },
      "id": "node/2460907456"
    },
    {
      "type": "Feature",
      "properties": {
        "@id": "node/2460907464",
        "name": "Essambel",
        "place": "village",
        "source": "WRI_2005"
      },
      "geometry": {
        "type": "Point",
        "coordinates": [
          11.8558694,
          3.9451398
        ]
      },
      "id": "node/2460907464"
    },
    {
      "type": "Feature",
      "properties": {
        "@id": "node/2460907499",
        "name": "Esson",
        "place": "village",
        "source": "WRI_2005"
      },
      "geometry": {
        "type": "Point",
        "coordinates": [
          12.4688843,
          3.9156733
        ]
      },
      "id": "node/2460907499"
    },
    {
      "type": "Feature",
      "properties": {
        "@id": "node/2460907505",
        "name": "Essong",
        "place": "village",
        "source": "WRI_2005"
      },
      "geometry": {
        "type": "Point",
        "coordinates": [
          11.7895304,
          3.7727507
        ]
      },
      "id": "node/2460907505"
    },
    {
      "type": "Feature",
      "properties": {
        "@id": "node/2460907508",
        "name": "Essong",
        "place": "village",
        "source": "WRI_2005"
      },
      "geometry": {
        "type": "Point",
        "coordinates": [
          12.1670278,
          3.81961
        ]
      },
      "id": "node/2460907508"
    },
    {
      "type": "Feature",
      "properties": {
        "@id": "node/2460907554",
        "name": "Eyek I",
        "place": "village",
        "source": "WRI_2005"
      },
      "geometry": {
        "type": "Point",
        "coordinates": [
          12.1936574,
          3.4263124
        ]
      },
      "id": "node/2460907554"
    },
    {
      "type": "Feature",
      "properties": {
        "@id": "node/2460907557",
        "name": "Eyenguele",
        "place": "village",
        "source": "WRI_2005"
      },
      "geometry": {
        "type": "Point",
        "coordinates": [
          12.2329439,
          3.6071872
        ]
      },
      "id": "node/2460907557"
    },
    {
      "type": "Feature",
      "properties": {
        "@id": "node/2460907560",
        "name": "Eyes",
        "place": "village",
        "source": "WRI_2005"
      },
      "geometry": {
        "type": "Point",
        "coordinates": [
          12.5685539,
          3.9627559
        ]
      },
      "id": "node/2460907560"
    },
    {
      "type": "Feature",
      "properties": {
        "@id": "node/2460907562",
        "name": "Fang So",
        "place": "village",
        "source": "WRI_2005"
      },
      "geometry": {
        "type": "Point",
        "coordinates": [
          12.5673197,
          3.727409
        ]
      },
      "id": "node/2460907562"
    },
    {
      "type": "Feature",
      "properties": {
        "@id": "node/2460907576",
        "name": "Hondol",
        "place": "village",
        "source": "WRI_2005"
      },
      "geometry": {
        "type": "Point",
        "coordinates": [
          11.1269837,
          3.5863744
        ]
      },
      "id": "node/2460907576"
    },
    {
      "type": "Feature",
      "properties": {
        "@id": "node/2460907598",
        "name": "Kan",
        "place": "village",
        "source": "WRI_2005"
      },
      "geometry": {
        "type": "Point",
        "coordinates": [
          12.2638186,
          3.5527913
        ]
      },
      "id": "node/2460907598"
    },
    {
      "type": "Feature",
      "properties": {
        "@id": "node/2460907601",
        "name": "Kat",
        "place": "village",
        "source": "WRI_2005"
      },
      "geometry": {
        "type": "Point",
        "coordinates": [
          11.8860968,
          3.6058615
        ]
      },
      "id": "node/2460907601"
    },
    {
      "type": "Feature",
      "properties": {
        "@id": "node/2460907605",
        "name": "Kaya",
        "place": "village",
        "source": "WRI_2005"
      },
      "geometry": {
        "type": "Point",
        "coordinates": [
          11.0944327,
          3.550014
        ]
      },
      "id": "node/2460907605"
    },
    {
      "type": "Feature",
      "properties": {
        "@id": "node/2460907619",
        "name": "Kondessong",
        "place": "village",
        "source": "WRI_2005"
      },
      "geometry": {
        "type": "Point",
        "coordinates": [
          11.8587128,
          3.4853343
        ]
      },
      "id": "node/2460907619"
    },
    {
      "type": "Feature",
      "properties": {
        "@id": "node/2460907649",
        "name": "Koum",
        "place": "village",
        "source": "WRI_2005"
      },
      "geometry": {
        "type": "Point",
        "coordinates": [
          12.2235677,
          3.6584298
        ]
      },
      "id": "node/2460907649"
    },
    {
      "type": "Feature",
      "properties": {
        "@id": "node/2460907658",
        "name": "Koumassi I",
        "place": "village",
        "source": "WRI_2005"
      },
      "geometry": {
        "type": "Point",
        "coordinates": [
          11.2091431,
          3.3109705
        ]
      },
      "id": "node/2460907658"
    },
    {
      "type": "Feature",
      "properties": {
        "@id": "node/2460907667",
        "name": "Kpeng",
        "place": "village",
        "source": "WRI_2005"
      },
      "geometry": {
        "type": "Point",
        "coordinates": [
          12.2349367,
          3.6838929
        ]
      },
      "id": "node/2460907667"
    },
    {
      "type": "Feature",
      "properties": {
        "@id": "node/2460907678",
        "name": "Libi",
        "place": "village",
        "source": "WRI_2005"
      },
      "geometry": {
        "type": "Point",
        "coordinates": [
          11.8370818,
          3.9326505
        ]
      },
      "id": "node/2460907678"
    },
    {
      "type": "Feature",
      "properties": {
        "@id": "node/2460907683",
        "name": "Loum II",
        "place": "village",
        "source": "WRI_2005"
      },
      "geometry": {
        "type": "Point",
        "coordinates": [
          11.6488098,
          3.6258738
        ]
      },
      "id": "node/2460907683"
    },
    {
      "type": "Feature",
      "properties": {
        "@id": "node/2460907707",
        "name": "Léplibong",
        "place": "village",
        "source": "WRI_2005"
      },
      "geometry": {
        "type": "Point",
        "coordinates": [
          11.1793098,
          3.5172071
        ]
      },
      "id": "node/2460907707"
    },
    {
      "type": "Feature",
      "properties": {
        "@id": "node/2460907727",
        "name": "Mambando",
        "place": "village",
        "source": "WRI_2005"
      },
      "geometry": {
        "type": "Point",
        "coordinates": [
          11.2188305,
          3.6469659
        ]
      },
      "id": "node/2460907727"
    },
    {
      "type": "Feature",
      "properties": {
        "@id": "node/2460907734",
        "name": "Man",
        "place": "village",
        "source": "WRI_2005"
      },
      "geometry": {
        "type": "Point",
        "coordinates": [
          11.8367437,
          3.5191773
        ]
      },
      "id": "node/2460907734"
    },
    {
      "type": "Feature",
      "properties": {
        "@id": "node/2460907737",
        "name": "Manengombo",
        "place": "village",
        "source": "WRI_2005"
      },
      "geometry": {
        "type": "Point",
        "coordinates": [
          11.6476521,
          3.3179827
        ]
      },
      "id": "node/2460907737"
    },
    {
      "type": "Feature",
      "properties": {
        "@id": "node/2460907775",
        "name": "Mbaka",
        "place": "village",
        "source": "WRI_2005"
      },
      "geometry": {
        "type": "Point",
        "coordinates": [
          12.2318915,
          3.9229395
        ]
      },
      "id": "node/2460907775"
    },
    {
      "type": "Feature",
      "properties": {
        "@id": "node/2460907777",
        "name": "Mbaldjan",
        "place": "village",
        "source": "WRI_2005"
      },
      "geometry": {
        "type": "Point",
        "coordinates": [
          12.2108139,
          3.609853
        ]
      },
      "id": "node/2460907777"
    },
    {
      "type": "Feature",
      "properties": {
        "@id": "node/2460907780",
        "name": "Mbalentom",
        "place": "village",
        "source": "WRI_2005"
      },
      "geometry": {
        "type": "Point",
        "coordinates": [
          11.8443023,
          3.5484897
        ]
      },
      "id": "node/2460907780"
    },
    {
      "type": "Feature",
      "properties": {
        "@id": "node/2460907784",
        "name": "Mbama",
        "place": "village",
        "source": "WRI_2005"
      },
      "geometry": {
        "type": "Point",
        "coordinates": [
          11.7318925,
          3.4391213
        ]
      },
      "id": "node/2460907784"
    },
    {
      "type": "Feature",
      "properties": {
        "@id": "node/2460907790",
        "name": "Mbang",
        "place": "village",
        "source": "WRI_2005"
      },
      "geometry": {
        "type": "Point",
        "coordinates": [
          12.4234548,
          3.8973537
        ]
      },
      "id": "node/2460907790"
    },
    {
      "type": "Feature",
      "properties": {
        "@id": "node/2460907794",
        "name": "Mbanga",
        "place": "town",
        "source": "WRI_2005"
      },
      "geometry": {
        "type": "Point",
        "coordinates": [
          11.7507718,
          3.6159245
        ]
      },
      "id": "node/2460907794"
    },
    {
      "type": "Feature",
      "properties": {
        "@id": "node/2460907797",
        "name": "Mbanga",
        "place": "village",
        "source": "WRI_2005"
      },
      "geometry": {
        "type": "Point",
        "coordinates": [
          11.8663303,
          3.8337429
        ]
      },
      "id": "node/2460907797"
    },
    {
      "type": "Feature",
      "properties": {
        "@id": "node/2460907811",
        "name": "Mbemnjok",
        "place": "village",
        "source": "WRI_2005"
      },
      "geometry": {
        "type": "Point",
        "coordinates": [
          11.1527224,
          3.4779963
        ]
      },
      "id": "node/2460907811"
    },
    {
      "type": "Feature",
      "properties": {
        "@id": "node/2460907814",
        "name": "Mbeng II",
        "place": "village",
        "source": "WRI_2005"
      },
      "geometry": {
        "type": "Point",
        "coordinates": [
          11.1052173,
          3.3216779
        ]
      },
      "id": "node/2460907814"
    },
    {
      "type": "Feature",
      "properties": {
        "@id": "node/2460907823",
        "name": "Mbili",
        "place": "village",
        "source": "WRI_2005"
      },
      "geometry": {
        "type": "Point",
        "coordinates": [
          12.1475614,
          3.7178378
        ]
      },
      "id": "node/2460907823"
    },
    {
      "type": "Feature",
      "properties": {
        "@id": "node/2460907830",
        "name": "Mboun",
        "place": "village",
        "source": "WRI_2005"
      },
      "geometry": {
        "type": "Point",
        "coordinates": [
          12.4300256,
          3.9623549
        ]
      },
      "id": "node/2460907830"
    },
    {
      "type": "Feature",
      "properties": {
        "@id": "node/2460907835",
        "name": "Mbéga",
        "place": "village",
        "source": "WRI_2005"
      },
      "geometry": {
        "type": "Point",
        "coordinates": [
          11.6532231,
          3.5344105
        ]
      },
      "id": "node/2460907835"
    },
    {
      "type": "Feature",
      "properties": {
        "@id": "node/2460907852",
        "name": "Mebassa",
        "place": "village",
        "source": "WRI_2005"
      },
      "geometry": {
        "type": "Point",
        "coordinates": [
          11.9857554,
          3.5100699
        ]
      },
      "id": "node/2460907852"
    },
    {
      "type": "Feature",
      "properties": {
        "@id": "node/2460907854",
        "name": "Mebe",
        "place": "village",
        "source": "WRI_2005"
      },
      "geometry": {
        "type": "Point",
        "coordinates": [
          11.9641898,
          3.6737164
        ]
      },
      "id": "node/2460907854"
    },
    {
      "type": "Feature",
      "properties": {
        "@id": "node/2460907855",
        "name": "Mebele",
        "place": "village",
        "source": "WRI_2005"
      },
      "geometry": {
        "type": "Point",
        "coordinates": [
          11.7353429,
          3.2836205
        ]
      },
      "id": "node/2460907855"
    },
    {
      "type": "Feature",
      "properties": {
        "@id": "node/2460907862",
        "name": "Mebomo",
        "place": "village",
        "source": "WRI_2005"
      },
      "geometry": {
        "type": "Point",
        "coordinates": [
          11.9865519,
          3.5608533
        ]
      },
      "id": "node/2460907862"
    },
    {
      "type": "Feature",
      "properties": {
        "@id": "node/2460907865",
        "name": "Medjap",
        "place": "village",
        "source": "WRI_2005"
      },
      "geometry": {
        "type": "Point",
        "coordinates": [
          11.9705618,
          3.5897973
        ]
      },
      "id": "node/2460907865"
    },
    {
      "type": "Feature",
      "properties": {
        "@id": "node/2460907866",
        "name": "Medjeme I",
        "place": "village",
        "source": "WRI_2005"
      },
      "geometry": {
        "type": "Point",
        "coordinates": [
          12.0671921,
          3.4647431
        ]
      },
      "id": "node/2460907866"
    },
    {
      "type": "Feature",
      "properties": {
        "@id": "node/2460907867",
        "name": "Medjeme II",
        "place": "village",
        "source": "WRI_2005"
      },
      "geometry": {
        "type": "Point",
        "coordinates": [
          12.0640766,
          3.474083
        ]
      },
      "id": "node/2460907867"
    },
    {
      "type": "Feature",
      "properties": {
        "@id": "node/2460907870",
        "name": "Medoumou",
        "place": "village",
        "source": "WRI_2005"
      },
      "geometry": {
        "type": "Point",
        "coordinates": [
          12.1358654,
          3.708001
        ]
      },
      "id": "node/2460907870"
    },
    {
      "type": "Feature",
      "properties": {
        "@id": "node/2460907871",
        "name": "Medzek",
        "place": "village",
        "source": "WRI_2005"
      },
      "geometry": {
        "type": "Point",
        "coordinates": [
          12.2115309,
          3.5996608
        ]
      },
      "id": "node/2460907871"
    },
    {
      "type": "Feature",
      "properties": {
        "@id": "node/2460907887",
        "name": "Mekomo",
        "place": "village",
        "source": "WRI_2005"
      },
      "geometry": {
        "type": "Point",
        "coordinates": [
          11.6473685,
          3.3949664
        ]
      },
      "id": "node/2460907887"
    },
    {
      "type": "Feature",
      "properties": {
        "@id": "node/2460907888",
        "fixme": "please confirm the place",
        "name": "Mekong",
        "place": "village",
        "source": "WRI_2005"
      },
      "geometry": {
        "type": "Point",
        "coordinates": [
          12.2239594,
          3.8726961
        ]
      },
      "id": "node/2460907888"
    },
    {
      "type": "Feature",
      "properties": {
        "@id": "node/2460907893",
        "fixme": "please confirm the place",
        "name": "Melan",
        "place": "village",
        "source": "WRI_2005"
      },
      "geometry": {
        "type": "Point",
        "coordinates": [
          12.2736432,
          3.7798711
        ]
      },
      "id": "node/2460907893"
    },
    {
      "type": "Feature",
      "properties": {
        "@id": "node/2460907895",
        "name": "Melen",
        "place": "village",
        "source": "WRI_2005"
      },
      "geometry": {
        "type": "Point",
        "coordinates": [
          11.5612465,
          3.1647841
        ]
      },
      "id": "node/2460907895"
    },
    {
      "type": "Feature",
      "properties": {
        "@id": "node/2460907906",
        "name": "Mendok",
        "place": "village",
        "source": "WRI_2005"
      },
      "geometry": {
        "type": "Point",
        "coordinates": [
          11.8118496,
          3.5889884
        ]
      },
      "id": "node/2460907906"
    },
    {
      "type": "Feature",
      "properties": {
        "@id": "node/2460907909",
        "name": "Mengana",
        "place": "village",
        "source": "WRI_2005"
      },
      "geometry": {
        "type": "Point",
        "coordinates": [
          12.2786746,
          3.7883233
        ]
      },
      "id": "node/2460907909"
    },
    {
      "type": "Feature",
      "properties": {
        "@id": "node/2460907911",
        "name": "Mengba",
        "place": "village",
        "source": "WRI_2005"
      },
      "geometry": {
        "type": "Point",
        "coordinates": [
          11.8795157,
          3.5290231
        ]
      },
      "id": "node/2460907911"
    },
    {
      "type": "Feature",
      "properties": {
        "@id": "node/2460907927",
        "name": "Mengueme",
        "place": "village",
        "source": "WRI_2005"
      },
      "geometry": {
        "type": "Point",
        "coordinates": [
          11.6954986,
          3.4435616
        ]
      },
      "id": "node/2460907927"
    },
    {
      "type": "Feature",
      "properties": {
        "@id": "node/2460907930",
        "name": "Menguemé",
        "place": "village",
        "source": "WRI_2005"
      },
      "geometry": {
        "type": "Point",
        "coordinates": [
          11.1745161,
          3.3872322
        ]
      },
      "id": "node/2460907930"
    },
    {
      "type": "Feature",
      "properties": {
        "@id": "node/2460907949",
        "name": "Messeng",
        "place": "village",
        "source": "WRI_2005"
      },
      "geometry": {
        "type": "Point",
        "coordinates": [
          11.7180005,
          3.6557823
        ]
      },
      "id": "node/2460907949"
    },
    {
      "type": "Feature",
      "properties": {
        "@id": "node/2460907982",
        "name": "Mevamebot",
        "place": "village",
        "source": "WRI_2005"
      },
      "geometry": {
        "type": "Point",
        "coordinates": [
          11.2574328,
          3.3992071
        ]
      },
      "id": "node/2460907982"
    },
    {
      "type": "Feature",
      "properties": {
        "@id": "node/2460907985",
        "name": "Meven",
        "place": "village",
        "source": "WRI_2005"
      },
      "geometry": {
        "type": "Point",
        "coordinates": [
          11.7700533,
          3.8324701
        ]
      },
      "id": "node/2460907985"
    },
    {
      "type": "Feature",
      "properties": {
        "@id": "node/2460907999",
        "name": "Meyo",
        "place": "village",
        "source": "WRI_2005"
      },
      "geometry": {
        "type": "Point",
        "coordinates": [
          11.9393881,
          3.5621483
        ]
      },
      "id": "node/2460907999"
    },
    {
      "type": "Feature",
      "properties": {
        "@id": "node/2460908043",
        "name": "Mfida",
        "place": "village",
        "source": "WRI_2005"
      },
      "geometry": {
        "type": "Point",
        "coordinates": [
          11.39952,
          3.2040131
        ]
      },
      "id": "node/2460908043"
    },
    {
      "type": "Feature",
      "properties": {
        "@id": "node/2460908045",
        "name": "Mfida",
        "place": "village",
        "source": "WRI_2005"
      },
      "geometry": {
        "type": "Point",
        "coordinates": [
          11.6154691,
          3.6738215
        ]
      },
      "id": "node/2460908045"
    },
    {
      "type": "Feature",
      "properties": {
        "@id": "node/2460908046",
        "name": "Mfou Village",
        "place": "village",
        "source": "WRI_2005"
      },
      "geometry": {
        "type": "Point",
        "coordinates": [
          11.6545338,
          3.7219534
        ]
      },
      "id": "node/2460908046"
    },
    {
      "type": "Feature",
      "properties": {
        "@id": "node/2460908047",
        "name": "Mfou",
        "place": "village",
        "source": "WRI_2005"
      },
      "geometry": {
        "type": "Point",
        "coordinates": [
          11.9273558,
          3.9636263
        ]
      },
      "id": "node/2460908047"
    },
    {
      "type": "Feature",
      "properties": {
        "@id": "node/2460908051",
        "fixme": "please confirm the place",
        "name": "Miende",
        "place": "village",
        "source": "WRI_2005"
      },
      "geometry": {
        "type": "Point",
        "coordinates": [
          12.2988503,
          3.862199
        ]
      },
      "id": "node/2460908051"
    },
    {
      "type": "Feature",
      "properties": {
        "@id": "node/2460908055",
        "name": "Mimbang",
        "place": "village",
        "source": "WRI_2005"
      },
      "geometry": {
        "type": "Point",
        "coordinates": [
          12.0207727,
          3.8957582
        ]
      },
      "id": "node/2460908055"
    },
    {
      "type": "Feature",
      "properties": {
        "@id": "node/2460908056",
        "name": "Mimbang",
        "place": "village",
        "source": "WRI_2005"
      },
      "geometry": {
        "type": "Point",
        "coordinates": [
          11.8389055,
          3.9653348
        ]
      },
      "id": "node/2460908056"
    },
    {
      "type": "Feature",
      "properties": {
        "@id": "node/2460908059",
        "name": "Mimeboudou",
        "place": "village",
        "source": "WRI_2005"
      },
      "geometry": {
        "type": "Point",
        "coordinates": [
          11.6373848,
          3.4279192
        ]
      },
      "id": "node/2460908059"
    },
    {
      "type": "Feature",
      "properties": {
        "@id": "node/2460908062",
        "name": "Mingueme",
        "place": "village",
        "source": "WRI_2005"
      },
      "geometry": {
        "type": "Point",
        "coordinates": [
          12.2439461,
          3.5734108
        ]
      },
      "id": "node/2460908062"
    },
    {
      "type": "Feature",
      "properties": {
        "@id": "node/2460908065",
        "name": "Minimfoumou",
        "place": "village",
        "source": "WRI_2005"
      },
      "geometry": {
        "type": "Point",
        "coordinates": [
          11.8183539,
          3.5606667
        ]
      },
      "id": "node/2460908065"
    },
    {
      "type": "Feature",
      "properties": {
        "@id": "node/2460908067",
        "name": "Minka",
        "place": "village",
        "source": "WRI_2005"
      },
      "geometry": {
        "type": "Point",
        "coordinates": [
          11.1232906,
          3.5579453
        ]
      },
      "id": "node/2460908067"
    },
    {
      "type": "Feature",
      "properties": {
        "@id": "node/2460908077",
        "name": "Minkoamimbang",
        "place": "village",
        "source": "WRI_2005"
      },
      "geometry": {
        "type": "Point",
        "coordinates": [
          11.8195057,
          3.6378704
        ]
      },
      "id": "node/2460908077"
    },
    {
      "type": "Feature",
      "properties": {
        "@id": "node/2460908086",
        "name": "Minkok",
        "place": "village",
        "source": "WRI_2005"
      },
      "geometry": {
        "type": "Point",
        "coordinates": [
          11.8427603,
          3.7597667
        ]
      },
      "id": "node/2460908086"
    },
    {
      "type": "Feature",
      "properties": {
        "@id": "node/2460908089",
        "name": "Minkomilala",
        "place": "village",
        "source": "WRI_2005"
      },
      "geometry": {
        "type": "Point",
        "coordinates": [
          11.715988,
          3.9021843
        ]
      },
      "id": "node/2460908089"
    },
    {
      "type": "Feature",
      "properties": {
        "@id": "node/2460908092",
        "name": "Mvé",
        "place": "village"
      },
      "geometry": {
        "type": "Point",
        "coordinates": [
          11.7167822,
          3.9161382
        ]
      },
      "id": "node/2460908092"
    },
    {
      "type": "Feature",
      "properties": {
        "@id": "node/2460908108",
        "name": "Minlaaba",
        "place": "village",
        "source": "WRI_2005"
      },
      "geometry": {
        "type": "Point",
        "coordinates": [
          11.8422255,
          3.8357682
        ]
      },
      "id": "node/2460908108"
    },
    {
      "type": "Feature",
      "properties": {
        "@id": "node/2460908118",
        "name": "Mintsangom",
        "place": "village",
        "source": "WRI_2005"
      },
      "geometry": {
        "type": "Point",
        "coordinates": [
          11.4091018,
          3.1617284
        ]
      },
      "id": "node/2460908118"
    },
    {
      "type": "Feature",
      "properties": {
        "@id": "node/2460908122",
        "name": "Missongui",
        "place": "village",
        "source": "WRI_2005"
      },
      "geometry": {
        "type": "Point",
        "coordinates": [
          11.6703734,
          3.8973588
        ]
      },
      "id": "node/2460908122"
    },
    {
      "type": "Feature",
      "properties": {
        "@id": "node/2460908123",
        "name": "Mom I",
        "place": "village",
        "source": "WRI_2005"
      },
      "geometry": {
        "type": "Point",
        "coordinates": [
          11.1829621,
          3.5946969
        ]
      },
      "id": "node/2460908123"
    },
    {
      "type": "Feature",
      "properties": {
        "@id": "node/2460908124",
        "name": "Mom II",
        "place": "village",
        "source": "WRI_2005"
      },
      "geometry": {
        "type": "Point",
        "coordinates": [
          11.2124433,
          3.6378346
        ]
      },
      "id": "node/2460908124"
    },
    {
      "type": "Feature",
      "properties": {
        "@id": "node/2460908132",
        "name": "Monengombo",
        "place": "village",
        "source": "WRI_2005"
      },
      "geometry": {
        "type": "Point",
        "coordinates": [
          12.115882,
          3.5051252
        ]
      },
      "id": "node/2460908132"
    },
    {
      "type": "Feature",
      "properties": {
        "@id": "node/2460908138",
        "name": "Mvan",
        "place": "village",
        "source": "WRI_2005"
      },
      "geometry": {
        "type": "Point",
        "coordinates": [
          12.2942834,
          3.6163677
        ]
      },
      "id": "node/2460908138"
    },
    {
      "type": "Feature",
      "properties": {
        "@id": "node/2460908145",
        "name": "Mvog",
        "place": "village",
        "source": "WRI_2005"
      },
      "geometry": {
        "type": "Point",
        "coordinates": [
          11.6703543,
          3.9069577
        ]
      },
      "id": "node/2460908145"
    },
    {
      "type": "Feature",
      "properties": {
        "@id": "node/2460908153",
        "name": "Mvé",
        "place": "village",
        "source": "WRI_2005"
      },
      "geometry": {
        "type": "Point",
        "coordinates": [
          12.2347081,
          3.8009101
        ]
      },
      "id": "node/2460908153"
    },
    {
      "type": "Feature",
      "properties": {
        "@id": "node/2460908160",
        "name": "Mélen",
        "place": "village",
        "source": "WRI_2005"
      },
      "geometry": {
        "type": "Point",
        "coordinates": [
          11.3008027,
          3.3217866
        ]
      },
      "id": "node/2460908160"
    },
    {
      "type": "Feature",
      "properties": {
        "@id": "node/2460908164",
        "name": "Métomba",
        "place": "village",
        "source": "WRI_2005"
      },
      "geometry": {
        "type": "Point",
        "coordinates": [
          11.3371035,
          3.3335862
        ]
      },
      "id": "node/2460908164"
    },
    {
      "type": "Feature",
      "properties": {
        "@id": "node/2460908166",
        "name": "Ndangueng I",
        "place": "village",
        "source": "WRI_2005"
      },
      "geometry": {
        "type": "Point",
        "coordinates": [
          11.6152009,
          3.6311222
        ]
      },
      "id": "node/2460908166"
    },
    {
      "type": "Feature",
      "properties": {
        "@id": "node/2460908167",
        "name": "Ndangueng II",
        "place": "village",
        "source": "WRI_2005"
      },
      "geometry": {
        "type": "Point",
        "coordinates": [
          11.6380364,
          3.5680847
        ]
      },
      "id": "node/2460908167"
    },
    {
      "type": "Feature",
      "properties": {
        "@id": "node/2460908168",
        "name": "Ndembene",
        "place": "village",
        "source": "WRI_2005"
      },
      "geometry": {
        "type": "Point",
        "coordinates": [
          11.928019,
          3.5380797
        ]
      },
      "id": "node/2460908168"
    },
    {
      "type": "Feature",
      "properties": {
        "@id": "node/2460908172",
        "name": "Ndibidjeng",
        "place": "village",
        "source": "WRI_2005"
      },
      "geometry": {
        "type": "Point",
        "coordinates": [
          12.2547634,
          3.6723588
        ]
      },
      "id": "node/2460908172"
    },
    {
      "type": "Feature",
      "properties": {
        "@id": "node/2460908175",
        "name": "Ndika",
        "place": "village",
        "source": "WRI_2005"
      },
      "geometry": {
        "type": "Point",
        "coordinates": [
          11.3204261,
          3.3776466
        ]
      },
      "id": "node/2460908175"
    },
    {
      "type": "Feature",
      "properties": {
        "@id": "node/2460908178",
        "name": "Ndjandouan",
        "place": "village",
        "source": "WRI_2005"
      },
      "geometry": {
        "type": "Point",
        "coordinates": [
          12.2230173,
          3.4653718
        ]
      },
      "id": "node/2460908178"
    },
    {
      "type": "Feature",
      "properties": {
        "@id": "node/2460908179",
        "name": "Ndjantibda",
        "place": "village",
        "source": "WRI_2005"
      },
      "geometry": {
        "type": "Point",
        "coordinates": [
          11.0829237,
          3.5026643
        ]
      },
      "id": "node/2460908179"
    },
    {
      "type": "Feature",
      "properties": {
        "@id": "node/2460908185",
        "name": "Ndjonmedjap",
        "place": "village",
        "source": "WRI_2005"
      },
      "geometry": {
        "type": "Point",
        "coordinates": [
          12.1735758,
          3.6538153
        ]
      },
      "id": "node/2460908185"
    },
    {
      "type": "Feature",
      "properties": {
        "@id": "node/2460908190",
        "name": "Ndzandouan",
        "place": "village",
        "source": "WRI_2005"
      },
      "geometry": {
        "type": "Point",
        "coordinates": [
          11.9624803,
          3.7066388
        ]
      },
      "id": "node/2460908190"
    },
    {
      "type": "Feature",
      "properties": {
        "@id": "node/2460908191",
        "name": "Ndziefidi",
        "place": "village",
        "source": "WRI_2005"
      },
      "geometry": {
        "type": "Point",
        "coordinates": [
          11.5356728,
          3.2223975
        ]
      },
      "id": "node/2460908191"
    },
    {
      "type": "Feature",
      "properties": {
        "@id": "node/2460908192",
        "name": "Ndziefidi",
        "place": "village",
        "source": "WRI_2005"
      },
      "geometry": {
        "type": "Point",
        "coordinates": [
          11.6207151,
          3.6534916
        ]
      },
      "id": "node/2460908192"
    },
    {
      "type": "Feature",
      "properties": {
        "@id": "node/2460908197",
        "name": "Ngalan",
        "place": "village",
        "source": "WRI_2005"
      },
      "geometry": {
        "type": "Point",
        "coordinates": [
          11.6717751,
          3.8819429
        ]
      },
      "id": "node/2460908197"
    },
    {
      "type": "Feature",
      "properties": {
        "@id": "node/2460908206",
        "name": "Ngat",
        "place": "village",
        "source": "WRI_2005"
      },
      "geometry": {
        "type": "Point",
        "coordinates": [
          11.8081084,
          3.7899166
        ]
      },
      "id": "node/2460908206"
    },
    {
      "type": "Feature",
      "properties": {
        "@id": "node/2460908207",
        "name": "Ngat",
        "place": "village",
        "source": "WRI_2005"
      },
      "geometry": {
        "type": "Point",
        "coordinates": [
          11.9803987,
          3.8509117
        ]
      },
      "id": "node/2460908207"
    },
    {
      "type": "Feature",
      "properties": {
        "@id": "node/2460908210",
        "name": "Ngoantet",
        "place": "village",
        "source": "WRI_2005"
      },
      "geometry": {
        "type": "Point",
        "coordinates": [
          11.8207026,
          3.4469597
        ]
      },
      "id": "node/2460908210"
    },
    {
      "type": "Feature",
      "properties": {
        "@id": "node/2460908213",
        "name": "Ngok",
        "place": "village",
        "source": "WRI_2005"
      },
      "geometry": {
        "type": "Point",
        "coordinates": [
          11.9080068,
          3.6109784
        ]
      },
      "id": "node/2460908213"
    },
    {
      "type": "Feature",
      "properties": {
        "@id": "node/2460908216",
        "name": "Ngombas I",
        "place": "village",
        "source": "WRI_2005"
      },
      "geometry": {
        "type": "Point",
        "coordinates": [
          11.1592613,
          3.582647
        ]
      },
      "id": "node/2460908216"
    },
    {
      "type": "Feature",
      "properties": {
        "@id": "node/2460908224",
        "name": "Ngosse",
        "place": "village",
        "source": "WRI_2005"
      },
      "geometry": {
        "type": "Point",
        "coordinates": [
          11.9073495,
          3.94359
        ]
      },
      "id": "node/2460908224"
    },
    {
      "type": "Feature",
      "properties": {
        "@id": "node/2460908225",
        "name": "Ngosse",
        "place": "village",
        "source": "WRI_2005"
      },
      "geometry": {
        "type": "Point",
        "coordinates": [
          11.8770558,
          3.9606522
        ]
      },
      "id": "node/2460908225"
    },
    {
      "type": "Feature",
      "properties": {
        "@id": "node/2460908226",
        "name": "Ngoubou",
        "place": "village",
        "source": "WRI_2005"
      },
      "geometry": {
        "type": "Point",
        "coordinates": [
          12.222356,
          3.7250394
        ]
      },
      "id": "node/2460908226"
    },
    {
      "type": "Feature",
      "properties": {
        "@id": "node/2460908232",
        "fixme": "missing village",
        "name": "Ngoulemekong",
        "place": "village",
        "source": "WRI_2005"
      },
      "geometry": {
        "type": "Point",
        "coordinates": [
          12.2968008,
          3.7972584
        ]
      },
      "id": "node/2460908232"
    },
    {
      "type": "Feature",
      "properties": {
        "@id": "node/2460908233",
        "name": "Ngoulengomono",
        "place": "village",
        "source": "WRI_2005"
      },
      "geometry": {
        "type": "Point",
        "coordinates": [
          11.8948633,
          3.6687773
        ]
      },
      "id": "node/2460908233"
    },
    {
      "type": "Feature",
      "properties": {
        "@id": "node/2460908235",
        "name": "Ngoulminanga",
        "place": "village",
        "source": "WRI_2005"
      },
      "geometry": {
        "type": "Point",
        "coordinates": [
          11.9122728,
          3.72608
        ]
      },
      "id": "node/2460908235"
    },
    {
      "type": "Feature",
      "properties": {
        "@id": "node/2460908236",
        "name": "Ngoulminanga",
        "place": "village",
        "source": "WRI_2005"
      },
      "geometry": {
        "type": "Point",
        "coordinates": [
          11.9297284,
          3.7698835
        ]
      },
      "id": "node/2460908236"
    },
    {
      "type": "Feature",
      "properties": {
        "@id": "node/2460908237",
        "name": "Ngoulngal",
        "place": "village",
        "source": "WRI_2005"
      },
      "geometry": {
        "type": "Point",
        "coordinates": [
          11.2379826,
          3.3720567
        ]
      },
      "id": "node/2460908237"
    },
    {
      "type": "Feature",
      "properties": {
        "@id": "node/2460908238",
        "name": "Ngoumou I",
        "place": "village",
        "source": "WRI_2005"
      },
      "geometry": {
        "type": "Point",
        "coordinates": [
          11.3185651,
          3.6096118
        ]
      },
      "id": "node/2460908238"
    },
    {
      "type": "Feature",
      "properties": {
        "@id": "node/2460908243",
        "name": "Ngoutmakong",
        "place": "village",
        "source": "WRI_2005"
      },
      "geometry": {
        "type": "Point",
        "coordinates": [
          11.233815,
          3.6769423
        ]
      },
      "id": "node/2460908243"
    },
    {
      "type": "Feature",
      "properties": {
        "@id": "node/2460908244",
        "name": "Nguinda",
        "place": "village",
        "source": "WRI_2005"
      },
      "geometry": {
        "type": "Point",
        "coordinates": [
          11.887657,
          3.9832395
        ]
      },
      "id": "node/2460908244"
    },
    {
      "type": "Feature",
      "properties": {
        "@id": "node/2460908248",
        "name": "Nkilzok II",
        "place": "village",
        "source": "WRI_2005"
      },
      "geometry": {
        "type": "Point",
        "coordinates": [
          11.6533255,
          3.6730558
        ]
      },
      "id": "node/2460908248"
    },
    {
      "type": "Feature",
      "properties": {
        "@id": "node/2460908264",
        "name": "Nkolandok",
        "place": "village",
        "source": "WRI_2005"
      },
      "geometry": {
        "type": "Point",
        "coordinates": [
          11.964853,
          3.6872304
        ]
      },
      "id": "node/2460908264"
    },
    {
      "type": "Feature",
      "properties": {
        "@id": "node/2460908265",
        "name": "Nkolatoo",
        "place": "village",
        "source": "WRI_2005"
      },
      "geometry": {
        "type": "Point",
        "coordinates": [
          11.7852998,
          3.9194461
        ]
      },
      "id": "node/2460908265"
    },
    {
      "type": "Feature",
      "properties": {
        "@id": "node/2460908266",
        "name": "Nkolba",
        "place": "village",
        "source": "WRI_2005"
      },
      "geometry": {
        "type": "Point",
        "coordinates": [
          11.734831,
          3.9517498
        ]
      },
      "id": "node/2460908266"
    },
    {
      "type": "Feature",
      "properties": {
        "@id": "node/2460908267",
        "name": "Nkolba",
        "place": "village",
        "source": "WRI_2005"
      },
      "geometry": {
        "type": "Point",
        "coordinates": [
          11.742929,
          3.9666353
        ]
      },
      "id": "node/2460908267"
    },
    {
      "type": "Feature",
      "properties": {
        "@id": "node/2460908268",
        "name": "Nkolbewaa I",
        "place": "village",
        "source": "WRI_2005"
      },
      "geometry": {
        "type": "Point",
        "coordinates": [
          11.2188552,
          3.335341
        ]
      },
      "id": "node/2460908268"
    },
    {
      "type": "Feature",
      "properties": {
        "@id": "node/2460908269",
        "name": "Nkolbewaa III",
        "place": "village",
        "source": "WRI_2005"
      },
      "geometry": {
        "type": "Point",
        "coordinates": [
          11.2204416,
          3.357097
        ]
      },
      "id": "node/2460908269"
    },
    {
      "type": "Feature",
      "properties": {
        "@id": "node/2460908270",
        "name": "Nkolbezoumou",
        "place": "village",
        "source": "WRI_2005"
      },
      "geometry": {
        "type": "Point",
        "coordinates": [
          11.8152954,
          3.7139134
        ]
      },
      "id": "node/2460908270"
    },
    {
      "type": "Feature",
      "properties": {
        "@id": "node/2460908271",
        "name": "Nkoldje",
        "place": "village",
        "source": "WRI_2005"
      },
      "geometry": {
        "type": "Point",
        "coordinates": [
          12.1244015,
          3.6951182
        ]
      },
      "id": "node/2460908271"
    },
    {
      "type": "Feature",
      "properties": {
        "@id": "node/2460908272",
        "name": "Nkolenlong",
        "place": "village",
        "source": "WRI_2005"
      },
      "geometry": {
        "type": "Point",
        "coordinates": [
          11.8208017,
          3.5460949
        ]
      },
      "id": "node/2460908272"
    },
    {
      "type": "Feature",
      "properties": {
        "@id": "node/2460908280",
        "name": "Nkolkoumou",
        "place": "village",
        "source": "WRI_2005"
      },
      "geometry": {
        "type": "Point",
        "coordinates": [
          11.2738238,
          3.3472706
        ]
      },
      "id": "node/2460908280"
    },
    {
      "type": "Feature",
      "properties": {
        "@id": "node/2460908281",
        "name": "Nkolméfou I",
        "place": "village",
        "source": "WRI_2005"
      },
      "geometry": {
        "type": "Point",
        "coordinates": [
          11.5579988,
          3.6997282
        ]
      },
      "id": "node/2460908281"
    },
    {
      "type": "Feature",
      "properties": {
        "@id": "node/2460908283",
        "name": "Nkolmekié",
        "place": "village",
        "source": "WRI_2005"
      },
      "geometry": {
        "type": "Point",
        "coordinates": [
          11.7977014,
          3.5153314
        ]
      },
      "id": "node/2460908283"
    },
    {
      "type": "Feature",
      "properties": {
        "@id": "node/2460908286",
        "name": "Nkolmelen",
        "place": "village",
        "source": "WRI_2005"
      },
      "geometry": {
        "type": "Point",
        "coordinates": [
          11.2391094,
          3.6125801
        ]
      },
      "id": "node/2460908286"
    },
    {
      "type": "Feature",
      "properties": {
        "@id": "node/2460908288",
        "name": "Nkolmevaa",
        "place": "village",
        "source": "WRI_2005"
      },
      "geometry": {
        "type": "Point",
        "coordinates": [
          11.6417053,
          3.5851633
        ]
      },
      "id": "node/2460908288"
    },
    {
      "type": "Feature",
      "properties": {
        "@id": "node/2460908289",
        "name": "Nkolmeyos",
        "place": "village"
      },
      "geometry": {
        "type": "Point",
        "coordinates": [
          11.6213016,
          3.7495981
        ]
      },
      "id": "node/2460908289"
    },
    {
      "type": "Feature",
      "properties": {
        "@id": "node/2460908297",
        "name": "Nkolngok",
        "place": "village",
        "source": "WRI_2005"
      },
      "geometry": {
        "type": "Point",
        "coordinates": [
          12.4381957,
          3.9253536
        ]
      },
      "id": "node/2460908297"
    },
    {
      "type": "Feature",
      "properties": {
        "@id": "node/2460908302",
        "name": "Nkolnguet",
        "place": "village",
        "source": "WRI_2005"
      },
      "geometry": {
        "type": "Point",
        "coordinates": [
          11.9264231,
          3.65768
        ]
      },
      "id": "node/2460908302"
    },
    {
      "type": "Feature",
      "properties": {
        "@id": "node/2460908305",
        "name": "Nkolnguet",
        "place": "village",
        "source": "WRI_2005"
      },
      "geometry": {
        "type": "Point",
        "coordinates": [
          11.8000976,
          3.6933331
        ]
      },
      "id": "node/2460908305"
    },
    {
      "type": "Feature",
      "properties": {
        "@id": "node/2460908308",
        "name": "Nkolnguet",
        "place": "village",
        "source": "WRI_2005"
      },
      "geometry": {
        "type": "Point",
        "coordinates": [
          11.9293247,
          3.8828479
        ]
      },
      "id": "node/2460908308"
    },
    {
      "type": "Feature",
      "properties": {
        "@id": "node/2460908309",
        "name": "Nkolnguet",
        "place": "village",
        "source": "WRI_2005"
      },
      "geometry": {
        "type": "Point",
        "coordinates": [
          11.9100115,
          3.9006442
        ]
      },
      "id": "node/2460908309"
    },
    {
      "type": "Feature",
      "properties": {
        "@id": "node/2460908310",
        "name": "Nkolngui",
        "place": "village",
        "source": "WRI_2005"
      },
      "geometry": {
        "type": "Point",
        "coordinates": [
          11.6899374,
          3.4885092
        ]
      },
      "id": "node/2460908310"
    },
    {
      "type": "Feature",
      "properties": {
        "@id": "node/2460908313",
        "name": "Nkolnsala",
        "place": "village",
        "source": "WRI_2005"
      },
      "geometry": {
        "type": "Point",
        "coordinates": [
          11.6306369,
          3.6698955
        ]
      },
      "id": "node/2460908313"
    },
    {
      "type": "Feature",
      "properties": {
        "@id": "node/2460908315",
        "name": "Nkoloveng",
        "place": "village",
        "source": "WRI_2005"
      },
      "geometry": {
        "type": "Point",
        "coordinates": [
          11.6684107,
          3.5073185
        ]
      },
      "id": "node/2460908315"
    },
    {
      "type": "Feature",
      "properties": {
        "@id": "node/2460908316",
        "name": "Nkolsoo",
        "place": "village",
        "source": "WRI_2005"
      },
      "geometry": {
        "type": "Point",
        "coordinates": [
          11.7183002,
          3.355449
        ]
      },
      "id": "node/2460908316"
    },
    {
      "type": "Feature",
      "properties": {
        "@id": "node/2460908317",
        "name": "Nkoltombo",
        "place": "village",
        "source": "WRI_2005"
      },
      "geometry": {
        "type": "Point",
        "coordinates": [
          11.8235633,
          3.3839626
        ]
      },
      "id": "node/2460908317"
    },
    {
      "type": "Feature",
      "properties": {
        "@id": "node/2460908318",
        "name": "Nkolya",
        "place": "village",
        "source": "WRI_2005"
      },
      "geometry": {
        "type": "Point",
        "coordinates": [
          11.7952995,
          3.3983678
        ]
      },
      "id": "node/2460908318"
    },
    {
      "type": "Feature",
      "properties": {
        "@id": "node/2460908322",
        "name": "Nkolékabeli",
        "place": "village",
        "source": "WRI_2005"
      },
      "geometry": {
        "type": "Point",
        "coordinates": [
          11.7813646,
          3.4464959
        ]
      },
      "id": "node/2460908322"
    },
    {
      "type": "Feature",
      "properties": {
        "@id": "node/2460908329",
        "name": "Nkomendeng",
        "place": "village",
        "source": "WRI_2005"
      },
      "geometry": {
        "type": "Point",
        "coordinates": [
          12.0109196,
          3.4741401
        ]
      },
      "id": "node/2460908329"
    },
    {
      "type": "Feature",
      "properties": {
        "@id": "node/2460908335",
        "name": "Nkondongo",
        "place": "village",
        "source": "WRI_2005"
      },
      "geometry": {
        "type": "Point",
        "coordinates": [
          11.8400022,
          3.8124287
        ]
      },
      "id": "node/2460908335"
    },
    {
      "type": "Feature",
      "properties": {
        "@id": "node/2460908339",
        "name": "Nkongmelen",
        "place": "village",
        "source": "WRI_2005"
      },
      "geometry": {
        "type": "Point",
        "coordinates": [
          11.7720396,
          3.8480214
        ]
      },
      "id": "node/2460908339"
    },
    {
      "type": "Feature",
      "properties": {
        "@id": "node/2460908340",
        "name": "Nkongmeyos",
        "place": "village",
        "source": "WRI_2005"
      },
      "geometry": {
        "type": "Point",
        "coordinates": [
          11.3247568,
          3.6199758
        ]
      },
      "id": "node/2460908340"
    },
    {
      "type": "Feature",
      "properties": {
        "@id": "node/2460908347",
        "name": "Nkooveng",
        "place": "village",
        "source": "WRI_2005"
      },
      "geometry": {
        "type": "Point",
        "coordinates": [
          11.9530128,
          3.4818366
        ]
      },
      "id": "node/2460908347"
    },
    {
      "type": "Feature",
      "properties": {
        "@id": "node/2460908348",
        "name": "Nkoulngoui",
        "place": "village",
        "source": "WRI_2005"
      },
      "geometry": {
        "type": "Point",
        "coordinates": [
          11.0912742,
          3.3567948
        ]
      },
      "id": "node/2460908348"
    },
    {
      "type": "Feature",
      "properties": {
        "@id": "node/2460908358",
        "name": "Nkout",
        "place": "village",
        "source": "WRI_2005"
      },
      "geometry": {
        "type": "Point",
        "coordinates": [
          11.8457565,
          3.4473654
        ]
      },
      "id": "node/2460908358"
    },
    {
      "type": "Feature",
      "properties": {
        "@id": "node/2460908359",
        "name": "Nkout",
        "place": "village",
        "source": "WRI_2005"
      },
      "geometry": {
        "type": "Point",
        "coordinates": [
          12.0282423,
          3.6045169
        ]
      },
      "id": "node/2460908359"
    },
    {
      "type": "Feature",
      "properties": {
        "@id": "node/2460908371",
        "name": "Nsamba",
        "place": "village",
        "source": "WRI_2005"
      },
      "geometry": {
        "type": "Point",
        "coordinates": [
          11.1746575,
          3.6470473
        ]
      },
      "id": "node/2460908371"
    },
    {
      "type": "Feature",
      "properties": {
        "@id": "node/2460908372",
        "name": "Nsan II",
        "place": "village",
        "source": "WRI_2005"
      },
      "geometry": {
        "type": "Point",
        "coordinates": [
          12.594549,
          3.9554691
        ]
      },
      "id": "node/2460908372"
    },
    {
      "type": "Feature",
      "properties": {
        "@id": "node/2460908373",
        "name": "Nsanlassi",
        "place": "village",
        "source": "WRI_2005"
      },
      "geometry": {
        "type": "Point",
        "coordinates": [
          11.8453173,
          3.6004693
        ]
      },
      "id": "node/2460908373"
    },
    {
      "type": "Feature",
      "properties": {
        "@id": "node/2460908376",
        "name": "Nsessougou",
        "place": "village",
        "source": "WRI_2005"
      },
      "geometry": {
        "type": "Point",
        "coordinates": [
          11.8292958,
          3.4134719
        ]
      },
      "id": "node/2460908376"
    },
    {
      "type": "Feature",
      "properties": {
        "@id": "node/2460908379",
        "name": "Nsimalen",
        "place": "village",
        "source": "WRI_2005"
      },
      "geometry": {
        "type": "Point",
        "coordinates": [
          11.2774677,
          3.3498813
        ]
      },
      "id": "node/2460908379"
    },
    {
      "type": "Feature",
      "properties": {
        "@id": "node/2460908380",
        "name": "Nsimalen",
        "place": "village",
        "source": "WRI_2005",
        "wikidata": "Q18785745"
      },
      "geometry": {
        "type": "Point",
        "coordinates": [
          11.5477027,
          3.7359285
        ]
      },
      "id": "node/2460908380"
    },
    {
      "type": "Feature",
      "properties": {
        "@id": "node/2460908384",
        "name": "Ntonga",
        "place": "village",
        "source": "WRI_2005"
      },
      "geometry": {
        "type": "Point",
        "coordinates": [
          12.5728417,
          3.6194723
        ]
      },
      "id": "node/2460908384"
    },
    {
      "type": "Feature",
      "properties": {
        "@id": "node/2460908385",
        "name": "Ntouessong IV",
        "place": "village",
        "source": "WRI_2005"
      },
      "geometry": {
        "type": "Point",
        "coordinates": [
          11.6082267,
          3.9220845
        ]
      },
      "id": "node/2460908385"
    },
    {
      "type": "Feature",
      "properties": {
        "@id": "node/2460908390",
        "name": "Nyabewo'o",
        "place": "village",
        "source": "WRI_2005"
      },
      "geometry": {
        "type": "Point",
        "coordinates": [
          12.5330088,
          3.9355147
        ]
      },
      "id": "node/2460908390"
    },
    {
      "type": "Feature",
      "properties": {
        "@id": "node/2460908392",
        "name": "Nyakoulou",
        "place": "village",
        "source": "WRI_2005"
      },
      "geometry": {
        "type": "Point",
        "coordinates": [
          12.4456155,
          3.9465842
        ]
      },
      "id": "node/2460908392"
    },
    {
      "type": "Feature",
      "properties": {
        "@id": "node/2460908396",
        "name": "Nyengué",
        "place": "village",
        "source": "WRI_2005"
      },
      "geometry": {
        "type": "Point",
        "coordinates": [
          11.136375,
          3.4298552
        ]
      },
      "id": "node/2460908396"
    },
    {
      "type": "Feature",
      "properties": {
        "@id": "node/2460908397",
        "name": "Nyep",
        "place": "village",
        "source": "WRI_2005"
      },
      "geometry": {
        "type": "Point",
        "coordinates": [
          11.6192045,
          3.2408079
        ]
      },
      "id": "node/2460908397"
    },
    {
      "type": "Feature",
      "properties": {
        "@id": "node/2460908411",
        "name": "Oban",
        "place": "village",
        "source": "WRI_2005"
      },
      "geometry": {
        "type": "Point",
        "coordinates": [
          11.9604273,
          3.658193
        ]
      },
      "id": "node/2460908411"
    },
    {
      "type": "Feature",
      "properties": {
        "@id": "node/2460908414",
        "name": "Obofianga",
        "place": "village",
        "source": "WRI_2005"
      },
      "geometry": {
        "type": "Point",
        "coordinates": [
          11.8372933,
          3.7172679
        ]
      },
      "id": "node/2460908414"
    },
    {
      "type": "Feature",
      "properties": {
        "@id": "node/2460908426",
        "name": "Obout",
        "place": "village",
        "source": "WRI_2005"
      },
      "geometry": {
        "type": "Point",
        "coordinates": [
          11.7478472,
          3.4762957
        ]
      },
      "id": "node/2460908426"
    },
    {
      "type": "Feature",
      "properties": {
        "@id": "node/2460908433",
        "name": "Odoudouma",
        "place": "village",
        "source": "WRI_2005"
      },
      "geometry": {
        "type": "Point",
        "coordinates": [
          11.8247119,
          3.9765604
        ]
      },
      "id": "node/2460908433"
    },
    {
      "type": "Feature",
      "properties": {
        "@id": "node/2460908443",
        "name": "Okong",
        "place": "village",
        "source": "WRI_2005"
      },
      "geometry": {
        "type": "Point",
        "coordinates": [
          11.6465658,
          3.6119999
        ]
      },
      "id": "node/2460908443"
    },
    {
      "type": "Feature",
      "properties": {
        "@id": "node/2460908451",
        "name": "Olala",
        "place": "village",
        "source": "WRI_2005"
      },
      "geometry": {
        "type": "Point",
        "coordinates": [
          11.7830383,
          3.8202292
        ]
      },
      "id": "node/2460908451"
    },
    {
      "type": "Feature",
      "properties": {
        "@id": "node/2460908452",
        "name": "Olamndoé",
        "place": "village",
        "source": "WRI_2005"
      },
      "geometry": {
        "type": "Point",
        "coordinates": [
          11.8488258,
          3.4736968
        ]
      },
      "id": "node/2460908452"
    },
    {
      "type": "Feature",
      "properties": {
        "@id": "node/2460908454",
        "name": "Olembe",
        "place": "village",
        "source": "WRI_2005"
      },
      "geometry": {
        "type": "Point",
        "coordinates": [
          12.5026811,
          3.9256653
        ]
      },
      "id": "node/2460908454"
    },
    {
      "type": "Feature",
      "properties": {
        "@id": "node/2460908457",
        "name": "Oman",
        "place": "village",
        "source": "WRI_2005"
      },
      "geometry": {
        "type": "Point",
        "coordinates": [
          11.484394,
          3.624405
        ]
      },
      "id": "node/2460908457"
    },
    {
      "type": "Feature",
      "properties": {
        "@id": "node/2460908458",
        "name": "Omvang",
        "place": "village",
        "source": "WRI_2005"
      },
      "geometry": {
        "type": "Point",
        "coordinates": [
          11.6214595,
          3.2676291
        ]
      },
      "id": "node/2460908458"
    },
    {
      "type": "Feature",
      "properties": {
        "@id": "node/2460908461",
        "name": "Ongandi",
        "place": "village",
        "source": "WRI_2005"
      },
      "geometry": {
        "type": "Point",
        "coordinates": [
          11.646782,
          3.8951169
        ]
      },
      "id": "node/2460908461"
    },
    {
      "type": "Feature",
      "properties": {
        "@id": "node/2460908462",
        "name": "Ongbang",
        "place": "village",
        "source": "WRI_2005"
      },
      "geometry": {
        "type": "Point",
        "coordinates": [
          11.9033001,
          3.7996659
        ]
      },
      "id": "node/2460908462"
    },
    {
      "type": "Feature",
      "properties": {
        "@id": "node/2460908468",
        "name": "Onyié",
        "place": "village",
        "source": "WRI_2005"
      },
      "geometry": {
        "type": "Point",
        "coordinates": [
          11.7428707,
          3.6293676
        ]
      },
      "id": "node/2460908468"
    },
    {
      "type": "Feature",
      "properties": {
        "@id": "node/2460908470",
        "name": "Ossoé Bikoko",
        "place": "village",
        "source": "WRI_2005"
      },
      "geometry": {
        "type": "Point",
        "coordinates": [
          11.1626317,
          3.4395528
        ]
      },
      "id": "node/2460908470"
    },
    {
      "type": "Feature",
      "properties": {
        "@id": "node/2460908471",
        "name": "Otobialassi",
        "place": "village",
        "source": "WRI_2005"
      },
      "geometry": {
        "type": "Point",
        "coordinates": [
          11.9181072,
          3.7796769
        ]
      },
      "id": "node/2460908471"
    },
    {
      "type": "Feature",
      "properties": {
        "@id": "node/2460908472",
        "name": "Otongan",
        "place": "village",
        "source": "WRI_2005"
      },
      "geometry": {
        "type": "Point",
        "coordinates": [
          11.8779483,
          3.6888131
        ]
      },
      "id": "node/2460908472"
    },
    {
      "type": "Feature",
      "properties": {
        "@id": "node/2460908474",
        "name": "Ototomo",
        "place": "village",
        "source": "WRI_2005"
      },
      "geometry": {
        "type": "Point",
        "coordinates": [
          11.3219732,
          3.6626785
        ]
      },
      "id": "node/2460908474"
    },
    {
      "type": "Feature",
      "properties": {
        "@id": "node/2460908476",
        "name": "Ovangou",
        "place": "village",
        "source": "WRI_2005"
      },
      "geometry": {
        "type": "Point",
        "coordinates": [
          11.6456496,
          3.8787913
        ]
      },
      "id": "node/2460908476"
    },
    {
      "type": "Feature",
      "properties": {
        "@id": "node/2460908488",
        "name": "Sepp",
        "place": "village",
        "source": "WRI_2005"
      },
      "geometry": {
        "type": "Point",
        "coordinates": [
          11.2064267,
          3.5652688
        ]
      },
      "id": "node/2460908488"
    },
    {
      "type": "Feature",
      "properties": {
        "@id": "node/2460908489",
        "name": "So",
        "place": "village",
        "source": "WRI_2005"
      },
      "geometry": {
        "type": "Point",
        "coordinates": [
          12.0862625,
          3.60507
        ]
      },
      "id": "node/2460908489"
    },
    {
      "type": "Feature",
      "properties": {
        "@id": "node/2460908490",
        "name": "Sololo",
        "place": "village",
        "source": "WRI_2005"
      },
      "geometry": {
        "type": "Point",
        "coordinates": [
          12.0416389,
          3.6123314
        ]
      },
      "id": "node/2460908490"
    },
    {
      "type": "Feature",
      "properties": {
        "@id": "node/2460908491",
        "name": "Song-Ntap",
        "place": "village",
        "source": "WRI_2005"
      },
      "geometry": {
        "type": "Point",
        "coordinates": [
          11.1880813,
          3.6320616
        ]
      },
      "id": "node/2460908491"
    },
    {
      "type": "Feature",
      "properties": {
        "@id": "node/2460908496",
        "name": "Teng",
        "place": "village",
        "source": "WRI_2005"
      },
      "geometry": {
        "type": "Point",
        "coordinates": [
          12.3942734,
          3.6275306
        ]
      },
      "id": "node/2460908496"
    },
    {
      "type": "Feature",
      "properties": {
        "@id": "node/2460908498",
        "name": "Ting",
        "place": "village",
        "source": "WRI_2005"
      },
      "geometry": {
        "type": "Point",
        "coordinates": [
          11.6397986,
          3.8956363
        ]
      },
      "id": "node/2460908498"
    },
    {
      "type": "Feature",
      "properties": {
        "@id": "node/2460908499",
        "name": "Tom",
        "place": "village",
        "source": "WRI_2005"
      },
      "geometry": {
        "type": "Point",
        "coordinates": [
          11.7643094,
          3.9065654
        ]
      },
      "id": "node/2460908499"
    },
    {
      "type": "Feature",
      "properties": {
        "@id": "node/2460908500",
        "name": "Tomba",
        "place": "village",
        "source": "WRI_2005"
      },
      "geometry": {
        "type": "Point",
        "coordinates": [
          12.4318853,
          3.9227256
        ]
      },
      "id": "node/2460908500"
    },
    {
      "type": "Feature",
      "properties": {
        "@id": "node/2460908501",
        "name": "Tombo",
        "place": "village",
        "source": "WRI_2005"
      },
      "geometry": {
        "type": "Point",
        "coordinates": [
          12.1439145,
          3.5375005
        ]
      },
      "id": "node/2460908501"
    },
    {
      "type": "Feature",
      "properties": {
        "@id": "node/2460908502",
        "name": "Tsinga",
        "place": "village",
        "source": "WRI_2005"
      },
      "geometry": {
        "type": "Point",
        "coordinates": [
          11.7873105,
          3.8889868
        ]
      },
      "id": "node/2460908502"
    },
    {
      "type": "Feature",
      "properties": {
        "@id": "node/2460908504",
        "name": "Tsizok",
        "place": "village",
        "source": "WRI_2005"
      },
      "geometry": {
        "type": "Point",
        "coordinates": [
          12.3991901,
          3.896507
        ]
      },
      "id": "node/2460908504"
    },
    {
      "type": "Feature",
      "properties": {
        "@id": "node/2460908509",
        "name": "Yem",
        "place": "village",
        "source": "WRI_2005"
      },
      "geometry": {
        "type": "Point",
        "coordinates": [
          12.1574578,
          3.5619213
        ]
      },
      "id": "node/2460908509"
    },
    {
      "type": "Feature",
      "properties": {
        "@id": "node/2460908512",
        "name": "Yemeyeme",
        "place": "village",
        "source": "WRI_2005"
      },
      "geometry": {
        "type": "Point",
        "coordinates": [
          12.2118087,
          3.6289897
        ]
      },
      "id": "node/2460908512"
    },
    {
      "type": "Feature",
      "properties": {
        "@id": "node/2460908514",
        "name": "Yop",
        "place": "village",
        "source": "WRI_2005"
      },
      "geometry": {
        "type": "Point",
        "coordinates": [
          11.6903376,
          3.4809316
        ]
      },
      "id": "node/2460908514"
    },
    {
      "type": "Feature",
      "properties": {
        "@id": "node/2460908517",
        "name": "Zamda",
        "place": "village",
        "source": "WRI_2005"
      },
      "geometry": {
        "type": "Point",
        "coordinates": [
          11.5552986,
          3.2103379
        ]
      },
      "id": "node/2460908517"
    },
    {
      "type": "Feature",
      "properties": {
        "@id": "node/2460908519",
        "name": "Ziti",
        "place": "village",
        "source": "WRI_2005"
      },
      "geometry": {
        "type": "Point",
        "coordinates": [
          11.7958377,
          3.967402
        ]
      },
      "id": "node/2460908519"
    },
    {
      "type": "Feature",
      "properties": {
        "@id": "node/2460908524",
        "name": "Zoassi",
        "place": "village",
        "source": "WRI_2005"
      },
      "geometry": {
        "type": "Point",
        "coordinates": [
          11.7522125,
          3.76106
        ]
      },
      "id": "node/2460908524"
    },
    {
      "type": "Feature",
      "properties": {
        "@id": "node/2460908526",
        "name": "Zok Evondo",
        "place": "village",
        "source": "WRI_2005"
      },
      "geometry": {
        "type": "Point",
        "coordinates": [
          11.5173556,
          3.1608208
        ]
      },
      "id": "node/2460908526"
    },
    {
      "type": "Feature",
      "properties": {
        "@id": "node/2460908529",
        "name": "Zoulou",
        "place": "village",
        "source": "WRI_2005"
      },
      "geometry": {
        "type": "Point",
        "coordinates": [
          12.1168526,
          3.5147874
        ]
      },
      "id": "node/2460908529"
    },
    {
      "type": "Feature",
      "properties": {
        "@id": "node/2460974290",
        "name": "Adjap",
        "office": "administrative",
        "place": "village",
        "source": "WRI_2005"
      },
      "geometry": {
        "type": "Point",
        "coordinates": [
          11.2315483,
          3.9795314
        ]
      },
      "id": "node/2460974290"
    },
    {
      "type": "Feature",
      "properties": {
        "@id": "node/2460974291",
        "name": "Akak",
        "place": "village",
        "source": "WRI_2005"
      },
      "geometry": {
        "type": "Point",
        "coordinates": [
          11.2462421,
          3.866388
        ]
      },
      "id": "node/2460974291"
    },
    {
      "type": "Feature",
      "properties": {
        "@id": "node/2460974292",
        "name": "Akok",
        "office": "administrative",
        "place": "village",
        "source": "WRI_2005"
      },
      "geometry": {
        "type": "Point",
        "coordinates": [
          11.2492826,
          3.9592042
        ]
      },
      "id": "node/2460974292"
    },
    {
      "type": "Feature",
      "properties": {
        "@id": "node/2460974295",
        "name": "Angon",
        "place": "village",
        "source": "WRI_2005"
      },
      "geometry": {
        "type": "Point",
        "coordinates": [
          11.3613948,
          3.7597418
        ]
      },
      "id": "node/2460974295"
    },
    {
      "type": "Feature",
      "properties": {
        "@id": "node/2460974297",
        "name": "Assok",
        "place": "village",
        "source": "WRI_2005"
      },
      "geometry": {
        "type": "Point",
        "coordinates": [
          11.6072886,
          3.8272445
        ]
      },
      "id": "node/2460974297"
    },
    {
      "type": "Feature",
      "properties": {
        "@id": "node/2460974301",
        "name": "Ayéné",
        "place": "village",
        "source": "WRI_2005"
      },
      "geometry": {
        "type": "Point",
        "coordinates": [
          11.5945465,
          3.8114995
        ]
      },
      "id": "node/2460974301"
    },
    {
      "type": "Feature",
      "properties": {
        "@id": "node/2460974303",
        "name": "Bobog II",
        "place": "village",
        "source": "WRI_2005"
      },
      "geometry": {
        "type": "Point",
        "coordinates": [
          11.0028911,
          4.1082034
        ]
      },
      "id": "node/2460974303"
    },
    {
      "type": "Feature",
      "properties": {
        "@id": "node/2460974308",
        "name": "Bibong",
        "place": "village",
        "source": "WRI_2005"
      },
      "geometry": {
        "type": "Point",
        "coordinates": [
          11.4300058,
          3.8003432
        ]
      },
      "id": "node/2460974308"
    },
    {
      "type": "Feature",
      "properties": {
        "@id": "node/2460974322",
        "name": "Ekaa",
        "place": "village",
        "source": "WRI_2005"
      },
      "geometry": {
        "type": "Point",
        "coordinates": [
          10.9547878,
          4.100942
        ]
      },
      "id": "node/2460974322"
    },
    {
      "type": "Feature",
      "properties": {
        "@id": "node/2460974324",
        "name": "Essele",
        "place": "village",
        "source": "WRI_2005"
      },
      "geometry": {
        "type": "Point",
        "coordinates": [
          11.459645,
          4.0679375
        ]
      },
      "id": "node/2460974324"
    },
    {
      "type": "Feature",
      "properties": {
        "@id": "node/2460974325",
        "name": "Ekoum",
        "place": "village",
        "source": "WRI_2005",
        "wikidata": "Q24662949"
      },
      "geometry": {
        "type": "Point",
        "coordinates": [
          11.171936,
          3.976436
        ]
      },
      "id": "node/2460974325"
    },
    {
      "type": "Feature",
      "properties": {
        "@id": "node/2460974327",
        "name": "Ekoumdoum",
        "place": "village",
        "source": "WRI_2005"
      },
      "geometry": {
        "type": "Point",
        "coordinates": [
          11.5598675,
          3.8045452
        ]
      },
      "id": "node/2460974327"
    },
    {
      "type": "Feature",
      "properties": {
        "@id": "node/2460974329",
        "name": "Ekoumtik",
        "office": "government",
        "place": "village",
        "source": "WRI_2005"
      },
      "geometry": {
        "type": "Point",
        "coordinates": [
          11.2059332,
          3.8454023
        ]
      },
      "id": "node/2460974329"
    },
    {
      "type": "Feature",
      "properties": {
        "@id": "node/2460974330",
        "name": "Ekékam III",
        "office": "government",
        "place": "village"
      },
      "geometry": {
        "type": "Point",
        "coordinates": [
          11.3623211,
          3.8896817
        ]
      },
      "id": "node/2460974330"
    },
    {
      "type": "Feature",
      "properties": {
        "@id": "node/2460974332",
        "name": "Elig Ndoum",
        "place": "village",
        "source": "WRI_2005"
      },
      "geometry": {
        "type": "Point",
        "coordinates": [
          11.1866778,
          4.037822
        ]
      },
      "id": "node/2460974332"
    },
    {
      "type": "Feature",
      "properties": {
        "@id": "node/2460974333",
        "name": "Elig Yen",
        "place": "village",
        "source": "WRI_2005"
      },
      "geometry": {
        "type": "Point",
        "coordinates": [
          11.3234071,
          3.9787624
        ]
      },
      "id": "node/2460974333"
    },
    {
      "type": "Feature",
      "properties": {
        "@id": "node/2460974334",
        "name": "Eloumden I",
        "place": "village",
        "source": "WRI_2005"
      },
      "geometry": {
        "type": "Point",
        "coordinates": [
          11.4430729,
          3.8135491
        ]
      },
      "id": "node/2460974334"
    },
    {
      "type": "Feature",
      "properties": {
        "@id": "node/2460974336",
        "name": "Eloumden II",
        "place": "village",
        "source": "WRI_2005"
      },
      "geometry": {
        "type": "Point",
        "coordinates": [
          11.4382066,
          3.8392121
        ]
      },
      "id": "node/2460974336"
    },
    {
      "type": "Feature",
      "properties": {
        "@id": "node/2460974337",
        "name": "Etoa",
        "place": "village",
        "source": "WRI_2005"
      },
      "geometry": {
        "type": "Point",
        "coordinates": [
          11.4813772,
          3.7745201
        ]
      },
      "id": "node/2460974337"
    },
    {
      "type": "Feature",
      "properties": {
        "@id": "node/2460974339",
        "name": "Etoud",
        "place": "village",
        "source": "WRI_2005"
      },
      "geometry": {
        "type": "Point",
        "coordinates": [
          11.423971,
          3.9068261
        ]
      },
      "id": "node/2460974339"
    },
    {
      "type": "Feature",
      "properties": {
        "@id": "node/2460974345",
        "name": "Kala",
        "place": "village",
        "source": "WRI_2005"
      },
      "geometry": {
        "type": "Point",
        "coordinates": [
          11.3687904,
          3.8482606
        ]
      },
      "id": "node/2460974345"
    },
    {
      "type": "Feature",
      "properties": {
        "@id": "node/2460974350",
        "name": "Koudi",
        "office": "government",
        "place": "village",
        "source": "WRI_2005"
      },
      "geometry": {
        "type": "Point",
        "coordinates": [
          11.2392784,
          3.9130741
        ]
      },
      "id": "node/2460974350"
    },
    {
      "type": "Feature",
      "properties": {
        "@id": "node/2460974351",
        "name": "Lada I",
        "place": "village",
        "source": "WRI_2005"
      },
      "geometry": {
        "type": "Point",
        "coordinates": [
          11.5957436,
          3.8357559
        ]
      },
      "id": "node/2460974351"
    },
    {
      "type": "Feature",
      "properties": {
        "@id": "node/2460974354",
        "name": "Lelep",
        "place": "village",
        "source": "WRI_2005"
      },
      "geometry": {
        "type": "Point",
        "coordinates": [
          11.1029997,
          3.960714
        ]
      },
      "id": "node/2460974354"
    },
    {
      "type": "Feature",
      "properties": {
        "@id": "node/2460974356",
        "name": "Lengon",
        "place": "village",
        "source": "WRI_2005"
      },
      "geometry": {
        "type": "Point",
        "coordinates": [
          11.3481748,
          3.9928394
        ]
      },
      "id": "node/2460974356"
    },
    {
      "type": "Feature",
      "properties": {
        "@id": "node/2460974357",
        "name": "Lihong",
        "place": "village",
        "source": "WRI_2005"
      },
      "geometry": {
        "type": "Point",
        "coordinates": [
          11.0464535,
          4.1283067
        ]
      },
      "id": "node/2460974357"
    },
    {
      "type": "Feature",
      "properties": {
        "@id": "node/2460974359",
        "name": "Lindoi-Eone",
        "place": "village",
        "source": "WRI_2005"
      },
      "geometry": {
        "type": "Point",
        "coordinates": [
          11.184408,
          3.726269
        ]
      },
      "id": "node/2460974359"
    },
    {
      "type": "Feature",
      "properties": {
        "@id": "node/2460974363",
        "name": "Louma",
        "place": "village",
        "source": "WRI_2005"
      },
      "geometry": {
        "type": "Point",
        "coordinates": [
          11.4010678,
          4.0764682
        ]
      },
      "id": "node/2460974363"
    },
    {
      "type": "Feature",
      "properties": {
        "@id": "node/2460974368",
        "name": "Maguenda",
        "place": "village",
        "source": "WRI_2005"
      },
      "geometry": {
        "type": "Point",
        "coordinates": [
          10.9854365,
          4.1225603
        ]
      },
      "id": "node/2460974368"
    },
    {
      "type": "Feature",
      "properties": {
        "@id": "node/2460974372",
        "name": "Mandoga",
        "place": "village",
        "source": "WRI_2005"
      },
      "geometry": {
        "type": "Point",
        "coordinates": [
          11.2260223,
          3.7438371
        ]
      },
      "id": "node/2460974372"
    },
    {
      "type": "Feature",
      "properties": {
        "@id": "node/2460974373",
        "name": "Mandoi",
        "place": "village",
        "source": "WRI_2005"
      },
      "geometry": {
        "type": "Point",
        "coordinates": [
          11.1020258,
          3.968729
        ]
      },
      "id": "node/2460974373"
    },
    {
      "type": "Feature",
      "properties": {
        "@id": "node/2460974374",
        "name": "Mandoumba",
        "place": "village",
        "source": "WRI_2005"
      },
      "geometry": {
        "type": "Point",
        "coordinates": [
          11.1265846,
          3.7677318
        ]
      },
      "id": "node/2460974374"
    },
    {
      "type": "Feature",
      "properties": {
        "@id": "node/2460974375",
        "name": "Mandoumba",
        "place": "village",
        "source": "WRI_2005"
      },
      "geometry": {
        "type": "Point",
        "coordinates": [
          11.0964417,
          3.7692777
        ]
      },
      "id": "node/2460974375"
    },
    {
      "type": "Feature",
      "properties": {
        "@id": "node/2460974377",
        "name": "Manganga",
        "place": "village",
        "source": "WRI_2005"
      },
      "geometry": {
        "type": "Point",
        "coordinates": [
          11.0513257,
          4.0998983
        ]
      },
      "id": "node/2460974377"
    },
    {
      "type": "Feature",
      "properties": {
        "@id": "node/2460974378",
        "name": "Manguen II",
        "place": "village",
        "source": "WRI_2005"
      },
      "geometry": {
        "type": "Point",
        "coordinates": [
          11.1420775,
          3.8319792
        ]
      },
      "id": "node/2460974378"
    },
    {
      "type": "Feature",
      "properties": {
        "@id": "node/2460974381",
        "name": "Manoyoi",
        "place": "village",
        "source": "WRI_2005"
      },
      "geometry": {
        "type": "Point",
        "coordinates": [
          11.1073173,
          3.9961377
        ]
      },
      "id": "node/2460974381"
    },
    {
      "type": "Feature",
      "properties": {
        "@id": "node/2460974386",
        "name": "Mbadoumou",
        "place": "village",
        "source": "WRI_2005"
      },
      "geometry": {
        "type": "Point",
        "coordinates": [
          11.4534483,
          3.7906481
        ]
      },
      "id": "node/2460974386"
    },
    {
      "type": "Feature",
      "properties": {
        "@id": "node/2460974388",
        "name": "Mbalngong",
        "place": "village",
        "source": "WRI_2005"
      },
      "geometry": {
        "type": "Point",
        "coordinates": [
          11.4684108,
          3.8031795
        ]
      },
      "id": "node/2460974388"
    },
    {
      "type": "Feature",
      "properties": {
        "@id": "node/2460974389",
        "name": "Mebandan",
        "place": "village",
        "source": "WRI_2005"
      },
      "geometry": {
        "type": "Point",
        "coordinates": [
          11.5251152,
          3.7658934
        ]
      },
      "id": "node/2460974389"
    },
    {
      "type": "Feature",
      "properties": {
        "@id": "node/2460974392",
        "name": "Meyo",
        "place": "village",
        "source": "WRI_2005"
      },
      "geometry": {
        "type": "Point",
        "coordinates": [
          11.5049433,
          3.7809714
        ]
      },
      "id": "node/2460974392"
    },
    {
      "type": "Feature",
      "properties": {
        "@id": "node/2460974395",
        "name": "Minsoa II",
        "place": "village",
        "source": "WRI_2005"
      },
      "geometry": {
        "type": "Point",
        "coordinates": [
          11.2825757,
          4.0367904
        ]
      },
      "id": "node/2460974395"
    },
    {
      "type": "Feature",
      "properties": {
        "@id": "node/2460974398",
        "name": "Minsoa I",
        "place": "village",
        "source": "WRI_2005"
      },
      "geometry": {
        "type": "Point",
        "coordinates": [
          11.2628717,
          4.0780672
        ]
      },
      "id": "node/2460974398"
    },
    {
      "type": "Feature",
      "properties": {
        "@id": "node/2460974402",
        "name": "Mpobé",
        "place": "village",
        "source": "WRI_2005"
      },
      "geometry": {
        "type": "Point",
        "coordinates": [
          11.1061629,
          3.8265922
        ]
      },
      "id": "node/2460974402"
    },
    {
      "type": "Feature",
      "properties": {
        "@id": "node/2460974404",
        "name": "Mva'a II",
        "place": "village",
        "source": "WRI_2005"
      },
      "geometry": {
        "type": "Point",
        "coordinates": [
          11.3247352,
          4.0622814
        ]
      },
      "id": "node/2460974404"
    },
    {
      "type": "Feature",
      "properties": {
        "@id": "node/2460974405",
        "name": "Mvoua",
        "place": "village",
        "source": "WRI_2005"
      },
      "geometry": {
        "type": "Point",
        "coordinates": [
          11.4292766,
          4.0595782
        ]
      },
      "id": "node/2460974405"
    },
    {
      "type": "Feature",
      "properties": {
        "@id": "node/2460974407",
        "name": "Mékoumbou",
        "place": "village",
        "source": "WRI_2005"
      },
      "geometry": {
        "type": "Point",
        "coordinates": [
          11.4604095,
          3.7412985
        ]
      },
      "id": "node/2460974407"
    },
    {
      "type": "Feature",
      "properties": {
        "@id": "node/2460974408",
        "name": "Métak",
        "place": "village",
        "source": "WRI_2005"
      },
      "geometry": {
        "type": "Point",
        "coordinates": [
          11.441337,
          3.934013
        ]
      },
      "id": "node/2460974408"
    },
    {
      "type": "Feature",
      "properties": {
        "@id": "node/2460974410",
        "name": "Ndong",
        "place": "village",
        "source": "WRI_2005"
      },
      "geometry": {
        "type": "Point",
        "coordinates": [
          11.5778136,
          3.7873141
        ]
      },
      "id": "node/2460974410"
    },
    {
      "type": "Feature",
      "properties": {
        "@id": "node/2460974413",
        "name": "Ngongtock II",
        "place": "village",
        "source": "WRI_2005"
      },
      "geometry": {
        "type": "Point",
        "coordinates": [
          11.2145651,
          3.7530024
        ]
      },
      "id": "node/2460974413"
    },
    {
      "type": "Feature",
      "properties": {
        "@id": "node/2460974414",
        "name": "Ngoulmekong",
        "office": "government",
        "place": "village",
        "source": "WRI_2005"
      },
      "geometry": {
        "type": "Point",
        "coordinates": [
          11.2022057,
          3.8013509
        ]
      },
      "id": "node/2460974414"
    },
    {
      "type": "Feature",
      "properties": {
        "@id": "node/2460974415",
        "name": "Ngwangwanda",
        "place": "village",
        "source": "WRI_2005"
      },
      "geometry": {
        "type": "Point",
        "coordinates": [
          11.1537309,
          3.9633608
        ]
      },
      "id": "node/2460974415"
    },
    {
      "type": "Feature",
      "properties": {
        "@id": "node/2460974417",
        "name": "Nkeng-Likok",
        "place": "village",
        "source": "WRI_2005"
      },
      "geometry": {
        "type": "Point",
        "coordinates": [
          11.0912825,
          3.8615342
        ]
      },
      "id": "node/2460974417"
    },
    {
      "type": "Feature",
      "properties": {
        "@id": "node/2460974419",
        "name": "Nkolafémé",
        "place": "village",
        "source": "WRI_2005"
      },
      "geometry": {
        "type": "Point",
        "coordinates": [
          11.4519857,
          3.8938579
        ]
      },
      "id": "node/2460974419"
    },
    {
      "type": "Feature",
      "properties": {
        "@id": "node/2460974422",
        "name": "Nkoldjobe",
        "place": "village",
        "source": "WRI_2005"
      },
      "geometry": {
        "type": "Point",
        "coordinates": [
          11.3501097,
          3.9462482
        ]
      },
      "id": "node/2460974422"
    },
    {
      "type": "Feature",
      "properties": {
        "@id": "node/2460974423",
        "name": "Nkolfem",
        "place": "village",
        "source": "WRI_2005"
      },
      "geometry": {
        "type": "Point",
        "coordinates": [
          11.1918017,
          4.0695288
        ]
      },
      "id": "node/2460974423"
    },
    {
      "type": "Feature",
      "properties": {
        "@id": "node/2460974426",
        "name": "Koudimefeme",
        "place": "village"
      },
      "geometry": {
        "type": "Point",
        "coordinates": [
          11.2500305,
          3.9475099
        ]
      },
      "id": "node/2460974426"
    },
    {
      "type": "Feature",
      "properties": {
        "@id": "node/2460974428",
        "name": "Nkolméyang",
        "place": "village",
        "source": "WRI_2005"
      },
      "geometry": {
        "type": "Point",
        "coordinates": [
          11.1937275,
          3.9128938
        ]
      },
      "id": "node/2460974428"
    },
    {
      "type": "Feature",
      "properties": {
        "@id": "node/2460974430",
        "name": "Nkolméyang",
        "office": "government",
        "place": "village"
      },
      "geometry": {
        "type": "Point",
        "coordinates": [
          11.3162863,
          3.9231688
        ]
      },
      "id": "node/2460974430"
    },
    {
      "type": "Feature",
      "properties": {
        "@id": "node/2460974431",
        "name": "Nkolndan",
        "place": "village"
      },
      "geometry": {
        "type": "Point",
        "coordinates": [
          11.5372761,
          3.7553936
        ]
      },
      "id": "node/2460974431"
    },
    {
      "type": "Feature",
      "properties": {
        "@id": "node/2460974433",
        "name": "Nkolndobo",
        "place": "village",
        "source": "WRI_2005"
      },
      "geometry": {
        "type": "Point",
        "coordinates": [
          11.4578399,
          4.0709342
        ]
      },
      "id": "node/2460974433"
    },
    {
      "type": "Feature",
      "properties": {
        "@id": "node/2460974434",
        "name": "Nkolngok",
        "place": "village",
        "source": "WRI_2005"
      },
      "geometry": {
        "type": "Point",
        "coordinates": [
          11.5596925,
          3.7676118
        ]
      },
      "id": "node/2460974434"
    },
    {
      "type": "Feature",
      "properties": {
        "@id": "node/2460974437",
        "name": "Nkolnguet",
        "office": "government",
        "place": "village",
        "source": "WRI_2005"
      },
      "geometry": {
        "type": "Point",
        "coordinates": [
          11.2062225,
          3.8293359
        ]
      },
      "id": "node/2460974437"
    },
    {
      "type": "Feature",
      "properties": {
        "@id": "node/2460974438",
        "name": "Nkolntsam",
        "place": "village",
        "source": "WRI_2005"
      },
      "geometry": {
        "type": "Point",
        "coordinates": [
          11.3655341,
          3.8127308
        ]
      },
      "id": "node/2460974438"
    },
    {
      "type": "Feature",
      "properties": {
        "@id": "node/2460974440",
        "name": "Nkolo",
        "place": "village",
        "source": "WRI_2005"
      },
      "geometry": {
        "type": "Point",
        "coordinates": [
          11.5715496,
          3.8551138
        ]
      },
      "id": "node/2460974440"
    },
    {
      "type": "Feature",
      "properties": {
        "@id": "node/2460974441",
        "name": "Nkolpoblo",
        "place": "village",
        "source": "WRI_2005"
      },
      "geometry": {
        "type": "Point",
        "coordinates": [
          11.2112051,
          4.0681371
        ]
      },
      "id": "node/2460974441"
    },
    {
      "type": "Feature",
      "properties": {
        "@id": "node/2460974442",
        "name": "Nkombassi",
        "place": "village",
        "source": "WRI_2005"
      },
      "geometry": {
        "type": "Point",
        "coordinates": [
          11.5997445,
          3.8616003
        ]
      },
      "id": "node/2460974442"
    },
    {
      "type": "Feature",
      "properties": {
        "@id": "node/2460974444",
        "name": "Nkomekoui",
        "place": "village",
        "source": "WRI_2005"
      },
      "geometry": {
        "type": "Point",
        "coordinates": [
          11.3502982,
          3.8497094
        ]
      },
      "id": "node/2460974444"
    },
    {
      "type": "Feature",
      "properties": {
        "@id": "node/2460974447",
        "name": "Nkongoa",
        "place": "village",
        "source": "WRI_2005"
      },
      "geometry": {
        "type": "Point",
        "coordinates": [
          11.6007713,
          3.8091614
        ]
      },
      "id": "node/2460974447"
    },
    {
      "type": "Feature",
      "properties": {
        "@id": "node/2460974449",
        "name": "Nkongzok",
        "place": "village",
        "source": "WRI_2005"
      },
      "geometry": {
        "type": "Point",
        "coordinates": [
          11.3419711,
          4.0457018
        ]
      },
      "id": "node/2460974449"
    },
    {
      "type": "Feature",
      "properties": {
        "@id": "node/2460974452",
        "name": "Nkoulou",
        "place": "village",
        "source": "WRI_2005"
      },
      "geometry": {
        "type": "Point",
        "coordinates": [
          11.5715556,
          3.798502
        ]
      },
      "id": "node/2460974452"
    },
    {
      "type": "Feature",
      "properties": {
        "@id": "node/2460974455",
        "name": "Nloudou",
        "place": "village",
        "source": "WRI_2005"
      },
      "geometry": {
        "type": "Point",
        "coordinates": [
          11.1266287,
          4.1340351
        ]
      },
      "id": "node/2460974455"
    },
    {
      "type": "Feature",
      "properties": {
        "@id": "node/2460974457",
        "name": "Nomayos I",
        "place": "village",
        "source": "WRI_2005"
      },
      "geometry": {
        "type": "Point",
        "coordinates": [
          11.4446942,
          3.7700984
        ]
      },
      "id": "node/2460974457"
    },
    {
      "type": "Feature",
      "properties": {
        "@id": "node/2460974458",
        "name": "Nouma",
        "place": "village",
        "source": "WRI_2005"
      },
      "geometry": {
        "type": "Point",
        "coordinates": [
          11.4283099,
          3.9596957
        ]
      },
      "id": "node/2460974458"
    },
    {
      "type": "Feature",
      "properties": {
        "@id": "node/2460974463",
        "name": "Ntouessong",
        "place": "village",
        "source": "WRI_2005"
      },
      "geometry": {
        "type": "Point",
        "coordinates": [
          11.449421,
          3.7202396
        ]
      },
      "id": "node/2460974463"
    },
    {
      "type": "Feature",
      "properties": {
        "@id": "node/2460974464",
        "name": "Ntsama",
        "place": "village",
        "source": "WRI_2005"
      },
      "geometry": {
        "type": "Point",
        "coordinates": [
          11.4182738,
          4.0374217
        ]
      },
      "id": "node/2460974464"
    },
    {
      "type": "Feature",
      "properties": {
        "@id": "node/2460974467",
        "name": "Nyangbon",
        "place": "village",
        "source": "WRI_2005"
      },
      "geometry": {
        "type": "Point",
        "coordinates": [
          10.8805243,
          4.0969709
        ]
      },
      "id": "node/2460974467"
    },
    {
      "type": "Feature",
      "properties": {
        "@id": "node/2460974468",
        "name": "Nyomo",
        "place": "village",
        "source": "WRI_2005"
      },
      "geometry": {
        "type": "Point",
        "coordinates": [
          11.4904489,
          3.7443163
        ]
      },
      "id": "node/2460974468"
    },
    {
      "type": "Feature",
      "properties": {
        "@id": "node/2460974471",
        "name": "Nyemeyong",
        "place": "village",
        "source": "WRI_2005"
      },
      "geometry": {
        "type": "Point",
        "coordinates": [
          11.2595,
          4.0421758
        ]
      },
      "id": "node/2460974471"
    },
    {
      "type": "Feature",
      "properties": {
        "@id": "node/2460974473",
        "name": "Oban I",
        "place": "village",
        "source": "WRI_2005"
      },
      "geometry": {
        "type": "Point",
        "coordinates": [
          11.4139381,
          4.0477688
        ]
      },
      "id": "node/2460974473"
    },
    {
      "type": "Feature",
      "properties": {
        "@id": "node/2460974474",
        "name": "Odza I",
        "place": "village",
        "source": "WRI_2005"
      },
      "geometry": {
        "type": "Point",
        "coordinates": [
          11.521242,
          3.798985
        ]
      },
      "id": "node/2460974474"
    },
    {
      "type": "Feature",
      "properties": {
        "@id": "node/2460974476",
        "name": "Odza II",
        "place": "village",
        "source": "WRI_2005"
      },
      "geometry": {
        "type": "Point",
        "coordinates": [
          11.5276866,
          3.7810215
        ]
      },
      "id": "node/2460974476"
    },
    {
      "type": "Feature",
      "properties": {
        "@id": "node/2460974477",
        "name": "Okoa",
        "place": "village",
        "source": "WRI_2005"
      },
      "geometry": {
        "type": "Point",
        "coordinates": [
          11.3622312,
          3.7966601
        ]
      },
      "id": "node/2460974477"
    },
    {
      "type": "Feature",
      "properties": {
        "@id": "node/2460974479",
        "name": "Onana",
        "place": "village",
        "source": "WRI_2005"
      },
      "geometry": {
        "type": "Point",
        "coordinates": [
          11.2992049,
          4.0649911
        ]
      },
      "id": "node/2460974479"
    },
    {
      "type": "Feature",
      "properties": {
        "@id": "node/2460974481",
        "name": "Otoungono",
        "place": "village",
        "source": "WRI_2005"
      },
      "geometry": {
        "type": "Point",
        "coordinates": [
          11.3106548,
          3.9427442
        ]
      },
      "id": "node/2460974481"
    },
    {
      "type": "Feature",
      "properties": {
        "@id": "node/2460974482",
        "name": "Ovang",
        "office": "government",
        "place": "village",
        "source": "WRI_2005"
      },
      "geometry": {
        "type": "Point",
        "coordinates": [
          11.2836476,
          3.9315411
        ]
      },
      "id": "node/2460974482"
    },
    {
      "type": "Feature",
      "properties": {
        "@id": "node/2460974483",
        "name": "Oyama",
        "place": "village",
        "source": "WRI_2005"
      },
      "geometry": {
        "type": "Point",
        "coordinates": [
          11.4075298,
          4.0649747
        ]
      },
      "id": "node/2460974483"
    },
    {
      "type": "Feature",
      "properties": {
        "@id": "node/2460974485",
        "name": "Ozom I",
        "office": "government",
        "place": "village",
        "source": "WRI_2005"
      },
      "geometry": {
        "type": "Point",
        "coordinates": [
          11.3984587,
          3.8838602
        ]
      },
      "id": "node/2460974485"
    },
    {
      "type": "Feature",
      "properties": {
        "@id": "node/2460974486",
        "name": "Ozom II",
        "office": "government",
        "place": "village",
        "source": "WRI_2005"
      },
      "geometry": {
        "type": "Point",
        "coordinates": [
          11.4120849,
          3.8859691
        ]
      },
      "id": "node/2460974486"
    },
    {
      "type": "Feature",
      "properties": {
        "@id": "node/2460974518",
        "name": "Song",
        "place": "village",
        "source": "WRI_2005"
      },
      "geometry": {
        "type": "Point",
        "coordinates": [
          11.2885038,
          4.0651626
        ]
      },
      "id": "node/2460974518"
    },
    {
      "type": "Feature",
      "properties": {
        "@id": "node/2460974528",
        "name": "Tsek",
        "office": "government",
        "place": "village",
        "source": "WRI_2005"
      },
      "geometry": {
        "type": "Point",
        "coordinates": [
          11.2421066,
          3.8814279
        ]
      },
      "id": "node/2460974528"
    },
    {
      "type": "Feature",
      "properties": {
        "@id": "node/2460974529",
        "name": "Vian",
        "place": "village",
        "source": "WRI_2005"
      },
      "geometry": {
        "type": "Point",
        "coordinates": [
          11.6096904,
          3.7703364
        ]
      },
      "id": "node/2460974529"
    },
    {
      "type": "Feature",
      "properties": {
        "@id": "node/2460974531",
        "name": "Voa II",
        "place": "village",
        "source": "WRI_2005"
      },
      "geometry": {
        "type": "Point",
        "coordinates": [
          11.2167083,
          4.0236578
        ]
      },
      "id": "node/2460974531"
    },
    {
      "type": "Feature",
      "properties": {
        "@id": "node/2460974532",
        "name": "Voua III",
        "office": "administrative",
        "place": "village",
        "source": "WRI_2005"
      },
      "geometry": {
        "type": "Point",
        "coordinates": [
          11.2311682,
          4.0052272
        ]
      },
      "id": "node/2460974532"
    },
    {
      "type": "Feature",
      "properties": {
        "@id": "node/2460974536",
        "name": "Ékol",
        "place": "village",
        "source": "WRI_2005"
      },
      "geometry": {
        "type": "Point",
        "coordinates": [
          11.2687607,
          4.105383
        ]
      },
      "id": "node/2460974536"
    },
    {
      "type": "Feature",
      "properties": {
        "@id": "node/2460974538",
        "name": "Élalé",
        "place": "village",
        "source": "WRI_2005"
      },
      "geometry": {
        "type": "Point",
        "coordinates": [
          11.1247464,
          4.0644843
        ]
      },
      "id": "node/2460974538"
    },
    {
      "type": "Feature",
      "properties": {
        "@id": "node/2460974539",
        "name": "Étok",
        "place": "village",
        "source": "WRI_2005"
      },
      "geometry": {
        "type": "Point",
        "coordinates": [
          11.1629744,
          4.0901015
        ]
      },
      "id": "node/2460974539"
    },
    {
      "type": "Feature",
      "properties": {
        "@id": "node/2460974541",
        "name": "Évian",
        "place": "village",
        "source": "WRI_2005"
      },
      "geometry": {
        "type": "Point",
        "coordinates": [
          11.2984328,
          4.0457034
        ]
      },
      "id": "node/2460974541"
    },
    {
      "type": "Feature",
      "properties": {
        "@id": "node/2461015735",
        "name": "Akouen",
        "place": "village",
        "source": "WRI_2005"
      },
      "geometry": {
        "type": "Point",
        "coordinates": [
          11.3283018,
          5.3976166
        ]
      },
      "id": "node/2461015735"
    },
    {
      "type": "Feature",
      "properties": {
        "@id": "node/2461015740",
        "name": "Akouen",
        "place": "village",
        "source": "WRI_2005"
      },
      "geometry": {
        "type": "Point",
        "coordinates": [
          11.3438317,
          5.4174921
        ]
      },
      "id": "node/2461015740"
    },
    {
      "type": "Feature",
      "properties": {
        "@id": "node/2461015900",
        "name": "Bassolé",
        "place": "village",
        "source": "WRI_2005"
      },
      "geometry": {
        "type": "Point",
        "coordinates": [
          11.9051247,
          6.123379
        ]
      },
      "id": "node/2461015900"
    },
    {
      "type": "Feature",
      "properties": {
        "@id": "node/2461016007",
        "name": "Bengbeng",
        "place": "village",
        "source": "WRI_2005"
      },
      "geometry": {
        "type": "Point",
        "coordinates": [
          11.5448663,
          5.946399
        ]
      },
      "id": "node/2461016007"
    },
    {
      "type": "Feature",
      "properties": {
        "@id": "node/2461016071",
        "name": "Boupa",
        "place": "village",
        "source": "WRI_2005"
      },
      "geometry": {
        "type": "Point",
        "coordinates": [
          11.5297473,
          5.8799711
        ]
      },
      "id": "node/2461016071"
    },
    {
      "type": "Feature",
      "properties": {
        "@id": "node/2461016079",
        "name": "Chake",
        "place": "village",
        "source": "WRI_2005"
      },
      "geometry": {
        "type": "Point",
        "coordinates": [
          11.5172451,
          5.7353545
        ]
      },
      "id": "node/2461016079"
    },
    {
      "type": "Feature",
      "properties": {
        "@id": "node/2461016096",
        "name": "Dembe",
        "place": "village",
        "source": "WRI_2005"
      },
      "geometry": {
        "type": "Point",
        "coordinates": [
          11.6342088,
          5.4421755
        ]
      },
      "id": "node/2461016096"
    },
    {
      "type": "Feature",
      "properties": {
        "@id": "node/2461016103",
        "name": "Djampan",
        "place": "village",
        "source": "WRI_2005"
      },
      "geometry": {
        "type": "Point",
        "coordinates": [
          12.3410463,
          5.6627415
        ]
      },
      "id": "node/2461016103"
    },
    {
      "type": "Feature",
      "properties": {
        "@id": "node/2461016163",
        "name": "Doumé",
        "place": "village",
        "source": "WRI_2005"
      },
      "geometry": {
        "type": "Point",
        "coordinates": [
          12.2824369,
          5.8954869
        ]
      },
      "id": "node/2461016163"
    },
    {
      "type": "Feature",
      "properties": {
        "@id": "node/2461016290",
        "name": "Ga",
        "place": "village",
        "source": "WRI_2005"
      },
      "geometry": {
        "type": "Point",
        "coordinates": [
          11.3683061,
          5.7716311
        ]
      },
      "id": "node/2461016290"
    },
    {
      "type": "Feature",
      "properties": {
        "@id": "node/2461016294",
        "name": "Gandié",
        "place": "village",
        "source": "WRI_2005"
      },
      "geometry": {
        "type": "Point",
        "coordinates": [
          11.4969104,
          5.7068374
        ]
      },
      "id": "node/2461016294"
    },
    {
      "type": "Feature",
      "properties": {
        "@id": "node/2461016302",
        "name": "Guimbonlo",
        "place": "village",
        "source": "WRI_2005"
      },
      "geometry": {
        "type": "Point",
        "coordinates": [
          11.6643016,
          6.0457518
        ]
      },
      "id": "node/2461016302"
    },
    {
      "type": "Feature",
      "properties": {
        "@id": "node/2461016307",
        "name": "Gwenze",
        "place": "village",
        "source": "WRI_2005"
      },
      "geometry": {
        "type": "Point",
        "coordinates": [
          11.3300131,
          5.7589411
        ]
      },
      "id": "node/2461016307"
    },
    {
      "type": "Feature",
      "properties": {
        "@id": "node/2461016311",
        "name": "Ina",
        "place": "village",
        "source": "WRI_2005"
      },
      "geometry": {
        "type": "Point",
        "coordinates": [
          11.7649021,
          5.9896546
        ]
      },
      "id": "node/2461016311"
    },
    {
      "type": "Feature",
      "properties": {
        "@id": "node/2461016348",
        "name": "Klong",
        "place": "village",
        "source": "WRI_2005"
      },
      "geometry": {
        "type": "Point",
        "coordinates": [
          11.6378082,
          6.0683317
        ]
      },
      "id": "node/2461016348"
    },
    {
      "type": "Feature",
      "properties": {
        "@id": "node/2461016355",
        "name": "Kong",
        "place": "village",
        "source": "WRI_2005"
      },
      "geometry": {
        "type": "Point",
        "coordinates": [
          12.0608958,
          5.6099047
        ]
      },
      "id": "node/2461016355"
    },
    {
      "type": "Feature",
      "properties": {
        "@id": "node/2461016366",
        "name": "Koundé",
        "place": "village",
        "source": "WRI_2005"
      },
      "geometry": {
        "type": "Point",
        "coordinates": [
          12.2664092,
          5.5392921
        ]
      },
      "id": "node/2461016366"
    },
    {
      "type": "Feature",
      "properties": {
        "@id": "node/2461016371",
        "name": "Kpwagan",
        "place": "village",
        "source": "WRI_2005"
      },
      "geometry": {
        "type": "Point",
        "coordinates": [
          11.4467079,
          5.6360511
        ]
      },
      "id": "node/2461016371"
    },
    {
      "type": "Feature",
      "properties": {
        "@id": "node/2461016422",
        "name": "Linté",
        "name:ru": "Линте",
        "place": "village",
        "source": "WRI_2005"
      },
      "geometry": {
        "type": "Point",
        "coordinates": [
          11.6873169,
          5.3812699
        ]
      },
      "id": "node/2461016422"
    },
    {
      "type": "Feature",
      "properties": {
        "@id": "node/2461016424",
        "name": "Lonwé",
        "place": "village",
        "source": "WRI_2005"
      },
      "geometry": {
        "type": "Point",
        "coordinates": [
          11.7540507,
          5.5736672
        ]
      },
      "id": "node/2461016424"
    },
    {
      "type": "Feature",
      "properties": {
        "@id": "node/2461016437",
        "name": "Léna",
        "place": "village",
        "source": "WRI_2005"
      },
      "geometry": {
        "type": "Point",
        "coordinates": [
          12.366343,
          5.8004218
        ]
      },
      "id": "node/2461016437"
    },
    {
      "type": "Feature",
      "properties": {
        "@id": "node/2461016449",
        "name": "Maboen",
        "place": "village",
        "source": "WRI_2005"
      },
      "geometry": {
        "type": "Point",
        "coordinates": [
          11.8322274,
          5.5727454
        ]
      },
      "id": "node/2461016449"
    },
    {
      "type": "Feature",
      "properties": {
        "@id": "node/2461016461",
        "name": "Makan",
        "place": "village",
        "source": "WRI_2005"
      },
      "geometry": {
        "type": "Point",
        "coordinates": [
          11.6135354,
          5.4972446
        ]
      },
      "id": "node/2461016461"
    },
    {
      "type": "Feature",
      "properties": {
        "@id": "node/2461016462",
        "name": "Makan",
        "place": "village",
        "source": "WRI_2005"
      },
      "geometry": {
        "type": "Point",
        "coordinates": [
          11.5839617,
          5.617599
        ]
      },
      "id": "node/2461016462"
    },
    {
      "type": "Feature",
      "properties": {
        "@id": "node/2461016463",
        "name": "Makoudouk",
        "place": "village",
        "source": "WRI_2005"
      },
      "geometry": {
        "type": "Point",
        "coordinates": [
          11.4990004,
          5.7524041
        ]
      },
      "id": "node/2461016463"
    },
    {
      "type": "Feature",
      "properties": {
        "@id": "node/2461016494",
        "name": "Manbioko",
        "place": "village",
        "source": "WRI_2005"
      },
      "geometry": {
        "type": "Point",
        "coordinates": [
          11.3653843,
          5.4459011
        ]
      },
      "id": "node/2461016494"
    },
    {
      "type": "Feature",
      "properties": {
        "@id": "node/2461016502",
        "name": "Mandja",
        "place": "village",
        "source": "WRI_2005"
      },
      "geometry": {
        "type": "Point",
        "coordinates": [
          11.6340168,
          5.5825263
        ]
      },
      "id": "node/2461016502"
    },
    {
      "type": "Feature",
      "properties": {
        "@id": "node/2461016503",
        "name": "Mandjanbo",
        "place": "village",
        "source": "WRI_2005"
      },
      "geometry": {
        "type": "Point",
        "coordinates": [
          11.6102776,
          5.5929153
        ]
      },
      "id": "node/2461016503"
    },
    {
      "type": "Feature",
      "properties": {
        "@id": "node/2461016504",
        "name": "Mandwé",
        "place": "village",
        "source": "WRI_2005"
      },
      "geometry": {
        "type": "Point",
        "coordinates": [
          11.3563539,
          5.4264382
        ]
      },
      "id": "node/2461016504"
    },
    {
      "type": "Feature",
      "properties": {
        "@id": "node/2461016506",
        "name": "Manga",
        "place": "village",
        "source": "WRI_2005"
      },
      "geometry": {
        "type": "Point",
        "coordinates": [
          11.5606019,
          5.6915123
        ]
      },
      "id": "node/2461016506"
    },
    {
      "type": "Feature",
      "properties": {
        "@id": "node/2461016509",
        "name": "Mangon",
        "place": "village",
        "source": "WRI_2005"
      },
      "geometry": {
        "type": "Point",
        "coordinates": [
          11.5673233,
          5.6449826
        ]
      },
      "id": "node/2461016509"
    },
    {
      "type": "Feature",
      "properties": {
        "@id": "node/2461016515",
        "name": "Manka",
        "place": "village",
        "source": "WRI_2005"
      },
      "geometry": {
        "type": "Point",
        "coordinates": [
          11.4851297,
          5.6528024
        ]
      },
      "id": "node/2461016515"
    },
    {
      "type": "Feature",
      "properties": {
        "@id": "node/2461016516",
        "name": "Mankan",
        "place": "village",
        "source": "WRI_2005"
      },
      "geometry": {
        "type": "Point",
        "coordinates": [
          11.5379284,
          5.724421
        ]
      },
      "id": "node/2461016516"
    },
    {
      "type": "Feature",
      "properties": {
        "@id": "node/2461016529",
        "name": "Manso",
        "place": "village",
        "source": "WRI_2005"
      },
      "geometry": {
        "type": "Point",
        "coordinates": [
          11.421976,
          5.7931589
        ]
      },
      "id": "node/2461016529"
    },
    {
      "type": "Feature",
      "properties": {
        "@id": "node/2461016584",
        "name": "Mbam",
        "place": "village",
        "source": "WRI_2005"
      },
      "geometry": {
        "type": "Point",
        "coordinates": [
          12.4241048,
          5.9740758
        ]
      },
      "id": "node/2461016584"
    },
    {
      "type": "Feature",
      "properties": {
        "@id": "node/2461016590",
        "name": "Mbangon",
        "place": "village",
        "source": "WRI_2005"
      },
      "geometry": {
        "type": "Point",
        "coordinates": [
          11.8581103,
          5.5905709
        ]
      },
      "id": "node/2461016590"
    },
    {
      "type": "Feature",
      "properties": {
        "@id": "node/2461016592",
        "name": "Mbasongo",
        "place": "village",
        "source": "WRI_2005"
      },
      "geometry": {
        "type": "Point",
        "coordinates": [
          11.9513481,
          5.5973085
        ]
      },
      "id": "node/2461016592"
    },
    {
      "type": "Feature",
      "properties": {
        "@id": "node/2461016598",
        "name": "Mbe",
        "place": "village",
        "source": "WRI_2005"
      },
      "geometry": {
        "type": "Point",
        "coordinates": [
          11.3087186,
          5.3858152
        ]
      },
      "id": "node/2461016598"
    },
    {
      "type": "Feature",
      "properties": {
        "@id": "node/2461016599",
        "name": "Mbe",
        "place": "village",
        "source": "WRI_2005"
      },
      "geometry": {
        "type": "Point",
        "coordinates": [
          11.3737859,
          5.8269649
        ]
      },
      "id": "node/2461016599"
    },
    {
      "type": "Feature",
      "properties": {
        "@id": "node/2461016627",
        "name": "Mbombo",
        "place": "village",
        "source": "WRI_2005"
      },
      "geometry": {
        "type": "Point",
        "coordinates": [
          11.8708898,
          6.0983777
        ]
      },
      "id": "node/2461016627"
    },
    {
      "type": "Feature",
      "properties": {
        "@id": "node/2461016630",
        "name": "Mboména II",
        "place": "village",
        "source": "WRI_2005"
      },
      "geometry": {
        "type": "Point",
        "coordinates": [
          11.3886795,
          5.9184842
        ]
      },
      "id": "node/2461016630"
    },
    {
      "type": "Feature",
      "properties": {
        "@id": "node/2461016633",
        "name": "Mbondé",
        "place": "village",
        "source": "WRI_2005"
      },
      "geometry": {
        "type": "Point",
        "coordinates": [
          11.2878475,
          5.3776705
        ]
      },
      "id": "node/2461016633"
    },
    {
      "type": "Feature",
      "properties": {
        "@id": "node/2461016634",
        "name": "Mbondé",
        "place": "village",
        "source": "WRI_2005"
      },
      "geometry": {
        "type": "Point",
        "coordinates": [
          11.4992608,
          5.6653003
        ]
      },
      "id": "node/2461016634"
    },
    {
      "type": "Feature",
      "properties": {
        "@id": "node/2461016637",
        "name": "Mbgoto",
        "place": "village",
        "source": "WRI_2005"
      },
      "geometry": {
        "type": "Point",
        "coordinates": [
          11.3155835,
          5.7613179
        ]
      },
      "id": "node/2461016637"
    },
    {
      "type": "Feature",
      "properties": {
        "@id": "node/2461016638",
        "name": "Mboutou",
        "place": "village",
        "source": "WRI_2005"
      },
      "geometry": {
        "type": "Point",
        "coordinates": [
          11.4976248,
          5.6710204
        ]
      },
      "id": "node/2461016638"
    },
    {
      "type": "Feature",
      "properties": {
        "@id": "node/2461016728",
        "name": "Mondzon",
        "place": "village",
        "source": "WRI_2005"
      },
      "geometry": {
        "type": "Point",
        "coordinates": [
          11.9105259,
          5.6045525
        ]
      },
      "id": "node/2461016728"
    },
    {
      "type": "Feature",
      "properties": {
        "@id": "node/2461016737",
        "name": "Mpama",
        "place": "village",
        "source": "WRI_2005"
      },
      "geometry": {
        "type": "Point",
        "coordinates": [
          11.6260405,
          5.5964292
        ]
      },
      "id": "node/2461016737"
    },
    {
      "type": "Feature",
      "properties": {
        "@id": "node/2461016752",
        "name": "Mvouté",
        "place": "village",
        "source": "WRI_2005"
      },
      "geometry": {
        "type": "Point",
        "coordinates": [
          12.402146,
          5.8974041
        ]
      },
      "id": "node/2461016752"
    },
    {
      "type": "Feature",
      "properties": {
        "@id": "node/2461016762",
        "name": "Nboména",
        "place": "village",
        "source": "WRI_2005"
      },
      "geometry": {
        "type": "Point",
        "coordinates": [
          11.3590706,
          5.9138634
        ]
      },
      "id": "node/2461016762"
    },
    {
      "type": "Feature",
      "properties": {
        "@id": "node/2461016765",
        "name": "Nche",
        "place": "village",
        "source": "WRI_2005"
      },
      "geometry": {
        "type": "Point",
        "coordinates": [
          11.281137,
          5.3693999
        ]
      },
      "id": "node/2461016765"
    },
    {
      "type": "Feature",
      "properties": {
        "@id": "node/2461016776",
        "name": "Ndipa",
        "place": "village",
        "source": "WRI_2005"
      },
      "geometry": {
        "type": "Point",
        "coordinates": [
          11.94901,
          6.1895298
        ]
      },
      "id": "node/2461016776"
    },
    {
      "type": "Feature",
      "properties": {
        "@id": "node/2461016778",
        "name": "Nditam",
        "name:ru": "Ндитам",
        "place": "village",
        "source": "WRI_2005"
      },
      "geometry": {
        "type": "Point",
        "coordinates": [
          11.2424365,
          5.3674505
        ]
      },
      "id": "node/2461016778"
    },
    {
      "type": "Feature",
      "properties": {
        "@id": "node/2461016790",
        "name": "Ndoum",
        "place": "village",
        "source": "WRI_2005"
      },
      "geometry": {
        "type": "Point",
        "coordinates": [
          11.3992276,
          5.95574
        ]
      },
      "id": "node/2461016790"
    },
    {
      "type": "Feature",
      "properties": {
        "@id": "node/2461016801",
        "name": "Nga",
        "place": "village",
        "source": "WRI_2005"
      },
      "geometry": {
        "type": "Point",
        "coordinates": [
          11.5322698,
          5.9764111
        ]
      },
      "id": "node/2461016801"
    },
    {
      "type": "Feature",
      "properties": {
        "@id": "node/2461016813",
        "name": "Ngambé Tikar",
        "natural": "tree",
        "note": "rank=0 car commune",
        "place": "town",
        "rank": "0"
      },
      "geometry": {
        "type": "Point",
        "coordinates": [
          11.4943063,
          5.7876432
        ]
      },
      "id": "node/2461016813"
    },
    {
      "type": "Feature",
      "properties": {
        "@id": "node/2461016862",
        "name": "Ngon",
        "place": "village",
        "source": "WRI_2005"
      },
      "geometry": {
        "type": "Point",
        "coordinates": [
          11.558561,
          5.6660405
        ]
      },
      "id": "node/2461016862"
    },
    {
      "type": "Feature",
      "properties": {
        "@id": "node/2461016875",
        "name": "Ngoumé",
        "place": "village",
        "source": "WRI_2005"
      },
      "geometry": {
        "type": "Point",
        "coordinates": [
          11.4059534,
          5.4976736
        ]
      },
      "id": "node/2461016875"
    },
    {
      "type": "Feature",
      "properties": {
        "@id": "node/2461017178",
        "name": "Pamvou",
        "place": "village",
        "source": "WRI_2005"
      },
      "geometry": {
        "type": "Point",
        "coordinates": [
          11.7061889,
          5.5755712
        ]
      },
      "id": "node/2461017178"
    },
    {
      "type": "Feature",
      "properties": {
        "@id": "node/2461017199",
        "name": "Pokelé",
        "place": "village",
        "source": "WRI_2005"
      },
      "geometry": {
        "type": "Point",
        "coordinates": [
          11.8440044,
          6.0884141
        ]
      },
      "id": "node/2461017199"
    },
    {
      "type": "Feature",
      "properties": {
        "@id": "node/2461017204",
        "name": "Ponradji",
        "place": "village",
        "source": "WRI_2005"
      },
      "geometry": {
        "type": "Point",
        "coordinates": [
          11.9163288,
          6.146904
        ]
      },
      "id": "node/2461017204"
    },
    {
      "type": "Feature",
      "properties": {
        "@id": "node/2461017282",
        "name": "Samafou",
        "place": "village",
        "source": "WRI_2005"
      },
      "geometry": {
        "type": "Point",
        "coordinates": [
          11.8082043,
          6.0497936
        ]
      },
      "id": "node/2461017282"
    },
    {
      "type": "Feature",
      "properties": {
        "@id": "node/2461017338",
        "name": "Sonkou",
        "place": "village",
        "source": "WRI_2005"
      },
      "geometry": {
        "type": "Point",
        "coordinates": [
          11.4496651,
          5.7900363
        ]
      },
      "id": "node/2461017338"
    },
    {
      "type": "Feature",
      "properties": {
        "@id": "node/2461017838",
        "name": "We",
        "place": "village",
        "source": "WRI_2005"
      },
      "geometry": {
        "type": "Point",
        "coordinates": [
          11.700051,
          5.9029765
        ]
      },
      "id": "node/2461017838"
    },
    {
      "type": "Feature",
      "properties": {
        "@id": "node/2461915704",
        "name": "Abokoundi",
        "place": "village",
        "source": "WRI_2005"
      },
      "geometry": {
        "type": "Point",
        "coordinates": [
          12.6208721,
          4.1026651
        ]
      },
      "id": "node/2461915704"
    },
    {
      "type": "Feature",
      "properties": {
        "@id": "node/2461915716",
        "name": "Akam",
        "place": "village",
        "source": "WRI_2005"
      },
      "geometry": {
        "type": "Point",
        "coordinates": [
          12.7327279,
          4.1451896
        ]
      },
      "id": "node/2461915716"
    },
    {
      "type": "Feature",
      "properties": {
        "@id": "node/2461915742",
        "name": "Andom",
        "place": "village",
        "source": "WRI_2005"
      },
      "geometry": {
        "type": "Point",
        "coordinates": [
          12.7288615,
          4.1912839
        ]
      },
      "id": "node/2461915742"
    },
    {
      "type": "Feature",
      "properties": {
        "@id": "node/2461915758",
        "name": "Atoa",
        "place": "village",
        "source": "WRI_2005"
      },
      "geometry": {
        "type": "Point",
        "coordinates": [
          12.6735998,
          4.3027403
        ]
      },
      "id": "node/2461915758"
    },
    {
      "type": "Feature",
      "properties": {
        "@id": "node/2461915933",
        "name": "Ebodo",
        "place": "village",
        "source": "WRI_2005"
      },
      "geometry": {
        "type": "Point",
        "coordinates": [
          12.6844919,
          4.0007201
        ]
      },
      "id": "node/2461915933"
    },
    {
      "type": "Feature",
      "properties": {
        "@id": "node/2461915952",
        "name": "Essimeyong",
        "place": "village",
        "source": "WRI_2005"
      },
      "geometry": {
        "type": "Point",
        "coordinates": [
          12.6903463,
          4.4900967
        ]
      },
      "id": "node/2461915952"
    },
    {
      "type": "Feature",
      "properties": {
        "@id": "node/2461915959",
        "name": "Fan Bikang I",
        "place": "village",
        "source": "WRI_2005"
      },
      "geometry": {
        "type": "Point",
        "coordinates": [
          12.7753701,
          4.074017
        ]
      },
      "id": "node/2461915959"
    },
    {
      "type": "Feature",
      "properties": {
        "@id": "node/2461915960",
        "name": "Fan Bikang II",
        "place": "village",
        "source": "WRI_2005"
      },
      "geometry": {
        "type": "Point",
        "coordinates": [
          12.768047,
          4.0688276
        ]
      },
      "id": "node/2461915960"
    },
    {
      "type": "Feature",
      "properties": {
        "@id": "node/2461915961",
        "name": "Fang Bilon",
        "place": "village",
        "source": "WRI_2005"
      },
      "geometry": {
        "type": "Point",
        "coordinates": [
          12.7070986,
          4.0118718
        ]
      },
      "id": "node/2461915961"
    },
    {
      "type": "Feature",
      "properties": {
        "@id": "node/2461916006",
        "name": "Koba",
        "place": "village",
        "source": "WRI_2005"
      },
      "geometry": {
        "type": "Point",
        "coordinates": [
          12.6389421,
          3.9945525
        ]
      },
      "id": "node/2461916006"
    },
    {
      "type": "Feature",
      "properties": {
        "@id": "node/2461916015",
        "name": "Kombani",
        "place": "village",
        "source": "WRI_2005"
      },
      "geometry": {
        "type": "Point",
        "coordinates": [
          12.769049,
          4.3886321
        ]
      },
      "id": "node/2461916015"
    },
    {
      "type": "Feature",
      "properties": {
        "@id": "node/2461916017",
        "name": "Kombo",
        "place": "village",
        "source": "WRI_2005"
      },
      "geometry": {
        "type": "Point",
        "coordinates": [
          12.6304476,
          3.978615
        ]
      },
      "id": "node/2461916017"
    },
    {
      "type": "Feature",
      "properties": {
        "@id": "node/2461916063",
        "name": "Lembé",
        "place": "village",
        "source": "WRI_2005"
      },
      "geometry": {
        "type": "Point",
        "coordinates": [
          12.6585981,
          4.4007315
        ]
      },
      "id": "node/2461916063"
    },
    {
      "type": "Feature",
      "properties": {
        "@id": "node/2461916064",
        "name": "Leng-Tombo",
        "place": "village",
        "source": "WRI_2005"
      },
      "geometry": {
        "type": "Point",
        "coordinates": [
          12.7440136,
          4.0485929
        ]
      },
      "id": "node/2461916064"
    },
    {
      "type": "Feature",
      "properties": {
        "@id": "node/2461916079",
        "name": "Loum",
        "place": "village",
        "source": "WRI_2005"
      },
      "geometry": {
        "type": "Point",
        "coordinates": [
          12.7628524,
          4.3773927
        ]
      },
      "id": "node/2461916079"
    },
    {
      "type": "Feature",
      "properties": {
        "@id": "node/2461916185",
        "name": "Mbang",
        "place": "village",
        "source": "WRI_2005"
      },
      "geometry": {
        "type": "Point",
        "coordinates": [
          12.653707,
          4.0722495
        ]
      },
      "id": "node/2461916185"
    },
    {
      "type": "Feature",
      "properties": {
        "@id": "node/2461916186",
        "name": "Mbang",
        "place": "village",
        "source": "WRI_2005"
      },
      "geometry": {
        "type": "Point",
        "coordinates": [
          12.6628589,
          4.326849
        ]
      },
      "id": "node/2461916186"
    },
    {
      "type": "Feature",
      "properties": {
        "@id": "node/2461916193",
        "name": "Mboké",
        "place": "village",
        "source": "WRI_2005"
      },
      "geometry": {
        "type": "Point",
        "coordinates": [
          12.6211582,
          4.3149937
        ]
      },
      "id": "node/2461916193"
    },
    {
      "type": "Feature",
      "properties": {
        "@id": "node/2461916202",
        "name": "Mboni",
        "place": "village",
        "source": "WRI_2005"
      },
      "geometry": {
        "type": "Point",
        "coordinates": [
          12.7218659,
          4.2488255
        ]
      },
      "id": "node/2461916202"
    },
    {
      "type": "Feature",
      "properties": {
        "@id": "node/2461916233",
        "name": "Mengaa",
        "place": "village",
        "source": "WRI_2005"
      },
      "geometry": {
        "type": "Point",
        "coordinates": [
          12.7121018,
          4.4303608
        ]
      },
      "id": "node/2461916233"
    },
    {
      "type": "Feature",
      "properties": {
        "@id": "node/2461916234",
        "name": "Menguinda",
        "place": "village",
        "source": "WRI_2005"
      },
      "geometry": {
        "type": "Point",
        "coordinates": [
          12.6881595,
          4.4149925
        ]
      },
      "id": "node/2461916234"
    },
    {
      "type": "Feature",
      "properties": {
        "@id": "node/2461916239",
        "name": "Messaa",
        "place": "village",
        "source": "WRI_2005"
      },
      "geometry": {
        "type": "Point",
        "coordinates": [
          12.6686397,
          4.3944446
        ]
      },
      "id": "node/2461916239"
    },
    {
      "type": "Feature",
      "properties": {
        "@id": "node/2461916240",
        "name": "Messaa",
        "place": "village",
        "source": "WRI_2005"
      },
      "geometry": {
        "type": "Point",
        "coordinates": [
          12.6428178,
          4.4092371
        ]
      },
      "id": "node/2461916240"
    },
    {
      "type": "Feature",
      "properties": {
        "@id": "node/2461916258",
        "name": "Mimbang",
        "place": "village",
        "source": "WRI_2005"
      },
      "geometry": {
        "type": "Point",
        "coordinates": [
          12.7295687,
          4.4208818
        ]
      },
      "id": "node/2461916258"
    },
    {
      "type": "Feature",
      "properties": {
        "@id": "node/2461916259",
        "name": "Mimbega",
        "place": "village",
        "source": "WRI_2005"
      },
      "geometry": {
        "type": "Point",
        "coordinates": [
          12.6190127,
          4.2151131
        ]
      },
      "id": "node/2461916259"
    },
    {
      "type": "Feature",
      "properties": {
        "@id": "node/2461916285",
        "name": "Momegombo",
        "place": "village",
        "source": "WRI_2005"
      },
      "geometry": {
        "type": "Point",
        "coordinates": [
          12.6365582,
          4.3181993
        ]
      },
      "id": "node/2461916285"
    },
    {
      "type": "Feature",
      "properties": {
        "@id": "node/2461916305",
        "name": "Mvianga",
        "place": "village",
        "source": "WRI_2005"
      },
      "geometry": {
        "type": "Point",
        "coordinates": [
          12.714033,
          4.2322503
        ]
      },
      "id": "node/2461916305"
    },
    {
      "type": "Feature",
      "properties": {
        "@id": "node/2461916331",
        "name": "Ndjoumbé",
        "place": "village",
        "source": "WRI_2005"
      },
      "geometry": {
        "type": "Point",
        "coordinates": [
          12.7126087,
          4.4777778
        ]
      },
      "id": "node/2461916331"
    },
    {
      "type": "Feature",
      "properties": {
        "@id": "node/2461916341",
        "name": "Ngala",
        "place": "village",
        "source": "WRI_2005"
      },
      "geometry": {
        "type": "Point",
        "coordinates": [
          12.7515787,
          4.0648008
        ]
      },
      "id": "node/2461916341"
    },
    {
      "type": "Feature",
      "properties": {
        "@id": "node/2461916352",
        "name": "Ngo'o",
        "place": "village",
        "source": "WRI_2005"
      },
      "geometry": {
        "type": "Point",
        "coordinates": [
          12.8238209,
          4.3782753
        ]
      },
      "id": "node/2461916352"
    },
    {
      "type": "Feature",
      "properties": {
        "@id": "node/2461916364",
        "name": "Ngondo",
        "place": "village",
        "source": "WRI_2005"
      },
      "geometry": {
        "type": "Point",
        "coordinates": [
          12.7404381,
          4.1743415
        ]
      },
      "id": "node/2461916364"
    },
    {
      "type": "Feature",
      "properties": {
        "@id": "node/2461916398",
        "name": "Nkoloboudou",
        "place": "village",
        "source": "WRI_2005"
      },
      "geometry": {
        "type": "Point",
        "coordinates": [
          12.6649002,
          4.1821716
        ]
      },
      "id": "node/2461916398"
    },
    {
      "type": "Feature",
      "properties": {
        "@id": "node/2461916417",
        "name": "Nseng Okong",
        "place": "village",
        "source": "WRI_2005"
      },
      "geometry": {
        "type": "Point",
        "coordinates": [
          12.6906589,
          4.5190216
        ]
      },
      "id": "node/2461916417"
    },
    {
      "type": "Feature",
      "properties": {
        "@id": "node/2461916432",
        "name": "Nyayessé",
        "place": "village",
        "source": "WRI_2005"
      },
      "geometry": {
        "type": "Point",
        "coordinates": [
          12.7384133,
          4.3748203
        ]
      },
      "id": "node/2461916432"
    },
    {
      "type": "Feature",
      "properties": {
        "@id": "node/2461916433",
        "name": "Nyenda",
        "place": "village",
        "source": "WRI_2005"
      },
      "geometry": {
        "type": "Point",
        "coordinates": [
          12.6623733,
          3.9976429
        ]
      },
      "id": "node/2461916433"
    },
    {
      "type": "Feature",
      "properties": {
        "@id": "node/2461916466",
        "name": "Sala",
        "place": "village",
        "source": "WRI_2005"
      },
      "geometry": {
        "type": "Point",
        "coordinates": [
          12.7357176,
          4.118505
        ]
      },
      "id": "node/2461916466"
    },
    {
      "type": "Feature",
      "properties": {
        "@id": "node/2461916483",
        "name": "Sobia",
        "place": "village",
        "source": "WRI_2005"
      },
      "geometry": {
        "type": "Point",
        "coordinates": [
          12.7008363,
          4.1783452
        ]
      },
      "id": "node/2461916483"
    },
    {
      "type": "Feature",
      "properties": {
        "@id": "node/2461916502",
        "name": "Tomba III",
        "place": "village",
        "source": "WRI_2005"
      },
      "geometry": {
        "type": "Point",
        "coordinates": [
          12.698289,
          4.2001177
        ]
      },
      "id": "node/2461916502"
    },
    {
      "type": "Feature",
      "properties": {
        "@id": "node/2462072507",
        "name": "Abian",
        "place": "village",
        "source": "WRI_2005"
      },
      "geometry": {
        "type": "Point",
        "coordinates": [
          13.1697105,
          4.7787891
        ]
      },
      "id": "node/2462072507"
    },
    {
      "type": "Feature",
      "properties": {
        "@id": "node/2462072531",
        "name": "Ading",
        "place": "village",
        "source": "WRI_2005"
      },
      "geometry": {
        "type": "Point",
        "coordinates": [
          12.6295053,
          4.872157
        ]
      },
      "id": "node/2462072531"
    },
    {
      "type": "Feature",
      "properties": {
        "@id": "node/2462072546",
        "name": "Akok Mékel",
        "place": "village",
        "source": "WRI_2005"
      },
      "geometry": {
        "type": "Point",
        "coordinates": [
          13.0554458,
          4.8134638
        ]
      },
      "id": "node/2462072546"
    },
    {
      "type": "Feature",
      "properties": {
        "@id": "node/2462072582",
        "name": "Ambam",
        "place": "village",
        "source": "WRI_2005"
      },
      "geometry": {
        "type": "Point",
        "coordinates": [
          12.8983784,
          4.9323337
        ]
      },
      "id": "node/2462072582"
    },
    {
      "type": "Feature",
      "properties": {
        "@id": "node/2462072654",
        "name": "Assek",
        "place": "village",
        "source": "WRI_2005"
      },
      "geometry": {
        "type": "Point",
        "coordinates": [
          12.9129131,
          4.8810967
        ]
      },
      "id": "node/2462072654"
    },
    {
      "type": "Feature",
      "properties": {
        "@id": "node/2462072865",
        "name": "Bibéa",
        "place": "village",
        "source": "WRI_2005"
      },
      "geometry": {
        "type": "Point",
        "coordinates": [
          12.7527655,
          4.8851893
        ]
      },
      "id": "node/2462072865"
    },
    {
      "type": "Feature",
      "properties": {
        "@id": "node/2462072869",
        "name": "Bidemba",
        "place": "village",
        "source": "WRI_2005"
      },
      "geometry": {
        "type": "Point",
        "coordinates": [
          12.7013345,
          4.899435
        ]
      },
      "id": "node/2462072869"
    },
    {
      "type": "Feature",
      "properties": {
        "@id": "node/2462072899",
        "name": "Bissaga",
        "place": "village",
        "source": "WRI_2005"
      },
      "geometry": {
        "type": "Point",
        "coordinates": [
          12.809913,
          4.8717124
        ]
      },
      "id": "node/2462072899"
    },
    {
      "type": "Feature",
      "properties": {
        "@id": "node/2462072903",
        "name": "Bitam",
        "place": "village",
        "source": "WRI_2005"
      },
      "geometry": {
        "type": "Point",
        "coordinates": [
          12.6525725,
          4.8217013
        ]
      },
      "id": "node/2462072903"
    },
    {
      "type": "Feature",
      "properties": {
        "@id": "node/2462072921",
        "name": "Bokondé",
        "place": "village",
        "source": "WRI_2005"
      },
      "geometry": {
        "type": "Point",
        "coordinates": [
          12.8528154,
          5.0353265
        ]
      },
      "id": "node/2462072921"
    },
    {
      "type": "Feature",
      "properties": {
        "@id": "node/2462073119",
        "name": "Djamané",
        "place": "village",
        "source": "WRI_2005"
      },
      "geometry": {
        "type": "Point",
        "coordinates": [
          12.8302429,
          5.505842
        ]
      },
      "id": "node/2462073119"
    },
    {
      "type": "Feature",
      "properties": {
        "@id": "node/2462073123",
        "name": "Djankani",
        "place": "village",
        "source": "WRI_2005"
      },
      "geometry": {
        "type": "Point",
        "coordinates": [
          12.8158297,
          5.0563087
        ]
      },
      "id": "node/2462073123"
    },
    {
      "type": "Feature",
      "properties": {
        "@id": "node/2462073177",
        "name": "Domkol",
        "place": "village",
        "source": "WRI_2005"
      },
      "geometry": {
        "type": "Point",
        "coordinates": [
          12.886521,
          4.7804806
        ]
      },
      "id": "node/2462073177"
    },
    {
      "type": "Feature",
      "properties": {
        "@id": "node/2462073188",
        "name": "Donkong",
        "place": "village",
        "source": "WRI_2005"
      },
      "geometry": {
        "type": "Point",
        "coordinates": [
          12.6912957,
          4.7066222
        ]
      },
      "id": "node/2462073188"
    },
    {
      "type": "Feature",
      "properties": {
        "@id": "node/2462073233",
        "name": "Ebam",
        "place": "village",
        "source": "WRI_2005"
      },
      "geometry": {
        "type": "Point",
        "coordinates": [
          12.774288,
          4.8803567
        ]
      },
      "id": "node/2462073233"
    },
    {
      "type": "Feature",
      "properties": {
        "@id": "node/2462073236",
        "name": "Ebangal",
        "place": "village",
        "source": "WRI_2005"
      },
      "geometry": {
        "type": "Point",
        "coordinates": [
          12.9249426,
          4.5909116
        ]
      },
      "id": "node/2462073236"
    },
    {
      "type": "Feature",
      "properties": {
        "@id": "node/2462073240",
        "name": "Ebolbam",
        "place": "village",
        "source": "WRI_2005"
      },
      "geometry": {
        "type": "Point",
        "coordinates": [
          13.1559677,
          4.6008587
        ]
      },
      "id": "node/2462073240"
    },
    {
      "type": "Feature",
      "properties": {
        "@id": "node/2462073247",
        "name": "Efoulan",
        "place": "village",
        "source": "WRI_2005"
      },
      "geometry": {
        "type": "Point",
        "coordinates": [
          12.7574342,
          4.5596931
        ]
      },
      "id": "node/2462073247"
    },
    {
      "type": "Feature",
      "properties": {
        "@id": "node/2462073255",
        "name": "Ekono",
        "place": "village",
        "source": "WRI_2005"
      },
      "geometry": {
        "type": "Point",
        "coordinates": [
          12.6390011,
          4.8442192
        ]
      },
      "id": "node/2462073255"
    },
    {
      "type": "Feature",
      "properties": {
        "@id": "node/2462073259",
        "name": "Elot",
        "place": "village",
        "source": "WRI_2005"
      },
      "geometry": {
        "type": "Point",
        "coordinates": [
          12.7401908,
          4.5794678
        ]
      },
      "id": "node/2462073259"
    },
    {
      "type": "Feature",
      "properties": {
        "@id": "node/2462073263",
        "name": "Endoum",
        "place": "village",
        "source": "WRI_2005"
      },
      "geometry": {
        "type": "Point",
        "coordinates": [
          13.0311102,
          4.7167409
        ]
      },
      "id": "node/2462073263"
    },
    {
      "type": "Feature",
      "properties": {
        "@id": "node/2462073266",
        "name": "Enongbibak",
        "place": "village",
        "source": "WRI_2005"
      },
      "geometry": {
        "type": "Point",
        "coordinates": [
          12.9563995,
          4.791212
        ]
      },
      "id": "node/2462073266"
    },
    {
      "type": "Feature",
      "properties": {
        "@id": "node/2462073270",
        "name": "Epeda I",
        "place": "village",
        "source": "WRI_2005"
      },
      "geometry": {
        "type": "Point",
        "coordinates": [
          12.7943257,
          4.9406432
        ]
      },
      "id": "node/2462073270"
    },
    {
      "type": "Feature",
      "properties": {
        "@id": "node/2462073273",
        "name": "Epegang",
        "place": "village",
        "source": "WRI_2005"
      },
      "geometry": {
        "type": "Point",
        "coordinates": [
          12.6761165,
          4.7662433
        ]
      },
      "id": "node/2462073273"
    },
    {
      "type": "Feature",
      "properties": {
        "@id": "node/2462073283",
        "name": "Epédja II",
        "place": "village",
        "source": "WRI_2005"
      },
      "geometry": {
        "type": "Point",
        "coordinates": [
          12.8667551,
          4.9400415
        ]
      },
      "id": "node/2462073283"
    },
    {
      "type": "Feature",
      "properties": {
        "@id": "node/2462073300",
        "name": "Etol",
        "place": "village",
        "source": "WRI_2005"
      },
      "geometry": {
        "type": "Point",
        "coordinates": [
          12.7084037,
          4.5807971
        ]
      },
      "id": "node/2462073300"
    },
    {
      "type": "Feature",
      "properties": {
        "@id": "node/2462073304",
        "name": "Etékenvé",
        "place": "village",
        "source": "WRI_2005"
      },
      "geometry": {
        "type": "Point",
        "coordinates": [
          13.1104979,
          4.7717307
        ]
      },
      "id": "node/2462073304"
    },
    {
      "type": "Feature",
      "properties": {
        "@id": "node/2462073438",
        "name": "Guéré",
        "place": "village",
        "source": "WRI_2005"
      },
      "geometry": {
        "type": "Point",
        "coordinates": [
          12.9864566,
          5.5399693
        ]
      },
      "id": "node/2462073438"
    },
    {
      "type": "Feature",
      "properties": {
        "@id": "node/2462073501",
        "name": "Kakban",
        "place": "village",
        "source": "WRI_2005"
      },
      "geometry": {
        "type": "Point",
        "coordinates": [
          12.9515817,
          4.5924495
        ]
      },
      "id": "node/2462073501"
    },
    {
      "type": "Feature",
      "properties": {
        "@id": "node/2462073538",
        "name": "Kanga",
        "place": "village",
        "source": "WRI_2005"
      },
      "geometry": {
        "type": "Point",
        "coordinates": [
          13.0266951,
          4.784692
        ]
      },
      "id": "node/2462073538"
    },
    {
      "type": "Feature",
      "properties": {
        "@id": "node/2462073596",
        "name": "Kom Etam",
        "place": "village",
        "source": "WRI_2005"
      },
      "geometry": {
        "type": "Point",
        "coordinates": [
          13.2211148,
          4.6607978
        ]
      },
      "id": "node/2462073596"
    },
    {
      "type": "Feature",
      "properties": {
        "@id": "node/2462073600",
        "name": "Kom",
        "place": "village",
        "source": "WRI_2005"
      },
      "geometry": {
        "type": "Point",
        "coordinates": [
          13.0557649,
          4.9145949
        ]
      },
      "id": "node/2462073600"
    },
    {
      "type": "Feature",
      "properties": {
        "@id": "node/2462073603",
        "name": "Kom-Asso",
        "place": "village",
        "source": "WRI_2005"
      },
      "geometry": {
        "type": "Point",
        "coordinates": [
          12.7610506,
          4.867485
        ]
      },
      "id": "node/2462073603"
    },
    {
      "type": "Feature",
      "properties": {
        "@id": "node/2462073647",
        "name": "Koukouny",
        "place": "village",
        "source": "WRI_2005"
      },
      "geometry": {
        "type": "Point",
        "coordinates": [
          13.061464,
          4.8522157
        ]
      },
      "id": "node/2462073647"
    },
    {
      "type": "Feature",
      "properties": {
        "@id": "node/2462073698",
        "name": "Landi",
        "place": "village",
        "source": "WRI_2005"
      },
      "geometry": {
        "type": "Point",
        "coordinates": [
          12.6726412,
          4.9525093
        ]
      },
      "id": "node/2462073698"
    },
    {
      "type": "Feature",
      "properties": {
        "@id": "node/2462073712",
        "name": "Lembé Bagdja",
        "place": "village",
        "source": "WRI_2005"
      },
      "geometry": {
        "type": "Point",
        "coordinates": [
          12.6829198,
          4.6015972
        ]
      },
      "id": "node/2462073712"
    },
    {
      "type": "Feature",
      "properties": {
        "@id": "node/2462073784",
        "name": "Makala",
        "place": "village",
        "source": "WRI_2005"
      },
      "geometry": {
        "type": "Point",
        "coordinates": [
          13.0764246,
          4.6033832
        ]
      },
      "id": "node/2462073784"
    },
    {
      "type": "Feature",
      "properties": {
        "@id": "node/2462073805",
        "name": "Makouri",
        "place": "village",
        "source": "WRI_2005"
      },
      "geometry": {
        "type": "Point",
        "coordinates": [
          12.858685,
          5.5222402
        ]
      },
      "id": "node/2462073805"
    },
    {
      "type": "Feature",
      "properties": {
        "@id": "node/2462073847",
        "name": "Mandjok",
        "place": "village",
        "source": "WRI_2005"
      },
      "geometry": {
        "type": "Point",
        "coordinates": [
          12.9500019,
          4.976371
        ]
      },
      "id": "node/2462073847"
    },
    {
      "type": "Feature",
      "properties": {
        "@id": "node/2462073924",
        "name": "Mbargué",
        "place": "village",
        "source": "WRI_2005 + mapbox"
      },
      "geometry": {
        "type": "Point",
        "coordinates": [
          13.0758615,
          4.9049858
        ]
      },
      "id": "node/2462073924"
    },
    {
      "type": "Feature",
      "properties": {
        "@id": "node/2462073938",
        "name": "Mbenda",
        "place": "village",
        "source": "WRI_2005"
      },
      "geometry": {
        "type": "Point",
        "coordinates": [
          12.6350135,
          4.8110938
        ]
      },
      "id": "node/2462073938"
    },
    {
      "type": "Feature",
      "properties": {
        "@id": "node/2462073945",
        "name": "Mbet I",
        "place": "village",
        "source": "WRI_2005"
      },
      "geometry": {
        "type": "Point",
        "coordinates": [
          13.0225145,
          4.6095755
        ]
      },
      "id": "node/2462073945"
    },
    {
      "type": "Feature",
      "properties": {
        "@id": "node/2462073956",
        "name": "Mbinang",
        "place": "village",
        "source": "WRI_2005"
      },
      "geometry": {
        "type": "Point",
        "coordinates": [
          13.1727806,
          4.8888788
        ]
      },
      "id": "node/2462073956"
    },
    {
      "type": "Feature",
      "properties": {
        "@id": "node/2462073978",
        "name": "Mbondji",
        "place": "village",
        "source": "WRI_2005"
      },
      "geometry": {
        "type": "Point",
        "coordinates": [
          12.9320551,
          4.9313187
        ]
      },
      "id": "node/2462073978"
    },
    {
      "type": "Feature",
      "properties": {
        "@id": "node/2462073989",
        "name": "Mbong",
        "place": "village",
        "source": "WRI_2005"
      },
      "geometry": {
        "type": "Point",
        "coordinates": [
          12.907234,
          4.8500376
        ]
      },
      "id": "node/2462073989"
    },
    {
      "type": "Feature",
      "properties": {
        "@id": "node/2462074051",
        "name": "Meba",
        "place": "village",
        "source": "WRI_2005"
      },
      "geometry": {
        "type": "Point",
        "coordinates": [
          12.9743374,
          4.6195302
        ]
      },
      "id": "node/2462074051"
    },
    {
      "type": "Feature",
      "properties": {
        "@id": "node/2462074055",
        "name": "Medonlon",
        "place": "village",
        "source": "WRI_2005"
      },
      "geometry": {
        "type": "Point",
        "coordinates": [
          13.1037458,
          4.7640002
        ]
      },
      "id": "node/2462074055"
    },
    {
      "type": "Feature",
      "properties": {
        "@id": "node/2462074063",
        "name": "Mekon I",
        "place": "village",
        "source": "WRI_2005"
      },
      "geometry": {
        "type": "Point",
        "coordinates": [
          12.8888144,
          4.8749839
        ]
      },
      "id": "node/2462074063"
    },
    {
      "type": "Feature",
      "properties": {
        "@id": "node/2462074066",
        "name": "Mekon II",
        "place": "village",
        "source": "WRI_2005"
      },
      "geometry": {
        "type": "Point",
        "coordinates": [
          12.9612426,
          4.9074374
        ]
      },
      "id": "node/2462074066"
    },
    {
      "type": "Feature",
      "properties": {
        "@id": "node/2462074070",
        "name": "Mekon III",
        "place": "village",
        "source": "WRI_2005"
      },
      "geometry": {
        "type": "Point",
        "coordinates": [
          12.7284548,
          4.9683119
        ]
      },
      "id": "node/2462074070"
    },
    {
      "type": "Feature",
      "properties": {
        "@id": "node/2462074073",
        "name": "Mekondé",
        "place": "village",
        "source": "WRI_2005"
      },
      "geometry": {
        "type": "Point",
        "coordinates": [
          12.8743115,
          4.7311065
        ]
      },
      "id": "node/2462074073"
    },
    {
      "type": "Feature",
      "properties": {
        "@id": "node/2462074077",
        "name": "Mekoum",
        "place": "village",
        "source": "WRI_2005"
      },
      "geometry": {
        "type": "Point",
        "coordinates": [
          12.6917051,
          4.8656898
        ]
      },
      "id": "node/2462074077"
    },
    {
      "type": "Feature",
      "properties": {
        "@id": "node/2462074092",
        "name": "Mendep",
        "place": "village",
        "source": "WRI_2005"
      },
      "geometry": {
        "type": "Point",
        "coordinates": [
          13.0600585,
          4.8018213
        ]
      },
      "id": "node/2462074092"
    },
    {
      "type": "Feature",
      "properties": {
        "@id": "node/2462074095",
        "name": "Mendjandja",
        "place": "village",
        "source": "WRI_2005"
      },
      "geometry": {
        "type": "Point",
        "coordinates": [
          12.909522,
          4.758666
        ]
      },
      "id": "node/2462074095"
    },
    {
      "type": "Feature",
      "properties": {
        "@id": "node/2462074099",
        "name": "Mendoum",
        "place": "village",
        "source": "WRI_2005"
      },
      "geometry": {
        "type": "Point",
        "coordinates": [
          12.9076362,
          4.5787045
        ]
      },
      "id": "node/2462074099"
    },
    {
      "type": "Feature",
      "properties": {
        "@id": "node/2462074102",
        "name": "Mendoumbé",
        "place": "village",
        "source": "WRI_2005"
      },
      "geometry": {
        "type": "Point",
        "coordinates": [
          12.6920294,
          4.5591438
        ]
      },
      "id": "node/2462074102"
    },
    {
      "type": "Feature",
      "properties": {
        "@id": "node/2462074106",
        "name": "Mengue",
        "place": "village",
        "source": "WRI_2005"
      },
      "geometry": {
        "type": "Point",
        "coordinates": [
          12.7601343,
          4.9376512
        ]
      },
      "id": "node/2462074106"
    },
    {
      "type": "Feature",
      "properties": {
        "@id": "node/2462074109",
        "name": "Menguemendjok",
        "place": "village",
        "source": "WRI_2005"
      },
      "geometry": {
        "type": "Point",
        "coordinates": [
          12.7158966,
          4.6946199
        ]
      },
      "id": "node/2462074109"
    },
    {
      "type": "Feature",
      "properties": {
        "@id": "node/2462074114",
        "name": "Mengué II",
        "place": "village",
        "source": "WRI_2005"
      },
      "geometry": {
        "type": "Point",
        "coordinates": [
          13.0111534,
          4.7928124
        ]
      },
      "id": "node/2462074114"
    },
    {
      "type": "Feature",
      "properties": {
        "@id": "node/2462074126",
        "name": "Meva",
        "place": "village",
        "source": "WRI_2005"
      },
      "geometry": {
        "type": "Point",
        "coordinates": [
          12.6693518,
          4.7857774
        ]
      },
      "id": "node/2462074126"
    },
    {
      "type": "Feature",
      "properties": {
        "@id": "node/2462074132",
        "name": "Meyak",
        "place": "village",
        "source": "WRI_2005"
      },
      "geometry": {
        "type": "Point",
        "coordinates": [
          12.9447818,
          4.8108036
        ]
      },
      "id": "node/2462074132"
    },
    {
      "type": "Feature",
      "properties": {
        "@id": "node/2462074139",
        "name": "Meyan",
        "place": "village",
        "source": "WRI_2005"
      },
      "geometry": {
        "type": "Point",
        "coordinates": [
          12.9503359,
          4.8685078
        ]
      },
      "id": "node/2462074139"
    },
    {
      "type": "Feature",
      "properties": {
        "@id": "node/2462074146",
        "name": "Meyang",
        "place": "village",
        "source": "WRI_2005"
      },
      "geometry": {
        "type": "Point",
        "coordinates": [
          12.6757394,
          4.7501111
        ]
      },
      "id": "node/2462074146"
    },
    {
      "type": "Feature",
      "properties": {
        "@id": "node/2462074152",
        "name": "Mhomendjok",
        "place": "village",
        "source": "WRI_2005"
      },
      "geometry": {
        "type": "Point",
        "coordinates": [
          12.6893315,
          4.6817191
        ]
      },
      "id": "node/2462074152"
    },
    {
      "type": "Feature",
      "properties": {
        "@id": "node/2462074175",
        "name": "Mimbang",
        "place": "village",
        "source": "WRI_2005"
      },
      "geometry": {
        "type": "Point",
        "coordinates": [
          13.1202392,
          4.6105899
        ]
      },
      "id": "node/2462074175"
    },
    {
      "type": "Feature",
      "properties": {
        "@id": "node/2462074178",
        "name": "Mimbanga",
        "place": "village",
        "source": "WRI_2005"
      },
      "geometry": {
        "type": "Point",
        "coordinates": [
          12.7542259,
          4.8373643
        ]
      },
      "id": "node/2462074178"
    },
    {
      "type": "Feature",
      "properties": {
        "@id": "node/2462074188",
        "name": "Minta",
        "place": "village",
        "population": "11406",
        "source": "WRI_2005",
        "wikidata": "Q6869583"
      },
      "geometry": {
        "type": "Point",
        "coordinates": [
          12.8599445,
          4.5611702
        ]
      },
      "id": "node/2462074188"
    },
    {
      "type": "Feature",
      "properties": {
        "@id": "node/2462074205",
        "name": "Mokolo",
        "place": "village",
        "source": "WRI_2005"
      },
      "geometry": {
        "type": "Point",
        "coordinates": [
          12.786252,
          5.0090788
        ]
      },
      "id": "node/2462074205"
    },
    {
      "type": "Feature",
      "properties": {
        "@id": "node/2462074249",
        "name": "Mowom",
        "place": "village",
        "source": "WRI_2005"
      },
      "geometry": {
        "type": "Point",
        "coordinates": [
          12.8714653,
          5.017848
        ]
      },
      "id": "node/2462074249"
    },
    {
      "type": "Feature",
      "properties": {
        "@id": "node/2462074251",
        "name": "Mpandang",
        "place": "village",
        "source": "WRI_2005"
      },
      "geometry": {
        "type": "Point",
        "coordinates": [
          12.838619,
          4.8660062
        ]
      },
      "id": "node/2462074251"
    },
    {
      "type": "Feature",
      "properties": {
        "@id": "node/2462074252",
        "name": "Mpong",
        "place": "village",
        "source": "WRI_2005"
      },
      "geometry": {
        "type": "Point",
        "coordinates": [
          12.9008831,
          4.7448973
        ]
      },
      "id": "node/2462074252"
    },
    {
      "type": "Feature",
      "properties": {
        "@id": "node/2462074257",
        "name": "Mét}ni",
        "place": "village",
        "source": "WRI_2005"
      },
      "geometry": {
        "type": "Point",
        "coordinates": [
          12.8325244,
          5.0870002
        ]
      },
      "id": "node/2462074257"
    },
    {
      "type": "Feature",
      "properties": {
        "@id": "node/2462074278",
        "name": "Ndandouk",
        "place": "village",
        "source": "WRI_2005"
      },
      "geometry": {
        "type": "Point",
        "coordinates": [
          12.7153088,
          4.5892351
        ]
      },
      "id": "node/2462074278"
    },
    {
      "type": "Feature",
      "properties": {
        "@id": "node/2462074284",
        "name": "Nding",
        "place": "village",
        "source": "WRI_2005"
      },
      "geometry": {
        "type": "Point",
        "coordinates": [
          12.6659794,
          4.6147238
        ]
      },
      "id": "node/2462074284"
    },
    {
      "type": "Feature",
      "properties": {
        "@id": "node/2462074286",
        "name": "Ndjombé",
        "place": "village",
        "source": "WRI_2005"
      },
      "geometry": {
        "type": "Point",
        "coordinates": [
          12.6703556,
          4.8119072
        ]
      },
      "id": "node/2462074286"
    },
    {
      "type": "Feature",
      "properties": {
        "@id": "node/2462074287",
        "name": "Ndo",
        "place": "village",
        "source": "WRI_2005"
      },
      "geometry": {
        "type": "Point",
        "coordinates": [
          12.9420937,
          4.8420954
        ]
      },
      "id": "node/2462074287"
    },
    {
      "type": "Feature",
      "properties": {
        "@id": "node/2462074290",
        "name": "Ndong Ola",
        "place": "village",
        "source": "WRI_2005"
      },
      "geometry": {
        "type": "Point",
        "coordinates": [
          13.2181093,
          4.6723553
        ]
      },
      "id": "node/2462074290"
    },
    {
      "type": "Feature",
      "properties": {
        "@id": "node/2462074300",
        "name": "Ndéne",
        "place": "village",
        "source": "WRI_2005"
      },
      "geometry": {
        "type": "Point",
        "coordinates": [
          12.9209352,
          4.8273915
        ]
      },
      "id": "node/2462074300"
    },
    {
      "type": "Feature",
      "properties": {
        "@id": "node/2462074304",
        "name": "Ngamba II",
        "place": "village",
        "source": "WRI_2005"
      },
      "geometry": {
        "type": "Point",
        "coordinates": [
          13.0320605,
          4.9347523
        ]
      },
      "id": "node/2462074304"
    },
    {
      "type": "Feature",
      "properties": {
        "@id": "node/2462074305",
        "name": "Ngamba",
        "place": "village",
        "source": "WRI_2005"
      },
      "geometry": {
        "type": "Point",
        "coordinates": [
          12.6219511,
          4.830794
        ]
      },
      "id": "node/2462074305"
    },
    {
      "type": "Feature",
      "properties": {
        "@id": "node/2462074315",
        "name": "Ngbaga",
        "place": "village",
        "source": "WRI_2005"
      },
      "geometry": {
        "type": "Point",
        "coordinates": [
          12.9682621,
          4.6009635
        ]
      },
      "id": "node/2462074315"
    },
    {
      "type": "Feature",
      "properties": {
        "@id": "node/2462074316",
        "name": "Ngboum",
        "place": "village",
        "source": "WRI_2005"
      },
      "geometry": {
        "type": "Point",
        "coordinates": [
          12.717254,
          4.8231892
        ]
      },
      "id": "node/2462074316"
    },
    {
      "type": "Feature",
      "properties": {
        "@id": "node/2462074317",
        "name": "Ngeuen",
        "place": "village",
        "source": "WRI_2005"
      },
      "geometry": {
        "type": "Point",
        "coordinates": [
          13.1671473,
          4.5958417
        ]
      },
      "id": "node/2462074317"
    },
    {
      "type": "Feature",
      "properties": {
        "@id": "node/2462074318",
        "name": "Ngoajou I",
        "place": "village",
        "source": "WRI_2005"
      },
      "geometry": {
        "type": "Point",
        "coordinates": [
          12.8771954,
          5.1514112
        ]
      },
      "id": "node/2462074318"
    },
    {
      "type": "Feature",
      "properties": {
        "@id": "node/2462074320",
        "name": "Ngok Etélé",
        "place": "village",
        "source": "WRI_2005"
      },
      "geometry": {
        "type": "Point",
        "coordinates": [
          13.107208,
          4.9103664
        ]
      },
      "id": "node/2462074320"
    },
    {
      "type": "Feature",
      "properties": {
        "@id": "node/2462074321",
        "name": "Ngok",
        "place": "village",
        "source": "WRI_2005"
      },
      "geometry": {
        "type": "Point",
        "coordinates": [
          12.7844568,
          5.2628626
        ]
      },
      "id": "node/2462074321"
    },
    {
      "type": "Feature",
      "properties": {
        "@id": "node/2462074323",
        "name": "Ngombé I",
        "place": "village",
        "source": "WRI_2005"
      },
      "geometry": {
        "type": "Point",
        "coordinates": [
          13.1513204,
          4.7746054
        ]
      },
      "id": "node/2462074323"
    },
    {
      "type": "Feature",
      "properties": {
        "@id": "node/2462074326",
        "name": "Ngong",
        "place": "village",
        "source": "WRI_2005"
      },
      "geometry": {
        "type": "Point",
        "coordinates": [
          12.8878493,
          4.9273805
        ]
      },
      "id": "node/2462074326"
    },
    {
      "type": "Feature",
      "properties": {
        "@id": "node/2462074328",
        "name": "Ngou",
        "place": "village",
        "source": "WRI_2005"
      },
      "geometry": {
        "type": "Point",
        "coordinates": [
          12.8403624,
          5.2053639
        ]
      },
      "id": "node/2462074328"
    },
    {
      "type": "Feature",
      "properties": {
        "@id": "node/2462074332",
        "name": "Ngoulmekong",
        "place": "village",
        "source": "WRI_2005"
      },
      "geometry": {
        "type": "Point",
        "coordinates": [
          12.7484061,
          4.8980369
        ]
      },
      "id": "node/2462074332"
    },
    {
      "type": "Feature",
      "properties": {
        "@id": "node/2462074333",
        "name": "Ngoulmisson",
        "place": "village",
        "source": "WRI_2005"
      },
      "geometry": {
        "type": "Point",
        "coordinates": [
          12.7726941,
          4.8490492
        ]
      },
      "id": "node/2462074333"
    },
    {
      "type": "Feature",
      "properties": {
        "@id": "node/2462074342",
        "name": "Nio",
        "place": "village",
        "source": "WRI_2005"
      },
      "geometry": {
        "type": "Point",
        "coordinates": [
          12.8819386,
          4.5633015
        ]
      },
      "id": "node/2462074342"
    },
    {
      "type": "Feature",
      "properties": {
        "@id": "node/2462074343",
        "name": "Nkan Ayan",
        "place": "village",
        "source": "WRI_2005"
      },
      "geometry": {
        "type": "Point",
        "coordinates": [
          12.917587,
          4.7847129
        ]
      },
      "id": "node/2462074343"
    },
    {
      "type": "Feature",
      "properties": {
        "@id": "node/2462074344",
        "name": "Nkila",
        "place": "village",
        "source": "WRI_2005"
      },
      "geometry": {
        "type": "Point",
        "coordinates": [
          12.6691027,
          4.5395308
        ]
      },
      "id": "node/2462074344"
    },
    {
      "type": "Feature",
      "properties": {
        "@id": "node/2462074345",
        "name": "Nkolowondo",
        "place": "village",
        "source": "WRI_2005"
      },
      "geometry": {
        "type": "Point",
        "coordinates": [
          12.9753348,
          4.9104761
        ]
      },
      "id": "node/2462074345"
    },
    {
      "type": "Feature",
      "properties": {
        "@id": "node/2462074346",
        "name": "Nlang",
        "place": "village",
        "source": "WRI_2005"
      },
      "geometry": {
        "type": "Point",
        "coordinates": [
          13.1424301,
          4.7619576
        ]
      },
      "id": "node/2462074346"
    },
    {
      "type": "Feature",
      "properties": {
        "@id": "node/2462074353",
        "name": "Nseng Aloum",
        "place": "village",
        "source": "WRI_2005"
      },
      "geometry": {
        "type": "Point",
        "coordinates": [
          12.8707564,
          4.7649912
        ]
      },
      "id": "node/2462074353"
    },
    {
      "type": "Feature",
      "properties": {
        "@id": "node/2462074357",
        "name": "Nsimalen",
        "place": "village",
        "source": "WRI_2005"
      },
      "geometry": {
        "type": "Point",
        "coordinates": [
          13.1222133,
          4.7567578
        ]
      },
      "id": "node/2462074357"
    },
    {
      "type": "Feature",
      "properties": {
        "@id": "node/2462074366",
        "name": "Nyeng",
        "place": "village",
        "source": "WRI_2005"
      },
      "geometry": {
        "type": "Point",
        "coordinates": [
          12.8973018,
          4.8805695
        ]
      },
      "id": "node/2462074366"
    },
    {
      "type": "Feature",
      "properties": {
        "@id": "node/2462074369",
        "name": "Obambéré",
        "place": "village",
        "source": "WRI_2005"
      },
      "geometry": {
        "type": "Point",
        "coordinates": [
          12.7401667,
          4.7145535
        ]
      },
      "id": "node/2462074369"
    },
    {
      "type": "Feature",
      "properties": {
        "@id": "node/2462074438",
        "name": "Sanga",
        "place": "village",
        "source": "WRI_2005"
      },
      "geometry": {
        "type": "Point",
        "coordinates": [
          12.6296037,
          4.9354643
        ]
      },
      "id": "node/2462074438"
    },
    {
      "type": "Feature",
      "properties": {
        "@id": "node/2462074446",
        "name": "Sika",
        "place": "village",
        "source": "WRI_2005"
      },
      "geometry": {
        "type": "Point",
        "coordinates": [
          12.6194277,
          4.7460779
        ]
      },
      "id": "node/2462074446"
    },
    {
      "type": "Feature",
      "properties": {
        "@id": "node/2462074471",
        "name": "Tapare",
        "place": "village",
        "source": "WRI_2005"
      },
      "geometry": {
        "type": "Point",
        "coordinates": [
          13.0023719,
          5.6556794
        ]
      },
      "id": "node/2462074471"
    },
    {
      "type": "Feature",
      "properties": {
        "@id": "node/2462074497",
        "name": "Tikaré",
        "place": "village",
        "source": "WRI_2005"
      },
      "geometry": {
        "type": "Point",
        "coordinates": [
          13.1127729,
          4.760585
        ]
      },
      "id": "node/2462074497"
    },
    {
      "type": "Feature",
      "properties": {
        "@id": "node/2462074540",
        "name": "Wal",
        "place": "village",
        "source": "WRI_2005"
      },
      "geometry": {
        "type": "Point",
        "coordinates": [
          13.0531479,
          4.7859671
        ]
      },
      "id": "node/2462074540"
    },
    {
      "type": "Feature",
      "properties": {
        "@id": "node/2462074634",
        "name": "Zengbaga",
        "place": "village",
        "source": "WRI_2005"
      },
      "geometry": {
        "type": "Point",
        "coordinates": [
          12.6357764,
          4.6252539
        ]
      },
      "id": "node/2462074634"
    },
    {
      "type": "Feature",
      "properties": {
        "@id": "node/2467972951",
        "name": "Abangnang",
        "place": "village",
        "source": "WRI_2005"
      },
      "geometry": {
        "type": "Point",
        "coordinates": [
          11.3231884,
          4.3159344
        ]
      },
      "id": "node/2467972951"
    },
    {
      "type": "Feature",
      "properties": {
        "@id": "node/2467972952",
        "name": "Abel",
        "place": "village",
        "source": "WRI_2005"
      },
      "geometry": {
        "type": "Point",
        "coordinates": [
          11.4170179,
          4.2902867
        ]
      },
      "id": "node/2467972952"
    },
    {
      "type": "Feature",
      "properties": {
        "@id": "node/2467972954",
        "name": "Abono",
        "place": "village",
        "source": "WRI_2005"
      },
      "geometry": {
        "type": "Point",
        "coordinates": [
          11.423396,
          4.1264626
        ]
      },
      "id": "node/2467972954"
    },
    {
      "type": "Feature",
      "properties": {
        "@id": "node/2467972955",
        "name": "Akak",
        "place": "village",
        "source": "WRI_2005"
      },
      "geometry": {
        "type": "Point",
        "coordinates": [
          11.2616686,
          4.1520943
        ]
      },
      "id": "node/2467972955"
    },
    {
      "type": "Feature",
      "properties": {
        "@id": "node/2467972956",
        "name": "Akondok",
        "place": "village",
        "source": "WRI_2005"
      },
      "geometry": {
        "type": "Point",
        "coordinates": [
          11.7255737,
          4.2083762
        ]
      },
      "id": "node/2467972956"
    },
    {
      "type": "Feature",
      "properties": {
        "@id": "node/2467972957",
        "name": "Akouté",
        "place": "village",
        "source": "WRI_2005"
      },
      "geometry": {
        "type": "Point",
        "coordinates": [
          10.8223297,
          4.8608777
        ]
      },
      "id": "node/2467972957"
    },
    {
      "type": "Feature",
      "properties": {
        "@id": "node/2467972962",
        "name": "Avangan",
        "place": "village",
        "source": "WRI_2005"
      },
      "geometry": {
        "type": "Point",
        "coordinates": [
          12.2680466,
          4.6311241
        ]
      },
      "id": "node/2467972962"
    },
    {
      "type": "Feature",
      "properties": {
        "@id": "node/2467972963",
        "name": "Avoh",
        "place": "village",
        "source": "WRI_2005"
      },
      "geometry": {
        "type": "Point",
        "coordinates": [
          11.2276377,
          4.2686801
        ]
      },
      "id": "node/2467972963"
    },
    {
      "type": "Feature",
      "properties": {
        "@id": "node/2467972964",
        "name": "Ba",
        "place": "village",
        "source": "WRI_2005"
      },
      "geometry": {
        "type": "Point",
        "coordinates": [
          11.0958254,
          5.0635071
        ]
      },
      "id": "node/2467972964"
    },
    {
      "type": "Feature",
      "properties": {
        "@id": "node/2467972969",
        "name": "Balamba I",
        "place": "village",
        "source": "WRI_2005"
      },
      "geometry": {
        "type": "Point",
        "coordinates": [
          11.2375574,
          4.4262362
        ]
      },
      "id": "node/2467972969"
    },
    {
      "type": "Feature",
      "properties": {
        "@id": "node/2467972970",
        "name": "Baliama",
        "place": "village",
        "source": "WRI_2005"
      },
      "geometry": {
        "type": "Point",
        "coordinates": [
          11.3232751,
          4.594996
        ]
      },
      "id": "node/2467972970"
    },
    {
      "type": "Feature",
      "properties": {
        "@id": "node/2467972972",
        "name": "Bamoko",
        "place": "village",
        "source": "WRI_2005"
      },
      "geometry": {
        "type": "Point",
        "coordinates": [
          11.0865574,
          4.858878
        ]
      },
      "id": "node/2467972972"
    },
    {
      "type": "Feature",
      "properties": {
        "@id": "node/2467972973",
        "name": "Banda",
        "place": "village",
        "source": "WRI_2005"
      },
      "geometry": {
        "type": "Point",
        "coordinates": [
          11.3419101,
          5.0085745
        ]
      },
      "id": "node/2467972973"
    },
    {
      "type": "Feature",
      "properties": {
        "@id": "node/2467972975",
        "name": "Bantoum",
        "place": "village",
        "source": "WRI_2005"
      },
      "geometry": {
        "type": "Point",
        "coordinates": [
          10.7747414,
          4.9200349
        ]
      },
      "id": "node/2467972975"
    },
    {
      "type": "Feature",
      "properties": {
        "@id": "node/2467972976",
        "name": "Bape",
        "place": "village",
        "source": "WRI_2005"
      },
      "geometry": {
        "type": "Point",
        "coordinates": [
          11.0941994,
          5.0556726
        ]
      },
      "id": "node/2467972976"
    },
    {
      "type": "Feature",
      "properties": {
        "@id": "node/2467972982",
        "name": "Batanga",
        "place": "village",
        "source": "WRI_2005"
      },
      "geometry": {
        "type": "Point",
        "coordinates": [
          11.0235737,
          4.3976769
        ]
      },
      "id": "node/2467972982"
    },
    {
      "type": "Feature",
      "properties": {
        "@id": "node/2467972983",
        "name": "Bayomen",
        "place": "village",
        "source": "WRI_2005"
      },
      "geometry": {
        "type": "Point",
        "coordinates": [
          11.1106948,
          4.8649984
        ]
      },
      "id": "node/2467972983"
    },
    {
      "type": "Feature",
      "properties": {
        "@id": "node/2467972986",
        "name": "Benga",
        "place": "village",
        "source": "WRI_2005"
      },
      "geometry": {
        "type": "Point",
        "coordinates": [
          12.3431267,
          5.4729106
        ]
      },
      "id": "node/2467972986"
    },
    {
      "type": "Feature",
      "properties": {
        "@id": "node/2467972990",
        "name": "Biakoa",
        "place": "village",
        "source": "WRI_2005"
      },
      "geometry": {
        "type": "Point",
        "coordinates": [
          11.4780303,
          4.543374
        ]
      },
      "id": "node/2467972990"
    },
    {
      "type": "Feature",
      "properties": {
        "@id": "node/2467972991",
        "name": "Biatenguena",
        "place": "village",
        "source": "WRI_2005"
      },
      "geometry": {
        "type": "Point",
        "coordinates": [
          11.4045526,
          4.544621
        ]
      },
      "id": "node/2467972991"
    },
    {
      "type": "Feature",
      "properties": {
        "@id": "node/2467972992",
        "name": "Biatsota I",
        "place": "village",
        "source": "WRI_2005"
      },
      "geometry": {
        "type": "Point",
        "coordinates": [
          11.6327469,
          4.4353054
        ]
      },
      "id": "node/2467972992"
    },
    {
      "type": "Feature",
      "properties": {
        "@id": "node/2467972993",
        "name": "Biatsota II",
        "place": "village",
        "source": "WRI_2005"
      },
      "geometry": {
        "type": "Point",
        "coordinates": [
          11.638996,
          4.4131717
        ]
      },
      "id": "node/2467972993"
    },
    {
      "type": "Feature",
      "properties": {
        "@id": "node/2467972994",
        "name": "Bifoulé",
        "place": "village",
        "source": "WRI_2005"
      },
      "geometry": {
        "type": "Point",
        "coordinates": [
          12.0537225,
          4.7771885
        ]
      },
      "id": "node/2467972994"
    },
    {
      "type": "Feature",
      "properties": {
        "@id": "node/2467972996",
        "name": "Bikogo",
        "place": "village",
        "source": "WRI_2005"
      },
      "geometry": {
        "type": "Point",
        "coordinates": [
          11.3238167,
          4.1442736
        ]
      },
      "id": "node/2467972996"
    },
    {
      "type": "Feature",
      "properties": {
        "@id": "node/2467973002",
        "name": "Bilanga",
        "place": "village",
        "source": "WRI_2005"
      },
      "geometry": {
        "type": "Point",
        "coordinates": [
          11.6292422,
          4.499578
        ]
      },
      "id": "node/2467973002"
    },
    {
      "type": "Feature",
      "properties": {
        "@id": "node/2467973010",
        "name": "Bilanga",
        "place": "village",
        "source": "WRI_2005"
      },
      "geometry": {
        "type": "Point",
        "coordinates": [
          11.6306424,
          4.5129795
        ]
      },
      "id": "node/2467973010"
    },
    {
      "type": "Feature",
      "properties": {
        "@id": "node/2467973020",
        "name": "Bilomo",
        "place": "village",
        "source": "WRI_2005",
        "wikidata": "Q24249971"
      },
      "geometry": {
        "type": "Point",
        "coordinates": [
          11.361666,
          4.601524
        ]
      },
      "id": "node/2467973020"
    },
    {
      "type": "Feature",
      "properties": {
        "@id": "node/2467973026",
        "name": "Bindalima I",
        "place": "village",
        "source": "WRI_2005"
      },
      "geometry": {
        "type": "Point",
        "coordinates": [
          11.6248931,
          4.4572061
        ]
      },
      "id": "node/2467973026"
    },
    {
      "type": "Feature",
      "properties": {
        "@id": "node/2467973029",
        "name": "Bindamongo",
        "place": "village",
        "source": "WRI_2005"
      },
      "geometry": {
        "type": "Point",
        "coordinates": [
          11.4972558,
          4.5106599
        ]
      },
      "id": "node/2467973029"
    },
    {
      "type": "Feature",
      "properties": {
        "@id": "node/2467973038",
        "name": "Bissaga",
        "place": "village",
        "source": "WRI_2005"
      },
      "geometry": {
        "type": "Point",
        "coordinates": [
          12.1349317,
          4.6794869
        ]
      },
      "id": "node/2467973038"
    },
    {
      "type": "Feature",
      "properties": {
        "@id": "node/2467973041",
        "name": "Bissaki",
        "place": "village",
        "source": "WRI_2005"
      },
      "geometry": {
        "type": "Point",
        "coordinates": [
          12.1674384,
          4.7531738
        ]
      },
      "id": "node/2467973041"
    },
    {
      "type": "Feature",
      "properties": {
        "@id": "node/2467973044",
        "name": "Bitang",
        "place": "village",
        "source": "WRI_2005"
      },
      "geometry": {
        "type": "Point",
        "coordinates": [
          11.1974146,
          4.6457539
        ]
      },
      "id": "node/2467973044"
    },
    {
      "type": "Feature",
      "properties": {
        "@id": "node/2467973047",
        "name": "Bivouna",
        "place": "village",
        "source": "WRI_2005"
      },
      "geometry": {
        "type": "Point",
        "coordinates": [
          11.6396698,
          4.530121
        ]
      },
      "id": "node/2467973047"
    },
    {
      "type": "Feature",
      "properties": {
        "@id": "node/2467973060",
        "name": "Boalondo",
        "place": "village",
        "source": "WRI_2005"
      },
      "geometry": {
        "type": "Point",
        "coordinates": [
          11.2309884,
          4.4138458
        ]
      },
      "id": "node/2467973060"
    },
    {
      "type": "Feature",
      "properties": {
        "@id": "node/2467973078",
        "name": "Bogondo",
        "place": "village",
        "source": "WRI_2005"
      },
      "geometry": {
        "type": "Point",
        "coordinates": [
          11.2990999,
          4.5966645
        ]
      },
      "id": "node/2467973078"
    },
    {
      "type": "Feature",
      "properties": {
        "@id": "node/2467973079",
        "name": "Bokaga",
        "place": "village",
        "source": "WRI_2005"
      },
      "geometry": {
        "type": "Point",
        "coordinates": [
          11.1401289,
          4.5924761
        ]
      },
      "id": "node/2467973079"
    },
    {
      "type": "Feature",
      "properties": {
        "@id": "node/2467973081",
        "name": "Boko",
        "place": "village",
        "source": "WRI_2005"
      },
      "geometry": {
        "type": "Point",
        "coordinates": [
          11.2162374,
          4.9888531
        ]
      },
      "id": "node/2467973081"
    },
    {
      "type": "Feature",
      "properties": {
        "@id": "node/2467973092",
        "name": "Bombato",
        "place": "village",
        "source": "WRI_2005"
      },
      "geometry": {
        "type": "Point",
        "coordinates": [
          11.2457999,
          4.4600397
        ]
      },
      "id": "node/2467973092"
    },
    {
      "type": "Feature",
      "properties": {
        "@id": "node/2467973096",
        "name": "Bompteing",
        "place": "village",
        "source": "WRI_2005"
      },
      "geometry": {
        "type": "Point",
        "coordinates": [
          12.0606796,
          5.0790073
        ]
      },
      "id": "node/2467973096"
    },
    {
      "type": "Feature",
      "properties": {
        "@id": "node/2467973104",
        "name": "Bongando",
        "place": "village",
        "source": "WRI_2005"
      },
      "geometry": {
        "type": "Point",
        "coordinates": [
          11.1434993,
          4.4848546
        ]
      },
      "id": "node/2467973104"
    },
    {
      "type": "Feature",
      "properties": {
        "@id": "node/2467973107",
        "name": "Bongo",
        "place": "village",
        "source": "WRI_2005"
      },
      "geometry": {
        "type": "Point",
        "coordinates": [
          11.0582041,
          4.3425833
        ]
      },
      "id": "node/2467973107"
    },
    {
      "type": "Feature",
      "properties": {
        "@id": "node/2467973123",
        "name": "Botombo",
        "place": "village",
        "source": "WRI_2005"
      },
      "geometry": {
        "type": "Point",
        "coordinates": [
          11.1944932,
          4.4808076
        ]
      },
      "id": "node/2467973123"
    },
    {
      "type": "Feature",
      "properties": {
        "@id": "node/2467973127",
        "name": "Boufan I",
        "place": "village",
        "source": "WRI_2005"
      },
      "geometry": {
        "type": "Point",
        "coordinates": [
          11.1671424,
          4.6482603
        ]
      },
      "id": "node/2467973127"
    },
    {
      "type": "Feature",
      "properties": {
        "@id": "node/2467973137",
        "name": "Bounyoungoulouk",
        "place": "village",
        "source": "WRI_2005"
      },
      "geometry": {
        "type": "Point",
        "coordinates": [
          10.9848008,
          4.4928652
        ]
      },
      "id": "node/2467973137"
    },
    {
      "type": "Feature",
      "properties": {
        "@id": "node/2467973138",
        "name": "Boura I",
        "place": "village",
        "source": "WRI_2005",
        "wikidata": "Q24205109"
      },
      "geometry": {
        "type": "Point",
        "coordinates": [
          11.332887,
          4.675897
        ]
      },
      "id": "node/2467973138"
    },
    {
      "type": "Feature",
      "properties": {
        "@id": "node/2467973139",
        "name": "Boura II",
        "place": "village",
        "source": "WRI_2005"
      },
      "geometry": {
        "type": "Point",
        "coordinates": [
          11.3433798,
          4.6536615
        ]
      },
      "id": "node/2467973139"
    },
    {
      "type": "Feature",
      "properties": {
        "@id": "node/2467973146",
        "name": "Boutourou",
        "place": "village",
        "source": "WRI_2005"
      },
      "geometry": {
        "type": "Point",
        "coordinates": [
          10.9720419,
          4.801785
        ]
      },
      "id": "node/2467973146"
    },
    {
      "type": "Feature",
      "properties": {
        "@id": "node/2467973153",
        "name": "Bétamba",
        "place": "village",
        "source": "WRI_2005"
      },
      "geometry": {
        "type": "Point",
        "coordinates": [
          11.5646612,
          4.4463621
        ]
      },
      "id": "node/2467973153"
    },
    {
      "type": "Feature",
      "properties": {
        "@id": "node/2467973157",
        "name": "Bétékélé",
        "place": "village",
        "source": "WRI_2005"
      },
      "geometry": {
        "type": "Point",
        "coordinates": [
          12.0399971,
          4.6396716
        ]
      },
      "id": "node/2467973157"
    },
    {
      "type": "Feature",
      "properties": {
        "@id": "node/2467973160",
        "name": "Béyandon",
        "place": "village",
        "source": "WRI_2005"
      },
      "geometry": {
        "type": "Point",
        "coordinates": [
          11.1992551,
          5.0662289
        ]
      },
      "id": "node/2467973160"
    },
    {
      "type": "Feature",
      "properties": {
        "@id": "node/2467973163",
        "name": "Choumvan",
        "place": "village",
        "source": "WRI_2005"
      },
      "geometry": {
        "type": "Point",
        "coordinates": [
          12.2800338,
          5.3779074
        ]
      },
      "id": "node/2467973163"
    },
    {
      "type": "Feature",
      "properties": {
        "@id": "node/2467973168",
        "name": "Damas",
        "place": "village",
        "source": "WRI_2005"
      },
      "geometry": {
        "type": "Point",
        "coordinates": [
          12.5205199,
          5.0411603
        ]
      },
      "id": "node/2467973168"
    },
    {
      "type": "Feature",
      "properties": {
        "@id": "node/2467973171",
        "name": "Di",
        "place": "village",
        "source": "WRI_2005"
      },
      "geometry": {
        "type": "Point",
        "coordinates": [
          11.0988535,
          4.8217881
        ]
      },
      "id": "node/2467973171"
    },
    {
      "type": "Feature",
      "properties": {
        "@id": "node/2467973187",
        "name": "Diodiaré",
        "place": "village",
        "source": "WRI_2005"
      },
      "geometry": {
        "type": "Point",
        "coordinates": [
          11.1817678,
          4.8008843
        ]
      },
      "id": "node/2467973187"
    },
    {
      "type": "Feature",
      "properties": {
        "@id": "node/2467973203",
        "name": "Djaga",
        "place": "village",
        "source": "WRI_2005"
      },
      "geometry": {
        "type": "Point",
        "coordinates": [
          11.2652507,
          4.8884045
        ]
      },
      "id": "node/2467973203"
    },
    {
      "type": "Feature",
      "properties": {
        "@id": "node/2467973208",
        "name": "Djeré",
        "place": "village",
        "source": "WRI_2005"
      },
      "geometry": {
        "type": "Point",
        "coordinates": [
          12.3262812,
          5.457566
        ]
      },
      "id": "node/2467973208"
    },
    {
      "type": "Feature",
      "properties": {
        "@id": "node/2467973211",
        "name": "Djin",
        "place": "village",
        "source": "WRI_2005"
      },
      "geometry": {
        "type": "Point",
        "coordinates": [
          12.3099183,
          5.4340483
        ]
      },
      "id": "node/2467973211"
    },
    {
      "type": "Feature",
      "properties": {
        "@id": "node/2467973215",
        "name": "Djinga",
        "place": "village",
        "source": "WRI_2005"
      },
      "geometry": {
        "type": "Point",
        "coordinates": [
          11.2346015,
          5.3358115
        ]
      },
      "id": "node/2467973215"
    },
    {
      "type": "Feature",
      "properties": {
        "@id": "node/2467973219",
        "name": "Djounkiri",
        "place": "village",
        "source": "WRI_2005"
      },
      "geometry": {
        "type": "Point",
        "coordinates": [
          11.9998784,
          5.4259264
        ]
      },
      "id": "node/2467973219"
    },
    {
      "type": "Feature",
      "properties": {
        "@id": "node/2467973222",
        "name": "Djounyat",
        "place": "village",
        "source": "WRI_2005"
      },
      "geometry": {
        "type": "Point",
        "coordinates": [
          11.2990616,
          4.36053
        ]
      },
      "id": "node/2467973222"
    },
    {
      "type": "Feature",
      "properties": {
        "@id": "node/2467973233",
        "name": "Donga",
        "place": "village",
        "source": "WRI_2005"
      },
      "geometry": {
        "type": "Point",
        "coordinates": [
          11.8001436,
          4.7593899
        ]
      },
      "id": "node/2467973233"
    },
    {
      "type": "Feature",
      "properties": {
        "@id": "node/2467973239",
        "name": "Doua",
        "place": "village",
        "source": "WRI_2005"
      },
      "geometry": {
        "type": "Point",
        "coordinates": [
          11.4612563,
          4.2232851
        ]
      },
      "id": "node/2467973239"
    },
    {
      "type": "Feature",
      "properties": {
        "@id": "node/2467973243",
        "name": "Ebanga",
        "place": "village",
        "source": "WRI_2005"
      },
      "geometry": {
        "type": "Point",
        "coordinates": [
          11.3577516,
          4.2482147
        ]
      },
      "id": "node/2467973243"
    },
    {
      "type": "Feature",
      "properties": {
        "@id": "node/2467973247",
        "alt_name": "Ebebda 1;Ebebda I",
        "name": "Ebebda",
        "note": "rank=0 car commune",
        "place": "town",
        "rank": "0",
        "source": "WRI_2005"
      },
      "geometry": {
        "type": "Point",
        "coordinates": [
          11.2834779,
          4.3399576
        ]
      },
      "id": "node/2467973247"
    },
    {
      "type": "Feature",
      "properties": {
        "@id": "node/2467973253",
        "name": "Ebogo II",
        "place": "village",
        "source": "WRI_2005"
      },
      "geometry": {
        "type": "Point",
        "coordinates": [
          11.5968465,
          4.0401013
        ]
      },
      "id": "node/2467973253"
    },
    {
      "type": "Feature",
      "properties": {
        "@id": "node/2467973256",
        "name": "Ebogo",
        "place": "village",
        "source": "WRI_2005"
      },
      "geometry": {
        "type": "Point",
        "coordinates": [
          11.4073639,
          4.3444381
        ]
      },
      "id": "node/2467973256"
    },
    {
      "type": "Feature",
      "properties": {
        "@id": "node/2467973259",
        "name": "Ebonikak",
        "place": "village",
        "source": "WRI_2005"
      },
      "geometry": {
        "type": "Point",
        "coordinates": [
          12.1104004,
          4.728989
        ]
      },
      "id": "node/2467973259"
    },
    {
      "type": "Feature",
      "properties": {
        "@id": "node/2467973266",
        "name": "Ebomzout",
        "place": "village",
        "source": "WRI_2005"
      },
      "geometry": {
        "type": "Point",
        "coordinates": [
          11.2916106,
          4.3880219
        ]
      },
      "id": "node/2467973266"
    },
    {
      "type": "Feature",
      "properties": {
        "@id": "node/2467973272",
        "name": "Edzen",
        "place": "village",
        "source": "WRI_2005"
      },
      "geometry": {
        "type": "Point",
        "coordinates": [
          11.4653461,
          4.2864466
        ]
      },
      "id": "node/2467973272"
    },
    {
      "type": "Feature",
      "properties": {
        "@id": "node/2467973276",
        "name": "Egoma I",
        "place": "village",
        "source": "WRI_2005"
      },
      "geometry": {
        "type": "Point",
        "coordinates": [
          11.2945691,
          4.7155283
        ]
      },
      "id": "node/2467973276"
    },
    {
      "type": "Feature",
      "properties": {
        "@id": "node/2467973278",
        "name": "Egona",
        "place": "village",
        "source": "WRI_2005"
      },
      "geometry": {
        "type": "Point",
        "coordinates": [
          11.3314269,
          4.8400432
        ]
      },
      "id": "node/2467973278"
    },
    {
      "type": "Feature",
      "properties": {
        "@id": "node/2467973281",
        "name": "Ekok",
        "place": "village",
        "source": "WRI_2005"
      },
      "geometry": {
        "type": "Point",
        "coordinates": [
          12.0225493,
          4.6484685
        ]
      },
      "id": "node/2467973281"
    },
    {
      "type": "Feature",
      "properties": {
        "@id": "node/2467973292",
        "name": "Ekombitié",
        "place": "village",
        "source": "WRI_2005"
      },
      "geometry": {
        "type": "Point",
        "coordinates": [
          11.5242229,
          3.9374
        ]
      },
      "id": "node/2467973292"
    },
    {
      "type": "Feature",
      "properties": {
        "@id": "node/2467973297",
        "name": "Ekondjé",
        "place": "village",
        "source": "WRI_2005"
      },
      "geometry": {
        "type": "Point",
        "coordinates": [
          10.9158487,
          4.6353445
        ]
      },
      "id": "node/2467973297"
    },
    {
      "type": "Feature",
      "properties": {
        "@id": "node/2467973300",
        "name": "Ekono",
        "place": "village",
        "source": "WRI_2005"
      },
      "geometry": {
        "type": "Point",
        "coordinates": [
          12.1982088,
          4.8131623
        ]
      },
      "id": "node/2467973300"
    },
    {
      "type": "Feature",
      "properties": {
        "@id": "node/2467973315",
        "name": "Ekoumdouma",
        "place": "village",
        "source": "WRI_2005"
      },
      "geometry": {
        "type": "Point",
        "coordinates": [
          11.5262693,
          4.1190031
        ]
      },
      "id": "node/2467973315"
    },
    {
      "type": "Feature",
      "properties": {
        "@id": "node/2467973323",
        "name": "Elang",
        "place": "village",
        "source": "WRI_2005"
      },
      "geometry": {
        "type": "Point",
        "coordinates": [
          11.4733271,
          4.4702402
        ]
      },
      "id": "node/2467973323"
    },
    {
      "type": "Feature",
      "properties": {
        "@id": "node/2467973330",
        "name": "Elig Ngomo",
        "place": "village",
        "source": "WRI_2005"
      },
      "geometry": {
        "type": "Point",
        "coordinates": [
          11.4427841,
          4.1540004
        ]
      },
      "id": "node/2467973330"
    },
    {
      "type": "Feature",
      "properties": {
        "@id": "node/2467973333",
        "name": "Elon",
        "place": "village",
        "source": "WRI_2005"
      },
      "geometry": {
        "type": "Point",
        "coordinates": [
          11.388739,
          4.2136814
        ]
      },
      "id": "node/2467973333"
    },
    {
      "type": "Feature",
      "properties": {
        "@id": "node/2467973337",
        "name": "Elon",
        "office": "government",
        "place": "village",
        "source": "WRI_2005"
      },
      "geometry": {
        "type": "Point",
        "coordinates": [
          11.61539,
          4.2477926
        ]
      },
      "id": "node/2467973337"
    },
    {
      "type": "Feature",
      "properties": {
        "@id": "node/2467973340",
        "name": "Elot kos",
        "place": "village",
        "source": "WRI_2005"
      },
      "geometry": {
        "type": "Point",
        "coordinates": [
          11.3661226,
          4.1452975
        ]
      },
      "id": "node/2467973340"
    },
    {
      "type": "Feature",
      "properties": {
        "@id": "node/2467973346",
        "name": "Emana",
        "place": "village",
        "source": "WRI_2005"
      },
      "geometry": {
        "type": "Point",
        "coordinates": [
          11.3345541,
          4.2717683
        ]
      },
      "id": "node/2467973346"
    },
    {
      "type": "Feature",
      "properties": {
        "@id": "node/2467973353",
        "name": "Emtsé",
        "place": "village",
        "source": "WRI_2005"
      },
      "geometry": {
        "type": "Point",
        "coordinates": [
          12.279699,
          4.8281739
        ]
      },
      "id": "node/2467973353"
    },
    {
      "type": "Feature",
      "properties": {
        "@id": "node/2467973355",
        "name": "Enangana",
        "place": "village",
        "source": "WRI_2005"
      },
      "geometry": {
        "type": "Point",
        "coordinates": [
          11.36656,
          4.5806693
        ]
      },
      "id": "node/2467973355"
    },
    {
      "type": "Feature",
      "properties": {
        "@id": "node/2467973362",
        "name": "Essendé",
        "place": "village"
      },
      "geometry": {
        "type": "Point",
        "coordinates": [
          11.2559357,
          4.6358599
        ]
      },
      "id": "node/2467973362"
    },
    {
      "type": "Feature",
      "properties": {
        "@id": "node/2467973371",
        "name": "Ediolomo",
        "place": "village",
        "source": "osm notes;https://www.pndp.org/documents/PCD_BOKITO_2019_CFD.pdf",
        "source:population": "https://www.pndp.org/documents/PCD_BOKITO_2019_CFD.pdf"
      },
      "geometry": {
        "type": "Point",
        "coordinates": [
          11.0675366,
          4.4962922
        ]
      },
      "id": "node/2467973371"
    },
    {
      "type": "Feature",
      "properties": {
        "@id": "node/2467973374",
        "name": "Etoundou I",
        "place": "village",
        "source": "WRI_2005"
      },
      "geometry": {
        "type": "Point",
        "coordinates": [
          10.9596657,
          4.7787856
        ]
      },
      "id": "node/2467973374"
    },
    {
      "type": "Feature",
      "properties": {
        "@id": "node/2467973377",
        "name": "Etoundou II",
        "place": "village",
        "source": "WRI_2005"
      },
      "geometry": {
        "type": "Point",
        "coordinates": [
          10.8509609,
          4.775011
        ]
      },
      "id": "node/2467973377"
    },
    {
      "type": "Feature",
      "properties": {
        "@id": "node/2467973382",
        "name": "Etoundou III",
        "place": "village",
        "source": "WRI_2005"
      },
      "geometry": {
        "type": "Point",
        "coordinates": [
          10.9373828,
          4.7870439
        ]
      },
      "id": "node/2467973382"
    },
    {
      "type": "Feature",
      "properties": {
        "@id": "node/2467973385",
        "name": "Eyéné",
        "place": "village",
        "source": "WRI_2005"
      },
      "geometry": {
        "type": "Point",
        "coordinates": [
          11.3894922,
          4.436102
        ]
      },
      "id": "node/2467973385"
    },
    {
      "type": "Feature",
      "properties": {
        "@id": "node/2467973386",
        "name": "Fian",
        "place": "village",
        "source": "WRI_2005"
      },
      "geometry": {
        "type": "Point",
        "coordinates": [
          11.2203256,
          5.0343687
        ]
      },
      "id": "node/2467973386"
    },
    {
      "type": "Feature",
      "properties": {
        "@id": "node/2467973388",
        "name": "Foufouing",
        "place": "village",
        "source": "WRI_2005"
      },
      "geometry": {
        "type": "Point",
        "coordinates": [
          12.2066249,
          5.2620857
        ]
      },
      "id": "node/2467973388"
    },
    {
      "type": "Feature",
      "properties": {
        "@id": "node/2467973389",
        "name": "Foui",
        "place": "village",
        "source": "WRI_2005"
      },
      "geometry": {
        "type": "Point",
        "coordinates": [
          12.2232542,
          5.3264352
        ]
      },
      "id": "node/2467973389"
    },
    {
      "type": "Feature",
      "properties": {
        "@id": "node/2467973391",
        "name": "Ga",
        "place": "village",
        "source": "WRI_2005"
      },
      "geometry": {
        "type": "Point",
        "coordinates": [
          11.1040894,
          5.0876813
        ]
      },
      "id": "node/2467973391"
    },
    {
      "type": "Feature",
      "properties": {
        "@id": "node/2467973392",
        "name": "Gah",
        "place": "village",
        "source": "WRI_2005"
      },
      "geometry": {
        "type": "Point",
        "coordinates": [
          11.1500702,
          4.8040073
        ]
      },
      "id": "node/2467973392"
    },
    {
      "type": "Feature",
      "properties": {
        "@id": "node/2467973393",
        "name": "Gandou",
        "place": "village",
        "source": "WRI_2005"
      },
      "geometry": {
        "type": "Point",
        "coordinates": [
          12.1024996,
          5.1075209
        ]
      },
      "id": "node/2467973393"
    },
    {
      "type": "Feature",
      "properties": {
        "@id": "node/2467973394",
        "name": "Ganmdon",
        "place": "village",
        "source": "WRI_2005"
      },
      "geometry": {
        "type": "Point",
        "coordinates": [
          11.8937856,
          5.419296
        ]
      },
      "id": "node/2467973394"
    },
    {
      "type": "Feature",
      "properties": {
        "@id": "node/2467973395",
        "name": "Gaédjim",
        "place": "village",
        "source": "WRI_2005"
      },
      "geometry": {
        "type": "Point",
        "coordinates": [
          11.9261006,
          5.4208583
        ]
      },
      "id": "node/2467973395"
    },
    {
      "type": "Feature",
      "properties": {
        "@id": "node/2467973396",
        "name": "Gbaram",
        "place": "village",
        "source": "WRI_2005"
      },
      "geometry": {
        "type": "Point",
        "coordinates": [
          11.1634171,
          4.7224809
        ]
      },
      "id": "node/2467973396"
    },
    {
      "type": "Feature",
      "properties": {
        "@id": "node/2467973397",
        "name": "Goa",
        "place": "village",
        "source": "WRI_2005"
      },
      "geometry": {
        "type": "Point",
        "coordinates": [
          11.9485617,
          5.4123295
        ]
      },
      "id": "node/2467973397"
    },
    {
      "type": "Feature",
      "properties": {
        "@id": "node/2467973398",
        "name": "Goa",
        "place": "village",
        "source": "WRI_2005"
      },
      "geometry": {
        "type": "Point",
        "coordinates": [
          11.9633468,
          5.4164662
        ]
      },
      "id": "node/2467973398"
    },
    {
      "type": "Feature",
      "properties": {
        "@id": "node/2467973400",
        "name": "Gouan",
        "place": "village",
        "source": "WRI_2005"
      },
      "geometry": {
        "type": "Point",
        "coordinates": [
          12.1023612,
          5.1213662
        ]
      },
      "id": "node/2467973400"
    },
    {
      "type": "Feature",
      "properties": {
        "@id": "node/2467973402",
        "name": "Goufan",
        "place": "village",
        "source": "WRI_2005"
      },
      "geometry": {
        "type": "Point",
        "coordinates": [
          11.2508199,
          4.6535606
        ]
      },
      "id": "node/2467973402"
    },
    {
      "type": "Feature",
      "properties": {
        "@id": "node/2467973403",
        "name": "Goufé",
        "place": "village",
        "source": "WRI_2005"
      },
      "geometry": {
        "type": "Point",
        "coordinates": [
          11.2186277,
          4.8366383
        ]
      },
      "id": "node/2467973403"
    },
    {
      "type": "Feature",
      "properties": {
        "@id": "node/2467973404",
        "name": "Gouifé",
        "place": "village",
        "source": "WRI_2005"
      },
      "geometry": {
        "type": "Point",
        "coordinates": [
          11.146785,
          4.6333622
        ]
      },
      "id": "node/2467973404"
    },
    {
      "type": "Feature",
      "properties": {
        "@id": "node/2467973405",
        "name": "Goura",
        "place": "village",
        "source": "WRI_2005"
      },
      "geometry": {
        "type": "Point",
        "coordinates": [
          11.4428461,
          4.553123
        ]
      },
      "id": "node/2467973405"
    },
    {
      "type": "Feature",
      "properties": {
        "@id": "node/2467973406",
        "name": "Goutan II",
        "place": "village",
        "source": "WRI_2005"
      },
      "geometry": {
        "type": "Point",
        "coordinates": [
          11.1178629,
          4.6457981
        ]
      },
      "id": "node/2467973406"
    },
    {
      "type": "Feature",
      "properties": {
        "@id": "node/2467973407",
        "name": "Guervoum",
        "place": "village",
        "source": "WRI_2005"
      },
      "geometry": {
        "type": "Point",
        "coordinates": [
          12.0010013,
          4.879651
        ]
      },
      "id": "node/2467973407"
    },
    {
      "type": "Feature",
      "properties": {
        "@id": "node/2467973408",
        "name": "Guinda",
        "place": "village",
        "source": "WRI_2005"
      },
      "geometry": {
        "type": "Point",
        "coordinates": [
          12.5046147,
          5.0531097
        ]
      },
      "id": "node/2467973408"
    },
    {
      "type": "Feature",
      "properties": {
        "@id": "node/2467973429",
        "name": "Kalong",
        "place": "village",
        "source": "WRI_2005"
      },
      "geometry": {
        "type": "Point",
        "coordinates": [
          11.1237766,
          4.848635
        ]
      },
      "id": "node/2467973429"
    },
    {
      "type": "Feature",
      "properties": {
        "@id": "node/2467973430",
        "name": "Kananga",
        "place": "village",
        "source": "WRI_2005"
      },
      "geometry": {
        "type": "Point",
        "coordinates": [
          11.1812365,
          4.3659937
        ]
      },
      "id": "node/2467973430"
    },
    {
      "type": "Feature",
      "properties": {
        "@id": "node/2467973431",
        "name": "Keota",
        "place": "village",
        "source": "WRI_2005"
      },
      "geometry": {
        "type": "Point",
        "coordinates": [
          11.1823293,
          4.4360035
        ]
      },
      "id": "node/2467973431"
    },
    {
      "type": "Feature",
      "properties": {
        "@id": "node/2467973432",
        "name": "Kiboum II",
        "place": "village",
        "source": "WRI_2005"
      },
      "geometry": {
        "type": "Point",
        "coordinates": [
          10.9890407,
          4.8421386
        ]
      },
      "id": "node/2467973432"
    },
    {
      "type": "Feature",
      "properties": {
        "@id": "node/2467973435",
        "name": "Kinding Djabi",
        "place": "village",
        "source": "WRI_2005"
      },
      "geometry": {
        "type": "Point",
        "coordinates": [
          10.7334271,
          4.910887
        ]
      },
      "id": "node/2467973435"
    },
    {
      "type": "Feature",
      "properties": {
        "@id": "node/2467973440",
        "name": "Kokoé",
        "place": "village",
        "source": "WRI_2005"
      },
      "geometry": {
        "type": "Point",
        "coordinates": [
          11.4440199,
          4.4531945
        ]
      },
      "id": "node/2467973440"
    },
    {
      "type": "Feature",
      "properties": {
        "@id": "node/2467973449",
        "name": "Kombé",
        "place": "village",
        "source": "WRI_2005"
      },
      "geometry": {
        "type": "Point",
        "coordinates": [
          11.6356646,
          4.5057621
        ]
      },
      "id": "node/2467973449"
    },
    {
      "type": "Feature",
      "properties": {
        "@id": "node/2467973450",
        "name": "Komo",
        "place": "village",
        "source": "WRI_2005"
      },
      "geometry": {
        "type": "Point",
        "coordinates": [
          11.4335104,
          4.2050749
        ]
      },
      "id": "node/2467973450"
    },
    {
      "type": "Feature",
      "properties": {
        "@id": "node/2467973451",
        "name": "Kon Kidoum",
        "place": "village",
        "source": "WRI_2005"
      },
      "geometry": {
        "type": "Point",
        "coordinates": [
          11.0505702,
          4.7191196
        ]
      },
      "id": "node/2467973451"
    },
    {
      "type": "Feature",
      "properties": {
        "@id": "node/2467973453",
        "name": "Kop",
        "place": "village",
        "source": "WRI_2005"
      },
      "geometry": {
        "type": "Point",
        "coordinates": [
          11.0989631,
          5.0369001
        ]
      },
      "id": "node/2467973453"
    },
    {
      "type": "Feature",
      "properties": {
        "@id": "node/2467973454",
        "name": "Koro",
        "place": "village",
        "source": "WRI_2005"
      },
      "geometry": {
        "type": "Point",
        "coordinates": [
          11.4840351,
          4.4837131
        ]
      },
      "id": "node/2467973454"
    },
    {
      "type": "Feature",
      "properties": {
        "@id": "node/2467973455",
        "name": "Kougouda I",
        "office": "government",
        "place": "village",
        "source": "WRI_2005"
      },
      "geometry": {
        "type": "Point",
        "coordinates": [
          11.3285116,
          4.2425789
        ]
      },
      "id": "node/2467973455"
    },
    {
      "type": "Feature",
      "properties": {
        "@id": "node/2467973459",
        "name": "Koundoung",
        "place": "village",
        "source": "WRI_2005"
      },
      "geometry": {
        "type": "Point",
        "coordinates": [
          11.6353468,
          4.4757257
        ]
      },
      "id": "node/2467973459"
    },
    {
      "type": "Feature",
      "properties": {
        "@id": "node/2467973460",
        "name": "Kpa",
        "place": "village",
        "source": "WRI_2005"
      },
      "geometry": {
        "type": "Point",
        "coordinates": [
          11.5351974,
          5.2523079
        ]
      },
      "id": "node/2467973460"
    },
    {
      "type": "Feature",
      "properties": {
        "@id": "node/2467973466",
        "name": "Kédia",
        "place": "village",
        "source": "WRI_2005"
      },
      "geometry": {
        "type": "Point",
        "coordinates": [
          11.0956644,
          4.5056965
        ]
      },
      "id": "node/2467973466"
    },
    {
      "type": "Feature",
      "properties": {
        "@id": "node/2467973467",
        "name": "Kéla",
        "place": "village",
        "source": "WRI_2005"
      },
      "geometry": {
        "type": "Point",
        "coordinates": [
          11.5298842,
          4.4568023
        ]
      },
      "id": "node/2467973467"
    },
    {
      "type": "Feature",
      "properties": {
        "@id": "node/2467973468",
        "name": "Labo",
        "place": "village",
        "source": "WRI_2005"
      },
      "geometry": {
        "type": "Point",
        "coordinates": [
          11.4107978,
          5.0176204
        ]
      },
      "id": "node/2467973468"
    },
    {
      "type": "Feature",
      "properties": {
        "@id": "node/2467973469",
        "name": "Lapouang",
        "place": "village",
        "source": "WRI_2005"
      },
      "geometry": {
        "type": "Point",
        "coordinates": [
          11.1813503,
          4.7849127
        ]
      },
      "id": "node/2467973469"
    },
    {
      "type": "Feature",
      "properties": {
        "@id": "node/2467973470",
        "name": "Layem",
        "place": "village",
        "source": "WRI_2005"
      },
      "geometry": {
        "type": "Point",
        "coordinates": [
          12.546031,
          5.4032634
        ]
      },
      "id": "node/2467973470"
    },
    {
      "type": "Feature",
      "properties": {
        "@id": "node/2467973473",
        "name": "Levem",
        "place": "village",
        "source": "WRI_2005"
      },
      "geometry": {
        "type": "Point",
        "coordinates": [
          11.1850212,
          4.2404299
        ]
      },
      "id": "node/2467973473"
    },
    {
      "type": "Feature",
      "properties": {
        "@id": "node/2467973480",
        "name": "Loua I",
        "office": "government",
        "place": "village",
        "source": "WRI_2005"
      },
      "geometry": {
        "type": "Point",
        "coordinates": [
          11.4773916,
          4.1947163
        ]
      },
      "id": "node/2467973480"
    },
    {
      "type": "Feature",
      "properties": {
        "@id": "node/2467973481",
        "name": "Loua II",
        "place": "village",
        "source": "WRI_2005"
      },
      "geometry": {
        "type": "Point",
        "coordinates": [
          11.4890271,
          4.2067762
        ]
      },
      "id": "node/2467973481"
    },
    {
      "type": "Feature",
      "properties": {
        "@id": "node/2467973482",
        "name": "Lébamzip II",
        "office": "government",
        "place": "village",
        "source": "WRI_2005"
      },
      "geometry": {
        "type": "Point",
        "coordinates": [
          11.4960743,
          4.2585037
        ]
      },
      "id": "node/2467973482"
    },
    {
      "type": "Feature",
      "properties": {
        "@id": "node/2467973483",
        "name": "Lébamzip I",
        "place": "village",
        "source": "WRI_2005"
      },
      "geometry": {
        "type": "Point",
        "coordinates": [
          11.4767882,
          4.2651112
        ]
      },
      "id": "node/2467973483"
    },
    {
      "type": "Feature",
      "properties": {
        "@id": "node/2467973484",
        "name": "Léka",
        "place": "village",
        "source": "WRI_2005"
      },
      "geometry": {
        "type": "Point",
        "coordinates": [
          11.3378701,
          4.3081105
        ]
      },
      "id": "node/2467973484"
    },
    {
      "type": "Feature",
      "properties": {
        "@id": "node/2467973485",
        "name": "Lékoun",
        "place": "village",
        "source": "WRI_2005"
      },
      "geometry": {
        "type": "Point",
        "coordinates": [
          11.2284924,
          4.2114981
        ]
      },
      "id": "node/2467973485"
    },
    {
      "type": "Feature",
      "properties": {
        "@id": "node/2467973486",
        "name": "Lénouk",
        "place": "village",
        "source": "WRI_2005"
      },
      "geometry": {
        "type": "Point",
        "coordinates": [
          11.1521303,
          4.2156742
        ]
      },
      "id": "node/2467973486"
    },
    {
      "type": "Feature",
      "properties": {
        "@id": "node/2467973487",
        "name": "Lépopomo",
        "place": "village",
        "source": "WRI_2005"
      },
      "geometry": {
        "type": "Point",
        "coordinates": [
          11.5278411,
          4.2618777
        ]
      },
      "id": "node/2467973487"
    },
    {
      "type": "Feature",
      "properties": {
        "@id": "node/2467973491",
        "name": "Makagne",
        "place": "village",
        "source": "WRI_2005"
      },
      "geometry": {
        "type": "Point",
        "coordinates": [
          12.4174019,
          5.4357616
        ]
      },
      "id": "node/2467973491"
    },
    {
      "type": "Feature",
      "properties": {
        "@id": "node/2467973496",
        "name": "Malarba",
        "place": "village",
        "source": "WRI_2005"
      },
      "geometry": {
        "type": "Point",
        "coordinates": [
          12.4306867,
          5.0780636
        ]
      },
      "id": "node/2467973496"
    },
    {
      "type": "Feature",
      "properties": {
        "@id": "node/2467973499",
        "name": "Man Elon",
        "place": "village",
        "source": "WRI_2005"
      },
      "geometry": {
        "type": "Point",
        "coordinates": [
          11.3978356,
          4.3108577
        ]
      },
      "id": "node/2467973499"
    },
    {
      "type": "Feature",
      "properties": {
        "@id": "node/2467973500",
        "name": "Mandja",
        "place": "village",
        "source": "WRI_2005"
      },
      "geometry": {
        "type": "Point",
        "coordinates": [
          12.4332473,
          5.0940082
        ]
      },
      "id": "node/2467973500"
    },
    {
      "type": "Feature",
      "properties": {
        "@id": "node/2467973502",
        "name": "Mangay",
        "place": "village",
        "source": "WRI_2005"
      },
      "geometry": {
        "type": "Point",
        "coordinates": [
          12.1568059,
          5.2020363
        ]
      },
      "id": "node/2467973502"
    },
    {
      "type": "Feature",
      "properties": {
        "@id": "node/2467973506",
        "name": "Mankim",
        "place": "village",
        "source": "WRI_2005"
      },
      "geometry": {
        "type": "Point",
        "coordinates": [
          12.0067227,
          5.0206405
        ]
      },
      "id": "node/2467973506"
    },
    {
      "type": "Feature",
      "properties": {
        "@id": "node/2467973510",
        "name": "Maon",
        "place": "village",
        "source": "WRI_2005"
      },
      "geometry": {
        "type": "Point",
        "coordinates": [
          11.6151295,
          5.322188
        ]
      },
      "id": "node/2467973510"
    },
    {
      "type": "Feature",
      "properties": {
        "@id": "node/2467973516",
        "name": "Matshari",
        "place": "village",
        "source": "WRI_2005"
      },
      "geometry": {
        "type": "Point",
        "coordinates": [
          12.2323478,
          5.3586744
        ]
      },
      "id": "node/2467973516"
    },
    {
      "type": "Feature",
      "properties": {
        "@id": "node/2467973519",
        "name": "Mban",
        "place": "village",
        "source": "WRI_2005"
      },
      "geometry": {
        "type": "Point",
        "coordinates": [
          11.5334627,
          4.2718251
        ]
      },
      "id": "node/2467973519"
    },
    {
      "type": "Feature",
      "properties": {
        "@id": "node/2467973523",
        "name": "Mbatoua",
        "place": "village",
        "source": "WRI_2005"
      },
      "geometry": {
        "type": "Point",
        "coordinates": [
          12.4294276,
          5.1378418
        ]
      },
      "id": "node/2467973523"
    },
    {
      "type": "Feature",
      "properties": {
        "@id": "node/2467973525",
        "name": "Mbazoa",
        "place": "village",
        "source": "WRI_2005"
      },
      "geometry": {
        "type": "Point",
        "coordinates": [
          11.455334,
          4.3397683
        ]
      },
      "id": "node/2467973525"
    },
    {
      "type": "Feature",
      "properties": {
        "@id": "node/2467973526",
        "name": "Mbe",
        "place": "village",
        "source": "WRI_2005"
      },
      "geometry": {
        "type": "Point",
        "coordinates": [
          11.156444,
          4.8673555
        ]
      },
      "id": "node/2467973526"
    },
    {
      "type": "Feature",
      "properties": {
        "@id": "node/2467973527",
        "name": "Mbengueni",
        "place": "village",
        "source": "WRI_2005"
      },
      "geometry": {
        "type": "Point",
        "coordinates": [
          12.0417859,
          4.7825513
        ]
      },
      "id": "node/2467973527"
    },
    {
      "type": "Feature",
      "properties": {
        "@id": "node/2467973530",
        "name": "Mbimbim",
        "place": "village",
        "source": "WRI_2005"
      },
      "geometry": {
        "type": "Point",
        "coordinates": [
          12.1894946,
          5.222815
        ]
      },
      "id": "node/2467973530"
    },
    {
      "type": "Feature",
      "properties": {
        "@id": "node/2467973533",
        "name": "Mbola",
        "place": "village",
        "source": "WRI_2005"
      },
      "geometry": {
        "type": "Point",
        "coordinates": [
          10.9785096,
          4.3513705
        ]
      },
      "id": "node/2467973533"
    },
    {
      "type": "Feature",
      "properties": {
        "@id": "node/2467973534",
        "name": "Mbola",
        "place": "village",
        "source": "WRI_2005",
        "wikidata": "Q6799722"
      },
      "geometry": {
        "type": "Point",
        "coordinates": [
          11.084803,
          4.499698
        ]
      },
      "id": "node/2467973534"
    },
    {
      "type": "Feature",
      "properties": {
        "@id": "node/2467973539",
        "name": "Mbébé",
        "place": "village",
        "source": "WRI_2005"
      },
      "geometry": {
        "type": "Point",
        "coordinates": [
          11.0147889,
          4.1621239
        ]
      },
      "id": "node/2467973539"
    },
    {
      "type": "Feature",
      "properties": {
        "@id": "node/2467973542",
        "name": "Mebolé",
        "place": "village",
        "source": "WRI_2005"
      },
      "geometry": {
        "type": "Point",
        "coordinates": [
          12.1803274,
          4.7646328
        ]
      },
      "id": "node/2467973542"
    },
    {
      "type": "Feature",
      "properties": {
        "@id": "node/2467973543",
        "name": "Meboné",
        "place": "village",
        "source": "WRI_2005"
      },
      "geometry": {
        "type": "Point",
        "coordinates": [
          12.0923063,
          4.7554136
        ]
      },
      "id": "node/2467973543"
    },
    {
      "type": "Feature",
      "properties": {
        "@id": "node/2467973546",
        "name": "Mele",
        "place": "village",
        "source": "WRI_2005"
      },
      "geometry": {
        "type": "Point",
        "coordinates": [
          11.7555973,
          5.4023487
        ]
      },
      "id": "node/2467973546"
    },
    {
      "type": "Feature",
      "properties": {
        "@id": "node/2467973548",
        "name": "Mendjan Mvouni",
        "place": "village",
        "source": "WRI_2005"
      },
      "geometry": {
        "type": "Point",
        "coordinates": [
          12.4299003,
          5.3668323
        ]
      },
      "id": "node/2467973548"
    },
    {
      "type": "Feature",
      "properties": {
        "@id": "node/2467973550",
        "name": "Mengoëng",
        "place": "village",
        "source": "WRI_2005"
      },
      "geometry": {
        "type": "Point",
        "coordinates": [
          12.0212649,
          5.0483904
        ]
      },
      "id": "node/2467973550"
    },
    {
      "type": "Feature",
      "properties": {
        "@id": "node/2467973552",
        "name": "Metemené",
        "place": "village",
        "source": "WRI_2005"
      },
      "geometry": {
        "type": "Point",
        "coordinates": [
          12.1451125,
          4.6255471
        ]
      },
      "id": "node/2467973552"
    },
    {
      "type": "Feature",
      "properties": {
        "@id": "node/2467973553",
        "name": "Metemené",
        "place": "village",
        "source": "WRI_2005"
      },
      "geometry": {
        "type": "Point",
        "coordinates": [
          12.1352613,
          4.6384817
        ]
      },
      "id": "node/2467973553"
    },
    {
      "type": "Feature",
      "properties": {
        "@id": "node/2467973554",
        "name": "Meyos",
        "place": "village",
        "source": "WRI_2005"
      },
      "geometry": {
        "type": "Point",
        "coordinates": [
          11.5535762,
          4.0175622
        ]
      },
      "id": "node/2467973554"
    },
    {
      "type": "Feature",
      "properties": {
        "@id": "node/2467973555",
        "name": "Mfomakak",
        "place": "village",
        "source": "WRI_2005"
      },
      "geometry": {
        "type": "Point",
        "coordinates": [
          11.5597143,
          4.0241605
        ]
      },
      "id": "node/2467973555"
    },
    {
      "type": "Feature",
      "properties": {
        "@id": "node/2467973557",
        "name": "Milimikong",
        "place": "village",
        "source": "WRI_2005"
      },
      "geometry": {
        "type": "Point",
        "coordinates": [
          10.7346191,
          4.6113534
        ]
      },
      "id": "node/2467973557"
    },
    {
      "type": "Feature",
      "properties": {
        "@id": "node/2467973558",
        "name": "Mindja",
        "place": "village",
        "source": "WRI_2005"
      },
      "geometry": {
        "type": "Point",
        "coordinates": [
          11.5168941,
          5.2179317
        ]
      },
      "id": "node/2467973558"
    },
    {
      "type": "Feature",
      "properties": {
        "@id": "node/2467973559",
        "name": "Mindjomo",
        "place": "village",
        "source": "WRI_2005"
      },
      "geometry": {
        "type": "Point",
        "coordinates": [
          11.5175366,
          4.0078716
        ]
      },
      "id": "node/2467973559"
    },
    {
      "type": "Feature",
      "properties": {
        "@id": "node/2467973560",
        "name": "Minkama II",
        "place": "village",
        "source": "WRI_2005"
      },
      "geometry": {
        "type": "Point",
        "coordinates": [
          11.5770846,
          4.1889853
        ]
      },
      "id": "node/2467973560"
    },
    {
      "type": "Feature",
      "properties": {
        "@id": "node/2467973561",
        "name": "Minkomibé",
        "place": "village",
        "source": "WRI_2005"
      },
      "geometry": {
        "type": "Point",
        "coordinates": [
          11.8180068,
          4.2453218
        ]
      },
      "id": "node/2467973561"
    },
    {
      "type": "Feature",
      "properties": {
        "@id": "node/2467973562",
        "name": "Mitsimi",
        "place": "village",
        "source": "WRI_2005"
      },
      "geometry": {
        "type": "Point",
        "coordinates": [
          11.4680154,
          5.1332048
        ]
      },
      "id": "node/2467973562"
    },
    {
      "type": "Feature",
      "properties": {
        "@id": "node/2467973567",
        "name": "Mekoassim",
        "place": "village",
        "source": "WRI_2005"
      },
      "geometry": {
        "type": "Point",
        "coordinates": [
          12.0044923,
          4.9809828
        ]
      },
      "id": "node/2467973567"
    },
    {
      "type": "Feature",
      "properties": {
        "@id": "node/2467973568",
        "name": "Momo",
        "place": "village",
        "source": "WRI_2005"
      },
      "geometry": {
        "type": "Point",
        "coordinates": [
          11.4864384,
          4.4036678
        ]
      },
      "id": "node/2467973568"
    },
    {
      "type": "Feature",
      "properties": {
        "@id": "node/2467973569",
        "name": "Monabo",
        "place": "village",
        "source": "WRI_2005"
      },
      "geometry": {
        "type": "Point",
        "coordinates": [
          11.2580363,
          4.2291576
        ]
      },
      "id": "node/2467973569"
    },
    {
      "type": "Feature",
      "properties": {
        "@id": "node/2467973570",
        "name": "Monatélé II",
        "place": "village",
        "source": "WRI_2005"
      },
      "geometry": {
        "type": "Point",
        "coordinates": [
          11.249017,
          4.2565768
        ]
      },
      "id": "node/2467973570"
    },
    {
      "type": "Feature",
      "properties": {
        "@id": "node/2467973571",
        "name": "Morkan",
        "place": "village",
        "source": "WRI_2005"
      },
      "geometry": {
        "type": "Point",
        "coordinates": [
          11.7747607,
          5.4074228
        ]
      },
      "id": "node/2467973571"
    },
    {
      "type": "Feature",
      "properties": {
        "@id": "node/2467973576",
        "name": "Mouken",
        "place": "village",
        "source": "WRI_2005"
      },
      "geometry": {
        "type": "Point",
        "coordinates": [
          11.1478297,
          4.7306695
        ]
      },
      "id": "node/2467973576"
    },
    {
      "type": "Feature",
      "properties": {
        "@id": "node/2467973577",
        "name": "Mouko",
        "place": "village",
        "source": "WRI_2005"
      },
      "geometry": {
        "type": "Point",
        "coordinates": [
          11.1918928,
          4.678021
        ]
      },
      "id": "node/2467973577"
    },
    {
      "type": "Feature",
      "properties": {
        "@id": "node/2467973578",
        "name": "Mpagne",
        "place": "village",
        "source": "WRI_2005"
      },
      "geometry": {
        "type": "Point",
        "coordinates": [
          11.1337811,
          5.1749637
        ]
      },
      "id": "node/2467973578"
    },
    {
      "type": "Feature",
      "properties": {
        "@id": "node/2467973579",
        "name": "Mpouga",
        "place": "village",
        "source": "WRI_2005"
      },
      "geometry": {
        "type": "Point",
        "coordinates": [
          11.1747693,
          5.0807655
        ]
      },
      "id": "node/2467973579"
    },
    {
      "type": "Feature",
      "properties": {
        "@id": "node/2467973581",
        "name": "Mvomdoumba",
        "place": "village",
        "source": "WRI_2005"
      },
      "geometry": {
        "type": "Point",
        "coordinates": [
          11.6887455,
          4.2306787
        ]
      },
      "id": "node/2467973581"
    },
    {
      "type": "Feature",
      "properties": {
        "@id": "node/2467973582",
        "name": "Mvomékak",
        "place": "village",
        "source": "WRI_2005"
      },
      "geometry": {
        "type": "Point",
        "coordinates": [
          11.2290958,
          4.226935
        ]
      },
      "id": "node/2467973582"
    },
    {
      "type": "Feature",
      "properties": {
        "@id": "node/2467973583",
        "name": "Mvouma",
        "place": "village",
        "source": "WRI_2005"
      },
      "geometry": {
        "type": "Point",
        "coordinates": [
          11.48343,
          4.0825487
        ]
      },
      "id": "node/2467973583"
    },
    {
      "type": "Feature",
      "properties": {
        "@id": "node/2467973585",
        "name": "Mébomo",
        "place": "village",
        "source": "WRI_2005"
      },
      "geometry": {
        "type": "Point",
        "coordinates": [
          11.318688,
          4.1675669
        ]
      },
      "id": "node/2467973585"
    },
    {
      "type": "Feature",
      "properties": {
        "@id": "node/2467973586",
        "name": "Mégang",
        "place": "village",
        "source": "WRI_2005"
      },
      "geometry": {
        "type": "Point",
        "coordinates": [
          12.3904547,
          5.4799525
        ]
      },
      "id": "node/2467973586"
    },
    {
      "type": "Feature",
      "properties": {
        "@id": "node/2467973587",
        "name": "Mékimebodo",
        "place": "village",
        "source": "WRI_2005"
      },
      "geometry": {
        "type": "Point",
        "coordinates": [
          11.4955193,
          4.3427714
        ]
      },
      "id": "node/2467973587"
    },
    {
      "type": "Feature",
      "properties": {
        "@id": "node/2467973588",
        "name": "Mélen",
        "place": "village",
        "source": "WRI_2005"
      },
      "geometry": {
        "type": "Point",
        "coordinates": [
          11.3212779,
          4.3050375
        ]
      },
      "id": "node/2467973588"
    },
    {
      "type": "Feature",
      "properties": {
        "@id": "node/2467973589",
        "name": "Mélik",
        "place": "village",
        "source": "WRI_2005"
      },
      "geometry": {
        "type": "Point",
        "coordinates": [
          11.5305543,
          4.3145188
        ]
      },
      "id": "node/2467973589"
    },
    {
      "type": "Feature",
      "properties": {
        "@id": "node/2467973590",
        "name": "Mélik",
        "place": "village",
        "source": "WRI_2005"
      },
      "geometry": {
        "type": "Point",
        "coordinates": [
          11.483464,
          4.3759147
        ]
      },
      "id": "node/2467973590"
    },
    {
      "type": "Feature",
      "properties": {
        "@id": "node/2467973591",
        "name": "Mélimving",
        "place": "village",
        "source": "WRI_2005"
      },
      "geometry": {
        "type": "Point",
        "coordinates": [
          12.4540178,
          5.1978843
        ]
      },
      "id": "node/2467973591"
    },
    {
      "type": "Feature",
      "properties": {
        "@id": "node/2467973592",
        "name": "Mésandjobé",
        "place": "village",
        "source": "WRI_2005"
      },
      "geometry": {
        "type": "Point",
        "coordinates": [
          12.4447695,
          5.032897
        ]
      },
      "id": "node/2467973592"
    },
    {
      "type": "Feature",
      "properties": {
        "@id": "node/2467973593",
        "name": "Mézan",
        "place": "village",
        "source": "WRI_2005"
      },
      "geometry": {
        "type": "Point",
        "coordinates": [
          12.5355974,
          5.0390446
        ]
      },
      "id": "node/2467973593"
    },
    {
      "type": "Feature",
      "properties": {
        "@id": "node/2467973598",
        "name": "Ndema",
        "place": "village",
        "source": "WRI_2005"
      },
      "geometry": {
        "type": "Point",
        "coordinates": [
          10.8100731,
          4.6541426
        ]
      },
      "id": "node/2467973598"
    },
    {
      "type": "Feature",
      "properties": {
        "@id": "node/2467973600",
        "name": "Ndikibil",
        "place": "village",
        "source": "WRI_2005"
      },
      "geometry": {
        "type": "Point",
        "coordinates": [
          10.8323807,
          4.6355204
        ]
      },
      "id": "node/2467973600"
    },
    {
      "type": "Feature",
      "properties": {
        "@id": "node/2467973601",
        "name": "Ndikitiek",
        "place": "village",
        "source": "WRI_2005"
      },
      "geometry": {
        "type": "Point",
        "coordinates": [
          10.8201163,
          4.8222495
        ]
      },
      "id": "node/2467973601"
    },
    {
      "type": "Feature",
      "properties": {
        "@id": "node/2467973602",
        "name": "Ndikitolé",
        "place": "village",
        "source": "WRI_2005"
      },
      "geometry": {
        "type": "Point",
        "coordinates": [
          10.8215656,
          4.8067063
        ]
      },
      "id": "node/2467973602"
    },
    {
      "type": "Feature",
      "properties": {
        "@id": "node/2467973603",
        "name": "Ndikiyel",
        "place": "village",
        "source": "WRI_2005"
      },
      "geometry": {
        "type": "Point",
        "coordinates": [
          10.8268771,
          4.7925278
        ]
      },
      "id": "node/2467973603"
    },
    {
      "type": "Feature",
      "properties": {
        "@id": "node/2467973604",
        "name": "Ndikoko",
        "place": "town",
        "source": "WRI_2005"
      },
      "geometry": {
        "type": "Point",
        "coordinates": [
          10.8295162,
          4.6941574
        ]
      },
      "id": "node/2467973604"
    },
    {
      "type": "Feature",
      "properties": {
        "@id": "node/2467973605",
        "name": "Ndikokonomena",
        "place": "village",
        "source": "WRI_2005"
      },
      "geometry": {
        "type": "Point",
        "coordinates": [
          10.90174,
          4.7362732
        ]
      },
      "id": "node/2467973605"
    },
    {
      "type": "Feature",
      "properties": {
        "@id": "node/2467973606",
        "name": "Ndim",
        "place": "village",
        "source": "WRI_2005"
      },
      "geometry": {
        "type": "Point",
        "coordinates": [
          11.9730478,
          4.8472428
        ]
      },
      "id": "node/2467973606"
    },
    {
      "type": "Feature",
      "properties": {
        "@id": "node/2467973607",
        "name": "Ndimi",
        "place": "village",
        "source": "WRI_2005"
      },
      "geometry": {
        "type": "Point",
        "coordinates": [
          11.6763577,
          4.6328386
        ]
      },
      "id": "node/2467973607"
    },
    {
      "type": "Feature",
      "properties": {
        "@id": "node/2467973608",
        "name": "Nzamé",
        "place": "village",
        "source": "WRI_2005"
      },
      "geometry": {
        "type": "Point",
        "coordinates": [
          11.6357797,
          4.400326
        ]
      },
      "id": "node/2467973608"
    },
    {
      "type": "Feature",
      "properties": {
        "@id": "node/2467973609",
        "name": "Ndjasi",
        "place": "village",
        "source": "WRI_2005"
      },
      "geometry": {
        "type": "Point",
        "coordinates": [
          12.5882556,
          5.0452368
        ]
      },
      "id": "node/2467973609"
    },
    {
      "type": "Feature",
      "properties": {
        "@id": "node/2467973610",
        "name": "Ndjimekong",
        "place": "village",
        "source": "WRI_2005"
      },
      "geometry": {
        "type": "Point",
        "coordinates": [
          12.1388747,
          4.7368555
        ]
      },
      "id": "node/2467973610"
    },
    {
      "type": "Feature",
      "properties": {
        "@id": "node/2467973611",
        "name": "Ndokaleng",
        "place": "village",
        "source": "WRI_2005"
      },
      "geometry": {
        "type": "Point",
        "coordinates": [
          10.8192347,
          4.7329353
        ]
      },
      "id": "node/2467973611"
    },
    {
      "type": "Feature",
      "properties": {
        "@id": "node/2467973612",
        "name": "Ndokbassabon",
        "place": "village",
        "source": "WRI_2005"
      },
      "geometry": {
        "type": "Point",
        "coordinates": [
          10.7108017,
          4.5692374
        ]
      },
      "id": "node/2467973612"
    },
    {
      "type": "Feature",
      "properties": {
        "@id": "node/2467973613",
        "name": "Ndokbou",
        "place": "village",
        "source": "WRI_2005"
      },
      "geometry": {
        "type": "Point",
        "coordinates": [
          10.6096486,
          4.6552405
        ]
      },
      "id": "node/2467973613"
    },
    {
      "type": "Feature",
      "properties": {
        "@id": "node/2467973614",
        "name": "Ndokoa",
        "place": "village",
        "source": "WRI_2005"
      },
      "geometry": {
        "type": "Point",
        "coordinates": [
          11.7346737,
          4.3752865
        ]
      },
      "id": "node/2467973614"
    },
    {
      "type": "Feature",
      "properties": {
        "@id": "node/2467973616",
        "name": "Ndokohok New Bell",
        "place": "village",
        "source": "WRI_2005"
      },
      "geometry": {
        "type": "Point",
        "coordinates": [
          10.8190586,
          4.8700146
        ]
      },
      "id": "node/2467973616"
    },
    {
      "type": "Feature",
      "properties": {
        "@id": "node/2467973621",
        "name": "Ndokohok Village",
        "place": "village",
        "source": "WRI_2005"
      },
      "geometry": {
        "type": "Point",
        "coordinates": [
          10.8251441,
          4.8462215
        ]
      },
      "id": "node/2467973621"
    },
    {
      "type": "Feature",
      "properties": {
        "@id": "node/2467973625",
        "name": "Ndokomay",
        "place": "village",
        "source": "WRI_2005"
      },
      "geometry": {
        "type": "Point",
        "coordinates": [
          10.8197928,
          4.828032
        ]
      },
      "id": "node/2467973625"
    },
    {
      "type": "Feature",
      "properties": {
        "@id": "node/2467973627",
        "name": "Ndokononoho",
        "place": "village",
        "source": "WRI_2005"
      },
      "geometry": {
        "type": "Point",
        "coordinates": [
          10.7790426,
          4.6344557
        ]
      },
      "id": "node/2467973627"
    },
    {
      "type": "Feature",
      "properties": {
        "@id": "node/2467973630",
        "name": "Ndougbissoung",
        "place": "village",
        "source": "WRI_2005"
      },
      "geometry": {
        "type": "Point",
        "coordinates": [
          10.9522163,
          4.5987842
        ]
      },
      "id": "node/2467973630"
    },
    {
      "type": "Feature",
      "properties": {
        "@id": "node/2467973631",
        "name": "Ndounda",
        "place": "village",
        "source": "WRI_2005"
      },
      "geometry": {
        "type": "Point",
        "coordinates": [
          11.3633864,
          4.434577
        ]
      },
      "id": "node/2467973631"
    },
    {
      "type": "Feature",
      "properties": {
        "@id": "node/2467973632",
        "name": "Ndoup",
        "place": "village",
        "source": "WRI_2005"
      },
      "geometry": {
        "type": "Point",
        "coordinates": [
          11.194507,
          4.2446585
        ]
      },
      "id": "node/2467973632"
    },
    {
      "type": "Feature",
      "properties": {
        "@id": "node/2467973634",
        "name": "Ndzana",
        "place": "village",
        "source": "WRI_2005"
      },
      "geometry": {
        "type": "Point",
        "coordinates": [
          11.6481326,
          4.1434934
        ]
      },
      "id": "node/2467973634"
    },
    {
      "type": "Feature",
      "properties": {
        "@id": "node/2467973635",
        "name": "Ndéni",
        "place": "village",
        "source": "WRI_2005"
      },
      "geometry": {
        "type": "Point",
        "coordinates": [
          12.1013087,
          5.1411808
        ]
      },
      "id": "node/2467973635"
    },
    {
      "type": "Feature",
      "properties": {
        "@id": "node/2467973636",
        "name": "Nebassel",
        "place": "village",
        "source": "WRI_2005"
      },
      "geometry": {
        "type": "Point",
        "coordinates": [
          10.9179979,
          4.6205437
        ]
      },
      "id": "node/2467973636"
    },
    {
      "type": "Feature",
      "properties": {
        "@id": "node/2467973637",
        "name": "Nebolen",
        "place": "village",
        "source": "WRI_2005"
      },
      "geometry": {
        "type": "Point",
        "coordinates": [
          10.8234384,
          4.8142049
        ]
      },
      "id": "node/2467973637"
    },
    {
      "type": "Feature",
      "properties": {
        "@id": "node/2467973638",
        "name": "Nefanté",
        "place": "village",
        "source": "WRI_2005"
      },
      "geometry": {
        "type": "Point",
        "coordinates": [
          10.9009044,
          4.7548268
        ]
      },
      "id": "node/2467973638"
    },
    {
      "type": "Feature",
      "properties": {
        "@id": "node/2467973641",
        "name": "Ngaba II",
        "place": "village",
        "source": "WRI_2005"
      },
      "geometry": {
        "type": "Point",
        "coordinates": [
          11.2829476,
          4.2321387
        ]
      },
      "id": "node/2467973641"
    },
    {
      "type": "Feature",
      "properties": {
        "@id": "node/2467973642",
        "name": "Nkolfep",
        "place": "village",
        "source": "WRI_2005"
      },
      "geometry": {
        "type": "Point",
        "coordinates": [
          11.2418662,
          4.2017153
        ]
      },
      "id": "node/2467973642"
    },
    {
      "type": "Feature",
      "properties": {
        "@id": "node/2467973643",
        "name": "Ngila",
        "place": "village",
        "source": "WRI_2005"
      },
      "geometry": {
        "type": "Point",
        "coordinates": [
          11.3264072,
          5.1618798
        ]
      },
      "id": "node/2467973643"
    },
    {
      "type": "Feature",
      "properties": {
        "@id": "node/2467973647",
        "name": "Ngoksa",
        "place": "village",
        "source": "WRI_2005"
      },
      "geometry": {
        "type": "Point",
        "coordinates": [
          11.3379119,
          4.326531
        ]
      },
      "id": "node/2467973647"
    },
    {
      "type": "Feature",
      "properties": {
        "@id": "node/2467973650",
        "name": "Ngomban",
        "place": "village",
        "source": "WRI_2005"
      },
      "geometry": {
        "type": "Point",
        "coordinates": [
          11.7875582,
          4.2336531
        ]
      },
      "id": "node/2467973650"
    },
    {
      "type": "Feature",
      "properties": {
        "@id": "node/2467973651",
        "name": "Ngomo Centre",
        "place": "village",
        "source": "WRI_2005"
      },
      "geometry": {
        "type": "Point",
        "coordinates": [
          11.4023392,
          4.2369453
        ]
      },
      "id": "node/2467973651"
    },
    {
      "type": "Feature",
      "properties": {
        "@id": "node/2467973652",
        "name": "Ngong",
        "place": "village",
        "source": "WRI_2005"
      },
      "geometry": {
        "type": "Point",
        "coordinates": [
          12.2158727,
          5.3046444
        ]
      },
      "id": "node/2467973652"
    },
    {
      "type": "Feature",
      "properties": {
        "@id": "node/2467973653",
        "name": "Ngongo",
        "place": "village",
        "source": "WRI_2005"
      },
      "geometry": {
        "type": "Point",
        "coordinates": [
          11.4909804,
          4.2254696
        ]
      },
      "id": "node/2467973653"
    },
    {
      "type": "Feature",
      "properties": {
        "@id": "node/2467973654",
        "name": "Ngonovea",
        "place": "village",
        "source": "WRI_2005"
      },
      "geometry": {
        "type": "Point",
        "coordinates": [
          12.0100613,
          4.7744929
        ]
      },
      "id": "node/2467973654"
    },
    {
      "type": "Feature",
      "properties": {
        "@id": "node/2467973655",
        "name": "Ngoungoumou",
        "place": "village",
        "source": "WRI_2005"
      },
      "geometry": {
        "type": "Point",
        "coordinates": [
          11.6415283,
          4.0479627
        ]
      },
      "id": "node/2467973655"
    },
    {
      "type": "Feature",
      "properties": {
        "@id": "node/2467973656",
        "name": "Ngouétou",
        "place": "village",
        "source": "WRI_2005"
      },
      "geometry": {
        "type": "Point",
        "coordinates": [
          12.0910542,
          5.0885156
        ]
      },
      "id": "node/2467973656"
    },
    {
      "type": "Feature",
      "properties": {
        "@id": "node/2467973658",
        "name": "Nguila-Babouté",
        "place": "village",
        "source": "WRI_2005"
      },
      "geometry": {
        "type": "Point",
        "coordinates": [
          11.677193,
          4.7192084
        ]
      },
      "id": "node/2467973658"
    },
    {
      "type": "Feature",
      "properties": {
        "@id": "node/2467973660",
        "name": "Niamanga I",
        "place": "village",
        "source": "WRI_2005"
      },
      "geometry": {
        "type": "Point",
        "coordinates": [
          11.1250187,
          4.3474529
        ]
      },
      "id": "node/2467973660"
    },
    {
      "type": "Feature",
      "properties": {
        "@id": "node/2467973661",
        "name": "Niamanga II",
        "place": "village",
        "source": "WRI_2005"
      },
      "geometry": {
        "type": "Point",
        "coordinates": [
          11.3322955,
          4.5759324
        ]
      },
      "id": "node/2467973661"
    },
    {
      "type": "Feature",
      "properties": {
        "@id": "node/2467973663",
        "name": "Niandjon",
        "place": "village",
        "source": "WRI_2005"
      },
      "geometry": {
        "type": "Point",
        "coordinates": [
          11.4121411,
          5.0877373
        ]
      },
      "id": "node/2467973663"
    },
    {
      "type": "Feature",
      "properties": {
        "@id": "node/2467973664",
        "name": "Nienam",
        "place": "village",
        "source": "WRI_2005"
      },
      "geometry": {
        "type": "Point",
        "coordinates": [
          12.4444931,
          5.174004
        ]
      },
      "id": "node/2467973664"
    },
    {
      "type": "Feature",
      "properties": {
        "@id": "node/2467973665",
        "name": "Niga",
        "place": "village",
        "source": "WRI_2005"
      },
      "geometry": {
        "type": "Point",
        "coordinates": [
          11.3408684,
          4.2056935
        ]
      },
      "id": "node/2467973665"
    },
    {
      "type": "Feature",
      "properties": {
        "@id": "node/2467973671",
        "name": "Njolé",
        "name:ru": "Нджоле",
        "place": "village",
        "source": "WRI_2005"
      },
      "geometry": {
        "type": "Point",
        "coordinates": [
          11.9405191,
          4.8128221
        ]
      },
      "id": "node/2467973671"
    },
    {
      "type": "Feature",
      "properties": {
        "@id": "node/2467973673",
        "name": "Njoré",
        "place": "village",
        "source": "WRI_2005"
      },
      "geometry": {
        "type": "Point",
        "coordinates": [
          11.8190722,
          4.4034689
        ]
      },
      "id": "node/2467973673"
    },
    {
      "type": "Feature",
      "properties": {
        "@id": "node/2467973680",
        "name": "Koan",
        "place": "village",
        "source": "WRI_2005"
      },
      "geometry": {
        "type": "Point",
        "coordinates": [
          11.3513301,
          4.3329862
        ]
      },
      "id": "node/2467973680"
    },
    {
      "type": "Feature",
      "properties": {
        "@id": "node/2467973681",
        "name": "Nkoayos",
        "place": "village",
        "source": "WRI_2005"
      },
      "geometry": {
        "type": "Point",
        "coordinates": [
          11.7476458,
          4.3057119
        ]
      },
      "id": "node/2467973681"
    },
    {
      "type": "Feature",
      "properties": {
        "@id": "node/2467973682",
        "name": "Nkog-Edzen",
        "place": "village",
        "source": "WRI_2005"
      },
      "geometry": {
        "type": "Point",
        "coordinates": [
          11.3373943,
          4.2764125
        ]
      },
      "id": "node/2467973682"
    },
    {
      "type": "Feature",
      "properties": {
        "@id": "node/2467973684",
        "name": "Nkolang I",
        "place": "village",
        "source": "WRI_2005"
      },
      "geometry": {
        "type": "Point",
        "coordinates": [
          11.4749971,
          4.432911
        ]
      },
      "id": "node/2467973684"
    },
    {
      "type": "Feature",
      "properties": {
        "@id": "node/2467973685",
        "name": "Nkolayos",
        "place": "village",
        "source": "WRI_2005"
      },
      "geometry": {
        "type": "Point",
        "coordinates": [
          11.5172517,
          4.3413177
        ]
      },
      "id": "node/2467973685"
    },
    {
      "type": "Feature",
      "properties": {
        "@id": "node/2467973688",
        "name": "Nkolbibak",
        "place": "village",
        "source": "WRI_2005"
      },
      "geometry": {
        "type": "Point",
        "coordinates": [
          11.4996666,
          4.2809785
        ]
      },
      "id": "node/2467973688"
    },
    {
      "type": "Feature",
      "properties": {
        "@id": "node/2467973693",
        "name": "Nkolbogo III",
        "place": "village",
        "source": "WRI_2005"
      },
      "geometry": {
        "type": "Point",
        "coordinates": [
          11.5488313,
          4.3367432
        ]
      },
      "id": "node/2467973693"
    },
    {
      "type": "Feature",
      "properties": {
        "@id": "node/2467973696",
        "name": "Nkolbot",
        "place": "village",
        "source": "WRI_2005"
      },
      "geometry": {
        "type": "Point",
        "coordinates": [
          11.5693977,
          4.1578347
        ]
      },
      "id": "node/2467973696"
    },
    {
      "type": "Feature",
      "properties": {
        "@id": "node/2467973704",
        "name": "Nkolmbené",
        "place": "village",
        "source": "WRI_2005"
      },
      "geometry": {
        "type": "Point",
        "coordinates": [
          11.5250355,
          4.1098581
        ]
      },
      "id": "node/2467973704"
    },
    {
      "type": "Feature",
      "properties": {
        "@id": "node/2467973711",
        "name": "Nkolmekok",
        "office": "government",
        "place": "village",
        "source": "WRI_2005"
      },
      "geometry": {
        "type": "Point",
        "coordinates": [
          11.6025316,
          4.233399
        ]
      },
      "id": "node/2467973711"
    },
    {
      "type": "Feature",
      "properties": {
        "@id": "node/2467973714",
        "name": "Nkolmelen",
        "place": "village",
        "source": "WRI_2005"
      },
      "geometry": {
        "type": "Point",
        "coordinates": [
          11.5243407,
          4.1296474
        ]
      },
      "id": "node/2467973714"
    },
    {
      "type": "Feature",
      "properties": {
        "@id": "node/2467973718",
        "name": "Nkolmendouga",
        "place": "village",
        "source": "WRI_2005"
      },
      "geometry": {
        "type": "Point",
        "coordinates": [
          11.5044325,
          4.0366752
        ]
      },
      "id": "node/2467973718"
    },
    {
      "type": "Feature",
      "properties": {
        "@id": "node/2467973722",
        "name": "Nkolmvak",
        "office": "government",
        "place": "village",
        "source": "WRI_2005"
      },
      "geometry": {
        "type": "Point",
        "coordinates": [
          11.5353337,
          4.300536
        ]
      },
      "id": "node/2467973722"
    },
    {
      "type": "Feature",
      "properties": {
        "@id": "node/2467973728",
        "name": "Nkolmébel",
        "place": "village",
        "source": "WRI_2005"
      },
      "geometry": {
        "type": "Point",
        "coordinates": [
          11.1956847,
          4.1969424
        ]
      },
      "id": "node/2467973728"
    },
    {
      "type": "Feature",
      "properties": {
        "@id": "node/2467973731",
        "name": "Nkolméfon",
        "place": "village",
        "source": "WRI_2005"
      },
      "geometry": {
        "type": "Point",
        "coordinates": [
          11.4731645,
          4.3237826
        ]
      },
      "id": "node/2467973731"
    },
    {
      "type": "Feature",
      "properties": {
        "@id": "node/2467973734",
        "name": "Nkolmélok",
        "place": "village",
        "source": "WRI_2005"
      },
      "geometry": {
        "type": "Point",
        "coordinates": [
          11.4344818,
          4.2518403
        ]
      },
      "id": "node/2467973734"
    },
    {
      "type": "Feature",
      "properties": {
        "@id": "node/2467973736",
        "name": "Nkolmétolo",
        "place": "village",
        "source": "WRI_2005"
      },
      "geometry": {
        "type": "Point",
        "coordinates": [
          11.3115906,
          4.2675993
        ]
      },
      "id": "node/2467973736"
    },
    {
      "type": "Feature",
      "properties": {
        "@id": "node/2467973738",
        "name": "Nkolméyos II",
        "place": "village",
        "source": "WRI_2005"
      },
      "geometry": {
        "type": "Point",
        "coordinates": [
          11.1497179,
          4.1551638
        ]
      },
      "id": "node/2467973738"
    },
    {
      "type": "Feature",
      "properties": {
        "@id": "node/2467973739",
        "name": "Nkolméyos",
        "place": "village",
        "source": "WRI_2005"
      },
      "geometry": {
        "type": "Point",
        "coordinates": [
          11.4483367,
          4.2665858
        ]
      },
      "id": "node/2467973739"
    },
    {
      "type": "Feature",
      "properties": {
        "@id": "node/2467973740",
        "name": "Nkolndzomo",
        "place": "village",
        "source": "WRI_2005"
      },
      "geometry": {
        "type": "Point",
        "coordinates": [
          11.4076056,
          4.4786563
        ]
      },
      "id": "node/2467973740"
    },
    {
      "type": "Feature",
      "properties": {
        "@id": "node/2467973741",
        "name": "Nkolngal",
        "office": "government",
        "place": "village",
        "source": "WRI_2005"
      },
      "geometry": {
        "type": "Point",
        "coordinates": [
          11.1713357,
          4.2253376
        ]
      },
      "id": "node/2467973741"
    },
    {
      "type": "Feature",
      "properties": {
        "@id": "node/2467973742",
        "name": "Nkolmgbana",
        "place": "village",
        "source": "WRI_2005"
      },
      "geometry": {
        "type": "Point",
        "coordinates": [
          11.4625767,
          4.4013069
        ]
      },
      "id": "node/2467973742"
    },
    {
      "type": "Feature",
      "properties": {
        "@id": "node/2467973743",
        "name": "Nkolntsa",
        "place": "village",
        "source": "WRI_2005"
      },
      "geometry": {
        "type": "Point",
        "coordinates": [
          11.4856551,
          4.2752595
        ]
      },
      "id": "node/2467973743"
    },
    {
      "type": "Feature",
      "properties": {
        "@id": "node/2467973744",
        "name": "Nkolo",
        "office": "government",
        "place": "village",
        "source": "WRI_2005"
      },
      "geometry": {
        "type": "Point",
        "coordinates": [
          11.409564,
          4.4247157
        ]
      },
      "id": "node/2467973744"
    },
    {
      "type": "Feature",
      "properties": {
        "@id": "node/2467973745",
        "name": "Nkolobang II",
        "place": "village",
        "source": "WRI_2005"
      },
      "geometry": {
        "type": "Point",
        "coordinates": [
          11.3478818,
          4.184156
        ]
      },
      "id": "node/2467973745"
    },
    {
      "type": "Feature",
      "properties": {
        "@id": "node/2467973748",
        "name": "Nkoltomo I",
        "place": "village",
        "source": "WRI_2005"
      },
      "geometry": {
        "type": "Point",
        "coordinates": [
          11.4274398,
          4.2233708
        ]
      },
      "id": "node/2467973748"
    },
    {
      "type": "Feature",
      "properties": {
        "@id": "node/2467973749",
        "name": "Nkoltomo II",
        "place": "village",
        "source": "WRI_2005"
      },
      "geometry": {
        "type": "Point",
        "coordinates": [
          11.4386966,
          4.2206885
        ]
      },
      "id": "node/2467973749"
    },
    {
      "type": "Feature",
      "properties": {
        "@id": "node/2467973751",
        "name": "Nkolvé",
        "place": "village",
        "source": "WRI_2005"
      },
      "geometry": {
        "type": "Point",
        "coordinates": [
          11.5011687,
          4.2916405
        ]
      },
      "id": "node/2467973751"
    },
    {
      "type": "Feature",
      "properties": {
        "@id": "node/2467973752",
        "name": "Nkolzoa",
        "place": "village",
        "source": "WRI_2005"
      },
      "geometry": {
        "type": "Point",
        "coordinates": [
          11.4487319,
          4.3243934
        ]
      },
      "id": "node/2467973752"
    },
    {
      "type": "Feature",
      "properties": {
        "@id": "node/2467973754",
        "name": "Nkolzomo",
        "place": "village",
        "source": "WRI_2005"
      },
      "geometry": {
        "type": "Point",
        "coordinates": [
          11.4136205,
          4.2767531
        ]
      },
      "id": "node/2467973754"
    },
    {
      "type": "Feature",
      "properties": {
        "@id": "node/2467973757",
        "name": "Nkolédouma",
        "office": "government",
        "place": "village",
        "source": "WRI_2005"
      },
      "geometry": {
        "type": "Point",
        "coordinates": [
          11.5028644,
          4.1630622
        ]
      },
      "id": "node/2467973757"
    },
    {
      "type": "Feature",
      "properties": {
        "@id": "node/2467973758",
        "name": "Nkolékono",
        "place": "village",
        "source": "WRI_2005"
      },
      "geometry": {
        "type": "Point",
        "coordinates": [
          11.460116,
          4.3075943
        ]
      },
      "id": "node/2467973758"
    },
    {
      "type": "Feature",
      "properties": {
        "@id": "node/2467973759",
        "name": "Nkolélouga",
        "place": "village",
        "source": "WRI_2005"
      },
      "geometry": {
        "type": "Point",
        "coordinates": [
          11.371416,
          4.4539335
        ]
      },
      "id": "node/2467973759"
    },
    {
      "type": "Feature",
      "properties": {
        "@id": "node/2467973763",
        "name": "Nkometou I",
        "place": "village",
        "source": "WRI_2005"
      },
      "geometry": {
        "type": "Point",
        "coordinates": [
          11.5541267,
          4.0531548
        ]
      },
      "id": "node/2467973763"
    },
    {
      "type": "Feature",
      "properties": {
        "@id": "node/2467973764",
        "name": "Nkometou II",
        "office": "administrative",
        "place": "village",
        "source": "WRI_2005"
      },
      "geometry": {
        "type": "Point",
        "coordinates": [
          11.5524536,
          4.0405174
        ]
      },
      "id": "node/2467973764"
    },
    {
      "type": "Feature",
      "properties": {
        "@id": "node/2467973765",
        "name": "Nkometou III",
        "place": "village",
        "source": "WRI_2005"
      },
      "geometry": {
        "type": "Point",
        "coordinates": [
          11.5490293,
          4.0732091
        ]
      },
      "id": "node/2467973765"
    },
    {
      "type": "Feature",
      "properties": {
        "@id": "node/2467973770",
        "name": "Nkolondon II",
        "place": "village",
        "source": "WRI_2005"
      },
      "geometry": {
        "type": "Point",
        "coordinates": [
          11.5049042,
          3.9480292
        ]
      },
      "id": "node/2467973770"
    },
    {
      "type": "Feature",
      "properties": {
        "@id": "node/2467973771",
        "name": "Nlogbon I",
        "place": "village",
        "source": "WRI_2005"
      },
      "geometry": {
        "type": "Point",
        "coordinates": [
          11.1730472,
          4.2130746
        ]
      },
      "id": "node/2467973771"
    },
    {
      "type": "Feature",
      "properties": {
        "@id": "node/2467973772",
        "name": "Nlongbon II",
        "place": "village",
        "source": "WRI_2005"
      },
      "geometry": {
        "type": "Point",
        "coordinates": [
          11.1827255,
          4.1919945
        ]
      },
      "id": "node/2467973772"
    },
    {
      "type": "Feature",
      "properties": {
        "@id": "node/2467973773",
        "name": "Nlongzok",
        "place": "village",
        "source": "WRI_2005"
      },
      "geometry": {
        "type": "Point",
        "coordinates": [
          11.3188346,
          4.3717233
        ]
      },
      "id": "node/2467973773"
    },
    {
      "type": "Feature",
      "properties": {
        "@id": "node/2467973781",
        "name": "Nto",
        "place": "village",
        "source": "WRI_2005"
      },
      "geometry": {
        "type": "Point",
        "coordinates": [
          11.5144991,
          4.0778873
        ]
      },
      "id": "node/2467973781"
    },
    {
      "type": "Feature",
      "properties": {
        "@id": "node/2467973785",
        "name": "Nyabidi",
        "place": "village",
        "source": "WRI_2005"
      },
      "geometry": {
        "type": "Point",
        "coordinates": [
          11.3090329,
          5.1822175
        ]
      },
      "id": "node/2467973785"
    },
    {
      "type": "Feature",
      "properties": {
        "@id": "node/2467973786",
        "name": "Nyafianga",
        "place": "village",
        "source": "WRI_2005"
      },
      "geometry": {
        "type": "Point",
        "coordinates": [
          11.3663114,
          5.1288559
        ]
      },
      "id": "node/2467973786"
    },
    {
      "type": "Feature",
      "properties": {
        "@id": "node/2467973787",
        "name": "Nyafianga",
        "place": "village",
        "source": "WRI_2005"
      },
      "geometry": {
        "type": "Point",
        "coordinates": [
          11.3629723,
          5.1414882
        ]
      },
      "id": "node/2467973787"
    },
    {
      "type": "Feature",
      "properties": {
        "@id": "node/2467973790",
        "name": "Nyakengeng",
        "place": "village",
        "source": "WRI_2005"
      },
      "geometry": {
        "type": "Point",
        "coordinates": [
          11.3831226,
          5.0575206
        ]
      },
      "id": "node/2467973790"
    },
    {
      "type": "Feature",
      "properties": {
        "@id": "node/2467973794",
        "name": "Nyamoko",
        "place": "village",
        "source": "WRI_2005"
      },
      "geometry": {
        "type": "Point",
        "coordinates": [
          11.3039713,
          5.202757
        ]
      },
      "id": "node/2467973794"
    },
    {
      "type": "Feature",
      "properties": {
        "@id": "node/2467973795",
        "name": "Nyamokok",
        "place": "village",
        "source": "WRI_2005"
      },
      "geometry": {
        "type": "Point",
        "coordinates": [
          11.263175,
          5.2757988
        ]
      },
      "id": "node/2467973795"
    },
    {
      "type": "Feature",
      "properties": {
        "@id": "node/2467973796",
        "name": "Nyamongo",
        "place": "village",
        "source": "WRI_2005"
      },
      "geometry": {
        "type": "Point",
        "coordinates": [
          11.3055118,
          4.8005555
        ]
      },
      "id": "node/2467973796"
    },
    {
      "type": "Feature",
      "properties": {
        "@id": "node/2467973797",
        "name": "Nyamsong",
        "place": "village",
        "source": "WRI_2005"
      },
      "geometry": {
        "type": "Point",
        "coordinates": [
          11.2742952,
          4.7522178
        ]
      },
      "id": "node/2467973797"
    },
    {
      "type": "Feature",
      "properties": {
        "@id": "node/2467973798",
        "name": "Nyamwa",
        "place": "village",
        "source": "WRI_2005"
      },
      "geometry": {
        "type": "Point",
        "coordinates": [
          11.3078012,
          5.2496392
        ]
      },
      "id": "node/2467973798"
    },
    {
      "type": "Feature",
      "properties": {
        "@id": "node/2467973799",
        "name": "Nyandingi",
        "place": "village",
        "source": "WRI_2005"
      },
      "geometry": {
        "type": "Point",
        "coordinates": [
          11.3805625,
          5.0733331
        ]
      },
      "id": "node/2467973799"
    },
    {
      "type": "Feature",
      "properties": {
        "@id": "node/2467973800",
        "name": "Nyangwa",
        "place": "village",
        "source": "WRI_2005"
      },
      "geometry": {
        "type": "Point",
        "coordinates": [
          11.272552,
          5.2607237
        ]
      },
      "id": "node/2467973800"
    },
    {
      "type": "Feature",
      "properties": {
        "@id": "node/2467973803",
        "name": "Nyanton",
        "place": "village",
        "source": "WRI_2005"
      },
      "geometry": {
        "type": "Point",
        "coordinates": [
          11.2831247,
          5.2183342
        ]
      },
      "id": "node/2467973803"
    },
    {
      "type": "Feature",
      "properties": {
        "@id": "node/2467973804",
        "name": "Nyanzom",
        "place": "village",
        "source": "WRI_2005"
      },
      "geometry": {
        "type": "Point",
        "coordinates": [
          11.1239072,
          5.1545613
        ]
      },
      "id": "node/2467973804"
    },
    {
      "type": "Feature",
      "properties": {
        "@id": "node/2467973805",
        "name": "Nyassam",
        "place": "village",
        "source": "WRI_2005"
      },
      "geometry": {
        "type": "Point",
        "coordinates": [
          11.2730479,
          5.2288093
        ]
      },
      "id": "node/2467973805"
    },
    {
      "type": "Feature",
      "properties": {
        "@id": "node/2467973807",
        "name": "Nyem",
        "place": "village",
        "source": "WRI_2005"
      },
      "geometry": {
        "type": "Point",
        "coordinates": [
          12.0452015,
          5.0714651
        ]
      },
      "id": "node/2467973807"
    },
    {
      "type": "Feature",
      "properties": {
        "@id": "node/2467973808",
        "name": "Nyokon II",
        "place": "village",
        "source": "WRI_2005"
      },
      "geometry": {
        "type": "Point",
        "coordinates": [
          10.7555861,
          4.9308425
        ]
      },
      "id": "node/2467973808"
    },
    {
      "type": "Feature",
      "properties": {
        "@id": "node/2467973809",
        "name": "Nyom I",
        "place": "village",
        "source": "WRI_2005"
      },
      "geometry": {
        "type": "Point",
        "coordinates": [
          11.5158053,
          3.9383006
        ]
      },
      "id": "node/2467973809"
    },
    {
      "type": "Feature",
      "properties": {
        "@id": "node/2467973810",
        "name": "Nyom II",
        "place": "village",
        "source": "WRI_2005"
      },
      "geometry": {
        "type": "Point",
        "coordinates": [
          11.5171054,
          3.9706358
        ]
      },
      "id": "node/2467973810"
    },
    {
      "type": "Feature",
      "properties": {
        "@id": "node/2467973812",
        "name": "Néga",
        "place": "village",
        "source": "WRI_2005"
      },
      "geometry": {
        "type": "Point",
        "coordinates": [
          11.2928875,
          4.3254313
        ]
      },
      "id": "node/2467973812"
    },
    {
      "type": "Feature",
      "properties": {
        "@id": "node/2467973813",
        "name": "Oboa",
        "place": "village",
        "source": "WRI_2005"
      },
      "geometry": {
        "type": "Point",
        "coordinates": [
          11.6319237,
          4.1019023
        ]
      },
      "id": "node/2467973813"
    },
    {
      "type": "Feature",
      "properties": {
        "@id": "node/2467973814",
        "name": "Odon",
        "place": "village",
        "source": "WRI_2005"
      },
      "geometry": {
        "type": "Point",
        "coordinates": [
          11.609844,
          4.4467795
        ]
      },
      "id": "node/2467973814"
    },
    {
      "type": "Feature",
      "properties": {
        "@id": "node/2467973815",
        "name": "Okok I",
        "place": "village",
        "source": "WRI_2005"
      },
      "geometry": {
        "type": "Point",
        "coordinates": [
          11.2458331,
          4.1337822
        ]
      },
      "id": "node/2467973815"
    },
    {
      "type": "Feature",
      "properties": {
        "@id": "node/2467973817",
        "name": "Olembé I",
        "place": "village",
        "source": "WRI_2005"
      },
      "geometry": {
        "type": "Point",
        "coordinates": [
          11.5322421,
          3.9557785
        ]
      },
      "id": "node/2467973817"
    },
    {
      "type": "Feature",
      "properties": {
        "@id": "node/2467973818",
        "name": "Olembé II",
        "place": "village",
        "source": "WRI_2005"
      },
      "geometry": {
        "type": "Point",
        "coordinates": [
          11.5429716,
          3.9608598
        ]
      },
      "id": "node/2467973818"
    },
    {
      "type": "Feature",
      "properties": {
        "@id": "node/2467973820",
        "name": "Otibili",
        "office": "government",
        "place": "village",
        "source": "WRI_2005"
      },
      "geometry": {
        "type": "Point",
        "coordinates": [
          11.6315201,
          4.3332627
        ]
      },
      "id": "node/2467973820"
    },
    {
      "type": "Feature",
      "properties": {
        "@id": "node/2467973823",
        "name": "Polo I",
        "place": "village",
        "source": "WRI_2005"
      },
      "geometry": {
        "type": "Point",
        "coordinates": [
          11.3989363,
          4.2834868
        ]
      },
      "id": "node/2467973823"
    },
    {
      "type": "Feature",
      "properties": {
        "@id": "node/2467973824",
        "name": "Polo II",
        "place": "village",
        "source": "WRI_2005"
      },
      "geometry": {
        "type": "Point",
        "coordinates": [
          11.3684259,
          4.2826389
        ]
      },
      "id": "node/2467973824"
    },
    {
      "type": "Feature",
      "properties": {
        "@id": "node/2467973825",
        "name": "Poupouma",
        "place": "village",
        "source": "WRI_2005",
        "wikidata": "Q3400371"
      },
      "geometry": {
        "type": "Point",
        "coordinates": [
          11.3008353,
          4.2263808
        ]
      },
      "id": "node/2467973825"
    },
    {
      "type": "Feature",
      "properties": {
        "@id": "node/2467973826",
        "name": "Ribang",
        "place": "village",
        "source": "WRI_2005"
      },
      "geometry": {
        "type": "Point",
        "coordinates": [
          11.146239,
          4.6958952
        ]
      },
      "id": "node/2467973826"
    },
    {
      "type": "Feature",
      "properties": {
        "@id": "node/2467973827",
        "name": "Rionong",
        "place": "village",
        "source": "WRI_2005"
      },
      "geometry": {
        "type": "Point",
        "coordinates": [
          11.1966164,
          4.7090589
        ]
      },
      "id": "node/2467973827"
    },
    {
      "type": "Feature",
      "properties": {
        "@id": "node/2467973828",
        "name": "Roum",
        "place": "village",
        "source": "WRI_2005"
      },
      "geometry": {
        "type": "Point",
        "coordinates": [
          11.1298793,
          4.7507518
        ]
      },
      "id": "node/2467973828"
    },
    {
      "type": "Feature",
      "properties": {
        "@id": "node/2467973830",
        "name": "Salakounou",
        "place": "village",
        "source": "WRI_2005"
      },
      "geometry": {
        "type": "Point",
        "coordinates": [
          11.6359395,
          4.5650985
        ]
      },
      "id": "node/2467973830"
    },
    {
      "type": "Feature",
      "properties": {
        "@id": "node/2467973832",
        "name": "Sasé",
        "place": "village",
        "source": "WRI_2005"
      },
      "geometry": {
        "type": "Point",
        "coordinates": [
          12.1182971,
          5.1733572
        ]
      },
      "id": "node/2467973832"
    },
    {
      "type": "Feature",
      "properties": {
        "@id": "node/2467973833",
        "name": "Serere",
        "place": "village",
        "source": "WRI_2005"
      },
      "geometry": {
        "type": "Point",
        "coordinates": [
          11.4003698,
          5.0328635
        ]
      },
      "id": "node/2467973833"
    },
    {
      "type": "Feature",
      "properties": {
        "@id": "node/2467973838",
        "name": "Tala I",
        "place": "village",
        "source": "WRI_2005"
      },
      "geometry": {
        "type": "Point",
        "coordinates": [
          11.2226384,
          4.1760304
        ]
      },
      "id": "node/2467973838"
    },
    {
      "type": "Feature",
      "properties": {
        "@id": "node/2467973839",
        "name": "Tchonfou",
        "place": "village",
        "source": "WRI_2005"
      },
      "geometry": {
        "type": "Point",
        "coordinates": [
          12.3092542,
          5.4143544
        ]
      },
      "id": "node/2467973839"
    },
    {
      "type": "Feature",
      "properties": {
        "@id": "node/2467973840",
        "name": "Tchékané",
        "place": "village",
        "source": "WRI_2005"
      },
      "geometry": {
        "type": "Point",
        "coordinates": [
          11.0415222,
          4.7372382
        ]
      },
      "id": "node/2467973840"
    },
    {
      "type": "Feature",
      "properties": {
        "@id": "node/2467973841",
        "name": "Tchékos",
        "place": "village",
        "source": "WRI_2005"
      },
      "geometry": {
        "type": "Point",
        "coordinates": [
          11.0737714,
          4.598638
        ]
      },
      "id": "node/2467973841"
    },
    {
      "type": "Feature",
      "properties": {
        "@id": "node/2467973847",
        "name": "Tiofou",
        "place": "village",
        "source": "WRI_2005"
      },
      "geometry": {
        "type": "Point",
        "coordinates": [
          11.8611616,
          5.4202537
        ]
      },
      "id": "node/2467973847"
    },
    {
      "type": "Feature",
      "properties": {
        "@id": "node/2467973853",
        "name": "Toumbi",
        "place": "village",
        "source": "WRI_2005"
      },
      "geometry": {
        "type": "Point",
        "coordinates": [
          12.4417161,
          5.3274668
        ]
      },
      "id": "node/2467973853"
    },
    {
      "type": "Feature",
      "properties": {
        "@id": "node/2467973854",
        "name": "Tsang",
        "place": "village",
        "source": "WRI_2005"
      },
      "geometry": {
        "type": "Point",
        "coordinates": [
          11.2442317,
          4.313829
        ]
      },
      "id": "node/2467973854"
    },
    {
      "type": "Feature",
      "properties": {
        "@id": "node/2467973855",
        "name": "Tsékoum",
        "place": "village",
        "source": "WRI_2005"
      },
      "geometry": {
        "type": "Point",
        "coordinates": [
          12.4511751,
          5.0682309
        ]
      },
      "id": "node/2467973855"
    },
    {
      "type": "Feature",
      "properties": {
        "@id": "node/2467973857",
        "name": "Wala",
        "place": "village",
        "source": "WRI_2005"
      },
      "geometry": {
        "type": "Point",
        "coordinates": [
          12.1898807,
          4.7924275
        ]
      },
      "id": "node/2467973857"
    },
    {
      "type": "Feature",
      "properties": {
        "@id": "node/2467973858",
        "name": "Wassa",
        "place": "village",
        "source": "WRI_2005"
      },
      "geometry": {
        "type": "Point",
        "coordinates": [
          12.2594745,
          4.8199852
        ]
      },
      "id": "node/2467973858"
    },
    {
      "type": "Feature",
      "properties": {
        "@id": "node/2467973862",
        "name": "Yakan",
        "place": "village",
        "source": "WRI_2005"
      },
      "geometry": {
        "type": "Point",
        "coordinates": [
          11.1679779,
          4.7080332
        ]
      },
      "id": "node/2467973862"
    },
    {
      "type": "Feature",
      "properties": {
        "@id": "node/2467973863",
        "name": "Yalongo",
        "place": "village",
        "source": "WRI_2005"
      },
      "geometry": {
        "type": "Point",
        "coordinates": [
          11.6774389,
          4.6571368
        ]
      },
      "id": "node/2467973863"
    },
    {
      "type": "Feature",
      "properties": {
        "@id": "node/2467973864",
        "name": "Yambeta",
        "place": "village",
        "source": "WRI_2005"
      },
      "geometry": {
        "type": "Point",
        "coordinates": [
          11.0230236,
          4.8421546
        ]
      },
      "id": "node/2467973864"
    },
    {
      "type": "Feature",
      "properties": {
        "@id": "node/2467973865",
        "name": "Yangba",
        "place": "village",
        "source": "WRI_2005"
      },
      "geometry": {
        "type": "Point",
        "coordinates": [
          11.4205338,
          5.1128886
        ]
      },
      "id": "node/2467973865"
    },
    {
      "type": "Feature",
      "properties": {
        "@id": "node/2467973866",
        "name": "Yangben",
        "place": "village",
        "source": "WRI_2005"
      },
      "geometry": {
        "type": "Point",
        "coordinates": [
          11.0640167,
          4.4258548
        ]
      },
      "id": "node/2467973866"
    },
    {
      "type": "Feature",
      "properties": {
        "@id": "node/2467973867",
        "name": "Yingbi",
        "place": "village",
        "source": "WRI_2005"
      },
      "geometry": {
        "type": "Point",
        "coordinates": [
          12.477807,
          5.2708287
        ]
      },
      "id": "node/2467973867"
    },
    {
      "type": "Feature",
      "properties": {
        "@id": "node/2467973869",
        "name": "Yoro",
        "place": "village",
        "population": "1656",
        "population:date": "2005",
        "source": "https://www.pndp.org/documents/PCD_BOKITO_2019_CFD.pdf",
        "source:population": "https://www.pndp.org/documents/PCD_BOKITO_2019_CFD.pdf"
      },
      "geometry": {
        "type": "Point",
        "coordinates": [
          11.1173205,
          4.5248543
        ]
      },
      "id": "node/2467973869"
    },
    {
      "type": "Feature",
      "properties": {
        "@id": "node/2467973872",
        "name": "Yémékout",
        "place": "village",
        "source": "WRI_2005"
      },
      "geometry": {
        "type": "Point",
        "coordinates": [
          11.453756,
          4.1902329
        ]
      },
      "id": "node/2467973872"
    },
    {
      "type": "Feature",
      "properties": {
        "@id": "node/2467973873",
        "name": "Zakan",
        "place": "village",
        "source": "WRI_2005"
      },
      "geometry": {
        "type": "Point",
        "coordinates": [
          11.2379168,
          4.9077909
        ]
      },
      "id": "node/2467973873"
    },
    {
      "type": "Feature",
      "properties": {
        "@id": "node/2467973874",
        "name": "Zoatoupsi",
        "place": "village",
        "source": "WRI_2005"
      },
      "geometry": {
        "type": "Point",
        "coordinates": [
          11.4793967,
          4.1408249
        ]
      },
      "id": "node/2467973874"
    },
    {
      "type": "Feature",
      "properties": {
        "@id": "node/2467973875",
        "name": "Zokogo",
        "place": "village",
        "source": "WRI_2005"
      },
      "geometry": {
        "type": "Point",
        "coordinates": [
          11.3695085,
          4.3211835
        ]
      },
      "id": "node/2467973875"
    },
    {
      "type": "Feature",
      "properties": {
        "@id": "node/2467973876",
        "name": "Ébolmongo",
        "place": "village",
        "source": "WRI_2005"
      },
      "geometry": {
        "type": "Point",
        "coordinates": [
          11.2678473,
          4.2421171
        ]
      },
      "id": "node/2467973876"
    },
    {
      "type": "Feature",
      "properties": {
        "@id": "node/2467973877",
        "name": "Ébong",
        "place": "village",
        "source": "WRI_2005"
      },
      "geometry": {
        "type": "Point",
        "coordinates": [
          11.3759522,
          4.3404637
        ]
      },
      "id": "node/2467973877"
    },
    {
      "type": "Feature",
      "properties": {
        "@id": "node/2467973878",
        "name": "Ékalan Minkou",
        "place": "village",
        "source": "WRI_2005"
      },
      "geometry": {
        "type": "Point",
        "coordinates": [
          11.4231658,
          4.3047414
        ]
      },
      "id": "node/2467973878"
    },
    {
      "type": "Feature",
      "properties": {
        "@id": "node/2467973879",
        "name": "Ézézang",
        "place": "village",
        "source": "WRI_2005"
      },
      "geometry": {
        "type": "Point",
        "coordinates": [
          11.3653143,
          4.271207
        ]
      },
      "id": "node/2467973879"
    },
    {
      "type": "Feature",
      "properties": {
        "@id": "node/2468013671",
        "name": "Ebemebang",
        "place": "village",
        "source": "WRI_2005"
      },
      "geometry": {
        "type": "Point",
        "coordinates": [
          11.6249212,
          3.9619586
        ]
      },
      "id": "node/2468013671"
    },
    {
      "type": "Feature",
      "properties": {
        "@id": "node/2468013672",
        "name": "Ebogo I",
        "place": "village",
        "source": "WRI_2005"
      },
      "geometry": {
        "type": "Point",
        "coordinates": [
          11.5889804,
          3.9527592
        ]
      },
      "id": "node/2468013672"
    },
    {
      "type": "Feature",
      "properties": {
        "@id": "node/2468013676",
        "name": "Ntouessong VI",
        "place": "village",
        "source": "WRI_2005"
      },
      "geometry": {
        "type": "Point",
        "coordinates": [
          11.6100806,
          3.9391244
        ]
      },
      "id": "node/2468013676"
    },
    {
      "type": "Feature",
      "properties": {
        "@id": "node/2468013677",
        "name": "Ntouessong VII",
        "place": "village",
        "source": "WRI_2005"
      },
      "geometry": {
        "type": "Point",
        "coordinates": [
          11.6096541,
          3.9262853
        ]
      },
      "id": "node/2468013677"
    },
    {
      "type": "Feature",
      "properties": {
        "@id": "node/2482491828",
        "alt_name": "Zoétoupsi",
        "name": "Zoatoupsi",
        "place": "village"
      },
      "geometry": {
        "type": "Point",
        "coordinates": [
          11.5136561,
          3.4394172
        ]
      },
      "id": "node/2482491828"
    },
    {
      "type": "Feature",
      "properties": {
        "@id": "node/2482492451",
        "name": "Eboufek",
        "place": "village"
      },
      "geometry": {
        "type": "Point",
        "coordinates": [
          11.5223787,
          3.4106082
        ]
      },
      "id": "node/2482492451"
    },
    {
      "type": "Feature",
      "properties": {
        "@id": "node/2482492878",
        "name": "Nkolnguet",
        "place": "village"
      },
      "geometry": {
        "type": "Point",
        "coordinates": [
          11.5154897,
          3.4921247
        ]
      },
      "id": "node/2482492878"
    },
    {
      "type": "Feature",
      "properties": {
        "@id": "node/2482493313",
        "name": "Oyack II",
        "place": "village"
      },
      "geometry": {
        "type": "Point",
        "coordinates": [
          11.5022718,
          3.5068172
        ]
      },
      "id": "node/2482493313"
    },
    {
      "type": "Feature",
      "properties": {
        "@id": "node/2503847483",
        "XCOORD": "11.28889",
        "YCOORD": "3.63333",
        "name": "Nkol-Medjap",
        "place": "village",
        "population": "361"
      },
      "geometry": {
        "type": "Point",
        "coordinates": [
          11.290153,
          3.6407904
        ]
      },
      "id": "node/2503847483"
    },
    {
      "type": "Feature",
      "properties": {
        "@id": "node/2525732141",
        "name": "Guetsing II",
        "place": "village"
      },
      "geometry": {
        "type": "Point",
        "coordinates": [
          11.2713924,
          4.6258761
        ]
      },
      "id": "node/2525732141"
    },
    {
      "type": "Feature",
      "properties": {
        "@id": "node/2525850481",
        "designation": "Town",
        "name": "Bibey",
        "note": "rank=0 car commune",
        "place": "town",
        "rank": "0",
        "source": "WRI_2005",
        "wikidata": "Q4903000"
      },
      "geometry": {
        "type": "Point",
        "coordinates": [
          12.812248,
          4.868784
        ]
      },
      "id": "node/2525850481"
    },
    {
      "type": "Feature",
      "properties": {
        "@id": "node/2537152322",
        "name": "Nkoabang",
        "place": "village",
        "source": "WRI_2005"
      },
      "geometry": {
        "type": "Point",
        "coordinates": [
          11.4216269,
          3.6625709
        ]
      },
      "id": "node/2537152322"
    },
    {
      "type": "Feature",
      "properties": {
        "@id": "node/2545132887",
        "name": "Edané",
        "place": "village"
      },
      "geometry": {
        "type": "Point",
        "coordinates": [
          11.2646146,
          4.573985
        ]
      },
      "id": "node/2545132887"
    },
    {
      "type": "Feature",
      "properties": {
        "@id": "node/2637613955",
        "name": "Nsolé",
        "place": "village"
      },
      "geometry": {
        "type": "Point",
        "coordinates": [
          11.2753934,
          3.5913894
        ]
      },
      "id": "node/2637613955"
    },
    {
      "type": "Feature",
      "properties": {
        "@id": "node/2638348550",
        "name": "Nkongndougou IV",
        "place": "village",
        "source": "WRI_2005"
      },
      "geometry": {
        "type": "Point",
        "coordinates": [
          11.3725395,
          3.6141692
        ]
      },
      "id": "node/2638348550"
    },
    {
      "type": "Feature",
      "properties": {
        "@id": "node/2661304139",
        "name": "Bikolol-Bikome",
        "place": "village",
        "source": "WRI_2005"
      },
      "geometry": {
        "type": "Point",
        "coordinates": [
          11.3816717,
          3.6320251
        ]
      },
      "id": "node/2661304139"
    },
    {
      "type": "Feature",
      "properties": {
        "@id": "node/2695324669",
        "name": "Nkolnlong II",
        "place": "village"
      },
      "geometry": {
        "type": "Point",
        "coordinates": [
          11.1994573,
          3.4650269
        ]
      },
      "id": "node/2695324669"
    },
    {
      "type": "Feature",
      "properties": {
        "@id": "node/2791993490",
        "name": "Zoatoupsi",
        "place": "village"
      },
      "geometry": {
        "type": "Point",
        "coordinates": [
          11.3956925,
          3.8129446
        ]
      },
      "id": "node/2791993490"
    },
    {
      "type": "Feature",
      "properties": {
        "@id": "node/2801458000",
        "name": "Doguem",
        "place": "village"
      },
      "geometry": {
        "type": "Point",
        "coordinates": [
          11.2064249,
          4.7237862
        ]
      },
      "id": "node/2801458000"
    },
    {
      "type": "Feature",
      "properties": {
        "@id": "node/2911109149",
        "name": "Mbanga",
        "place": "village"
      },
      "geometry": {
        "type": "Point",
        "coordinates": [
          10.8178638,
          3.8679022
        ]
      },
      "id": "node/2911109149"
    },
    {
      "type": "Feature",
      "properties": {
        "@id": "node/2911109169",
        "name": "Biyouha",
        "note": "rank=0 car commune",
        "place": "town",
        "rank": "0",
        "wikidata": "Q12684052"
      },
      "geometry": {
        "type": "Point",
        "coordinates": [
          10.741788,
          3.818606
        ]
      },
      "id": "node/2911109169"
    },
    {
      "type": "Feature",
      "properties": {
        "@id": "node/2917112209",
        "alt_name": "Olanguina; Assamba",
        "name": "Olanguina",
        "note": "rank=0 car commune",
        "place": "town",
        "rank": "0",
        "wikidata": "Q3350147"
      },
      "geometry": {
        "type": "Point",
        "coordinates": [
          12.0179929,
          3.9663727
        ]
      },
      "id": "node/2917112209"
    },
    {
      "type": "Feature",
      "properties": {
        "@id": "node/2917176737",
        "name": "Nkolguet Mfou",
        "place": "village"
      },
      "geometry": {
        "type": "Point",
        "coordinates": [
          11.666007,
          3.7430582
        ]
      },
      "id": "node/2917176737"
    },
    {
      "type": "Feature",
      "properties": {
        "@id": "node/2917581892",
        "name": "Nguibassal",
        "note": "rank=0 car commune",
        "place": "town",
        "rank": "0"
      },
      "geometry": {
        "type": "Point",
        "coordinates": [
          11.0566585,
          4.0656978
        ]
      },
      "id": "node/2917581892"
    },
    {
      "type": "Feature",
      "properties": {
        "@id": "node/2965748131",
        "name": "Nkolfoulou I",
        "place": "village",
        "source": "WRI_2005"
      },
      "geometry": {
        "type": "Point",
        "coordinates": [
          11.5707817,
          3.9137897
        ]
      },
      "id": "node/2965748131"
    },
    {
      "type": "Feature",
      "properties": {
        "@id": "node/3037751523",
        "alt_name": "Sangbé",
        "name": "Sengbe",
        "place": "village",
        "wikidata": "Q28840977",
        "wikipedia": "fr:Sengbe"
      },
      "geometry": {
        "type": "Point",
        "coordinates": [
          12.4720335,
          6.0495216
        ]
      },
      "id": "node/3037751523"
    },
    {
      "type": "Feature",
      "properties": {
        "@id": "node/3040039514",
        "name": "Koang",
        "place": "village"
      },
      "geometry": {
        "type": "Point",
        "coordinates": [
          11.6241052,
          5.5964579
        ]
      },
      "id": "node/3040039514"
    },
    {
      "type": "Feature",
      "properties": {
        "@id": "node/3040039515",
        "name": "Kpaing",
        "place": "village"
      },
      "geometry": {
        "type": "Point",
        "coordinates": [
          11.7450529,
          5.577768
        ]
      },
      "id": "node/3040039515"
    },
    {
      "type": "Feature",
      "properties": {
        "@id": "node/3040039516",
        "name": "Longwe",
        "place": "village"
      },
      "geometry": {
        "type": "Point",
        "coordinates": [
          11.7685388,
          5.5746146
        ]
      },
      "id": "node/3040039516"
    },
    {
      "type": "Feature",
      "properties": {
        "@id": "node/3040039517",
        "name": "Mamblang",
        "place": "village"
      },
      "geometry": {
        "type": "Point",
        "coordinates": [
          11.6704283,
          5.5838406
        ]
      },
      "id": "node/3040039517"
    },
    {
      "type": "Feature",
      "properties": {
        "@id": "node/3040039518",
        "name": "Mande",
        "place": "village"
      },
      "geometry": {
        "type": "Point",
        "coordinates": [
          11.5147451,
          5.739247
        ]
      },
      "id": "node/3040039518"
    },
    {
      "type": "Feature",
      "properties": {
        "@id": "node/3040039519",
        "name": "Mango Fion",
        "place": "village"
      },
      "geometry": {
        "type": "Point",
        "coordinates": [
          11.8190571,
          5.5835297
        ]
      },
      "id": "node/3040039519"
    },
    {
      "type": "Feature",
      "properties": {
        "@id": "node/3040039520",
        "name": "Mango Nzoni",
        "place": "village"
      },
      "geometry": {
        "type": "Point",
        "coordinates": [
          11.948639,
          5.604627
        ]
      },
      "id": "node/3040039520"
    },
    {
      "type": "Feature",
      "properties": {
        "@id": "node/3040039521",
        "name": "Mbarki",
        "place": "village"
      },
      "geometry": {
        "type": "Point",
        "coordinates": [
          12.153469,
          5.566045
        ]
      },
      "id": "node/3040039521"
    },
    {
      "type": "Feature",
      "properties": {
        "@id": "node/3040039523",
        "name": "Ngangui",
        "place": "village"
      },
      "geometry": {
        "type": "Point",
        "coordinates": [
          12.011026,
          5.6317089
        ]
      },
      "id": "node/3040039523"
    },
    {
      "type": "Feature",
      "properties": {
        "@id": "node/3040039524",
        "name": "Ngbatana",
        "place": "village"
      },
      "geometry": {
        "type": "Point",
        "coordinates": [
          12.1895859,
          5.565017
        ]
      },
      "id": "node/3040039524"
    },
    {
      "type": "Feature",
      "properties": {
        "@id": "node/3040039525",
        "name": "Ngu",
        "place": "village"
      },
      "geometry": {
        "type": "Point",
        "coordinates": [
          11.984566,
          5.6172549
        ]
      },
      "id": "node/3040039525"
    },
    {
      "type": "Feature",
      "properties": {
        "@id": "node/3040039526",
        "name": "Pobiong",
        "place": "village"
      },
      "geometry": {
        "type": "Point",
        "coordinates": [
          11.7604069,
          5.572726
        ]
      },
      "id": "node/3040039526"
    },
    {
      "type": "Feature",
      "properties": {
        "@id": "node/3055571864",
        "name": "Boumdjack",
        "place": "village"
      },
      "geometry": {
        "type": "Point",
        "coordinates": [
          11.0116139,
          4.0645295
        ]
      },
      "id": "node/3055571864"
    },
    {
      "type": "Feature",
      "properties": {
        "@id": "node/3057016490",
        "name": "Hegba",
        "place": "village"
      },
      "geometry": {
        "type": "Point",
        "coordinates": [
          11.0801011,
          3.9821736
        ]
      },
      "id": "node/3057016490"
    },
    {
      "type": "Feature",
      "properties": {
        "@id": "node/3078840347",
        "name": "Abondo",
        "place": "village",
        "source": "WRI_2005"
      },
      "geometry": {
        "type": "Point",
        "coordinates": [
          11.6158265,
          4.0632265
        ]
      },
      "id": "node/3078840347"
    },
    {
      "type": "Feature",
      "properties": {
        "@id": "node/3078840685",
        "name": "Koulou",
        "place": "village",
        "source": "WRI_2005"
      },
      "geometry": {
        "type": "Point",
        "coordinates": [
          11.6220117,
          4.0754693
        ]
      },
      "id": "node/3078840685"
    },
    {
      "type": "Feature",
      "properties": {
        "@id": "node/3080987090",
        "name": "Abang II",
        "place": "village"
      },
      "geometry": {
        "type": "Point",
        "coordinates": [
          11.2828456,
          3.5781409
        ]
      },
      "id": "node/3080987090"
    },
    {
      "type": "Feature",
      "properties": {
        "@id": "node/3080987091",
        "name": "Abangmindi",
        "place": "village",
        "source": "WRI_2005"
      },
      "geometry": {
        "type": "Point",
        "coordinates": [
          11.4105609,
          3.4544782
        ]
      },
      "id": "node/3080987091"
    },
    {
      "type": "Feature",
      "properties": {
        "@id": "node/3080987092",
        "name": "Adjap",
        "place": "village",
        "source": "WRI_2005"
      },
      "geometry": {
        "type": "Point",
        "coordinates": [
          11.2716275,
          3.4747342
        ]
      },
      "id": "node/3080987092"
    },
    {
      "type": "Feature",
      "properties": {
        "@id": "node/3080987093",
        "name": "Bikok",
        "note": "rank=0 car commune",
        "place": "town",
        "rank": "0",
        "wikidata": "Q4907428"
      },
      "geometry": {
        "type": "Point",
        "coordinates": [
          11.4468288,
          3.625083
        ]
      },
      "id": "node/3080987093"
    },
    {
      "type": "Feature",
      "properties": {
        "@id": "node/3080987095",
        "name": "Bilik II",
        "place": "village"
      },
      "geometry": {
        "type": "Point",
        "coordinates": [
          11.2788163,
          3.5146323
        ]
      },
      "id": "node/3080987095"
    },
    {
      "type": "Feature",
      "properties": {
        "@id": "node/3080987096",
        "name": "Bilik",
        "place": "village"
      },
      "geometry": {
        "type": "Point",
        "coordinates": [
          11.2990288,
          3.5172397
        ]
      },
      "id": "node/3080987096"
    },
    {
      "type": "Feature",
      "properties": {
        "@id": "node/3080987097",
        "name": "Doum",
        "place": "village"
      },
      "geometry": {
        "type": "Point",
        "coordinates": [
          11.2932806,
          3.4409873
        ]
      },
      "id": "node/3080987097"
    },
    {
      "type": "Feature",
      "properties": {
        "@id": "node/3080987098",
        "name": "Ekoudendi",
        "place": "town",
        "source": "WRI_2005"
      },
      "geometry": {
        "type": "Point",
        "coordinates": [
          11.2740696,
          3.4203523
        ]
      },
      "id": "node/3080987098"
    },
    {
      "type": "Feature",
      "properties": {
        "@id": "node/3080987099",
        "name": "Ekoumdoum",
        "place": "village",
        "source": "WRI_2005"
      },
      "geometry": {
        "type": "Point",
        "coordinates": [
          11.3236261,
          3.5398472
        ]
      },
      "id": "node/3080987099"
    },
    {
      "type": "Feature",
      "properties": {
        "@id": "node/3080987100",
        "name": "Evindissi",
        "place": "town",
        "source": "WRI_2005"
      },
      "geometry": {
        "type": "Point",
        "coordinates": [
          11.3997894,
          3.4370543
        ]
      },
      "id": "node/3080987100"
    },
    {
      "type": "Feature",
      "properties": {
        "@id": "node/3080987101",
        "name": "Fegmimbang I",
        "place": "village"
      },
      "geometry": {
        "type": "Point",
        "coordinates": [
          11.3143373,
          3.5230575
        ]
      },
      "id": "node/3080987101"
    },
    {
      "type": "Feature",
      "properties": {
        "@id": "node/3080987102",
        "name": "Fegmimbang II",
        "place": "village"
      },
      "geometry": {
        "type": "Point",
        "coordinates": [
          11.3127903,
          3.5291596
        ]
      },
      "id": "node/3080987102"
    },
    {
      "type": "Feature",
      "properties": {
        "@id": "node/3080987103",
        "name": "Fegmimbang III",
        "place": "village",
        "source": "WRI_2005"
      },
      "geometry": {
        "type": "Point",
        "coordinates": [
          11.3760851,
          3.5503725
        ]
      },
      "id": "node/3080987103"
    },
    {
      "type": "Feature",
      "properties": {
        "@id": "node/3080987104",
        "name": "Lepse",
        "place": "village",
        "source": "WRI_2005"
      },
      "geometry": {
        "type": "Point",
        "coordinates": [
          11.2324507,
          3.4392622
        ]
      },
      "id": "node/3080987104"
    },
    {
      "type": "Feature",
      "properties": {
        "@id": "node/3080987105",
        "name": "Loum",
        "place": "village",
        "source": "WRI_2005"
      },
      "geometry": {
        "type": "Point",
        "coordinates": [
          11.308441,
          3.4063886
        ]
      },
      "id": "node/3080987105"
    },
    {
      "type": "Feature",
      "properties": {
        "@id": "node/3080987106",
        "name": "Manmenyié",
        "place": "village",
        "source": "WRI_2005"
      },
      "geometry": {
        "type": "Point",
        "coordinates": [
          11.4100997,
          3.5019305
        ]
      },
      "id": "node/3080987106"
    },
    {
      "type": "Feature",
      "properties": {
        "@id": "node/3080987107",
        "name": "Mbeng",
        "place": "village",
        "source": "WRI_2005"
      },
      "geometry": {
        "type": "Point",
        "coordinates": [
          11.2226557,
          3.5408243
        ]
      },
      "id": "node/3080987107"
    },
    {
      "type": "Feature",
      "properties": {
        "@id": "node/3080987108",
        "name": "Mezali",
        "place": "village"
      },
      "geometry": {
        "type": "Point",
        "coordinates": [
          11.3329656,
          3.4237127
        ]
      },
      "id": "node/3080987108"
    },
    {
      "type": "Feature",
      "properties": {
        "@id": "node/3080987110",
        "name": "Mfida II",
        "place": "village"
      },
      "geometry": {
        "type": "Point",
        "coordinates": [
          11.3141206,
          3.4625733
        ]
      },
      "id": "node/3080987110"
    },
    {
      "type": "Feature",
      "properties": {
        "@id": "node/3080987111",
        "name": "Mfida III",
        "place": "village"
      },
      "geometry": {
        "type": "Point",
        "coordinates": [
          11.3097291,
          3.4581677
        ]
      },
      "id": "node/3080987111"
    },
    {
      "type": "Feature",
      "properties": {
        "@id": "node/3080987112",
        "name": "Mfida IV",
        "place": "village"
      },
      "geometry": {
        "type": "Point",
        "coordinates": [
          11.297697,
          3.4561486
        ]
      },
      "id": "node/3080987112"
    },
    {
      "type": "Feature",
      "properties": {
        "@id": "node/3080987113",
        "name": "Ndangueng",
        "place": "village"
      },
      "geometry": {
        "type": "Point",
        "coordinates": [
          11.2315612,
          3.4759198
        ]
      },
      "id": "node/3080987113"
    },
    {
      "type": "Feature",
      "properties": {
        "@id": "node/3080987114",
        "name": "Ngamba",
        "place": "village"
      },
      "geometry": {
        "type": "Point",
        "coordinates": [
          11.3420833,
          3.4529814
        ]
      },
      "id": "node/3080987114"
    },
    {
      "type": "Feature",
      "properties": {
        "@id": "node/3080987115",
        "name": "Ngon",
        "place": "village"
      },
      "geometry": {
        "type": "Point",
        "coordinates": [
          11.2733336,
          3.5675381
        ]
      },
      "id": "node/3080987115"
    },
    {
      "type": "Feature",
      "properties": {
        "@id": "node/3080987116",
        "name": "Ngougoun I",
        "place": "village",
        "source": "WRI_2005"
      },
      "geometry": {
        "type": "Point",
        "coordinates": [
          11.2436177,
          3.5522316
        ]
      },
      "id": "node/3080987116"
    },
    {
      "type": "Feature",
      "properties": {
        "@id": "node/3080987117",
        "name": "Ngougoun II",
        "place": "village",
        "source": "WRI_2005"
      },
      "geometry": {
        "type": "Point",
        "coordinates": [
          11.2313046,
          3.5672936
        ]
      },
      "id": "node/3080987117"
    },
    {
      "type": "Feature",
      "properties": {
        "@id": "node/3080987118",
        "name": "Nkol Ekelle",
        "place": "village"
      },
      "geometry": {
        "type": "Point",
        "coordinates": [
          11.2538898,
          3.4508613
        ]
      },
      "id": "node/3080987118"
    },
    {
      "type": "Feature",
      "properties": {
        "@id": "node/3080987119",
        "XCOORD": "11.27778",
        "YCOORD": "3.56111",
        "name": "Nkol-Eman",
        "place": "village",
        "population": "102"
      },
      "geometry": {
        "type": "Point",
        "coordinates": [
          11.27778,
          3.56111
        ]
      },
      "id": "node/3080987119"
    },
    {
      "type": "Feature",
      "properties": {
        "@id": "node/3080987120",
        "XCOORD": "11.25",
        "YCOORD": "3.57222",
        "name": "Nkol-Okede",
        "place": "village",
        "population": "202"
      },
      "geometry": {
        "type": "Point",
        "coordinates": [
          11.25,
          3.57222
        ]
      },
      "id": "node/3080987120"
    },
    {
      "type": "Feature",
      "properties": {
        "@id": "node/3080987121",
        "name": "Nkolakono I",
        "place": "village",
        "source": "WRI_2005"
      },
      "geometry": {
        "type": "Point",
        "coordinates": [
          11.3269497,
          3.5592242
        ]
      },
      "id": "node/3080987121"
    },
    {
      "type": "Feature",
      "properties": {
        "@id": "node/3080987122",
        "name": "Nkolakono II",
        "place": "village"
      },
      "geometry": {
        "type": "Point",
        "coordinates": [
          11.3219436,
          3.5114225
        ]
      },
      "id": "node/3080987122"
    },
    {
      "type": "Feature",
      "properties": {
        "@id": "node/3080987123",
        "name": "Nkolnegbe",
        "place": "village"
      },
      "geometry": {
        "type": "Point",
        "coordinates": [
          11.3570581,
          3.5618597
        ]
      },
      "id": "node/3080987123"
    },
    {
      "type": "Feature",
      "properties": {
        "@id": "node/3080987124",
        "name": "Nkolngok I",
        "place": "village",
        "source": "WRI_2005"
      },
      "geometry": {
        "type": "Point",
        "coordinates": [
          11.3733136,
          3.5025975
        ]
      },
      "id": "node/3080987124"
    },
    {
      "type": "Feature",
      "properties": {
        "@id": "node/3080987125",
        "name": "Nkolngok",
        "place": "village",
        "source": "WRI_2005"
      },
      "geometry": {
        "type": "Point",
        "coordinates": [
          11.297285,
          3.4175286
        ]
      },
      "id": "node/3080987125"
    },
    {
      "type": "Feature",
      "properties": {
        "@id": "node/3080987127",
        "name": "Nkolnlong III",
        "place": "village"
      },
      "geometry": {
        "type": "Point",
        "coordinates": [
          11.2214526,
          3.4774596
        ]
      },
      "id": "node/3080987127"
    },
    {
      "type": "Feature",
      "properties": {
        "@id": "node/3080987129",
        "name": "Nkolébembissie",
        "place": "village",
        "source": "WRI_2005"
      },
      "geometry": {
        "type": "Point",
        "coordinates": [
          11.3485866,
          3.564933
        ]
      },
      "id": "node/3080987129"
    },
    {
      "type": "Feature",
      "properties": {
        "@id": "node/3080987130",
        "name": "Nkoléman",
        "place": "village"
      },
      "geometry": {
        "type": "Point",
        "coordinates": [
          11.264968,
          3.560033
        ]
      },
      "id": "node/3080987130"
    },
    {
      "type": "Feature",
      "properties": {
        "@id": "node/3080987131",
        "name": "Nkong-Bibega 2",
        "place": "village",
        "population": "70"
      },
      "geometry": {
        "type": "Point",
        "coordinates": [
          11.2621641,
          3.5571579
        ]
      },
      "id": "node/3080987131"
    },
    {
      "type": "Feature",
      "properties": {
        "@id": "node/3080987132",
        "name": "Nkong-Meyos 3",
        "place": "village",
        "population": "123"
      },
      "geometry": {
        "type": "Point",
        "coordinates": [
          11.3101746,
          3.5496881
        ]
      },
      "id": "node/3080987132"
    },
    {
      "type": "Feature",
      "properties": {
        "@id": "node/3080987233",
        "name": "Nkongbibega",
        "place": "village",
        "source": "WRI_2005"
      },
      "geometry": {
        "type": "Point",
        "coordinates": [
          11.3080457,
          3.5567405
        ]
      },
      "id": "node/3080987233"
    },
    {
      "type": "Feature",
      "properties": {
        "@id": "node/3080987234",
        "name": "Nkongnen II",
        "place": "village",
        "source": "WRI_2005"
      },
      "geometry": {
        "type": "Point",
        "coordinates": [
          11.4186811,
          3.4741179
        ]
      },
      "id": "node/3080987234"
    },
    {
      "type": "Feature",
      "properties": {
        "@id": "node/3080987235",
        "name": "Nkongnen II",
        "place": "village"
      },
      "geometry": {
        "type": "Point",
        "coordinates": [
          11.3158253,
          3.4837941
        ]
      },
      "id": "node/3080987235"
    },
    {
      "type": "Feature",
      "properties": {
        "@id": "node/3080987236",
        "name": "Nkongntsam",
        "place": "village",
        "source": "WRI_2005"
      },
      "geometry": {
        "type": "Point",
        "coordinates": [
          11.2938837,
          3.4898014
        ]
      },
      "id": "node/3080987236"
    },
    {
      "type": "Feature",
      "properties": {
        "@id": "node/3080987237",
        "name": "Nkongzok I",
        "place": "village",
        "source": "WRI_2005"
      },
      "geometry": {
        "type": "Point",
        "coordinates": [
          11.3016549,
          3.5759132
        ]
      },
      "id": "node/3080987237"
    },
    {
      "type": "Feature",
      "properties": {
        "@id": "node/3080987238",
        "name": "Nkoélon",
        "place": "village",
        "source": "WRI_2005"
      },
      "geometry": {
        "type": "Point",
        "coordinates": [
          11.3112257,
          3.5373519
        ]
      },
      "id": "node/3080987238"
    },
    {
      "type": "Feature",
      "properties": {
        "@id": "node/3080987239",
        "name": "Nloup",
        "place": "village",
        "population": "181"
      },
      "geometry": {
        "type": "Point",
        "coordinates": [
          11.2824382,
          3.5650818
        ]
      },
      "id": "node/3080987239"
    },
    {
      "type": "Feature",
      "properties": {
        "@id": "node/3080987240",
        "name": "Ntouessong",
        "place": "village",
        "source": "WRI_2005"
      },
      "geometry": {
        "type": "Point",
        "coordinates": [
          11.4122451,
          3.4611476
        ]
      },
      "id": "node/3080987240"
    },
    {
      "type": "Feature",
      "properties": {
        "@id": "node/3080987241",
        "name": "Ofoumou Nselek",
        "place": "village",
        "source": "WRI_2005"
      },
      "geometry": {
        "type": "Point",
        "coordinates": [
          11.3585342,
          3.5815543
        ]
      },
      "id": "node/3080987241"
    },
    {
      "type": "Feature",
      "properties": {
        "@id": "node/3080987242",
        "name": "Okombe",
        "place": "village"
      },
      "geometry": {
        "type": "Point",
        "coordinates": [
          11.2648183,
          3.5007423
        ]
      },
      "id": "node/3080987242"
    },
    {
      "type": "Feature",
      "properties": {
        "@id": "node/3080987243",
        "name": "Ossoe mimbang",
        "place": "village"
      },
      "geometry": {
        "type": "Point",
        "coordinates": [
          11.3411888,
          3.4234093
        ]
      },
      "id": "node/3080987243"
    },
    {
      "type": "Feature",
      "properties": {
        "@id": "node/3080987244",
        "name": "Ossoé Bemvaa",
        "place": "village",
        "source": "WRI_2005"
      },
      "geometry": {
        "type": "Point",
        "coordinates": [
          11.2855701,
          3.4032648
        ]
      },
      "id": "node/3080987244"
    },
    {
      "type": "Feature",
      "properties": {
        "@id": "node/3080987245",
        "name": "Ovangoul III",
        "place": "village"
      },
      "geometry": {
        "type": "Point",
        "coordinates": [
          11.2760979,
          3.5366967
        ]
      },
      "id": "node/3080987245"
    },
    {
      "type": "Feature",
      "properties": {
        "@id": "node/3080987246",
        "name": "Ovangoul",
        "place": "village"
      },
      "geometry": {
        "type": "Point",
        "coordinates": [
          11.2655616,
          3.5514577
        ]
      },
      "id": "node/3080987246"
    },
    {
      "type": "Feature",
      "properties": {
        "@id": "node/3080987248",
        "name": "Sim",
        "place": "village"
      },
      "geometry": {
        "type": "Point",
        "coordinates": [
          11.244459,
          3.4588433
        ]
      },
      "id": "node/3080987248"
    },
    {
      "type": "Feature",
      "properties": {
        "@id": "node/3080987249",
        "name": "Songmimbias",
        "place": "village",
        "source": "WRI_2005"
      },
      "geometry": {
        "type": "Point",
        "coordinates": [
          11.4249408,
          3.4583756
        ]
      },
      "id": "node/3080987249"
    },
    {
      "type": "Feature",
      "properties": {
        "@id": "node/3080987250",
        "name": "Zoalouma",
        "place": "village"
      },
      "geometry": {
        "type": "Point",
        "coordinates": [
          11.3401183,
          3.4615742
        ]
      },
      "id": "node/3080987250"
    },
    {
      "type": "Feature",
      "properties": {
        "@id": "node/3080987252",
        "place": "village"
      },
      "geometry": {
        "type": "Point",
        "coordinates": [
          11.3396369,
          3.5024183
        ]
      },
      "id": "node/3080987252"
    },
    {
      "type": "Feature",
      "properties": {
        "@id": "node/3080987253",
        "place": "village"
      },
      "geometry": {
        "type": "Point",
        "coordinates": [
          11.3518848,
          3.5044262
        ]
      },
      "id": "node/3080987253"
    },
    {
      "type": "Feature",
      "properties": {
        "@id": "node/3177354381",
        "name": "Nanga-Eboko",
        "note": "rank=0 car commune",
        "place": "town",
        "rank": "0",
        "wikidata": "Q2445214"
      },
      "geometry": {
        "type": "Point",
        "coordinates": [
          12.3730806,
          4.6665934
        ]
      },
      "id": "node/3177354381"
    },
    {
      "type": "Feature",
      "properties": {
        "@id": "node/3177354382",
        "name": "Nkoteng",
        "place": "town",
        "wikidata": "Q7042632",
        "wikipedia": "fr:Nkoteng"
      },
      "geometry": {
        "type": "Point",
        "coordinates": [
          12.1187119,
          4.5046903
        ]
      },
      "id": "node/3177354382"
    },
    {
      "type": "Feature",
      "properties": {
        "@id": "node/3206075832",
        "name": "Evodoula",
        "note": "rank=0 car commune",
        "place": "town",
        "rank": "0",
        "wikidata": "Q5418557",
        "wikipedia": "en:Evodoula"
      },
      "geometry": {
        "type": "Point",
        "coordinates": [
          11.1991686,
          4.0927955
        ]
      },
      "id": "node/3206075832"
    },
    {
      "type": "Feature",
      "properties": {
        "@id": "node/3273008474",
        "alt_name": "Ouassa Bamvele",
        "name": "Ouassa Mbamvele",
        "place": "village"
      },
      "geometry": {
        "type": "Point",
        "coordinates": [
          12.6062336,
          4.8957971
        ]
      },
      "id": "node/3273008474"
    },
    {
      "type": "Feature",
      "properties": {
        "@id": "node/3318501725",
        "name": "Boefine",
        "place": "village"
      },
      "geometry": {
        "type": "Point",
        "coordinates": [
          11.2359595,
          4.7095227
        ]
      },
      "id": "node/3318501725"
    },
    {
      "type": "Feature",
      "properties": {
        "@id": "node/3318796525",
        "name": "Dagno",
        "place": "village"
      },
      "geometry": {
        "type": "Point",
        "coordinates": [
          11.2533118,
          4.7137889
        ]
      },
      "id": "node/3318796525"
    },
    {
      "type": "Feature",
      "properties": {
        "@id": "node/3321144390",
        "name": "Kétong",
        "place": "village"
      },
      "geometry": {
        "type": "Point",
        "coordinates": [
          11.1488881,
          4.7860755
        ]
      },
      "id": "node/3321144390"
    },
    {
      "type": "Feature",
      "properties": {
        "@id": "node/3321146912",
        "name": "Lalé",
        "place": "village"
      },
      "geometry": {
        "type": "Point",
        "coordinates": [
          11.1618022,
          4.8041934
        ]
      },
      "id": "node/3321146912"
    },
    {
      "type": "Feature",
      "properties": {
        "@id": "node/3328476827",
        "name": "Bouraka",
        "place": "village"
      },
      "geometry": {
        "type": "Point",
        "coordinates": [
          11.3056732,
          4.685802
        ]
      },
      "id": "node/3328476827"
    },
    {
      "type": "Feature",
      "properties": {
        "@id": "node/3328478967",
        "name": "Tchékané",
        "place": "village"
      },
      "geometry": {
        "type": "Point",
        "coordinates": [
          11.2998375,
          4.6978246
        ]
      },
      "id": "node/3328478967"
    },
    {
      "type": "Feature",
      "properties": {
        "@id": "node/3328692747",
        "name": "Yabokolo",
        "place": "village"
      },
      "geometry": {
        "type": "Point",
        "coordinates": [
          11.3729587,
          4.5436072
        ]
      },
      "id": "node/3328692747"
    },
    {
      "type": "Feature",
      "properties": {
        "@id": "node/3330114860",
        "name": "Yanga",
        "place": "village"
      },
      "geometry": {
        "type": "Point",
        "coordinates": [
          11.2954868,
          4.5461928
        ]
      },
      "id": "node/3330114860"
    },
    {
      "type": "Feature",
      "properties": {
        "@id": "node/3330116396",
        "name": "Nyambala",
        "place": "village"
      },
      "geometry": {
        "type": "Point",
        "coordinates": [
          11.319755,
          4.5588498
        ]
      },
      "id": "node/3330116396"
    },
    {
      "type": "Feature",
      "properties": {
        "@id": "node/3339371468",
        "name": "Badissa",
        "place": "village"
      },
      "geometry": {
        "type": "Point",
        "coordinates": [
          11.3668133,
          4.6343921
        ]
      },
      "id": "node/3339371468"
    },
    {
      "type": "Feature",
      "properties": {
        "@id": "node/3339418149",
        "name": "Baningoan",
        "place": "village"
      },
      "geometry": {
        "type": "Point",
        "coordinates": [
          11.2964763,
          4.6328134
        ]
      },
      "id": "node/3339418149"
    },
    {
      "type": "Feature",
      "properties": {
        "@id": "node/3339456988",
        "name": "Bougnassa",
        "place": "village"
      },
      "geometry": {
        "type": "Point",
        "coordinates": [
          11.3571225,
          4.6099642
        ]
      },
      "id": "node/3339456988"
    },
    {
      "type": "Feature",
      "properties": {
        "@id": "node/3339543299",
        "name": "Bigna",
        "place": "village"
      },
      "geometry": {
        "type": "Point",
        "coordinates": [
          11.228852,
          4.7257218
        ]
      },
      "id": "node/3339543299"
    },
    {
      "type": "Feature",
      "properties": {
        "@id": "node/3401518527",
        "name": "Riboati",
        "place": "village"
      },
      "geometry": {
        "type": "Point",
        "coordinates": [
          11.2174749,
          4.7312985
        ]
      },
      "id": "node/3401518527"
    },
    {
      "type": "Feature",
      "properties": {
        "@id": "node/3401518528",
        "name": "Rigama",
        "place": "village"
      },
      "geometry": {
        "type": "Point",
        "coordinates": [
          11.2210201,
          4.726285
        ]
      },
      "id": "node/3401518528"
    },
    {
      "type": "Feature",
      "properties": {
        "@id": "node/3401538725",
        "name": "Biabertom",
        "place": "village"
      },
      "geometry": {
        "type": "Point",
        "coordinates": [
          11.2155941,
          4.7388735
        ]
      },
      "id": "node/3401538725"
    },
    {
      "type": "Feature",
      "properties": {
        "@id": "node/3401538726",
        "name": "Biabé Yakan",
        "place": "village"
      },
      "geometry": {
        "type": "Point",
        "coordinates": [
          11.2319494,
          4.7332605
        ]
      },
      "id": "node/3401538726"
    },
    {
      "type": "Feature",
      "properties": {
        "@id": "node/3401538727",
        "name": "Messangsang",
        "place": "village"
      },
      "geometry": {
        "type": "Point",
        "coordinates": [
          11.2219712,
          4.7388345
        ]
      },
      "id": "node/3401538727"
    },
    {
      "type": "Feature",
      "properties": {
        "@id": "node/3401538728",
        "name": "Ndengue",
        "place": "village"
      },
      "geometry": {
        "type": "Point",
        "coordinates": [
          11.238805,
          4.7524807
        ]
      },
      "id": "node/3401538728"
    },
    {
      "type": "Feature",
      "properties": {
        "@id": "node/3401538729",
        "name": "Plateau Macchia",
        "place": "village"
      },
      "geometry": {
        "type": "Point",
        "coordinates": [
          11.2297684,
          4.752217
        ]
      },
      "id": "node/3401538729"
    },
    {
      "type": "Feature",
      "properties": {
        "@id": "node/3401538730",
        "name": "Quartier Bami",
        "place": "village"
      },
      "geometry": {
        "type": "Point",
        "coordinates": [
          11.2273455,
          4.7448385
        ]
      },
      "id": "node/3401538730"
    },
    {
      "type": "Feature",
      "properties": {
        "@id": "node/3401538731",
        "name": "Tchoki Djadong",
        "place": "village"
      },
      "geometry": {
        "type": "Point",
        "coordinates": [
          11.2309865,
          4.7440019
        ]
      },
      "id": "node/3401538731"
    },
    {
      "type": "Feature",
      "properties": {
        "@id": "node/3401538732",
        "name": "Wandala",
        "place": "village"
      },
      "geometry": {
        "type": "Point",
        "coordinates": [
          11.2284133,
          4.7477786
        ]
      },
      "id": "node/3401538732"
    },
    {
      "type": "Feature",
      "properties": {
        "@id": "node/3401543743",
        "name": "Lablé",
        "place": "village"
      },
      "geometry": {
        "type": "Point",
        "coordinates": [
          11.2556945,
          4.7522359
        ]
      },
      "id": "node/3401543743"
    },
    {
      "type": "Feature",
      "properties": {
        "@id": "node/3401556719",
        "name": "Biamo",
        "place": "village"
      },
      "geometry": {
        "type": "Point",
        "coordinates": [
          11.2075427,
          4.7714968
        ]
      },
      "id": "node/3401556719"
    },
    {
      "type": "Feature",
      "properties": {
        "@id": "node/3401556721",
        "name": "Gondon",
        "place": "village"
      },
      "geometry": {
        "type": "Point",
        "coordinates": [
          11.2235112,
          4.7495992
        ]
      },
      "id": "node/3401556721"
    },
    {
      "type": "Feature",
      "properties": {
        "@id": "node/3401556722",
        "name": "Rimis",
        "place": "village"
      },
      "geometry": {
        "type": "Point",
        "coordinates": [
          11.2217098,
          4.7582755
        ]
      },
      "id": "node/3401556722"
    },
    {
      "type": "Feature",
      "properties": {
        "@id": "node/3401556723",
        "name": "Tamboro",
        "place": "village"
      },
      "geometry": {
        "type": "Point",
        "coordinates": [
          11.2174128,
          4.7450244
        ]
      },
      "id": "node/3401556723"
    },
    {
      "type": "Feature",
      "properties": {
        "@id": "node/3401595129",
        "name": "Quartier Residentiel",
        "place": "village"
      },
      "geometry": {
        "type": "Point",
        "coordinates": [
          11.2298676,
          4.7635615
        ]
      },
      "id": "node/3401595129"
    },
    {
      "type": "Feature",
      "properties": {
        "@id": "node/3401768652",
        "name": "Centre Administratif",
        "place": "village"
      },
      "geometry": {
        "type": "Point",
        "coordinates": [
          11.2316572,
          4.756553
        ]
      },
      "id": "node/3401768652"
    },
    {
      "type": "Feature",
      "properties": {
        "@id": "node/3421666568",
        "name": "Bafia",
        "name:ru": "Бафиа",
        "note": "rank=0 car prefecture",
        "place": "city",
        "rank": "0",
        "wikidata": "Q799790"
      },
      "geometry": {
        "type": "Point",
        "coordinates": [
          11.2205928,
          4.7399331
        ]
      },
      "id": "node/3421666568"
    },
    {
      "type": "Feature",
      "properties": {
        "@id": "node/3431362917",
        "name": "Boyaban",
        "place": "village"
      },
      "geometry": {
        "type": "Point",
        "coordinates": [
          11.2622624,
          4.6375926
        ]
      },
      "id": "node/3431362917"
    },
    {
      "type": "Feature",
      "properties": {
        "@id": "node/3443069963",
        "name": "Kadan",
        "place": "village"
      },
      "geometry": {
        "type": "Point",
        "coordinates": [
          11.1341879,
          4.7130784
        ]
      },
      "id": "node/3443069963"
    },
    {
      "type": "Feature",
      "properties": {
        "@id": "node/3449282341",
        "name": "Bitom",
        "place": "village",
        "source": "WRI_2005"
      },
      "geometry": {
        "type": "Point",
        "coordinates": [
          11.5787155,
          3.2033577
        ]
      },
      "id": "node/3449282341"
    },
    {
      "type": "Feature",
      "properties": {
        "@id": "node/3457833095",
        "name": "Guetta",
        "place": "village"
      },
      "geometry": {
        "type": "Point",
        "coordinates": [
          11.2906429,
          4.7102432
        ]
      },
      "id": "node/3457833095"
    },
    {
      "type": "Feature",
      "properties": {
        "@id": "node/3526135120",
        "name": "Biguindé",
        "place": "village"
      },
      "geometry": {
        "type": "Point",
        "coordinates": [
          11.2475,
          4.6012352
        ]
      },
      "id": "node/3526135120"
    },
    {
      "type": "Feature",
      "properties": {
        "@id": "node/3526135122",
        "name": "Paroisse",
        "place": "village"
      },
      "geometry": {
        "type": "Point",
        "coordinates": [
          11.2513471,
          4.6067993
        ]
      },
      "id": "node/3526135122"
    },
    {
      "type": "Feature",
      "properties": {
        "@id": "node/3526174628",
        "name": "Quartier Latin",
        "place": "village"
      },
      "geometry": {
        "type": "Point",
        "coordinates": [
          11.260987,
          4.6043573
        ]
      },
      "id": "node/3526174628"
    },
    {
      "type": "Feature",
      "properties": {
        "@id": "node/3526185788",
        "name": "Eloa",
        "place": "village"
      },
      "geometry": {
        "type": "Point",
        "coordinates": [
          11.2378243,
          4.5985252
        ]
      },
      "id": "node/3526185788"
    },
    {
      "type": "Feature",
      "properties": {
        "@id": "node/3526358864",
        "name": "Bonbang",
        "place": "village"
      },
      "geometry": {
        "type": "Point",
        "coordinates": [
          11.2324532,
          4.632934
        ]
      },
      "id": "node/3526358864"
    },
    {
      "type": "Feature",
      "properties": {
        "@id": "node/3526358865",
        "name": "Boyedolo",
        "place": "village"
      },
      "geometry": {
        "type": "Point",
        "coordinates": [
          11.2419585,
          4.6118094
        ]
      },
      "id": "node/3526358865"
    },
    {
      "type": "Feature",
      "properties": {
        "@id": "node/3526358866",
        "name": "Hiola",
        "place": "village"
      },
      "geometry": {
        "type": "Point",
        "coordinates": [
          11.2375999,
          4.6211099
        ]
      },
      "id": "node/3526358866"
    },
    {
      "type": "Feature",
      "properties": {
        "@id": "node/3526377190",
        "name": "Boyognano II",
        "place": "village"
      },
      "geometry": {
        "type": "Point",
        "coordinates": [
          11.2554555,
          4.6315449
        ]
      },
      "id": "node/3526377190"
    },
    {
      "type": "Feature",
      "properties": {
        "@id": "node/3527887445",
        "name": "Ekali II",
        "place": "village"
      },
      "geometry": {
        "type": "Point",
        "coordinates": [
          11.5438031,
          3.6298798
        ]
      },
      "id": "node/3527887445"
    },
    {
      "type": "Feature",
      "properties": {
        "@id": "node/3528146531",
        "name": "Ekoumeyen",
        "place": "village"
      },
      "geometry": {
        "type": "Point",
        "coordinates": [
          11.5683855,
          3.6455743
        ]
      },
      "id": "node/3528146531"
    },
    {
      "type": "Feature",
      "properties": {
        "@id": "node/3528146532",
        "name": "Ndadibi",
        "place": "village"
      },
      "geometry": {
        "type": "Point",
        "coordinates": [
          11.5576108,
          3.6475695
        ]
      },
      "id": "node/3528146532"
    },
    {
      "type": "Feature",
      "properties": {
        "@id": "node/3528553903",
        "name": "Boyognano I",
        "place": "village"
      },
      "geometry": {
        "type": "Point",
        "coordinates": [
          11.2611611,
          4.618689
        ]
      },
      "id": "node/3528553903"
    },
    {
      "type": "Feature",
      "properties": {
        "@id": "node/3533679717",
        "name": "Boalong",
        "place": "village"
      },
      "geometry": {
        "type": "Point",
        "coordinates": [
          11.264399,
          4.5877748
        ]
      },
      "id": "node/3533679717"
    },
    {
      "type": "Feature",
      "properties": {
        "@id": "node/3533679718",
        "name": "Boyabidi",
        "place": "village"
      },
      "geometry": {
        "type": "Point",
        "coordinates": [
          11.2858986,
          4.5987823
        ]
      },
      "id": "node/3533679718"
    },
    {
      "type": "Feature",
      "properties": {
        "@id": "node/3533679719",
        "name": "Boyedong I",
        "place": "village"
      },
      "geometry": {
        "type": "Point",
        "coordinates": [
          11.2732006,
          4.6037955
        ]
      },
      "id": "node/3533679719"
    },
    {
      "type": "Feature",
      "properties": {
        "@id": "node/3533679720",
        "name": "Boyedong II",
        "place": "village"
      },
      "geometry": {
        "type": "Point",
        "coordinates": [
          11.2668234,
          4.5978935
        ]
      },
      "id": "node/3533679720"
    },
    {
      "type": "Feature",
      "properties": {
        "@id": "node/3533679721",
        "name": "Nguessogo",
        "place": "village"
      },
      "geometry": {
        "type": "Point",
        "coordinates": [
          11.2599318,
          4.5968401
        ]
      },
      "id": "node/3533679721"
    },
    {
      "type": "Feature",
      "properties": {
        "@id": "node/3533722093",
        "name": "Boyabogo",
        "place": "village"
      },
      "geometry": {
        "type": "Point",
        "coordinates": [
          11.2724107,
          4.6216563
        ]
      },
      "id": "node/3533722093"
    },
    {
      "type": "Feature",
      "properties": {
        "@id": "node/3533722094",
        "name": "Gnintsing",
        "place": "village"
      },
      "geometry": {
        "type": "Point",
        "coordinates": [
          11.2684929,
          4.6134424
        ]
      },
      "id": "node/3533722094"
    },
    {
      "type": "Feature",
      "properties": {
        "@id": "node/3533722095",
        "name": "Nengoang",
        "place": "village"
      },
      "geometry": {
        "type": "Point",
        "coordinates": [
          11.2887952,
          4.6305612
        ]
      },
      "id": "node/3533722095"
    },
    {
      "type": "Feature",
      "properties": {
        "@id": "node/3533722096",
        "name": "Ossimbi",
        "place": "village"
      },
      "geometry": {
        "type": "Point",
        "coordinates": [
          11.2676033,
          4.6290312
        ]
      },
      "id": "node/3533722096"
    },
    {
      "type": "Feature",
      "properties": {
        "@id": "node/3644334590",
        "designation": "town",
        "name": "Edzendouan",
        "note": "rank=0 car commune",
        "place": "town",
        "rank": "0",
        "wikidata": "Q5346992"
      },
      "geometry": {
        "type": "Point",
        "coordinates": [
          11.7489754,
          4.1928878
        ]
      },
      "id": "node/3644334590"
    },
    {
      "type": "Feature",
      "properties": {
        "@id": "node/3689236224",
        "name": "Abanda",
        "place": "village"
      },
      "geometry": {
        "type": "Point",
        "coordinates": [
          11.1603772,
          4.6466448
        ]
      },
      "id": "node/3689236224"
    },
    {
      "type": "Feature",
      "properties": {
        "@id": "node/3689600250",
        "name": "Kélendé",
        "place": "village"
      },
      "geometry": {
        "type": "Point",
        "coordinates": [
          11.0341241,
          4.2993659
        ]
      },
      "id": "node/3689600250"
    },
    {
      "type": "Feature",
      "properties": {
        "@id": "node/3689661716",
        "name": "Kané",
        "place": "village"
      },
      "geometry": {
        "type": "Point",
        "coordinates": [
          11.0807678,
          4.4411926
        ]
      },
      "id": "node/3689661716"
    },
    {
      "type": "Feature",
      "properties": {
        "@id": "node/3689703435",
        "name": "Bassolo",
        "place": "village"
      },
      "geometry": {
        "type": "Point",
        "coordinates": [
          11.2210199,
          4.4883626
        ]
      },
      "id": "node/3689703435"
    },
    {
      "type": "Feature",
      "properties": {
        "@id": "node/3689739471",
        "name": "Assaka",
        "place": "village"
      },
      "geometry": {
        "type": "Point",
        "coordinates": [
          11.2005243,
          4.5230862
        ]
      },
      "id": "node/3689739471"
    },
    {
      "type": "Feature",
      "properties": {
        "@id": "node/3691372129",
        "name": "Balamba II",
        "place": "village"
      },
      "geometry": {
        "type": "Point",
        "coordinates": [
          11.2429594,
          4.4397559
        ]
      },
      "id": "node/3691372129"
    },
    {
      "type": "Feature",
      "properties": {
        "@id": "node/3691377031",
        "name": "Bouniongo",
        "place": "village"
      },
      "geometry": {
        "type": "Point",
        "coordinates": [
          11.2459298,
          4.4474551
        ]
      },
      "id": "node/3691377031"
    },
    {
      "type": "Feature",
      "properties": {
        "@id": "node/3693086860",
        "name": "Nkolossang",
        "place": "village"
      },
      "geometry": {
        "type": "Point",
        "coordinates": [
          11.2456441,
          4.3311232
        ]
      },
      "id": "node/3693086860"
    },
    {
      "type": "Feature",
      "properties": {
        "@id": "node/3734462595",
        "name": "Tchango",
        "place": "village"
      },
      "geometry": {
        "type": "Point",
        "coordinates": [
          11.3122815,
          4.9889798
        ]
      },
      "id": "node/3734462595"
    },
    {
      "type": "Feature",
      "properties": {
        "@id": "node/3754249417",
        "name": "Kon-Yambetta",
        "note": "rank=0 car commune",
        "place": "town",
        "rank": "0",
        "source": "WRI_2005",
        "wikidata": "Q6428681"
      },
      "geometry": {
        "type": "Point",
        "coordinates": [
          11.056225,
          4.835015
        ]
      },
      "id": "node/3754249417"
    },
    {
      "type": "Feature",
      "properties": {
        "@id": "node/3754730534",
        "designation": "town",
        "name": "Kiiki",
        "note": "rank=0 car commune",
        "place": "town",
        "rank": "0",
        "wikidata": "Q3196512"
      },
      "geometry": {
        "type": "Point",
        "coordinates": [
          11.177507,
          4.681901
        ]
      },
      "id": "node/3754730534"
    },
    {
      "type": "Feature",
      "properties": {
        "@id": "node/3778087901",
        "name": "Gedo",
        "place": "village"
      },
      "geometry": {
        "type": "Point",
        "coordinates": [
          11.2535877,
          4.7226218
        ]
      },
      "id": "node/3778087901"
    },
    {
      "type": "Feature",
      "properties": {
        "@id": "node/3778087902",
        "name": "Ritchogni",
        "place": "village"
      },
      "geometry": {
        "type": "Point",
        "coordinates": [
          11.2300864,
          4.646775
        ]
      },
      "id": "node/3778087902"
    },
    {
      "type": "Feature",
      "properties": {
        "@id": "node/3778160415",
        "name": "Houng",
        "place": "village"
      },
      "geometry": {
        "type": "Point",
        "coordinates": [
          10.421588,
          4.790204
        ]
      },
      "id": "node/3778160415"
    },
    {
      "type": "Feature",
      "properties": {
        "@id": "node/3778238778",
        "name": "Bambessa",
        "place": "village"
      },
      "geometry": {
        "type": "Point",
        "coordinates": [
          10.4806197,
          4.8196211
        ]
      },
      "id": "node/3778238778"
    },
    {
      "type": "Feature",
      "properties": {
        "@id": "node/3778252172",
        "name": "Boulo ou Meloum",
        "place": "village"
      },
      "geometry": {
        "type": "Point",
        "coordinates": [
          10.5416656,
          4.7964857
        ]
      },
      "id": "node/3778252172"
    },
    {
      "type": "Feature",
      "properties": {
        "@id": "node/3778316182",
        "name": "Boua",
        "place": "village"
      },
      "geometry": {
        "type": "Point",
        "coordinates": [
          10.5377192,
          4.8058004
        ]
      },
      "id": "node/3778316182"
    },
    {
      "type": "Feature",
      "properties": {
        "@id": "node/3778316183",
        "name": "Kinding Guafo",
        "place": "village"
      },
      "geometry": {
        "type": "Point",
        "coordinates": [
          10.5310882,
          4.8779883
        ]
      },
      "id": "node/3778316183"
    },
    {
      "type": "Feature",
      "properties": {
        "@id": "node/3778316184",
        "name": "Kinding",
        "place": "village"
      },
      "geometry": {
        "type": "Point",
        "coordinates": [
          10.4988866,
          4.8407233
        ]
      },
      "id": "node/3778316184"
    },
    {
      "type": "Feature",
      "properties": {
        "@id": "node/3778316185",
        "name": "Sagueque",
        "place": "village"
      },
      "geometry": {
        "type": "Point",
        "coordinates": [
          10.5174807,
          4.8890622
        ]
      },
      "id": "node/3778316185"
    },
    {
      "type": "Feature",
      "properties": {
        "@id": "node/3778332889",
        "name": "Ossebe",
        "place": "village"
      },
      "geometry": {
        "type": "Point",
        "coordinates": [
          11.0859173,
          4.1812878
        ]
      },
      "id": "node/3778332889"
    },
    {
      "type": "Feature",
      "properties": {
        "@id": "node/3778338714",
        "name": "Etom",
        "place": "village"
      },
      "geometry": {
        "type": "Point",
        "coordinates": [
          11.145235,
          4.1956904
        ]
      },
      "id": "node/3778338714"
    },
    {
      "type": "Feature",
      "properties": {
        "@id": "node/3778338717",
        "name": "Ntol",
        "place": "village"
      },
      "geometry": {
        "type": "Point",
        "coordinates": [
          11.1105853,
          4.2020922
        ]
      },
      "id": "node/3778338717"
    },
    {
      "type": "Feature",
      "properties": {
        "@id": "node/3778372665",
        "name": "Nkolmelen",
        "place": "village"
      },
      "geometry": {
        "type": "Point",
        "coordinates": [
          11.1610477,
          4.2259449
        ]
      },
      "id": "node/3778372665"
    },
    {
      "type": "Feature",
      "properties": {
        "@id": "node/3778400988",
        "name": "Ndokbilak",
        "place": "village"
      },
      "geometry": {
        "type": "Point",
        "coordinates": [
          10.8082341,
          4.8029232
        ]
      },
      "id": "node/3778400988"
    },
    {
      "type": "Feature",
      "properties": {
        "@id": "node/3778431167",
        "name": "MBAMOKOUTE",
        "place": "village"
      },
      "geometry": {
        "type": "Point",
        "coordinates": [
          11.0252573,
          4.7801143
        ]
      },
      "id": "node/3778431167"
    },
    {
      "type": "Feature",
      "properties": {
        "@id": "node/3778431168",
        "name": "Ninguessen",
        "place": "village"
      },
      "geometry": {
        "type": "Point",
        "coordinates": [
          11.0244443,
          4.8133035
        ]
      },
      "id": "node/3778431168"
    },
    {
      "type": "Feature",
      "properties": {
        "@id": "node/3779285709",
        "name": "Ekoumabang",
        "place": "village"
      },
      "geometry": {
        "type": "Point",
        "coordinates": [
          11.2130401,
          4.2435267
        ]
      },
      "id": "node/3779285709"
    },
    {
      "type": "Feature",
      "properties": {
        "@id": "node/3779285710",
        "name": "Mong",
        "place": "village"
      },
      "geometry": {
        "type": "Point",
        "coordinates": [
          11.1905284,
          4.2488641
        ]
      },
      "id": "node/3779285710"
    },
    {
      "type": "Feature",
      "properties": {
        "@id": "node/3779285711",
        "name": "Nkongmessa",
        "place": "village"
      },
      "geometry": {
        "type": "Point",
        "coordinates": [
          11.2118851,
          4.249047
        ]
      },
      "id": "node/3779285711"
    },
    {
      "type": "Feature",
      "properties": {
        "@id": "node/3779297448",
        "name": "Kanoko",
        "place": "village"
      },
      "geometry": {
        "type": "Point",
        "coordinates": [
          11.0477574,
          4.3385397
        ]
      },
      "id": "node/3779297448"
    },
    {
      "type": "Feature",
      "properties": {
        "@id": "node/3779307273",
        "name": "Mafé",
        "place": "village"
      },
      "geometry": {
        "type": "Point",
        "coordinates": [
          10.703092,
          4.7659182
        ]
      },
      "id": "node/3779307273"
    },
    {
      "type": "Feature",
      "properties": {
        "@id": "node/3779307274",
        "name": "Ndokmbalé",
        "place": "village"
      },
      "geometry": {
        "type": "Point",
        "coordinates": [
          10.5385085,
          4.7301989
        ]
      },
      "id": "node/3779307274"
    },
    {
      "type": "Feature",
      "properties": {
        "@id": "node/3779307275",
        "name": "Ndokmel",
        "place": "village"
      },
      "geometry": {
        "type": "Point",
        "coordinates": [
          10.5420882,
          4.7437993
        ]
      },
      "id": "node/3779307275"
    },
    {
      "type": "Feature",
      "properties": {
        "@id": "node/3779321957",
        "name": "Doubom",
        "place": "village"
      },
      "geometry": {
        "type": "Point",
        "coordinates": [
          10.6798284,
          4.9189134
        ]
      },
      "id": "node/3779321957"
    },
    {
      "type": "Feature",
      "properties": {
        "@id": "node/3779321958",
        "name": "Ndoumalon",
        "place": "village"
      },
      "geometry": {
        "type": "Point",
        "coordinates": [
          10.5734146,
          4.8264728
        ]
      },
      "id": "node/3779321958"
    },
    {
      "type": "Feature",
      "properties": {
        "@id": "node/3779321959",
        "name": "Nyengo",
        "place": "village"
      },
      "geometry": {
        "type": "Point",
        "coordinates": [
          10.7001488,
          4.9289655
        ]
      },
      "id": "node/3779321959"
    },
    {
      "type": "Feature",
      "properties": {
        "@id": "node/3779334362",
        "name": "Ndikiniméki",
        "note": "rank=0 car commune",
        "place": "town",
        "rank": "0",
        "wikidata": "Q14944568"
      },
      "geometry": {
        "type": "Point",
        "coordinates": [
          10.8284566,
          4.7583748
        ]
      },
      "id": "node/3779334362"
    },
    {
      "type": "Feature",
      "properties": {
        "@id": "node/3779376728",
        "name": "Bongo-Méné",
        "place": "village"
      },
      "geometry": {
        "type": "Point",
        "coordinates": [
          11.0630006,
          4.3541788
        ]
      },
      "id": "node/3779376728"
    },
    {
      "type": "Feature",
      "properties": {
        "@id": "node/3779376729",
        "name": "Boupili",
        "place": "village"
      },
      "geometry": {
        "type": "Point",
        "coordinates": [
          11.0422607,
          4.3606612
        ]
      },
      "id": "node/3779376729"
    },
    {
      "type": "Feature",
      "properties": {
        "@id": "node/3779376730",
        "name": "Bwanana",
        "place": "village"
      },
      "geometry": {
        "type": "Point",
        "coordinates": [
          11.0434727,
          4.3938099
        ]
      },
      "id": "node/3779376730"
    },
    {
      "type": "Feature",
      "properties": {
        "@id": "node/3779376731",
        "name": "Bwoto",
        "place": "village"
      },
      "geometry": {
        "type": "Point",
        "coordinates": [
          11.0758047,
          4.3850335
        ]
      },
      "id": "node/3779376731"
    },
    {
      "type": "Feature",
      "properties": {
        "@id": "node/3779376732",
        "name": "Nassak",
        "place": "village"
      },
      "geometry": {
        "type": "Point",
        "coordinates": [
          11.0693533,
          4.390539
        ]
      },
      "id": "node/3779376732"
    },
    {
      "type": "Feature",
      "properties": {
        "@id": "node/3779376733",
        "name": "Omendé",
        "place": "village"
      },
      "geometry": {
        "type": "Point",
        "coordinates": [
          11.0618512,
          4.3794766
        ]
      },
      "id": "node/3779376733"
    },
    {
      "type": "Feature",
      "properties": {
        "@id": "node/3779380191",
        "name": "Bounaboung",
        "place": "village"
      },
      "geometry": {
        "type": "Point",
        "coordinates": [
          11.0075768,
          4.3891999
        ]
      },
      "id": "node/3779380191"
    },
    {
      "type": "Feature",
      "properties": {
        "@id": "node/3779380192",
        "name": "Kiendi",
        "place": "village"
      },
      "geometry": {
        "type": "Point",
        "coordinates": [
          11.0089572,
          4.3966998
        ]
      },
      "id": "node/3779380192"
    },
    {
      "type": "Feature",
      "properties": {
        "@id": "node/3779380193",
        "name": "Métik",
        "place": "village"
      },
      "geometry": {
        "type": "Point",
        "coordinates": [
          11.0152959,
          4.3852393
        ]
      },
      "id": "node/3779380193"
    },
    {
      "type": "Feature",
      "properties": {
        "@id": "node/3779380194",
        "name": "Niki",
        "place": "village"
      },
      "geometry": {
        "type": "Point",
        "coordinates": [
          11.0022241,
          4.386391
        ]
      },
      "id": "node/3779380194"
    },
    {
      "type": "Feature",
      "properties": {
        "@id": "node/3779401224",
        "name": "Bomana",
        "place": "village"
      },
      "geometry": {
        "type": "Point",
        "coordinates": [
          11.2245274,
          4.4015056
        ]
      },
      "id": "node/3779401224"
    },
    {
      "type": "Feature",
      "properties": {
        "@id": "node/3779401225",
        "name": "Botatango",
        "place": "village"
      },
      "geometry": {
        "type": "Point",
        "coordinates": [
          11.2442181,
          4.4066203
        ]
      },
      "id": "node/3779401225"
    },
    {
      "type": "Feature",
      "properties": {
        "@id": "node/3779401226",
        "name": "Bouboukosso",
        "place": "village"
      },
      "geometry": {
        "type": "Point",
        "coordinates": [
          11.1897428,
          4.3702157
        ]
      },
      "id": "node/3779401226"
    },
    {
      "type": "Feature",
      "properties": {
        "@id": "node/3779401228",
        "name": "Tokono",
        "place": "village"
      },
      "geometry": {
        "type": "Point",
        "coordinates": [
          11.148721,
          4.3652854
        ]
      },
      "id": "node/3779401228"
    },
    {
      "type": "Feature",
      "properties": {
        "@id": "node/3779414572",
        "name": "Lényouofi",
        "place": "village"
      },
      "geometry": {
        "type": "Point",
        "coordinates": [
          10.9870488,
          4.8480422
        ]
      },
      "id": "node/3779414572"
    },
    {
      "type": "Feature",
      "properties": {
        "@id": "node/3779441372",
        "name": "Akono",
        "place": "village"
      },
      "geometry": {
        "type": "Point",
        "coordinates": [
          11.3692568,
          3.7232045
        ]
      },
      "id": "node/3779441372"
    },
    {
      "type": "Feature",
      "properties": {
        "@id": "node/3779441376",
        "name": "Oweng",
        "place": "village"
      },
      "geometry": {
        "type": "Point",
        "coordinates": [
          11.357701,
          3.7011902
        ]
      },
      "id": "node/3779441376"
    },
    {
      "type": "Feature",
      "properties": {
        "@id": "node/3779483376",
        "name": "Bayafan",
        "place": "village"
      },
      "geometry": {
        "type": "Point",
        "coordinates": [
          11.0320902,
          4.8941022
        ]
      },
      "id": "node/3779483376"
    },
    {
      "type": "Feature",
      "properties": {
        "@id": "node/3779483377",
        "name": "Gdoubouboué",
        "place": "village"
      },
      "geometry": {
        "type": "Point",
        "coordinates": [
          11.0098718,
          4.9070522
        ]
      },
      "id": "node/3779483377"
    },
    {
      "type": "Feature",
      "properties": {
        "@id": "node/3779483378",
        "name": "Keulott",
        "place": "village"
      },
      "geometry": {
        "type": "Point",
        "coordinates": [
          11.0681784,
          4.8937634
        ]
      },
      "id": "node/3779483378"
    },
    {
      "type": "Feature",
      "properties": {
        "@id": "node/3779483379",
        "name": "Konne-Madon",
        "place": "village"
      },
      "geometry": {
        "type": "Point",
        "coordinates": [
          11.0644708,
          4.7782242
        ]
      },
      "id": "node/3779483379"
    },
    {
      "type": "Feature",
      "properties": {
        "@id": "node/3779483380",
        "name": "Liyinn",
        "place": "village"
      },
      "geometry": {
        "type": "Point",
        "coordinates": [
          11.0814087,
          4.8938631
        ]
      },
      "id": "node/3779483380"
    },
    {
      "type": "Feature",
      "properties": {
        "@id": "node/3779499839",
        "name": "Bamama",
        "place": "village"
      },
      "geometry": {
        "type": "Point",
        "coordinates": [
          11.0623552,
          4.4379437
        ]
      },
      "id": "node/3779499839"
    },
    {
      "type": "Feature",
      "properties": {
        "@id": "node/3779499840",
        "name": "Buonomama",
        "place": "village"
      },
      "geometry": {
        "type": "Point",
        "coordinates": [
          11.0377301,
          4.4560722
        ]
      },
      "id": "node/3779499840"
    },
    {
      "type": "Feature",
      "properties": {
        "@id": "node/3779499841",
        "name": "Ebat",
        "place": "village"
      },
      "geometry": {
        "type": "Point",
        "coordinates": [
          11.0567683,
          4.451466
        ]
      },
      "id": "node/3779499841"
    },
    {
      "type": "Feature",
      "properties": {
        "@id": "node/3779499842",
        "name": "Salala",
        "place": "village"
      },
      "geometry": {
        "type": "Point",
        "coordinates": [
          11.0731382,
          4.4255624
        ]
      },
      "id": "node/3779499842"
    },
    {
      "type": "Feature",
      "properties": {
        "@id": "node/3779531952",
        "name": "Bouyong",
        "place": "village"
      },
      "geometry": {
        "type": "Point",
        "coordinates": [
          11.0412089,
          4.4460905
        ]
      },
      "id": "node/3779531952"
    },
    {
      "type": "Feature",
      "properties": {
        "@id": "node/3779531953",
        "name": "Ebaya",
        "place": "village"
      },
      "geometry": {
        "type": "Point",
        "coordinates": [
          11.0432106,
          4.4202756
        ]
      },
      "id": "node/3779531953"
    },
    {
      "type": "Feature",
      "properties": {
        "@id": "node/3779531954",
        "name": "Kalongbat",
        "place": "village"
      },
      "geometry": {
        "type": "Point",
        "coordinates": [
          11.0318491,
          4.4353293
        ]
      },
      "id": "node/3779531954"
    },
    {
      "type": "Feature",
      "properties": {
        "@id": "node/3779531955",
        "name": "Missiomo",
        "place": "village"
      },
      "geometry": {
        "type": "Point",
        "coordinates": [
          11.0081356,
          4.4284017
        ]
      },
      "id": "node/3779531955"
    },
    {
      "type": "Feature",
      "properties": {
        "@id": "node/3779532028",
        "name": "Balam",
        "place": "village"
      },
      "geometry": {
        "type": "Point",
        "coordinates": [
          10.7662873,
          4.9205935
        ]
      },
      "id": "node/3779532028"
    },
    {
      "type": "Feature",
      "properties": {
        "@id": "node/3779532029",
        "name": "Bantoum II",
        "place": "village"
      },
      "geometry": {
        "type": "Point",
        "coordinates": [
          10.7442337,
          4.9663417
        ]
      },
      "id": "node/3779532029"
    },
    {
      "type": "Feature",
      "properties": {
        "@id": "node/3779532030",
        "name": "Makenene II",
        "place": "village"
      },
      "geometry": {
        "type": "Point",
        "coordinates": [
          10.7853658,
          4.8945908
        ]
      },
      "id": "node/3779532030"
    },
    {
      "type": "Feature",
      "properties": {
        "@id": "node/3779532031",
        "name": "Ndé",
        "place": "village"
      },
      "geometry": {
        "type": "Point",
        "coordinates": [
          10.7333853,
          4.9579667
        ]
      },
      "id": "node/3779532031"
    },
    {
      "type": "Feature",
      "properties": {
        "@id": "node/3779577728",
        "name": "Bounol",
        "place": "village"
      },
      "geometry": {
        "type": "Point",
        "coordinates": [
          11.2314441,
          4.4793753
        ]
      },
      "id": "node/3779577728"
    },
    {
      "type": "Feature",
      "properties": {
        "@id": "node/3779577729",
        "name": "Bounyangbala",
        "place": "village"
      },
      "geometry": {
        "type": "Point",
        "coordinates": [
          11.1528732,
          4.4764701
        ]
      },
      "id": "node/3779577729"
    },
    {
      "type": "Feature",
      "properties": {
        "@id": "node/3779633106",
        "name": "Okolo",
        "place": "village"
      },
      "geometry": {
        "type": "Point",
        "coordinates": [
          11.071636,
          4.5610824
        ]
      },
      "id": "node/3779633106"
    },
    {
      "type": "Feature",
      "properties": {
        "@id": "node/3779633107",
        "name": "Tobagne Village",
        "place": "village"
      },
      "geometry": {
        "type": "Point",
        "coordinates": [
          11.0765326,
          4.5503036
        ]
      },
      "id": "node/3779633107"
    },
    {
      "type": "Feature",
      "properties": {
        "@id": "node/3783071377",
        "name": "Biatola",
        "place": "village"
      },
      "geometry": {
        "type": "Point",
        "coordinates": [
          11.313538,
          4.5376552
        ]
      },
      "id": "node/3783071377"
    },
    {
      "type": "Feature",
      "properties": {
        "@id": "node/3783071378",
        "name": "Boudoumou",
        "place": "village"
      },
      "geometry": {
        "type": "Point",
        "coordinates": [
          11.3274007,
          4.5294134
        ]
      },
      "id": "node/3783071378"
    },
    {
      "type": "Feature",
      "properties": {
        "@id": "node/3783071379",
        "name": "Bégni",
        "place": "village"
      },
      "geometry": {
        "type": "Point",
        "coordinates": [
          11.1848226,
          4.5332444
        ]
      },
      "id": "node/3783071379"
    },
    {
      "type": "Feature",
      "properties": {
        "@id": "node/3783071380",
        "name": "Késsél",
        "place": "village"
      },
      "geometry": {
        "type": "Point",
        "coordinates": [
          11.2900134,
          4.49439
        ]
      },
      "id": "node/3783071380"
    },
    {
      "type": "Feature",
      "properties": {
        "@id": "node/3783071381",
        "name": "Yambassa",
        "place": "village"
      },
      "geometry": {
        "type": "Point",
        "coordinates": [
          11.2573623,
          4.5272559
        ]
      },
      "id": "node/3783071381"
    },
    {
      "type": "Feature",
      "properties": {
        "@id": "node/3783071382",
        "name": "Yébékolo",
        "place": "village"
      },
      "geometry": {
        "type": "Point",
        "coordinates": [
          11.3274824,
          4.5208209
        ]
      },
      "id": "node/3783071382"
    },
    {
      "type": "Feature",
      "properties": {
        "@id": "node/3783133518",
        "name": "Guéfigue",
        "place": "village"
      },
      "geometry": {
        "type": "Point",
        "coordinates": [
          11.2206018,
          4.5634016
        ]
      },
      "id": "node/3783133518"
    },
    {
      "type": "Feature",
      "properties": {
        "@id": "node/3783167719",
        "name": "Bitombo",
        "place": "village"
      },
      "geometry": {
        "type": "Point",
        "coordinates": [
          11.3116784,
          4.5510111
        ]
      },
      "id": "node/3783167719"
    },
    {
      "type": "Feature",
      "properties": {
        "@id": "node/3783230671",
        "name": "Denk",
        "place": "village"
      },
      "geometry": {
        "type": "Point",
        "coordinates": [
          11.1476631,
          4.8128484
        ]
      },
      "id": "node/3783230671"
    },
    {
      "type": "Feature",
      "properties": {
        "@id": "node/3783230672",
        "name": "Kén",
        "place": "village"
      },
      "geometry": {
        "type": "Point",
        "coordinates": [
          11.1473098,
          4.8297481
        ]
      },
      "id": "node/3783230672"
    },
    {
      "type": "Feature",
      "properties": {
        "@id": "node/3783230673",
        "name": "Nokam",
        "place": "village"
      },
      "geometry": {
        "type": "Point",
        "coordinates": [
          11.1160976,
          4.784916
        ]
      },
      "id": "node/3783230673"
    },
    {
      "type": "Feature",
      "properties": {
        "@id": "node/3783230674",
        "name": "Tchowabé",
        "place": "village"
      },
      "geometry": {
        "type": "Point",
        "coordinates": [
          11.1282091,
          4.8083071
        ]
      },
      "id": "node/3783230674"
    },
    {
      "type": "Feature",
      "properties": {
        "@id": "node/3783243899",
        "name": "Asola",
        "place": "village"
      },
      "geometry": {
        "type": "Point",
        "coordinates": [
          11.3585515,
          4.6205589
        ]
      },
      "id": "node/3783243899"
    },
    {
      "type": "Feature",
      "properties": {
        "@id": "node/3783243900",
        "name": "Assala I",
        "place": "village"
      },
      "geometry": {
        "type": "Point",
        "coordinates": [
          11.1837175,
          4.6113652
        ]
      },
      "id": "node/3783243900"
    },
    {
      "type": "Feature",
      "properties": {
        "@id": "node/3783243901",
        "name": "Assala II",
        "place": "village"
      },
      "geometry": {
        "type": "Point",
        "coordinates": [
          11.2103504,
          4.6308645
        ]
      },
      "id": "node/3783243901"
    },
    {
      "type": "Feature",
      "properties": {
        "@id": "node/3783243902",
        "name": "Bokaka",
        "place": "village"
      },
      "geometry": {
        "type": "Point",
        "coordinates": [
          11.1437993,
          4.6056241
        ]
      },
      "id": "node/3783243902"
    },
    {
      "type": "Feature",
      "properties": {
        "@id": "node/3783243903",
        "name": "Bombang",
        "place": "village"
      },
      "geometry": {
        "type": "Point",
        "coordinates": [
          11.2368998,
          4.6166025
        ]
      },
      "id": "node/3783243903"
    },
    {
      "type": "Feature",
      "properties": {
        "@id": "node/3783243904",
        "name": "Guetsing I",
        "place": "village"
      },
      "geometry": {
        "type": "Point",
        "coordinates": [
          11.3058803,
          4.6499252
        ]
      },
      "id": "node/3783243904"
    },
    {
      "type": "Feature",
      "properties": {
        "@id": "node/3783243905",
        "name": "Maelho",
        "place": "village"
      },
      "geometry": {
        "type": "Point",
        "coordinates": [
          11.4093263,
          4.5689848
        ]
      },
      "id": "node/3783243905"
    },
    {
      "type": "Feature",
      "properties": {
        "@id": "node/3783278535",
        "name": "Balakétam",
        "place": "village"
      },
      "geometry": {
        "type": "Point",
        "coordinates": [
          11.1490682,
          4.796182
        ]
      },
      "id": "node/3783278535"
    },
    {
      "type": "Feature",
      "properties": {
        "@id": "node/3783278536",
        "name": "Bébisse",
        "place": "village"
      },
      "geometry": {
        "type": "Point",
        "coordinates": [
          11.0909089,
          4.8126765
        ]
      },
      "id": "node/3783278536"
    },
    {
      "type": "Feature",
      "properties": {
        "@id": "node/3783306208",
        "name": "Bong",
        "place": "village"
      },
      "geometry": {
        "type": "Point",
        "coordinates": [
          11.190473,
          4.8800689
        ]
      },
      "id": "node/3783306208"
    },
    {
      "type": "Feature",
      "properties": {
        "@id": "node/3783306209",
        "name": "Kong",
        "place": "village"
      },
      "geometry": {
        "type": "Point",
        "coordinates": [
          11.1716554,
          4.8742122
        ]
      },
      "id": "node/3783306209"
    },
    {
      "type": "Feature",
      "properties": {
        "@id": "node/3783306210",
        "name": "Lakpah",
        "place": "village"
      },
      "geometry": {
        "type": "Point",
        "coordinates": [
          11.1800935,
          4.7930206
        ]
      },
      "id": "node/3783306210"
    },
    {
      "type": "Feature",
      "properties": {
        "@id": "node/3783306211",
        "name": "Mouzi",
        "place": "village"
      },
      "geometry": {
        "type": "Point",
        "coordinates": [
          11.2017591,
          4.8833594
        ]
      },
      "id": "node/3783306211"
    },
    {
      "type": "Feature",
      "properties": {
        "@id": "node/3783306212",
        "name": "Nkang",
        "place": "village"
      },
      "geometry": {
        "type": "Point",
        "coordinates": [
          11.2172092,
          4.8562828
        ]
      },
      "id": "node/3783306212"
    },
    {
      "type": "Feature",
      "properties": {
        "@id": "node/3783306213",
        "name": "Nloatehok",
        "place": "village"
      },
      "geometry": {
        "type": "Point",
        "coordinates": [
          11.2072307,
          4.8039609
        ]
      },
      "id": "node/3783306213"
    },
    {
      "type": "Feature",
      "properties": {
        "@id": "node/3783306214",
        "name": "Sanam",
        "place": "village"
      },
      "geometry": {
        "type": "Point",
        "coordinates": [
          11.1923644,
          4.7722467
        ]
      },
      "id": "node/3783306214"
    },
    {
      "type": "Feature",
      "properties": {
        "@id": "node/3783349628",
        "name": "Diomo",
        "place": "village"
      },
      "geometry": {
        "type": "Point",
        "coordinates": [
          11.075929,
          4.9289501
        ]
      },
      "id": "node/3783349628"
    },
    {
      "type": "Feature",
      "properties": {
        "@id": "node/3783349629",
        "name": "Djok",
        "place": "village"
      },
      "geometry": {
        "type": "Point",
        "coordinates": [
          11.1930438,
          4.9359462
        ]
      },
      "id": "node/3783349629"
    },
    {
      "type": "Feature",
      "properties": {
        "@id": "node/3783349630",
        "name": "Nkoubou",
        "place": "village"
      },
      "geometry": {
        "type": "Point",
        "coordinates": [
          11.0485116,
          4.9479932
        ]
      },
      "id": "node/3783349630"
    },
    {
      "type": "Feature",
      "properties": {
        "@id": "node/3783349631",
        "name": "Ndambi",
        "place": "village"
      },
      "geometry": {
        "type": "Point",
        "coordinates": [
          11.032078,
          4.9567368
        ]
      },
      "id": "node/3783349631"
    },
    {
      "type": "Feature",
      "properties": {
        "@id": "node/3783349632",
        "name": "Tombe",
        "place": "village"
      },
      "geometry": {
        "type": "Point",
        "coordinates": [
          11.1653239,
          4.8180634
        ]
      },
      "id": "node/3783349632"
    },
    {
      "type": "Feature",
      "properties": {
        "@id": "node/3783356665",
        "name": "Ibana",
        "place": "village"
      },
      "geometry": {
        "type": "Point",
        "coordinates": [
          11.2884257,
          4.7714245
        ]
      },
      "id": "node/3783356665"
    },
    {
      "type": "Feature",
      "properties": {
        "@id": "node/3783356666",
        "name": "Mbassessé",
        "place": "village"
      },
      "geometry": {
        "type": "Point",
        "coordinates": [
          11.2616837,
          4.8083526
        ]
      },
      "id": "node/3783356666"
    },
    {
      "type": "Feature",
      "properties": {
        "@id": "node/3783374020",
        "name": "Babilim",
        "place": "village"
      },
      "geometry": {
        "type": "Point",
        "coordinates": [
          11.0901911,
          4.7743123
        ]
      },
      "id": "node/3783374020"
    },
    {
      "type": "Feature",
      "properties": {
        "@id": "node/3783374021",
        "name": "Baki",
        "place": "village"
      },
      "geometry": {
        "type": "Point",
        "coordinates": [
          11.0956579,
          4.7629947
        ]
      },
      "id": "node/3783374021"
    },
    {
      "type": "Feature",
      "properties": {
        "@id": "node/3783374023",
        "name": "Konne-kidoun",
        "place": "village"
      },
      "geometry": {
        "type": "Point",
        "coordinates": [
          11.0536817,
          4.7590635
        ]
      },
      "id": "node/3783374023"
    },
    {
      "type": "Feature",
      "properties": {
        "@id": "node/3783374024",
        "name": "Niambaye",
        "place": "village"
      },
      "geometry": {
        "type": "Point",
        "coordinates": [
          11.0635916,
          4.7644727
        ]
      },
      "id": "node/3783374024"
    },
    {
      "type": "Feature",
      "properties": {
        "@id": "node/3783407503",
        "name": "Donenkeng II",
        "place": "village"
      },
      "geometry": {
        "type": "Point",
        "coordinates": [
          11.2816215,
          4.7429067
        ]
      },
      "id": "node/3783407503"
    },
    {
      "type": "Feature",
      "properties": {
        "@id": "node/3783407504",
        "name": "Zok",
        "place": "village"
      },
      "geometry": {
        "type": "Point",
        "coordinates": [
          11.2568576,
          4.8735962
        ]
      },
      "id": "node/3783407504"
    },
    {
      "type": "Feature",
      "properties": {
        "@id": "node/3783425157",
        "name": "Angoazimérété",
        "place": "village"
      },
      "geometry": {
        "type": "Point",
        "coordinates": [
          11.3555538,
          4.8847734
        ]
      },
      "id": "node/3783425157"
    },
    {
      "type": "Feature",
      "properties": {
        "@id": "node/3783425158",
        "name": "Taoutia",
        "place": "village"
      },
      "geometry": {
        "type": "Point",
        "coordinates": [
          11.3566929,
          4.8967977
        ]
      },
      "id": "node/3783425158"
    },
    {
      "type": "Feature",
      "properties": {
        "@id": "node/3783450390",
        "name": "Rimbabaye",
        "place": "village"
      },
      "geometry": {
        "type": "Point",
        "coordinates": [
          11.2080461,
          4.6893098
        ]
      },
      "id": "node/3783450390"
    },
    {
      "type": "Feature",
      "properties": {
        "@id": "node/3783505605",
        "name": "Ribong",
        "place": "village"
      },
      "geometry": {
        "type": "Point",
        "coordinates": [
          11.1637177,
          4.6830621
        ]
      },
      "id": "node/3783505605"
    },
    {
      "type": "Feature",
      "properties": {
        "@id": "node/3783515708",
        "name": "Bongol",
        "place": "village"
      },
      "geometry": {
        "type": "Point",
        "coordinates": [
          11.0601016,
          4.741102
        ]
      },
      "id": "node/3783515708"
    },
    {
      "type": "Feature",
      "properties": {
        "@id": "node/3783515709",
        "name": "Konne II",
        "place": "village"
      },
      "geometry": {
        "type": "Point",
        "coordinates": [
          11.0397529,
          4.6935198
        ]
      },
      "id": "node/3783515709"
    },
    {
      "type": "Feature",
      "properties": {
        "@id": "node/3783515710",
        "name": "Ossimp II",
        "place": "village"
      },
      "geometry": {
        "type": "Point",
        "coordinates": [
          11.0119198,
          4.6758723
        ]
      },
      "id": "node/3783515710"
    },
    {
      "type": "Feature",
      "properties": {
        "@id": "node/3783520899",
        "name": "Biamesé",
        "place": "village"
      },
      "geometry": {
        "type": "Point",
        "coordinates": [
          11.1021529,
          4.6806804
        ]
      },
      "id": "node/3783520899"
    },
    {
      "type": "Feature",
      "properties": {
        "@id": "node/3783520900",
        "name": "Omeng",
        "place": "village"
      },
      "geometry": {
        "type": "Point",
        "coordinates": [
          11.0770005,
          4.6895754
        ]
      },
      "id": "node/3783520900"
    },
    {
      "type": "Feature",
      "properties": {
        "@id": "node/3784359236",
        "name": "Som",
        "place": "village"
      },
      "geometry": {
        "type": "Point",
        "coordinates": [
          11.0952587,
          5.0127109
        ]
      },
      "id": "node/3784359236"
    },
    {
      "type": "Feature",
      "properties": {
        "@id": "node/3784396288",
        "name": "Djok",
        "place": "village"
      },
      "geometry": {
        "type": "Point",
        "coordinates": [
          11.1943315,
          4.9360815
        ]
      },
      "id": "node/3784396288"
    },
    {
      "type": "Feature",
      "properties": {
        "@id": "node/3784396289",
        "name": "Domboué",
        "place": "village"
      },
      "geometry": {
        "type": "Point",
        "coordinates": [
          11.2269172,
          4.9346527
        ]
      },
      "id": "node/3784396289"
    },
    {
      "type": "Feature",
      "properties": {
        "@id": "node/3784396290",
        "name": "Ndiamtsouroung",
        "place": "village"
      },
      "geometry": {
        "type": "Point",
        "coordinates": [
          11.3515797,
          4.9674913
        ]
      },
      "id": "node/3784396290"
    },
    {
      "type": "Feature",
      "properties": {
        "@id": "node/3784396291",
        "name": "Ngan",
        "place": "village"
      },
      "geometry": {
        "type": "Point",
        "coordinates": [
          11.2688212,
          4.9757041
        ]
      },
      "id": "node/3784396291"
    },
    {
      "type": "Feature",
      "properties": {
        "@id": "node/3784437176",
        "name": "Bandong",
        "place": "village"
      },
      "geometry": {
        "type": "Point",
        "coordinates": [
          10.9879086,
          4.9992589
        ]
      },
      "id": "node/3784437176"
    },
    {
      "type": "Feature",
      "properties": {
        "@id": "node/3784437178",
        "name": "Zakan",
        "place": "village"
      },
      "geometry": {
        "type": "Point",
        "coordinates": [
          11.1031095,
          4.9544198
        ]
      },
      "id": "node/3784437178"
    },
    {
      "type": "Feature",
      "properties": {
        "@id": "node/3786063858",
        "name": "Bioko",
        "place": "village",
        "source": "WRI_2005"
      },
      "geometry": {
        "type": "Point",
        "coordinates": [
          11.2966287,
          5.761331
        ]
      },
      "id": "node/3786063858"
    },
    {
      "type": "Feature",
      "properties": {
        "@id": "node/3807215122",
        "name": "Donenkeng I",
        "place": "village"
      },
      "geometry": {
        "type": "Point",
        "coordinates": [
          11.2851561,
          4.7328229
        ]
      },
      "id": "node/3807215122"
    },
    {
      "type": "Feature",
      "properties": {
        "@id": "node/3807216765",
        "name": "Tiho",
        "place": "village"
      },
      "geometry": {
        "type": "Point",
        "coordinates": [
          11.342071,
          4.6483515
        ]
      },
      "id": "node/3807216765"
    },
    {
      "type": "Feature",
      "properties": {
        "@id": "node/3816858707",
        "name": "Ovangoul II",
        "place": "village"
      },
      "geometry": {
        "type": "Point",
        "coordinates": [
          11.2787331,
          3.5264168
        ]
      },
      "id": "node/3816858707"
    },
    {
      "type": "Feature",
      "properties": {
        "@id": "node/3955379050",
        "name": "Bissaga",
        "place": "village"
      },
      "geometry": {
        "type": "Point",
        "coordinates": [
          12.3652683,
          4.740995
        ]
      },
      "id": "node/3955379050"
    },
    {
      "type": "Feature",
      "properties": {
        "@id": "node/3955379051",
        "name": "Ibonko",
        "place": "village"
      },
      "geometry": {
        "type": "Point",
        "coordinates": [
          12.3543492,
          4.7782569
        ]
      },
      "id": "node/3955379051"
    },
    {
      "type": "Feature",
      "properties": {
        "@id": "node/3955379052",
        "name": "Sandza",
        "place": "village"
      },
      "geometry": {
        "type": "Point",
        "coordinates": [
          12.3468146,
          4.7677772
        ]
      },
      "id": "node/3955379052"
    },
    {
      "type": "Feature",
      "properties": {
        "@id": "node/3955467929",
        "name": "Etognang",
        "place": "village"
      },
      "geometry": {
        "type": "Point",
        "coordinates": [
          12.4269369,
          4.6586514
        ]
      },
      "id": "node/3955467929"
    },
    {
      "type": "Feature",
      "properties": {
        "@id": "node/3956292602",
        "name": "Lembé",
        "place": "village"
      },
      "geometry": {
        "type": "Point",
        "coordinates": [
          12.1345352,
          4.6539094
        ]
      },
      "id": "node/3956292602"
    },
    {
      "type": "Feature",
      "properties": {
        "@id": "node/3956292603",
        "name": "Mendom",
        "place": "village"
      },
      "geometry": {
        "type": "Point",
        "coordinates": [
          12.1360601,
          4.666686
        ]
      },
      "id": "node/3956292603"
    },
    {
      "type": "Feature",
      "properties": {
        "@id": "node/3956292604",
        "name": "Méyandé 1",
        "place": "village"
      },
      "geometry": {
        "type": "Point",
        "coordinates": [
          12.165038,
          4.6580764
        ]
      },
      "id": "node/3956292604"
    },
    {
      "type": "Feature",
      "properties": {
        "@id": "node/3956292605",
        "name": "Méyandé 2",
        "place": "village"
      },
      "geometry": {
        "type": "Point",
        "coordinates": [
          12.1915308,
          4.653059
        ]
      },
      "id": "node/3956292605"
    },
    {
      "type": "Feature",
      "properties": {
        "@id": "node/3956292606",
        "name": "Sombone",
        "place": "village"
      },
      "geometry": {
        "type": "Point",
        "coordinates": [
          12.1974217,
          4.6468828
        ]
      },
      "id": "node/3956292606"
    },
    {
      "type": "Feature",
      "properties": {
        "@id": "node/3956315467",
        "name": "Bikonjok",
        "place": "village"
      },
      "geometry": {
        "type": "Point",
        "coordinates": [
          12.0598103,
          4.5844173
        ]
      },
      "id": "node/3956315467"
    },
    {
      "type": "Feature",
      "properties": {
        "@id": "node/3956315468",
        "name": "Mbam",
        "place": "village"
      },
      "geometry": {
        "type": "Point",
        "coordinates": [
          12.1328454,
          4.6104623
        ]
      },
      "id": "node/3956315468"
    },
    {
      "type": "Feature",
      "properties": {
        "@id": "node/3956315469",
        "name": "Mengondé",
        "place": "village"
      },
      "geometry": {
        "type": "Point",
        "coordinates": [
          12.0784964,
          4.5355993
        ]
      },
      "id": "node/3956315469"
    },
    {
      "type": "Feature",
      "properties": {
        "@id": "node/3956315470",
        "name": "Sabé",
        "place": "village"
      },
      "geometry": {
        "type": "Point",
        "coordinates": [
          12.1063865,
          4.5825634
        ]
      },
      "id": "node/3956315470"
    },
    {
      "type": "Feature",
      "properties": {
        "@id": "node/3956315471",
        "name": "Tamai",
        "place": "village"
      },
      "geometry": {
        "type": "Point",
        "coordinates": [
          12.0472753,
          4.6055334
        ]
      },
      "id": "node/3956315471"
    },
    {
      "type": "Feature",
      "properties": {
        "@id": "node/3956337842",
        "name": "Bipogué",
        "place": "village"
      },
      "geometry": {
        "type": "Point",
        "coordinates": [
          12.0738214,
          4.5276109
        ]
      },
      "id": "node/3956337842"
    },
    {
      "type": "Feature",
      "properties": {
        "@id": "node/3956337843",
        "name": "Mpomtené",
        "place": "village"
      },
      "geometry": {
        "type": "Point",
        "coordinates": [
          12.1012159,
          4.5662238
        ]
      },
      "id": "node/3956337843"
    },
    {
      "type": "Feature",
      "properties": {
        "@id": "node/3956440612",
        "name": "Dakoa",
        "place": "village"
      },
      "geometry": {
        "type": "Point",
        "coordinates": [
          11.7246146,
          4.4356354
        ]
      },
      "id": "node/3956440612"
    },
    {
      "type": "Feature",
      "properties": {
        "@id": "node/3956440613",
        "name": "Ngaoundé",
        "place": "village"
      },
      "geometry": {
        "type": "Point",
        "coordinates": [
          11.8146894,
          4.4656963
        ]
      },
      "id": "node/3956440613"
    },
    {
      "type": "Feature",
      "properties": {
        "@id": "node/3956468609",
        "name": "Dorbe",
        "place": "village"
      },
      "geometry": {
        "type": "Point",
        "coordinates": [
          11.6915267,
          4.4027444
        ]
      },
      "id": "node/3956468609"
    },
    {
      "type": "Feature",
      "properties": {
        "@id": "node/3956468610",
        "name": "Mekouélémié",
        "place": "village"
      },
      "geometry": {
        "type": "Point",
        "coordinates": [
          11.6620155,
          4.4125683
        ]
      },
      "id": "node/3956468610"
    },
    {
      "type": "Feature",
      "properties": {
        "@id": "node/3956468612",
        "name": "Otomkangana",
        "place": "village"
      },
      "geometry": {
        "type": "Point",
        "coordinates": [
          11.6224029,
          4.3776564
        ]
      },
      "id": "node/3956468612"
    },
    {
      "type": "Feature",
      "properties": {
        "@id": "node/3956506338",
        "name": "Essong Mintsang",
        "place": "village"
      },
      "geometry": {
        "type": "Point",
        "coordinates": [
          11.5846462,
          4.1260125
        ]
      },
      "id": "node/3956506338"
    },
    {
      "type": "Feature",
      "properties": {
        "@id": "node/3956506339",
        "name": "Nkolfoulou III",
        "place": "village"
      },
      "geometry": {
        "type": "Point",
        "coordinates": [
          11.5596629,
          4.0952411
        ]
      },
      "id": "node/3956506339"
    },
    {
      "type": "Feature",
      "properties": {
        "@id": "node/3956506340",
        "name": "Nkoloua",
        "place": "village"
      },
      "geometry": {
        "type": "Point",
        "coordinates": [
          11.5523649,
          4.1338875
        ]
      },
      "id": "node/3956506340"
    },
    {
      "type": "Feature",
      "properties": {
        "@id": "node/3958059502",
        "name": "Afan Essélé",
        "place": "village"
      },
      "geometry": {
        "type": "Point",
        "coordinates": [
          11.6305814,
          4.1804728
        ]
      },
      "id": "node/3958059502"
    },
    {
      "type": "Feature",
      "properties": {
        "@id": "node/3958059503",
        "name": "Eloa Ngazouma",
        "place": "village"
      },
      "geometry": {
        "type": "Point",
        "coordinates": [
          11.5013249,
          4.1283372
        ]
      },
      "id": "node/3958059503"
    },
    {
      "type": "Feature",
      "properties": {
        "@id": "node/3958059504",
        "name": "Ninkama III",
        "place": "village"
      },
      "geometry": {
        "type": "Point",
        "coordinates": [
          11.5873808,
          4.2021428
        ]
      },
      "id": "node/3958059504"
    },
    {
      "type": "Feature",
      "properties": {
        "@id": "node/3958140588",
        "name": "Ebanga",
        "place": "village"
      },
      "geometry": {
        "type": "Point",
        "coordinates": [
          11.5755333,
          4.054192
        ]
      },
      "id": "node/3958140588"
    },
    {
      "type": "Feature",
      "properties": {
        "@id": "node/3958185428",
        "name": "Foulassi",
        "place": "village"
      },
      "geometry": {
        "type": "Point",
        "coordinates": [
          11.5360558,
          4.1422732
        ]
      },
      "id": "node/3958185428"
    },
    {
      "type": "Feature",
      "properties": {
        "@id": "node/3958185429",
        "name": "Nkolguem II",
        "place": "village"
      },
      "geometry": {
        "type": "Point",
        "coordinates": [
          11.5353868,
          4.0930495
        ]
      },
      "id": "node/3958185429"
    },
    {
      "type": "Feature",
      "properties": {
        "@id": "node/3958245352",
        "name": "Ndzi",
        "office": "government",
        "place": "village"
      },
      "geometry": {
        "type": "Point",
        "coordinates": [
          11.7012577,
          4.3601073
        ]
      },
      "id": "node/3958245352"
    },
    {
      "type": "Feature",
      "properties": {
        "@id": "node/3958308227",
        "name": "Nkolmékong",
        "place": "village"
      },
      "geometry": {
        "type": "Point",
        "coordinates": [
          11.8034386,
          4.3842513
        ]
      },
      "id": "node/3958308227"
    },
    {
      "type": "Feature",
      "properties": {
        "@id": "node/3958308228",
        "name": "Odoik",
        "place": "village"
      },
      "geometry": {
        "type": "Point",
        "coordinates": [
          11.8475092,
          4.3744426
        ]
      },
      "id": "node/3958308228"
    },
    {
      "type": "Feature",
      "properties": {
        "@id": "node/3958308229",
        "name": "Ondéko",
        "place": "village"
      },
      "geometry": {
        "type": "Point",
        "coordinates": [
          11.7579702,
          4.4059178
        ]
      },
      "id": "node/3958308229"
    },
    {
      "type": "Feature",
      "properties": {
        "@id": "node/3958366613",
        "name": "Bell",
        "place": "village"
      },
      "geometry": {
        "type": "Point",
        "coordinates": [
          11.8033473,
          4.396442
        ]
      },
      "id": "node/3958366613"
    },
    {
      "type": "Feature",
      "properties": {
        "@id": "node/3958425912",
        "name": "Nkomeng",
        "place": "village"
      },
      "geometry": {
        "type": "Point",
        "coordinates": [
          11.83921,
          4.4133134
        ]
      },
      "id": "node/3958425912"
    },
    {
      "type": "Feature",
      "properties": {
        "@id": "node/3959125465",
        "name": "Andondo",
        "place": "village"
      },
      "geometry": {
        "type": "Point",
        "coordinates": [
          11.9728748,
          4.3658216
        ]
      },
      "id": "node/3959125465"
    },
    {
      "type": "Feature",
      "properties": {
        "@id": "node/3959125467",
        "name": "Gomésan",
        "place": "village"
      },
      "geometry": {
        "type": "Point",
        "coordinates": [
          11.8759874,
          4.4936524
        ]
      },
      "id": "node/3959125467"
    },
    {
      "type": "Feature",
      "properties": {
        "@id": "node/3959125468",
        "name": "Kombo",
        "place": "village"
      },
      "geometry": {
        "type": "Point",
        "coordinates": [
          12.0268314,
          4.4538585
        ]
      },
      "id": "node/3959125468"
    },
    {
      "type": "Feature",
      "properties": {
        "@id": "node/3959125469",
        "name": "Matchang",
        "place": "village"
      },
      "geometry": {
        "type": "Point",
        "coordinates": [
          11.9775354,
          4.3778976
        ]
      },
      "id": "node/3959125469"
    },
    {
      "type": "Feature",
      "properties": {
        "@id": "node/3959125470",
        "name": "Melon",
        "place": "village"
      },
      "geometry": {
        "type": "Point",
        "coordinates": [
          11.9293009,
          4.4211557
        ]
      },
      "id": "node/3959125470"
    },
    {
      "type": "Feature",
      "properties": {
        "@id": "node/3959125471",
        "name": "Ngamba",
        "place": "village"
      },
      "geometry": {
        "type": "Point",
        "coordinates": [
          12.0224997,
          4.4227587
        ]
      },
      "id": "node/3959125471"
    },
    {
      "type": "Feature",
      "properties": {
        "@id": "node/3959125472",
        "name": "Ngoulmekong",
        "place": "village"
      },
      "geometry": {
        "type": "Point",
        "coordinates": [
          12.033792,
          4.4803369
        ]
      },
      "id": "node/3959125472"
    },
    {
      "type": "Feature",
      "properties": {
        "@id": "node/3959125473",
        "name": "Nkoloboutou",
        "place": "village"
      },
      "geometry": {
        "type": "Point",
        "coordinates": [
          12.0080421,
          4.5026711
        ]
      },
      "id": "node/3959125473"
    },
    {
      "type": "Feature",
      "properties": {
        "@id": "node/3959146327",
        "name": "Adjaa",
        "place": "village"
      },
      "geometry": {
        "type": "Point",
        "coordinates": [
          11.878203,
          4.4385048
        ]
      },
      "id": "node/3959146327"
    },
    {
      "type": "Feature",
      "properties": {
        "@id": "node/3959146329",
        "name": "Bikoado",
        "place": "village"
      },
      "geometry": {
        "type": "Point",
        "coordinates": [
          11.9737779,
          4.4842923
        ]
      },
      "id": "node/3959146329"
    },
    {
      "type": "Feature",
      "properties": {
        "@id": "node/3959160547",
        "name": "Bipoga",
        "place": "village"
      },
      "geometry": {
        "type": "Point",
        "coordinates": [
          12.3732996,
          4.7152251
        ]
      },
      "id": "node/3959160547"
    },
    {
      "type": "Feature",
      "properties": {
        "@id": "node/3959160548",
        "name": "Boundjou",
        "place": "village"
      },
      "geometry": {
        "type": "Point",
        "coordinates": [
          12.4238039,
          4.7091049
        ]
      },
      "id": "node/3959160548"
    },
    {
      "type": "Feature",
      "properties": {
        "@id": "node/3959160549",
        "name": "Ngaroua",
        "place": "village"
      },
      "geometry": {
        "type": "Point",
        "coordinates": [
          12.4104297,
          4.6937188
        ]
      },
      "id": "node/3959160549"
    },
    {
      "type": "Feature",
      "properties": {
        "@id": "node/3959160550",
        "name": "Nsimeyong",
        "place": "village"
      },
      "geometry": {
        "type": "Point",
        "coordinates": [
          12.3838574,
          4.6923774
        ]
      },
      "id": "node/3959160550"
    },
    {
      "type": "Feature",
      "properties": {
        "@id": "node/3959160551",
        "name": "Oyombang",
        "place": "village"
      },
      "geometry": {
        "type": "Point",
        "coordinates": [
          12.3928101,
          4.6901778
        ]
      },
      "id": "node/3959160551"
    },
    {
      "type": "Feature",
      "properties": {
        "@id": "node/3959194780",
        "name": "Andom",
        "place": "village"
      },
      "geometry": {
        "type": "Point",
        "coordinates": [
          12.1441793,
          4.4881615
        ]
      },
      "id": "node/3959194780"
    },
    {
      "type": "Feature",
      "properties": {
        "@id": "node/3959194781",
        "name": "Mgbayéné",
        "place": "village"
      },
      "geometry": {
        "type": "Point",
        "coordinates": [
          12.1247443,
          4.491139
        ]
      },
      "id": "node/3959194781"
    },
    {
      "type": "Feature",
      "properties": {
        "@id": "node/3959199489",
        "name": "Essoboutou",
        "place": "village"
      },
      "geometry": {
        "type": "Point",
        "coordinates": [
          12.0874767,
          4.5047708
        ]
      },
      "id": "node/3959199489"
    },
    {
      "type": "Feature",
      "properties": {
        "@id": "node/3959199490",
        "name": "Koudiminon",
        "place": "village"
      },
      "geometry": {
        "type": "Point",
        "coordinates": [
          12.1068204,
          4.5036418
        ]
      },
      "id": "node/3959199490"
    },
    {
      "type": "Feature",
      "properties": {
        "@id": "node/3959212665",
        "name": "Kombé",
        "place": "village"
      },
      "geometry": {
        "type": "Point",
        "coordinates": [
          12.1200033,
          4.4191507
        ]
      },
      "id": "node/3959212665"
    },
    {
      "type": "Feature",
      "properties": {
        "@id": "node/3959212666",
        "name": "Mendoko",
        "place": "village"
      },
      "geometry": {
        "type": "Point",
        "coordinates": [
          12.0179339,
          4.5021447
        ]
      },
      "id": "node/3959212666"
    },
    {
      "type": "Feature",
      "properties": {
        "@id": "node/3959229053",
        "name": "Mendjou",
        "place": "village"
      },
      "geometry": {
        "type": "Point",
        "coordinates": [
          12.1694731,
          4.5405311
        ]
      },
      "id": "node/3959229053"
    },
    {
      "type": "Feature",
      "properties": {
        "@id": "node/3959229054",
        "name": "Mguen",
        "place": "village"
      },
      "geometry": {
        "type": "Point",
        "coordinates": [
          12.1707046,
          4.525929
        ]
      },
      "id": "node/3959229054"
    },
    {
      "type": "Feature",
      "properties": {
        "@id": "node/3959229055",
        "name": "Mvane",
        "place": "village"
      },
      "geometry": {
        "type": "Point",
        "coordinates": [
          12.1475112,
          4.5384858
        ]
      },
      "id": "node/3959229055"
    },
    {
      "type": "Feature",
      "properties": {
        "@id": "node/3959229056",
        "name": "Ouassa Babouté",
        "place": "village"
      },
      "geometry": {
        "type": "Point",
        "coordinates": [
          12.2034829,
          4.5071492
        ]
      },
      "id": "node/3959229056"
    },
    {
      "type": "Feature",
      "properties": {
        "@id": "node/3959234141",
        "name": "Ekombitié",
        "place": "village"
      },
      "geometry": {
        "type": "Point",
        "coordinates": [
          12.2039435,
          4.5704398
        ]
      },
      "id": "node/3959234141"
    },
    {
      "type": "Feature",
      "properties": {
        "@id": "node/3959234142",
        "name": "Megangme",
        "place": "village"
      },
      "geometry": {
        "type": "Point",
        "coordinates": [
          12.2301585,
          4.5983298
        ]
      },
      "id": "node/3959234142"
    },
    {
      "type": "Feature",
      "properties": {
        "@id": "node/3959234143",
        "name": "Messeng",
        "place": "village"
      },
      "geometry": {
        "type": "Point",
        "coordinates": [
          12.2095119,
          4.5843507
        ]
      },
      "id": "node/3959234143"
    },
    {
      "type": "Feature",
      "properties": {
        "@id": "node/3959256234",
        "name": "Mevoudou",
        "place": "village"
      },
      "geometry": {
        "type": "Point",
        "coordinates": [
          12.2578248,
          4.5899792
        ]
      },
      "id": "node/3959256234"
    },
    {
      "type": "Feature",
      "properties": {
        "@id": "node/3959256235",
        "name": "Ndoumba",
        "place": "village"
      },
      "geometry": {
        "type": "Point",
        "coordinates": [
          12.2612621,
          4.6162924
        ]
      },
      "id": "node/3959256235"
    },
    {
      "type": "Feature",
      "properties": {
        "@id": "node/3959311401",
        "name": "Akak",
        "place": "village"
      },
      "geometry": {
        "type": "Point",
        "coordinates": [
          12.3416018,
          4.653614
        ]
      },
      "id": "node/3959311401"
    },
    {
      "type": "Feature",
      "properties": {
        "@id": "node/3959311402",
        "name": "Avangane",
        "place": "village"
      },
      "geometry": {
        "type": "Point",
        "coordinates": [
          12.2546933,
          4.6313118
        ]
      },
      "id": "node/3959311402"
    },
    {
      "type": "Feature",
      "properties": {
        "@id": "node/3959311403",
        "name": "Bidjole",
        "place": "village"
      },
      "geometry": {
        "type": "Point",
        "coordinates": [
          12.3559442,
          4.6147833
        ]
      },
      "id": "node/3959311403"
    },
    {
      "type": "Feature",
      "properties": {
        "@id": "node/3959311404",
        "name": "Ebiguidi",
        "place": "village"
      },
      "geometry": {
        "type": "Point",
        "coordinates": [
          12.3334646,
          4.5992448
        ]
      },
      "id": "node/3959311404"
    },
    {
      "type": "Feature",
      "properties": {
        "@id": "node/3959311405",
        "name": "Eboumengué",
        "place": "village"
      },
      "geometry": {
        "type": "Point",
        "coordinates": [
          12.1619785,
          4.5560883
        ]
      },
      "id": "node/3959311405"
    },
    {
      "type": "Feature",
      "properties": {
        "@id": "node/3959311406",
        "name": "Ekomaye",
        "place": "village"
      },
      "geometry": {
        "type": "Point",
        "coordinates": [
          12.3167358,
          4.566869
        ]
      },
      "id": "node/3959311406"
    },
    {
      "type": "Feature",
      "properties": {
        "@id": "node/3959311407",
        "name": "Engane",
        "place": "village"
      },
      "geometry": {
        "type": "Point",
        "coordinates": [
          12.2987131,
          4.6325519
        ]
      },
      "id": "node/3959311407"
    },
    {
      "type": "Feature",
      "properties": {
        "@id": "node/3959311408",
        "name": "Latié",
        "place": "village"
      },
      "geometry": {
        "type": "Point",
        "coordinates": [
          12.1822067,
          4.5689326
        ]
      },
      "id": "node/3959311408"
    },
    {
      "type": "Feature",
      "properties": {
        "@id": "node/3959311409",
        "name": "Mendjuo",
        "place": "village"
      },
      "geometry": {
        "type": "Point",
        "coordinates": [
          12.1505544,
          4.54387
        ]
      },
      "id": "node/3959311409"
    },
    {
      "type": "Feature",
      "properties": {
        "@id": "node/3959311410",
        "name": "Mvog-Betsi",
        "place": "village"
      },
      "geometry": {
        "type": "Point",
        "coordinates": [
          12.3997101,
          4.6688377
        ]
      },
      "id": "node/3959311410"
    },
    {
      "type": "Feature",
      "properties": {
        "@id": "node/3959311411",
        "name": "Ndombam",
        "place": "village"
      },
      "geometry": {
        "type": "Point",
        "coordinates": [
          12.2353079,
          4.6145502
        ]
      },
      "id": "node/3959311411"
    },
    {
      "type": "Feature",
      "properties": {
        "@id": "node/3959311412",
        "name": "Wala",
        "place": "village"
      },
      "geometry": {
        "type": "Point",
        "coordinates": [
          12.315432,
          4.5780029
        ]
      },
      "id": "node/3959311412"
    },
    {
      "type": "Feature",
      "properties": {
        "@id": "node/3965552439",
        "name": "Akak",
        "place": "village"
      },
      "geometry": {
        "type": "Point",
        "coordinates": [
          12.3922017,
          4.6249162
        ]
      },
      "id": "node/3965552439"
    },
    {
      "type": "Feature",
      "properties": {
        "@id": "node/3965552440",
        "name": "Eboudoumwan",
        "place": "village"
      },
      "geometry": {
        "type": "Point",
        "coordinates": [
          12.3563746,
          4.6262563
        ]
      },
      "id": "node/3965552440"
    },
    {
      "type": "Feature",
      "properties": {
        "@id": "node/3965552441",
        "name": "Epogane",
        "place": "village"
      },
      "geometry": {
        "type": "Point",
        "coordinates": [
          12.4096494,
          4.6371622
        ]
      },
      "id": "node/3965552441"
    },
    {
      "type": "Feature",
      "properties": {
        "@id": "node/3965552442",
        "name": "Evoumzi",
        "place": "village"
      },
      "geometry": {
        "type": "Point",
        "coordinates": [
          12.4044491,
          4.6535115
        ]
      },
      "id": "node/3965552442"
    },
    {
      "type": "Feature",
      "properties": {
        "@id": "node/3965552443",
        "name": "Kokoum",
        "place": "village"
      },
      "geometry": {
        "type": "Point",
        "coordinates": [
          12.4273863,
          4.6368136
        ]
      },
      "id": "node/3965552443"
    },
    {
      "type": "Feature",
      "properties": {
        "@id": "node/3965552444",
        "name": "Mendeké",
        "place": "village"
      },
      "geometry": {
        "type": "Point",
        "coordinates": [
          12.3916128,
          4.6346225
        ]
      },
      "id": "node/3965552444"
    },
    {
      "type": "Feature",
      "properties": {
        "@id": "node/3965552445",
        "name": "Ngalala",
        "place": "village"
      },
      "geometry": {
        "type": "Point",
        "coordinates": [
          12.3888367,
          4.6137636
        ]
      },
      "id": "node/3965552445"
    },
    {
      "type": "Feature",
      "properties": {
        "@id": "node/3965552446",
        "name": "Seng Etok",
        "place": "village"
      },
      "geometry": {
        "type": "Point",
        "coordinates": [
          12.4009397,
          4.7001829
        ]
      },
      "id": "node/3965552446"
    },
    {
      "type": "Feature",
      "properties": {
        "@id": "node/4055598716",
        "name": "Tayap",
        "place": "village",
        "population": "254",
        "wikidata": "Q18785795"
      },
      "geometry": {
        "type": "Point",
        "coordinates": [
          10.907612,
          3.861947
        ]
      },
      "id": "node/4055598716"
    },
    {
      "type": "Feature",
      "properties": {
        "@id": "node/4161629136",
        "name": "Ekali I",
        "place": "village"
      },
      "geometry": {
        "type": "Point",
        "coordinates": [
          11.5389463,
          3.6379545
        ]
      },
      "id": "node/4161629136"
    },
    {
      "type": "Feature",
      "properties": {
        "@id": "node/4161629137",
        "name": "Nkolméfou II",
        "place": "village"
      },
      "geometry": {
        "type": "Point",
        "coordinates": [
          11.5332453,
          3.7166584
        ]
      },
      "id": "node/4161629137"
    },
    {
      "type": "Feature",
      "properties": {
        "@id": "node/4161629138",
        "name": "Essazok I",
        "place": "village"
      },
      "geometry": {
        "type": "Point",
        "coordinates": [
          11.5385614,
          3.6816053
        ]
      },
      "id": "node/4161629138"
    },
    {
      "type": "Feature",
      "properties": {
        "@id": "node/4161658203",
        "name": "Metet Village",
        "place": "village"
      },
      "geometry": {
        "type": "Point",
        "coordinates": [
          11.570068,
          3.6332546
        ]
      },
      "id": "node/4161658203"
    },
    {
      "type": "Feature",
      "properties": {
        "@id": "node/4194460489",
        "name": "Nkol-Ngok I",
        "place": "village"
      },
      "geometry": {
        "type": "Point",
        "coordinates": [
          11.4234345,
          4.3733679
        ]
      },
      "id": "node/4194460489"
    },
    {
      "type": "Feature",
      "properties": {
        "@id": "node/4293322505",
        "place": "village"
      },
      "geometry": {
        "type": "Point",
        "coordinates": [
          11.9203194,
          3.9667403
        ]
      },
      "id": "node/4293322505"
    },
    {
      "type": "Feature",
      "properties": {
        "@id": "node/4398980003",
        "name": "Sombo",
        "place": "village",
        "source": "survey"
      },
      "geometry": {
        "type": "Point",
        "coordinates": [
          10.7106532,
          3.8875271
        ]
      },
      "id": "node/4398980003"
    },
    {
      "type": "Feature",
      "properties": {
        "@id": "node/4513687522",
        "name": "Nkol Ebae",
        "place": "village"
      },
      "geometry": {
        "type": "Point",
        "coordinates": [
          11.4565984,
          3.3686497
        ]
      },
      "id": "node/4513687522"
    },
    {
      "type": "Feature",
      "properties": {
        "@id": "node/4571757573",
        "name": "Ebogo",
        "place": "village",
        "population": "200"
      },
      "geometry": {
        "type": "Point",
        "coordinates": [
          11.8624548,
          4.1495488
        ]
      },
      "id": "node/4571757573"
    },
    {
      "type": "Feature",
      "properties": {
        "@id": "node/5009679125",
        "name": "Mbankomo",
        "note": "rank=0 car commune",
        "place": "town",
        "rank": "0",
        "wikidata": "Q11325258",
        "wikipedia": "fr:Mbankomo"
      },
      "geometry": {
        "type": "Point",
        "coordinates": [
          11.4024031,
          3.7879071
        ]
      },
      "id": "node/5009679125"
    },
    {
      "type": "Feature",
      "properties": {
        "@id": "node/5169499329",
        "name": "Mian",
        "place": "village",
        "source": "WRI_2005"
      },
      "geometry": {
        "type": "Point",
        "coordinates": [
          11.3447437,
          3.7990835
        ]
      },
      "id": "node/5169499329"
    },
    {
      "type": "Feature",
      "properties": {
        "@id": "node/5469109584",
        "name": "Nkoumisse-Sud",
        "place": "village",
        "population": "2000"
      },
      "geometry": {
        "type": "Point",
        "coordinates": [
          11.0341908,
          4.0297756
        ]
      },
      "id": "node/5469109584"
    },
    {
      "type": "Feature",
      "properties": {
        "@id": "node/5692938514",
        "name": "Ngoas",
        "office": "government",
        "place": "village"
      },
      "geometry": {
        "type": "Point",
        "coordinates": [
          11.3337493,
          3.9282755
        ]
      },
      "id": "node/5692938514"
    },
    {
      "type": "Feature",
      "properties": {
        "@id": "node/5770728805",
        "name": "Afanoyoa III",
        "place": "village"
      },
      "geometry": {
        "type": "Point",
        "coordinates": [
          11.4640738,
          3.7499249
        ]
      },
      "id": "node/5770728805"
    },
    {
      "type": "Feature",
      "properties": {
        "@id": "node/5827828519",
        "name": "Pan-Eoné",
        "place": "village"
      },
      "geometry": {
        "type": "Point",
        "coordinates": [
          11.0651529,
          3.8620174
        ]
      },
      "id": "node/5827828519"
    },
    {
      "type": "Feature",
      "properties": {
        "@id": "node/5827828525",
        "name": "Lissé",
        "place": "village"
      },
      "geometry": {
        "type": "Point",
        "coordinates": [
          11.1039698,
          3.8577463
        ]
      },
      "id": "node/5827828525"
    },
    {
      "type": "Feature",
      "properties": {
        "@id": "node/5936358156",
        "name": "Elig-Ngolo",
        "place": "village"
      },
      "geometry": {
        "type": "Point",
        "coordinates": [
          11.3417558,
          4.3657683
        ]
      },
      "id": "node/5936358156"
    },
    {
      "type": "Feature",
      "properties": {
        "@id": "node/5936358157",
        "name": "Ekoutpkass",
        "place": "village"
      },
      "geometry": {
        "type": "Point",
        "coordinates": [
          11.3858274,
          4.455908
        ]
      },
      "id": "node/5936358157"
    },
    {
      "type": "Feature",
      "properties": {
        "@id": "node/5936358158",
        "name": "Song-Ebassa",
        "place": "village"
      },
      "geometry": {
        "type": "Point",
        "coordinates": [
          11.3184662,
          4.4049497
        ]
      },
      "id": "node/5936358158"
    },
    {
      "type": "Feature",
      "properties": {
        "@id": "node/5936358159",
        "name": "Song-Adjanga",
        "place": "village"
      },
      "geometry": {
        "type": "Point",
        "coordinates": [
          11.324034,
          4.4196033
        ]
      },
      "id": "node/5936358159"
    },
    {
      "type": "Feature",
      "properties": {
        "@id": "node/5936358160",
        "name": "Mélen-Mégam",
        "place": "village"
      },
      "geometry": {
        "type": "Point",
        "coordinates": [
          11.3362141,
          4.4307086
        ]
      },
      "id": "node/5936358160"
    },
    {
      "type": "Feature",
      "properties": {
        "@id": "node/5936358161",
        "name": "Bikogo",
        "place": "village"
      },
      "geometry": {
        "type": "Point",
        "coordinates": [
          11.3461995,
          4.4457433
        ]
      },
      "id": "node/5936358161"
    },
    {
      "type": "Feature",
      "properties": {
        "@id": "node/5936358162",
        "name": "Mbenega",
        "place": "village"
      },
      "geometry": {
        "type": "Point",
        "coordinates": [
          11.3556903,
          4.4658752
        ]
      },
      "id": "node/5936358162"
    },
    {
      "type": "Feature",
      "properties": {
        "@id": "node/5936358163",
        "name": "Kaé",
        "place": "village"
      },
      "geometry": {
        "type": "Point",
        "coordinates": [
          11.3980518,
          4.3965145
        ]
      },
      "id": "node/5936358163"
    },
    {
      "type": "Feature",
      "properties": {
        "@id": "node/5936358164",
        "name": "Nsingak",
        "place": "village"
      },
      "geometry": {
        "type": "Point",
        "coordinates": [
          11.3660228,
          4.3969587
        ]
      },
      "id": "node/5936358164"
    },
    {
      "type": "Feature",
      "properties": {
        "@id": "node/5936358165",
        "name": "Mengon",
        "place": "village"
      },
      "geometry": {
        "type": "Point",
        "coordinates": [
          11.3557984,
          4.3062698
        ]
      },
      "id": "node/5936358165"
    },
    {
      "type": "Feature",
      "properties": {
        "@id": "node/5936358166",
        "name": "Nkoltégué",
        "place": "village"
      },
      "geometry": {
        "type": "Point",
        "coordinates": [
          11.3514026,
          4.3178456
        ]
      },
      "id": "node/5936358166"
    },
    {
      "type": "Feature",
      "properties": {
        "@id": "node/5936358167",
        "name": "Ekomé",
        "place": "village"
      },
      "geometry": {
        "type": "Point",
        "coordinates": [
          11.3427325,
          4.3217204
        ]
      },
      "id": "node/5936358167"
    },
    {
      "type": "Feature",
      "properties": {
        "@id": "node/5936358168",
        "name": "Nkang Efok",
        "place": "village"
      },
      "geometry": {
        "type": "Point",
        "coordinates": [
          11.3648119,
          4.4266696
        ]
      },
      "id": "node/5936358168"
    },
    {
      "type": "Feature",
      "properties": {
        "@id": "node/5936358170",
        "name": "Lenyong",
        "place": "village"
      },
      "geometry": {
        "type": "Point",
        "coordinates": [
          11.3354157,
          4.4032662
        ]
      },
      "id": "node/5936358170"
    },
    {
      "type": "Feature",
      "properties": {
        "@id": "node/5936358171",
        "name": "Ngok-Leva",
        "place": "village"
      },
      "geometry": {
        "type": "Point",
        "coordinates": [
          11.3412761,
          4.3493448
        ]
      },
      "id": "node/5936358171"
    },
    {
      "type": "Feature",
      "properties": {
        "@id": "node/5936358172",
        "name": "Nkomesse",
        "place": "village"
      },
      "geometry": {
        "type": "Point",
        "coordinates": [
          11.3489471,
          4.3821765
        ]
      },
      "id": "node/5936358172"
    },
    {
      "type": "Feature",
      "properties": {
        "@id": "node/5936358173",
        "name": "Nkom II",
        "place": "village"
      },
      "geometry": {
        "type": "Point",
        "coordinates": [
          11.3710119,
          4.4047624
        ]
      },
      "id": "node/5936358173"
    },
    {
      "type": "Feature",
      "properties": {
        "@id": "node/5936358175",
        "name": "Nkol-Avé",
        "place": "village"
      },
      "geometry": {
        "type": "Point",
        "coordinates": [
          11.3803438,
          4.4251776
        ]
      },
      "id": "node/5936358175"
    },
    {
      "type": "Feature",
      "properties": {
        "@id": "node/5936358176",
        "name": "Nkom I",
        "office": "government",
        "place": "village"
      },
      "geometry": {
        "type": "Point",
        "coordinates": [
          11.3810609,
          4.4140983
        ]
      },
      "id": "node/5936358176"
    },
    {
      "type": "Feature",
      "properties": {
        "@id": "node/5936358177",
        "name": "Mvog-Eloungou",
        "place": "village"
      },
      "geometry": {
        "type": "Point",
        "coordinates": [
          11.4051929,
          4.4302688
        ]
      },
      "id": "node/5936358177"
    },
    {
      "type": "Feature",
      "properties": {
        "@id": "node/5936358179",
        "name": "Mébélé",
        "place": "village"
      },
      "geometry": {
        "type": "Point",
        "coordinates": [
          11.4103352,
          4.4578597
        ]
      },
      "id": "node/5936358179"
    },
    {
      "type": "Feature",
      "properties": {
        "@id": "node/5936358182",
        "name": "Mbilmana",
        "place": "village"
      },
      "geometry": {
        "type": "Point",
        "coordinates": [
          11.4026442,
          4.4834184
        ]
      },
      "id": "node/5936358182"
    },
    {
      "type": "Feature",
      "properties": {
        "@id": "node/5936358183",
        "name": "Etam-kouma",
        "place": "village"
      },
      "geometry": {
        "type": "Point",
        "coordinates": [
          11.3158396,
          4.3575728
        ]
      },
      "id": "node/5936358183"
    },
    {
      "type": "Feature",
      "properties": {
        "@id": "node/5936358286",
        "name": "Nkopala",
        "place": "village"
      },
      "geometry": {
        "type": "Point",
        "coordinates": [
          11.6719647,
          4.2391573
        ]
      },
      "id": "node/5936358286"
    },
    {
      "type": "Feature",
      "properties": {
        "@id": "node/5936358288",
        "name": "Pamnassi",
        "office": "government",
        "place": "village"
      },
      "geometry": {
        "type": "Point",
        "coordinates": [
          11.6124835,
          4.2677102
        ]
      },
      "id": "node/5936358288"
    },
    {
      "type": "Feature",
      "properties": {
        "@id": "node/5936358289",
        "name": "Nalassi",
        "office": "government",
        "place": "village"
      },
      "geometry": {
        "type": "Point",
        "coordinates": [
          11.6274452,
          4.2743312
        ]
      },
      "id": "node/5936358289"
    },
    {
      "type": "Feature",
      "properties": {
        "@id": "node/5936358290",
        "name": "Olembé",
        "office": "government",
        "place": "village"
      },
      "geometry": {
        "type": "Point",
        "coordinates": [
          11.662795,
          4.3075101
        ]
      },
      "id": "node/5936358290"
    },
    {
      "type": "Feature",
      "properties": {
        "@id": "node/5936358292",
        "name": "Emana Batchenga",
        "office": "government",
        "place": "village"
      },
      "geometry": {
        "type": "Point",
        "coordinates": [
          11.6420381,
          4.2917548
        ]
      },
      "id": "node/5936358292"
    },
    {
      "type": "Feature",
      "properties": {
        "@id": "node/5936358293",
        "name": "Mebassa",
        "office": "government",
        "place": "village"
      },
      "geometry": {
        "type": "Point",
        "coordinates": [
          11.6333064,
          4.3073745
        ]
      },
      "id": "node/5936358293"
    },
    {
      "type": "Feature",
      "properties": {
        "@id": "node/5936358295",
        "name": "Elig-Tchouga",
        "place": "village"
      },
      "geometry": {
        "type": "Point",
        "coordinates": [
          11.4459032,
          4.2963047
        ]
      },
      "id": "node/5936358295"
    },
    {
      "type": "Feature",
      "properties": {
        "@id": "node/5936358296",
        "name": "Nlong Lebog",
        "place": "village"
      },
      "geometry": {
        "type": "Point",
        "coordinates": [
          11.4502595,
          4.2757435
        ]
      },
      "id": "node/5936358296"
    },
    {
      "type": "Feature",
      "properties": {
        "@id": "node/5936358297",
        "name": "Mbassila II",
        "place": "village"
      },
      "geometry": {
        "type": "Point",
        "coordinates": [
          11.426901,
          4.4442781
        ]
      },
      "id": "node/5936358297"
    },
    {
      "type": "Feature",
      "properties": {
        "@id": "node/5936358299",
        "name": "Messam",
        "place": "village"
      },
      "geometry": {
        "type": "Point",
        "coordinates": [
          11.4174092,
          4.3285078
        ]
      },
      "id": "node/5936358299"
    },
    {
      "type": "Feature",
      "properties": {
        "@id": "node/5936358301",
        "name": "Nkolbilon",
        "place": "village"
      },
      "geometry": {
        "type": "Point",
        "coordinates": [
          11.4118489,
          4.3746911
        ]
      },
      "id": "node/5936358301"
    },
    {
      "type": "Feature",
      "properties": {
        "@id": "node/5936358302",
        "name": "Nkolmébanga",
        "place": "village"
      },
      "geometry": {
        "type": "Point",
        "coordinates": [
          11.4182697,
          4.406595
        ]
      },
      "id": "node/5936358302"
    },
    {
      "type": "Feature",
      "properties": {
        "@id": "node/5936358303",
        "name": "Ekalounminkoul",
        "name:fr": "Ekalan Minkoul",
        "place": "village"
      },
      "geometry": {
        "type": "Point",
        "coordinates": [
          11.3972462,
          4.3875712
        ]
      },
      "id": "node/5936358303"
    },
    {
      "type": "Feature",
      "properties": {
        "@id": "node/5936358304",
        "name": "Lévazam",
        "place": "village"
      },
      "geometry": {
        "type": "Point",
        "coordinates": [
          11.4128599,
          4.3929845
        ]
      },
      "id": "node/5936358304"
    },
    {
      "type": "Feature",
      "properties": {
        "@id": "node/5936358305",
        "name": "Nlolmelen",
        "place": "village"
      },
      "geometry": {
        "type": "Point",
        "coordinates": [
          11.424542,
          4.3929472
        ]
      },
      "id": "node/5936358305"
    },
    {
      "type": "Feature",
      "properties": {
        "@id": "node/5936358306",
        "name": "KNkolngoko",
        "name:fr": "Nkol Ngok",
        "place": "village"
      },
      "geometry": {
        "type": "Point",
        "coordinates": [
          11.4189115,
          4.369423
        ]
      },
      "id": "node/5936358306"
    },
    {
      "type": "Feature",
      "properties": {
        "@id": "node/5936358307",
        "name": "Ovoabang",
        "place": "village"
      },
      "geometry": {
        "type": "Point",
        "coordinates": [
          11.4230818,
          4.3812992
        ]
      },
      "id": "node/5936358307"
    },
    {
      "type": "Feature",
      "properties": {
        "@id": "node/5936358308",
        "name": "Lengoung",
        "place": "village"
      },
      "geometry": {
        "type": "Point",
        "coordinates": [
          11.4377407,
          4.3829045
        ]
      },
      "id": "node/5936358308"
    },
    {
      "type": "Feature",
      "properties": {
        "@id": "node/5936358309",
        "name": "Mengon",
        "place": "village"
      },
      "geometry": {
        "type": "Point",
        "coordinates": [
          11.4644936,
          4.3975017
        ]
      },
      "id": "node/5936358309"
    },
    {
      "type": "Feature",
      "properties": {
        "@id": "node/5936358310",
        "name": "Lekoudek",
        "place": "village"
      },
      "geometry": {
        "type": "Point",
        "coordinates": [
          11.4518005,
          4.3839872
        ]
      },
      "id": "node/5936358310"
    },
    {
      "type": "Feature",
      "properties": {
        "@id": "node/5936358311",
        "name": "Ebang-Minala",
        "place": "village"
      },
      "geometry": {
        "type": "Point",
        "coordinates": [
          11.4455109,
          4.3750442
        ]
      },
      "id": "node/5936358311"
    },
    {
      "type": "Feature",
      "properties": {
        "@id": "node/5936358312",
        "name": "Nkolangoung",
        "place": "village"
      },
      "geometry": {
        "type": "Point",
        "coordinates": [
          11.4448795,
          4.3943919
        ]
      },
      "id": "node/5936358312"
    },
    {
      "type": "Feature",
      "properties": {
        "@id": "node/5936358313",
        "name": "Nkolbogo I",
        "office": "government",
        "place": "village"
      },
      "geometry": {
        "type": "Point",
        "coordinates": [
          11.4882542,
          4.3564952
        ]
      },
      "id": "node/5936358313"
    },
    {
      "type": "Feature",
      "properties": {
        "@id": "node/5936358314",
        "name": "Ekoumdouma",
        "place": "village"
      },
      "geometry": {
        "type": "Point",
        "coordinates": [
          11.406015,
          4.4063674
        ]
      },
      "id": "node/5936358314"
    },
    {
      "type": "Feature",
      "properties": {
        "@id": "node/5936358315",
        "name": "Elessogué",
        "place": "village"
      },
      "geometry": {
        "type": "Point",
        "coordinates": [
          11.4008707,
          4.4050188
        ]
      },
      "id": "node/5936358315"
    },
    {
      "type": "Feature",
      "properties": {
        "@id": "node/5936358316",
        "name": "Nkolmesseng I",
        "place": "village"
      },
      "geometry": {
        "type": "Point",
        "coordinates": [
          11.4582445,
          4.3697579
        ]
      },
      "id": "node/5936358316"
    },
    {
      "type": "Feature",
      "properties": {
        "@id": "node/5936358317",
        "name": "Oban",
        "place": "village"
      },
      "geometry": {
        "type": "Point",
        "coordinates": [
          11.4642218,
          4.2560391
        ]
      },
      "id": "node/5936358317"
    },
    {
      "type": "Feature",
      "properties": {
        "@id": "node/5936358318",
        "name": "Nkolngok",
        "place": "village"
      },
      "geometry": {
        "type": "Point",
        "coordinates": [
          11.4759865,
          4.2369267
        ]
      },
      "id": "node/5936358318"
    },
    {
      "type": "Feature",
      "properties": {
        "@id": "node/5936358319",
        "name": "Ntsa-Ekang",
        "place": "village"
      },
      "geometry": {
        "type": "Point",
        "coordinates": [
          11.4924476,
          4.2362643
        ]
      },
      "id": "node/5936358319"
    },
    {
      "type": "Feature",
      "properties": {
        "@id": "node/5936358320",
        "name": "Nkoldzama I",
        "place": "village"
      },
      "geometry": {
        "type": "Point",
        "coordinates": [
          11.5173053,
          4.3079337
        ]
      },
      "id": "node/5936358320"
    },
    {
      "type": "Feature",
      "properties": {
        "@id": "node/5936358321",
        "name": "Nkolméki",
        "place": "village"
      },
      "geometry": {
        "type": "Point",
        "coordinates": [
          11.4922104,
          4.3126168
        ]
      },
      "id": "node/5936358321"
    },
    {
      "type": "Feature",
      "properties": {
        "@id": "node/5936358322",
        "name": "Nkoldzama II",
        "place": "village"
      },
      "geometry": {
        "type": "Point",
        "coordinates": [
          11.4895064,
          4.3296933
        ]
      },
      "id": "node/5936358322"
    },
    {
      "type": "Feature",
      "properties": {
        "@id": "node/5936358323",
        "name": "Lékoubek",
        "place": "village"
      },
      "geometry": {
        "type": "Point",
        "coordinates": [
          11.4893641,
          4.3848938
        ]
      },
      "id": "node/5936358323"
    },
    {
      "type": "Feature",
      "properties": {
        "@id": "node/5936358324",
        "name": "Mendouga-Mokala",
        "place": "village"
      },
      "geometry": {
        "type": "Point",
        "coordinates": [
          11.4398019,
          4.4172104
        ]
      },
      "id": "node/5936358324"
    },
    {
      "type": "Feature",
      "properties": {
        "@id": "node/5936358325",
        "name": "Ndovolo",
        "place": "village"
      },
      "geometry": {
        "type": "Point",
        "coordinates": [
          11.4269591,
          4.4327592
        ]
      },
      "id": "node/5936358325"
    },
    {
      "type": "Feature",
      "properties": {
        "@id": "node/5936358326",
        "name": "Nkolawono",
        "place": "village"
      },
      "geometry": {
        "type": "Point",
        "coordinates": [
          11.4509391,
          4.4801487
        ]
      },
      "id": "node/5936358326"
    },
    {
      "type": "Feature",
      "properties": {
        "@id": "node/5936358328",
        "name": "Ndong-Elang",
        "place": "village"
      },
      "geometry": {
        "type": "Point",
        "coordinates": [
          11.4273623,
          4.4699806
        ]
      },
      "id": "node/5936358328"
    },
    {
      "type": "Feature",
      "properties": {
        "@id": "node/5936358330",
        "name": "Mbassila",
        "place": "village"
      },
      "geometry": {
        "type": "Point",
        "coordinates": [
          11.4335292,
          4.4528127
        ]
      },
      "id": "node/5936358330"
    },
    {
      "type": "Feature",
      "properties": {
        "@id": "node/5936358331",
        "name": "Nkolébouma",
        "place": "village"
      },
      "geometry": {
        "type": "Point",
        "coordinates": [
          11.4419258,
          4.4379619
        ]
      },
      "id": "node/5936358331"
    },
    {
      "type": "Feature",
      "properties": {
        "@id": "node/5936358332",
        "name": "Nkolang II",
        "place": "village"
      },
      "geometry": {
        "type": "Point",
        "coordinates": [
          11.474089,
          4.405516
        ]
      },
      "id": "node/5936358332"
    },
    {
      "type": "Feature",
      "properties": {
        "@id": "node/5936358333",
        "name": "Nlongzok",
        "place": "village"
      },
      "geometry": {
        "type": "Point",
        "coordinates": [
          11.4635577,
          4.4222121
        ]
      },
      "id": "node/5936358333"
    },
    {
      "type": "Feature",
      "properties": {
        "@id": "node/5936358334",
        "name": "Ntsan-Mendouga",
        "office": "government",
        "place": "village"
      },
      "geometry": {
        "type": "Point",
        "coordinates": [
          11.4511288,
          4.4238675
        ]
      },
      "id": "node/5936358334"
    },
    {
      "type": "Feature",
      "properties": {
        "@id": "node/5936358335",
        "name": "Nkolessong",
        "place": "village"
      },
      "geometry": {
        "type": "Point",
        "coordinates": [
          11.4733063,
          4.4534038
        ]
      },
      "id": "node/5936358335"
    },
    {
      "type": "Feature",
      "properties": {
        "@id": "node/5936358336",
        "name": "Ebélé",
        "place": "village"
      },
      "geometry": {
        "type": "Point",
        "coordinates": [
          11.4826279,
          4.4554612
        ]
      },
      "id": "node/5936358336"
    },
    {
      "type": "Feature",
      "properties": {
        "@id": "node/5936358337",
        "name": "Nkang-Otom",
        "place": "village"
      },
      "geometry": {
        "type": "Point",
        "coordinates": [
          11.4888897,
          4.4408469
        ]
      },
      "id": "node/5936358337"
    },
    {
      "type": "Feature",
      "properties": {
        "@id": "node/5936358338",
        "name": "Nkolossomo",
        "place": "village"
      },
      "geometry": {
        "type": "Point",
        "coordinates": [
          11.5046392,
          4.4202729
        ]
      },
      "id": "node/5936358338"
    },
    {
      "type": "Feature",
      "properties": {
        "@id": "node/5936358340",
        "name": "Nkolbogo II",
        "place": "village"
      },
      "geometry": {
        "type": "Point",
        "coordinates": [
          11.5289276,
          4.3820558
        ]
      },
      "id": "node/5936358340"
    },
    {
      "type": "Feature",
      "properties": {
        "@id": "node/5936358342",
        "name": "Mengama",
        "place": "village"
      },
      "geometry": {
        "type": "Point",
        "coordinates": [
          11.5280738,
          4.2519707
        ]
      },
      "id": "node/5936358342"
    },
    {
      "type": "Feature",
      "properties": {
        "@id": "node/5936358343",
        "name": "Nkolondogo",
        "place": "village"
      },
      "geometry": {
        "type": "Point",
        "coordinates": [
          11.5288328,
          4.2364063
        ]
      },
      "id": "node/5936358343"
    },
    {
      "type": "Feature",
      "properties": {
        "@id": "node/5936358344",
        "name": "Nkolévodo",
        "place": "village"
      },
      "geometry": {
        "type": "Point",
        "coordinates": [
          11.6000851,
          4.315928
        ]
      },
      "id": "node/5936358344"
    },
    {
      "type": "Feature",
      "properties": {
        "@id": "node/5936358345",
        "name": "Ondondo II",
        "place": "village"
      },
      "geometry": {
        "type": "Point",
        "coordinates": [
          11.5947246,
          4.3235912
        ]
      },
      "id": "node/5936358345"
    },
    {
      "type": "Feature",
      "properties": {
        "@id": "node/5936358346",
        "name": "Ondondo III",
        "place": "village"
      },
      "geometry": {
        "type": "Point",
        "coordinates": [
          11.5919257,
          4.3313962
        ]
      },
      "id": "node/5936358346"
    },
    {
      "type": "Feature",
      "properties": {
        "@id": "node/5936358347",
        "name": "Ondondo I",
        "place": "village"
      },
      "geometry": {
        "type": "Point",
        "coordinates": [
          11.5891268,
          4.3410459
        ]
      },
      "id": "node/5936358347"
    },
    {
      "type": "Feature",
      "properties": {
        "@id": "node/5936358348",
        "name": "Wonkoa",
        "place": "village"
      },
      "geometry": {
        "type": "Point",
        "coordinates": [
          11.53624,
          4.3472629
        ]
      },
      "id": "node/5936358348"
    },
    {
      "type": "Feature",
      "properties": {
        "@id": "node/5936358349",
        "name": "Elig-Zogo",
        "place": "village"
      },
      "geometry": {
        "type": "Point",
        "coordinates": [
          11.4301137,
          4.3620005
        ]
      },
      "id": "node/5936358349"
    },
    {
      "type": "Feature",
      "properties": {
        "@id": "node/5936358350",
        "name": "Nkolzoa II",
        "place": "village"
      },
      "geometry": {
        "type": "Point",
        "coordinates": [
          11.4424239,
          4.31212
        ]
      },
      "id": "node/5936358350"
    },
    {
      "type": "Feature",
      "properties": {
        "@id": "node/5936358351",
        "name": "Endoum",
        "office": "government",
        "place": "village"
      },
      "geometry": {
        "type": "Point",
        "coordinates": [
          11.3705312,
          4.3087851
        ]
      },
      "id": "node/5936358351"
    },
    {
      "type": "Feature",
      "properties": {
        "@id": "node/5936358353",
        "name": "Nlong-Onambélé",
        "place": "village"
      },
      "geometry": {
        "type": "Point",
        "coordinates": [
          11.4132688,
          4.2583705
        ]
      },
      "id": "node/5936358353"
    },
    {
      "type": "Feature",
      "properties": {
        "@id": "node/5936358354",
        "name": "Ntobo",
        "place": "village"
      },
      "geometry": {
        "type": "Point",
        "coordinates": [
          11.408379,
          4.2481777
        ]
      },
      "id": "node/5936358354"
    },
    {
      "type": "Feature",
      "properties": {
        "@id": "node/5936358355",
        "name": "Ekoum-Ondom",
        "place": "village"
      },
      "geometry": {
        "type": "Point",
        "coordinates": [
          11.4909102,
          4.2418583
        ]
      },
      "id": "node/5936358355"
    },
    {
      "type": "Feature",
      "properties": {
        "@id": "node/5936358356",
        "name": "Obang",
        "place": "village"
      },
      "geometry": {
        "type": "Point",
        "coordinates": [
          11.2600474,
          4.264034
        ]
      },
      "id": "node/5936358356"
    },
    {
      "type": "Feature",
      "properties": {
        "@id": "node/5936358357",
        "name": "Nkolkayi",
        "place": "village"
      },
      "geometry": {
        "type": "Point",
        "coordinates": [
          11.3908822,
          4.2426037
        ]
      },
      "id": "node/5936358357"
    },
    {
      "type": "Feature",
      "properties": {
        "@id": "node/5936358358",
        "name": "Nkolvé",
        "place": "village"
      },
      "geometry": {
        "type": "Point",
        "coordinates": [
          11.3519423,
          4.2201879
        ]
      },
      "id": "node/5936358358"
    },
    {
      "type": "Feature",
      "properties": {
        "@id": "node/5936358360",
        "name": "Elah",
        "place": "village"
      },
      "geometry": {
        "type": "Point",
        "coordinates": [
          11.203652,
          4.1805809
        ]
      },
      "id": "node/5936358360"
    },
    {
      "type": "Feature",
      "properties": {
        "@id": "node/5936358362",
        "name": "Pong solo",
        "office": "government",
        "place": "village"
      },
      "geometry": {
        "type": "Point",
        "coordinates": [
          11.2936117,
          4.122005
        ]
      },
      "id": "node/5936358362"
    },
    {
      "type": "Feature",
      "properties": {
        "@id": "node/5936358363",
        "name": "Nkolossan",
        "place": "village"
      },
      "geometry": {
        "type": "Point",
        "coordinates": [
          11.2516477,
          4.1385012
        ]
      },
      "id": "node/5936358363"
    },
    {
      "type": "Feature",
      "properties": {
        "@id": "node/5936358364",
        "name": "Nkolkougda I",
        "place": "village"
      },
      "geometry": {
        "type": "Point",
        "coordinates": [
          11.2491182,
          4.1054438
        ]
      },
      "id": "node/5936358364"
    },
    {
      "type": "Feature",
      "properties": {
        "@id": "node/5936358365",
        "name": "Nkolnguélé",
        "place": "village"
      },
      "geometry": {
        "type": "Point",
        "coordinates": [
          11.2801858,
          4.1294445
        ]
      },
      "id": "node/5936358365"
    },
    {
      "type": "Feature",
      "properties": {
        "@id": "node/5936358366",
        "name": "Ngobo",
        "place": "village"
      },
      "geometry": {
        "type": "Point",
        "coordinates": [
          11.2151969,
          4.1624361
        ]
      },
      "id": "node/5936358366"
    },
    {
      "type": "Feature",
      "properties": {
        "@id": "node/5936358367",
        "name": "Ntouda Sud",
        "place": "village"
      },
      "geometry": {
        "type": "Point",
        "coordinates": [
          11.1861399,
          4.1539619
        ]
      },
      "id": "node/5936358367"
    },
    {
      "type": "Feature",
      "properties": {
        "@id": "node/5936358368",
        "name": "Nkolmeyos I",
        "place": "village"
      },
      "geometry": {
        "type": "Point",
        "coordinates": [
          11.1775137,
          4.1720099
        ]
      },
      "id": "node/5936358368"
    },
    {
      "type": "Feature",
      "properties": {
        "@id": "node/5936358370",
        "name": "Eyen-meyong",
        "place": "village"
      },
      "geometry": {
        "type": "Point",
        "coordinates": [
          11.1241021,
          4.1623714
        ]
      },
      "id": "node/5936358370"
    },
    {
      "type": "Feature",
      "properties": {
        "@id": "node/5936358372",
        "name": "Nlongmenang",
        "place": "village"
      },
      "geometry": {
        "type": "Point",
        "coordinates": [
          11.2022899,
          4.1259512
        ]
      },
      "id": "node/5936358372"
    },
    {
      "type": "Feature",
      "properties": {
        "@id": "node/5936358373",
        "name": "Nkolassa I",
        "place": "village"
      },
      "geometry": {
        "type": "Point",
        "coordinates": [
          11.1722925,
          4.1537355
        ]
      },
      "id": "node/5936358373"
    },
    {
      "type": "Feature",
      "properties": {
        "@id": "node/5936358374",
        "name": "Minwoho centre",
        "place": "village"
      },
      "geometry": {
        "type": "Point",
        "coordinates": [
          11.211,
          4.1056097
        ]
      },
      "id": "node/5936358374"
    },
    {
      "type": "Feature",
      "properties": {
        "@id": "node/5936358375",
        "name": "Pobo",
        "place": "village"
      },
      "geometry": {
        "type": "Point",
        "coordinates": [
          11.1935663,
          4.1037294
        ]
      },
      "id": "node/5936358375"
    },
    {
      "type": "Feature",
      "properties": {
        "@id": "node/5936358376",
        "name": "Mbélbikol",
        "place": "village"
      },
      "geometry": {
        "type": "Point",
        "coordinates": [
          11.1773515,
          4.1039235
        ]
      },
      "id": "node/5936358376"
    },
    {
      "type": "Feature",
      "properties": {
        "@id": "node/5936358378",
        "name": "Meyos",
        "place": "village"
      },
      "geometry": {
        "type": "Point",
        "coordinates": [
          11.1350957,
          4.1374014
        ]
      },
      "id": "node/5936358378"
    },
    {
      "type": "Feature",
      "properties": {
        "@id": "node/5936358379",
        "name": "Nkolseng I",
        "place": "village"
      },
      "geometry": {
        "type": "Point",
        "coordinates": [
          11.1315933,
          4.1262099
        ]
      },
      "id": "node/5936358379"
    },
    {
      "type": "Feature",
      "properties": {
        "@id": "node/5936358380",
        "name": "Nkolseng II",
        "place": "village"
      },
      "geometry": {
        "type": "Point",
        "coordinates": [
          11.1518943,
          4.128086
        ]
      },
      "id": "node/5936358380"
    },
    {
      "type": "Feature",
      "properties": {
        "@id": "node/5936358382",
        "name": "Nkalngaha",
        "place": "village"
      },
      "geometry": {
        "type": "Point",
        "coordinates": [
          11.1945716,
          4.1454877
        ]
      },
      "id": "node/5936358382"
    },
    {
      "type": "Feature",
      "properties": {
        "@id": "node/5936358383",
        "name": "Nkolohandja",
        "place": "village"
      },
      "geometry": {
        "type": "Point",
        "coordinates": [
          11.1661633,
          4.1238811
        ]
      },
      "id": "node/5936358383"
    },
    {
      "type": "Feature",
      "properties": {
        "@id": "node/5936358385",
        "name": "Kokodo I",
        "place": "village"
      },
      "geometry": {
        "type": "Point",
        "coordinates": [
          11.2774617,
          4.2048704
        ]
      },
      "id": "node/5936358385"
    },
    {
      "type": "Feature",
      "properties": {
        "@id": "node/5936358386",
        "name": "Kokodo II",
        "place": "village"
      },
      "geometry": {
        "type": "Point",
        "coordinates": [
          11.3007462,
          4.2172251
        ]
      },
      "id": "node/5936358386"
    },
    {
      "type": "Feature",
      "properties": {
        "@id": "node/5936358389",
        "name": "Komo",
        "place": "village"
      },
      "geometry": {
        "type": "Point",
        "coordinates": [
          11.2257689,
          4.1397303
        ]
      },
      "id": "node/5936358389"
    },
    {
      "type": "Feature",
      "properties": {
        "@id": "node/5936358390",
        "name": "Ayos",
        "place": "village"
      },
      "geometry": {
        "type": "Point",
        "coordinates": [
          11.2660141,
          4.142706
        ]
      },
      "id": "node/5936358390"
    },
    {
      "type": "Feature",
      "properties": {
        "@id": "node/5936358391",
        "name": "Mévila",
        "place": "village"
      },
      "geometry": {
        "type": "Point",
        "coordinates": [
          11.2771374,
          4.1478488
        ]
      },
      "id": "node/5936358391"
    },
    {
      "type": "Feature",
      "properties": {
        "@id": "node/5936358392",
        "name": "Komo-Essélé",
        "place": "village"
      },
      "geometry": {
        "type": "Point",
        "coordinates": [
          11.2684463,
          4.1690343
        ]
      },
      "id": "node/5936358392"
    },
    {
      "type": "Feature",
      "properties": {
        "@id": "node/5936358393",
        "name": "Lékié-Assi",
        "place": "village"
      },
      "geometry": {
        "type": "Point",
        "coordinates": [
          11.3785484,
          4.1156139
        ]
      },
      "id": "node/5936358393"
    },
    {
      "type": "Feature",
      "properties": {
        "@id": "node/5936358394",
        "name": "Bodo",
        "place": "village"
      },
      "geometry": {
        "type": "Point",
        "coordinates": [
          11.3440721,
          4.1490456
        ]
      },
      "id": "node/5936358394"
    },
    {
      "type": "Feature",
      "properties": {
        "@id": "node/5936358395",
        "name": "Nkengué",
        "place": "village"
      },
      "geometry": {
        "type": "Point",
        "coordinates": [
          11.2976978,
          4.1491103
        ]
      },
      "id": "node/5936358395"
    },
    {
      "type": "Feature",
      "properties": {
        "@id": "node/5936358396",
        "name": "Nkolmba",
        "place": "village"
      },
      "geometry": {
        "type": "Point",
        "coordinates": [
          11.3020756,
          4.1652824
        ]
      },
      "id": "node/5936358396"
    },
    {
      "type": "Feature",
      "properties": {
        "@id": "node/5936358397",
        "name": "Mbanédouma I",
        "place": "village"
      },
      "geometry": {
        "type": "Point",
        "coordinates": [
          11.3024325,
          4.1907043
        ]
      },
      "id": "node/5936358397"
    },
    {
      "type": "Feature",
      "properties": {
        "@id": "node/5936358398",
        "name": "Enobita",
        "place": "village"
      },
      "geometry": {
        "type": "Point",
        "coordinates": [
          11.310021,
          4.209657
        ]
      },
      "id": "node/5936358398"
    },
    {
      "type": "Feature",
      "properties": {
        "@id": "node/5936358399",
        "name": "leukoukwa",
        "place": "village"
      },
      "geometry": {
        "type": "Point",
        "coordinates": [
          11.3448484,
          4.1757039
        ]
      },
      "id": "node/5936358399"
    },
    {
      "type": "Feature",
      "properties": {
        "@id": "node/5936358400",
        "name": "Nkoldama",
        "place": "village"
      },
      "geometry": {
        "type": "Point",
        "coordinates": [
          11.3737128,
          4.1849473
        ]
      },
      "id": "node/5936358400"
    },
    {
      "type": "Feature",
      "properties": {
        "@id": "node/5936358401",
        "name": "Mètche",
        "place": "village"
      },
      "geometry": {
        "type": "Point",
        "coordinates": [
          11.380774,
          4.2023797
        ]
      },
      "id": "node/5936358401"
    },
    {
      "type": "Feature",
      "properties": {
        "@id": "node/5936358402",
        "name": "Lékié",
        "place": "village"
      },
      "geometry": {
        "type": "Point",
        "coordinates": [
          11.3598676,
          4.2090321
        ]
      },
      "id": "node/5936358402"
    },
    {
      "type": "Feature",
      "properties": {
        "@id": "node/5936358403",
        "name": "Yemsoa III",
        "place": "village"
      },
      "geometry": {
        "type": "Point",
        "coordinates": [
          11.4532939,
          4.1838802
        ]
      },
      "id": "node/5936358403"
    },
    {
      "type": "Feature",
      "properties": {
        "@id": "node/5936358404",
        "name": "Yemsoa II",
        "place": "village"
      },
      "geometry": {
        "type": "Point",
        "coordinates": [
          11.3904117,
          4.199639
        ]
      },
      "id": "node/5936358404"
    },
    {
      "type": "Feature",
      "properties": {
        "@id": "node/5936358405",
        "name": "Yemsoa I",
        "place": "village"
      },
      "geometry": {
        "type": "Point",
        "coordinates": [
          11.4285977,
          4.2095055
        ]
      },
      "id": "node/5936358405"
    },
    {
      "type": "Feature",
      "properties": {
        "@id": "node/5936358406",
        "name": "Mbakomo",
        "place": "village"
      },
      "geometry": {
        "type": "Point",
        "coordinates": [
          11.448053,
          4.1506326
        ]
      },
      "id": "node/5936358406"
    },
    {
      "type": "Feature",
      "properties": {
        "@id": "node/5936358408",
        "name": "Nkolonana",
        "place": "village"
      },
      "geometry": {
        "type": "Point",
        "coordinates": [
          11.2170683,
          4.1960509
        ]
      },
      "id": "node/5936358408"
    },
    {
      "type": "Feature",
      "properties": {
        "@id": "node/5936358409",
        "name": "Ebondengue",
        "place": "village"
      },
      "geometry": {
        "type": "Point",
        "coordinates": [
          11.2232067,
          4.2048164
        ]
      },
      "id": "node/5936358409"
    },
    {
      "type": "Feature",
      "properties": {
        "@id": "node/5936358410",
        "name": "Zobsila",
        "place": "village"
      },
      "geometry": {
        "type": "Point",
        "coordinates": [
          11.2449146,
          4.205655
        ]
      },
      "id": "node/5936358410"
    },
    {
      "type": "Feature",
      "properties": {
        "@id": "node/5936358411",
        "name": "Ovang",
        "place": "village"
      },
      "geometry": {
        "type": "Point",
        "coordinates": [
          11.247666,
          4.2135085
        ]
      },
      "id": "node/5936358411"
    },
    {
      "type": "Feature",
      "properties": {
        "@id": "node/5936358412",
        "name": "Ekekom",
        "place": "village"
      },
      "geometry": {
        "type": "Point",
        "coordinates": [
          11.2405028,
          4.2102914
        ]
      },
      "id": "node/5936358412"
    },
    {
      "type": "Feature",
      "properties": {
        "@id": "node/5936358413",
        "name": "Nkoltomo III",
        "place": "village"
      },
      "geometry": {
        "type": "Point",
        "coordinates": [
          11.3954426,
          4.2330575
        ]
      },
      "id": "node/5936358413"
    },
    {
      "type": "Feature",
      "properties": {
        "@id": "node/5936358414",
        "name": "Nkolossang",
        "place": "village"
      },
      "geometry": {
        "type": "Point",
        "coordinates": [
          11.3696773,
          4.2993242
        ]
      },
      "id": "node/5936358414"
    },
    {
      "type": "Feature",
      "properties": {
        "@id": "node/5936358415",
        "name": "Nkog-Ekogo",
        "place": "village"
      },
      "geometry": {
        "type": "Point",
        "coordinates": [
          11.3630834,
          4.2217877
        ]
      },
      "id": "node/5936358415"
    },
    {
      "type": "Feature",
      "properties": {
        "@id": "node/5936358416",
        "name": "Etaka",
        "place": "village"
      },
      "geometry": {
        "type": "Point",
        "coordinates": [
          11.3382763,
          4.2182957
        ]
      },
      "id": "node/5936358416"
    },
    {
      "type": "Feature",
      "properties": {
        "@id": "node/5936358417",
        "name": "Nkog-Bong",
        "place": "village"
      },
      "geometry": {
        "type": "Point",
        "coordinates": [
          11.3417378,
          4.2411433
        ]
      },
      "id": "node/5936358417"
    },
    {
      "type": "Feature",
      "properties": {
        "@id": "node/5936358418",
        "name": "Lendong",
        "office": "government",
        "place": "village"
      },
      "geometry": {
        "type": "Point",
        "coordinates": [
          11.2961953,
          4.3094947
        ]
      },
      "id": "node/5936358418"
    },
    {
      "type": "Feature",
      "properties": {
        "@id": "node/5936358419",
        "name": "Olong",
        "place": "village"
      },
      "geometry": {
        "type": "Point",
        "coordinates": [
          11.3175426,
          4.3381605
        ]
      },
      "id": "node/5936358419"
    },
    {
      "type": "Feature",
      "properties": {
        "@id": "node/5936358420",
        "name": "Egom",
        "place": "village"
      },
      "geometry": {
        "type": "Point",
        "coordinates": [
          11.3064658,
          4.3293858
        ]
      },
      "id": "node/5936358420"
    },
    {
      "type": "Feature",
      "properties": {
        "@id": "node/5936358421",
        "name": "Bilik-Bindik",
        "place": "village"
      },
      "geometry": {
        "type": "Point",
        "coordinates": [
          11.3008443,
          4.294783
        ]
      },
      "id": "node/5936358421"
    },
    {
      "type": "Feature",
      "properties": {
        "@id": "node/5936358422",
        "name": "Biligbikot",
        "place": "village"
      },
      "geometry": {
        "type": "Point",
        "coordinates": [
          11.3362839,
          4.2577354
        ]
      },
      "id": "node/5936358422"
    },
    {
      "type": "Feature",
      "properties": {
        "@id": "node/5936358423",
        "name": "Oloumsang",
        "place": "village"
      },
      "geometry": {
        "type": "Point",
        "coordinates": [
          11.3206946,
          4.2602752
        ]
      },
      "id": "node/5936358423"
    },
    {
      "type": "Feature",
      "properties": {
        "@id": "node/5936358424",
        "name": "Nkang",
        "place": "village"
      },
      "geometry": {
        "type": "Point",
        "coordinates": [
          11.3002276,
          4.2663521
        ]
      },
      "id": "node/5936358424"
    },
    {
      "type": "Feature",
      "properties": {
        "@id": "node/5936358425",
        "name": "Nkombendama",
        "place": "village"
      },
      "geometry": {
        "type": "Point",
        "coordinates": [
          11.2822432,
          4.3027876
        ]
      },
      "id": "node/5936358425"
    },
    {
      "type": "Feature",
      "properties": {
        "@id": "node/5936358426",
        "name": "Nkolmeyos",
        "place": "village"
      },
      "geometry": {
        "type": "Point",
        "coordinates": [
          11.2756546,
          4.2949722
        ]
      },
      "id": "node/5936358426"
    },
    {
      "type": "Feature",
      "properties": {
        "@id": "node/5936358427",
        "name": "Nkolkossé",
        "office": "government",
        "place": "village"
      },
      "geometry": {
        "type": "Point",
        "coordinates": [
          11.274263,
          4.2815138
        ]
      },
      "id": "node/5936358427"
    },
    {
      "type": "Feature",
      "properties": {
        "@id": "node/5936358428",
        "name": "Nkolébé",
        "place": "village"
      },
      "geometry": {
        "type": "Point",
        "coordinates": [
          11.266926,
          4.2724546
        ]
      },
      "id": "node/5936358428"
    },
    {
      "type": "Feature",
      "properties": {
        "@id": "node/5936358429",
        "name": "Nkolngok",
        "place": "village"
      },
      "geometry": {
        "type": "Point",
        "coordinates": [
          11.2562998,
          4.270657
        ]
      },
      "id": "node/5936358429"
    },
    {
      "type": "Feature",
      "properties": {
        "@id": "node/5936358430",
        "name": "Nkolossananga",
        "place": "village"
      },
      "geometry": {
        "type": "Point",
        "coordinates": [
          11.2388425,
          4.2769487
        ]
      },
      "id": "node/5936358430"
    },
    {
      "type": "Feature",
      "properties": {
        "@id": "node/5936358431",
        "name": "Nkongmesse II",
        "place": "village",
        "source": "Carte ancienne Cameroun"
      },
      "geometry": {
        "type": "Point",
        "coordinates": [
          11.2308999,
          4.2593566
        ]
      },
      "id": "node/5936358431"
    },
    {
      "type": "Feature",
      "properties": {
        "@id": "node/5936358432",
        "name": "Nkombibam I",
        "place": "village"
      },
      "geometry": {
        "type": "Point",
        "coordinates": [
          11.2139848,
          4.2323377
        ]
      },
      "id": "node/5936358432"
    },
    {
      "type": "Feature",
      "properties": {
        "@id": "node/5936358433",
        "name": "Nkombibam II",
        "place": "village"
      },
      "geometry": {
        "type": "Point",
        "coordinates": [
          11.2239943,
          4.2221189
        ]
      },
      "id": "node/5936358433"
    },
    {
      "type": "Feature",
      "properties": {
        "@id": "node/5936358435",
        "name": "Eyenmeyong",
        "office": "government",
        "place": "village"
      },
      "geometry": {
        "type": "Point",
        "coordinates": [
          11.2336849,
          4.1876201
        ]
      },
      "id": "node/5936358435"
    },
    {
      "type": "Feature",
      "properties": {
        "@id": "node/5936358436",
        "name": "Nkolndoup",
        "place": "village"
      },
      "geometry": {
        "type": "Point",
        "coordinates": [
          11.1979981,
          4.2332366
        ]
      },
      "id": "node/5936358436"
    },
    {
      "type": "Feature",
      "properties": {
        "@id": "node/5936358437",
        "name": "Mpong",
        "place": "village"
      },
      "geometry": {
        "type": "Point",
        "coordinates": [
          11.1930645,
          4.216773
        ]
      },
      "id": "node/5936358437"
    },
    {
      "type": "Feature",
      "properties": {
        "@id": "node/5936358438",
        "name": "Nkolmelong",
        "place": "village"
      },
      "geometry": {
        "type": "Point",
        "coordinates": [
          11.1974289,
          4.2069324
        ]
      },
      "id": "node/5936358438"
    },
    {
      "type": "Feature",
      "properties": {
        "@id": "node/5936358439",
        "name": "Ngama",
        "place": "village"
      },
      "geometry": {
        "type": "Point",
        "coordinates": [
          11.1979507,
          4.1936854
        ]
      },
      "id": "node/5936358439"
    },
    {
      "type": "Feature",
      "properties": {
        "@id": "node/5936358440",
        "name": "Nkolngobo",
        "place": "village"
      },
      "geometry": {
        "type": "Point",
        "coordinates": [
          11.1822486,
          4.1848855
        ]
      },
      "id": "node/5936358440"
    },
    {
      "type": "Feature",
      "properties": {
        "@id": "node/5936358441",
        "name": "Ntsa'Ondondo",
        "place": "village"
      },
      "geometry": {
        "type": "Point",
        "coordinates": [
          11.1486149,
          4.2189492
        ]
      },
      "id": "node/5936358441"
    },
    {
      "type": "Feature",
      "properties": {
        "@id": "node/5936358443",
        "name": "Nkolmedogo",
        "place": "village"
      },
      "geometry": {
        "type": "Point",
        "coordinates": [
          11.151224,
          4.1876295
        ]
      },
      "id": "node/5936358443"
    },
    {
      "type": "Feature",
      "properties": {
        "@id": "node/5936358444",
        "name": "Tatebe",
        "place": "village"
      },
      "geometry": {
        "type": "Point",
        "coordinates": [
          11.1703416,
          4.1976595
        ]
      },
      "id": "node/5936358444"
    },
    {
      "type": "Feature",
      "properties": {
        "@id": "node/5936358445",
        "name": "Mibebali",
        "place": "village"
      },
      "geometry": {
        "type": "Point",
        "coordinates": [
          11.1575807,
          4.2032422
        ]
      },
      "id": "node/5936358445"
    },
    {
      "type": "Feature",
      "properties": {
        "@id": "node/5936358446",
        "name": "Akouk",
        "place": "village"
      },
      "geometry": {
        "type": "Point",
        "coordinates": [
          11.1536908,
          4.1953412
        ]
      },
      "id": "node/5936358446"
    },
    {
      "type": "Feature",
      "properties": {
        "@id": "node/5936358447",
        "name": "Nlongbon IV",
        "office": "government",
        "place": "village"
      },
      "geometry": {
        "type": "Point",
        "coordinates": [
          11.1475185,
          4.1732679
        ]
      },
      "id": "node/5936358447"
    },
    {
      "type": "Feature",
      "properties": {
        "@id": "node/5936358448",
        "name": "Nkolangoung",
        "place": "village"
      },
      "geometry": {
        "type": "Point",
        "coordinates": [
          11.3830692,
          4.0874293
        ]
      },
      "id": "node/5936358448"
    },
    {
      "type": "Feature",
      "properties": {
        "@id": "node/5936358449",
        "name": "Ngong",
        "place": "village"
      },
      "geometry": {
        "type": "Point",
        "coordinates": [
          11.3745452,
          4.079751
        ]
      },
      "id": "node/5936358449"
    },
    {
      "type": "Feature",
      "properties": {
        "@id": "node/5936358450",
        "name": "Ebanga",
        "place": "village"
      },
      "geometry": {
        "type": "Point",
        "coordinates": [
          11.3372496,
          4.1127672
        ]
      },
      "id": "node/5936358450"
    },
    {
      "type": "Feature",
      "properties": {
        "@id": "node/5936358451",
        "name": "Mgbabang I",
        "place": "village"
      },
      "geometry": {
        "type": "Point",
        "coordinates": [
          11.3169508,
          4.1244501
        ]
      },
      "id": "node/5936358451"
    },
    {
      "type": "Feature",
      "properties": {
        "@id": "node/5936358452",
        "name": "Mgbabang II",
        "place": "village"
      },
      "geometry": {
        "type": "Point",
        "coordinates": [
          11.3361284,
          4.1241558
        ]
      },
      "id": "node/5936358452"
    },
    {
      "type": "Feature",
      "properties": {
        "@id": "node/5936358453",
        "name": "Nkok-Akom",
        "place": "village"
      },
      "geometry": {
        "type": "Point",
        "coordinates": [
          11.3498478,
          4.1234495
        ]
      },
      "id": "node/5936358453"
    },
    {
      "type": "Feature",
      "properties": {
        "@id": "node/5936358454",
        "name": "Mpong",
        "place": "village"
      },
      "geometry": {
        "type": "Point",
        "coordinates": [
          11.3669681,
          4.1111807
        ]
      },
      "id": "node/5936358454"
    },
    {
      "type": "Feature",
      "properties": {
        "@id": "node/5936358455",
        "name": "Bitsingda",
        "place": "village"
      },
      "geometry": {
        "type": "Point",
        "coordinates": [
          11.3695108,
          4.094733
        ]
      },
      "id": "node/5936358455"
    },
    {
      "type": "Feature",
      "properties": {
        "@id": "node/5936358456",
        "name": "Mbélekié",
        "place": "village"
      },
      "geometry": {
        "type": "Point",
        "coordinates": [
          11.3590825,
          4.1024862
        ]
      },
      "id": "node/5936358456"
    },
    {
      "type": "Feature",
      "properties": {
        "@id": "node/5936358457",
        "name": "Ndangueng",
        "place": "village"
      },
      "geometry": {
        "type": "Point",
        "coordinates": [
          11.3435312,
          4.10575
        ]
      },
      "id": "node/5936358457"
    },
    {
      "type": "Feature",
      "properties": {
        "@id": "node/5936358458",
        "name": "Ebougsi",
        "place": "village"
      },
      "geometry": {
        "type": "Point",
        "coordinates": [
          11.3024349,
          4.1167881
        ]
      },
      "id": "node/5936358458"
    },
    {
      "type": "Feature",
      "properties": {
        "@id": "node/5936358459",
        "name": "Konabeng",
        "place": "village"
      },
      "geometry": {
        "type": "Point",
        "coordinates": [
          11.3381642,
          4.088577
        ]
      },
      "id": "node/5936358459"
    },
    {
      "type": "Feature",
      "properties": {
        "@id": "node/5936358460",
        "name": "Song-Onana",
        "place": "village"
      },
      "geometry": {
        "type": "Point",
        "coordinates": [
          11.3092208,
          4.06677
        ]
      },
      "id": "node/5936358460"
    },
    {
      "type": "Feature",
      "properties": {
        "@id": "node/5936358461",
        "name": "Ekekam II",
        "place": "village"
      },
      "geometry": {
        "type": "Point",
        "coordinates": [
          11.3137054,
          4.0807195
        ]
      },
      "id": "node/5936358461"
    },
    {
      "type": "Feature",
      "properties": {
        "@id": "node/5936358462",
        "name": "Ekekam I",
        "place": "village"
      },
      "geometry": {
        "type": "Point",
        "coordinates": [
          11.3096929,
          4.0731268
        ]
      },
      "id": "node/5936358462"
    },
    {
      "type": "Feature",
      "properties": {
        "@id": "node/5936358463",
        "name": "Ayos",
        "place": "village"
      },
      "geometry": {
        "type": "Point",
        "coordinates": [
          11.2821952,
          4.0761286
        ]
      },
      "id": "node/5936358463"
    },
    {
      "type": "Feature",
      "properties": {
        "@id": "node/5936358464",
        "name": "Nkam",
        "place": "village"
      },
      "geometry": {
        "type": "Point",
        "coordinates": [
          11.3194292,
          4.0921968
        ]
      },
      "id": "node/5936358464"
    },
    {
      "type": "Feature",
      "properties": {
        "@id": "node/5936358465",
        "name": "Evanvèbè",
        "place": "village"
      },
      "geometry": {
        "type": "Point",
        "coordinates": [
          11.317718,
          4.099142
        ]
      },
      "id": "node/5936358465"
    },
    {
      "type": "Feature",
      "properties": {
        "@id": "node/5936358466",
        "name": "Bissogo",
        "place": "village"
      },
      "geometry": {
        "type": "Point",
        "coordinates": [
          11.2984814,
          4.093374
        ]
      },
      "id": "node/5936358466"
    },
    {
      "type": "Feature",
      "properties": {
        "@id": "node/5936358467",
        "name": "Nguesse",
        "place": "village"
      },
      "geometry": {
        "type": "Point",
        "coordinates": [
          11.2841424,
          4.0912551
        ]
      },
      "id": "node/5936358467"
    },
    {
      "type": "Feature",
      "properties": {
        "@id": "node/5936358471",
        "name": "Nkolakok",
        "office": "government",
        "place": "village"
      },
      "geometry": {
        "type": "Point",
        "coordinates": [
          11.176276,
          4.0886654
        ]
      },
      "id": "node/5936358471"
    },
    {
      "type": "Feature",
      "properties": {
        "@id": "node/5936358472",
        "name": "Nkolzibi",
        "place": "village"
      },
      "geometry": {
        "type": "Point",
        "coordinates": [
          11.1893167,
          4.0733033
        ]
      },
      "id": "node/5936358472"
    },
    {
      "type": "Feature",
      "properties": {
        "@id": "node/5936358473",
        "name": "Nkolékotsing",
        "place": "village"
      },
      "geometry": {
        "type": "Point",
        "coordinates": [
          11.1795804,
          4.064651
        ]
      },
      "id": "node/5936358473"
    },
    {
      "type": "Feature",
      "properties": {
        "@id": "node/5936358474",
        "name": "Nkoumissé",
        "place": "village"
      },
      "geometry": {
        "type": "Point",
        "coordinates": [
          11.1434676,
          4.0390468
        ]
      },
      "id": "node/5936358474"
    },
    {
      "type": "Feature",
      "properties": {
        "@id": "node/5936358475",
        "name": "Nkodassa",
        "place": "village"
      },
      "geometry": {
        "type": "Point",
        "coordinates": [
          11.2210629,
          4.0549392
        ]
      },
      "id": "node/5936358475"
    },
    {
      "type": "Feature",
      "properties": {
        "@id": "node/5936358478",
        "name": "Yégassi",
        "place": "village"
      },
      "geometry": {
        "type": "Point",
        "coordinates": [
          11.4699584,
          3.9959591
        ]
      },
      "id": "node/5936358478"
    },
    {
      "type": "Feature",
      "properties": {
        "@id": "node/5936358479",
        "name": "Mintotomo",
        "place": "village"
      },
      "geometry": {
        "type": "Point",
        "coordinates": [
          11.4935025,
          3.9937811
        ]
      },
      "id": "node/5936358479"
    },
    {
      "type": "Feature",
      "properties": {
        "@id": "node/5936358481",
        "name": "Nkolessong",
        "place": "village"
      },
      "geometry": {
        "type": "Point",
        "coordinates": [
          11.4816419,
          3.9639362
        ]
      },
      "id": "node/5936358481"
    },
    {
      "type": "Feature",
      "properties": {
        "@id": "node/5936358483",
        "name": "Douma",
        "place": "village"
      },
      "geometry": {
        "type": "Point",
        "coordinates": [
          11.3801483,
          3.8922334
        ]
      },
      "id": "node/5936358483"
    },
    {
      "type": "Feature",
      "properties": {
        "@id": "node/5936358484",
        "name": "Audjoué",
        "place": "village"
      },
      "geometry": {
        "type": "Point",
        "coordinates": [
          11.3684648,
          3.8909971
        ]
      },
      "id": "node/5936358484"
    },
    {
      "type": "Feature",
      "properties": {
        "@id": "node/5936358485",
        "name": "Ngobassi",
        "place": "village"
      },
      "geometry": {
        "type": "Point",
        "coordinates": [
          11.290512,
          4.0419723
        ]
      },
      "id": "node/5936358485"
    },
    {
      "type": "Feature",
      "properties": {
        "@id": "node/5936358488",
        "name": "Lendom I",
        "place": "village"
      },
      "geometry": {
        "type": "Point",
        "coordinates": [
          11.3537263,
          4.039361
        ]
      },
      "id": "node/5936358488"
    },
    {
      "type": "Feature",
      "properties": {
        "@id": "node/5936358489",
        "name": "Lendom II",
        "place": "village"
      },
      "geometry": {
        "type": "Point",
        "coordinates": [
          11.3632106,
          4.0649603
        ]
      },
      "id": "node/5936358489"
    },
    {
      "type": "Feature",
      "properties": {
        "@id": "node/5936358491",
        "name": "Oban II",
        "place": "village"
      },
      "geometry": {
        "type": "Point",
        "coordinates": [
          11.4331626,
          4.0472378
        ]
      },
      "id": "node/5936358491"
    },
    {
      "type": "Feature",
      "properties": {
        "@id": "node/5936358492",
        "name": "Nkolmekouma",
        "place": "village"
      },
      "geometry": {
        "type": "Point",
        "coordinates": [
          11.4031219,
          4.011278
        ]
      },
      "id": "node/5936358492"
    },
    {
      "type": "Feature",
      "properties": {
        "@id": "node/5936358493",
        "name": "Nkolotomo",
        "place": "village"
      },
      "geometry": {
        "type": "Point",
        "coordinates": [
          11.434965,
          4.0266896
        ]
      },
      "id": "node/5936358493"
    },
    {
      "type": "Feature",
      "properties": {
        "@id": "node/5936358494",
        "name": "Okoukouda",
        "place": "village"
      },
      "geometry": {
        "type": "Point",
        "coordinates": [
          11.4474105,
          4.0158159
        ]
      },
      "id": "node/5936358494"
    },
    {
      "type": "Feature",
      "properties": {
        "@id": "node/5936358495",
        "name": "Bilono II",
        "place": "village"
      },
      "geometry": {
        "type": "Point",
        "coordinates": [
          11.4484405,
          4.0297718
        ]
      },
      "id": "node/5936358495"
    },
    {
      "type": "Feature",
      "properties": {
        "@id": "node/5936358496",
        "name": "Bilono I",
        "place": "village"
      },
      "geometry": {
        "type": "Point",
        "coordinates": [
          11.4651775,
          4.0175283
        ]
      },
      "id": "node/5936358496"
    },
    {
      "type": "Feature",
      "properties": {
        "@id": "node/5936358498",
        "name": "Yémésoum I",
        "place": "village"
      },
      "geometry": {
        "type": "Point",
        "coordinates": [
          11.5026855,
          4.048094
        ]
      },
      "id": "node/5936358498"
    },
    {
      "type": "Feature",
      "properties": {
        "@id": "node/5936358499",
        "name": "Mvog-Dzigui",
        "place": "village"
      },
      "geometry": {
        "type": "Point",
        "coordinates": [
          11.4798116,
          4.0163724
        ]
      },
      "id": "node/5936358499"
    },
    {
      "type": "Feature",
      "properties": {
        "@id": "node/5936358500",
        "name": "Nkom-Ndamba",
        "place": "village"
      },
      "geometry": {
        "type": "Point",
        "coordinates": [
          11.5112685,
          4.0192407
        ]
      },
      "id": "node/5936358500"
    },
    {
      "type": "Feature",
      "properties": {
        "@id": "node/5936358502",
        "name": "Yeptang",
        "place": "village"
      },
      "geometry": {
        "type": "Point",
        "coordinates": [
          11.46492,
          4.2289812
        ]
      },
      "id": "node/5936358502"
    },
    {
      "type": "Feature",
      "properties": {
        "@id": "node/5936358503",
        "name": "Elig-kouma I",
        "place": "village"
      },
      "geometry": {
        "type": "Point",
        "coordinates": [
          11.4229059,
          4.0952245
        ]
      },
      "id": "node/5936358503"
    },
    {
      "type": "Feature",
      "properties": {
        "@id": "node/5936358504",
        "name": "Elig-kouma II",
        "place": "village"
      },
      "geometry": {
        "type": "Point",
        "coordinates": [
          11.4179706,
          4.1001471
        ]
      },
      "id": "node/5936358504"
    },
    {
      "type": "Feature",
      "properties": {
        "@id": "node/5936358505",
        "name": "Etoudi-Ayos",
        "place": "village"
      },
      "geometry": {
        "type": "Point",
        "coordinates": [
          11.4061259,
          4.1059687
        ]
      },
      "id": "node/5936358505"
    },
    {
      "type": "Feature",
      "properties": {
        "@id": "node/5936358506",
        "name": "Ekékom",
        "place": "village"
      },
      "geometry": {
        "type": "Point",
        "coordinates": [
          11.4890384,
          4.1468038
        ]
      },
      "id": "node/5936358506"
    },
    {
      "type": "Feature",
      "properties": {
        "@id": "node/5936358507",
        "name": "Ntsan",
        "place": "village"
      },
      "geometry": {
        "type": "Point",
        "coordinates": [
          11.4718722,
          4.162812
        ]
      },
      "id": "node/5936358507"
    },
    {
      "type": "Feature",
      "properties": {
        "@id": "node/5936358508",
        "name": "Essélé",
        "place": "village"
      },
      "geometry": {
        "type": "Point",
        "coordinates": [
          11.4306735,
          4.1351613
        ]
      },
      "id": "node/5936358508"
    },
    {
      "type": "Feature",
      "properties": {
        "@id": "node/5936358509",
        "name": "Zima",
        "place": "village"
      },
      "geometry": {
        "type": "Point",
        "coordinates": [
          11.4141941,
          4.1193238
        ]
      },
      "id": "node/5936358509"
    },
    {
      "type": "Feature",
      "properties": {
        "@id": "node/5936358510",
        "name": "Nkol-Tsogo I",
        "place": "village"
      },
      "geometry": {
        "type": "Point",
        "coordinates": [
          11.4341926,
          4.1153002
        ]
      },
      "id": "node/5936358510"
    },
    {
      "type": "Feature",
      "properties": {
        "@id": "node/5936358511",
        "name": "Nkol-Tsogo II",
        "place": "village"
      },
      "geometry": {
        "type": "Point",
        "coordinates": [
          11.4552211,
          4.1209504
        ]
      },
      "id": "node/5936358511"
    },
    {
      "type": "Feature",
      "properties": {
        "@id": "node/5936358512",
        "name": "Endinding",
        "place": "village"
      },
      "geometry": {
        "type": "Point",
        "coordinates": [
          11.4832019,
          4.1141873
        ]
      },
      "id": "node/5936358512"
    },
    {
      "type": "Feature",
      "properties": {
        "@id": "node/5936358513",
        "name": "Nkom-efoufoum",
        "place": "village"
      },
      "geometry": {
        "type": "Point",
        "coordinates": [
          11.446638,
          4.0935551
        ]
      },
      "id": "node/5936358513"
    },
    {
      "type": "Feature",
      "properties": {
        "@id": "node/5936358514",
        "name": "Eton-Bidjoe",
        "place": "village"
      },
      "geometry": {
        "type": "Point",
        "coordinates": [
          11.447153,
          4.1025443
        ]
      },
      "id": "node/5936358514"
    },
    {
      "type": "Feature",
      "properties": {
        "@id": "node/5936358515",
        "name": "Lengom",
        "place": "village"
      },
      "geometry": {
        "type": "Point",
        "coordinates": [
          11.4898109,
          4.1033148
        ]
      },
      "id": "node/5936358515"
    },
    {
      "type": "Feature",
      "properties": {
        "@id": "node/5936358516",
        "name": "Koud-Adeng",
        "place": "village"
      },
      "geometry": {
        "type": "Point",
        "coordinates": [
          11.4876651,
          4.0877335
        ]
      },
      "id": "node/5936358516"
    },
    {
      "type": "Feature",
      "properties": {
        "@id": "node/5936358517",
        "name": "Nkolbéga",
        "place": "village"
      },
      "geometry": {
        "type": "Point",
        "coordinates": [
          11.4701556,
          4.0601658
        ]
      },
      "id": "node/5936358517"
    },
    {
      "type": "Feature",
      "properties": {
        "@id": "node/5936358518",
        "name": "Yemessoum II",
        "place": "village"
      },
      "geometry": {
        "type": "Point",
        "coordinates": [
          11.4910125,
          4.067015
        ]
      },
      "id": "node/5936358518"
    },
    {
      "type": "Feature",
      "properties": {
        "@id": "node/5936358520",
        "name": "Tsèk",
        "place": "village"
      },
      "geometry": {
        "type": "Point",
        "coordinates": [
          11.4658641,
          4.1826291
        ]
      },
      "id": "node/5936358520"
    },
    {
      "type": "Feature",
      "properties": {
        "@id": "node/5936358521",
        "name": "Nkoléwodo",
        "place": "village"
      },
      "geometry": {
        "type": "Point",
        "coordinates": [
          11.4502322,
          4.2004341
        ]
      },
      "id": "node/5936358521"
    },
    {
      "type": "Feature",
      "properties": {
        "@id": "node/5936358522",
        "name": "Bilone",
        "place": "village"
      },
      "geometry": {
        "type": "Point",
        "coordinates": [
          11.5101527,
          4.1813879
        ]
      },
      "id": "node/5936358522"
    },
    {
      "type": "Feature",
      "properties": {
        "@id": "node/5936358523",
        "name": "Mbélé I",
        "place": "village"
      },
      "geometry": {
        "type": "Point",
        "coordinates": [
          11.5171908,
          4.2074105
        ]
      },
      "id": "node/5936358523"
    },
    {
      "type": "Feature",
      "properties": {
        "@id": "node/5936358524",
        "name": "Mbélé II",
        "place": "village"
      },
      "geometry": {
        "type": "Point",
        "coordinates": [
          11.5237998,
          4.1906329
        ]
      },
      "id": "node/5936358524"
    },
    {
      "type": "Feature",
      "properties": {
        "@id": "node/5936358525",
        "name": "Ntuissong",
        "place": "village"
      },
      "geometry": {
        "type": "Point",
        "coordinates": [
          11.4553928,
          4.2203787
        ]
      },
      "id": "node/5936358525"
    },
    {
      "type": "Feature",
      "properties": {
        "@id": "node/5936358526",
        "name": "Nkolbiyem",
        "place": "village"
      },
      "geometry": {
        "type": "Point",
        "coordinates": [
          11.4412307,
          4.212846
        ]
      },
      "id": "node/5936358526"
    },
    {
      "type": "Feature",
      "properties": {
        "@id": "node/5936401992",
        "name": "Nkodabel",
        "place": "village"
      },
      "geometry": {
        "type": "Point",
        "coordinates": [
          11.1955611,
          4.1373143
        ]
      },
      "id": "node/5936401992"
    },
    {
      "type": "Feature",
      "properties": {
        "@id": "node/5936401993",
        "name": "Nkolmessongo",
        "place": "village"
      },
      "geometry": {
        "type": "Point",
        "coordinates": [
          11.2367267,
          4.3204669
        ]
      },
      "id": "node/5936401993"
    },
    {
      "type": "Feature",
      "properties": {
        "@id": "node/5936504989",
        "name": "Nkongmessa",
        "office": "government",
        "place": "village"
      },
      "geometry": {
        "type": "Point",
        "coordinates": [
          11.3096806,
          3.8766875
        ]
      },
      "id": "node/5936504989"
    },
    {
      "type": "Feature",
      "properties": {
        "@id": "node/5936504990",
        "name": "Nkongkarak",
        "place": "village"
      },
      "geometry": {
        "type": "Point",
        "coordinates": [
          11.2666802,
          3.8915506
        ]
      },
      "id": "node/5936504990"
    },
    {
      "type": "Feature",
      "properties": {
        "@id": "node/5936504991",
        "name": "Elig Ewodo",
        "place": "village"
      },
      "geometry": {
        "type": "Point",
        "coordinates": [
          11.2554222,
          3.880012
        ]
      },
      "id": "node/5936504991"
    },
    {
      "type": "Feature",
      "properties": {
        "@id": "node/5936504992",
        "name": "Njongmebi",
        "place": "village"
      },
      "geometry": {
        "type": "Point",
        "coordinates": [
          11.2640917,
          3.8740985
        ]
      },
      "id": "node/5936504992"
    },
    {
      "type": "Feature",
      "properties": {
        "@id": "node/5936504993",
        "name": "Menguek II",
        "office": "government",
        "place": "village"
      },
      "geometry": {
        "type": "Point",
        "coordinates": [
          11.2639761,
          3.8615543
        ]
      },
      "id": "node/5936504993"
    },
    {
      "type": "Feature",
      "properties": {
        "@id": "node/5936504994",
        "name": "Menguek I",
        "office": "government",
        "place": "village"
      },
      "geometry": {
        "type": "Point",
        "coordinates": [
          11.2582336,
          3.8683265
        ]
      },
      "id": "node/5936504994"
    },
    {
      "type": "Feature",
      "properties": {
        "@id": "node/5936504995",
        "name": "Tikong",
        "office": "government",
        "place": "village"
      },
      "geometry": {
        "type": "Point",
        "coordinates": [
          11.2486369,
          3.8734402
        ]
      },
      "id": "node/5936504995"
    },
    {
      "type": "Feature",
      "properties": {
        "@id": "node/5936504996",
        "name": "Ozassingui",
        "place": "village"
      },
      "geometry": {
        "type": "Point",
        "coordinates": [
          11.2935096,
          3.8696925
        ]
      },
      "id": "node/5936504996"
    },
    {
      "type": "Feature",
      "properties": {
        "@id": "node/5936504997",
        "name": "Léwobok",
        "place": "village"
      },
      "geometry": {
        "type": "Point",
        "coordinates": [
          11.2879772,
          3.9105795
        ]
      },
      "id": "node/5936504997"
    },
    {
      "type": "Feature",
      "properties": {
        "@id": "node/5936504998",
        "name": "Elig Ebanga",
        "place": "village"
      },
      "geometry": {
        "type": "Point",
        "coordinates": [
          11.3135806,
          3.9379884
        ]
      },
      "id": "node/5936504998"
    },
    {
      "type": "Feature",
      "properties": {
        "@id": "node/5936504999",
        "name": "Minkoa",
        "office": "government",
        "place": "village"
      },
      "geometry": {
        "type": "Point",
        "coordinates": [
          11.3027803,
          3.9494713
        ]
      },
      "id": "node/5936504999"
    },
    {
      "type": "Feature",
      "properties": {
        "@id": "node/5936505000",
        "name": "Nkolassié",
        "place": "village"
      },
      "geometry": {
        "type": "Point",
        "coordinates": [
          11.2996546,
          3.9415872
        ]
      },
      "id": "node/5936505000"
    },
    {
      "type": "Feature",
      "properties": {
        "@id": "node/5936505001",
        "name": "Nkolyem",
        "office": "administrative",
        "place": "village"
      },
      "geometry": {
        "type": "Point",
        "coordinates": [
          11.2951719,
          3.9709395
        ]
      },
      "id": "node/5936505001"
    },
    {
      "type": "Feature",
      "properties": {
        "@id": "node/5936505002",
        "name": "Yémassi",
        "place": "village"
      },
      "geometry": {
        "type": "Point",
        "coordinates": [
          11.2893337,
          3.9670632
        ]
      },
      "id": "node/5936505002"
    },
    {
      "type": "Feature",
      "properties": {
        "@id": "node/5936505003",
        "name": "Yemassi",
        "place": "village"
      },
      "geometry": {
        "type": "Point",
        "coordinates": [
          11.2818437,
          3.973888
        ]
      },
      "id": "node/5936505003"
    },
    {
      "type": "Feature",
      "properties": {
        "@id": "node/5936505004",
        "name": "Elig Ebodé",
        "place": "village"
      },
      "geometry": {
        "type": "Point",
        "coordinates": [
          11.2770371,
          3.9488829
        ]
      },
      "id": "node/5936505004"
    },
    {
      "type": "Feature",
      "properties": {
        "@id": "node/5936505005",
        "name": "Nkolmélen",
        "office": "administrative",
        "place": "village"
      },
      "geometry": {
        "type": "Point",
        "coordinates": [
          11.2710215,
          3.970152
        ]
      },
      "id": "node/5936505005"
    },
    {
      "type": "Feature",
      "properties": {
        "@id": "node/5936505006",
        "name": "Ntoul",
        "place": "village"
      },
      "geometry": {
        "type": "Point",
        "coordinates": [
          11.2438628,
          3.9558844
        ]
      },
      "id": "node/5936505006"
    },
    {
      "type": "Feature",
      "properties": {
        "@id": "node/5936505007",
        "name": "Nkolmévouté",
        "place": "village"
      },
      "geometry": {
        "type": "Point",
        "coordinates": [
          11.228293,
          3.8227281
        ]
      },
      "id": "node/5936505007"
    },
    {
      "type": "Feature",
      "properties": {
        "@id": "node/5936505008",
        "name": "Kéllé",
        "office": "government",
        "place": "village",
        "source": "Carte ancienne Cameroun"
      },
      "geometry": {
        "type": "Point",
        "coordinates": [
          11.1622394,
          3.8058982
        ]
      },
      "id": "node/5936505008"
    },
    {
      "type": "Feature",
      "properties": {
        "@id": "node/5936505009",
        "name": "Nlong",
        "office": "government",
        "place": "village",
        "source": "Carte ancienne Cameroun"
      },
      "geometry": {
        "type": "Point",
        "coordinates": [
          11.190725,
          3.8099586
        ]
      },
      "id": "node/5936505009"
    },
    {
      "type": "Feature",
      "properties": {
        "@id": "node/5936505010",
        "name": "Ebednga",
        "place": "village"
      },
      "geometry": {
        "type": "Point",
        "coordinates": [
          11.1867736,
          3.8728039
        ]
      },
      "id": "node/5936505010"
    },
    {
      "type": "Feature",
      "properties": {
        "@id": "node/5936505011",
        "name": "Mekak",
        "place": "village"
      },
      "geometry": {
        "type": "Point",
        "coordinates": [
          11.2009068,
          4.0056639
        ]
      },
      "id": "node/5936505011"
    },
    {
      "type": "Feature",
      "properties": {
        "@id": "node/5936505013",
        "name": "Nkolbikok",
        "place": "village"
      },
      "geometry": {
        "type": "Point",
        "coordinates": [
          11.2513528,
          4.1712543
        ]
      },
      "id": "node/5936505013"
    },
    {
      "type": "Feature",
      "properties": {
        "@id": "node/6170348250",
        "name": "Natchigal",
        "office": "government",
        "place": "village",
        "source": "WRI_2005"
      },
      "geometry": {
        "type": "Point",
        "coordinates": [
          11.6234386,
          4.3453415
        ]
      },
      "id": "node/6170348250"
    },
    {
      "type": "Feature",
      "properties": {
        "@id": "node/6170348251",
        "name": "Ballong I",
        "place": "village"
      },
      "geometry": {
        "type": "Point",
        "coordinates": [
          11.6542732,
          4.2883297
        ]
      },
      "id": "node/6170348251"
    },
    {
      "type": "Feature",
      "properties": {
        "@id": "node/6170528689",
        "name": "Endama I",
        "place": "village",
        "source": "WRI_2005"
      },
      "geometry": {
        "type": "Point",
        "coordinates": [
          11.3792181,
          4.1706875
        ]
      },
      "id": "node/6170528689"
    },
    {
      "type": "Feature",
      "properties": {
        "@id": "node/6170528690",
        "name": "Mbanédouma II",
        "place": "village",
        "source": "WRI_2005"
      },
      "geometry": {
        "type": "Point",
        "coordinates": [
          11.3164329,
          4.1895628
        ]
      },
      "id": "node/6170528690"
    },
    {
      "type": "Feature",
      "properties": {
        "@id": "node/6180504700",
        "name": "Biyaga",
        "office": "government",
        "place": "village"
      },
      "geometry": {
        "type": "Point",
        "coordinates": [
          11.6199517,
          4.3004942
        ]
      },
      "id": "node/6180504700"
    },
    {
      "type": "Feature",
      "properties": {
        "@id": "node/6180524666",
        "name": "Ebang Minala",
        "office": "government",
        "place": "village"
      },
      "geometry": {
        "type": "Point",
        "coordinates": [
          11.6041937,
          4.2775907
        ]
      },
      "id": "node/6180524666"
    },
    {
      "type": "Feature",
      "properties": {
        "@id": "node/6180532049",
        "name": "Ballong II",
        "place": "village"
      },
      "geometry": {
        "type": "Point",
        "coordinates": [
          11.6571486,
          4.2834992
        ]
      },
      "id": "node/6180532049"
    },
    {
      "type": "Feature",
      "properties": {
        "@id": "node/6180540765",
        "name": "Nkokpwali",
        "office": "government",
        "place": "village"
      },
      "geometry": {
        "type": "Point",
        "coordinates": [
          11.6613328,
          4.2751728
        ]
      },
      "id": "node/6180540765"
    },
    {
      "type": "Feature",
      "properties": {
        "@id": "node/6180659044",
        "name": "Nkolevida",
        "place": "village",
        "source": "Carte ancienne Cameroun"
      },
      "geometry": {
        "type": "Point",
        "coordinates": [
          11.137476,
          4.2108451
        ]
      },
      "id": "node/6180659044"
    },
    {
      "type": "Feature",
      "properties": {
        "@id": "node/6180786377",
        "name": "Nlongbon III",
        "place": "village"
      },
      "geometry": {
        "type": "Point",
        "coordinates": [
          11.1701614,
          4.1888352
        ]
      },
      "id": "node/6180786377"
    },
    {
      "type": "Feature",
      "properties": {
        "@id": "node/6180792608",
        "name": "Nkolmesseng II",
        "place": "village"
      },
      "geometry": {
        "type": "Point",
        "coordinates": [
          11.446166,
          4.3562106
        ]
      },
      "id": "node/6180792608"
    },
    {
      "type": "Feature",
      "properties": {
        "@id": "node/6180794898",
        "name": "Elig-bikoun",
        "place": "village",
        "source": "Carte ancienne Cameroun"
      },
      "geometry": {
        "type": "Point",
        "coordinates": [
          11.2005722,
          4.1868021
        ]
      },
      "id": "node/6180794898"
    },
    {
      "type": "Feature",
      "properties": {
        "@id": "node/6180799902",
        "name": "Tala II",
        "place": "village",
        "source": "WRI_2005"
      },
      "geometry": {
        "type": "Point",
        "coordinates": [
          11.2296206,
          4.181147
        ]
      },
      "id": "node/6180799902"
    },
    {
      "type": "Feature",
      "properties": {
        "@id": "node/6180823849",
        "name": "Mgbaba I",
        "place": "village",
        "source": "Carte ancienne Cameroun"
      },
      "geometry": {
        "type": "Point",
        "coordinates": [
          11.2740648,
          4.2060034
        ]
      },
      "id": "node/6180823849"
    },
    {
      "type": "Feature",
      "properties": {
        "@id": "node/6180841485",
        "name": "Mvomekak II",
        "place": "village",
        "source": "Carte ancienne Cameroun"
      },
      "geometry": {
        "type": "Point",
        "coordinates": [
          11.2487769,
          4.2485613
        ]
      },
      "id": "node/6180841485"
    },
    {
      "type": "Feature",
      "properties": {
        "@id": "node/6180845085",
        "name": "Nkougouda II",
        "place": "village",
        "source": "Carte ancienne Cameroun"
      },
      "geometry": {
        "type": "Point",
        "coordinates": [
          11.2986016,
          4.249674
        ]
      },
      "id": "node/6180845085"
    },
    {
      "type": "Feature",
      "properties": {
        "@id": "node/6180847284",
        "name": "Nkongmesse I",
        "place": "village",
        "source": "Carte ancienne Cameroun"
      },
      "geometry": {
        "type": "Point",
        "coordinates": [
          11.2291217,
          4.2442387
        ]
      },
      "id": "node/6180847284"
    },
    {
      "type": "Feature",
      "properties": {
        "@id": "node/6180879564",
        "name": "Nkolanguene",
        "place": "village"
      },
      "geometry": {
        "type": "Point",
        "coordinates": [
          11.5100669,
          4.3669512
        ]
      },
      "id": "node/6180879564"
    },
    {
      "type": "Feature",
      "properties": {
        "@id": "node/6180879565",
        "name": "Song Obama",
        "place": "village"
      },
      "geometry": {
        "type": "Point",
        "coordinates": [
          11.50496,
          4.3725995
        ]
      },
      "id": "node/6180879565"
    },
    {
      "type": "Feature",
      "properties": {
        "@id": "node/6180888471",
        "name": "Nkolowono",
        "place": "village",
        "source": "Carte ancienne Cameroun"
      },
      "geometry": {
        "type": "Point",
        "coordinates": [
          11.2380588,
          4.2506663
        ]
      },
      "id": "node/6180888471"
    },
    {
      "type": "Feature",
      "properties": {
        "@id": "node/6180888554",
        "name": "Allogène III",
        "place": "village",
        "source": "Carte ancienne Cameroun"
      },
      "geometry": {
        "type": "Point",
        "coordinates": [
          11.1928797,
          4.2573347
        ]
      },
      "id": "node/6180888554"
    },
    {
      "type": "Feature",
      "properties": {
        "@id": "node/6180888555",
        "name": "Allogène II",
        "place": "village",
        "source": "Carte ancienne Cameroun"
      },
      "geometry": {
        "type": "Point",
        "coordinates": [
          11.2049228,
          4.2663487
        ]
      },
      "id": "node/6180888555"
    },
    {
      "type": "Feature",
      "properties": {
        "@id": "node/6180888556",
        "name": "Allogène I",
        "place": "village",
        "source": "Carte ancienne Cameroun"
      },
      "geometry": {
        "type": "Point",
        "coordinates": [
          11.2149811,
          4.2563824
        ]
      },
      "id": "node/6180888556"
    },
    {
      "type": "Feature",
      "properties": {
        "@id": "node/6180925086",
        "name": "Ngomo Village",
        "place": "village",
        "source": "WRI_2005"
      },
      "geometry": {
        "type": "Point",
        "coordinates": [
          11.385591,
          4.2458757
        ]
      },
      "id": "node/6180925086"
    },
    {
      "type": "Feature",
      "properties": {
        "@id": "node/6180941550",
        "name": "Bikogo",
        "place": "village",
        "source": "Carte ancienne Cameroun"
      },
      "geometry": {
        "type": "Point",
        "coordinates": [
          11.2842947,
          4.3085662
        ]
      },
      "id": "node/6180941550"
    },
    {
      "type": "Feature",
      "properties": {
        "@id": "node/6180947228",
        "name": "Okokodo",
        "place": "village",
        "source": "Carte ancienne Cameroun"
      },
      "geometry": {
        "type": "Point",
        "coordinates": [
          11.229701,
          4.2798455
        ]
      },
      "id": "node/6180947228"
    },
    {
      "type": "Feature",
      "properties": {
        "@id": "node/6181044097",
        "name": "Ngondjié",
        "place": "village",
        "source": "Carte ancienne Cameroun"
      },
      "geometry": {
        "type": "Point",
        "coordinates": [
          11.1693084,
          3.8503923
        ]
      },
      "id": "node/6181044097"
    },
    {
      "type": "Feature",
      "properties": {
        "@id": "node/6181163672",
        "name": "Mbama",
        "place": "village"
      },
      "geometry": {
        "type": "Point",
        "coordinates": [
          11.4541482,
          4.3199227
        ]
      },
      "id": "node/6181163672"
    },
    {
      "type": "Feature",
      "properties": {
        "@id": "node/6181163673",
        "name": "Ekekom",
        "place": "village"
      },
      "geometry": {
        "type": "Point",
        "coordinates": [
          11.4445781,
          4.2472132
        ]
      },
      "id": "node/6181163673"
    },
    {
      "type": "Feature",
      "properties": {
        "@id": "node/6181163674",
        "name": "Nkolebou",
        "place": "village"
      },
      "geometry": {
        "type": "Point",
        "coordinates": [
          11.4560794,
          4.2364282
        ]
      },
      "id": "node/6181163674"
    },
    {
      "type": "Feature",
      "properties": {
        "@id": "node/6181221802",
        "name": "Eyang",
        "office": "government",
        "place": "village"
      },
      "geometry": {
        "type": "Point",
        "coordinates": [
          11.3974786,
          3.8919145
        ]
      },
      "id": "node/6181221802"
    },
    {
      "type": "Feature",
      "properties": {
        "@id": "node/6181245438",
        "name": "Elig messi",
        "place": "village"
      },
      "geometry": {
        "type": "Point",
        "coordinates": [
          11.38381,
          4.3097806
        ]
      },
      "id": "node/6181245438"
    },
    {
      "type": "Feature",
      "properties": {
        "@id": "node/6181430660",
        "name": "Minwoho sud",
        "place": "village"
      },
      "geometry": {
        "type": "Point",
        "coordinates": [
          11.2217617,
          4.1193666
        ]
      },
      "id": "node/6181430660"
    },
    {
      "type": "Feature",
      "properties": {
        "@id": "node/6181430661",
        "name": "Doumassi",
        "place": "village"
      },
      "geometry": {
        "type": "Point",
        "coordinates": [
          11.2063551,
          4.094561
        ]
      },
      "id": "node/6181430661"
    },
    {
      "type": "Feature",
      "properties": {
        "@id": "node/6181430662",
        "denomination": "roman_catholic",
        "name": "Mission catholique",
        "place": "village",
        "religion": "christian"
      },
      "geometry": {
        "type": "Point",
        "coordinates": [
          11.2002611,
          4.0957595
        ]
      },
      "id": "node/6181430662"
    },
    {
      "type": "Feature",
      "properties": {
        "@id": "node/6181430663",
        "name": "Quartier haoussa",
        "place": "village"
      },
      "geometry": {
        "type": "Point",
        "coordinates": [
          11.1998963,
          4.0900664
        ]
      },
      "id": "node/6181430663"
    },
    {
      "type": "Feature",
      "properties": {
        "@id": "node/6181430664",
        "name": "Quartier accueil",
        "place": "village"
      },
      "geometry": {
        "type": "Point",
        "coordinates": [
          11.1940598,
          4.0891247
        ]
      },
      "id": "node/6181430664"
    },
    {
      "type": "Feature",
      "properties": {
        "@id": "node/6181430665",
        "name": "Quartier Ayissi",
        "place": "village"
      },
      "geometry": {
        "type": "Point",
        "coordinates": [
          11.1952399,
          4.0950105
        ]
      },
      "id": "node/6181430665"
    },
    {
      "type": "Feature",
      "properties": {
        "@id": "node/6181430666",
        "name": "Evodoula village",
        "place": "village"
      },
      "geometry": {
        "type": "Point",
        "coordinates": [
          11.2218046,
          4.1030151
        ]
      },
      "id": "node/6181430666"
    },
    {
      "type": "Feature",
      "properties": {
        "@id": "node/6181430667",
        "name": "Nkolkougda II",
        "place": "village"
      },
      "geometry": {
        "type": "Point",
        "coordinates": [
          11.2397861,
          4.1038284
        ]
      },
      "id": "node/6181430667"
    },
    {
      "type": "Feature",
      "properties": {
        "@id": "node/6181430668",
        "name": "Mgbabang III",
        "place": "village"
      },
      "geometry": {
        "type": "Point",
        "coordinates": [
          11.3459158,
          4.125509
        ]
      },
      "id": "node/6181430668"
    },
    {
      "type": "Feature",
      "properties": {
        "@id": "node/6181430669",
        "name": "Elig-Zogo",
        "place": "village"
      },
      "geometry": {
        "type": "Point",
        "coordinates": [
          11.305393,
          4.1404903
        ]
      },
      "id": "node/6181430669"
    },
    {
      "type": "Feature",
      "properties": {
        "@id": "node/6181430670",
        "name": "Enoh",
        "place": "village"
      },
      "geometry": {
        "type": "Point",
        "coordinates": [
          11.2708568,
          4.1392276
        ]
      },
      "id": "node/6181430670"
    },
    {
      "type": "Feature",
      "properties": {
        "@id": "node/6181430671",
        "name": "Okok II",
        "place": "village"
      },
      "geometry": {
        "type": "Point",
        "coordinates": [
          11.2636041,
          4.1368735
        ]
      },
      "id": "node/6181430671"
    },
    {
      "type": "Feature",
      "properties": {
        "@id": "node/6181430672",
        "name": "Nkolassa II",
        "place": "village"
      },
      "geometry": {
        "type": "Point",
        "coordinates": [
          11.160736,
          4.1634112
        ]
      },
      "id": "node/6181430672"
    },
    {
      "type": "Feature",
      "properties": {
        "@id": "node/6181436091",
        "name": "Ntouda centre",
        "place": "village"
      },
      "geometry": {
        "type": "Point",
        "coordinates": [
          11.2121701,
          4.174454
        ]
      },
      "id": "node/6181436091"
    },
    {
      "type": "Feature",
      "properties": {
        "@id": "node/6181641868",
        "name": "Elig-Tsogo",
        "place": "village"
      },
      "geometry": {
        "type": "Point",
        "coordinates": [
          11.4677524,
          4.1021162
        ]
      },
      "id": "node/6181641868"
    },
    {
      "type": "Feature",
      "properties": {
        "@id": "node/6181641869",
        "name": "Nkolguem I",
        "place": "village"
      },
      "geometry": {
        "type": "Point",
        "coordinates": [
          11.5383911,
          4.1027155
        ]
      },
      "id": "node/6181641869"
    },
    {
      "type": "Feature",
      "properties": {
        "@id": "node/6181641870",
        "name": "Mekas",
        "place": "village"
      },
      "geometry": {
        "type": "Point",
        "coordinates": [
          11.5411376,
          4.1373015
        ]
      },
      "id": "node/6181641870"
    },
    {
      "type": "Feature",
      "properties": {
        "@id": "node/6181641871",
        "name": "Elig Bessola",
        "place": "village"
      },
      "geometry": {
        "type": "Point",
        "coordinates": [
          11.5395927,
          4.1602438
        ]
      },
      "id": "node/6181641871"
    },
    {
      "type": "Feature",
      "properties": {
        "@id": "node/6181641872",
        "name": "Okok Assi",
        "place": "village"
      },
      "geometry": {
        "type": "Point",
        "coordinates": [
          11.5332412,
          4.1498856
        ]
      },
      "id": "node/6181641872"
    },
    {
      "type": "Feature",
      "properties": {
        "@id": "node/6181641873",
        "name": "Abokono",
        "place": "village"
      },
      "geometry": {
        "type": "Point",
        "coordinates": [
          11.5253877,
          4.1616135
        ]
      },
      "id": "node/6181641873"
    },
    {
      "type": "Feature",
      "properties": {
        "@id": "node/6181641874",
        "name": "Mboua",
        "place": "village"
      },
      "geometry": {
        "type": "Point",
        "coordinates": [
          11.5250659,
          4.1706233
        ]
      },
      "id": "node/6181641874"
    },
    {
      "type": "Feature",
      "properties": {
        "@id": "node/6181641875",
        "name": "Nkolbikok",
        "place": "village"
      },
      "geometry": {
        "type": "Point",
        "coordinates": [
          11.5344858,
          4.1777925
        ]
      },
      "id": "node/6181641875"
    },
    {
      "type": "Feature",
      "properties": {
        "@id": "node/6181641876",
        "name": "Village pionier",
        "place": "village"
      },
      "geometry": {
        "type": "Point",
        "coordinates": [
          11.6046094,
          4.1810454
        ]
      },
      "id": "node/6181641876"
    },
    {
      "type": "Feature",
      "properties": {
        "@id": "node/6181641877",
        "name": "Minkama I",
        "place": "village"
      },
      "geometry": {
        "type": "Point",
        "coordinates": [
          11.5553855,
          4.1793334
        ]
      },
      "id": "node/6181641877"
    },
    {
      "type": "Feature",
      "properties": {
        "@id": "node/6181641878",
        "name": "Nkolnkui",
        "place": "village"
      },
      "geometry": {
        "type": "Point",
        "coordinates": [
          11.5594411,
          4.2056985
        ]
      },
      "id": "node/6181641878"
    },
    {
      "type": "Feature",
      "properties": {
        "@id": "node/6224935936",
        "ele": "794",
        "name": "Nkolvanize",
        "place": "village"
      },
      "geometry": {
        "type": "Point",
        "coordinates": [
          11.1856699,
          4.018042
        ]
      },
      "id": "node/6224935936"
    },
    {
      "type": "Feature",
      "properties": {
        "@id": "node/6224935937",
        "ele": "794",
        "name": "Voa I",
        "place": "village"
      },
      "geometry": {
        "type": "Point",
        "coordinates": [
          11.2151098,
          4.0354226
        ]
      },
      "id": "node/6224935937"
    },
    {
      "type": "Feature",
      "properties": {
        "@id": "node/6224935938",
        "ele": "794",
        "name": "Nkolntsiba",
        "place": "village"
      },
      "geometry": {
        "type": "Point",
        "coordinates": [
          11.2435627,
          4.0389329
        ]
      },
      "id": "node/6224935938"
    },
    {
      "type": "Feature",
      "properties": {
        "@id": "node/6224935939",
        "ele": "794",
        "name": "Mva'a I",
        "place": "village"
      },
      "geometry": {
        "type": "Point",
        "coordinates": [
          11.32905,
          4.0447549
        ]
      },
      "id": "node/6224935939"
    },
    {
      "type": "Feature",
      "properties": {
        "@id": "node/6224935940",
        "ele": "794",
        "name": "Ekabita-Tom",
        "place": "village"
      },
      "geometry": {
        "type": "Point",
        "coordinates": [
          11.4662504,
          4.0533594
        ]
      },
      "id": "node/6224935940"
    },
    {
      "type": "Feature",
      "properties": {
        "@id": "node/6224935941",
        "ele": "794",
        "name": "Ekong",
        "place": "village"
      },
      "geometry": {
        "type": "Point",
        "coordinates": [
          11.4601706,
          3.9428242
        ]
      },
      "id": "node/6224935941"
    },
    {
      "type": "Feature",
      "properties": {
        "@id": "node/6224935942",
        "ele": "794",
        "name": "Leboudi I",
        "place": "village"
      },
      "geometry": {
        "type": "Point",
        "coordinates": [
          11.464169,
          3.931219
        ]
      },
      "id": "node/6224935942"
    },
    {
      "type": "Feature",
      "properties": {
        "@id": "node/6233107195",
        "XCOORD": "11.28333",
        "YCOORD": "3.6",
        "name": "EboalBoum",
        "place": "village",
        "population": "415"
      },
      "geometry": {
        "type": "Point",
        "coordinates": [
          11.2865021,
          3.5957434
        ]
      },
      "id": "node/6233107195"
    },
    {
      "type": "Feature",
      "properties": {
        "@id": "node/6247283786",
        "name": "Nkoladzap",
        "place": "village"
      },
      "geometry": {
        "type": "Point",
        "coordinates": [
          11.5184355,
          3.4279298
        ]
      },
      "id": "node/6247283786"
    },
    {
      "type": "Feature",
      "properties": {
        "@id": "node/6247283787",
        "name": "Mbalélon",
        "place": "village"
      },
      "geometry": {
        "type": "Point",
        "coordinates": [
          11.5172982,
          3.4798943
        ]
      },
      "id": "node/6247283787"
    },
    {
      "type": "Feature",
      "properties": {
        "@id": "node/6305350025",
        "alt_name": "Telba",
        "name": "Talba",
        "place": "village"
      },
      "geometry": {
        "type": "Point",
        "coordinates": [
          11.4736318,
          4.5955039
        ]
      },
      "id": "node/6305350025"
    },
    {
      "type": "Feature",
      "properties": {
        "@id": "node/6324288686",
        "name": "Otélé",
        "place": "town"
      },
      "geometry": {
        "type": "Point",
        "coordinates": [
          11.2443861,
          3.5912678
        ]
      },
      "id": "node/6324288686"
    },
    {
      "type": "Feature",
      "properties": {
        "@id": "node/6417698974",
        "place": "village"
      },
      "geometry": {
        "type": "Point",
        "coordinates": [
          11.8031111,
          4.8471092
        ]
      },
      "id": "node/6417698974"
    },
    {
      "type": "Feature",
      "properties": {
        "@id": "node/6417722301",
        "place": "village"
      },
      "geometry": {
        "type": "Point",
        "coordinates": [
          11.7063507,
          4.8655814
        ]
      },
      "id": "node/6417722301"
    },
    {
      "type": "Feature",
      "properties": {
        "@id": "node/6417782973",
        "place": "village"
      },
      "geometry": {
        "type": "Point",
        "coordinates": [
          11.6211112,
          4.8295767
        ]
      },
      "id": "node/6417782973"
    },
    {
      "type": "Feature",
      "properties": {
        "@id": "node/6417782989",
        "place": "village"
      },
      "geometry": {
        "type": "Point",
        "coordinates": [
          11.6442854,
          4.8361991
        ]
      },
      "id": "node/6417782989"
    },
    {
      "type": "Feature",
      "properties": {
        "@id": "node/6417783008",
        "place": "village"
      },
      "geometry": {
        "type": "Point",
        "coordinates": [
          11.6300771,
          4.8129518
        ]
      },
      "id": "node/6417783008"
    },
    {
      "type": "Feature",
      "properties": {
        "@id": "node/6417783041",
        "place": "village"
      },
      "geometry": {
        "type": "Point",
        "coordinates": [
          11.6028644,
          4.7645304
        ]
      },
      "id": "node/6417783041"
    },
    {
      "type": "Feature",
      "properties": {
        "@id": "node/6753558320",
        "name": "Ebebda II",
        "place": "village"
      },
      "geometry": {
        "type": "Point",
        "coordinates": [
          11.273991,
          4.3615127
        ]
      },
      "id": "node/6753558320"
    },
    {
      "type": "Feature",
      "properties": {
        "@id": "node/6858364159",
        "place": "village"
      },
      "geometry": {
        "type": "Point",
        "coordinates": [
          12.3030138,
          3.772898
        ]
      },
      "id": "node/6858364159"
    },
    {
      "type": "Feature",
      "properties": {
        "@id": "node/6858385574",
        "place": "village"
      },
      "geometry": {
        "type": "Point",
        "coordinates": [
          12.2857726,
          3.7722289
        ]
      },
      "id": "node/6858385574"
    },
    {
      "type": "Feature",
      "properties": {
        "@id": "node/6858590648",
        "place": "village"
      },
      "geometry": {
        "type": "Point",
        "coordinates": [
          12.2944415,
          3.8150984
        ]
      },
      "id": "node/6858590648"
    },
    {
      "type": "Feature",
      "properties": {
        "@id": "node/6858590649",
        "place": "village"
      },
      "geometry": {
        "type": "Point",
        "coordinates": [
          12.2768032,
          3.8194982
        ]
      },
      "id": "node/6858590649"
    },
    {
      "type": "Feature",
      "properties": {
        "@id": "node/6858628894",
        "place": "village"
      },
      "geometry": {
        "type": "Point",
        "coordinates": [
          12.2993982,
          3.8289185
        ]
      },
      "id": "node/6858628894"
    },
    {
      "type": "Feature",
      "properties": {
        "@id": "node/7716636547",
        "name": "Zalom",
        "place": "village"
      },
      "geometry": {
        "type": "Point",
        "coordinates": [
          11.6188037,
          3.8051106
        ]
      },
      "id": "node/7716636547"
    },
    {
      "type": "Feature",
      "properties": {
        "@id": "node/7716636548",
        "name": "Mendong",
        "place": "village"
      },
      "geometry": {
        "type": "Point",
        "coordinates": [
          11.6265392,
          3.7853164
        ]
      },
      "id": "node/7716636548"
    },
    {
      "type": "Feature",
      "properties": {
        "@id": "node/7716636549",
        "name": "Etoubou",
        "place": "village"
      },
      "geometry": {
        "type": "Point",
        "coordinates": [
          11.630187,
          3.7769126
        ]
      },
      "id": "node/7716636549"
    },
    {
      "type": "Feature",
      "properties": {
        "@id": "node/7798249071",
        "name": "Mamebelenga",
        "place": "village"
      },
      "geometry": {
        "type": "Point",
        "coordinates": [
          11.6645156,
          3.9434695
        ]
      },
      "id": "node/7798249071"
    },
    {
      "type": "Feature",
      "properties": {
        "@id": "node/7798249072",
        "name": "Okié",
        "place": "village"
      },
      "geometry": {
        "type": "Point",
        "coordinates": [
          11.7022204,
          3.9326747
        ]
      },
      "id": "node/7798249072"
    },
    {
      "type": "Feature",
      "properties": {
        "@id": "node/7798249073",
        "name": "Nkolbisson",
        "place": "village"
      },
      "geometry": {
        "type": "Point",
        "coordinates": [
          11.7407101,
          3.921773
        ]
      },
      "id": "node/7798249073"
    },
    {
      "type": "Feature",
      "properties": {
        "@id": "node/7798249074",
        "name": "Endoum",
        "place": "village"
      },
      "geometry": {
        "type": "Point",
        "coordinates": [
          11.7311132,
          3.9404668
        ]
      },
      "id": "node/7798249074"
    },
    {
      "type": "Feature",
      "properties": {
        "@id": "node/8012803319",
        "name": "Nkomokui",
        "place": "village"
      },
      "geometry": {
        "type": "Point",
        "coordinates": [
          11.3231116,
          3.8455966
        ]
      },
      "id": "node/8012803319"
    },
    {
      "type": "Feature",
      "properties": {
        "@id": "node/8154799692",
        "name": "Ehondo",
        "place": "village"
      },
      "geometry": {
        "type": "Point",
        "coordinates": [
          11.6318768,
          4.3806708
        ]
      },
      "id": "node/8154799692"
    },
    {
      "type": "Feature",
      "properties": {
        "@id": "node/8241712469",
        "name": "Yassem",
        "place": "village",
        "wikidata": "Q28840970",
        "wikipedia": "fr:Yassem (Ngoro)"
      },
      "geometry": {
        "type": "Point",
        "coordinates": [
          11.3311851,
          5.3327231
        ]
      },
      "id": "node/8241712469"
    },
    {
      "type": "Feature",
      "properties": {
        "@id": "node/8339238226",
        "name": "Afanloum",
        "note": "A positionner plus précisement",
        "place": "town"
      },
      "geometry": {
        "type": "Point",
        "coordinates": [
          12.0367239,
          4.0906444
        ]
      },
      "id": "node/8339238226"
    },
    {
      "type": "Feature",
      "properties": {
        "@id": "node/8339238227",
        "name": "Endom",
        "note": "rank=0 car commune",
        "place": "town",
        "rank": "0"
      },
      "geometry": {
        "type": "Point",
        "coordinates": [
          12.0989728,
          3.5043187
        ]
      },
      "id": "node/8339238227"
    },
    {
      "type": "Feature",
      "properties": {
        "@id": "node/8449711938",
        "name": "Nsen Nlong II",
        "place": "village"
      },
      "geometry": {
        "type": "Point",
        "coordinates": [
          11.4608431,
          3.5105083
        ]
      },
      "id": "node/8449711938"
    },
    {
      "type": "Feature",
      "properties": {
        "@id": "node/8449711939",
        "name": "Okodé",
        "place": "village"
      },
      "geometry": {
        "type": "Point",
        "coordinates": [
          11.449213,
          3.4953018
        ]
      },
      "id": "node/8449711939"
    },
    {
      "type": "Feature",
      "properties": {
        "@id": "node/8449711940",
        "name": "Akok Bekoe",
        "place": "village"
      },
      "geometry": {
        "type": "Point",
        "coordinates": [
          11.4283025,
          3.4855888
        ]
      },
      "id": "node/8449711940"
    },
    {
      "type": "Feature",
      "properties": {
        "@id": "node/8449711956",
        "name": "Ngat",
        "place": "village"
      },
      "geometry": {
        "type": "Point",
        "coordinates": [
          11.5638721,
          3.4282619
        ]
      },
      "id": "node/8449711956"
    },
    {
      "type": "Feature",
      "properties": {
        "@id": "node/8449711957",
        "name": "Endamsi",
        "place": "village"
      },
      "geometry": {
        "type": "Point",
        "coordinates": [
          11.5403545,
          3.4070565
        ]
      },
      "id": "node/8449711957"
    },
    {
      "type": "Feature",
      "properties": {
        "@id": "node/8449711958",
        "name": "Memiam",
        "place": "village"
      },
      "geometry": {
        "type": "Point",
        "coordinates": [
          11.5968901,
          3.4682454
        ]
      },
      "id": "node/8449711958"
    },
    {
      "type": "Feature",
      "properties": {
        "@id": "node/8449711959",
        "name": "Okekat",
        "place": "village"
      },
      "geometry": {
        "type": "Point",
        "coordinates": [
          11.5623271,
          3.4735947
        ]
      },
      "id": "node/8449711959"
    },
    {
      "type": "Feature",
      "properties": {
        "@id": "node/8450086722",
        "name": "Andok",
        "place": "village"
      },
      "geometry": {
        "type": "Point",
        "coordinates": [
          11.3586509,
          3.3687466
        ]
      },
      "id": "node/8450086722"
    },
    {
      "type": "Feature",
      "properties": {
        "@id": "node/8450086723",
        "name": "Nylémeyong",
        "place": "village"
      },
      "geometry": {
        "type": "Point",
        "coordinates": [
          11.3810527,
          3.392009
        ]
      },
      "id": "node/8450086723"
    },
    {
      "type": "Feature",
      "properties": {
        "@id": "node/8450086724",
        "name": "Bilon",
        "place": "village"
      },
      "geometry": {
        "type": "Point",
        "coordinates": [
          11.3911271,
          3.4188588
        ]
      },
      "id": "node/8450086724"
    },
    {
      "type": "Feature",
      "properties": {
        "@id": "node/8450086725",
        "name": "Nkolnkok",
        "place": "village"
      },
      "geometry": {
        "type": "Point",
        "coordinates": [
          11.5311813,
          3.5291841
        ]
      },
      "id": "node/8450086725"
    },
    {
      "type": "Feature",
      "properties": {
        "@id": "node/8450086726",
        "name": "Ngalan",
        "place": "village"
      },
      "geometry": {
        "type": "Point",
        "coordinates": [
          11.5137577,
          3.5353093
        ]
      },
      "id": "node/8450086726"
    },
    {
      "type": "Feature",
      "properties": {
        "@id": "node/8450086727",
        "name": "Nsen Nlong I",
        "place": "village"
      },
      "geometry": {
        "type": "Point",
        "coordinates": [
          11.4795112,
          3.5217738
        ]
      },
      "id": "node/8450086727"
    },
    {
      "type": "Feature",
      "properties": {
        "@id": "node/8450086729",
        "name": "Onangondi",
        "place": "village"
      },
      "geometry": {
        "type": "Point",
        "coordinates": [
          11.4573669,
          3.5034191
        ]
      },
      "id": "node/8450086729"
    },
    {
      "type": "Feature",
      "properties": {
        "@id": "node/8450136051",
        "name": "Nkélessi",
        "place": "village"
      },
      "geometry": {
        "type": "Point",
        "coordinates": [
          11.3663971,
          3.431539
        ]
      },
      "id": "node/8450136051"
    },
    {
      "type": "Feature",
      "properties": {
        "@id": "node/8450136211",
        "name": "Nkolsoumou",
        "place": "village"
      },
      "geometry": {
        "type": "Point",
        "coordinates": [
          11.4025211,
          3.331549
        ]
      },
      "id": "node/8450136211"
    },
    {
      "type": "Feature",
      "properties": {
        "@id": "node/8450136237",
        "name": "Soassi",
        "place": "village"
      },
      "geometry": {
        "type": "Point",
        "coordinates": [
          11.470778,
          3.3921161
        ]
      },
      "id": "node/8450136237"
    },
    {
      "type": "Feature",
      "properties": {
        "@id": "node/8450816091",
        "name": "Mengueme Si",
        "place": "village",
        "source": "survey"
      },
      "geometry": {
        "type": "Point",
        "coordinates": [
          12.2439033,
          4.049314
        ]
      },
      "id": "node/8450816091"
    },
    {
      "type": "Feature",
      "properties": {
        "@id": "node/8453871221",
        "name": "Avebe",
        "place": "village"
      },
      "geometry": {
        "type": "Point",
        "coordinates": [
          11.5102601,
          3.3607888
        ]
      },
      "id": "node/8453871221"
    },
    {
      "type": "Feature",
      "properties": {
        "@id": "node/8453871222",
        "name": "Kolé",
        "place": "village"
      },
      "geometry": {
        "type": "Point",
        "coordinates": [
          11.5049815,
          3.3439733
        ]
      },
      "id": "node/8453871222"
    },
    {
      "type": "Feature",
      "properties": {
        "@id": "node/8453871223",
        "name": "Bidjom",
        "place": "village"
      },
      "geometry": {
        "type": "Point",
        "coordinates": [
          11.5210533,
          3.3698926
        ]
      },
      "id": "node/8453871223"
    },
    {
      "type": "Feature",
      "properties": {
        "@id": "node/8454584192",
        "name": "Mvamebod",
        "place": "village"
      },
      "geometry": {
        "type": "Point",
        "coordinates": [
          11.466068,
          3.3035722
        ]
      },
      "id": "node/8454584192"
    },
    {
      "type": "Feature",
      "properties": {
        "@id": "node/8475087766",
        "name": "Mendong",
        "place": "village"
      },
      "geometry": {
        "type": "Point",
        "coordinates": [
          11.4487946,
          3.5380828
        ]
      },
      "id": "node/8475087766"
    },
    {
      "type": "Feature",
      "properties": {
        "@id": "node/8475184848",
        "name": "Nkilintsam I",
        "place": "village"
      },
      "geometry": {
        "type": "Point",
        "coordinates": [
          11.3966739,
          3.5232409
        ]
      },
      "id": "node/8475184848"
    },
    {
      "type": "Feature",
      "properties": {
        "@id": "node/8475184849",
        "name": "Nkilintsam II",
        "place": "village"
      },
      "geometry": {
        "type": "Point",
        "coordinates": [
          11.3977682,
          3.5385218
        ]
      },
      "id": "node/8475184849"
    },
    {
      "type": "Feature",
      "properties": {
        "@id": "node/8475184851",
        "name": "Mbalélon",
        "place": "village"
      },
      "geometry": {
        "type": "Point",
        "coordinates": [
          11.4230346,
          3.5642216
        ]
      },
      "id": "node/8475184851"
    },
    {
      "type": "Feature",
      "properties": {
        "@id": "node/8475816938",
        "name": "Yéné Yéna",
        "place": "village"
      },
      "geometry": {
        "type": "Point",
        "coordinates": [
          11.2877226,
          3.5914465
        ]
      },
      "id": "node/8475816938"
    },
    {
      "type": "Feature",
      "properties": {
        "@id": "node/8475816940",
        "name": "Essomba",
        "place": "village"
      },
      "geometry": {
        "type": "Point",
        "coordinates": [
          11.4168978,
          3.552464
        ]
      },
      "id": "node/8475816940"
    },
    {
      "type": "Feature",
      "properties": {
        "@id": "node/8541413201",
        "name": "Libamba",
        "place": "village"
      },
      "geometry": {
        "type": "Point",
        "coordinates": [
          11.084497,
          3.5587712
        ]
      },
      "id": "node/8541413201"
    },
    {
      "type": "Feature",
      "properties": {
        "@id": "node/8541413213",
        "name": "Makak II",
        "place": "village"
      },
      "geometry": {
        "type": "Point",
        "coordinates": [
          11.0535979,
          3.5498298
        ]
      },
      "id": "node/8541413213"
    },
    {
      "type": "Feature",
      "properties": {
        "@id": "node/8541814746",
        "name": "Koukoum",
        "place": "village"
      },
      "geometry": {
        "type": "Point",
        "coordinates": [
          10.9574139,
          3.5360268
        ]
      },
      "id": "node/8541814746"
    },
    {
      "type": "Feature",
      "properties": {
        "@id": "node/8541814786",
        "name": "Malombo",
        "place": "village"
      },
      "geometry": {
        "type": "Point",
        "coordinates": [
          11.116265,
          3.5251363
        ]
      },
      "id": "node/8541814786"
    },
    {
      "type": "Feature",
      "properties": {
        "@id": "node/8718116190",
        "name": "Dong",
        "place": "village",
        "source": "WRI_2005"
      },
      "geometry": {
        "type": "Point",
        "coordinates": [
          12.0085534,
          4.8973366
        ]
      },
      "id": "node/8718116190"
    },
    {
      "type": "Feature",
      "properties": {
        "@id": "node/8718116191",
        "name": "Mbembeing",
        "place": "village",
        "source": "WRI_2005"
      },
      "geometry": {
        "type": "Point",
        "coordinates": [
          12.0160607,
          4.9218524
        ]
      },
      "id": "node/8718116191"
    },
    {
      "type": "Feature",
      "properties": {
        "@id": "node/9219079818",
        "name": "paposy",
        "place": "city"
      },
      "geometry": {
        "type": "Point",
        "coordinates": [
          11.5120688,
          3.8773077
        ]
      },
      "id": "node/9219079818"
    },
    {
      "type": "Feature",
      "properties": {
        "@id": "node/9253503471",
        "name": "Mimbanga",
        "place": "village"
      },
      "geometry": {
        "type": "Point",
        "coordinates": [
          12.9433966,
          4.9472588
        ]
      },
      "id": "node/9253503471"
    },
    {
      "type": "Feature",
      "properties": {
        "@id": "node/9253503472",
        "name": "Epeda II",
        "place": "village"
      },
      "geometry": {
        "type": "Point",
        "coordinates": [
          12.8703976,
          4.9547837
        ]
      },
      "id": "node/9253503472"
    },
    {
      "type": "Feature",
      "properties": {
        "@id": "node/9253503473",
        "name": "Pela",
        "place": "village"
      },
      "geometry": {
        "type": "Point",
        "coordinates": [
          12.8840178,
          4.9655739
        ]
      },
      "id": "node/9253503473"
    },
    {
      "type": "Feature",
      "properties": {
        "@id": "node/9253503474",
        "name": "Zing",
        "place": "village"
      },
      "geometry": {
        "type": "Point",
        "coordinates": [
          12.9396415,
          4.9728475
        ]
      },
      "id": "node/9253503474"
    },
    {
      "type": "Feature",
      "properties": {
        "@id": "node/9256506448",
        "name": "Kaa",
        "place": "village"
      },
      "geometry": {
        "type": "Point",
        "coordinates": [
          12.4779153,
          4.7741516
        ]
      },
      "id": "node/9256506448"
    },
    {
      "type": "Feature",
      "properties": {
        "@id": "node/9256534836",
        "name": "Ekono",
        "place": "village"
      },
      "geometry": {
        "type": "Point",
        "coordinates": [
          12.6574382,
          4.897829
        ]
      },
      "id": "node/9256534836"
    },
    {
      "type": "Feature",
      "properties": {
        "@id": "node/9263668332",
        "name": "Nkol-Ebaï",
        "place": "village"
      },
      "geometry": {
        "type": "Point",
        "coordinates": [
          11.3775203,
          4.4171296
        ]
      },
      "id": "node/9263668332"
    },
    {
      "type": "Feature",
      "properties": {
        "@id": "node/9627123062",
        "name": "Mengouou",
        "place": "village"
      },
      "geometry": {
        "type": "Point",
        "coordinates": [
          12.1327311,
          3.8999692
        ]
      },
      "id": "node/9627123062"
    },
    {
      "type": "Feature",
      "properties": {
        "@id": "node/9627123063",
        "name": "Nkoaémvoan",
        "place": "village"
      },
      "geometry": {
        "type": "Point",
        "coordinates": [
          12.1162033,
          3.8788661
        ]
      },
      "id": "node/9627123063"
    },
    {
      "type": "Feature",
      "properties": {
        "@id": "node/9627123068",
        "name": "Ndélé",
        "place": "village"
      },
      "geometry": {
        "type": "Point",
        "coordinates": [
          12.1555191,
          3.8913364
        ]
      },
      "id": "node/9627123068"
    },
    {
      "type": "Feature",
      "properties": {
        "@id": "node/9926688102",
        "name": "Kondo-Medzap",
        "place": "village"
      },
      "geometry": {
        "type": "Point",
        "coordinates": [
          11.5706742,
          3.755876
        ]
      },
      "id": "node/9926688102"
    },
    {
      "type": "Feature",
      "properties": {
        "@id": "node/9926688103",
        "name": "Méhandann I",
        "place": "village"
      },
      "geometry": {
        "type": "Point",
        "coordinates": [
          11.550107,
          3.7819335
        ]
      },
      "id": "node/9926688103"
    },
    {
      "type": "Feature",
      "properties": {
        "@id": "node/9926688104",
        "name": "Méhandann II",
        "place": "village"
      },
      "geometry": {
        "type": "Point",
        "coordinates": [
          11.5469956,
          3.7768698
        ]
      },
      "id": "node/9926688104"
    },
    {
      "type": "Feature",
      "properties": {
        "@id": "node/9926688105",
        "name": "Méhandann III",
        "place": "village"
      },
      "geometry": {
        "type": "Point",
        "coordinates": [
          11.5385199,
          3.7720202
        ]
      },
      "id": "node/9926688105"
    },
    {
      "type": "Feature",
      "properties": {
        "@id": "node/9926688106",
        "name": "Ndjinga",
        "place": "village"
      },
      "geometry": {
        "type": "Point",
        "coordinates": [
          11.5492701,
          3.7599656
        ]
      },
      "id": "node/9926688106"
    },
    {
      "type": "Feature",
      "properties": {
        "@id": "node/9926712524",
        "name": "Nkolovang",
        "place": "village"
      },
      "geometry": {
        "type": "Point",
        "coordinates": [
          11.5998566,
          3.7285008
        ]
      },
      "id": "node/9926712524"
    },
    {
      "type": "Feature",
      "properties": {
        "@id": "node/9926712525",
        "name": "Essazok II",
        "place": "village"
      },
      "geometry": {
        "type": "Point",
        "coordinates": [
          11.5156674,
          3.6871849
        ]
      },
      "id": "node/9926712525"
    },
    {
      "type": "Feature",
      "properties": {
        "@id": "node/9926712526",
        "name": "Nkolnsoh",
        "place": "village"
      },
      "geometry": {
        "type": "Point",
        "coordinates": [
          11.5396356,
          3.6859858
        ]
      },
      "id": "node/9926712526"
    },
    {
      "type": "Feature",
      "properties": {
        "@id": "node/9926712527",
        "name": "Ekoko I",
        "place": "village"
      },
      "geometry": {
        "type": "Point",
        "coordinates": [
          11.5385306,
          3.6931485
        ]
      },
      "id": "node/9926712527"
    },
    {
      "type": "Feature",
      "properties": {
        "@id": "node/9926712529",
        "name": "Anyoungom",
        "place": "village"
      },
      "geometry": {
        "type": "Point",
        "coordinates": [
          11.5759849,
          3.6967459
        ]
      },
      "id": "node/9926712529"
    },
    {
      "type": "Feature",
      "properties": {
        "@id": "node/9926712530",
        "name": "Ekoko II",
        "place": "village"
      },
      "geometry": {
        "type": "Point",
        "coordinates": [
          11.5648377,
          3.7084534
        ]
      },
      "id": "node/9926712530"
    },
    {
      "type": "Feature",
      "properties": {
        "@id": "node/9926712531",
        "name": "Kardoméyos",
        "place": "village"
      },
      "geometry": {
        "type": "Point",
        "coordinates": [
          11.5673858,
          3.7392337
        ]
      },
      "id": "node/9926712531"
    },
    {
      "type": "Feature",
      "properties": {
        "@id": "node/9926712532",
        "name": "Ayéné",
        "place": "village"
      },
      "geometry": {
        "type": "Point",
        "coordinates": [
          11.5666187,
          3.7468402
        ]
      },
      "id": "node/9926712532"
    },
    {
      "type": "Feature",
      "properties": {
        "@id": "node/9945164125",
        "name": "Song Ngombé",
        "place": "village"
      },
      "geometry": {
        "type": "Point",
        "coordinates": [
          10.4648209,
          3.6926774
        ]
      },
      "id": "node/9945164125"
    },
    {
      "type": "Feature",
      "properties": {
        "@id": "node/9945164126",
        "name": "Mabééga",
        "place": "village"
      },
      "geometry": {
        "type": "Point",
        "coordinates": [
          10.3763187,
          3.670097
        ]
      },
      "id": "node/9945164126"
    },
    {
      "type": "Feature",
      "properties": {
        "@id": "node/9945168276",
        "name": "Mboui II",
        "place": "village",
        "source": "WRI_2005"
      },
      "geometry": {
        "type": "Point",
        "coordinates": [
          10.4327201,
          3.7579744
        ]
      },
      "id": "node/9945168276"
    },
    {
      "type": "Feature",
      "properties": {
        "@id": "node/9945234082",
        "name": "Tos",
        "place": "village"
      },
      "geometry": {
        "type": "Point",
        "coordinates": [
          10.7164764,
          3.5719207
        ]
      },
      "id": "node/9945234082"
    },
    {
      "type": "Feature",
      "properties": {
        "@id": "node/9945234083",
        "name": "Bodi",
        "place": "village"
      },
      "geometry": {
        "type": "Point",
        "coordinates": [
          10.6644738,
          3.5356948
        ]
      },
      "id": "node/9945234083"
    },
    {
      "type": "Feature",
      "properties": {
        "@id": "node/9945234084",
        "name": "Mangandé",
        "place": "village"
      },
      "geometry": {
        "type": "Point",
        "coordinates": [
          10.6707179,
          3.5123288
        ]
      },
      "id": "node/9945234084"
    },
    {
      "type": "Feature",
      "properties": {
        "@id": "node/9945255332",
        "name": "Makot",
        "place": "village"
      },
      "geometry": {
        "type": "Point",
        "coordinates": [
          10.6233448,
          3.4736429
        ]
      },
      "id": "node/9945255332"
    },
    {
      "type": "Feature",
      "properties": {
        "@id": "node/9945255423",
        "name": "Abokam",
        "place": "village"
      },
      "geometry": {
        "type": "Point",
        "coordinates": [
          10.5988401,
          3.5699023
        ]
      },
      "id": "node/9945255423"
    },
    {
      "type": "Feature",
      "properties": {
        "@id": "node/9961578609",
        "name": "Nyambala",
        "place": "village"
      },
      "geometry": {
        "type": "Point",
        "coordinates": [
          11.3925862,
          4.5471745
        ]
      },
      "id": "node/9961578609"
    },
    {
      "type": "Feature",
      "properties": {
        "@id": "node/10075323939",
        "name": "Tomba",
        "place": "village"
      },
      "geometry": {
        "type": "Point",
        "coordinates": [
          12.5705534,
          3.5888017
        ]
      },
      "id": "node/10075323939"
    },
    {
      "type": "Feature",
      "properties": {
        "@id": "node/10075323944",
        "name": "Melan",
        "place": "village"
      },
      "geometry": {
        "type": "Point",
        "coordinates": [
          12.5751722,
          3.5775638
        ]
      },
      "id": "node/10075323944"
    },
    {
      "type": "Feature",
      "properties": {
        "@id": "node/10075323947",
        "name": "Yanda",
        "place": "village"
      },
      "geometry": {
        "type": "Point",
        "coordinates": [
          12.5383508,
          3.6017848
        ]
      },
      "id": "node/10075323947"
    },
    {
      "type": "Feature",
      "properties": {
        "@id": "node/10081883878",
        "name": "Assanazoa",
        "place": "village"
      },
      "geometry": {
        "type": "Point",
        "coordinates": [
          11.5530199,
          3.582725
        ]
      },
      "id": "node/10081883878"
    },
    {
      "type": "Feature",
      "properties": {
        "@id": "node/10081883913",
        "name": "Awaé IV",
        "place": "village"
      },
      "geometry": {
        "type": "Point",
        "coordinates": [
          11.5272975,
          3.6739621
        ]
      },
      "id": "node/10081883913"
    },
    {
      "type": "Feature",
      "properties": {
        "@id": "node/10081907031",
        "name": "Abang",
        "place": "village"
      },
      "geometry": {
        "type": "Point",
        "coordinates": [
          11.5214825,
          3.6288426
        ]
      },
      "id": "node/10081907031"
    },
    {
      "type": "Feature",
      "properties": {
        "@id": "node/10081907034",
        "name": "Mbedoumou I",
        "place": "village"
      },
      "geometry": {
        "type": "Point",
        "coordinates": [
          11.5441042,
          3.6168182
        ]
      },
      "id": "node/10081907034"
    },
    {
      "type": "Feature",
      "properties": {
        "@id": "node/10081907145",
        "name": "Ovangoul",
        "place": "village"
      },
      "geometry": {
        "type": "Point",
        "coordinates": [
          11.5198302,
          3.5939468
        ]
      },
      "id": "node/10081907145"
    },
    {
      "type": "Feature",
      "properties": {
        "@id": "node/10081907146",
        "name": "Zamakoé",
        "place": "village"
      },
      "geometry": {
        "type": "Point",
        "coordinates": [
          11.5165794,
          3.5575719
        ]
      },
      "id": "node/10081907146"
    },
    {
      "type": "Feature",
      "properties": {
        "@id": "node/10200074810",
        "name": "Song Lebot",
        "place": "village"
      },
      "geometry": {
        "type": "Point",
        "coordinates": [
          10.6595492,
          3.7002576
        ]
      },
      "id": "node/10200074810"
    },
    {
      "type": "Feature",
      "properties": {
        "@id": "node/10200074811",
        "name": "Mboga",
        "place": "village"
      },
      "geometry": {
        "type": "Point",
        "coordinates": [
          10.7551217,
          3.6551555
        ]
      },
      "id": "node/10200074811"
    },
    {
      "type": "Feature",
      "properties": {
        "@id": "node/10200074812",
        "name": "Stion",
        "place": "village"
      },
      "geometry": {
        "type": "Point",
        "coordinates": [
          10.6674403,
          3.6585121
        ]
      },
      "id": "node/10200074812"
    },
    {
      "type": "Feature",
      "properties": {
        "@id": "node/10655775702",
        "name": "Memiam",
        "place": "village"
      },
      "geometry": {
        "type": "Point",
        "coordinates": [
          11.6263944,
          3.4732787
        ]
      },
      "id": "node/10655775702"
    },
    {
      "type": "Feature",
      "properties": {
        "@id": "node/10655775703",
        "name": "Elende",
        "place": "village"
      },
      "geometry": {
        "type": "Point",
        "coordinates": [
          11.7288494,
          3.4747834
        ]
      },
      "id": "node/10655775703"
    },
    {
      "type": "Feature",
      "properties": {
        "@id": "node/10669574401",
        "name": "Nsimiayat",
        "place": "village"
      },
      "geometry": {
        "type": "Point",
        "coordinates": [
          11.6134608,
          3.8046074
        ]
      },
      "id": "node/10669574401"
    },
    {
      "type": "Feature",
      "properties": {
        "@id": "node/10669574402",
        "name": "Nkolelann",
        "place": "village"
      },
      "geometry": {
        "type": "Point",
        "coordinates": [
          11.6141581,
          3.815548
        ]
      },
      "id": "node/10669574402"
    },
    {
      "type": "Feature",
      "properties": {
        "@id": "node/10669574403",
        "name": "Nzazomo",
        "place": "village"
      },
      "geometry": {
        "type": "Point",
        "coordinates": [
          11.5696227,
          3.8332058
        ]
      },
      "id": "node/10669574403"
    },
    {
      "type": "Feature",
      "properties": {
        "@id": "node/10669581112",
        "name": "Lada II",
        "place": "village"
      },
      "geometry": {
        "type": "Point",
        "coordinates": [
          11.5807807,
          3.8365618
        ]
      },
      "id": "node/10669581112"
    },
    {
      "type": "Feature",
      "properties": {
        "@id": "node/10669591675",
        "name": "Mvogada",
        "place": "village"
      },
      "geometry": {
        "type": "Point",
        "coordinates": [
          11.5293118,
          3.8642733
        ]
      },
      "id": "node/10669591675"
    },
    {
      "type": "Feature",
      "properties": {
        "@id": "node/10669591676",
        "name": "Mfandéna II",
        "place": "village"
      },
      "geometry": {
        "type": "Point",
        "coordinates": [
          11.5436603,
          3.8884196
        ]
      },
      "id": "node/10669591676"
    },
    {
      "type": "Feature",
      "properties": {
        "@id": "node/10669591677",
        "name": "Nkol-Etonn",
        "place": "village"
      },
      "geometry": {
        "type": "Point",
        "coordinates": [
          11.5183496,
          3.8907156
        ]
      },
      "id": "node/10669591677"
    },
    {
      "type": "Feature",
      "properties": {
        "@id": "node/10669591678",
        "name": "Tongola-Assi",
        "place": "village"
      },
      "geometry": {
        "type": "Point",
        "coordinates": [
          11.5244892,
          3.9061026
        ]
      },
      "id": "node/10669591678"
    },
    {
      "type": "Feature",
      "properties": {
        "@id": "node/10669591679",
        "name": "Mbala",
        "place": "village"
      },
      "geometry": {
        "type": "Point",
        "coordinates": [
          11.5235263,
          3.8930464
        ]
      },
      "id": "node/10669591679"
    },
    {
      "type": "Feature",
      "properties": {
        "@id": "node/10669591680",
        "name": "Biteng",
        "place": "village"
      },
      "geometry": {
        "type": "Point",
        "coordinates": [
          11.5566529,
          3.8514627
        ]
      },
      "id": "node/10669591680"
    },
    {
      "type": "Feature",
      "properties": {
        "@id": "node/10669591681",
        "name": "Nkomo",
        "place": "village"
      },
      "geometry": {
        "type": "Point",
        "coordinates": [
          11.5514025,
          3.8404904
        ]
      },
      "id": "node/10669591681"
    },
    {
      "type": "Feature",
      "properties": {
        "@id": "node/10788802363",
        "name": "Libélingoy",
        "place": "village"
      },
      "geometry": {
        "type": "Point",
        "coordinates": [
          10.9037268,
          3.9225918
        ]
      },
      "id": "node/10788802363"
    },
    {
      "type": "Feature",
      "properties": {
        "@id": "node/11006000241",
        "name": "Biyoka",
        "place": "village"
      },
      "geometry": {
        "type": "Point",
        "coordinates": [
          12.5812769,
          3.6424408
        ]
      },
      "id": "node/11006000241"
    },
    {
      "type": "Feature",
      "properties": {
        "@id": "node/11006000245",
        "name": "Nkolénguin",
        "place": "village"
      },
      "geometry": {
        "type": "Point",
        "coordinates": [
          12.5587946,
          3.643549
        ]
      },
      "id": "node/11006000245"
    },
    {
      "type": "Feature",
      "properties": {
        "@id": "node/11006000247",
        "name": "Medombo",
        "place": "village"
      },
      "geometry": {
        "type": "Point",
        "coordinates": [
          12.610057,
          3.6745135
        ]
      },
      "id": "node/11006000247"
    },
    {
      "type": "Feature",
      "properties": {
        "@id": "node/11006000256",
        "name": "Poum-Poum",
        "place": "village"
      },
      "geometry": {
        "type": "Point",
        "coordinates": [
          12.5868237,
          3.6552037
        ]
      },
      "id": "node/11006000256"
    },
    {
      "type": "Feature",
      "properties": {
        "@id": "node/11006000257",
        "name": "Nkô",
        "place": "town"
      },
      "geometry": {
        "type": "Point",
        "coordinates": [
          12.5275898,
          3.7733049
        ]
      },
      "id": "node/11006000257"
    },
    {
      "type": "Feature",
      "properties": {
        "@id": "node/11006000258",
        "name": "Koudou So",
        "place": "village"
      },
      "geometry": {
        "type": "Point",
        "coordinates": [
          12.5592881,
          3.7652274
        ]
      },
      "id": "node/11006000258"
    },
    {
      "type": "Feature",
      "properties": {
        "@id": "node/11006000259",
        "name": "Messak",
        "place": "village"
      },
      "geometry": {
        "type": "Point",
        "coordinates": [
          12.5742388,
          3.7197325
        ]
      },
      "id": "node/11006000259"
    },
    {
      "type": "Feature",
      "properties": {
        "@id": "node/11006000260",
        "name": "Emanemvam",
        "place": "village"
      },
      "geometry": {
        "type": "Point",
        "coordinates": [
          12.582221,
          3.6824954
        ]
      },
      "id": "node/11006000260"
    },
    {
      "type": "Feature",
      "properties": {
        "@id": "node/11006000271",
        "name": "Awo'o",
        "place": "village"
      },
      "geometry": {
        "type": "Point",
        "coordinates": [
          12.5794959,
          3.6709964
        ]
      },
      "id": "node/11006000271"
    },
    {
      "type": "Feature",
      "properties": {
        "@id": "node/11006000272",
        "name": "Mvan",
        "place": "village"
      },
      "geometry": {
        "type": "Point",
        "coordinates": [
          12.5599104,
          3.6691869
        ]
      },
      "id": "node/11006000272"
    },
    {
      "type": "Feature",
      "properties": {
        "@id": "node/11006000286",
        "name": "Messa",
        "place": "village"
      },
      "geometry": {
        "type": "Point",
        "coordinates": [
          12.5451743,
          3.6636514
        ]
      },
      "id": "node/11006000286"
    },
    {
      "type": "Feature",
      "properties": {
        "@id": "node/11006000298",
        "name": "Mengama",
        "place": "village"
      },
      "geometry": {
        "type": "Point",
        "coordinates": [
          12.5330508,
          3.6708143
        ]
      },
      "id": "node/11006000298"
    },
    {
      "type": "Feature",
      "properties": {
        "@id": "node/11006000302",
        "name": "Meyos",
        "place": "village"
      },
      "geometry": {
        "type": "Point",
        "coordinates": [
          12.478618,
          3.6844654
        ]
      },
      "id": "node/11006000302"
    },
    {
      "type": "Feature",
      "properties": {
        "@id": "node/11006045313",
        "name": "Meyos",
        "place": "village"
      },
      "geometry": {
        "type": "Point",
        "coordinates": [
          12.5279546,
          3.6956592
        ]
      },
      "id": "node/11006045313"
    },
    {
      "type": "Feature",
      "properties": {
        "@id": "node/11006045314",
        "name": "Metondok",
        "place": "village"
      },
      "geometry": {
        "type": "Point",
        "coordinates": [
          12.5132668,
          3.7117884
        ]
      },
      "id": "node/11006045314"
    },
    {
      "type": "Feature",
      "properties": {
        "@id": "node/11006045315",
        "name": "Nkanassié",
        "place": "village"
      },
      "geometry": {
        "type": "Point",
        "coordinates": [
          12.4980694,
          3.7186725
        ]
      },
      "id": "node/11006045315"
    },
    {
      "type": "Feature",
      "properties": {
        "@id": "node/11006045327",
        "name": "Ebomon",
        "place": "village"
      },
      "geometry": {
        "type": "Point",
        "coordinates": [
          12.4989599,
          3.7353206
        ]
      },
      "id": "node/11006045327"
    },
    {
      "type": "Feature",
      "properties": {
        "@id": "node/11006045328",
        "name": "Biyebe",
        "place": "village"
      },
      "geometry": {
        "type": "Point",
        "coordinates": [
          12.4902964,
          3.7248714
        ]
      },
      "id": "node/11006045328"
    },
    {
      "type": "Feature",
      "properties": {
        "@id": "node/11006045329",
        "name": "Meba",
        "place": "village"
      },
      "geometry": {
        "type": "Point",
        "coordinates": [
          12.4824804,
          3.7209744
        ]
      },
      "id": "node/11006045329"
    },
    {
      "type": "Feature",
      "properties": {
        "@id": "node/11006045330",
        "name": "Metomok",
        "place": "village"
      },
      "geometry": {
        "type": "Point",
        "coordinates": [
          12.466591,
          3.7083731
        ]
      },
      "id": "node/11006045330"
    },
    {
      "type": "Feature",
      "properties": {
        "@id": "node/11006045331",
        "name": "Maben",
        "place": "village"
      },
      "geometry": {
        "type": "Point",
        "coordinates": [
          12.4536037,
          3.7109105
        ]
      },
      "id": "node/11006045331"
    },
    {
      "type": "Feature",
      "properties": {
        "@id": "node/11006045332",
        "name": "Enguelebam",
        "place": "village"
      },
      "geometry": {
        "type": "Point",
        "coordinates": [
          12.4404019,
          3.7121257
        ]
      },
      "id": "node/11006045332"
    },
    {
      "type": "Feature",
      "properties": {
        "@id": "node/11006045333",
        "name": "Ngala",
        "place": "village"
      },
      "geometry": {
        "type": "Point",
        "coordinates": [
          12.4163854,
          3.7132124
        ]
      },
      "id": "node/11006045333"
    },
    {
      "type": "Feature",
      "properties": {
        "@id": "node/11006045334",
        "name": "Mbayan",
        "place": "village"
      },
      "geometry": {
        "type": "Point",
        "coordinates": [
          12.4024218,
          3.709342
        ]
      },
      "id": "node/11006045334"
    },
    {
      "type": "Feature",
      "properties": {
        "@id": "node/11006045335",
        "name": "Ngolé",
        "place": "village"
      },
      "geometry": {
        "type": "Point",
        "coordinates": [
          12.3950779,
          3.7021848
        ]
      },
      "id": "node/11006045335"
    },
    {
      "type": "Feature",
      "properties": {
        "@id": "node/11006045336",
        "name": "Ndzebé",
        "place": "village"
      },
      "geometry": {
        "type": "Point",
        "coordinates": [
          12.3703211,
          3.6982287
        ]
      },
      "id": "node/11006045336"
    },
    {
      "type": "Feature",
      "properties": {
        "@id": "node/11006045337",
        "name": "Avebe",
        "place": "village"
      },
      "geometry": {
        "type": "Point",
        "coordinates": [
          12.3659062,
          3.6845832
        ]
      },
      "id": "node/11006045337"
    },
    {
      "type": "Feature",
      "properties": {
        "@id": "node/11006045338",
        "name": "Mefon",
        "place": "village"
      },
      "geometry": {
        "type": "Point",
        "coordinates": [
          12.3688888,
          3.6757073
        ]
      },
      "id": "node/11006045338"
    },
    {
      "type": "Feature",
      "properties": {
        "@id": "node/11006045339",
        "name": "Mimbama",
        "place": "village"
      },
      "geometry": {
        "type": "Point",
        "coordinates": [
          12.3599088,
          3.6916817
        ]
      },
      "id": "node/11006045339"
    },
    {
      "type": "Feature",
      "properties": {
        "@id": "node/11006045340",
        "name": "Emendé",
        "place": "village"
      },
      "geometry": {
        "type": "Point",
        "coordinates": [
          12.3188925,
          3.6997865
        ]
      },
      "id": "node/11006045340"
    },
    {
      "type": "Feature",
      "properties": {
        "@id": "node/11006045341",
        "name": "Eto",
        "place": "village"
      },
      "geometry": {
        "type": "Point",
        "coordinates": [
          12.3266923,
          3.6982234
        ]
      },
      "id": "node/11006045341"
    },
    {
      "type": "Feature",
      "properties": {
        "@id": "node/11006045342",
        "name": "Zo'ondi",
        "place": "village"
      },
      "geometry": {
        "type": "Point",
        "coordinates": [
          12.2754514,
          3.7147219
        ]
      },
      "id": "node/11006045342"
    },
    {
      "type": "Feature",
      "properties": {
        "@id": "node/11006045343",
        "name": "Bès",
        "place": "village"
      },
      "geometry": {
        "type": "Point",
        "coordinates": [
          12.2287703,
          3.7335113
        ]
      },
      "id": "node/11006045343"
    },
    {
      "type": "Feature",
      "properties": {
        "@id": "node/11006045344",
        "name": "Mengam",
        "place": "village"
      },
      "geometry": {
        "type": "Point",
        "coordinates": [
          12.2363448,
          3.7076665
        ]
      },
      "id": "node/11006045344"
    },
    {
      "type": "Feature",
      "properties": {
        "@id": "node/11006045345",
        "name": "Ngonanga",
        "place": "village"
      },
      "geometry": {
        "type": "Point",
        "coordinates": [
          12.2338772,
          3.6983626
        ]
      },
      "id": "node/11006045345"
    },
    {
      "type": "Feature",
      "properties": {
        "@id": "node/11006045346",
        "name": "Kpeng",
        "place": "village"
      },
      "geometry": {
        "type": "Point",
        "coordinates": [
          12.2540474,
          3.7002897
        ]
      },
      "id": "node/11006045346"
    },
    {
      "type": "Feature",
      "properties": {
        "@id": "node/11006045347",
        "name": "Nkoumadjap",
        "place": "village"
      },
      "geometry": {
        "type": "Point",
        "coordinates": [
          12.2586822,
          3.6880629
        ]
      },
      "id": "node/11006045347"
    },
    {
      "type": "Feature",
      "properties": {
        "@id": "node/11006045348",
        "name": "Eyakeme",
        "place": "village"
      },
      "geometry": {
        "type": "Point",
        "coordinates": [
          12.2878432,
          3.7053004
        ]
      },
      "id": "node/11006045348"
    },
    {
      "type": "Feature",
      "properties": {
        "@id": "node/11006045349",
        "name": "Mebang",
        "place": "village"
      },
      "geometry": {
        "type": "Point",
        "coordinates": [
          12.2605169,
          3.7169596
        ]
      },
      "id": "node/11006045349"
    },
    {
      "type": "Feature",
      "properties": {
        "@id": "node/11006045350",
        "name": "Eboa",
        "place": "village"
      },
      "geometry": {
        "type": "Point",
        "coordinates": [
          12.2462368,
          3.7531567
        ]
      },
      "id": "node/11006045350"
    },
    {
      "type": "Feature",
      "properties": {
        "@id": "node/11006045351",
        "name": "Wouma",
        "place": "village"
      },
      "geometry": {
        "type": "Point",
        "coordinates": [
          12.2481465,
          3.7395816
        ]
      },
      "id": "node/11006045351"
    },
    {
      "type": "Feature",
      "properties": {
        "@id": "node/11018814928",
        "name": "Zoa",
        "place": "village"
      },
      "geometry": {
        "type": "Point",
        "coordinates": [
          12.1626699,
          4.1517796
        ]
      },
      "id": "node/11018814928"
    },
    {
      "type": "Feature",
      "properties": {
        "@id": "node/11018814929",
        "name": "Mouma",
        "place": "village"
      },
      "geometry": {
        "type": "Point",
        "coordinates": [
          12.2017765,
          4.1557067
        ]
      },
      "id": "node/11018814929"
    },
    {
      "type": "Feature",
      "properties": {
        "@id": "node/11046609775",
        "place": "village"
      },
      "geometry": {
        "type": "Point",
        "coordinates": [
          12.2145036,
          3.9845907
        ]
      },
      "id": "node/11046609775"
    },
    {
      "type": "Feature",
      "properties": {
        "@id": "node/11046609776",
        "place": "village"
      },
      "geometry": {
        "type": "Point",
        "coordinates": [
          12.1414107,
          3.9428858
        ]
      },
      "id": "node/11046609776"
    },
    {
      "type": "Feature",
      "properties": {
        "@id": "node/11046667294",
        "place": "village"
      },
      "geometry": {
        "type": "Point",
        "coordinates": [
          12.2813255,
          3.9217141
        ]
      },
      "id": "node/11046667294"
    },
    {
      "type": "Feature",
      "properties": {
        "@id": "node/11046688363",
        "place": "village"
      },
      "geometry": {
        "type": "Point",
        "coordinates": [
          12.240411,
          3.9130655
        ]
      },
      "id": "node/11046688363"
    },
    {
      "type": "Feature",
      "properties": {
        "@id": "node/11046750550",
        "name": "Ndokowanen",
        "place": "village"
      },
      "geometry": {
        "type": "Point",
        "coordinates": [
          10.7331276,
          4.6168709
        ]
      },
      "id": "node/11046750550"
    },
    {
      "type": "Feature",
      "properties": {
        "@id": "node/11046750551",
        "name": "Néboya",
        "place": "village"
      },
      "geometry": {
        "type": "Point",
        "coordinates": [
          10.858022,
          4.6213303
        ]
      },
      "id": "node/11046750551"
    },
    {
      "type": "Feature",
      "properties": {
        "@id": "node/11046750552",
        "name": "Neétof",
        "place": "village"
      },
      "geometry": {
        "type": "Point",
        "coordinates": [
          10.813272,
          4.667516
        ]
      },
      "id": "node/11046750552"
    },
    {
      "type": "Feature",
      "properties": {
        "@id": "node/11046750553",
        "name": "Bakongo",
        "place": "village"
      },
      "geometry": {
        "type": "Point",
        "coordinates": [
          10.8262324,
          4.7472831
        ]
      },
      "id": "node/11046750553"
    },
    {
      "type": "Feature",
      "properties": {
        "@id": "node/11405338270",
        "name": "Nkolmeyos",
        "place": "village"
      },
      "geometry": {
        "type": "Point",
        "coordinates": [
          11.5539265,
          3.3226591
        ]
      },
      "id": "node/11405338270"
    },
    {
      "type": "Feature",
      "properties": {
        "@id": "node/11405338273",
        "name": "Mengba",
        "place": "village"
      },
      "geometry": {
        "type": "Point",
        "coordinates": [
          11.5678525,
          3.3392071
        ]
      },
      "id": "node/11405338273"
    },
    {
      "type": "Feature",
      "properties": {
        "@id": "node/11405338277",
        "name": "Nkout",
        "place": "village"
      },
      "geometry": {
        "type": "Point",
        "coordinates": [
          11.5621984,
          3.3319132
        ]
      },
      "id": "node/11405338277"
    },
    {
      "type": "Feature",
      "properties": {
        "@id": "node/11405338278",
        "name": "Ebonze",
        "place": "village"
      },
      "geometry": {
        "type": "Point",
        "coordinates": [
          11.5817571,
          3.3029831
        ]
      },
      "id": "node/11405338278"
    },
    {
      "type": "Feature",
      "properties": {
        "@id": "node/11405338279",
        "name": "Nkolakoa",
        "place": "village"
      },
      "geometry": {
        "type": "Point",
        "coordinates": [
          11.6051674,
          3.2956675
        ]
      },
      "id": "node/11405338279"
    },
    {
      "type": "Feature",
      "properties": {
        "@id": "node/11405338280",
        "name": "Adzap",
        "place": "village"
      },
      "geometry": {
        "type": "Point",
        "coordinates": [
          11.6261315,
          3.2790866
        ]
      },
      "id": "node/11405338280"
    },
    {
      "type": "Feature",
      "properties": {
        "@id": "node/11405338281",
        "name": "Sep I",
        "place": "village"
      },
      "geometry": {
        "type": "Point",
        "coordinates": [
          11.6332126,
          3.2866915
        ]
      },
      "id": "node/11405338281"
    },
    {
      "type": "Feature",
      "properties": {
        "@id": "node/11405338282",
        "name": "Sep II",
        "place": "village"
      },
      "geometry": {
        "type": "Point",
        "coordinates": [
          11.6451859,
          3.3021155
        ]
      },
      "id": "node/11405338282"
    },
    {
      "type": "Feature",
      "properties": {
        "@id": "node/11405338283",
        "name": "Nkolngok",
        "place": "village"
      },
      "geometry": {
        "type": "Point",
        "coordinates": [
          11.6445637,
          3.3324273
        ]
      },
      "id": "node/11405338283"
    },
    {
      "type": "Feature",
      "properties": {
        "@id": "node/11405338284",
        "name": "Nkout",
        "place": "village"
      },
      "geometry": {
        "type": "Point",
        "coordinates": [
          11.6468489,
          3.3452586
        ]
      },
      "id": "node/11405338284"
    },
    {
      "type": "Feature",
      "properties": {
        "@id": "node/11405338285",
        "name": "Bilébila",
        "place": "village"
      },
      "geometry": {
        "type": "Point",
        "coordinates": [
          11.6417205,
          3.356676
        ]
      },
      "id": "node/11405338285"
    },
    {
      "type": "Feature",
      "properties": {
        "@id": "node/11405338286",
        "name": "Ngon",
        "place": "village"
      },
      "geometry": {
        "type": "Point",
        "coordinates": [
          11.6409588,
          3.3675256
        ]
      },
      "id": "node/11405338286"
    },
    {
      "type": "Feature",
      "properties": {
        "@id": "node/11405338287",
        "name": "Atoozok",
        "place": "village"
      },
      "geometry": {
        "type": "Point",
        "coordinates": [
          11.6460121,
          3.3844584
        ]
      },
      "id": "node/11405338287"
    },
    {
      "type": "Feature",
      "properties": {
        "@id": "node/11405338288",
        "name": "Nkolbena",
        "place": "village"
      },
      "geometry": {
        "type": "Point",
        "coordinates": [
          11.641742,
          3.4462432
        ]
      },
      "id": "node/11405338288"
    },
    {
      "type": "Feature",
      "properties": {
        "@id": "node/11405338289",
        "name": "Nkodabang",
        "place": "village"
      },
      "geometry": {
        "type": "Point",
        "coordinates": [
          11.6344356,
          3.3832803
        ]
      },
      "id": "node/11405338289"
    },
    {
      "type": "Feature",
      "properties": {
        "@id": "node/11405338290",
        "name": "Biyan",
        "place": "village"
      },
      "geometry": {
        "type": "Point",
        "coordinates": [
          11.6020828,
          3.3883783
        ]
      },
      "id": "node/11405338290"
    },
    {
      "type": "Feature",
      "properties": {
        "@id": "node/11405338291",
        "name": "Olaa",
        "place": "village"
      },
      "geometry": {
        "type": "Point",
        "coordinates": [
          11.6030753,
          3.3761795
        ]
      },
      "id": "node/11405338291"
    },
    {
      "type": "Feature",
      "properties": {
        "@id": "node/11405338292",
        "name": "Ayanessoo",
        "place": "village"
      },
      "geometry": {
        "type": "Point",
        "coordinates": [
          11.5887844,
          3.3694534
        ]
      },
      "id": "node/11405338292"
    },
    {
      "type": "Feature",
      "properties": {
        "@id": "node/11405338313",
        "name": "Nkolnyama",
        "place": "village"
      },
      "geometry": {
        "type": "Point",
        "coordinates": [
          11.5722191,
          3.3626203
        ]
      },
      "id": "node/11405338313"
    },
    {
      "type": "Feature",
      "properties": {
        "@id": "node/11405338321",
        "name": "Nkoumadzap",
        "place": "village"
      },
      "geometry": {
        "type": "Point",
        "coordinates": [
          11.5606964,
          3.3641625
        ]
      },
      "id": "node/11405338321"
    },
    {
      "type": "Feature",
      "properties": {
        "@id": "node/11405338322",
        "name": "Mebam",
        "place": "village"
      },
      "geometry": {
        "type": "Point",
        "coordinates": [
          11.5508902,
          3.3770256
        ]
      },
      "id": "node/11405338322"
    },
    {
      "type": "Feature",
      "properties": {
        "@id": "node/11405338887",
        "name": "Nvoukeng",
        "place": "village"
      },
      "geometry": {
        "type": "Point",
        "coordinates": [
          11.3806987,
          3.4711423
        ]
      },
      "id": "node/11405338887"
    },
    {
      "type": "Feature",
      "properties": {
        "@id": "node/11405338888",
        "name": "Nkong Bimvia",
        "place": "village"
      },
      "geometry": {
        "type": "Point",
        "coordinates": [
          11.3716543,
          3.4893316
        ]
      },
      "id": "node/11405338888"
    },
    {
      "type": "Feature",
      "properties": {
        "@id": "node/11405356713",
        "name": "Nkolnlong I",
        "place": "village"
      },
      "geometry": {
        "type": "Point",
        "coordinates": [
          11.229465,
          3.4845286
        ]
      },
      "id": "node/11405356713"
    },
    {
      "type": "Feature",
      "properties": {
        "@id": "node/11405356714",
        "name": "Mbéga",
        "place": "village"
      },
      "geometry": {
        "type": "Point",
        "coordinates": [
          11.6748029,
          3.475201
        ]
      },
      "id": "node/11405356714"
    },
    {
      "type": "Feature",
      "properties": {
        "@id": "node/11405356715",
        "name": "Ndik",
        "place": "village"
      },
      "geometry": {
        "type": "Point",
        "coordinates": [
          11.6405189,
          3.4774606
        ]
      },
      "id": "node/11405356715"
    },
    {
      "type": "Feature",
      "properties": {
        "@id": "node/11405356718",
        "name": "Nkoléyen I",
        "place": "village"
      },
      "geometry": {
        "type": "Point",
        "coordinates": [
          11.5332197,
          3.2896265
        ]
      },
      "id": "node/11405356718"
    },
    {
      "type": "Feature",
      "properties": {
        "@id": "node/11405356719",
        "name": "Nkoléyen II",
        "place": "village"
      },
      "geometry": {
        "type": "Point",
        "coordinates": [
          11.5496403,
          3.2997377
        ]
      },
      "id": "node/11405356719"
    },
    {
      "type": "Feature",
      "properties": {
        "@id": "node/11405362155",
        "name": "Ndong Nké",
        "place": "village"
      },
      "geometry": {
        "type": "Point",
        "coordinates": [
          11.5923571,
          3.210982
        ]
      },
      "id": "node/11405362155"
    },
    {
      "type": "Feature",
      "properties": {
        "@id": "node/11405362156",
        "name": "Ngoumbou",
        "place": "village"
      },
      "geometry": {
        "type": "Point",
        "coordinates": [
          11.527909,
          3.2826106
        ]
      },
      "id": "node/11405362156"
    },
    {
      "type": "Feature",
      "properties": {
        "@id": "node/11405428638",
        "name": "Biyan",
        "place": "village"
      },
      "geometry": {
        "type": "Point",
        "coordinates": [
          11.534754,
          3.2311096
        ]
      },
      "id": "node/11405428638"
    },
    {
      "type": "Feature",
      "properties": {
        "@id": "node/11405428639",
        "name": "Afan",
        "place": "village"
      },
      "geometry": {
        "type": "Point",
        "coordinates": [
          11.5283167,
          3.2474985
        ]
      },
      "id": "node/11405428639"
    },
    {
      "type": "Feature",
      "properties": {
        "@id": "node/11405428642",
        "name": "Falassi",
        "place": "village"
      },
      "geometry": {
        "type": "Point",
        "coordinates": [
          11.4854175,
          3.2443815
        ]
      },
      "id": "node/11405428642"
    },
    {
      "type": "Feature",
      "properties": {
        "@id": "node/11405428643",
        "name": "Yénéssi",
        "place": "village"
      },
      "geometry": {
        "type": "Point",
        "coordinates": [
          11.4487946,
          3.2221813
        ]
      },
      "id": "node/11405428643"
    },
    {
      "type": "Feature",
      "properties": {
        "@id": "node/11405428644",
        "name": "Nyim",
        "place": "village"
      },
      "geometry": {
        "type": "Point",
        "coordinates": [
          11.3189542,
          3.2774906
        ]
      },
      "id": "node/11405428644"
    },
    {
      "type": "Feature",
      "properties": {
        "@id": "node/11405496837",
        "name": "Akoazolé",
        "place": "village"
      },
      "geometry": {
        "type": "Point",
        "coordinates": [
          11.506387,
          3.1424551
        ]
      },
      "id": "node/11405496837"
    },
    {
      "type": "Feature",
      "properties": {
        "@id": "node/11405496838",
        "name": "Yinkwé",
        "place": "village"
      },
      "geometry": {
        "type": "Point",
        "coordinates": [
          11.5126204,
          3.1514645
        ]
      },
      "id": "node/11405496838"
    },
    {
      "type": "Feature",
      "properties": {
        "@id": "node/11405555185",
        "name": "Mbalbewa",
        "place": "village"
      },
      "geometry": {
        "type": "Point",
        "coordinates": [
          11.2186289,
          3.3679219
        ]
      },
      "id": "node/11405555185"
    },
    {
      "type": "Feature",
      "properties": {
        "@id": "node/11405585062",
        "name": "Nkonlakono I",
        "place": "village"
      },
      "geometry": {
        "type": "Point",
        "coordinates": [
          11.366035,
          3.5616463
        ]
      },
      "id": "node/11405585062"
    },
    {
      "type": "Feature",
      "properties": {
        "@id": "node/11405585063",
        "name": "Mélen",
        "place": "village"
      },
      "geometry": {
        "type": "Point",
        "coordinates": [
          11.3883913,
          3.529757
        ]
      },
      "id": "node/11405585063"
    },
    {
      "type": "Feature",
      "properties": {
        "@id": "node/11405585064",
        "name": "Alen",
        "place": "village"
      },
      "geometry": {
        "type": "Point",
        "coordinates": [
          11.4778161,
          3.599397
        ]
      },
      "id": "node/11405585064"
    },
    {
      "type": "Feature",
      "properties": {
        "@id": "node/11405585067",
        "name": "Nkolngok II",
        "place": "village"
      },
      "geometry": {
        "type": "Point",
        "coordinates": [
          11.4639759,
          3.6183226
        ]
      },
      "id": "node/11405585067"
    },
    {
      "type": "Feature",
      "properties": {
        "@id": "node/11405606901",
        "name": "Koulboa",
        "place": "village"
      },
      "geometry": {
        "type": "Point",
        "coordinates": [
          11.4870751,
          3.63713
        ]
      },
      "id": "node/11405606901"
    },
    {
      "type": "Feature",
      "properties": {
        "@id": "node/11405606902",
        "name": "Mbakaa",
        "place": "village"
      },
      "geometry": {
        "type": "Point",
        "coordinates": [
          11.450361,
          3.6453103
        ]
      },
      "id": "node/11405606902"
    },
    {
      "type": "Feature",
      "properties": {
        "@id": "node/11405606903",
        "name": "Nkongndougou II",
        "place": "village"
      },
      "geometry": {
        "type": "Point",
        "coordinates": [
          11.4497279,
          3.6493684
        ]
      },
      "id": "node/11405606903"
    },
    {
      "type": "Feature",
      "properties": {
        "@id": "node/11405606904",
        "name": "Nkongndougou I",
        "place": "village"
      },
      "geometry": {
        "type": "Point",
        "coordinates": [
          11.4490413,
          3.6414023
        ]
      },
      "id": "node/11405606904"
    },
    {
      "type": "Feature",
      "properties": {
        "@id": "node/11405606905",
        "name": "Mbedoumou I",
        "place": "village"
      },
      "geometry": {
        "type": "Point",
        "coordinates": [
          11.446917,
          3.6280288
        ]
      },
      "id": "node/11405606905"
    },
    {
      "type": "Feature",
      "properties": {
        "@id": "node/11405606906",
        "name": "Nkongndougou V",
        "place": "village"
      },
      "geometry": {
        "type": "Point",
        "coordinates": [
          11.446681,
          3.6099547
        ]
      },
      "id": "node/11405606906"
    },
    {
      "type": "Feature",
      "properties": {
        "@id": "node/11405606907",
        "name": "Méyila",
        "place": "village"
      },
      "geometry": {
        "type": "Point",
        "coordinates": [
          11.3885093,
          3.6119195
        ]
      },
      "id": "node/11405606907"
    },
    {
      "type": "Feature",
      "properties": {
        "@id": "node/11405606908",
        "name": "Nkoabé",
        "place": "village"
      },
      "geometry": {
        "type": "Point",
        "coordinates": [
          11.4542985,
          3.5780242
        ]
      },
      "id": "node/11405606908"
    },
    {
      "type": "Feature",
      "properties": {
        "@id": "node/11405606909",
        "name": "Eboug Menyou",
        "place": "village"
      },
      "geometry": {
        "type": "Point",
        "coordinates": [
          11.4851546,
          3.5709141
        ]
      },
      "id": "node/11405606909"
    },
    {
      "type": "Feature",
      "properties": {
        "@id": "node/11405606910",
        "name": "Zoatoupsi",
        "place": "village"
      },
      "geometry": {
        "type": "Point",
        "coordinates": [
          11.5209206,
          3.6064392
        ]
      },
      "id": "node/11405606910"
    },
    {
      "type": "Feature",
      "properties": {
        "@id": "node/11407432849",
        "name": "Mebengadiomo",
        "place": "village"
      },
      "geometry": {
        "type": "Point",
        "coordinates": [
          11.7779446,
          3.6545826
        ]
      },
      "id": "node/11407432849"
    },
    {
      "type": "Feature",
      "properties": {
        "@id": "node/11407432850",
        "name": "Ngon",
        "place": "village"
      },
      "geometry": {
        "type": "Point",
        "coordinates": [
          11.7718613,
          3.6711355
        ]
      },
      "id": "node/11407432850"
    },
    {
      "type": "Feature",
      "properties": {
        "@id": "node/11407432851",
        "name": "Nkong Medjap",
        "place": "village"
      },
      "geometry": {
        "type": "Point",
        "coordinates": [
          11.7551136,
          3.6763712
        ]
      },
      "id": "node/11407432851"
    },
    {
      "type": "Feature",
      "properties": {
        "@id": "node/11407432852",
        "name": "Fegmimbang I",
        "place": "village"
      },
      "geometry": {
        "type": "Point",
        "coordinates": [
          11.7449855,
          3.6688764
        ]
      },
      "id": "node/11407432852"
    },
    {
      "type": "Feature",
      "properties": {
        "@id": "node/11407432853",
        "name": "Nkolngot",
        "place": "village"
      },
      "geometry": {
        "type": "Point",
        "coordinates": [
          11.7223263,
          3.675536
        ]
      },
      "id": "node/11407432853"
    },
    {
      "type": "Feature",
      "properties": {
        "@id": "node/11407462779",
        "name": "Akak",
        "place": "village"
      },
      "geometry": {
        "type": "Point",
        "coordinates": [
          11.7081213,
          3.7069839
        ]
      },
      "id": "node/11407462779"
    },
    {
      "type": "Feature",
      "properties": {
        "@id": "node/11407462780",
        "name": "Obout",
        "place": "village"
      },
      "geometry": {
        "type": "Point",
        "coordinates": [
          11.6529107,
          3.6991977
        ]
      },
      "id": "node/11407462780"
    },
    {
      "type": "Feature",
      "properties": {
        "@id": "node/11407462781",
        "name": "Abembé II",
        "place": "village"
      },
      "geometry": {
        "type": "Point",
        "coordinates": [
          11.6875647,
          3.7102683
        ]
      },
      "id": "node/11407462781"
    },
    {
      "type": "Feature",
      "properties": {
        "@id": "node/11407462924",
        "name": "Assok",
        "place": "village"
      },
      "geometry": {
        "type": "Point",
        "coordinates": [
          11.8293571,
          3.6834162
        ]
      },
      "id": "node/11407462924"
    },
    {
      "type": "Feature",
      "properties": {
        "@id": "node/11407462991",
        "name": "Nkilzok II",
        "place": "village"
      },
      "geometry": {
        "type": "Point",
        "coordinates": [
          11.6636395,
          3.6775596
        ]
      },
      "id": "node/11407462991"
    },
    {
      "type": "Feature",
      "properties": {
        "@id": "node/11407462992",
        "name": "Abembé I",
        "place": "village"
      },
      "geometry": {
        "type": "Point",
        "coordinates": [
          11.6901719,
          3.6775382
        ]
      },
      "id": "node/11407462992"
    },
    {
      "type": "Feature",
      "properties": {
        "@id": "node/11407462998",
        "name": "Kamba",
        "place": "village"
      },
      "geometry": {
        "type": "Point",
        "coordinates": [
          11.706984,
          3.6824419
        ]
      },
      "id": "node/11407462998"
    },
    {
      "type": "Feature",
      "properties": {
        "@id": "node/11407462999",
        "name": "Loum I",
        "place": "village"
      },
      "geometry": {
        "type": "Point",
        "coordinates": [
          11.7080194,
          3.6590742
        ]
      },
      "id": "node/11407462999"
    },
    {
      "type": "Feature",
      "properties": {
        "@id": "node/11407463000",
        "name": "Assombo",
        "place": "village"
      },
      "geometry": {
        "type": "Point",
        "coordinates": [
          11.7232597,
          3.6423873
        ]
      },
      "id": "node/11407463000"
    },
    {
      "type": "Feature",
      "properties": {
        "@id": "node/11933046715",
        "name": "Amphithéâtre 1003",
        "place": "city"
      },
      "geometry": {
        "type": "Point",
        "coordinates": [
          11.5012073,
          3.8560675
        ]
      },
      "id": "node/11933046715"
    },
    {
      "type": "Feature",
      "properties": {
        "@id": "node/11933049202",
        "place": "city"
      },
      "geometry": {
        "type": "Point",
        "coordinates": [
          11.4998188,
          3.8555945
        ]
      },
      "id": "node/11933049202"
    },
    {
      "type": "Feature",
      "properties": {
        "@id": "node/12728721505",
        "name": "Messamba",
        "place": "village"
      },
      "geometry": {
        "type": "Point",
        "coordinates": [
          12.1424811,
          4.1811629
        ]
      },
      "id": "node/12728721505"
    },
    {
      "type": "Feature",
      "properties": {
        "@id": "node/12728729081",
        "name": "Nlong",
        "place": "village"
      },
      "geometry": {
        "type": "Point",
        "coordinates": [
          12.2190442,
          4.1770007
        ]
      },
      "id": "node/12728729081"
    }
  ]
}