{
  "type": "FeatureCollection",
  "generator": "overpass-turbo",
  "copyright": "The data included in this document is from www.openstreetmap.org. The data is made available under ODbL.",
  "timestamp": "2025-08-22T19:21:22Z",
  "features": [
    {
      "type": "Feature",
      "properties": {
        "@id": "node/249621505",
        "name": "Mandjou",
        "note": "rank=0 car chef lieu de département",
        "place": "town",
        "rank": "0",
        "wikidata": "Q6748103"
      },
      "geometry": {
        "type": "Point",
        "coordinates": [
          13.7395048,
          4.5938842
        ]
      },
      "id": "node/249621505"
    },
    {
      "type": "Feature",
      "properties": {
        "@id": "node/250988233",
        "name": "Gari-Gombo",
        "note": "rank=0 car commune",
        "place": "town",
        "rank": "0"
      },
      "geometry": {
        "type": "Point",
        "coordinates": [
          15.1103762,
          3.933695
        ]
      },
      "id": "node/250988233"
    },
    {
      "type": "Feature",
      "properties": {
        "@id": "node/250988292",
        "name": "Yola",
        "place": "town"
      },
      "geometry": {
        "type": "Point",
        "coordinates": [
          15.0219578,
          4.0248297
        ]
      },
      "id": "node/250988292"
    },
    {
      "type": "Feature",
      "properties": {
        "@id": "node/250988434",
        "name": "Ndélélé",
        "note": "rank=0 car chef lieu de département",
        "place": "town",
        "rank": "0"
      },
      "geometry": {
        "type": "Point",
        "coordinates": [
          14.9282168,
          4.0419186
        ]
      },
      "id": "node/250988434"
    },
    {
      "type": "Feature",
      "properties": {
        "@id": "way/293579502",
        "landuse": "residential",
        "name": "Sandji II",
        "place": "village",
        "source": "WRI_2005",
        "@geometry": "center"
      },
      "geometry": {
        "type": "Point",
        "coordinates": [
          14.8906459,
          4.3041939
        ]
      },
      "id": "way/293579502"
    },
    {
      "type": "Feature",
      "properties": {
        "@id": "way/293776983",
        "landuse": "residential",
        "name": "Sandji I",
        "place": "village",
        "@geometry": "center"
      },
      "geometry": {
        "type": "Point",
        "coordinates": [
          14.8779511,
          4.3027764
        ]
      },
      "id": "way/293776983"
    },
    {
      "type": "Feature",
      "properties": {
        "@id": "node/566186474",
        "ele": "694.432900",
        "name": "Bazzama",
        "place": "village",
        "wpt_description": "Bazzama"
      },
      "geometry": {
        "type": "Point",
        "coordinates": [
          13.8880155,
          4.5413913
        ]
      },
      "id": "node/566186474"
    },
    {
      "type": "Feature",
      "properties": {
        "@id": "node/566187023",
        "alt_name": "Kendjou",
        "name": "Kentzou",
        "note": "rank=0 car chef lieu de département",
        "place": "town",
        "rank": "0",
        "source:alt_name": "IGN 1995-1989"
      },
      "geometry": {
        "type": "Point",
        "coordinates": [
          15.0316073,
          4.17353
        ]
      },
      "id": "node/566187023"
    },
    {
      "type": "Feature",
      "properties": {
        "@id": "node/566212334",
        "name": "Nguélébok",
        "note": "rank = 0 car commune",
        "place": "town",
        "rank": "0"
      },
      "geometry": {
        "type": "Point",
        "coordinates": [
          14.0499955,
          4.2716501
        ]
      },
      "id": "node/566212334"
    },
    {
      "type": "Feature",
      "properties": {
        "@id": "node/566214166",
        "name": "Batouri",
        "note": "rank=0 car chef lieu de département",
        "place": "city",
        "population": "67000",
        "rank": "0",
        "source": "RGPD2005",
        "wikidata": "Q673185"
      },
      "geometry": {
        "type": "Point",
        "coordinates": [
          14.3645181,
          4.4357583
        ]
      },
      "id": "node/566214166"
    },
    {
      "type": "Feature",
      "properties": {
        "@id": "node/566425020",
        "name": "Gadji",
        "place": "village"
      },
      "geometry": {
        "type": "Point",
        "coordinates": [
          14.0509222,
          4.4833785
        ]
      },
      "id": "node/566425020"
    },
    {
      "type": "Feature",
      "properties": {
        "@id": "node/930261637",
        "alt_name": "Garoua-Boulai",
        "name": "Garoua-Boulaï",
        "note": "rank=0 car chef lieu de département",
        "place": "town",
        "rank": "0",
        "wikidata": "Q5523752"
      },
      "geometry": {
        "type": "Point",
        "coordinates": [
          14.5471591,
          5.8948457
        ]
      },
      "id": "node/930261637"
    },
    {
      "type": "Feature",
      "properties": {
        "@id": "node/2010689083",
        "name": "Zega",
        "place": "village"
      },
      "geometry": {
        "type": "Point",
        "coordinates": [
          15.6269306,
          2.0399923
        ]
      },
      "id": "node/2010689083"
    },
    {
      "type": "Feature",
      "properties": {
        "@id": "node/2146570303",
        "name": "Goyoum",
        "place": "village"
      },
      "geometry": {
        "type": "Point",
        "coordinates": [
          13.3831193,
          5.2042713
        ]
      },
      "id": "node/2146570303"
    },
    {
      "type": "Feature",
      "properties": {
        "@id": "node/2146643188",
        "name": "Mindourou I",
        "note": "rank=0 car commune",
        "place": "town",
        "rank": "0"
      },
      "geometry": {
        "type": "Point",
        "coordinates": [
          13.404397,
          3.5644429
        ]
      },
      "id": "node/2146643188"
    },
    {
      "type": "Feature",
      "properties": {
        "@id": "node/2146652502",
        "name": "Kongo",
        "place": "village"
      },
      "geometry": {
        "type": "Point",
        "coordinates": [
          13.8642262,
          3.1960079
        ]
      },
      "id": "node/2146652502"
    },
    {
      "type": "Feature",
      "properties": {
        "@id": "node/2146658880",
        "name": "Zoulabot II",
        "place": "village"
      },
      "geometry": {
        "type": "Point",
        "coordinates": [
          13.8996561,
          2.9001441
        ]
      },
      "id": "node/2146658880"
    },
    {
      "type": "Feature",
      "properties": {
        "@id": "node/2153406384",
        "name": "Lomié",
        "note": "rank=0 car commune",
        "place": "city",
        "rank": "0",
        "source": "Institut National de Cartographie",
        "wikidata": "Q1027828"
      },
      "geometry": {
        "type": "Point",
        "coordinates": [
          13.6182935,
          3.1598199
        ]
      },
      "id": "node/2153406384"
    },
    {
      "type": "Feature",
      "properties": {
        "@id": "node/2161042167",
        "name": "Yokadouma",
        "note": "rank=0 car chef lieu de département",
        "place": "city",
        "rank": "0"
      },
      "geometry": {
        "type": "Point",
        "coordinates": [
          15.0510331,
          3.5152789
        ]
      },
      "id": "node/2161042167"
    },
    {
      "type": "Feature",
      "properties": {
        "@id": "node/2218582353",
        "name": "Mpan",
        "place": "village"
      },
      "geometry": {
        "type": "Point",
        "coordinates": [
          14.0595074,
          3.2865242
        ]
      },
      "id": "node/2218582353"
    },
    {
      "type": "Feature",
      "properties": {
        "@id": "node/2225468551",
        "name": "Abong-Mbang",
        "note": "rank=0 car chef lieu de département",
        "place": "city",
        "rank": "0",
        "wikidata": "Q322917"
      },
      "geometry": {
        "type": "Point",
        "coordinates": [
          13.1717237,
          3.9884092
        ]
      },
      "id": "node/2225468551"
    },
    {
      "type": "Feature",
      "properties": {
        "@id": "node/2225469458",
        "name": "Doumé",
        "note": "rank=0 car commune",
        "place": "town",
        "rank": "0"
      },
      "geometry": {
        "type": "Point",
        "coordinates": [
          13.4529706,
          4.2400617
        ]
      },
      "id": "node/2225469458"
    },
    {
      "type": "Feature",
      "properties": {
        "@id": "node/2225509232",
        "alt_name": "Bandongoé ; Bandongoué",
        "name": "Bandongwé",
        "note": "rank = 0 car village étape",
        "place": "village",
        "rank": "0",
        "source:alt_name": "PCD Batouri"
      },
      "geometry": {
        "type": "Point",
        "coordinates": [
          14.2115679,
          4.4051788
        ]
      },
      "id": "node/2225509232"
    },
    {
      "type": "Feature",
      "properties": {
        "@id": "node/2225524288",
        "name": "Bimba",
        "place": "village"
      },
      "geometry": {
        "type": "Point",
        "coordinates": [
          14.1133066,
          4.1772683
        ]
      },
      "id": "node/2225524288"
    },
    {
      "type": "Feature",
      "properties": {
        "@id": "node/2225537481",
        "name": "Kamba-Miéri",
        "place": "village"
      },
      "geometry": {
        "type": "Point",
        "coordinates": [
          13.9722307,
          4.2407558
        ]
      },
      "id": "node/2225537481"
    },
    {
      "type": "Feature",
      "properties": {
        "@id": "node/2229550336",
        "name": "Bitamyen",
        "place": "village"
      },
      "geometry": {
        "type": "Point",
        "coordinates": [
          14.0727948,
          4.3055407
        ]
      },
      "id": "node/2229550336"
    },
    {
      "type": "Feature",
      "properties": {
        "@id": "node/2229556048",
        "name": "Kagnol II",
        "place": "village"
      },
      "geometry": {
        "type": "Point",
        "coordinates": [
          14.5047101,
          4.0992349
        ]
      },
      "id": "node/2229556048"
    },
    {
      "type": "Feature",
      "properties": {
        "@id": "node/2229559020",
        "name": "Lila",
        "place": "village"
      },
      "geometry": {
        "type": "Point",
        "coordinates": [
          14.4739815,
          4.1484193
        ]
      },
      "id": "node/2229559020"
    },
    {
      "type": "Feature",
      "properties": {
        "@id": "node/2229562703",
        "name": "Bakombélé",
        "place": "village"
      },
      "geometry": {
        "type": "Point",
        "coordinates": [
          14.407908,
          4.3164883
        ]
      },
      "id": "node/2229562703"
    },
    {
      "type": "Feature",
      "properties": {
        "@id": "node/2229562704",
        "name": "Moundia",
        "place": "village"
      },
      "geometry": {
        "type": "Point",
        "coordinates": [
          14.4077517,
          4.3008156
        ]
      },
      "id": "node/2229562704"
    },
    {
      "type": "Feature",
      "properties": {
        "@id": "node/2229569953",
        "name": "Pana I",
        "place": "village"
      },
      "geometry": {
        "type": "Point",
        "coordinates": [
          14.6743246,
          4.2234392
        ]
      },
      "id": "node/2229569953"
    },
    {
      "type": "Feature",
      "properties": {
        "@id": "node/2229569954",
        "name": "Pana II",
        "place": "village"
      },
      "geometry": {
        "type": "Point",
        "coordinates": [
          14.6760204,
          4.210308
        ]
      },
      "id": "node/2229569954"
    },
    {
      "type": "Feature",
      "properties": {
        "@id": "node/2229574409",
        "name": "Ndjang",
        "place": "village"
      },
      "geometry": {
        "type": "Point",
        "coordinates": [
          14.4136302,
          4.0562947
        ]
      },
      "id": "node/2229574409"
    },
    {
      "type": "Feature",
      "properties": {
        "@id": "node/2229585718",
        "name": "Djampièl",
        "place": "village"
      },
      "geometry": {
        "type": "Point",
        "coordinates": [
          14.4933066,
          4.0762603
        ]
      },
      "id": "node/2229585718"
    },
    {
      "type": "Feature",
      "properties": {
        "@id": "node/2229585719",
        "alt_name": "Djouth 2",
        "name": "Djout II",
        "place": "village"
      },
      "geometry": {
        "type": "Point",
        "coordinates": [
          14.4662792,
          4.0581219
        ]
      },
      "id": "node/2229585719"
    },
    {
      "type": "Feature",
      "properties": {
        "@id": "node/2229605486",
        "alt_name": "Djouth 1",
        "name": "Djout I",
        "place": "village"
      },
      "geometry": {
        "type": "Point",
        "coordinates": [
          14.0678292,
          4.0244468
        ]
      },
      "id": "node/2229605486"
    },
    {
      "type": "Feature",
      "properties": {
        "@id": "node/2229605493",
        "name": "Kouemkouem",
        "place": "village"
      },
      "geometry": {
        "type": "Point",
        "coordinates": [
          14.2552149,
          3.9441669
        ]
      },
      "id": "node/2229605493"
    },
    {
      "type": "Feature",
      "properties": {
        "@id": "node/2229605531",
        "ele": "617.0",
        "name": "Mbang",
        "note": "rank=0 car chef lieu de département",
        "place": "town",
        "rank": "0",
        "wpt_description": "Mbang"
      },
      "geometry": {
        "type": "Point",
        "coordinates": [
          14.2680001,
          3.9692279
        ]
      },
      "id": "node/2229605531"
    },
    {
      "type": "Feature",
      "properties": {
        "@id": "node/2229614532",
        "name": "Domiaka",
        "place": "village"
      },
      "geometry": {
        "type": "Point",
        "coordinates": [
          14.3789194,
          4.0277847
        ]
      },
      "id": "node/2229614532"
    },
    {
      "type": "Feature",
      "properties": {
        "@id": "node/2229614533",
        "name": "Molobo",
        "place": "village"
      },
      "geometry": {
        "type": "Point",
        "coordinates": [
          14.3345615,
          3.9968681
        ]
      },
      "id": "node/2229614533"
    },
    {
      "type": "Feature",
      "properties": {
        "@id": "node/2229614534",
        "name": "Mombèl II",
        "place": "village"
      },
      "geometry": {
        "type": "Point",
        "coordinates": [
          14.3972021,
          4.0349601
        ]
      },
      "id": "node/2229614534"
    },
    {
      "type": "Feature",
      "properties": {
        "@id": "node/2231630292",
        "name": "Ngotto",
        "place": "village"
      },
      "geometry": {
        "type": "Point",
        "coordinates": [
          14.7550385,
          4.1880558
        ]
      },
      "id": "node/2231630292"
    },
    {
      "type": "Feature",
      "properties": {
        "@id": "node/2231653373",
        "name": "Sobolo",
        "place": "village"
      },
      "geometry": {
        "type": "Point",
        "coordinates": [
          14.7848455,
          4.1937615
        ]
      },
      "id": "node/2231653373"
    },
    {
      "type": "Feature",
      "properties": {
        "@id": "node/2249975205",
        "name": "Mboy",
        "place": "village"
      },
      "geometry": {
        "type": "Point",
        "coordinates": [
          15.469534,
          3.4644036
        ]
      },
      "id": "node/2249975205"
    },
    {
      "type": "Feature",
      "properties": {
        "@id": "node/2249975214",
        "name": "Mparo",
        "place": "village"
      },
      "geometry": {
        "type": "Point",
        "coordinates": [
          15.4299094,
          3.4602581
        ]
      },
      "id": "node/2249975214"
    },
    {
      "type": "Feature",
      "properties": {
        "@id": "node/2250019844",
        "name": "Mouloundou",
        "note": "rank=0 car commune",
        "place": "city",
        "rank": "0",
        "wikidata": "Q1943777"
      },
      "geometry": {
        "type": "Point",
        "coordinates": [
          15.2165729,
          2.0436027
        ]
      },
      "id": "node/2250019844"
    },
    {
      "type": "Feature",
      "properties": {
        "@id": "node/2250109721",
        "name": "Bembon",
        "place": "town"
      },
      "geometry": {
        "type": "Point",
        "coordinates": [
          14.5458932,
          3.4143449
        ]
      },
      "id": "node/2250109721"
    },
    {
      "type": "Feature",
      "properties": {
        "@id": "node/2250130772",
        "name": "Mbol II",
        "place": "town"
      },
      "geometry": {
        "type": "Point",
        "coordinates": [
          14.6268054,
          3.4453843
        ]
      },
      "id": "node/2250130772"
    },
    {
      "type": "Feature",
      "properties": {
        "@id": "node/2255241973",
        "name": "Bankwam",
        "place": "village"
      },
      "geometry": {
        "type": "Point",
        "coordinates": [
          14.639645,
          3.4367857
        ]
      },
      "id": "node/2255241973"
    },
    {
      "type": "Feature",
      "properties": {
        "@id": "node/2255241981",
        "alt_name": "Moapack",
        "name": "Mwapak",
        "place": "village"
      },
      "geometry": {
        "type": "Point",
        "coordinates": [
          14.7175793,
          3.4571229
        ]
      },
      "id": "node/2255241981"
    },
    {
      "type": "Feature",
      "properties": {
        "@id": "node/2258421497",
        "name": "Bangué",
        "place": "village"
      },
      "geometry": {
        "type": "Point",
        "coordinates": [
          14.5221295,
          4.1080289
        ]
      },
      "id": "node/2258421497"
    },
    {
      "type": "Feature",
      "properties": {
        "@id": "node/2261569592",
        "name": "Djemiong",
        "place": "village"
      },
      "geometry": {
        "type": "Point",
        "coordinates": [
          14.0736003,
          4.1107214
        ]
      },
      "id": "node/2261569592"
    },
    {
      "type": "Feature",
      "properties": {
        "@id": "node/2261658847",
        "alt_name": "Djebadang",
        "name": "Djébadop",
        "place": "village"
      },
      "geometry": {
        "type": "Point",
        "coordinates": [
          13.9676957,
          3.962881
        ]
      },
      "id": "node/2261658847"
    },
    {
      "type": "Feature",
      "properties": {
        "@id": "node/2261658853",
        "name": "Mayos",
        "place": "village"
      },
      "geometry": {
        "type": "Point",
        "coordinates": [
          13.8916757,
          3.913843
        ]
      },
      "id": "node/2261658853"
    },
    {
      "type": "Feature",
      "properties": {
        "@id": "node/2281418485",
        "name": "Mbama",
        "place": "village"
      },
      "geometry": {
        "type": "Point",
        "coordinates": [
          12.7613356,
          3.9771462
        ]
      },
      "id": "node/2281418485"
    },
    {
      "type": "Feature",
      "properties": {
        "@id": "node/2282618085",
        "name": "Mboma",
        "note": "rank=0 car commune",
        "place": "town",
        "rank": "0",
        "source": "WRI_2005",
        "wikidata": "Q14944542"
      },
      "geometry": {
        "type": "Point",
        "coordinates": [
          12.915687,
          4.211235
        ]
      },
      "id": "node/2282618085"
    },
    {
      "type": "Feature",
      "properties": {
        "@id": "node/2298615714",
        "alt_name": "Ketté",
        "name": "Kétté",
        "note": "rank=0 car chef lieu de département",
        "place": "town",
        "rank": "0"
      },
      "geometry": {
        "type": "Point",
        "coordinates": [
          14.5432355,
          4.8959887
        ]
      },
      "id": "node/2298615714"
    },
    {
      "type": "Feature",
      "properties": {
        "@id": "node/2364379086",
        "name": "Messamena",
        "note": "rank=0 car commune",
        "place": "town",
        "rank": "0",
        "wikidata": "Q12697742"
      },
      "geometry": {
        "type": "Point",
        "coordinates": [
          12.8298452,
          3.7369491
        ]
      },
      "id": "node/2364379086"
    },
    {
      "type": "Feature",
      "properties": {
        "@id": "node/2377966604",
        "alt_name": "Mboanz",
        "name": "Angossas",
        "note": "rank=0 car commune",
        "place": "town",
        "rank": "0",
        "source": "Wolves volunteers",
        "wikidata": "Q4763863"
      },
      "geometry": {
        "type": "Point",
        "coordinates": [
          12.9886301,
          4.0763205
        ]
      },
      "id": "node/2377966604"
    },
    {
      "type": "Feature",
      "properties": {
        "@id": "node/2378823984",
        "name": "Mbalam",
        "place": "town"
      },
      "geometry": {
        "type": "Point",
        "coordinates": [
          13.8160156,
          2.223568
        ]
      },
      "id": "node/2378823984"
    },
    {
      "type": "Feature",
      "properties": {
        "@id": "node/2402664444",
        "name": "Diang",
        "note": "rank=0 car chef lieu de département",
        "place": "town",
        "rank": "0",
        "wikidata": "Q5271638"
      },
      "geometry": {
        "type": "Point",
        "coordinates": [
          13.355282,
          4.580129
        ]
      },
      "id": "node/2402664444"
    },
    {
      "type": "Feature",
      "properties": {
        "@id": "node/2402677767",
        "name": "Doumaintang",
        "note": "rank=0 car commune",
        "place": "town",
        "rank": "0",
        "source": "Wolves Volunteers",
        "wikidata": "Q5302247"
      },
      "geometry": {
        "type": "Point",
        "coordinates": [
          13.1035685,
          4.3403813
        ]
      },
      "id": "node/2402677767"
    },
    {
      "type": "Feature",
      "properties": {
        "@id": "node/2402683881",
        "alt_name": "Bebend",
        "name": "Atok",
        "note": "rank=0 car commune",
        "place": "town",
        "rank": "0",
        "wikidata": "Q4817170"
      },
      "geometry": {
        "type": "Point",
        "coordinates": [
          12.7791765,
          4.007567
        ]
      },
      "id": "node/2402683881"
    },
    {
      "type": "Feature",
      "properties": {
        "@id": "node/2460907043",
        "name": "Akok Maka",
        "place": "village",
        "source": "WRI_2005"
      },
      "geometry": {
        "type": "Point",
        "coordinates": [
          12.5664031,
          3.8901552
        ]
      },
      "id": "node/2460907043"
    },
    {
      "type": "Feature",
      "properties": {
        "@id": "node/2460907044",
        "name": "Akok Yebekolo",
        "place": "village",
        "source": "WRI_2005"
      },
      "geometry": {
        "type": "Point",
        "coordinates": [
          12.597671,
          3.8945018
        ]
      },
      "id": "node/2460907044"
    },
    {
      "type": "Feature",
      "properties": {
        "@id": "node/2460907073",
        "name": "Alouma",
        "place": "village",
        "source": "WRI_2005"
      },
      "geometry": {
        "type": "Point",
        "coordinates": [
          12.5861635,
          3.475465
        ]
      },
      "id": "node/2460907073"
    },
    {
      "type": "Feature",
      "properties": {
        "@id": "node/2460907611",
        "name": "Komba I",
        "place": "village",
        "source": "WRI_2005"
      },
      "geometry": {
        "type": "Point",
        "coordinates": [
          12.6076733,
          3.5185352
        ]
      },
      "id": "node/2460907611"
    },
    {
      "type": "Feature",
      "properties": {
        "@id": "node/2460907614",
        "name": "Komba II",
        "place": "village",
        "source": "WRI_2005"
      },
      "geometry": {
        "type": "Point",
        "coordinates": [
          12.588556,
          3.5694366
        ]
      },
      "id": "node/2460907614"
    },
    {
      "type": "Feature",
      "properties": {
        "@id": "node/2460907720",
        "name": "Malen II",
        "place": "village",
        "source": "WRI_2005"
      },
      "geometry": {
        "type": "Point",
        "coordinates": [
          12.6125559,
          3.4456772
        ]
      },
      "id": "node/2460907720"
    },
    {
      "type": "Feature",
      "properties": {
        "@id": "node/2460907724",
        "name": "Malen II",
        "place": "village",
        "source": "WRI_2005"
      },
      "geometry": {
        "type": "Point",
        "coordinates": [
          12.6069774,
          3.6061067
        ]
      },
      "id": "node/2460907724"
    },
    {
      "type": "Feature",
      "properties": {
        "@id": "node/2460907757",
        "name": "Mang",
        "place": "village",
        "source": "WRI_2005"
      },
      "geometry": {
        "type": "Point",
        "coordinates": [
          12.5888634,
          3.5382173
        ]
      },
      "id": "node/2460907757"
    },
    {
      "type": "Feature",
      "properties": {
        "@id": "node/2460907763",
        "name": "Massiel Te'emoo",
        "place": "village",
        "source": "WRI_2005"
      },
      "geometry": {
        "type": "Point",
        "coordinates": [
          12.588665,
          3.4977897
        ]
      },
      "id": "node/2460907763"
    },
    {
      "type": "Feature",
      "properties": {
        "@id": "node/2460907769",
        "name": "Massiel Makok",
        "place": "village",
        "source": "WRI_2005"
      },
      "geometry": {
        "type": "Point",
        "coordinates": [
          12.574125,
          3.4646109
        ]
      },
      "id": "node/2460907769"
    },
    {
      "type": "Feature",
      "properties": {
        "@id": "node/2460907844",
        "name": "Meba",
        "place": "village",
        "source": "WRI_2005"
      },
      "geometry": {
        "type": "Point",
        "coordinates": [
          12.557984,
          3.7768606
        ]
      },
      "id": "node/2460907844"
    },
    {
      "type": "Feature",
      "properties": {
        "@id": "node/2460907877",
        "name": "Mekak",
        "place": "village",
        "source": "WRI_2005"
      },
      "geometry": {
        "type": "Point",
        "coordinates": [
          12.6067358,
          3.5102043
        ]
      },
      "id": "node/2460907877"
    },
    {
      "type": "Feature",
      "properties": {
        "@id": "node/2460908180",
        "name": "Ndjibot",
        "place": "village",
        "source": "WRI_2005"
      },
      "geometry": {
        "type": "Point",
        "coordinates": [
          12.5697105,
          3.4348052
        ]
      },
      "id": "node/2460908180"
    },
    {
      "type": "Feature",
      "properties": {
        "@id": "node/2460908195",
        "name": "Nemeyong",
        "place": "village",
        "source": "WRI_2005"
      },
      "geometry": {
        "type": "Point",
        "coordinates": [
          12.5812329,
          3.5581755
        ]
      },
      "id": "node/2460908195"
    },
    {
      "type": "Feature",
      "properties": {
        "@id": "node/2460908201",
        "name": "Ngam",
        "place": "village",
        "source": "WRI_2005"
      },
      "geometry": {
        "type": "Point",
        "coordinates": [
          12.5828949,
          3.7683177
        ]
      },
      "id": "node/2460908201"
    },
    {
      "type": "Feature",
      "properties": {
        "@id": "node/2460908234",
        "name": "Ngoulminanga",
        "place": "village",
        "source": "WRI_2005"
      },
      "geometry": {
        "type": "Point",
        "coordinates": [
          12.559449,
          3.434639
        ]
      },
      "id": "node/2460908234"
    },
    {
      "type": "Feature",
      "properties": {
        "@id": "node/2460908487",
        "name": "Selé",
        "place": "village",
        "source": "WRI_2005"
      },
      "geometry": {
        "type": "Point",
        "coordinates": [
          12.5640881,
          3.7913438
        ]
      },
      "id": "node/2460908487"
    },
    {
      "type": "Feature",
      "properties": {
        "@id": "node/2461915701",
        "name": "Aba'akoum",
        "place": "village",
        "source": "WRI_2005"
      },
      "geometry": {
        "type": "Point",
        "coordinates": [
          13.6032475,
          3.228798
        ]
      },
      "id": "node/2461915701"
    },
    {
      "type": "Feature",
      "properties": {
        "@id": "node/2461915702",
        "name": "Abambé",
        "place": "village",
        "source": "WRI_2005"
      },
      "geometry": {
        "type": "Point",
        "coordinates": [
          12.8584329,
          4.0575828
        ]
      },
      "id": "node/2461915702"
    },
    {
      "type": "Feature",
      "properties": {
        "@id": "node/2461915703",
        "name": "Abeganga",
        "place": "village",
        "source": "WRI_2005"
      },
      "geometry": {
        "type": "Point",
        "coordinates": [
          14.5233122,
          4.4135499
        ]
      },
      "id": "node/2461915703"
    },
    {
      "type": "Feature",
      "properties": {
        "@id": "node/2461915705",
        "name": "Abong Doum",
        "place": "village",
        "source": "WRI_2005"
      },
      "geometry": {
        "type": "Point",
        "coordinates": [
          13.1518804,
          3.9896834
        ]
      },
      "id": "node/2461915705"
    },
    {
      "type": "Feature",
      "properties": {
        "@id": "node/2461915706",
        "name": "Abonis",
        "place": "village",
        "source": "WRI_2005"
      },
      "geometry": {
        "type": "Point",
        "coordinates": [
          13.0722544,
          4.100985
        ]
      },
      "id": "node/2461915706"
    },
    {
      "type": "Feature",
      "properties": {
        "@id": "node/2461915708",
        "name": "Adjane",
        "place": "village",
        "source": "WRI_2005"
      },
      "geometry": {
        "type": "Point",
        "coordinates": [
          12.7904708,
          3.4439509
        ]
      },
      "id": "node/2461915708"
    },
    {
      "type": "Feature",
      "properties": {
        "@id": "node/2461915709",
        "name": "Adje'ela I",
        "place": "village",
        "source": "WRI_2005"
      },
      "geometry": {
        "type": "Point",
        "coordinates": [
          13.6195911,
          3.147115
        ]
      },
      "id": "node/2461915709"
    },
    {
      "type": "Feature",
      "properties": {
        "@id": "node/2461915710",
        "name": "Adjeela II",
        "place": "village",
        "source": "WRI_2005"
      },
      "geometry": {
        "type": "Point",
        "coordinates": [
          14.042508,
          2.5781384
        ]
      },
      "id": "node/2461915710"
    },
    {
      "type": "Feature",
      "properties": {
        "@id": "node/2461915711",
        "name": "Adjela",
        "place": "village",
        "source": "WRI_2005"
      },
      "geometry": {
        "type": "Point",
        "coordinates": [
          15.0942029,
          3.0393326
        ]
      },
      "id": "node/2461915711"
    },
    {
      "type": "Feature",
      "properties": {
        "@id": "node/2461915713",
        "name": "Adouma",
        "place": "village",
        "source": "WRI_2005"
      },
      "geometry": {
        "type": "Point",
        "coordinates": [
          13.1214809,
          3.9821153
        ]
      },
      "id": "node/2461915713"
    },
    {
      "type": "Feature",
      "properties": {
        "@id": "node/2461915717",
        "name": "Akok Bikele",
        "place": "village",
        "source": "WRI_2005"
      },
      "geometry": {
        "type": "Point",
        "coordinates": [
          12.6960203,
          3.8013091
        ]
      },
      "id": "node/2461915717"
    },
    {
      "type": "Feature",
      "properties": {
        "@id": "node/2461915724",
        "name": "Akonétsé",
        "place": "village",
        "source": "WRI_2005"
      },
      "geometry": {
        "type": "Point",
        "coordinates": [
          13.6608049,
          3.0354947
        ]
      },
      "id": "node/2461915724"
    },
    {
      "type": "Feature",
      "properties": {
        "@id": "node/2461915726",
        "name": "Akossa",
        "place": "village",
        "source": "WRI_2005"
      },
      "geometry": {
        "type": "Point",
        "coordinates": [
          12.9328352,
          4.2238806
        ]
      },
      "id": "node/2461915726"
    },
    {
      "type": "Feature",
      "properties": {
        "@id": "node/2461915727",
        "name": "Akotatséti",
        "place": "village",
        "source": "WRI_2005"
      },
      "geometry": {
        "type": "Point",
        "coordinates": [
          14.3816531,
          4.3680668
        ]
      },
      "id": "node/2461915727"
    },
    {
      "type": "Feature",
      "properties": {
        "@id": "node/2461915728",
        "name": "Akoumou",
        "place": "village",
        "source": "WRI_2005"
      },
      "geometry": {
        "type": "Point",
        "coordinates": [
          12.8605332,
          3.7071182
        ]
      },
      "id": "node/2461915728"
    },
    {
      "type": "Feature",
      "properties": {
        "@id": "node/2461915729",
        "name": "Akélébensa",
        "place": "village",
        "source": "WRI_2005"
      },
      "geometry": {
        "type": "Point",
        "coordinates": [
          12.9319289,
          4.3397265
        ]
      },
      "id": "node/2461915729"
    },
    {
      "type": "Feature",
      "properties": {
        "@id": "node/2461915730",
        "name": "Alanda",
        "place": "village",
        "source": "WRI_2005"
      },
      "geometry": {
        "type": "Point",
        "coordinates": [
          14.6755,
          4.1941978
        ]
      },
      "id": "node/2461915730"
    },
    {
      "type": "Feature",
      "properties": {
        "@id": "node/2461915731",
        "name": "Alat Makay",
        "place": "village",
        "source": "WRI_2005"
      },
      "geometry": {
        "type": "Point",
        "coordinates": [
          13.3553927,
          2.8424956
        ]
      },
      "id": "node/2461915731"
    },
    {
      "type": "Feature",
      "properties": {
        "@id": "node/2461915734",
        "name": "Alouma",
        "place": "village",
        "source": "WRI_2005"
      },
      "geometry": {
        "type": "Point",
        "coordinates": [
          12.8945563,
          3.6064858
        ]
      },
      "id": "node/2461915734"
    },
    {
      "type": "Feature",
      "properties": {
        "@id": "node/2461915735",
        "name": "Ambaka",
        "place": "village",
        "source": "WRI_2005"
      },
      "geometry": {
        "type": "Point",
        "coordinates": [
          13.148753,
          4.0545144
        ]
      },
      "id": "node/2461915735"
    },
    {
      "type": "Feature",
      "properties": {
        "@id": "node/2461915736",
        "alt_name": "Ambanga",
        "name": "Ambana",
        "place": "village",
        "source": "WRI_2005",
        "source:alt_name": "PCD Batouri"
      },
      "geometry": {
        "type": "Point",
        "coordinates": [
          14.5061766,
          4.4317037
        ]
      },
      "id": "node/2461915736"
    },
    {
      "type": "Feature",
      "properties": {
        "@id": "node/2461915738",
        "name": "Aminemakoum",
        "place": "village",
        "source": "WRI_2005"
      },
      "geometry": {
        "type": "Point",
        "coordinates": [
          12.9385602,
          4.3052539
        ]
      },
      "id": "node/2461915738"
    },
    {
      "type": "Feature",
      "properties": {
        "@id": "node/2461915739",
        "name": "Amouré",
        "place": "village",
        "source": "WRI_2005"
      },
      "geometry": {
        "type": "Point",
        "coordinates": [
          14.417161,
          4.2431388
        ]
      },
      "id": "node/2461915739"
    },
    {
      "type": "Feature",
      "properties": {
        "@id": "node/2461915740",
        "name": "Ampèl",
        "place": "village",
        "source": "WRI_2005"
      },
      "geometry": {
        "type": "Point",
        "coordinates": [
          13.43918,
          3.5284281
        ]
      },
      "id": "node/2461915740"
    },
    {
      "type": "Feature",
      "properties": {
        "@id": "node/2461915741",
        "name": "Andjou",
        "place": "village",
        "source": "WRI_2005"
      },
      "geometry": {
        "type": "Point",
        "coordinates": [
          13.0415624,
          4.0984604
        ]
      },
      "id": "node/2461915741"
    },
    {
      "type": "Feature",
      "properties": {
        "@id": "node/2461915743",
        "name": "Anguengue",
        "place": "village",
        "source": "WRI_2005"
      },
      "geometry": {
        "type": "Point",
        "coordinates": [
          12.9532283,
          4.0545511
        ]
      },
      "id": "node/2461915743"
    },
    {
      "type": "Feature",
      "properties": {
        "@id": "node/2461915744",
        "name": "Ankom",
        "place": "village",
        "source": "WRI_2005"
      },
      "geometry": {
        "type": "Point",
        "coordinates": [
          13.095155,
          4.0795434
        ]
      },
      "id": "node/2461915744"
    },
    {
      "type": "Feature",
      "properties": {
        "@id": "node/2461915745",
        "name": "Ankoung",
        "place": "village",
        "source": "WRI_2005"
      },
      "geometry": {
        "type": "Point",
        "coordinates": [
          13.0346493,
          4.0160701
        ]
      },
      "id": "node/2461915745"
    },
    {
      "type": "Feature",
      "properties": {
        "@id": "node/2461915746",
        "name": "Ankwambwomb",
        "place": "village",
        "source": "WRI_2005"
      },
      "geometry": {
        "type": "Point",
        "coordinates": [
          13.1121132,
          3.9237204
        ]
      },
      "id": "node/2461915746"
    },
    {
      "type": "Feature",
      "properties": {
        "@id": "node/2461915748",
        "name": "Anoé",
        "place": "village",
        "source": "WRI_2005"
      },
      "geometry": {
        "type": "Point",
        "coordinates": [
          14.2973972,
          4.4069192
        ]
      },
      "id": "node/2461915748"
    },
    {
      "type": "Feature",
      "properties": {
        "@id": "node/2461915749",
        "name": "Apadjok",
        "place": "village",
        "source": "WRI_2005"
      },
      "geometry": {
        "type": "Point",
        "coordinates": [
          12.7158563,
          3.687529
        ]
      },
      "id": "node/2461915749"
    },
    {
      "type": "Feature",
      "properties": {
        "@id": "node/2461915751",
        "name": "Asip",
        "place": "village",
        "source": "WRI_2005"
      },
      "geometry": {
        "type": "Point",
        "coordinates": [
          14.2232986,
          3.3920793
        ]
      },
      "id": "node/2461915751"
    },
    {
      "type": "Feature",
      "properties": {
        "@id": "node/2461915755",
        "name": "Assep",
        "place": "village",
        "source": "WRI_2005"
      },
      "geometry": {
        "type": "Point",
        "coordinates": [
          13.9292498,
          3.1989493
        ]
      },
      "id": "node/2461915755"
    },
    {
      "type": "Feature",
      "properties": {
        "@id": "node/2461915756",
        "name": "Assia",
        "place": "village",
        "source": "WRI_2005"
      },
      "geometry": {
        "type": "Point",
        "coordinates": [
          13.1105941,
          3.6422606
        ]
      },
      "id": "node/2461915756"
    },
    {
      "type": "Feature",
      "properties": {
        "@id": "node/2461915757",
        "alt_name": "Attsiek",
        "name": "Atièk",
        "place": "village",
        "source": "WRI_2005"
      },
      "geometry": {
        "type": "Point",
        "coordinates": [
          13.7640934,
          3.8974836
        ]
      },
      "id": "node/2461915757"
    },
    {
      "type": "Feature",
      "properties": {
        "@id": "node/2461915761",
        "name": "Atémeya",
        "place": "village",
        "source": "WRI_2005"
      },
      "geometry": {
        "type": "Point",
        "coordinates": [
          13.9118719,
          2.1791712
        ]
      },
      "id": "node/2461915761"
    },
    {
      "type": "Feature",
      "properties": {
        "@id": "node/2461915774",
        "alt_name": "Ngoulontana",
        "name": "Bifolone",
        "place": "village",
        "source": "WRI_2005"
      },
      "geometry": {
        "type": "Point",
        "coordinates": [
          12.7990205,
          3.4831545
        ]
      },
      "id": "node/2461915774"
    },
    {
      "type": "Feature",
      "properties": {
        "@id": "node/2461915775",
        "name": "Ayen",
        "place": "village",
        "source": "WRI_2005"
      },
      "geometry": {
        "type": "Point",
        "coordinates": [
          13.3363632,
          3.8494706
        ]
      },
      "id": "node/2461915775"
    },
    {
      "type": "Feature",
      "properties": {
        "@id": "node/2461915776",
        "name": "Ayene",
        "place": "village",
        "source": "WRI_2005"
      },
      "geometry": {
        "type": "Point",
        "coordinates": [
          13.6238257,
          3.1359877
        ]
      },
      "id": "node/2461915776"
    },
    {
      "type": "Feature",
      "properties": {
        "@id": "node/2461915777",
        "name": "Ayéné Eta",
        "place": "village",
        "source": "WRI_2005"
      },
      "geometry": {
        "type": "Point",
        "coordinates": [
          13.9643775,
          2.7512468
        ]
      },
      "id": "node/2461915777"
    },
    {
      "type": "Feature",
      "properties": {
        "@id": "node/2461915779",
        "name": "Ayéné",
        "place": "village",
        "source": "WRI_2005"
      },
      "geometry": {
        "type": "Point",
        "coordinates": [
          13.2018551,
          3.9711161
        ]
      },
      "id": "node/2461915779"
    },
    {
      "type": "Feature",
      "properties": {
        "@id": "node/2461915781",
        "name": "Azomkout",
        "place": "village",
        "source": "WRI_2005"
      },
      "geometry": {
        "type": "Point",
        "coordinates": [
          12.8523761,
          4.2834655
        ]
      },
      "id": "node/2461915781"
    },
    {
      "type": "Feature",
      "properties": {
        "@id": "node/2461915782",
        "alt_name": "Bamboutou",
        "name": "Baboutou",
        "place": "village",
        "source": "WRI_2005"
      },
      "geometry": {
        "type": "Point",
        "coordinates": [
          14.4557904,
          4.1849926
        ]
      },
      "id": "node/2461915782"
    },
    {
      "type": "Feature",
      "properties": {
        "@id": "node/2461915783",
        "name": "Badekok",
        "place": "village",
        "source": "WRI_2005"
      },
      "geometry": {
        "type": "Point",
        "coordinates": [
          15.0104995,
          3.2192828
        ]
      },
      "id": "node/2461915783"
    },
    {
      "type": "Feature",
      "properties": {
        "@id": "node/2461915784",
        "name": "Baditoum",
        "place": "village",
        "source": "WRI_2005"
      },
      "geometry": {
        "type": "Point",
        "coordinates": [
          12.9666566,
          4.2818159
        ]
      },
      "id": "node/2461915784"
    },
    {
      "type": "Feature",
      "properties": {
        "@id": "node/2461915785",
        "name": "Badouma II",
        "place": "village",
        "source": "WRI_2005"
      },
      "geometry": {
        "type": "Point",
        "coordinates": [
          12.9254656,
          4.5005898
        ]
      },
      "id": "node/2461915785"
    },
    {
      "type": "Feature",
      "properties": {
        "@id": "node/2461915786",
        "name": "Badouma",
        "place": "village",
        "source": "WRI_2005"
      },
      "geometry": {
        "type": "Point",
        "coordinates": [
          12.989,
          4.3610255
        ]
      },
      "id": "node/2461915786"
    },
    {
      "type": "Feature",
      "properties": {
        "@id": "node/2461915787",
        "name": "Badékok",
        "place": "village",
        "source": "WRI_2005"
      },
      "geometry": {
        "type": "Point",
        "coordinates": [
          14.0703675,
          3.1221551
        ]
      },
      "id": "node/2461915787"
    },
    {
      "type": "Feature",
      "properties": {
        "@id": "node/2461915788",
        "name": "Bagbetout",
        "place": "village",
        "source": "WRI_2005"
      },
      "geometry": {
        "type": "Point",
        "coordinates": [
          12.8228248,
          4.0615979
        ]
      },
      "id": "node/2461915788"
    },
    {
      "type": "Feature",
      "properties": {
        "@id": "node/2461915789",
        "name": "Bagbeze II",
        "place": "village",
        "source": "WRI_2005"
      },
      "geometry": {
        "type": "Point",
        "coordinates": [
          13.0298381,
          4.0875979
        ]
      },
      "id": "node/2461915789"
    },
    {
      "type": "Feature",
      "properties": {
        "@id": "node/2461915790",
        "name": "Bagbezé",
        "place": "village",
        "source": "WRI_2005"
      },
      "geometry": {
        "type": "Point",
        "coordinates": [
          12.822275,
          4.121117
        ]
      },
      "id": "node/2461915790"
    },
    {
      "type": "Feature",
      "properties": {
        "@id": "node/2461915791",
        "name": "Bago",
        "place": "village",
        "source": "WRI_2005"
      },
      "geometry": {
        "type": "Point",
        "coordinates": [
          13.1639836,
          4.0368768
        ]
      },
      "id": "node/2461915791"
    },
    {
      "type": "Feature",
      "properties": {
        "@id": "node/2461915792",
        "name": "Bagoboung",
        "place": "village",
        "source": "WRI_2005"
      },
      "geometry": {
        "type": "Point",
        "coordinates": [
          12.9087808,
          4.0474806
        ]
      },
      "id": "node/2461915792"
    },
    {
      "type": "Feature",
      "properties": {
        "@id": "node/2461915793",
        "name": "Bagofit",
        "place": "village",
        "source": "WRI_2005"
      },
      "geometry": {
        "type": "Point",
        "coordinates": [
          13.1158435,
          4.000554
        ]
      },
      "id": "node/2461915793"
    },
    {
      "type": "Feature",
      "properties": {
        "@id": "node/2461915794",
        "name": "Bagoloul",
        "place": "village",
        "source": "WRI_2005"
      },
      "geometry": {
        "type": "Point",
        "coordinates": [
          13.1323376,
          4.0641504
        ]
      },
      "id": "node/2461915794"
    },
    {
      "type": "Feature",
      "properties": {
        "@id": "node/2461915795",
        "name": "Bakombiam",
        "place": "village",
        "source": "WRI_2005"
      },
      "geometry": {
        "type": "Point",
        "coordinates": [
          12.9765187,
          4.304613
        ]
      },
      "id": "node/2461915795"
    },
    {
      "type": "Feature",
      "properties": {
        "@id": "node/2461915796",
        "name": "Bakombo",
        "place": "village",
        "source": "WRI_2005"
      },
      "geometry": {
        "type": "Point",
        "coordinates": [
          14.2517595,
          4.4080765
        ]
      },
      "id": "node/2461915796"
    },
    {
      "type": "Feature",
      "properties": {
        "@id": "node/2461915797",
        "name": "Baktala",
        "place": "village",
        "source": "WRI_2005"
      },
      "geometry": {
        "type": "Point",
        "coordinates": [
          13.6117669,
          4.4299914
        ]
      },
      "id": "node/2461915797"
    },
    {
      "type": "Feature",
      "properties": {
        "@id": "node/2461915798",
        "alt_name": "Balabanda",
        "name": "Malabanda",
        "place": "village",
        "source": "WRI_2005"
      },
      "geometry": {
        "type": "Point",
        "coordinates": [
          15.0632657,
          3.514877
        ]
      },
      "id": "node/2461915798"
    },
    {
      "type": "Feature",
      "properties": {
        "@id": "node/2461915799",
        "name": "Bamba",
        "place": "village",
        "source": "WRI_2005"
      },
      "geometry": {
        "type": "Point",
        "coordinates": [
          14.447183,
          3.4193761
        ]
      },
      "id": "node/2461915799"
    },
    {
      "type": "Feature",
      "properties": {
        "@id": "node/2461915800",
        "alt_name": "Gbambala",
        "name": "Bambala",
        "place": "village",
        "source": "WRI_2005"
      },
      "geometry": {
        "type": "Point",
        "coordinates": [
          14.5286251,
          4.1481567
        ]
      },
      "id": "node/2461915800"
    },
    {
      "type": "Feature",
      "properties": {
        "@id": "node/2461915801",
        "name": "Bamékok",
        "place": "village",
        "source": "WRI_2005"
      },
      "geometry": {
        "type": "Point",
        "coordinates": [
          13.051337,
          4.2429582
        ]
      },
      "id": "node/2461915801"
    },
    {
      "type": "Feature",
      "properties": {
        "@id": "node/2461915802",
        "name": "Banana",
        "place": "village",
        "source": "WRI_2005"
      },
      "geometry": {
        "type": "Point",
        "coordinates": [
          15.2837853,
          2.0754202
        ]
      },
      "id": "node/2461915802"
    },
    {
      "type": "Feature",
      "properties": {
        "@id": "node/2461915804",
        "name": "Bangoué",
        "place": "village",
        "source": "WRI_2005"
      },
      "geometry": {
        "type": "Point",
        "coordinates": [
          12.9131562,
          4.1730773
        ]
      },
      "id": "node/2461915804"
    },
    {
      "type": "Feature",
      "properties": {
        "@id": "node/2461915805",
        "name": "Bapilé",
        "place": "village",
        "source": "WRI_2005"
      },
      "geometry": {
        "type": "Point",
        "coordinates": [
          13.5830163,
          3.3609808
        ]
      },
      "id": "node/2461915805"
    },
    {
      "type": "Feature",
      "properties": {
        "@id": "node/2461915806",
        "name": "Baribangué",
        "place": "village",
        "source": "WRI_2005"
      },
      "geometry": {
        "type": "Point",
        "coordinates": [
          14.7273708,
          4.3664283
        ]
      },
      "id": "node/2461915806"
    },
    {
      "type": "Feature",
      "properties": {
        "@id": "node/2461915807",
        "name": "Baréko Hameau",
        "place": "village",
        "source": "WRI_2005"
      },
      "geometry": {
        "type": "Point",
        "coordinates": [
          14.0438111,
          2.4136009
        ]
      },
      "id": "node/2461915807"
    },
    {
      "type": "Feature",
      "properties": {
        "@id": "node/2461915808",
        "name": "Baréko II",
        "place": "village",
        "source": "WRI_2005"
      },
      "geometry": {
        "type": "Point",
        "coordinates": [
          14.0760386,
          2.3889931
        ]
      },
      "id": "node/2461915808"
    },
    {
      "type": "Feature",
      "properties": {
        "@id": "node/2461915809",
        "name": "Bayong I",
        "place": "village",
        "source": "WRI_2005",
        "surface": "unpaved"
      },
      "geometry": {
        "type": "Point",
        "coordinates": [
          13.3855051,
          4.2847563
        ]
      },
      "id": "node/2461915809"
    },
    {
      "type": "Feature",
      "properties": {
        "@id": "node/2461915810",
        "name": "Bayong V",
        "place": "village",
        "source": "WRI_2005"
      },
      "geometry": {
        "type": "Point",
        "coordinates": [
          13.3508837,
          4.3330032
        ]
      },
      "id": "node/2461915810"
    },
    {
      "type": "Feature",
      "properties": {
        "@id": "node/2461915811",
        "name": "Bedoumo",
        "place": "village",
        "source": "WRI_2005"
      },
      "geometry": {
        "type": "Point",
        "coordinates": [
          13.3718741,
          3.6508864
        ]
      },
      "id": "node/2461915811"
    },
    {
      "type": "Feature",
      "properties": {
        "@id": "node/2461915812",
        "name": "Bele",
        "place": "village",
        "source": "WRI_2005"
      },
      "geometry": {
        "type": "Point",
        "coordinates": [
          12.9169927,
          3.6144884
        ]
      },
      "id": "node/2461915812"
    },
    {
      "type": "Feature",
      "properties": {
        "@id": "node/2461915813",
        "name": "Belekoubou",
        "place": "village",
        "source": "WRI_2005"
      },
      "geometry": {
        "type": "Point",
        "coordinates": [
          15.0880146,
          3.9364326
        ]
      },
      "id": "node/2461915813"
    },
    {
      "type": "Feature",
      "properties": {
        "@id": "node/2461915814",
        "name": "Belita I",
        "place": "village",
        "source": "WRI_2005"
      },
      "geometry": {
        "type": "Point",
        "coordinates": [
          14.7193129,
          4.3799152
        ]
      },
      "id": "node/2461915814"
    },
    {
      "type": "Feature",
      "properties": {
        "@id": "node/2461915816",
        "name": "Bende",
        "place": "village",
        "source": "WRI_2005"
      },
      "geometry": {
        "type": "Point",
        "coordinates": [
          12.917947,
          4.0002657
        ]
      },
      "id": "node/2461915816"
    },
    {
      "type": "Feature",
      "properties": {
        "@id": "node/2461915817",
        "name": "Bengono",
        "place": "village",
        "source": "WRI_2005"
      },
      "geometry": {
        "type": "Point",
        "coordinates": [
          12.88499,
          4.1556151
        ]
      },
      "id": "node/2461915817"
    },
    {
      "type": "Feature",
      "properties": {
        "@id": "node/2461915818",
        "name": "Bent",
        "place": "village",
        "source": "WRI_2005"
      },
      "geometry": {
        "type": "Point",
        "coordinates": [
          13.3391138,
          4.1784286
        ]
      },
      "id": "node/2461915818"
    },
    {
      "type": "Feature",
      "properties": {
        "@id": "node/2461915819",
        "name": "Beul",
        "place": "village",
        "source": "WRI_2005"
      },
      "geometry": {
        "type": "Point",
        "coordinates": [
          12.8574166,
          4.0539098
        ]
      },
      "id": "node/2461915819"
    },
    {
      "type": "Feature",
      "properties": {
        "@id": "node/2461915821",
        "name": "Biba I",
        "place": "village",
        "source": "WRI_2005"
      },
      "geometry": {
        "type": "Point",
        "coordinates": [
          13.6830114,
          3.0132915
        ]
      },
      "id": "node/2461915821"
    },
    {
      "type": "Feature",
      "properties": {
        "@id": "node/2461915823",
        "name": "Bidjargour",
        "place": "village",
        "source": "WRI_2005"
      },
      "geometry": {
        "type": "Point",
        "coordinates": [
          15.0175101,
          3.2055247
        ]
      },
      "id": "node/2461915823"
    },
    {
      "type": "Feature",
      "properties": {
        "@id": "node/2461915824",
        "name": "Bidjingue",
        "place": "village",
        "source": "WRI_2005"
      },
      "geometry": {
        "type": "Point",
        "coordinates": [
          12.8489074,
          3.9145332
        ]
      },
      "id": "node/2461915824"
    },
    {
      "type": "Feature",
      "properties": {
        "@id": "node/2461915825",
        "name": "Bidjombo",
        "place": "village",
        "source": "WRI_2005"
      },
      "geometry": {
        "type": "Point",
        "coordinates": [
          12.6482001,
          3.7345156
        ]
      },
      "id": "node/2461915825"
    },
    {
      "type": "Feature",
      "properties": {
        "@id": "node/2461915826",
        "name": "Bienemama",
        "place": "village",
        "source": "WRI_2005"
      },
      "geometry": {
        "type": "Point",
        "coordinates": [
          15.010064,
          3.5240972
        ]
      },
      "id": "node/2461915826"
    },
    {
      "type": "Feature",
      "properties": {
        "@id": "node/2461915827",
        "name": "Bila",
        "place": "village",
        "source": "WRI_2005"
      },
      "geometry": {
        "type": "Point",
        "coordinates": [
          13.0558719,
          4.4854866
        ]
      },
      "id": "node/2461915827"
    },
    {
      "type": "Feature",
      "properties": {
        "@id": "node/2461915828",
        "alt_name": "Belibili",
        "name": "Bilibili",
        "place": "village",
        "source": "WRI_2005"
      },
      "geometry": {
        "type": "Point",
        "coordinates": [
          14.7783773,
          4.3663616
        ]
      },
      "id": "node/2461915828"
    },
    {
      "type": "Feature",
      "properties": {
        "@id": "node/2461915829",
        "name": "Bindanang",
        "place": "village",
        "source": "WRI_2005"
      },
      "geometry": {
        "type": "Point",
        "coordinates": [
          13.0832529,
          4.0136211
        ]
      },
      "id": "node/2461915829"
    },
    {
      "type": "Feature",
      "properties": {
        "@id": "node/2461915832",
        "name": "Bingongol I",
        "place": "village",
        "source": "WRI_2005"
      },
      "geometry": {
        "type": "Point",
        "coordinates": [
          13.6294294,
          3.1954017
        ]
      },
      "id": "node/2461915832"
    },
    {
      "type": "Feature",
      "properties": {
        "@id": "node/2461915833",
        "name": "Bingongol II",
        "place": "village",
        "source": "WRI_2005"
      },
      "geometry": {
        "type": "Point",
        "coordinates": [
          13.623719,
          3.2032677
        ]
      },
      "id": "node/2461915833"
    },
    {
      "type": "Feature",
      "properties": {
        "@id": "node/2461915834",
        "name": "Bintoum",
        "place": "village",
        "source": "WRI_2005"
      },
      "geometry": {
        "type": "Point",
        "coordinates": [
          14.840659,
          3.0198518
        ]
      },
      "id": "node/2461915834"
    },
    {
      "type": "Feature",
      "properties": {
        "@id": "node/2461915835",
        "name": "Bintsina",
        "place": "village",
        "source": "IGN"
      },
      "geometry": {
        "type": "Point",
        "coordinates": [
          12.9281771,
          3.5325502
        ]
      },
      "id": "node/2461915835"
    },
    {
      "type": "Feature",
      "properties": {
        "@id": "node/2461915837",
        "name": "Bissobilam",
        "place": "village",
        "source": "WRI_2005"
      },
      "geometry": {
        "type": "Point",
        "coordinates": [
          14.0390553,
          2.5858254
        ]
      },
      "id": "node/2461915837"
    },
    {
      "type": "Feature",
      "properties": {
        "@id": "node/2461915838",
        "name": "Bissoua",
        "place": "village",
        "source": "WRI_2005"
      },
      "geometry": {
        "type": "Point",
        "coordinates": [
          12.8554235,
          3.8037917
        ]
      },
      "id": "node/2461915838"
    },
    {
      "type": "Feature",
      "properties": {
        "@id": "node/2461915839",
        "name": "Bitel",
        "place": "village",
        "source": "WRI_2005"
      },
      "geometry": {
        "type": "Point",
        "coordinates": [
          13.3589554,
          3.7509814
        ]
      },
      "id": "node/2461915839"
    },
    {
      "type": "Feature",
      "properties": {
        "@id": "node/2461915840",
        "name": "Bitonga",
        "place": "village",
        "source": "WRI_2005"
      },
      "geometry": {
        "type": "Point",
        "coordinates": [
          15.2561836,
          3.5115828
        ]
      },
      "id": "node/2461915840"
    },
    {
      "type": "Feature",
      "properties": {
        "@id": "node/2461915841",
        "name": "Bitso'omam",
        "place": "village",
        "source": "WRI_2005"
      },
      "geometry": {
        "type": "Point",
        "coordinates": [
          13.6148363,
          3.1249179
        ]
      },
      "id": "node/2461915841"
    },
    {
      "type": "Feature",
      "properties": {
        "@id": "node/2461915842",
        "name": "Biwala",
        "place": "village",
        "source": "WRI_2005"
      },
      "geometry": {
        "type": "Point",
        "coordinates": [
          14.9096693,
          3.2110821
        ]
      },
      "id": "node/2461915842"
    },
    {
      "type": "Feature",
      "properties": {
        "@id": "node/2461915843",
        "name": "Biwala",
        "place": "village",
        "source": "WRI_2005"
      },
      "geometry": {
        "type": "Point",
        "coordinates": [
          15.0812523,
          3.5098359
        ]
      },
      "id": "node/2461915843"
    },
    {
      "type": "Feature",
      "properties": {
        "@id": "node/2461915844",
        "name": "Bizayé",
        "place": "village",
        "source": "WRI_2005"
      },
      "geometry": {
        "type": "Point",
        "coordinates": [
          12.7620707,
          3.971885
        ]
      },
      "id": "node/2461915844"
    },
    {
      "type": "Feature",
      "properties": {
        "@id": "node/2461915845",
        "name": "Biziga",
        "place": "village",
        "source": "WRI_2005"
      },
      "geometry": {
        "type": "Point",
        "coordinates": [
          13.425495,
          4.2550545
        ]
      },
      "id": "node/2461915845"
    },
    {
      "type": "Feature",
      "properties": {
        "@id": "node/2461915846",
        "name": "Blakand",
        "place": "village",
        "source": "WRI_2005"
      },
      "geometry": {
        "type": "Point",
        "coordinates": [
          12.7831814,
          3.9436227
        ]
      },
      "id": "node/2461915846"
    },
    {
      "type": "Feature",
      "properties": {
        "@id": "node/2461915847",
        "name": "Blandjok",
        "place": "village",
        "source": "WRI_2005"
      },
      "geometry": {
        "type": "Point",
        "coordinates": [
          12.8360844,
          3.7881161
        ]
      },
      "id": "node/2461915847"
    },
    {
      "type": "Feature",
      "properties": {
        "@id": "node/2461915848",
        "name": "Bodjouo",
        "place": "village",
        "source": "WRI_2005"
      },
      "geometry": {
        "type": "Point",
        "coordinates": [
          13.040431,
          3.3586467
        ]
      },
      "id": "node/2461915848"
    },
    {
      "type": "Feature",
      "properties": {
        "@id": "node/2461915849",
        "name": "Bololo",
        "place": "village",
        "source": "WRI_2005"
      },
      "geometry": {
        "type": "Point",
        "coordinates": [
          15.9150013,
          1.795513
        ]
      },
      "id": "node/2461915849"
    },
    {
      "type": "Feature",
      "properties": {
        "@id": "node/2461915851",
        "name": "Bompelo",
        "place": "village",
        "source": "WRI_2005"
      },
      "geometry": {
        "type": "Point",
        "coordinates": [
          15.3493142,
          3.4800097
        ]
      },
      "id": "node/2461915851"
    },
    {
      "type": "Feature",
      "properties": {
        "@id": "node/2461915852",
        "name": "Bonando",
        "place": "village",
        "source": "WRI_2005"
      },
      "geometry": {
        "type": "Point",
        "coordinates": [
          13.2760381,
          4.1182419
        ]
      },
      "id": "node/2461915852"
    },
    {
      "type": "Feature",
      "properties": {
        "@id": "node/2461915855",
        "name": "Bonis II ou Boni II",
        "place": "village",
        "source": "WRI_2005"
      },
      "geometry": {
        "type": "Point",
        "coordinates": [
          13.6174612,
          4.5108897
        ]
      },
      "id": "node/2461915855"
    },
    {
      "type": "Feature",
      "properties": {
        "@id": "node/2461915856",
        "alt_name": "Borongoe ; Borongoué",
        "name": "Borongwé 1",
        "place": "village",
        "source": "WRI_2005",
        "source:alt_name": "PCD Batouri ; IGN 1994"
      },
      "geometry": {
        "type": "Point",
        "coordinates": [
          14.5934776,
          4.3894003
        ]
      },
      "id": "node/2461915856"
    },
    {
      "type": "Feature",
      "properties": {
        "@id": "node/2461915857",
        "name": "Boréssué",
        "place": "village",
        "source": "WRI_2005"
      },
      "geometry": {
        "type": "Point",
        "coordinates": [
          13.8595597,
          3.8976042
        ]
      },
      "id": "node/2461915857"
    },
    {
      "type": "Feature",
      "properties": {
        "@id": "node/2461915858",
        "name": "Botbanata",
        "place": "village",
        "source": "WRI_2005"
      },
      "geometry": {
        "type": "Point",
        "coordinates": [
          14.9720452,
          3.3399446
        ]
      },
      "id": "node/2461915858"
    },
    {
      "type": "Feature",
      "properties": {
        "@id": "node/2461915859",
        "name": "Boubara",
        "place": "town",
        "source": "WRI_2005"
      },
      "geometry": {
        "type": "Point",
        "coordinates": [
          14.5950053,
          4.7106765
        ]
      },
      "id": "node/2461915859"
    },
    {
      "type": "Feature",
      "properties": {
        "@id": "node/2461915860",
        "name": "Bouela",
        "place": "village",
        "source": "WRI_2005"
      },
      "geometry": {
        "type": "Point",
        "coordinates": [
          12.8338072,
          4.2999425
        ]
      },
      "id": "node/2461915860"
    },
    {
      "type": "Feature",
      "properties": {
        "@id": "node/2461915861",
        "name": "Boumpial",
        "place": "village",
        "source": "WRI_2005"
      },
      "geometry": {
        "type": "Point",
        "coordinates": [
          13.3519904,
          4.1887866
        ]
      },
      "id": "node/2461915861"
    },
    {
      "type": "Feature",
      "properties": {
        "@id": "node/2461915862",
        "alt_name": "Boundéi",
        "name": "Boundé",
        "place": "village",
        "source": "WRI_2005",
        "source:alt_name": "PCD Kenzou"
      },
      "geometry": {
        "type": "Point",
        "coordinates": [
          14.9385666,
          4.2151607
        ]
      },
      "id": "node/2461915862"
    },
    {
      "type": "Feature",
      "properties": {
        "@id": "node/2461915863",
        "name": "Bouressue",
        "place": "village",
        "source": "WRI_2005"
      },
      "geometry": {
        "type": "Point",
        "coordinates": [
          15.1403557,
          3.0038664
        ]
      },
      "id": "node/2461915863"
    },
    {
      "type": "Feature",
      "properties": {
        "@id": "node/2461915865",
        "name": "Bwong",
        "place": "village",
        "source": "WRI_2005"
      },
      "geometry": {
        "type": "Point",
        "coordinates": [
          15.0098595,
          3.4433585
        ]
      },
      "id": "node/2461915865"
    },
    {
      "type": "Feature",
      "properties": {
        "@id": "node/2461915866",
        "name": "Bé",
        "place": "village",
        "source": "WRI_2005"
      },
      "geometry": {
        "type": "Point",
        "coordinates": [
          14.1127806,
          3.0055666
        ]
      },
      "id": "node/2461915866"
    },
    {
      "type": "Feature",
      "properties": {
        "@id": "node/2461915867",
        "name": "Béla",
        "place": "village",
        "source": "WRI_2005"
      },
      "geometry": {
        "type": "Point",
        "coordinates": [
          16.0732418,
          2.6863919
        ]
      },
      "id": "node/2461915867"
    },
    {
      "type": "Feature",
      "properties": {
        "@id": "node/2461915868",
        "alt_name": "Belimbam",
        "name": "Bélimban",
        "place": "village",
        "source": "WRI_2005",
        "source:alt_name": "PCD Batouri"
      },
      "geometry": {
        "type": "Point",
        "coordinates": [
          14.7854058,
          4.3584954
        ]
      },
      "id": "node/2461915868"
    },
    {
      "type": "Feature",
      "properties": {
        "@id": "node/2461915869",
        "name": "Bélita",
        "place": "village",
        "source": "WRI_2005"
      },
      "geometry": {
        "type": "Point",
        "coordinates": [
          14.9115396,
          4.0573629
        ]
      },
      "id": "node/2461915869"
    },
    {
      "type": "Feature",
      "properties": {
        "@id": "node/2461915870",
        "name": "Bélo-Ngboutou",
        "place": "village",
        "source": "WRI_2005"
      },
      "geometry": {
        "type": "Point",
        "coordinates": [
          13.8739319,
          4.247885
        ]
      },
      "id": "node/2461915870"
    },
    {
      "type": "Feature",
      "properties": {
        "@id": "node/2461915871",
        "name": "Bézam",
        "place": "village",
        "source": "WRI_2005"
      },
      "geometry": {
        "type": "Point",
        "coordinates": [
          14.1226427,
          3.0164511
        ]
      },
      "id": "node/2461915871"
    },
    {
      "type": "Feature",
      "properties": {
        "@id": "node/2461915872",
        "name": "Chwedomb",
        "place": "village",
        "source": "WRI_2005"
      },
      "geometry": {
        "type": "Point",
        "coordinates": [
          12.9383599,
          3.7789207
        ]
      },
      "id": "node/2461915872"
    },
    {
      "type": "Feature",
      "properties": {
        "@id": "node/2461915874",
        "name": "Dangereux",
        "place": "village",
        "source": "WRI_2005"
      },
      "geometry": {
        "type": "Point",
        "coordinates": [
          13.3348565,
          3.8548184
        ]
      },
      "id": "node/2461915874"
    },
    {
      "type": "Feature",
      "properties": {
        "@id": "node/2461915875",
        "name": "Dem",
        "place": "village",
        "source": "WRI_2005"
      },
      "geometry": {
        "type": "Point",
        "coordinates": [
          13.7820118,
          4.2533339
        ]
      },
      "id": "node/2461915875"
    },
    {
      "type": "Feature",
      "properties": {
        "@id": "node/2461915876",
        "alt_name": "Ndongoro",
        "name": "Dengoro",
        "place": "village",
        "source": "WRI_2005"
      },
      "geometry": {
        "type": "Point",
        "coordinates": [
          13.6711445,
          4.2046787
        ]
      },
      "id": "node/2461915876"
    },
    {
      "type": "Feature",
      "properties": {
        "@id": "node/2461915877",
        "name": "Diaglassi",
        "place": "village",
        "source": "WRI_2005"
      },
      "geometry": {
        "type": "Point",
        "coordinates": [
          13.2867164,
          4.148928
        ]
      },
      "id": "node/2461915877"
    },
    {
      "type": "Feature",
      "properties": {
        "@id": "node/2461915878",
        "name": "Diassa",
        "place": "village",
        "source": "WRI_2005"
      },
      "geometry": {
        "type": "Point",
        "coordinates": [
          13.0567172,
          3.4673113
        ]
      },
      "id": "node/2461915878"
    },
    {
      "type": "Feature",
      "properties": {
        "@id": "node/2461915879",
        "name": "Difolo",
        "place": "village",
        "source": "WRI_2005"
      },
      "geometry": {
        "type": "Point",
        "coordinates": [
          15.1224792,
          3.759868
        ]
      },
      "id": "node/2461915879"
    },
    {
      "type": "Feature",
      "properties": {
        "@id": "node/2461915880",
        "name": "Dilong",
        "place": "village",
        "source": "WRI_2005"
      },
      "geometry": {
        "type": "Point",
        "coordinates": [
          13.4567234,
          3.4878922
        ]
      },
      "id": "node/2461915880"
    },
    {
      "type": "Feature",
      "properties": {
        "@id": "node/2461915881",
        "name": "Dimako I",
        "place": "village",
        "source": "WRI_2005"
      },
      "geometry": {
        "type": "Point",
        "coordinates": [
          14.380912,
          4.3932779
        ]
      },
      "id": "node/2461915881"
    },
    {
      "type": "Feature",
      "properties": {
        "@id": "node/2461915882",
        "name": "Dimpam",
        "place": "village",
        "source": "WRI_2005"
      },
      "geometry": {
        "type": "Point",
        "coordinates": [
          13.8022857,
          3.1381987
        ]
      },
      "id": "node/2461915882"
    },
    {
      "type": "Feature",
      "properties": {
        "@id": "node/2461915883",
        "name": "Dimpam",
        "place": "village",
        "source": "WRI_2005"
      },
      "geometry": {
        "type": "Point",
        "coordinates": [
          12.8124254,
          3.5522716
        ]
      },
      "id": "node/2461915883"
    },
    {
      "type": "Feature",
      "properties": {
        "@id": "node/2461915884",
        "alt_name": "Mbandamé",
        "name": "Dioula",
        "place": "village",
        "source": "WRI_2005"
      },
      "geometry": {
        "type": "Point",
        "coordinates": [
          15.3688101,
          2.2335196
        ]
      },
      "id": "node/2461915884"
    },
    {
      "type": "Feature",
      "properties": {
        "@id": "node/2461915885",
        "name": "Dioula",
        "place": "village",
        "source": "WRI_2005"
      },
      "geometry": {
        "type": "Point",
        "coordinates": [
          13.5408098,
          3.413899
        ]
      },
      "id": "node/2461915885"
    },
    {
      "type": "Feature",
      "properties": {
        "@id": "node/2461915886",
        "name": "Disso",
        "place": "village",
        "source": "WRI_2005"
      },
      "geometry": {
        "type": "Point",
        "coordinates": [
          15.0736052,
          3.8345424
        ]
      },
      "id": "node/2461915886"
    },
    {
      "type": "Feature",
      "properties": {
        "@id": "node/2461915887",
        "name": "Djadom",
        "place": "village",
        "source": "WRI_2005"
      },
      "geometry": {
        "type": "Point",
        "coordinates": [
          14.020444,
          2.4265547
        ]
      },
      "id": "node/2461915887"
    },
    {
      "type": "Feature",
      "properties": {
        "@id": "node/2461915888",
        "name": "Djalobekoe",
        "place": "village",
        "source": "WRI_2005"
      },
      "geometry": {
        "type": "Point",
        "coordinates": [
          15.0490682,
          3.5007589
        ]
      },
      "id": "node/2461915888"
    },
    {
      "type": "Feature",
      "properties": {
        "@id": "node/2461915889",
        "name": "Djamblé",
        "place": "village",
        "source": "WRI_2005"
      },
      "geometry": {
        "type": "Point",
        "coordinates": [
          12.8497158,
          4.3174155
        ]
      },
      "id": "node/2461915889"
    },
    {
      "type": "Feature",
      "properties": {
        "@id": "node/2461915890",
        "name": "Djebé",
        "place": "village",
        "source": "WRI_2005"
      },
      "geometry": {
        "type": "Point",
        "coordinates": [
          13.6004793,
          3.250505
        ]
      },
      "id": "node/2461915890"
    },
    {
      "type": "Feature",
      "properties": {
        "@id": "node/2461915891",
        "name": "Djekoundi",
        "place": "village",
        "source": "WRI_2005"
      },
      "geometry": {
        "type": "Point",
        "coordinates": [
          13.1035339,
          4.0779717
        ]
      },
      "id": "node/2461915891"
    },
    {
      "type": "Feature",
      "properties": {
        "@id": "node/2461915892",
        "name": "Mboumo",
        "place": "village",
        "source": "WRI_2005"
      },
      "geometry": {
        "type": "Point",
        "coordinates": [
          13.0660639,
          3.689992
        ]
      },
      "id": "node/2461915892"
    },
    {
      "type": "Feature",
      "properties": {
        "@id": "node/2461915893",
        "name": "Djemba",
        "place": "village",
        "source": "WRI_2005"
      },
      "geometry": {
        "type": "Point",
        "coordinates": [
          14.9926993,
          3.3504546
        ]
      },
      "id": "node/2461915893"
    },
    {
      "type": "Feature",
      "properties": {
        "@id": "node/2461915894",
        "name": "Djemdjomeko",
        "place": "village",
        "source": "WRI_2005"
      },
      "geometry": {
        "type": "Point",
        "coordinates": [
          14.8897277,
          3.1950543
        ]
      },
      "id": "node/2461915894"
    },
    {
      "type": "Feature",
      "properties": {
        "@id": "node/2461915895",
        "name": "Djenassoumé",
        "place": "village",
        "source": "WRI_2005"
      },
      "geometry": {
        "type": "Point",
        "coordinates": [
          13.122616,
          3.978343
        ]
      },
      "id": "node/2461915895"
    },
    {
      "type": "Feature",
      "properties": {
        "@id": "node/2461915896",
        "name": "Djende II",
        "place": "village",
        "source": "WRI_2005"
      },
      "geometry": {
        "type": "Point",
        "coordinates": [
          13.2173496,
          4.0636181
        ]
      },
      "id": "node/2461915896"
    },
    {
      "type": "Feature",
      "properties": {
        "@id": "node/2461915897",
        "name": "Djendé I",
        "place": "village",
        "source": "WRI_2005"
      },
      "geometry": {
        "type": "Point",
        "coordinates": [
          13.0070619,
          4.3596293
        ]
      },
      "id": "node/2461915897"
    },
    {
      "type": "Feature",
      "properties": {
        "@id": "node/2461915898",
        "name": "Djequelong",
        "place": "village",
        "source": "WRI_2005"
      },
      "geometry": {
        "type": "Point",
        "coordinates": [
          13.0822084,
          3.8680682
        ]
      },
      "id": "node/2461915898"
    },
    {
      "type": "Feature",
      "properties": {
        "@id": "node/2461915899",
        "name": "Djimbou",
        "place": "village",
        "source": "WRI_2005"
      },
      "geometry": {
        "type": "Point",
        "coordinates": [
          12.8668322,
          4.1850277
        ]
      },
      "id": "node/2461915899"
    },
    {
      "type": "Feature",
      "properties": {
        "@id": "node/2461915900",
        "alt_name": "Njira; Djida",
        "name": "Djira",
        "place": "village",
        "source": "WRI_2005",
        "source:alt_name": "PCD Batouri; IGN 1994"
      },
      "geometry": {
        "type": "Point",
        "coordinates": [
          14.4800782,
          4.4467851
        ]
      },
      "id": "node/2461915900"
    },
    {
      "type": "Feature",
      "properties": {
        "@id": "node/2461915901",
        "name": "Djo'olimpoum",
        "place": "village",
        "source": "WRI_2005"
      },
      "geometry": {
        "type": "Point",
        "coordinates": [
          12.8634444,
          3.3410518
        ]
      },
      "id": "node/2461915901"
    },
    {
      "type": "Feature",
      "properties": {
        "@id": "node/2461915902",
        "alt_name": "Djokenepoum",
        "name": "Djoknépoum",
        "place": "village",
        "source": "WRI_2005"
      },
      "geometry": {
        "type": "Point",
        "coordinates": [
          13.9995371,
          3.9989737
        ]
      },
      "id": "node/2461915902"
    },
    {
      "type": "Feature",
      "properties": {
        "@id": "node/2461915904",
        "name": "Djomédjo",
        "place": "village",
        "source": "WRI_2005"
      },
      "geometry": {
        "type": "Point",
        "coordinates": [
          13.6090215,
          3.0876454
        ]
      },
      "id": "node/2461915904"
    },
    {
      "type": "Feature",
      "properties": {
        "@id": "node/2461915906",
        "name": "Djoum",
        "place": "village",
        "source": "WRI_2005"
      },
      "geometry": {
        "type": "Point",
        "coordinates": [
          12.8404233,
          4.0111972
        ]
      },
      "id": "node/2461915906"
    },
    {
      "type": "Feature",
      "properties": {
        "@id": "node/2461915907",
        "name": "Djouo",
        "place": "village",
        "source": "WRI_2005"
      },
      "geometry": {
        "type": "Point",
        "coordinates": [
          12.9249874,
          3.3265618
        ]
      },
      "id": "node/2461915907"
    },
    {
      "type": "Feature",
      "properties": {
        "@id": "node/2461915911",
        "name": "Djuébéla",
        "place": "village",
        "source": "WRI_2005"
      },
      "geometry": {
        "type": "Point",
        "coordinates": [
          12.7968732,
          3.5994251
        ]
      },
      "id": "node/2461915911"
    },
    {
      "type": "Feature",
      "properties": {
        "@id": "node/2461915912",
        "name": "Djula",
        "place": "village",
        "source": "WRI_2005"
      },
      "geometry": {
        "type": "Point",
        "coordinates": [
          12.7202612,
          3.6128713
        ]
      },
      "id": "node/2461915912"
    },
    {
      "type": "Feature",
      "properties": {
        "@id": "node/2461915915",
        "name": "Djélédjemou",
        "place": "village",
        "source": "WRI_2005"
      },
      "geometry": {
        "type": "Point",
        "coordinates": [
          15.095146,
          3.8684715
        ]
      },
      "id": "node/2461915915"
    },
    {
      "type": "Feature",
      "properties": {
        "@id": "node/2461915916",
        "name": "Djénoun",
        "place": "village",
        "source": "WRI_2005"
      },
      "geometry": {
        "type": "Point",
        "coordinates": [
          13.6001085,
          3.2723568
        ]
      },
      "id": "node/2461915916"
    },
    {
      "type": "Feature",
      "properties": {
        "@id": "node/2461915917",
        "alt_name": "Dogbwo II",
        "name": "Dogbo",
        "place": "village",
        "source": "WRI_2005",
        "source:alt_name": "PCD Batouri"
      },
      "geometry": {
        "type": "Point",
        "coordinates": [
          14.3286163,
          4.4261101
        ]
      },
      "id": "node/2461915917"
    },
    {
      "type": "Feature",
      "properties": {
        "@id": "node/2461915918",
        "name": "Dogopyel",
        "place": "village",
        "source": "WRI_2005"
      },
      "geometry": {
        "type": "Point",
        "coordinates": [
          14.8479865,
          3.0850583
        ]
      },
      "id": "node/2461915918"
    },
    {
      "type": "Feature",
      "properties": {
        "@id": "node/2461915919",
        "name": "Dongongo",
        "place": "village",
        "source": "WRI_2005"
      },
      "geometry": {
        "type": "Point",
        "coordinates": [
          14.6396749,
          4.1547658
        ]
      },
      "id": "node/2461915919"
    },
    {
      "type": "Feature",
      "properties": {
        "@id": "node/2461915920",
        "name": "Douala",
        "place": "village",
        "source": "WRI_2005"
      },
      "geometry": {
        "type": "Point",
        "coordinates": [
          13.9273899,
          3.2182242
        ]
      },
      "id": "node/2461915920"
    },
    {
      "type": "Feature",
      "properties": {
        "@id": "node/2461915921",
        "name": "Doubé II",
        "place": "village",
        "source": "WRI_2005"
      },
      "geometry": {
        "type": "Point",
        "coordinates": [
          14.8069983,
          4.3304122
        ]
      },
      "id": "node/2461915921"
    },
    {
      "type": "Feature",
      "properties": {
        "@id": "node/2461915924",
        "name": "Doume",
        "place": "village",
        "source": "WRI_2005"
      },
      "geometry": {
        "type": "Point",
        "coordinates": [
          12.8694087,
          3.8544125
        ]
      },
      "id": "node/2461915924"
    },
    {
      "type": "Feature",
      "properties": {
        "@id": "node/2461915925",
        "name": "Doumo",
        "place": "village",
        "source": "WRI_2005"
      },
      "geometry": {
        "type": "Point",
        "coordinates": [
          13.0516031,
          3.4584236
        ]
      },
      "id": "node/2461915925"
    },
    {
      "type": "Feature",
      "properties": {
        "@id": "node/2461915926",
        "name": "Doumo",
        "place": "village",
        "source": "WRI_2005"
      },
      "geometry": {
        "type": "Point",
        "coordinates": [
          13.1111296,
          3.6176146
        ]
      },
      "id": "node/2461915926"
    },
    {
      "type": "Feature",
      "properties": {
        "@id": "node/2461915927",
        "name": "Doumzo II",
        "place": "village",
        "source": "WRI_2005"
      },
      "geometry": {
        "type": "Point",
        "coordinates": [
          14.0303962,
          2.6400706
        ]
      },
      "id": "node/2461915927"
    },
    {
      "type": "Feature",
      "properties": {
        "@id": "node/2461915928",
        "name": "Doumzo",
        "place": "village",
        "source": "WRI_2005"
      },
      "geometry": {
        "type": "Point",
        "coordinates": [
          13.7274329,
          3.1449153
        ]
      },
      "id": "node/2461915928"
    },
    {
      "type": "Feature",
      "properties": {
        "@id": "node/2461915929",
        "name": "Dountam",
        "place": "village",
        "source": "WRI_2005"
      },
      "geometry": {
        "type": "Point",
        "coordinates": [
          13.623761,
          3.1748886
        ]
      },
      "id": "node/2461915929"
    },
    {
      "type": "Feature",
      "properties": {
        "@id": "node/2461915930",
        "name": "Eba",
        "place": "village",
        "source": "WRI_2005"
      },
      "geometry": {
        "type": "Point",
        "coordinates": [
          12.9147159,
          4.4769603
        ]
      },
      "id": "node/2461915930"
    },
    {
      "type": "Feature",
      "properties": {
        "@id": "node/2461915931",
        "name": "Ebabot",
        "place": "village",
        "source": "WRI_2005"
      },
      "geometry": {
        "type": "Point",
        "coordinates": [
          12.8544603,
          3.7220539
        ]
      },
      "id": "node/2461915931"
    },
    {
      "type": "Feature",
      "properties": {
        "@id": "node/2461915932",
        "name": "Ebade",
        "place": "village",
        "source": "WRI_2005"
      },
      "geometry": {
        "type": "Point",
        "coordinates": [
          12.6891952,
          3.7095181
        ]
      },
      "id": "node/2461915932"
    },
    {
      "type": "Feature",
      "properties": {
        "@id": "node/2461915934",
        "name": "Ebouemetoum",
        "place": "village",
        "source": "WRI_2005"
      },
      "geometry": {
        "type": "Point",
        "coordinates": [
          12.9971009,
          3.6817144
        ]
      },
      "id": "node/2461915934"
    },
    {
      "type": "Feature",
      "properties": {
        "@id": "node/2461915935",
        "name": "Echiambor",
        "place": "village",
        "source": "WRI_2005"
      },
      "geometry": {
        "type": "Point",
        "coordinates": [
          13.773386,
          3.147833
        ]
      },
      "id": "node/2461915935"
    },
    {
      "type": "Feature",
      "properties": {
        "@id": "node/2461915936",
        "name": "Echou",
        "place": "village",
        "source": "WRI_2005"
      },
      "geometry": {
        "type": "Point",
        "coordinates": [
          13.1039035,
          3.5660809
        ]
      },
      "id": "node/2461915936"
    },
    {
      "type": "Feature",
      "properties": {
        "@id": "node/2461915937",
        "name": "Eden",
        "place": "village",
        "source": "WRI_2005"
      },
      "geometry": {
        "type": "Point",
        "coordinates": [
          13.4817093,
          3.4293898
        ]
      },
      "id": "node/2461915937"
    },
    {
      "type": "Feature",
      "properties": {
        "@id": "node/2461915939",
        "alt_name": "Eko'",
        "name": "Ekoh",
        "place": "village",
        "source": "WRI_2005"
      },
      "geometry": {
        "type": "Point",
        "coordinates": [
          13.1016821,
          3.6639886
        ]
      },
      "id": "node/2461915939"
    },
    {
      "type": "Feature",
      "properties": {
        "@id": "node/2461915940",
        "name": "Ekomo",
        "place": "village",
        "source": "WRI_2005"
      },
      "geometry": {
        "type": "Point",
        "coordinates": [
          12.7968521,
          3.5202235
        ]
      },
      "id": "node/2461915940"
    },
    {
      "type": "Feature",
      "properties": {
        "@id": "node/2461915941",
        "name": "Ekpwassong I",
        "place": "village",
        "source": "WRI_2005"
      },
      "geometry": {
        "type": "Point",
        "coordinates": [
          12.849229,
          4.2568016
        ]
      },
      "id": "node/2461915941"
    },
    {
      "type": "Feature",
      "properties": {
        "@id": "node/2461915942",
        "name": "Elandjo",
        "place": "village",
        "source": "WRI_2005"
      },
      "geometry": {
        "type": "Point",
        "coordinates": [
          15.0722114,
          3.0603148
        ]
      },
      "id": "node/2461915942"
    },
    {
      "type": "Feature",
      "properties": {
        "@id": "node/2461915943",
        "name": "Elandjo",
        "place": "village",
        "source": "WRI_2005"
      },
      "geometry": {
        "type": "Point",
        "coordinates": [
          15.0697624,
          3.0758606
        ]
      },
      "id": "node/2461915943"
    },
    {
      "type": "Feature",
      "properties": {
        "@id": "node/2461915944",
        "name": "Elandjo",
        "place": "village",
        "source": "WRI_2005"
      },
      "geometry": {
        "type": "Point",
        "coordinates": [
          13.9668843,
          3.091429
        ]
      },
      "id": "node/2461915944"
    },
    {
      "type": "Feature",
      "properties": {
        "@id": "node/2461915945",
        "name": "Elandjo",
        "place": "village",
        "source": "WRI_2005"
      },
      "geometry": {
        "type": "Point",
        "coordinates": [
          13.0936725,
          3.3104896
        ]
      },
      "id": "node/2461915945"
    },
    {
      "type": "Feature",
      "properties": {
        "@id": "node/2461915948",
        "name": "Epobimpoum",
        "place": "village",
        "source": "WRI_2005"
      },
      "geometry": {
        "type": "Point",
        "coordinates": [
          13.9329108,
          2.8990154
        ]
      },
      "id": "node/2461915948"
    },
    {
      "type": "Feature",
      "properties": {
        "@id": "node/2461915951",
        "name": "Essengbot",
        "place": "village",
        "source": "WRI_2005"
      },
      "geometry": {
        "type": "Point",
        "coordinates": [
          13.9525402,
          3.9451241
        ]
      },
      "id": "node/2461915951"
    },
    {
      "type": "Feature",
      "properties": {
        "@id": "node/2461915954",
        "name": "Eta chefferie",
        "place": "village",
        "source": "WRI_2005"
      },
      "geometry": {
        "type": "Point",
        "coordinates": [
          14.1834793,
          2.2796395
        ]
      },
      "id": "node/2461915954"
    },
    {
      "type": "Feature",
      "properties": {
        "@id": "node/2461915956",
        "name": "Etchu",
        "place": "village"
      },
      "geometry": {
        "type": "Point",
        "coordinates": [
          12.7775412,
          3.6560801
        ]
      },
      "id": "node/2461915956"
    },
    {
      "type": "Feature",
      "properties": {
        "@id": "node/2461915957",
        "name": "Etekessang",
        "place": "village",
        "source": "WRI_2005"
      },
      "geometry": {
        "type": "Point",
        "coordinates": [
          14.0031069,
          2.6901305
        ]
      },
      "id": "node/2461915957"
    },
    {
      "type": "Feature",
      "properties": {
        "@id": "node/2461915958",
        "name": "Etou",
        "place": "village",
        "source": "WRI_2005"
      },
      "geometry": {
        "type": "Point",
        "coordinates": [
          12.7503666,
          3.3508663
        ]
      },
      "id": "node/2461915958"
    },
    {
      "type": "Feature",
      "properties": {
        "@id": "node/2461915962",
        "alt_name": "Gabela",
        "name": "Gavéla",
        "place": "village",
        "source": "WRI_2005"
      },
      "geometry": {
        "type": "Point",
        "coordinates": [
          14.6698766,
          4.2276123
        ]
      },
      "id": "node/2461915962"
    },
    {
      "type": "Feature",
      "properties": {
        "@id": "node/2461915963",
        "alt_name": "Gbadjanga Wassé",
        "name": "Gbadjana",
        "place": "village",
        "source": "WRI_2005",
        "source:alt_name": "PCD Kenzou"
      },
      "geometry": {
        "type": "Point",
        "coordinates": [
          14.9305006,
          4.2715766
        ]
      },
      "id": "node/2461915963"
    },
    {
      "type": "Feature",
      "properties": {
        "@id": "node/2461915964",
        "alt_name": "Gbabele II",
        "name": "Gbagbale",
        "place": "village",
        "source": "WRI_2005",
        "source:alt_name": "PCD Batouri"
      },
      "geometry": {
        "type": "Point",
        "coordinates": [
          14.6455583,
          4.3976334
        ]
      },
      "id": "node/2461915964"
    },
    {
      "type": "Feature",
      "properties": {
        "@id": "node/2461915965",
        "alt_name": "Batanga",
        "name": "Gbatanga",
        "place": "village",
        "source": "WRI_2005"
      },
      "geometry": {
        "type": "Point",
        "coordinates": [
          14.4656759,
          4.1769246
        ]
      },
      "id": "node/2461915965"
    },
    {
      "type": "Feature",
      "properties": {
        "@id": "node/2461915966",
        "name": "Gbongwé I",
        "place": "village",
        "source": "WRI_2005"
      },
      "geometry": {
        "type": "Point",
        "coordinates": [
          14.8447058,
          4.3238711
        ]
      },
      "id": "node/2461915966"
    },
    {
      "type": "Feature",
      "properties": {
        "@id": "node/2461915967",
        "name": "Gbéguira",
        "place": "village",
        "source": "WRI_2005"
      },
      "geometry": {
        "type": "Point",
        "coordinates": [
          14.6758884,
          4.4789198
        ]
      },
      "id": "node/2461915967"
    },
    {
      "type": "Feature",
      "properties": {
        "@id": "node/2461915968",
        "name": "Gbéli",
        "place": "village",
        "source": "WRI_2005"
      },
      "geometry": {
        "type": "Point",
        "coordinates": [
          14.9797867,
          4.2061664
        ]
      },
      "id": "node/2461915968"
    },
    {
      "type": "Feature",
      "properties": {
        "@id": "node/2461915969",
        "name": "Godanga",
        "place": "village",
        "source": "WRI_2005"
      },
      "geometry": {
        "type": "Point",
        "coordinates": [
          13.7380797,
          4.232078
        ]
      },
      "id": "node/2461915969"
    },
    {
      "type": "Feature",
      "properties": {
        "@id": "node/2461915970",
        "name": "Gogobangolo",
        "place": "village",
        "source": "WRI_2005"
      },
      "geometry": {
        "type": "Point",
        "coordinates": [
          14.8538491,
          4.3115818
        ]
      },
      "id": "node/2461915970"
    },
    {
      "type": "Feature",
      "properties": {
        "@id": "node/2461915971",
        "alt_name": "Ngomala",
        "name": "Gomala",
        "place": "village",
        "source": "WRI_2005"
      },
      "geometry": {
        "type": "Point",
        "coordinates": [
          14.8239008,
          4.32664
        ]
      },
      "id": "node/2461915971"
    },
    {
      "type": "Feature",
      "properties": {
        "@id": "node/2461915973",
        "name": "Goumbéjérong",
        "place": "village",
        "source": "WRI_2005"
      },
      "geometry": {
        "type": "Point",
        "coordinates": [
          13.5279296,
          4.2458903
        ]
      },
      "id": "node/2461915973"
    },
    {
      "type": "Feature",
      "properties": {
        "@id": "node/2461915974",
        "name": "Gounté",
        "place": "village",
        "source": "WRI_2005"
      },
      "geometry": {
        "type": "Point",
        "coordinates": [
          13.7016664,
          4.2046167
        ]
      },
      "id": "node/2461915974"
    },
    {
      "type": "Feature",
      "properties": {
        "@id": "node/2461915975",
        "name": "Grand-Pol",
        "place": "village",
        "source": "WRI_2005"
      },
      "geometry": {
        "type": "Point",
        "coordinates": [
          13.6029321,
          4.2116035
        ]
      },
      "id": "node/2461915975"
    },
    {
      "type": "Feature",
      "properties": {
        "@id": "node/2461915976",
        "name": "Gribé",
        "place": "village",
        "source": "WRI_2005"
      },
      "geometry": {
        "type": "Point",
        "coordinates": [
          14.8241838,
          3.0036988
        ]
      },
      "id": "node/2461915976"
    },
    {
      "type": "Feature",
      "properties": {
        "@id": "node/2461915977",
        "name": "Gribé",
        "place": "village",
        "source": "WRI_2005"
      },
      "geometry": {
        "type": "Point",
        "coordinates": [
          15.0534078,
          3.1055813
        ]
      },
      "id": "node/2461915977"
    },
    {
      "type": "Feature",
      "properties": {
        "@id": "node/2461915978",
        "name": "Gribi",
        "place": "village",
        "source": "WRI_2005"
      },
      "geometry": {
        "type": "Point",
        "coordinates": [
          15.1326228,
          3.7090202
        ]
      },
      "id": "node/2461915978"
    },
    {
      "type": "Feature",
      "properties": {
        "@id": "node/2461915979",
        "name": "Guitio",
        "place": "village",
        "source": "WRI_2005"
      },
      "geometry": {
        "type": "Point",
        "coordinates": [
          15.0042154,
          3.2291508
        ]
      },
      "id": "node/2461915979"
    },
    {
      "type": "Feature",
      "properties": {
        "@id": "node/2461915980",
        "alt_name": "Goué",
        "name": "Gwé",
        "place": "village",
        "source": "WRI_2005"
      },
      "geometry": {
        "type": "Point",
        "coordinates": [
          14.5428413,
          4.6183779
        ]
      },
      "id": "node/2461915980"
    },
    {
      "type": "Feature",
      "properties": {
        "@id": "node/2461915981",
        "name": "Hippodrome",
        "place": "village",
        "source": "WRI_2005"
      },
      "geometry": {
        "type": "Point",
        "coordinates": [
          13.1113082,
          3.5790338
        ]
      },
      "id": "node/2461915981"
    },
    {
      "type": "Feature",
      "properties": {
        "@id": "node/2461915982",
        "alt_name": "Hepi ; Epi-Aladji",
        "name": "Hépi",
        "place": "village",
        "source": "WRI_2005",
        "source:alt_name": "PCD Batouri; IGN 1994"
      },
      "geometry": {
        "type": "Point",
        "coordinates": [
          14.604306,
          4.4029647
        ]
      },
      "id": "node/2461915982"
    },
    {
      "type": "Feature",
      "properties": {
        "@id": "node/2461915983",
        "name": "Ka Noud",
        "place": "village",
        "source": "WRI_2005"
      },
      "geometry": {
        "type": "Point",
        "coordinates": [
          12.7689404,
          3.8491926
        ]
      },
      "id": "node/2461915983"
    },
    {
      "type": "Feature",
      "properties": {
        "@id": "node/2461915984",
        "name": "Ka Sud",
        "place": "village",
        "source": "WRI_2005"
      },
      "geometry": {
        "type": "Point",
        "coordinates": [
          12.6972094,
          3.694465
        ]
      },
      "id": "node/2461915984"
    },
    {
      "type": "Feature",
      "properties": {
        "@id": "node/2461915985",
        "name": "Kabili",
        "place": "village",
        "source": "WRI_2005"
      },
      "geometry": {
        "type": "Point",
        "coordinates": [
          13.2350184,
          4.3246824
        ]
      },
      "id": "node/2461915985"
    },
    {
      "type": "Feature",
      "properties": {
        "@id": "node/2461915986",
        "name": "Kak I",
        "place": "village",
        "source": "WRI_2005"
      },
      "geometry": {
        "type": "Point",
        "coordinates": [
          12.9829873,
          4.1844195
        ]
      },
      "id": "node/2461915986"
    },
    {
      "type": "Feature",
      "properties": {
        "@id": "node/2461915987",
        "name": "Kak II",
        "place": "village",
        "source": "WRI_2005"
      },
      "geometry": {
        "type": "Point",
        "coordinates": [
          12.9244894,
          4.219744
        ]
      },
      "id": "node/2461915987"
    },
    {
      "type": "Feature",
      "properties": {
        "@id": "node/2461915988",
        "name": "Kako",
        "place": "village",
        "source": "WRI_2005"
      },
      "geometry": {
        "type": "Point",
        "coordinates": [
          14.5932722,
          3.441062
        ]
      },
      "id": "node/2461915988"
    },
    {
      "type": "Feature",
      "properties": {
        "@id": "node/2461915989",
        "name": "Kamakoum",
        "place": "village",
        "source": "WRI_2005"
      },
      "geometry": {
        "type": "Point",
        "coordinates": [
          13.9675255,
          2.774807
        ]
      },
      "id": "node/2461915989"
    },
    {
      "type": "Feature",
      "properties": {
        "@id": "node/2461915990",
        "name": "Kambele I",
        "place": "village",
        "source": "WRI_2005"
      },
      "geometry": {
        "type": "Point",
        "coordinates": [
          14.402426,
          4.4634099
        ]
      },
      "id": "node/2461915990"
    },
    {
      "type": "Feature",
      "properties": {
        "@id": "node/2461915991",
        "name": "Kambele II",
        "place": "village",
        "source": "WRI_2005"
      },
      "geometry": {
        "type": "Point",
        "coordinates": [
          14.4231117,
          4.4660692
        ]
      },
      "id": "node/2461915991"
    },
    {
      "type": "Feature",
      "properties": {
        "@id": "node/2461915992",
        "name": "Kamelon",
        "place": "village",
        "source": "WRI_2005"
      },
      "geometry": {
        "type": "Point",
        "coordinates": [
          14.1190499,
          3.0313533
        ]
      },
      "id": "node/2461915992"
    },
    {
      "type": "Feature",
      "properties": {
        "@id": "node/2461915994",
        "name": "Kanga Tema",
        "place": "village",
        "source": "WRI_2005"
      },
      "geometry": {
        "type": "Point",
        "coordinates": [
          15.1092035,
          3.020261
        ]
      },
      "id": "node/2461915994"
    },
    {
      "type": "Feature",
      "properties": {
        "@id": "node/2461915995",
        "name": "Kanyo Piste",
        "place": "village",
        "source": "WRI_2005"
      },
      "geometry": {
        "type": "Point",
        "coordinates": [
          12.9246056,
          4.1760923
        ]
      },
      "id": "node/2461915995"
    },
    {
      "type": "Feature",
      "properties": {
        "@id": "node/2461915996",
        "name": "Kanyol",
        "place": "village",
        "source": "WRI_2005"
      },
      "geometry": {
        "type": "Point",
        "coordinates": [
          12.8278985,
          3.3372368
        ]
      },
      "id": "node/2461915996"
    },
    {
      "type": "Feature",
      "properties": {
        "@id": "node/2461915997",
        "name": "Kanyol",
        "place": "village",
        "source": "WRI_2005"
      },
      "geometry": {
        "type": "Point",
        "coordinates": [
          14.9967967,
          3.4160605
        ]
      },
      "id": "node/2461915997"
    },
    {
      "type": "Feature",
      "properties": {
        "@id": "node/2461915999",
        "name": "Kap",
        "place": "village",
        "source": "WRI_2005"
      },
      "geometry": {
        "type": "Point",
        "coordinates": [
          13.0216353,
          4.4269144
        ]
      },
      "id": "node/2461915999"
    },
    {
      "type": "Feature",
      "properties": {
        "@id": "node/2461916000",
        "name": "Karagwa",
        "place": "village",
        "source": "WRI_2005"
      },
      "geometry": {
        "type": "Point",
        "coordinates": [
          13.8633752,
          2.9483131
        ]
      },
      "id": "node/2461916000"
    },
    {
      "type": "Feature",
      "properties": {
        "@id": "node/2461916001",
        "name": "Kassarafam",
        "place": "village",
        "source": "WRI_2005"
      },
      "geometry": {
        "type": "Point",
        "coordinates": [
          13.5540881,
          3.4047509
        ]
      },
      "id": "node/2461916001"
    },
    {
      "type": "Feature",
      "properties": {
        "@id": "node/2461916002",
        "name": "Kek",
        "place": "village",
        "source": "WRI_2005"
      },
      "geometry": {
        "type": "Point",
        "coordinates": [
          13.0768957,
          4.0914039
        ]
      },
      "id": "node/2461916002"
    },
    {
      "type": "Feature",
      "properties": {
        "@id": "node/2461916003",
        "name": "Kelemba",
        "place": "village",
        "source": "WRI_2005"
      },
      "geometry": {
        "type": "Point",
        "coordinates": [
          15.1326727,
          3.7598541
        ]
      },
      "id": "node/2461916003"
    },
    {
      "type": "Feature",
      "properties": {
        "@id": "node/2461916004",
        "name": "Kempong",
        "place": "village",
        "source": "WRI_2005"
      },
      "geometry": {
        "type": "Point",
        "coordinates": [
          13.5146122,
          4.2566298
        ]
      },
      "id": "node/2461916004"
    },
    {
      "type": "Feature",
      "properties": {
        "@id": "node/2461916005",
        "name": "Ko",
        "place": "village",
        "source": "WRI_2005"
      },
      "geometry": {
        "type": "Point",
        "coordinates": [
          13.7913791,
          3.1416782
        ]
      },
      "id": "node/2461916005"
    },
    {
      "type": "Feature",
      "properties": {
        "@id": "node/2461916008",
        "name": "Kobila",
        "place": "village",
        "source": "WRI_2005"
      },
      "geometry": {
        "type": "Point",
        "coordinates": [
          13.4707197,
          4.2436348
        ]
      },
      "id": "node/2461916008"
    },
    {
      "type": "Feature",
      "properties": {
        "@id": "node/2461916009",
        "name": "Kodja",
        "place": "village",
        "source": "WRI_2005"
      },
      "geometry": {
        "type": "Point",
        "coordinates": [
          12.8013006,
          3.5104556
        ]
      },
      "id": "node/2461916009"
    },
    {
      "type": "Feature",
      "properties": {
        "@id": "node/2461916010",
        "name": "Kodjans",
        "place": "village",
        "source": "WRI_2005"
      },
      "geometry": {
        "type": "Point",
        "coordinates": [
          12.8560602,
          3.9023699
        ]
      },
      "id": "node/2461916010"
    },
    {
      "type": "Feature",
      "properties": {
        "@id": "node/2461916011",
        "name": "Kofadjan",
        "place": "village",
        "source": "WRI_2005"
      },
      "geometry": {
        "type": "Point",
        "coordinates": [
          12.6471151,
          3.5226163
        ]
      },
      "id": "node/2461916011"
    },
    {
      "type": "Feature",
      "properties": {
        "@id": "node/2461916012",
        "name": "Kolembong",
        "place": "village",
        "source": "WRI_2005"
      },
      "geometry": {
        "type": "Point",
        "coordinates": [
          14.2383675,
          3.9322542
        ]
      },
      "id": "node/2461916012"
    },
    {
      "type": "Feature",
      "properties": {
        "@id": "node/2461916013",
        "name": "Kolkélé",
        "place": "village",
        "source": "WRI_2005"
      },
      "geometry": {
        "type": "Point",
        "coordinates": [
          14.2724141,
          4.4098063
        ]
      },
      "id": "node/2461916013"
    },
    {
      "type": "Feature",
      "properties": {
        "@id": "node/2461916014",
        "name": "Komba I",
        "place": "village",
        "source": "WRI_2005"
      },
      "geometry": {
        "type": "Point",
        "coordinates": [
          12.699647,
          3.4111912
        ]
      },
      "id": "node/2461916014"
    },
    {
      "type": "Feature",
      "properties": {
        "@id": "node/2461916016",
        "name": "Kombo Amoukou",
        "place": "village",
        "source": "WRI_2005"
      },
      "geometry": {
        "type": "Point",
        "coordinates": [
          14.390355,
          4.350549
        ]
      },
      "id": "node/2461916016"
    },
    {
      "type": "Feature",
      "properties": {
        "@id": "node/2461916018",
        "alt_name": "kombo",
        "name": "Komkombo",
        "place": "village",
        "source": "WRI_2005"
      },
      "geometry": {
        "type": "Point",
        "coordinates": [
          14.8329005,
          4.3307326
        ]
      },
      "id": "node/2461916018"
    },
    {
      "type": "Feature",
      "properties": {
        "@id": "node/2461916019",
        "name": "Kompia",
        "place": "village",
        "source": "WRI_2005"
      },
      "geometry": {
        "type": "Point",
        "coordinates": [
          12.8460868,
          3.5421763
        ]
      },
      "id": "node/2461916019"
    },
    {
      "type": "Feature",
      "properties": {
        "@id": "node/2461916020",
        "name": "Konaké",
        "place": "village",
        "source": "WRI_2005"
      },
      "geometry": {
        "type": "Point",
        "coordinates": [
          12.8941786,
          4.0406715
        ]
      },
      "id": "node/2461916020"
    },
    {
      "type": "Feature",
      "properties": {
        "@id": "node/2461916021",
        "name": "Kondong I",
        "place": "village",
        "source": "WRI_2005"
      },
      "geometry": {
        "type": "Point",
        "coordinates": [
          13.9313679,
          2.8454342
        ]
      },
      "id": "node/2461916021"
    },
    {
      "type": "Feature",
      "properties": {
        "@id": "node/2461916022",
        "name": "Konga II",
        "place": "village",
        "source": "WRI_2005"
      },
      "geometry": {
        "type": "Point",
        "coordinates": [
          14.7956812,
          4.3457941
        ]
      },
      "id": "node/2461916022"
    },
    {
      "type": "Feature",
      "properties": {
        "@id": "node/2461916023",
        "name": "Congo I",
        "place": "village"
      },
      "geometry": {
        "type": "Point",
        "coordinates": [
          15.0530145,
          3.1517559
        ]
      },
      "id": "node/2461916023"
    },
    {
      "type": "Feature",
      "properties": {
        "@id": "node/2461916024",
        "name": "Kongo",
        "place": "village",
        "source": "WRI_2005"
      },
      "geometry": {
        "type": "Point",
        "coordinates": [
          15.107877,
          3.6798171
        ]
      },
      "id": "node/2461916024"
    },
    {
      "type": "Feature",
      "properties": {
        "@id": "node/2461916025",
        "name": "Kongsimbang",
        "place": "village",
        "source": "WRI_2005"
      },
      "geometry": {
        "type": "Point",
        "coordinates": [
          13.1463405,
          4.3144638
        ]
      },
      "id": "node/2461916025"
    },
    {
      "type": "Feature",
      "properties": {
        "@id": "node/2461916026",
        "name": "Konpatwa",
        "place": "village",
        "source": "WRI_2005"
      },
      "geometry": {
        "type": "Point",
        "coordinates": [
          13.5095,
          4.3169366
        ]
      },
      "id": "node/2461916026"
    },
    {
      "type": "Feature",
      "properties": {
        "@id": "node/2461916027",
        "name": "Kosmadji I",
        "place": "village",
        "source": "WRI_2005"
      },
      "geometry": {
        "type": "Point",
        "coordinates": [
          13.0642959,
          4.4951398
        ]
      },
      "id": "node/2461916027"
    },
    {
      "type": "Feature",
      "properties": {
        "@id": "node/2461916028",
        "name": "Kosmadji II",
        "place": "village",
        "source": "WRI_2005"
      },
      "geometry": {
        "type": "Point",
        "coordinates": [
          13.0465822,
          4.4685468
        ]
      },
      "id": "node/2461916028"
    },
    {
      "type": "Feature",
      "properties": {
        "@id": "node/2461916029",
        "name": "Kouambang III",
        "place": "village",
        "source": "WRI_2005"
      },
      "geometry": {
        "type": "Point",
        "coordinates": [
          12.9489191,
          4.4082907
        ]
      },
      "id": "node/2461916029"
    },
    {
      "type": "Feature",
      "properties": {
        "@id": "node/2461916030",
        "name": "Koum",
        "place": "village",
        "source": "WRI_2005"
      },
      "geometry": {
        "type": "Point",
        "coordinates": [
          12.7521657,
          3.7033838
        ]
      },
      "id": "node/2461916030"
    },
    {
      "type": "Feature",
      "properties": {
        "@id": "node/2461916031",
        "name": "Koumbang II",
        "place": "village",
        "source": "WRI_2005"
      },
      "geometry": {
        "type": "Point",
        "coordinates": [
          12.9096012,
          4.4312853
        ]
      },
      "id": "node/2461916031"
    },
    {
      "type": "Feature",
      "properties": {
        "@id": "node/2461916032",
        "name": "Koumbangbang",
        "place": "village",
        "source": "WRI_2005"
      },
      "geometry": {
        "type": "Point",
        "coordinates": [
          13.0151481,
          4.3962285
        ]
      },
      "id": "node/2461916032"
    },
    {
      "type": "Feature",
      "properties": {
        "@id": "node/2461916033",
        "name": "Koumbou",
        "place": "village",
        "source": "WRI_2005"
      },
      "geometry": {
        "type": "Point",
        "coordinates": [
          12.8822092,
          4.2843374
        ]
      },
      "id": "node/2461916033"
    },
    {
      "type": "Feature",
      "properties": {
        "@id": "node/2461916034",
        "name": "Koumbé Tiko",
        "place": "village",
        "source": "WRI_2005"
      },
      "geometry": {
        "type": "Point",
        "coordinates": [
          14.5837612,
          4.6744031
        ]
      },
      "id": "node/2461916034"
    },
    {
      "type": "Feature",
      "properties": {
        "@id": "node/2461916036",
        "name": "Koungoulou",
        "place": "village",
        "source": "WRI_2005"
      },
      "geometry": {
        "type": "Point",
        "coordinates": [
          13.815842,
          3.0333842
        ]
      },
      "id": "node/2461916036"
    },
    {
      "type": "Feature",
      "properties": {
        "@id": "node/2461916037",
        "name": "Koungoulou",
        "place": "village",
        "source": "WRI_2005"
      },
      "geometry": {
        "type": "Point",
        "coordinates": [
          13.0237854,
          3.3328521
        ]
      },
      "id": "node/2461916037"
    },
    {
      "type": "Feature",
      "properties": {
        "@id": "node/2461916039",
        "name": "Kouédjina",
        "place": "village",
        "source": "WRI_2005"
      },
      "geometry": {
        "type": "Point",
        "coordinates": [
          13.7516759,
          3.9089305
        ]
      },
      "id": "node/2461916039"
    },
    {
      "type": "Feature",
      "properties": {
        "@id": "node/2461916042",
        "alt_name": "Koya I",
        "name": "Koya",
        "place": "village",
        "source": "WRI_2005"
      },
      "geometry": {
        "type": "Point",
        "coordinates": [
          14.5253987,
          4.5999892
        ]
      },
      "id": "node/2461916042"
    },
    {
      "type": "Feature",
      "properties": {
        "@id": "node/2461916046",
        "name": "Kpangalakonga",
        "place": "village",
        "source": "WRI_2005"
      },
      "geometry": {
        "type": "Point",
        "coordinates": [
          15.0853419,
          4.0667129
        ]
      },
      "id": "node/2461916046"
    },
    {
      "type": "Feature",
      "properties": {
        "@id": "node/2461916047",
        "name": "Kpokilita",
        "place": "village",
        "source": "WRI_2005"
      },
      "geometry": {
        "type": "Point",
        "coordinates": [
          15.1137028,
          3.9297981
        ]
      },
      "id": "node/2461916047"
    },
    {
      "type": "Feature",
      "properties": {
        "@id": "node/2461916048",
        "name": "Kwa",
        "place": "village",
        "source": "WRI_2005"
      },
      "geometry": {
        "type": "Point",
        "coordinates": [
          12.7058731,
          3.6287254
        ]
      },
      "id": "node/2461916048"
    },
    {
      "type": "Feature",
      "properties": {
        "@id": "node/2461916049",
        "name": "Kwalmbo",
        "place": "village",
        "source": "WRI_2005"
      },
      "geometry": {
        "type": "Point",
        "coordinates": [
          13.6453848,
          3.0692295
        ]
      },
      "id": "node/2461916049"
    },
    {
      "type": "Feature",
      "properties": {
        "@id": "node/2461916050",
        "name": "Kwamb",
        "place": "village",
        "source": "WRI_2005"
      },
      "geometry": {
        "type": "Point",
        "coordinates": [
          13.224559,
          3.8467275
        ]
      },
      "id": "node/2461916050"
    },
    {
      "type": "Feature",
      "properties": {
        "@id": "node/2461916051",
        "name": "Kwèn",
        "place": "village",
        "source": "WRI_2005"
      },
      "geometry": {
        "type": "Point",
        "coordinates": [
          13.5065938,
          4.3064182
        ]
      },
      "id": "node/2461916051"
    },
    {
      "type": "Feature",
      "properties": {
        "@id": "node/2461916053",
        "name": "Laba",
        "place": "village",
        "source": "WRI_2005"
      },
      "geometry": {
        "type": "Point",
        "coordinates": [
          12.7945297,
          3.7247251
        ]
      },
      "id": "node/2461916053"
    },
    {
      "type": "Feature",
      "properties": {
        "@id": "node/2461916054",
        "name": "Lamba",
        "place": "village",
        "source": "WRI_2005"
      },
      "geometry": {
        "type": "Point",
        "coordinates": [
          12.9449836,
          4.2570815
        ]
      },
      "id": "node/2461916054"
    },
    {
      "type": "Feature",
      "properties": {
        "@id": "node/2461916055",
        "name": "Lambo",
        "place": "village",
        "source": "WRI_2005"
      },
      "geometry": {
        "type": "Point",
        "coordinates": [
          15.1018644,
          3.8793865
        ]
      },
      "id": "node/2461916055"
    },
    {
      "type": "Feature",
      "properties": {
        "@id": "node/2461916056",
        "name": "Lamsom",
        "place": "village",
        "source": "WRI_2005"
      },
      "geometry": {
        "type": "Point",
        "coordinates": [
          14.0261892,
          2.6510027
        ]
      },
      "id": "node/2461916056"
    },
    {
      "type": "Feature",
      "properties": {
        "@id": "node/2461916057",
        "name": "Lamédoum",
        "place": "village",
        "source": "WRI_2005"
      },
      "geometry": {
        "type": "Point",
        "coordinates": [
          15.3645515,
          2.39058
        ]
      },
      "id": "node/2461916057"
    },
    {
      "type": "Feature",
      "properties": {
        "@id": "node/2461916058",
        "name": "Landa",
        "place": "village",
        "source": "WRI_2005"
      },
      "geometry": {
        "type": "Point",
        "coordinates": [
          12.6327525,
          3.9121049
        ]
      },
      "id": "node/2461916058"
    },
    {
      "type": "Feature",
      "properties": {
        "@id": "node/2461916059",
        "name": "Landjwé",
        "place": "village",
        "source": "WRI_2005"
      },
      "geometry": {
        "type": "Point",
        "coordinates": [
          14.9019521,
          3.5034296
        ]
      },
      "id": "node/2461916059"
    },
    {
      "type": "Feature",
      "properties": {
        "@id": "node/2461916060",
        "name": "Lavi",
        "place": "village",
        "source": "WRI_2005"
      },
      "geometry": {
        "type": "Point",
        "coordinates": [
          15.3893364,
          2.5659608
        ]
      },
      "id": "node/2461916060"
    },
    {
      "type": "Feature",
      "properties": {
        "@id": "node/2461916061",
        "name": "Lekek",
        "place": "village",
        "source": "WRI_2005"
      },
      "geometry": {
        "type": "Point",
        "coordinates": [
          12.6605161,
          3.7204043
        ]
      },
      "id": "node/2461916061"
    },
    {
      "type": "Feature",
      "properties": {
        "@id": "node/2461916062",
        "name": "Lelen",
        "place": "village",
        "source": "WRI_2005"
      },
      "geometry": {
        "type": "Point",
        "coordinates": [
          14.0144608,
          2.6685531
        ]
      },
      "id": "node/2461916062"
    },
    {
      "type": "Feature",
      "properties": {
        "@id": "node/2461916065",
        "name": "Libongo",
        "place": "village",
        "source": "WRI_2005"
      },
      "geometry": {
        "type": "Point",
        "coordinates": [
          16.066572,
          2.6220912
        ]
      },
      "id": "node/2461916065"
    },
    {
      "type": "Feature",
      "properties": {
        "@id": "node/2461916066",
        "name": "Limwe",
        "place": "village",
        "source": "WRI_2005"
      },
      "geometry": {
        "type": "Point",
        "coordinates": [
          15.1383676,
          3.4897746
        ]
      },
      "id": "node/2461916066"
    },
    {
      "type": "Feature",
      "properties": {
        "@id": "node/2461916067",
        "name": "Lindi II",
        "place": "village",
        "source": "WRI_2005"
      },
      "geometry": {
        "type": "Point",
        "coordinates": [
          14.8974398,
          4.2869985
        ]
      },
      "id": "node/2461916067"
    },
    {
      "type": "Feature",
      "properties": {
        "@id": "node/2461916068",
        "name": "Lindi I",
        "place": "village",
        "source": "WRI_2005"
      },
      "geometry": {
        "type": "Point",
        "coordinates": [
          15.121566,
          4.0752436
        ]
      },
      "id": "node/2461916068"
    },
    {
      "type": "Feature",
      "properties": {
        "@id": "node/2461916069",
        "name": "Lissambo",
        "place": "village",
        "source": "WRI_2005"
      },
      "geometry": {
        "type": "Point",
        "coordinates": [
          14.8917176,
          4.2968359
        ]
      },
      "id": "node/2461916069"
    },
    {
      "type": "Feature",
      "properties": {
        "@id": "node/2461916071",
        "name": "Lokomo",
        "place": "village",
        "source": "WRI_2005"
      },
      "geometry": {
        "type": "Point",
        "coordinates": [
          15.3146028,
          2.6830734
        ]
      },
      "id": "node/2461916071"
    },
    {
      "type": "Feature",
      "properties": {
        "@id": "node/2461916072",
        "name": "Lolo",
        "place": "town",
        "source": "WRI_2005"
      },
      "geometry": {
        "type": "Point",
        "coordinates": [
          14.9039028,
          4.2807239
        ]
      },
      "id": "node/2461916072"
    },
    {
      "type": "Feature",
      "properties": {
        "@id": "node/2461916073",
        "name": "Lom",
        "place": "village",
        "source": "WRI_2005"
      },
      "geometry": {
        "type": "Point",
        "coordinates": [
          15.0811313,
          3.7809326
        ]
      },
      "id": "node/2461916073"
    },
    {
      "type": "Feature",
      "properties": {
        "@id": "node/2461916074",
        "name": "Londjap",
        "place": "village",
        "source": "WRI_2005"
      },
      "geometry": {
        "type": "Point",
        "coordinates": [
          12.6131821,
          3.5279158
        ]
      },
      "id": "node/2461916074"
    },
    {
      "type": "Feature",
      "properties": {
        "@id": "node/2461916075",
        "name": "Long",
        "place": "village",
        "source": "WRI_2005"
      },
      "geometry": {
        "type": "Point",
        "coordinates": [
          14.0441755,
          2.9491129
        ]
      },
      "id": "node/2461916075"
    },
    {
      "type": "Feature",
      "properties": {
        "@id": "node/2461916076",
        "name": "Longtimbi",
        "place": "village",
        "source": "WRI_2005"
      },
      "geometry": {
        "type": "Point",
        "coordinates": [
          13.6161669,
          4.4471469
        ]
      },
      "id": "node/2461916076"
    },
    {
      "type": "Feature",
      "properties": {
        "@id": "node/2461916077",
        "name": "Lopondji",
        "place": "village",
        "source": "WRI_2005"
      },
      "geometry": {
        "type": "Point",
        "coordinates": [
          15.4304888,
          2.4582158
        ]
      },
      "id": "node/2461916077"
    },
    {
      "type": "Feature",
      "properties": {
        "@id": "node/2461916078",
        "name": "Loulou",
        "place": "village",
        "source": "WRI_2005"
      },
      "geometry": {
        "type": "Point",
        "coordinates": [
          12.9795082,
          4.4603177
        ]
      },
      "id": "node/2461916078"
    },
    {
      "type": "Feature",
      "properties": {
        "@id": "node/2461916080",
        "name": "Loumbou",
        "place": "village",
        "source": "WRI_2005"
      },
      "geometry": {
        "type": "Point",
        "coordinates": [
          13.4906517,
          4.2507021
        ]
      },
      "id": "node/2461916080"
    },
    {
      "type": "Feature",
      "properties": {
        "@id": "node/2461916081",
        "name": "Lègwé",
        "place": "village",
        "source": "WRI_2005"
      },
      "geometry": {
        "type": "Point",
        "coordinates": [
          15.1457855,
          2.0448038
        ]
      },
      "id": "node/2461916081"
    },
    {
      "type": "Feature",
      "properties": {
        "@id": "node/2461916086",
        "name": "Lélé",
        "place": "village",
        "source": "WRI_2005"
      },
      "geometry": {
        "type": "Point",
        "coordinates": [
          15.0298053,
          4.0204537
        ]
      },
      "id": "node/2461916086"
    },
    {
      "type": "Feature",
      "properties": {
        "@id": "node/2461916088",
        "name": "Mabam",
        "place": "village",
        "source": "WRI_2005"
      },
      "geometry": {
        "type": "Point",
        "coordinates": [
          14.0271732,
          2.5968349
        ]
      },
      "id": "node/2461916088"
    },
    {
      "type": "Feature",
      "properties": {
        "@id": "node/2461916091",
        "name": "Madjui I",
        "place": "village",
        "source": "WRI_2005"
      },
      "geometry": {
        "type": "Point",
        "coordinates": [
          13.1005668,
          3.5480834
        ]
      },
      "id": "node/2461916091"
    },
    {
      "type": "Feature",
      "properties": {
        "@id": "node/2461916094",
        "name": "Madjwé",
        "place": "village",
        "source": "WRI_2005"
      },
      "geometry": {
        "type": "Point",
        "coordinates": [
          14.9617581,
          3.2828666
        ]
      },
      "id": "node/2461916094"
    },
    {
      "type": "Feature",
      "properties": {
        "@id": "node/2461916097",
        "name": "Madouma",
        "place": "village",
        "source": "WRI_2005"
      },
      "geometry": {
        "type": "Point",
        "coordinates": [
          13.2042289,
          3.96089
        ]
      },
      "id": "node/2461916097"
    },
    {
      "type": "Feature",
      "properties": {
        "@id": "node/2461916098",
        "name": "Makak",
        "place": "village",
        "source": "WRI_2005"
      },
      "geometry": {
        "type": "Point",
        "coordinates": [
          12.6537592,
          3.4328444
        ]
      },
      "id": "node/2461916098"
    },
    {
      "type": "Feature",
      "properties": {
        "@id": "node/2461916100",
        "name": "Makak",
        "place": "village",
        "source": "WRI_2005"
      },
      "geometry": {
        "type": "Point",
        "coordinates": [
          13.0440573,
          3.841269
        ]
      },
      "id": "node/2461916100"
    },
    {
      "type": "Feature",
      "properties": {
        "@id": "node/2461916104",
        "name": "Makogou",
        "place": "village",
        "source": "WRI_2005"
      },
      "geometry": {
        "type": "Point",
        "coordinates": [
          12.8544955,
          3.8936706
        ]
      },
      "id": "node/2461916104"
    },
    {
      "type": "Feature",
      "properties": {
        "@id": "node/2461916106",
        "name": "Makoka I",
        "place": "village",
        "source": "WRI_2005"
      },
      "geometry": {
        "type": "Point",
        "coordinates": [
          15.2478757,
          2.0581562
        ]
      },
      "id": "node/2461916106"
    },
    {
      "type": "Feature",
      "properties": {
        "@id": "node/2461916107",
        "name": "Makoka II",
        "place": "village",
        "source": "WRI_2005"
      },
      "geometry": {
        "type": "Point",
        "coordinates": [
          15.2596454,
          2.0653432
        ]
      },
      "id": "node/2461916107"
    },
    {
      "type": "Feature",
      "properties": {
        "@id": "node/2461916109",
        "name": "Mala",
        "place": "village",
        "source": "WRI_2005"
      },
      "geometry": {
        "type": "Point",
        "coordinates": [
          13.4575835,
          4.224923
        ]
      },
      "id": "node/2461916109"
    },
    {
      "type": "Feature",
      "properties": {
        "@id": "node/2461916110",
        "name": "Male'e",
        "place": "village",
        "source": "WRI_2005"
      },
      "geometry": {
        "type": "Point",
        "coordinates": [
          12.972217,
          3.3398068
        ]
      },
      "id": "node/2461916110"
    },
    {
      "type": "Feature",
      "properties": {
        "@id": "node/2461916111",
        "name": "Male'ele",
        "place": "village",
        "source": "WRI_2005"
      },
      "geometry": {
        "type": "Point",
        "coordinates": [
          12.9559997,
          3.5986589
        ]
      },
      "id": "node/2461916111"
    },
    {
      "type": "Feature",
      "properties": {
        "@id": "node/2461916112",
        "name": "Male'ele",
        "place": "village",
        "source": "WRI_2005"
      },
      "geometry": {
        "type": "Point",
        "coordinates": [
          12.7762824,
          3.6452108
        ]
      },
      "id": "node/2461916112"
    },
    {
      "type": "Feature",
      "properties": {
        "@id": "node/2461916113",
        "name": "Malembé",
        "place": "village",
        "source": "WRI_2005"
      },
      "geometry": {
        "type": "Point",
        "coordinates": [
          15.3509812,
          2.1681506
        ]
      },
      "id": "node/2461916113"
    },
    {
      "type": "Feature",
      "properties": {
        "@id": "node/2461916114",
        "name": "Malen I",
        "place": "village",
        "source": "WRI_2005"
      },
      "geometry": {
        "type": "Point",
        "coordinates": [
          12.8826044,
          3.3444028
        ]
      },
      "id": "node/2461916114"
    },
    {
      "type": "Feature",
      "properties": {
        "@id": "node/2461916115",
        "name": "Malen III",
        "place": "village",
        "source": "WRI_2005"
      },
      "geometry": {
        "type": "Point",
        "coordinates": [
          12.8161187,
          3.5727643
        ]
      },
      "id": "node/2461916115"
    },
    {
      "type": "Feature",
      "properties": {
        "@id": "node/2461916116",
        "name": "Malen IV",
        "place": "village",
        "source": "WRI_2005"
      },
      "geometry": {
        "type": "Point",
        "coordinates": [
          12.7694173,
          3.4104209
        ]
      },
      "id": "node/2461916116"
    },
    {
      "type": "Feature",
      "properties": {
        "@id": "node/2461916117",
        "name": "Malene",
        "place": "village",
        "source": "WRI_2005"
      },
      "geometry": {
        "type": "Point",
        "coordinates": [
          13.3688197,
          3.6854657
        ]
      },
      "id": "node/2461916117"
    },
    {
      "type": "Feature",
      "properties": {
        "@id": "node/2461916118",
        "name": "Maléa ancien",
        "place": "village",
        "source": "WRI_2005"
      },
      "geometry": {
        "type": "Point",
        "coordinates": [
          14.6056192,
          2.8166286
        ]
      },
      "id": "node/2461916118"
    },
    {
      "type": "Feature",
      "properties": {
        "@id": "node/2461916119",
        "name": "Maléa nouveau",
        "place": "village",
        "source": "WRI_2005"
      },
      "geometry": {
        "type": "Point",
        "coordinates": [
          14.9497153,
          3.2624771
        ]
      },
      "id": "node/2461916119"
    },
    {
      "type": "Feature",
      "properties": {
        "@id": "node/2461916120",
        "name": "Malén II",
        "place": "village",
        "source": "WRI_2005"
      },
      "geometry": {
        "type": "Point",
        "coordinates": [
          13.0510016,
          3.5729757
        ]
      },
      "id": "node/2461916120"
    },
    {
      "type": "Feature",
      "properties": {
        "@id": "node/2461916121",
        "name": "Mama I",
        "place": "village",
        "source": "WRI_2005"
      },
      "geometry": {
        "type": "Point",
        "coordinates": [
          14.5696446,
          4.6369701
        ]
      },
      "id": "node/2461916121"
    },
    {
      "type": "Feature",
      "properties": {
        "@id": "node/2461916122",
        "name": "Mama II",
        "place": "village",
        "source": "WRI_2005"
      },
      "geometry": {
        "type": "Point",
        "coordinates": [
          14.5767012,
          4.6512054
        ]
      },
      "id": "node/2461916122"
    },
    {
      "type": "Feature",
      "properties": {
        "@id": "node/2461916123",
        "name": "Mambélé carrefour",
        "place": "village",
        "source": "WRI_2005"
      },
      "geometry": {
        "type": "Point",
        "coordinates": [
          15.4240404,
          2.4395267
        ]
      },
      "id": "node/2461916123"
    },
    {
      "type": "Feature",
      "properties": {
        "@id": "node/2461916125",
        "name": "Mampang",
        "place": "village",
        "source": "WRI_2005"
      },
      "geometry": {
        "type": "Point",
        "coordinates": [
          13.1789229,
          4.0076607
        ]
      },
      "id": "node/2461916125"
    },
    {
      "type": "Feature",
      "properties": {
        "@id": "node/2461916126",
        "name": "Mampele",
        "place": "village",
        "source": "WRI_2005"
      },
      "geometry": {
        "type": "Point",
        "coordinates": [
          15.1319351,
          3.6912495
        ]
      },
      "id": "node/2461916126"
    },
    {
      "type": "Feature",
      "properties": {
        "@id": "node/2461916127",
        "name": "Manam",
        "place": "village",
        "source": "WRI_2005"
      },
      "geometry": {
        "type": "Point",
        "coordinates": [
          14.0170925,
          2.9234587
        ]
      },
      "id": "node/2461916127"
    },
    {
      "type": "Feature",
      "properties": {
        "@id": "node/2461916128",
        "name": "Mang",
        "place": "village",
        "source": "WRI_2005"
      },
      "geometry": {
        "type": "Point",
        "coordinates": [
          14.0845536,
          3.3197092
        ]
      },
      "id": "node/2461916128"
    },
    {
      "type": "Feature",
      "properties": {
        "@id": "node/2461916129",
        "name": "Mang",
        "place": "village",
        "source": "WRI_2005"
      },
      "geometry": {
        "type": "Point",
        "coordinates": [
          15.3926737,
          3.4725951
        ]
      },
      "id": "node/2461916129"
    },
    {
      "type": "Feature",
      "properties": {
        "@id": "node/2461916130",
        "name": "Mang",
        "place": "village",
        "source": "WRI_2005"
      },
      "geometry": {
        "type": "Point",
        "coordinates": [
          12.6623493,
          3.6097415
        ]
      },
      "id": "node/2461916130"
    },
    {
      "type": "Feature",
      "properties": {
        "@id": "node/2461916131",
        "name": "Mang",
        "place": "village",
        "source": "WRI_2005"
      },
      "geometry": {
        "type": "Point",
        "coordinates": [
          15.1337415,
          3.7265069
        ]
      },
      "id": "node/2461916131"
    },
    {
      "type": "Feature",
      "properties": {
        "@id": "node/2461916132",
        "name": "Mbangoy",
        "place": "village"
      },
      "geometry": {
        "type": "Point",
        "coordinates": [
          15.3078889,
          2.0988089
        ]
      },
      "id": "node/2461916132"
    },
    {
      "type": "Feature",
      "properties": {
        "@id": "node/2461916134",
        "name": "Mankou",
        "place": "village",
        "source": "WRI_2005"
      },
      "geometry": {
        "type": "Point",
        "coordinates": [
          13.9705889,
          2.7324301
        ]
      },
      "id": "node/2461916134"
    },
    {
      "type": "Feature",
      "properties": {
        "@id": "node/2461916136",
        "name": "Masiang",
        "place": "village",
        "source": "WRI_2005"
      },
      "geometry": {
        "type": "Point",
        "coordinates": [
          14.8292128,
          3.4779951
        ]
      },
      "id": "node/2461916136"
    },
    {
      "type": "Feature",
      "properties": {
        "@id": "node/2461916137",
        "name": "Masins",
        "place": "village",
        "source": "WRI_2005"
      },
      "geometry": {
        "type": "Point",
        "coordinates": [
          13.9744923,
          2.9183446
        ]
      },
      "id": "node/2461916137"
    },
    {
      "type": "Feature",
      "properties": {
        "@id": "node/2461916138",
        "name": "Massiang",
        "place": "village",
        "source": "WRI_2005"
      },
      "geometry": {
        "type": "Point",
        "coordinates": [
          15.0479481,
          3.4899521
        ]
      },
      "id": "node/2461916138"
    },
    {
      "type": "Feature",
      "properties": {
        "@id": "node/2461916139",
        "name": "Massiembo",
        "place": "village",
        "source": "WRI_2005"
      },
      "geometry": {
        "type": "Point",
        "coordinates": [
          15.4178588,
          3.4677918
        ]
      },
      "id": "node/2461916139"
    },
    {
      "type": "Feature",
      "properties": {
        "@id": "node/2461916140",
        "name": "Massé",
        "place": "village",
        "source": "WRI_2005"
      },
      "geometry": {
        "type": "Point",
        "coordinates": [
          13.0607251,
          3.8515904
        ]
      },
      "id": "node/2461916140"
    },
    {
      "type": "Feature",
      "properties": {
        "@id": "node/2461916141",
        "name": "Maséa",
        "place": "village",
        "source": "WRI_2005"
      },
      "geometry": {
        "type": "Point",
        "coordinates": [
          14.855737,
          3.1678057
        ]
      },
      "id": "node/2461916141"
    },
    {
      "type": "Feature",
      "properties": {
        "@id": "node/2461916142",
        "name": "Matol",
        "place": "village",
        "source": "WRI_2005"
      },
      "geometry": {
        "type": "Point",
        "coordinates": [
          12.6946631,
          3.626007
        ]
      },
      "id": "node/2461916142"
    },
    {
      "type": "Feature",
      "properties": {
        "@id": "node/2461916143",
        "FIXME": "is Mawa here? or is Mawa the little settlement in the east?",
        "name": "Mawa",
        "place": "village",
        "source": "WRI_2005"
      },
      "geometry": {
        "type": "Point",
        "coordinates": [
          16.0817928,
          1.705433
        ]
      },
      "id": "node/2461916143"
    },
    {
      "type": "Feature",
      "properties": {
        "@id": "node/2461916144",
        "name": "Mawa",
        "place": "village",
        "source": "WRI_2005"
      },
      "geometry": {
        "type": "Point",
        "coordinates": [
          15.2540507,
          2.7701332
        ]
      },
      "id": "node/2461916144"
    },
    {
      "type": "Feature",
      "properties": {
        "@id": "node/2461916145",
        "name": "Mayang",
        "place": "village",
        "source": "WRI_2005"
      },
      "geometry": {
        "type": "Point",
        "coordinates": [
          13.9365071,
          3.1001033
        ]
      },
      "id": "node/2461916145"
    },
    {
      "type": "Feature",
      "properties": {
        "@id": "node/2461916146",
        "name": "Mayang",
        "place": "village",
        "source": "WRI_2005"
      },
      "geometry": {
        "type": "Point",
        "coordinates": [
          13.3888264,
          3.591663
        ]
      },
      "id": "node/2461916146"
    },
    {
      "type": "Feature",
      "properties": {
        "@id": "node/2461916147",
        "name": "Mayos",
        "place": "village",
        "source": "WRI_2005"
      },
      "geometry": {
        "type": "Point",
        "coordinates": [
          12.8166721,
          3.7609637
        ]
      },
      "id": "node/2461916147"
    },
    {
      "type": "Feature",
      "properties": {
        "@id": "node/2461916148",
        "name": "Mayos",
        "place": "village",
        "source": "WRI_2005"
      },
      "geometry": {
        "type": "Point",
        "coordinates": [
          12.6821928,
          3.9385283
        ]
      },
      "id": "node/2461916148"
    },
    {
      "type": "Feature",
      "properties": {
        "@id": "node/2461916149",
        "name": "Mayos",
        "place": "village",
        "source": "WRI_2005"
      },
      "geometry": {
        "type": "Point",
        "coordinates": [
          12.796163,
          4.0919849
        ]
      },
      "id": "node/2461916149"
    },
    {
      "type": "Feature",
      "properties": {
        "@id": "node/2461916150",
        "name": "Mazebe",
        "place": "village",
        "source": "WRI_2005"
      },
      "geometry": {
        "type": "Point",
        "coordinates": [
          13.0529077,
          4.0154045
        ]
      },
      "id": "node/2461916150"
    },
    {
      "type": "Feature",
      "properties": {
        "@id": "node/2461916151",
        "name": "Mbaba",
        "place": "village",
        "source": "WRI_2005"
      },
      "geometry": {
        "type": "Point",
        "coordinates": [
          12.9134628,
          4.4174417
        ]
      },
      "id": "node/2461916151"
    },
    {
      "type": "Feature",
      "properties": {
        "@id": "node/2461916152",
        "name": "Mbaguempel",
        "place": "village",
        "source": "WRI_2005"
      },
      "geometry": {
        "type": "Point",
        "coordinates": [
          13.2666289,
          4.3254056
        ]
      },
      "id": "node/2461916152"
    },
    {
      "type": "Feature",
      "properties": {
        "@id": "node/2461916158",
        "name": "Mbalam",
        "place": "village",
        "source": "WRI_2005"
      },
      "geometry": {
        "type": "Point",
        "coordinates": [
          13.9655596,
          2.7543116
        ]
      },
      "id": "node/2461916158"
    },
    {
      "type": "Feature",
      "properties": {
        "@id": "node/2461916161",
        "name": "Mbalam",
        "place": "village",
        "source": "WRI_2005"
      },
      "geometry": {
        "type": "Point",
        "coordinates": [
          13.9498942,
          2.7874806
        ]
      },
      "id": "node/2461916161"
    },
    {
      "type": "Feature",
      "properties": {
        "@id": "node/2461916163",
        "name": "Mbalengué",
        "place": "village",
        "source": "WRI_2005"
      },
      "geometry": {
        "type": "Point",
        "coordinates": [
          13.3001598,
          4.3270498
        ]
      },
      "id": "node/2461916163"
    },
    {
      "type": "Feature",
      "properties": {
        "@id": "node/2461916166",
        "name": "Mbama I",
        "place": "village",
        "source": "WRI_2005"
      },
      "geometry": {
        "type": "Point",
        "coordinates": [
          13.0595485,
          4.2782331
        ]
      },
      "id": "node/2461916166"
    },
    {
      "type": "Feature",
      "properties": {
        "@id": "node/2461916169",
        "name": "Mbama II",
        "place": "village",
        "source": "WRI_2005"
      },
      "geometry": {
        "type": "Point",
        "coordinates": [
          13.0635339,
          4.3055435
        ]
      },
      "id": "node/2461916169"
    },
    {
      "type": "Feature",
      "properties": {
        "@id": "node/2461916175",
        "name": "Mbama",
        "place": "village",
        "source": "WRI_2005"
      },
      "geometry": {
        "type": "Point",
        "coordinates": [
          14.3569744,
          4.2096172
        ]
      },
      "id": "node/2461916175"
    },
    {
      "type": "Feature",
      "properties": {
        "@id": "node/2461916179",
        "name": "Mbama",
        "place": "village",
        "source": "WRI_2005"
      },
      "geometry": {
        "type": "Point",
        "coordinates": [
          13.4342608,
          4.2422678
        ]
      },
      "id": "node/2461916179"
    },
    {
      "type": "Feature",
      "properties": {
        "@id": "node/2461916182",
        "name": "Mbamé",
        "place": "village",
        "source": "WRI_2005"
      },
      "geometry": {
        "type": "Point",
        "coordinates": [
          12.9645841,
          4.181763
        ]
      },
      "id": "node/2461916182"
    },
    {
      "type": "Feature",
      "properties": {
        "@id": "node/2461916184",
        "name": "Mbandjani",
        "place": "village",
        "source": "WRI_2005"
      },
      "geometry": {
        "type": "Point",
        "coordinates": [
          15.3638176,
          2.3771761
        ]
      },
      "id": "node/2461916184"
    },
    {
      "type": "Feature",
      "properties": {
        "@id": "node/2461916187",
        "name": "Mbanhankou",
        "place": "village",
        "source": "WRI_2005"
      },
      "geometry": {
        "type": "Point",
        "coordinates": [
          13.0369135,
          4.3597348
        ]
      },
      "id": "node/2461916187"
    },
    {
      "type": "Feature",
      "properties": {
        "@id": "node/2461916188",
        "name": "Mbatika",
        "place": "village",
        "source": "WRI_2005"
      },
      "geometry": {
        "type": "Point",
        "coordinates": [
          15.3490883,
          2.1567126
        ]
      },
      "id": "node/2461916188"
    },
    {
      "type": "Feature",
      "properties": {
        "@id": "node/2461916189",
        "name": "Mbegue",
        "place": "village",
        "source": "WRI_2005"
      },
      "geometry": {
        "type": "Point",
        "coordinates": [
          13.0697607,
          4.5099094
        ]
      },
      "id": "node/2461916189"
    },
    {
      "type": "Feature",
      "properties": {
        "@id": "node/2461916190",
        "name": "Mbengbeng",
        "place": "village",
        "source": "WRI_2005"
      },
      "geometry": {
        "type": "Point",
        "coordinates": [
          14.0808346,
          3.0783371
        ]
      },
      "id": "node/2461916190"
    },
    {
      "type": "Feature",
      "properties": {
        "@id": "node/2461916191",
        "name": "Mbiali",
        "place": "village",
        "source": "WRI_2005"
      },
      "geometry": {
        "type": "Point",
        "coordinates": [
          15.0652778,
          3.6067223
        ]
      },
      "id": "node/2461916191"
    },
    {
      "type": "Feature",
      "properties": {
        "@id": "node/2461916192",
        "name": "Mbilé",
        "place": "town",
        "source": "WRI_2005, Bing"
      },
      "geometry": {
        "type": "Point",
        "coordinates": [
          14.8394225,
          4.3272238
        ]
      },
      "id": "node/2461916192"
    },
    {
      "type": "Feature",
      "properties": {
        "@id": "node/2461916194",
        "name": "Mbol",
        "place": "village",
        "source": "WRI_2005"
      },
      "geometry": {
        "type": "Point",
        "coordinates": [
          14.9495255,
          3.5226479
        ]
      },
      "id": "node/2461916194"
    },
    {
      "type": "Feature",
      "properties": {
        "@id": "node/2461916196",
        "name": "Mbomba",
        "place": "village",
        "source": "WRI_2005"
      },
      "geometry": {
        "type": "Point",
        "coordinates": [
          12.8806848,
          4.0491952
        ]
      },
      "id": "node/2461916196"
    },
    {
      "type": "Feature",
      "properties": {
        "@id": "node/2461916199",
        "name": "Mbondwal",
        "place": "village",
        "source": "WRI_2005"
      },
      "geometry": {
        "type": "Point",
        "coordinates": [
          15.1046075,
          4.0734535
        ]
      },
      "id": "node/2461916199"
    },
    {
      "type": "Feature",
      "properties": {
        "@id": "node/2461916201",
        "name": "Malembe",
        "place": "village",
        "source": "WRI_2005"
      },
      "geometry": {
        "type": "Point",
        "coordinates": [
          15.3444088,
          2.1415619
        ]
      },
      "id": "node/2461916201"
    },
    {
      "type": "Feature",
      "properties": {
        "@id": "node/2461916203",
        "name": "Mboné",
        "place": "village",
        "source": "WRI_2005"
      },
      "geometry": {
        "type": "Point",
        "coordinates": [
          14.7379764,
          4.3690896
        ]
      },
      "id": "node/2461916203"
    },
    {
      "type": "Feature",
      "properties": {
        "@id": "node/2461916204",
        "alt_name": "Bosso 1",
        "name": "Mbosso",
        "note": "verifier la sucession Bosso-Gbakine",
        "place": "village",
        "source": "WRI_2005"
      },
      "geometry": {
        "type": "Point",
        "coordinates": [
          14.5161146,
          4.5693486
        ]
      },
      "id": "node/2461916204"
    },
    {
      "type": "Feature",
      "properties": {
        "@id": "node/2461916205",
        "name": "Mbotoumdou",
        "place": "village",
        "source": "WRI_2005"
      },
      "geometry": {
        "type": "Point",
        "coordinates": [
          15.0589237,
          3.9850011
        ]
      },
      "id": "node/2461916205"
    },
    {
      "type": "Feature",
      "properties": {
        "@id": "node/2461916206",
        "alt_name": "Ndéina",
        "name": "Mboua",
        "place": "village",
        "source": "WRI_2005"
      },
      "geometry": {
        "type": "Point",
        "coordinates": [
          14.3739515,
          4.2280043
        ]
      },
      "id": "node/2461916206"
    },
    {
      "type": "Feature",
      "properties": {
        "@id": "node/2461916207",
        "name": "Mboua",
        "place": "village",
        "source": "WRI_2005"
      },
      "geometry": {
        "type": "Point",
        "coordinates": [
          14.2787419,
          4.4109988
        ]
      },
      "id": "node/2461916207"
    },
    {
      "type": "Feature",
      "properties": {
        "@id": "node/2461916208",
        "name": "Mboula",
        "place": "village",
        "source": "WRI_2005"
      },
      "geometry": {
        "type": "Point",
        "coordinates": [
          13.9240816,
          2.899927
        ]
      },
      "id": "node/2461916208"
    },
    {
      "type": "Feature",
      "properties": {
        "@id": "node/2461916209",
        "name": "Mboumdel",
        "place": "village",
        "source": "WRI_2005"
      },
      "geometry": {
        "type": "Point",
        "coordinates": [
          14.2561918,
          3.9562352
        ]
      },
      "id": "node/2461916209"
    },
    {
      "type": "Feature",
      "properties": {
        "@id": "node/2461916210",
        "name": "Mboumo",
        "place": "village",
        "source": "WRI_2005"
      },
      "geometry": {
        "type": "Point",
        "coordinates": [
          12.7792696,
          3.519714
        ]
      },
      "id": "node/2461916210"
    },
    {
      "type": "Feature",
      "properties": {
        "@id": "node/2461916211",
        "alt_name": "Mbouna",
        "name": "Mbounou",
        "place": "village",
        "source": "WRI_2005",
        "source:alt_name": "CTFC Sept 08 forêt communale de Batouri"
      },
      "geometry": {
        "type": "Point",
        "coordinates": [
          14.5886742,
          4.3051906
        ]
      },
      "id": "node/2461916211"
    },
    {
      "type": "Feature",
      "properties": {
        "@id": "node/2461916212",
        "alt_name": "Mboué",
        "name": "Mbouyé",
        "place": "village",
        "source": "WRI_2005"
      },
      "geometry": {
        "type": "Point",
        "coordinates": [
          15.0478081,
          4.1540631
        ]
      },
      "id": "node/2461916212"
    },
    {
      "type": "Feature",
      "properties": {
        "@id": "node/2461916214",
        "name": "Mboy II",
        "place": "village",
        "source": "WRI_2005"
      },
      "geometry": {
        "type": "Point",
        "coordinates": [
          15.4637703,
          3.4636139
        ]
      },
      "id": "node/2461916214"
    },
    {
      "type": "Feature",
      "properties": {
        "@id": "node/2461916215",
        "name": "Mbembesso",
        "place": "village"
      },
      "geometry": {
        "type": "Point",
        "coordinates": [
          14.7346928,
          4.1944231
        ]
      },
      "id": "node/2461916215"
    },
    {
      "type": "Feature",
      "properties": {
        "@id": "node/2461916216",
        "name": "Mbéndissola",
        "place": "village",
        "source": "WRI_2005"
      },
      "geometry": {
        "type": "Point",
        "coordinates": [
          14.4059185,
          4.3329529
        ]
      },
      "id": "node/2461916216"
    },
    {
      "type": "Feature",
      "properties": {
        "@id": "node/2461916217",
        "name": "Ayoué",
        "place": "village"
      },
      "geometry": {
        "type": "Point",
        "coordinates": [
          12.7876214,
          3.6983471
        ]
      },
      "id": "node/2461916217"
    },
    {
      "type": "Feature",
      "properties": {
        "@id": "node/2461916219",
        "name": "Mebem",
        "place": "village",
        "source": "WRI_2005"
      },
      "geometry": {
        "type": "Point",
        "coordinates": [
          14.0595105,
          2.9828803
        ]
      },
      "id": "node/2461916219"
    },
    {
      "type": "Feature",
      "properties": {
        "@id": "node/2461916220",
        "name": "Medjo",
        "place": "village",
        "source": "WRI_2005"
      },
      "geometry": {
        "type": "Point",
        "coordinates": [
          13.4624092,
          3.4674251
        ]
      },
      "id": "node/2461916220"
    },
    {
      "type": "Feature",
      "properties": {
        "@id": "node/2461916221",
        "name": "Medoum",
        "place": "village",
        "source": "WRI_2005"
      },
      "geometry": {
        "type": "Point",
        "coordinates": [
          14.5190546,
          3.4091546
        ]
      },
      "id": "node/2461916221"
    },
    {
      "type": "Feature",
      "properties": {
        "@id": "node/2461916222",
        "name": "Meka",
        "place": "village",
        "source": "WRI_2005"
      },
      "geometry": {
        "type": "Point",
        "coordinates": [
          14.3692752,
          3.4192717
        ]
      },
      "id": "node/2461916222"
    },
    {
      "type": "Feature",
      "properties": {
        "@id": "node/2461916223",
        "name": "Mekak",
        "place": "village",
        "source": "WRI_2005"
      },
      "geometry": {
        "type": "Point",
        "coordinates": [
          13.8883916,
          3.1989341
        ]
      },
      "id": "node/2461916223"
    },
    {
      "type": "Feature",
      "properties": {
        "@id": "node/2461916225",
        "name": "Mekoum",
        "place": "village",
        "source": "WRI_2005"
      },
      "geometry": {
        "type": "Point",
        "coordinates": [
          13.5426151,
          2.9344327
        ]
      },
      "id": "node/2461916225"
    },
    {
      "type": "Feature",
      "properties": {
        "@id": "node/2461916226",
        "name": "Mekwa",
        "place": "village",
        "source": "WRI_2005"
      },
      "geometry": {
        "type": "Point",
        "coordinates": [
          14.0935442,
          2.9933327
        ]
      },
      "id": "node/2461916226"
    },
    {
      "type": "Feature",
      "properties": {
        "@id": "node/2461916227",
        "name": "Melen",
        "place": "village"
      },
      "geometry": {
        "type": "Point",
        "coordinates": [
          13.5947975,
          3.0317051
        ]
      },
      "id": "node/2461916227"
    },
    {
      "type": "Feature",
      "properties": {
        "@id": "node/2461916228",
        "name": "Melen",
        "place": "village",
        "source": "WRI_2005"
      },
      "geometry": {
        "type": "Point",
        "coordinates": [
          13.9583052,
          3.0900405
        ]
      },
      "id": "node/2461916228"
    },
    {
      "type": "Feature",
      "properties": {
        "@id": "node/2461916229",
        "name": "Melen",
        "place": "village",
        "source": "WRI_2005"
      },
      "geometry": {
        "type": "Point",
        "coordinates": [
          13.8024432,
          3.1651317
        ]
      },
      "id": "node/2461916229"
    },
    {
      "type": "Feature",
      "properties": {
        "@id": "node/2461916230",
        "name": "Mendim",
        "place": "village",
        "source": "WRI_2005"
      },
      "geometry": {
        "type": "Point",
        "coordinates": [
          13.3823214,
          4.207998
        ]
      },
      "id": "node/2461916230"
    },
    {
      "type": "Feature",
      "properties": {
        "@id": "node/2461916231",
        "name": "Mendjime",
        "place": "village",
        "source": "WRI_2005"
      },
      "geometry": {
        "type": "Point",
        "coordinates": [
          13.021914,
          4.3523228
        ]
      },
      "id": "node/2461916231"
    },
    {
      "type": "Feature",
      "properties": {
        "@id": "node/2461916232",
        "name": "Mendoungue",
        "place": "village",
        "source": "WRI_2005"
      },
      "geometry": {
        "type": "Point",
        "coordinates": [
          15.0482229,
          3.4775983
        ]
      },
      "id": "node/2461916232"
    },
    {
      "type": "Feature",
      "properties": {
        "@id": "node/2461916235",
        "name": "Menkouom",
        "place": "village",
        "source": "WRI_2005"
      },
      "geometry": {
        "type": "Point",
        "coordinates": [
          14.170988,
          2.2973691
        ]
      },
      "id": "node/2461916235"
    },
    {
      "type": "Feature",
      "properties": {
        "@id": "node/2461916236",
        "name": "Menyangwa",
        "place": "village",
        "source": "WRI_2005"
      },
      "geometry": {
        "type": "Point",
        "coordinates": [
          13.1916768,
          4.3319135
        ]
      },
      "id": "node/2461916236"
    },
    {
      "type": "Feature",
      "properties": {
        "@id": "node/2461916237",
        "name": "Menziong",
        "place": "village",
        "source": "WRI_2005"
      },
      "geometry": {
        "type": "Point",
        "coordinates": [
          15.209119,
          3.5043267
        ]
      },
      "id": "node/2461916237"
    },
    {
      "type": "Feature",
      "properties": {
        "@id": "node/2461916238",
        "name": "Mepouta",
        "place": "village",
        "source": "WRI_2005"
      },
      "geometry": {
        "type": "Point",
        "coordinates": [
          14.8889269,
          4.0791339
        ]
      },
      "id": "node/2461916238"
    },
    {
      "type": "Feature",
      "properties": {
        "@id": "node/2461916241",
        "name": "Messamena Village",
        "place": "village",
        "source": "WRI_2005"
      },
      "geometry": {
        "type": "Point",
        "coordinates": [
          12.8434187,
          3.7339983
        ]
      },
      "id": "node/2461916241"
    },
    {
      "type": "Feature",
      "properties": {
        "@id": "node/2461916242",
        "name": "Messangué",
        "place": "village",
        "source": "WRI_2005"
      },
      "geometry": {
        "type": "Point",
        "coordinates": [
          12.9082907,
          4.453507
        ]
      },
      "id": "node/2461916242"
    },
    {
      "type": "Feature",
      "properties": {
        "@id": "node/2461916243",
        "name": "Massea",
        "place": "village",
        "source": "WRI_2005"
      },
      "geometry": {
        "type": "Point",
        "coordinates": [
          12.7403226,
          3.5274823
        ]
      },
      "id": "node/2461916243"
    },
    {
      "type": "Feature",
      "properties": {
        "@id": "node/2461916244",
        "name": "Messé",
        "place": "village",
        "source": "WRI_2005"
      },
      "geometry": {
        "type": "Point",
        "coordinates": [
          15.073702,
          3.9574453
        ]
      },
      "id": "node/2461916244"
    },
    {
      "type": "Feature",
      "properties": {
        "@id": "node/2461916245",
        "name": "Metoung",
        "place": "village",
        "source": "WRI_2005"
      },
      "geometry": {
        "type": "Point",
        "coordinates": [
          13.0338717,
          3.8363051
        ]
      },
      "id": "node/2461916245"
    },
    {
      "type": "Feature",
      "properties": {
        "@id": "node/2461916246",
        "name": "Metzimévin",
        "place": "village",
        "source": "WRI_2005"
      },
      "geometry": {
        "type": "Point",
        "coordinates": [
          13.8854321,
          2.1987679
        ]
      },
      "id": "node/2461916246"
    },
    {
      "type": "Feature",
      "properties": {
        "@id": "node/2461916247",
        "name": "Meyes",
        "place": "village",
        "source": "WRI_2005"
      },
      "geometry": {
        "type": "Point",
        "coordinates": [
          12.6683664,
          3.7182118
        ]
      },
      "id": "node/2461916247"
    },
    {
      "type": "Feature",
      "properties": {
        "@id": "node/2461916248",
        "name": "Meyibot",
        "place": "village",
        "source": "WRI_2005"
      },
      "geometry": {
        "type": "Point",
        "coordinates": [
          13.5789189,
          3.0107112
        ]
      },
      "id": "node/2461916248"
    },
    {
      "type": "Feature",
      "properties": {
        "@id": "node/2461916251",
        "name": "Miambo",
        "place": "village",
        "source": "WRI_2005"
      },
      "geometry": {
        "type": "Point",
        "coordinates": [
          12.8962575,
          4.2503297
        ]
      },
      "id": "node/2461916251"
    },
    {
      "type": "Feature",
      "properties": {
        "@id": "node/2461916252",
        "name": "Miang II",
        "place": "village",
        "source": "WRI_2005"
      },
      "geometry": {
        "type": "Point",
        "coordinates": [
          13.2586509,
          3.9474788
        ]
      },
      "id": "node/2461916252"
    },
    {
      "type": "Feature",
      "properties": {
        "@id": "node/2461916253",
        "name": "Miang",
        "place": "village",
        "source": "WRI_2005"
      },
      "geometry": {
        "type": "Point",
        "coordinates": [
          13.117647,
          3.9538601
        ]
      },
      "id": "node/2461916253"
    },
    {
      "type": "Feature",
      "properties": {
        "@id": "node/2461916255",
        "name": "Mikel",
        "place": "village",
        "source": "WRI_2005"
      },
      "geometry": {
        "type": "Point",
        "coordinates": [
          15.2317404,
          2.8229933
        ]
      },
      "id": "node/2461916255"
    },
    {
      "type": "Feature",
      "properties": {
        "@id": "node/2461916256",
        "name": "Yenga doucement",
        "place": "village"
      },
      "geometry": {
        "type": "Point",
        "coordinates": [
          15.349464,
          2.2710921
        ]
      },
      "id": "node/2461916256"
    },
    {
      "type": "Feature",
      "properties": {
        "@id": "node/2461916257",
        "name": "Mimbang",
        "place": "village",
        "source": "WRI_2005"
      },
      "geometry": {
        "type": "Point",
        "coordinates": [
          12.8653037,
          3.8344054
        ]
      },
      "id": "node/2461916257"
    },
    {
      "type": "Feature",
      "properties": {
        "@id": "node/2461916260",
        "name": "Mimbo Mimbo",
        "place": "village",
        "source": "WRI_2005"
      },
      "geometry": {
        "type": "Point",
        "coordinates": [
          15.2157446,
          2.9622256
        ]
      },
      "id": "node/2461916260"
    },
    {
      "type": "Feature",
      "properties": {
        "@id": "node/2461916261",
        "name": "Mimbourougou",
        "place": "village",
        "source": "WRI_2005"
      },
      "geometry": {
        "type": "Point",
        "coordinates": [
          13.8356985,
          2.9915494
        ]
      },
      "id": "node/2461916261"
    },
    {
      "type": "Feature",
      "properties": {
        "@id": "node/2461916262",
        "name": "Mimpala",
        "place": "village",
        "source": "WRI_2005"
      },
      "geometry": {
        "type": "Point",
        "coordinates": [
          13.0483054,
          3.4355587
        ]
      },
      "id": "node/2461916262"
    },
    {
      "type": "Feature",
      "properties": {
        "@id": "node/2461916263",
        "name": "Mindouma",
        "place": "village",
        "source": "WRI_2005"
      },
      "geometry": {
        "type": "Point",
        "coordinates": [
          14.0628126,
          3.0849502
        ]
      },
      "id": "node/2461916263"
    },
    {
      "type": "Feature",
      "properties": {
        "@id": "node/2461916265",
        "name": "Mindourou Ancien",
        "place": "village",
        "source": "WRI_2005"
      },
      "geometry": {
        "type": "Point",
        "coordinates": [
          14.909637,
          2.0423398
        ]
      },
      "id": "node/2461916265"
    },
    {
      "type": "Feature",
      "properties": {
        "@id": "node/2461916267",
        "name": "Mindourou II",
        "place": "town",
        "source": "WRI_2005"
      },
      "geometry": {
        "type": "Point",
        "coordinates": [
          14.5733902,
          4.1194452
        ]
      },
      "id": "node/2461916267"
    },
    {
      "type": "Feature",
      "properties": {
        "@id": "node/2461916268",
        "name": "Mindro",
        "place": "village",
        "source": "WRI_2005"
      },
      "geometry": {
        "type": "Point",
        "coordinates": [
          13.9435868,
          3.2231206
        ]
      },
      "id": "node/2461916268"
    },
    {
      "type": "Feature",
      "properties": {
        "@id": "node/2461916269",
        "name": "Mingongol",
        "place": "village",
        "source": "WRI_2005"
      },
      "geometry": {
        "type": "Point",
        "coordinates": [
          14.0461219,
          3.2549138
        ]
      },
      "id": "node/2461916269"
    },
    {
      "type": "Feature",
      "properties": {
        "@id": "node/2461916272",
        "name": "Minkwague",
        "place": "village",
        "source": "WRI_2005"
      },
      "geometry": {
        "type": "Point",
        "coordinates": [
          12.8553628,
          4.0010709
        ]
      },
      "id": "node/2461916272"
    },
    {
      "type": "Feature",
      "properties": {
        "@id": "node/2461916273",
        "name": "Minlo II",
        "place": "village",
        "source": "WRI_2005"
      },
      "geometry": {
        "type": "Point",
        "coordinates": [
          12.6913284,
          3.4241411
        ]
      },
      "id": "node/2461916273"
    },
    {
      "type": "Feature",
      "properties": {
        "@id": "node/2461916274",
        "name": "Minlo",
        "place": "village",
        "source": "WRI_2005"
      },
      "geometry": {
        "type": "Point",
        "coordinates": [
          12.6184925,
          3.4389992
        ]
      },
      "id": "node/2461916274"
    },
    {
      "type": "Feature",
      "properties": {
        "@id": "node/2461916275",
        "name": "Mintak",
        "place": "village",
        "source": "WRI_2005"
      },
      "geometry": {
        "type": "Point",
        "coordinates": [
          14.961486,
          3.2892322
        ]
      },
      "id": "node/2461916275"
    },
    {
      "type": "Feature",
      "properties": {
        "@id": "node/2461916276",
        "name": "Mintom",
        "place": "village",
        "source": "WRI_2005"
      },
      "geometry": {
        "type": "Point",
        "coordinates": [
          15.0019929,
          3.4304761
        ]
      },
      "id": "node/2461916276"
    },
    {
      "type": "Feature",
      "properties": {
        "@id": "node/2461916277",
        "name": "Mintoum",
        "place": "village",
        "source": "WRI_2005"
      },
      "geometry": {
        "type": "Point",
        "coordinates": [
          13.612687,
          3.214609
        ]
      },
      "id": "node/2461916277"
    },
    {
      "type": "Feature",
      "properties": {
        "@id": "node/2461916278",
        "name": "Mintoum",
        "place": "village",
        "source": "WRI_2005"
      },
      "geometry": {
        "type": "Point",
        "coordinates": [
          12.9610644,
          3.3401864
        ]
      },
      "id": "node/2461916278"
    },
    {
      "type": "Feature",
      "properties": {
        "@id": "node/2461916280",
        "name": "Mobambou",
        "place": "village",
        "source": "WRI_2005"
      },
      "geometry": {
        "type": "Point",
        "coordinates": [
          14.4412835,
          4.1989302
        ]
      },
      "id": "node/2461916280"
    },
    {
      "type": "Feature",
      "properties": {
        "@id": "node/2461916281",
        "name": "Modju",
        "place": "village",
        "source": "WRI_2005"
      },
      "geometry": {
        "type": "Point",
        "coordinates": [
          12.8025138,
          3.5971434
        ]
      },
      "id": "node/2461916281"
    },
    {
      "type": "Feature",
      "properties": {
        "@id": "node/2461916282",
        "name": "Modoumo",
        "place": "village",
        "source": "WRI_2005"
      },
      "geometry": {
        "type": "Point",
        "coordinates": [
          15.1223995,
          3.5004417
        ]
      },
      "id": "node/2461916282"
    },
    {
      "type": "Feature",
      "properties": {
        "@id": "node/2461916283",
        "fixme": "resurvey",
        "name": "Molindo",
        "place": "village",
        "source": "WRI_2005"
      },
      "geometry": {
        "type": "Point",
        "coordinates": [
          16.0802506,
          1.8889936
        ]
      },
      "id": "node/2461916283"
    },
    {
      "type": "Feature",
      "properties": {
        "@id": "node/2461916284",
        "name": "Momboué",
        "place": "village",
        "source": "WRI_2005"
      },
      "geometry": {
        "type": "Point",
        "coordinates": [
          15.3261543,
          2.6806547
        ]
      },
      "id": "node/2461916284"
    },
    {
      "type": "Feature",
      "properties": {
        "@id": "node/2461916286",
        "name": "Mompjepom",
        "place": "village",
        "source": "WRI_2005"
      },
      "geometry": {
        "type": "Point",
        "coordinates": [
          15.0046954,
          3.3761505
        ]
      },
      "id": "node/2461916286"
    },
    {
      "type": "Feature",
      "properties": {
        "@id": "node/2461916287",
        "name": "Momzopia",
        "place": "village",
        "source": "WRI_2005"
      },
      "geometry": {
        "type": "Point",
        "coordinates": [
          15.0875833,
          3.6451502
        ]
      },
      "id": "node/2461916287"
    },
    {
      "type": "Feature",
      "properties": {
        "@id": "node/2461916288",
        "name": "Mongobia",
        "place": "village",
        "source": "WRI_2005"
      },
      "geometry": {
        "type": "Point",
        "coordinates": [
          14.4866547,
          4.0701913
        ]
      },
      "id": "node/2461916288"
    },
    {
      "type": "Feature",
      "properties": {
        "@id": "node/2461916289",
        "name": "Mongokélé",
        "place": "village",
        "source": "WRI_2005"
      },
      "geometry": {
        "type": "Point",
        "coordinates": [
          16.0345279,
          1.7573114
        ]
      },
      "id": "node/2461916289"
    },
    {
      "type": "Feature",
      "properties": {
        "@id": "node/2461916290",
        "name": "Mopouo",
        "place": "village",
        "source": "WRI_2005"
      },
      "geometry": {
        "type": "Point",
        "coordinates": [
          15.152031,
          3.4959461
        ]
      },
      "id": "node/2461916290"
    },
    {
      "type": "Feature",
      "properties": {
        "@id": "node/2461916291",
        "name": "Mopouo",
        "place": "village",
        "source": "WRI_2005"
      },
      "geometry": {
        "type": "Point",
        "coordinates": [
          15.0974347,
          3.6659423
        ]
      },
      "id": "node/2461916291"
    },
    {
      "type": "Feature",
      "properties": {
        "@id": "node/2461916292",
        "name": "Mosso",
        "place": "village",
        "source": "WRI_2005"
      },
      "geometry": {
        "type": "Point",
        "coordinates": [
          14.2622723,
          4.4101355
        ]
      },
      "id": "node/2461916292"
    },
    {
      "type": "Feature",
      "properties": {
        "@id": "node/2461916293",
        "name": "Motcheboum",
        "place": "village",
        "source": "WRI_2005"
      },
      "geometry": {
        "type": "Point",
        "coordinates": [
          13.2390898,
          4.1152603
        ]
      },
      "id": "node/2461916293"
    },
    {
      "type": "Feature",
      "properties": {
        "@id": "node/2461916294",
        "name": "Mpaki",
        "place": "village",
        "source": "WRI_2005"
      },
      "geometry": {
        "type": "Point",
        "coordinates": [
          12.7248327,
          3.8128051
        ]
      },
      "id": "node/2461916294"
    },
    {
      "type": "Feature",
      "properties": {
        "@id": "node/2461916295",
        "name": "Mpalampwan",
        "place": "village",
        "source": "WRI_2005"
      },
      "geometry": {
        "type": "Point",
        "coordinates": [
          13.0315048,
          4.0973776
        ]
      },
      "id": "node/2461916295"
    },
    {
      "type": "Feature",
      "properties": {
        "@id": "node/2461916296",
        "name": "Mpan",
        "place": "village",
        "source": "WRI_2005"
      },
      "geometry": {
        "type": "Point",
        "coordinates": [
          13.0529258,
          3.3889702
        ]
      },
      "id": "node/2461916296"
    },
    {
      "type": "Feature",
      "properties": {
        "@id": "node/2461916297",
        "name": "Mpand",
        "place": "village",
        "source": "WRI_2005"
      },
      "geometry": {
        "type": "Point",
        "coordinates": [
          12.6332907,
          3.755185
        ]
      },
      "id": "node/2461916297"
    },
    {
      "type": "Feature",
      "properties": {
        "@id": "node/2461916298",
        "name": "Mpandé",
        "place": "village",
        "source": "WRI_2005"
      },
      "geometry": {
        "type": "Point",
        "coordinates": [
          12.8151833,
          3.9277741
        ]
      },
      "id": "node/2461916298"
    },
    {
      "type": "Feature",
      "properties": {
        "@id": "node/2461916299",
        "name": "Mpemzok",
        "place": "village",
        "source": "WRI_2005"
      },
      "geometry": {
        "type": "Point",
        "coordinates": [
          13.2612268,
          3.9240007
        ]
      },
      "id": "node/2461916299"
    },
    {
      "type": "Feature",
      "properties": {
        "@id": "node/2461916300",
        "name": "Mpomdom",
        "place": "village",
        "source": "WRI_2005"
      },
      "geometry": {
        "type": "Point",
        "coordinates": [
          12.7679044,
          3.5241224
        ]
      },
      "id": "node/2461916300"
    },
    {
      "type": "Feature",
      "properties": {
        "@id": "node/2461916301",
        "alt_name": "Djo'élempoum",
        "name": "Djolempoum",
        "place": "village",
        "source": "WRI_2005"
      },
      "geometry": {
        "type": "Point",
        "coordinates": [
          13.1008631,
          3.6523338
        ]
      },
      "id": "node/2461916301"
    },
    {
      "type": "Feature",
      "properties": {
        "@id": "node/2461916302",
        "name": "Mpoundou",
        "place": "village",
        "source": "WRI_2005"
      },
      "geometry": {
        "type": "Point",
        "coordinates": [
          13.0547702,
          4.1086754
        ]
      },
      "id": "node/2461916302"
    },
    {
      "type": "Feature",
      "properties": {
        "@id": "node/2461916303",
        "name": "Mpélé",
        "place": "village",
        "source": "WRI_2005"
      },
      "geometry": {
        "type": "Point",
        "coordinates": [
          13.4337607,
          3.5317985
        ]
      },
      "id": "node/2461916303"
    },
    {
      "type": "Feature",
      "properties": {
        "@id": "node/2461916306",
        "name": "Mwamebem",
        "place": "village",
        "source": "WRI_2005"
      },
      "geometry": {
        "type": "Point",
        "coordinates": [
          14.6290232,
          2.8360239
        ]
      },
      "id": "node/2461916306"
    },
    {
      "type": "Feature",
      "properties": {
        "@id": "node/2461916307",
        "name": "Mwamedom",
        "place": "village",
        "source": "WRI_2005"
      },
      "geometry": {
        "type": "Point",
        "coordinates": [
          13.4948724,
          3.4246419
        ]
      },
      "id": "node/2461916307"
    },
    {
      "type": "Feature",
      "properties": {
        "@id": "node/2461916308",
        "name": "Mwamimyal",
        "place": "village",
        "source": "WRI_2005"
      },
      "geometry": {
        "type": "Point",
        "coordinates": [
          14.9245252,
          3.2244
        ]
      },
      "id": "node/2461916308"
    },
    {
      "type": "Feature",
      "properties": {
        "@id": "node/2461916309",
        "name": "Mwamékolo",
        "place": "village",
        "source": "WRI_2005"
      },
      "geometry": {
        "type": "Point",
        "coordinates": [
          14.8665235,
          3.4810327
        ]
      },
      "id": "node/2461916309"
    },
    {
      "type": "Feature",
      "properties": {
        "@id": "node/2461916310",
        "name": "Mwantelem",
        "place": "village",
        "source": "WRI_2005"
      },
      "geometry": {
        "type": "Point",
        "coordinates": [
          14.921198,
          3.515932
        ]
      },
      "id": "node/2461916310"
    },
    {
      "type": "Feature",
      "properties": {
        "@id": "node/2461916311",
        "alt_name": "Mopak",
        "name": "Mwapak",
        "place": "village",
        "source": "WRI_2005"
      },
      "geometry": {
        "type": "Point",
        "coordinates": [
          13.8112988,
          3.8831633
        ]
      },
      "id": "node/2461916311"
    },
    {
      "type": "Feature",
      "properties": {
        "@id": "node/2461916312",
        "name": "Mwapwok",
        "place": "village",
        "source": "WRI_2005"
      },
      "geometry": {
        "type": "Point",
        "coordinates": [
          15.0410937,
          3.1760692
        ]
      },
      "id": "node/2461916312"
    },
    {
      "type": "Feature",
      "properties": {
        "@id": "node/2461916315",
        "name": "Mésoméso",
        "place": "village",
        "source": "WRI_2005"
      },
      "geometry": {
        "type": "Point",
        "coordinates": [
          13.9654616,
          2.7450093
        ]
      },
      "id": "node/2461916315"
    },
    {
      "type": "Feature",
      "properties": {
        "@id": "node/2461916316",
        "name": "Mésséa",
        "place": "village",
        "source": "WRI_2005"
      },
      "geometry": {
        "type": "Point",
        "coordinates": [
          14.1064419,
          2.9992487
        ]
      },
      "id": "node/2461916316"
    },
    {
      "type": "Feature",
      "properties": {
        "@id": "node/2461916318",
        "name": "Naboubou",
        "place": "village",
        "source": "WRI_2005"
      },
      "geometry": {
        "type": "Point",
        "coordinates": [
          14.6509868,
          4.2494168
        ]
      },
      "id": "node/2461916318"
    },
    {
      "type": "Feature",
      "properties": {
        "@id": "node/2461916319",
        "name": "Nagounté",
        "place": "village",
        "source": "WRI_2005"
      },
      "geometry": {
        "type": "Point",
        "coordinates": [
          14.8540111,
          4.3100386
        ]
      },
      "id": "node/2461916319"
    },
    {
      "type": "Feature",
      "properties": {
        "@id": "node/2461916320",
        "name": "Namedjap",
        "place": "village",
        "source": "WRI_2005"
      },
      "geometry": {
        "type": "Point",
        "coordinates": [
          12.8075256,
          4.1006243
        ]
      },
      "id": "node/2461916320"
    },
    {
      "type": "Feature",
      "properties": {
        "@id": "node/2461916321",
        "name": "Nampela",
        "place": "village",
        "source": "WRI_2005"
      },
      "geometry": {
        "type": "Point",
        "coordinates": [
          15.285928,
          3.4967735
        ]
      },
      "id": "node/2461916321"
    },
    {
      "type": "Feature",
      "properties": {
        "@id": "node/2461916322",
        "name": "Ndamkumb",
        "place": "village",
        "source": "WRI_2005"
      },
      "geometry": {
        "type": "Point",
        "coordinates": [
          12.8476098,
          4.0093008
        ]
      },
      "id": "node/2461916322"
    },
    {
      "type": "Feature",
      "properties": {
        "@id": "node/2461916324",
        "name": "Ndembo",
        "place": "village",
        "source": "WRI_2005"
      },
      "geometry": {
        "type": "Point",
        "coordinates": [
          13.7101097,
          4.2094771
        ]
      },
      "id": "node/2461916324"
    },
    {
      "type": "Feature",
      "properties": {
        "@id": "node/2461916325",
        "name": "Ndemnan",
        "place": "village",
        "source": "WRI_2005"
      },
      "geometry": {
        "type": "Point",
        "coordinates": [
          13.6844315,
          4.2003916
        ]
      },
      "id": "node/2461916325"
    },
    {
      "type": "Feature",
      "properties": {
        "@id": "node/2461916326",
        "name": "Ndeng",
        "place": "village",
        "source": "WRI_2005"
      },
      "geometry": {
        "type": "Point",
        "coordinates": [
          15.076845,
          3.8130687
        ]
      },
      "id": "node/2461916326"
    },
    {
      "type": "Feature",
      "properties": {
        "@id": "node/2461916327",
        "name": "Ndengue",
        "place": "village",
        "source": "WRI_2005"
      },
      "geometry": {
        "type": "Point",
        "coordinates": [
          13.1169882,
          3.3176617
        ]
      },
      "id": "node/2461916327"
    },
    {
      "type": "Feature",
      "properties": {
        "@id": "node/2461916328",
        "name": "Ndjassi",
        "place": "village",
        "source": "WRI_2005"
      },
      "geometry": {
        "type": "Point",
        "coordinates": [
          13.838176,
          4.2555804
        ]
      },
      "id": "node/2461916328"
    },
    {
      "type": "Feature",
      "properties": {
        "@id": "node/2461916329",
        "name": "Ndjouk",
        "place": "village",
        "source": "WRI_2005"
      },
      "geometry": {
        "type": "Point",
        "coordinates": [
          12.7005643,
          3.956804
        ]
      },
      "id": "node/2461916329"
    },
    {
      "type": "Feature",
      "properties": {
        "@id": "node/2461916330",
        "name": "Ndjoukoudoumou",
        "place": "village",
        "source": "WRI_2005"
      },
      "geometry": {
        "type": "Point",
        "coordinates": [
          15.0634951,
          3.9773239
        ]
      },
      "id": "node/2461916330"
    },
    {
      "type": "Feature",
      "properties": {
        "@id": "node/2461916333",
        "alt_name": "Ndongmebe",
        "name": "Ndongmembe",
        "place": "village",
        "source": "WRI_2005",
        "source:alt_name": "PCD Batouri"
      },
      "geometry": {
        "type": "Point",
        "coordinates": [
          14.470388,
          4.4806077
        ]
      },
      "id": "node/2461916333"
    },
    {
      "type": "Feature",
      "properties": {
        "@id": "node/2461916334",
        "alt_name": "Ndon Dare",
        "name": "Ndongndaré",
        "place": "village",
        "source": "WRI_2005",
        "source:alt_name": "PCD Kette"
      },
      "geometry": {
        "type": "Point",
        "coordinates": [
          14.5888928,
          4.6808998
        ]
      },
      "id": "node/2461916334"
    },
    {
      "type": "Feature",
      "properties": {
        "@id": "node/2461916335",
        "name": "Ndoulé",
        "place": "village",
        "source": "WRI_2005"
      },
      "geometry": {
        "type": "Point",
        "coordinates": [
          14.7246194,
          4.374486
        ]
      },
      "id": "node/2461916335"
    },
    {
      "type": "Feature",
      "properties": {
        "@id": "node/2461916338",
        "name": "Nemeyong II",
        "place": "village",
        "source": "WRI_2005"
      },
      "geometry": {
        "type": "Point",
        "coordinates": [
          12.9474588,
          3.5325243
        ]
      },
      "id": "node/2461916338"
    },
    {
      "type": "Feature",
      "properties": {
        "@id": "node/2461916339",
        "name": "Nemeyong",
        "old_name": "Bamou",
        "place": "village",
        "source": "WRI_2005"
      },
      "geometry": {
        "type": "Point",
        "coordinates": [
          12.9152982,
          3.323545
        ]
      },
      "id": "node/2461916339"
    },
    {
      "type": "Feature",
      "properties": {
        "@id": "node/2461916340",
        "name": "Ngako",
        "place": "village",
        "source": "WRI_2005"
      },
      "geometry": {
        "type": "Point",
        "coordinates": [
          14.9531234,
          4.039396
        ]
      },
      "id": "node/2461916340"
    },
    {
      "type": "Feature",
      "properties": {
        "@id": "node/2461916342",
        "name": "Ngambel",
        "place": "village",
        "source": "WRI_2005"
      },
      "geometry": {
        "type": "Point",
        "coordinates": [
          15.077814,
          3.9467136
        ]
      },
      "id": "node/2461916342"
    },
    {
      "type": "Feature",
      "properties": {
        "@id": "node/2461916343",
        "name": "Nganke",
        "place": "village",
        "source": "WRI_2005"
      },
      "geometry": {
        "type": "Point",
        "coordinates": [
          13.6203289,
          4.4959305
        ]
      },
      "id": "node/2461916343"
    },
    {
      "type": "Feature",
      "properties": {
        "@id": "node/2461916344",
        "name": "Ngao",
        "place": "village",
        "source": "WRI_2005"
      },
      "geometry": {
        "type": "Point",
        "coordinates": [
          14.5030358,
          4.1489528
        ]
      },
      "id": "node/2461916344"
    },
    {
      "type": "Feature",
      "properties": {
        "@id": "node/2461916345",
        "alt_name": "Ngaridenbo",
        "name": "Ngarendembo II",
        "place": "village",
        "source": "WRI_2005",
        "source:alt_name": "PCD Batouri"
      },
      "geometry": {
        "type": "Point",
        "coordinates": [
          14.6360245,
          4.3978852
        ]
      },
      "id": "node/2461916345"
    },
    {
      "type": "Feature",
      "properties": {
        "@id": "node/2461916346",
        "name": "Ngaressingo",
        "place": "village",
        "source": "WRI_2005"
      },
      "geometry": {
        "type": "Point",
        "coordinates": [
          15.0566164,
          3.5585046
        ]
      },
      "id": "node/2461916346"
    },
    {
      "type": "Feature",
      "properties": {
        "@id": "node/2461916347",
        "name": "Ngaresso",
        "place": "village",
        "source": "WRI_2005"
      },
      "geometry": {
        "type": "Point",
        "coordinates": [
          15.0823958,
          3.7972561
        ]
      },
      "id": "node/2461916347"
    },
    {
      "type": "Feature",
      "properties": {
        "@id": "node/2461916348",
        "name": "Ngareta",
        "place": "village",
        "source": "WRI_2005"
      },
      "geometry": {
        "type": "Point",
        "coordinates": [
          15.1072319,
          3.769989
        ]
      },
      "id": "node/2461916348"
    },
    {
      "type": "Feature",
      "properties": {
        "@id": "node/2461916349",
        "name": "Ngatto ancien",
        "place": "village",
        "source": "WRI_2005"
      },
      "geometry": {
        "type": "Point",
        "coordinates": [
          14.5214462,
          2.7934638
        ]
      },
      "id": "node/2461916349"
    },
    {
      "type": "Feature",
      "properties": {
        "@id": "node/2461916353",
        "name": "Ngoap",
        "place": "village",
        "source": "WRI_2005"
      },
      "geometry": {
        "type": "Point",
        "coordinates": [
          12.8487149,
          4.14929
        ]
      },
      "id": "node/2461916353"
    },
    {
      "type": "Feature",
      "properties": {
        "@id": "node/2461916354",
        "name": "Ngodomou",
        "place": "village",
        "source": "WRI_2005"
      },
      "geometry": {
        "type": "Point",
        "coordinates": [
          12.9662075,
          4.3316651
        ]
      },
      "id": "node/2461916354"
    },
    {
      "type": "Feature",
      "properties": {
        "@id": "node/2461916355",
        "name": "Ngola Mbélé",
        "place": "village",
        "source": "WRI_2005"
      },
      "geometry": {
        "type": "Point",
        "coordinates": [
          13.6004554,
          4.4212812
        ]
      },
      "id": "node/2461916355"
    },
    {
      "type": "Feature",
      "properties": {
        "@id": "node/2461916356",
        "name": "Ngola",
        "place": "village",
        "source": "WRI_2005"
      },
      "geometry": {
        "type": "Point",
        "coordinates": [
          15.2865352,
          2.7245332
        ]
      },
      "id": "node/2461916356"
    },
    {
      "type": "Feature",
      "properties": {
        "@id": "node/2461916357",
        "name": "Ngola",
        "place": "village",
        "source": "WRI_2005"
      },
      "geometry": {
        "type": "Point",
        "coordinates": [
          13.9762462,
          3.2310568
        ]
      },
      "id": "node/2461916357"
    },
    {
      "type": "Feature",
      "properties": {
        "@id": "node/2461916358",
        "name": "Ngola",
        "place": "village",
        "source": "WRI_2005"
      },
      "geometry": {
        "type": "Point",
        "coordinates": [
          15.0044496,
          3.3860046
        ]
      },
      "id": "node/2461916358"
    },
    {
      "type": "Feature",
      "properties": {
        "@id": "node/2461916359",
        "name": "Ngola",
        "place": "village",
        "source": "WRI_2005"
      },
      "geometry": {
        "type": "Point",
        "coordinates": [
          12.7558978,
          3.3995841
        ]
      },
      "id": "node/2461916359"
    },
    {
      "type": "Feature",
      "properties": {
        "@id": "node/2461916361",
        "name": "Ngombou",
        "place": "village",
        "source": "WRI_2005"
      },
      "geometry": {
        "type": "Point",
        "coordinates": [
          13.631232,
          4.2060928
        ]
      },
      "id": "node/2461916361"
    },
    {
      "type": "Feature",
      "properties": {
        "@id": "node/2461916362",
        "name": "Loukoukoukou",
        "place": "village"
      },
      "geometry": {
        "type": "Point",
        "coordinates": [
          15.0364493,
          4.0080303
        ]
      },
      "id": "node/2461916362"
    },
    {
      "type": "Feature",
      "properties": {
        "@id": "node/2461916363",
        "name": "Ngomndouma",
        "place": "village",
        "source": "WRI_2005"
      },
      "geometry": {
        "type": "Point",
        "coordinates": [
          13.2053813,
          4.3215308
        ]
      },
      "id": "node/2461916363"
    },
    {
      "type": "Feature",
      "properties": {
        "@id": "node/2461916365",
        "name": "Ngopia",
        "place": "village",
        "source": "WRI_2005"
      },
      "geometry": {
        "type": "Point",
        "coordinates": [
          15.0591444,
          3.9907696
        ]
      },
      "id": "node/2461916365"
    },
    {
      "type": "Feature",
      "properties": {
        "@id": "node/2461916366",
        "name": "Ngoulemekong",
        "place": "village",
        "source": "WRI_2005"
      },
      "geometry": {
        "type": "Point",
        "coordinates": [
          12.6544627,
          3.9149595
        ]
      },
      "id": "node/2461916366"
    },
    {
      "type": "Feature",
      "properties": {
        "@id": "node/2461916367",
        "name": "Ngoulentanan",
        "place": "village",
        "source": "WRI_2005"
      },
      "geometry": {
        "type": "Point",
        "coordinates": [
          12.656793,
          3.629593
        ]
      },
      "id": "node/2461916367"
    },
    {
      "type": "Feature",
      "properties": {
        "@id": "node/2461916368",
        "name": "Ngoulmekong",
        "place": "village",
        "source": "WRI_2005"
      },
      "geometry": {
        "type": "Point",
        "coordinates": [
          13.6170319,
          3.1498972
        ]
      },
      "id": "node/2461916368"
    },
    {
      "type": "Feature",
      "properties": {
        "@id": "node/2461916369",
        "name": "Ngoulmekong",
        "place": "village",
        "source": "WRI_2005"
      },
      "geometry": {
        "type": "Point",
        "coordinates": [
          12.741514,
          3.8251521
        ]
      },
      "id": "node/2461916369"
    },
    {
      "type": "Feature",
      "properties": {
        "@id": "node/2461916370",
        "alt_name": "Ngoulminanga",
        "name": "Ngouleminanga",
        "place": "village",
        "source": "WRI_2005"
      },
      "geometry": {
        "type": "Point",
        "coordinates": [
          12.8939466,
          3.5333868
        ]
      },
      "id": "node/2461916370"
    },
    {
      "type": "Feature",
      "properties": {
        "@id": "node/2461916371",
        "name": "Ngoumou",
        "place": "village",
        "source": "WRI_2005",
        "wikidata": "Q748575"
      },
      "geometry": {
        "type": "Point",
        "coordinates": [
          12.8964748,
          4.2020662
        ]
      },
      "id": "node/2461916371"
    },
    {
      "type": "Feature",
      "properties": {
        "@id": "node/2461916372",
        "name": "Ngouna",
        "place": "village",
        "source": "WRI_2005"
      },
      "geometry": {
        "type": "Point",
        "coordinates": [
          15.1463601,
          4.0522361
        ]
      },
      "id": "node/2461916372"
    },
    {
      "type": "Feature",
      "properties": {
        "@id": "node/2461916373",
        "name": "Ngoundi I",
        "place": "village",
        "source": "WRI_2005"
      },
      "geometry": {
        "type": "Point",
        "coordinates": [
          15.11063,
          3.909854
        ]
      },
      "id": "node/2461916373"
    },
    {
      "type": "Feature",
      "properties": {
        "@id": "node/2461916374",
        "name": "Ngoundi II",
        "place": "village",
        "source": "WRI_2005"
      },
      "geometry": {
        "type": "Point",
        "coordinates": [
          15.0867554,
          3.8605609
        ]
      },
      "id": "node/2461916374"
    },
    {
      "type": "Feature",
      "properties": {
        "@id": "node/2461916375",
        "name": "Ngouochie",
        "place": "village",
        "source": "WRI_2005"
      },
      "geometry": {
        "type": "Point",
        "coordinates": [
          13.2011559,
          3.9337289
        ]
      },
      "id": "node/2461916375"
    },
    {
      "type": "Feature",
      "properties": {
        "@id": "node/2461916376",
        "name": "Ngouong",
        "place": "village",
        "source": "WRI_2005"
      },
      "geometry": {
        "type": "Point",
        "coordinates": [
          12.8197544,
          4.2717254
        ]
      },
      "id": "node/2461916376"
    },
    {
      "type": "Feature",
      "properties": {
        "@id": "node/2461916378",
        "name": "Ngoématak",
        "place": "village",
        "source": "WRI_2005"
      },
      "geometry": {
        "type": "Point",
        "coordinates": [
          12.8339718,
          4.0153807
        ]
      },
      "id": "node/2461916378"
    },
    {
      "type": "Feature",
      "properties": {
        "@id": "node/2461916379",
        "alt_name": "Nguéssé",
        "name": "Nguesse",
        "place": "village",
        "source": "WRI_2005",
        "source:alt_name": "IGN 1995-1989"
      },
      "geometry": {
        "type": "Point",
        "coordinates": [
          14.5191205,
          4.592299
        ]
      },
      "id": "node/2461916379"
    },
    {
      "type": "Feature",
      "properties": {
        "@id": "node/2461916381",
        "name": "Nguémo",
        "place": "village",
        "source": "WRI_2005"
      },
      "geometry": {
        "type": "Point",
        "coordinates": [
          14.5419698,
          4.4047629
        ]
      },
      "id": "node/2461916381"
    },
    {
      "type": "Feature",
      "properties": {
        "@id": "node/2461916382",
        "alt_name": "Ngouandji",
        "name": "Ngwandji",
        "place": "village",
        "source": "WRI_2005"
      },
      "geometry": {
        "type": "Point",
        "coordinates": [
          15.0064253,
          4.1924062
        ]
      },
      "id": "node/2461916382"
    },
    {
      "type": "Feature",
      "properties": {
        "@id": "node/2461916383",
        "name": "Ngwemetak",
        "place": "village",
        "source": "WRI_2005"
      },
      "geometry": {
        "type": "Point",
        "coordinates": [
          12.8213879,
          3.9255321
        ]
      },
      "id": "node/2461916383"
    },
    {
      "type": "Feature",
      "properties": {
        "@id": "node/2461916384",
        "name": "Niangouadé",
        "place": "village",
        "source": "WRI_2005"
      },
      "geometry": {
        "type": "Point",
        "coordinates": [
          12.9157074,
          4.5117142
        ]
      },
      "id": "node/2461916384"
    },
    {
      "type": "Feature",
      "properties": {
        "@id": "node/2461916385",
        "name": "Nkameko",
        "place": "village",
        "source": "WRI_2005"
      },
      "geometry": {
        "type": "Point",
        "coordinates": [
          15.1822829,
          3.4976178
        ]
      },
      "id": "node/2461916385"
    },
    {
      "type": "Feature",
      "properties": {
        "@id": "node/2461916387",
        "name": "Nkaoulé",
        "place": "village",
        "source": "WRI_2005"
      },
      "geometry": {
        "type": "Point",
        "coordinates": [
          12.8736705,
          4.149265
        ]
      },
      "id": "node/2461916387"
    },
    {
      "type": "Feature",
      "properties": {
        "@id": "node/2461916388",
        "name": "Nko'akom",
        "place": "village",
        "source": "WRI_2005"
      },
      "geometry": {
        "type": "Point",
        "coordinates": [
          13.9839438,
          3.0872932
        ]
      },
      "id": "node/2461916388"
    },
    {
      "type": "Feature",
      "properties": {
        "@id": "node/2461916389",
        "name": "Nkoadimako I",
        "place": "village",
        "source": "WRI_2005"
      },
      "geometry": {
        "type": "Point",
        "coordinates": [
          14.1114413,
          3.0345714
        ]
      },
      "id": "node/2461916389"
    },
    {
      "type": "Feature",
      "properties": {
        "@id": "node/2461916391",
        "name": "Nkoadimako II",
        "place": "village",
        "source": "WRI_2005"
      },
      "geometry": {
        "type": "Point",
        "coordinates": [
          14.1064296,
          3.0484618
        ]
      },
      "id": "node/2461916391"
    },
    {
      "type": "Feature",
      "properties": {
        "@id": "node/2461916392",
        "name": "Nkolakey",
        "place": "village",
        "source": "WRI_2005"
      },
      "geometry": {
        "type": "Point",
        "coordinates": [
          13.9930693,
          2.5131857
        ]
      },
      "id": "node/2461916392"
    },
    {
      "type": "Feature",
      "properties": {
        "@id": "node/2461916393",
        "name": "Nkolekoul",
        "place": "village",
        "source": "WRI_2005"
      },
      "geometry": {
        "type": "Point",
        "coordinates": [
          12.9012606,
          3.328074
        ]
      },
      "id": "node/2461916393"
    },
    {
      "type": "Feature",
      "properties": {
        "@id": "node/2461916395",
        "name": "Nkolkwa",
        "place": "village",
        "source": "WRI_2005"
      },
      "geometry": {
        "type": "Point",
        "coordinates": [
          12.7252097,
          3.519986
        ]
      },
      "id": "node/2461916395"
    },
    {
      "type": "Feature",
      "properties": {
        "@id": "node/2461916396",
        "name": "Nkolméyanga",
        "place": "village",
        "source": "WRI_2005"
      },
      "geometry": {
        "type": "Point",
        "coordinates": [
          13.5846402,
          4.2131942
        ]
      },
      "id": "node/2461916396"
    },
    {
      "type": "Feature",
      "properties": {
        "@id": "node/2461916397",
        "name": "Nkolnyengue",
        "place": "village",
        "source": "WRI_2005"
      },
      "geometry": {
        "type": "Point",
        "coordinates": [
          13.0707653,
          3.316727
        ]
      },
      "id": "node/2461916397"
    },
    {
      "type": "Feature",
      "properties": {
        "@id": "node/2461916399",
        "name": "Nkondong II",
        "place": "village",
        "source": "WRI_2005"
      },
      "geometry": {
        "type": "Point",
        "coordinates": [
          14.0092034,
          2.4993887
        ]
      },
      "id": "node/2461916399"
    },
    {
      "type": "Feature",
      "properties": {
        "@id": "node/2461916400",
        "name": "Nkonzu",
        "place": "village",
        "source": "WRI_2005"
      },
      "geometry": {
        "type": "Point",
        "coordinates": [
          12.9678177,
          3.6533032
        ]
      },
      "id": "node/2461916400"
    },
    {
      "type": "Feature",
      "properties": {
        "@id": "node/2461916401",
        "name": "Nkouambang I",
        "place": "village",
        "source": "WRI_2005"
      },
      "geometry": {
        "type": "Point",
        "coordinates": [
          12.9571206,
          4.3482471
        ]
      },
      "id": "node/2461916401"
    },
    {
      "type": "Feature",
      "properties": {
        "@id": "node/2461916402",
        "name": "Nkouambang I",
        "place": "village",
        "source": "WRI_2005"
      },
      "geometry": {
        "type": "Point",
        "coordinates": [
          12.9676103,
          4.3512725
        ]
      },
      "id": "node/2461916402"
    },
    {
      "type": "Feature",
      "properties": {
        "@id": "node/2461916403",
        "name": "Nkoul",
        "place": "village",
        "source": "WRI_2005"
      },
      "geometry": {
        "type": "Point",
        "coordinates": [
          13.5338123,
          3.4206905
        ]
      },
      "id": "node/2461916403"
    },
    {
      "type": "Feature",
      "properties": {
        "@id": "node/2461916404",
        "name": "Nkoul",
        "place": "village",
        "source": "WRI_2005"
      },
      "geometry": {
        "type": "Point",
        "coordinates": [
          12.924176,
          3.6156573
        ]
      },
      "id": "node/2461916404"
    },
    {
      "type": "Feature",
      "properties": {
        "@id": "node/2461916405",
        "name": "Nkoum",
        "place": "village",
        "source": "WRI_2005"
      },
      "geometry": {
        "type": "Point",
        "coordinates": [
          13.2919397,
          4.1648217
        ]
      },
      "id": "node/2461916405"
    },
    {
      "type": "Feature",
      "properties": {
        "@id": "node/2461916406",
        "name": "Nkoung",
        "place": "village",
        "source": "WRI_2005"
      },
      "geometry": {
        "type": "Point",
        "coordinates": [
          12.8236046,
          3.7801682
        ]
      },
      "id": "node/2461916406"
    },
    {
      "type": "Feature",
      "properties": {
        "@id": "node/2461916407",
        "name": "Nkouolou",
        "place": "village",
        "source": "WRI_2005"
      },
      "geometry": {
        "type": "Point",
        "coordinates": [
          13.1191044,
          3.932857
        ]
      },
      "id": "node/2461916407"
    },
    {
      "type": "Feature",
      "properties": {
        "@id": "node/2461916409",
        "name": "Nkwakom I",
        "place": "village",
        "source": "WRI_2005"
      },
      "geometry": {
        "type": "Point",
        "coordinates": [
          14.0324951,
          3.0937079
        ]
      },
      "id": "node/2461916409"
    },
    {
      "type": "Feature",
      "properties": {
        "@id": "node/2461916410",
        "name": "Nkwal",
        "place": "village",
        "source": "WRI_2005"
      },
      "geometry": {
        "type": "Point",
        "coordinates": [
          13.022993,
          4.0117812
        ]
      },
      "id": "node/2461916410"
    },
    {
      "type": "Feature",
      "properties": {
        "@id": "node/2461916411",
        "name": "Nkwe",
        "place": "village",
        "source": "WRI_2005"
      },
      "geometry": {
        "type": "Point",
        "coordinates": [
          12.9896039,
          3.3517059
        ]
      },
      "id": "node/2461916411"
    },
    {
      "type": "Feature",
      "properties": {
        "@id": "node/2461916412",
        "name": "Nobampam",
        "place": "village",
        "source": "WRI_2005"
      },
      "geometry": {
        "type": "Point",
        "coordinates": [
          13.5867553,
          3.3177331
        ]
      },
      "id": "node/2461916412"
    },
    {
      "type": "Feature",
      "properties": {
        "@id": "node/2461916414",
        "name": "Nongwala",
        "place": "village",
        "source": "WRI_2005"
      },
      "geometry": {
        "type": "Point",
        "coordinates": [
          13.8027135,
          3.8791246
        ]
      },
      "id": "node/2461916414"
    },
    {
      "type": "Feature",
      "properties": {
        "@id": "node/2461916415",
        "name": "Noumbankoe",
        "place": "village",
        "source": "WRI_2005"
      },
      "geometry": {
        "type": "Point",
        "coordinates": [
          15.0953238,
          3.6514462
        ]
      },
      "id": "node/2461916415"
    },
    {
      "type": "Feature",
      "properties": {
        "@id": "node/2461916416",
        "name": "Noékom",
        "place": "village",
        "source": "WRI_2005"
      },
      "geometry": {
        "type": "Point",
        "coordinates": [
          13.3901111,
          3.5794431
        ]
      },
      "id": "node/2461916416"
    },
    {
      "type": "Feature",
      "properties": {
        "@id": "node/2461916418",
        "name": "Ntam",
        "place": "village",
        "source": "WRI_2005"
      },
      "geometry": {
        "type": "Point",
        "coordinates": [
          13.70375,
          2.1776721
        ]
      },
      "id": "node/2461916418"
    },
    {
      "type": "Feature",
      "properties": {
        "@id": "node/2461916419",
        "name": "Ntam",
        "place": "village",
        "source": "WRI_2005"
      },
      "geometry": {
        "type": "Point",
        "coordinates": [
          13.9137229,
          3.1954254
        ]
      },
      "id": "node/2461916419"
    },
    {
      "type": "Feature",
      "properties": {
        "@id": "node/2461916420",
        "name": "Ntam",
        "place": "village",
        "source": "WRI_2005"
      },
      "geometry": {
        "type": "Point",
        "coordinates": [
          14.3209277,
          3.4255919
        ]
      },
      "id": "node/2461916420"
    },
    {
      "type": "Feature",
      "properties": {
        "@id": "node/2461916421",
        "name": "Ntamkumb",
        "place": "village",
        "source": "WRI_2005"
      },
      "geometry": {
        "type": "Point",
        "coordinates": [
          13.1208059,
          3.9703892
        ]
      },
      "id": "node/2461916421"
    },
    {
      "type": "Feature",
      "properties": {
        "@id": "node/2461916422",
        "name": "Ntimbé I",
        "place": "village",
        "source": "WRI_2005"
      },
      "geometry": {
        "type": "Point",
        "coordinates": [
          13.0066825,
          3.8177616
        ]
      },
      "id": "node/2461916422"
    },
    {
      "type": "Feature",
      "properties": {
        "@id": "node/2461916423",
        "name": "Ntimbé II",
        "place": "village",
        "source": "WRI_2005"
      },
      "geometry": {
        "type": "Point",
        "coordinates": [
          13.278159,
          3.8912569
        ]
      },
      "id": "node/2461916423"
    },
    {
      "type": "Feature",
      "properties": {
        "@id": "node/2461916424",
        "name": "Ntiou",
        "place": "village",
        "source": "WRI_2005"
      },
      "geometry": {
        "type": "Point",
        "coordinates": [
          14.9626506,
          3.3141669
        ]
      },
      "id": "node/2461916424"
    },
    {
      "type": "Feature",
      "properties": {
        "@id": "node/2461916425",
        "name": "Ntolok",
        "place": "village",
        "source": "WRI_2005"
      },
      "geometry": {
        "type": "Point",
        "coordinates": [
          12.9776842,
          3.7712745
        ]
      },
      "id": "node/2461916425"
    },
    {
      "type": "Feature",
      "properties": {
        "@id": "node/2461916426",
        "name": "Ntollock",
        "place": "village",
        "source": "WRI_2005"
      },
      "geometry": {
        "type": "Point",
        "coordinates": [
          12.8619436,
          3.8726526
        ]
      },
      "id": "node/2461916426"
    },
    {
      "type": "Feature",
      "properties": {
        "@id": "node/2461916427",
        "name": "Ntoumb",
        "place": "village",
        "source": "WRI_2005"
      },
      "geometry": {
        "type": "Point",
        "coordinates": [
          12.7745877,
          3.9923291
        ]
      },
      "id": "node/2461916427"
    },
    {
      "type": "Feature",
      "properties": {
        "@id": "node/2461916428",
        "name": "Ntoumzok",
        "place": "village",
        "source": "WRI_2005"
      },
      "geometry": {
        "type": "Point",
        "coordinates": [
          12.9773395,
          3.5268712
        ]
      },
      "id": "node/2461916428"
    },
    {
      "type": "Feature",
      "properties": {
        "@id": "node/2461916429",
        "name": "Ntoung",
        "place": "village",
        "source": "WRI_2005"
      },
      "geometry": {
        "type": "Point",
        "coordinates": [
          12.9803465,
          4.0032885
        ]
      },
      "id": "node/2461916429"
    },
    {
      "type": "Feature",
      "properties": {
        "@id": "node/2461916430",
        "name": "Ntsina",
        "place": "village",
        "source": "WRI_2005"
      },
      "geometry": {
        "type": "Point",
        "coordinates": [
          12.7778546,
          3.6188727
        ]
      },
      "id": "node/2461916430"
    },
    {
      "type": "Feature",
      "properties": {
        "@id": "node/2461916431",
        "name": "Nyabi",
        "place": "village",
        "source": "WRI_2005"
      },
      "geometry": {
        "type": "Point",
        "coordinates": [
          14.6786875,
          4.3920027
        ]
      },
      "id": "node/2461916431"
    },
    {
      "type": "Feature",
      "properties": {
        "@id": "node/2461916434",
        "alt_name": "Zengoué",
        "name": "Nzengwé",
        "place": "village",
        "source": "WRI_2005"
      },
      "geometry": {
        "type": "Point",
        "coordinates": [
          14.4165099,
          4.2104958
        ]
      },
      "id": "node/2461916434"
    },
    {
      "type": "Feature",
      "properties": {
        "@id": "node/2461916435",
        "name": "Nzémele",
        "place": "village",
        "source": "WRI_2005"
      },
      "geometry": {
        "type": "Point",
        "coordinates": [
          12.8187423,
          3.5813218
        ]
      },
      "id": "node/2461916435"
    },
    {
      "type": "Feature",
      "properties": {
        "@id": "node/2461916436",
        "name": "Némeyong I",
        "place": "village",
        "source": "WRI_2005"
      },
      "geometry": {
        "type": "Point",
        "coordinates": [
          13.5921948,
          3.296404
        ]
      },
      "id": "node/2461916436"
    },
    {
      "type": "Feature",
      "properties": {
        "@id": "node/2461916437",
        "name": "Némeyong",
        "place": "village",
        "source": "WRI_2005"
      },
      "geometry": {
        "type": "Point",
        "coordinates": [
          13.8270109,
          3.1188637
        ]
      },
      "id": "node/2461916437"
    },
    {
      "type": "Feature",
      "properties": {
        "@id": "node/2461916438",
        "name": "Néméyong II",
        "place": "village",
        "source": "WRI_2005"
      },
      "geometry": {
        "type": "Point",
        "coordinates": [
          13.5030349,
          2.9301033
        ]
      },
      "id": "node/2461916438"
    },
    {
      "type": "Feature",
      "properties": {
        "@id": "node/2461916439",
        "name": "Néméyong",
        "place": "village",
        "source": "WRI_2005"
      },
      "geometry": {
        "type": "Point",
        "coordinates": [
          13.4599092,
          2.9209895
        ]
      },
      "id": "node/2461916439"
    },
    {
      "type": "Feature",
      "properties": {
        "@id": "node/2461916440",
        "name": "Obangi",
        "place": "village",
        "source": "WRI_2005"
      },
      "geometry": {
        "type": "Point",
        "coordinates": [
          13.9719752,
          2.9187675
        ]
      },
      "id": "node/2461916440"
    },
    {
      "type": "Feature",
      "properties": {
        "@id": "node/2461916441",
        "name": "Oboul I",
        "place": "village",
        "source": "WRI_2005"
      },
      "geometry": {
        "type": "Point",
        "coordinates": [
          13.1127897,
          3.8902994
        ]
      },
      "id": "node/2461916441"
    },
    {
      "type": "Feature",
      "properties": {
        "@id": "node/2461916442",
        "name": "Oboul II",
        "place": "village",
        "source": "WRI_2005"
      },
      "geometry": {
        "type": "Point",
        "coordinates": [
          13.2315037,
          3.9694059
        ]
      },
      "id": "node/2461916442"
    },
    {
      "type": "Feature",
      "properties": {
        "@id": "node/2461916445",
        "name": "Otoumkwan",
        "place": "village",
        "source": "WRI_2005"
      },
      "geometry": {
        "type": "Point",
        "coordinates": [
          14.777929,
          3.4690209
        ]
      },
      "id": "node/2461916445"
    },
    {
      "type": "Feature",
      "properties": {
        "@id": "node/2461916447",
        "name": "Ouesso",
        "place": "village",
        "source": "WRI_2005"
      },
      "geometry": {
        "type": "Point",
        "coordinates": [
          15.067494,
          3.9680083
        ]
      },
      "id": "node/2461916447"
    },
    {
      "type": "Feature",
      "properties": {
        "@id": "node/2461916448",
        "name": "Oulbendamba",
        "place": "village",
        "source": "WRI_2005"
      },
      "geometry": {
        "type": "Point",
        "coordinates": [
          13.3930393,
          4.2639305
        ]
      },
      "id": "node/2461916448"
    },
    {
      "type": "Feature",
      "properties": {
        "@id": "node/2461916449",
        "name": "Oulebiam",
        "place": "village",
        "source": "WRI_2005"
      },
      "geometry": {
        "type": "Point",
        "coordinates": [
          13.0572954,
          4.2382476
        ]
      },
      "id": "node/2461916449"
    },
    {
      "type": "Feature",
      "properties": {
        "@id": "node/2461916450",
        "name": "Oulidik",
        "place": "village",
        "source": "WRI_2005"
      },
      "geometry": {
        "type": "Point",
        "coordinates": [
          13.0534581,
          4.3629852
        ]
      },
      "id": "node/2461916450"
    },
    {
      "type": "Feature",
      "properties": {
        "@id": "node/2461916451",
        "name": "Oyem Gabon",
        "place": "village",
        "source": "WRI_2005"
      },
      "geometry": {
        "type": "Point",
        "coordinates": [
          13.1120843,
          3.8805073
        ]
      },
      "id": "node/2461916451"
    },
    {
      "type": "Feature",
      "properties": {
        "@id": "node/2461916452",
        "name": "Paka",
        "place": "village",
        "source": "WRI_2005"
      },
      "geometry": {
        "type": "Point",
        "coordinates": [
          15.0266183,
          4.1485557
        ]
      },
      "id": "node/2461916452"
    },
    {
      "type": "Feature",
      "properties": {
        "@id": "node/2461916453",
        "name": "Paki",
        "place": "village",
        "source": "WRI_2005"
      },
      "geometry": {
        "type": "Point",
        "coordinates": [
          13.4041704,
          4.2159893
        ]
      },
      "id": "node/2461916453"
    },
    {
      "type": "Feature",
      "properties": {
        "@id": "node/2461916454",
        "name": "Paradi",
        "place": "village",
        "source": "WRI_2005"
      },
      "geometry": {
        "type": "Point",
        "coordinates": [
          15.0578001,
          3.5372795
        ]
      },
      "id": "node/2461916454"
    },
    {
      "type": "Feature",
      "properties": {
        "@id": "node/2461916455",
        "name": "Parny",
        "place": "village",
        "source": "WRI_2005"
      },
      "geometry": {
        "type": "Point",
        "coordinates": [
          15.0246295,
          3.4607537
        ]
      },
      "id": "node/2461916455"
    },
    {
      "type": "Feature",
      "properties": {
        "@id": "node/2461916457",
        "name": "Paya",
        "place": "village",
        "source": "WRI_2005"
      },
      "geometry": {
        "type": "Point",
        "coordinates": [
          15.0662695,
          3.5725049
        ]
      },
      "id": "node/2461916457"
    },
    {
      "type": "Feature",
      "properties": {
        "@id": "node/2461916458",
        "name": "Petit-Pol",
        "place": "village",
        "source": "WRI_2005"
      },
      "geometry": {
        "type": "Point",
        "coordinates": [
          13.5647341,
          4.2353609
        ]
      },
      "id": "node/2461916458"
    },
    {
      "type": "Feature",
      "properties": {
        "@id": "node/2461916459",
        "name": "Pezam",
        "place": "village",
        "source": "WRI_2005"
      },
      "geometry": {
        "type": "Point",
        "coordinates": [
          15.0591876,
          3.1286282
        ]
      },
      "id": "node/2461916459"
    },
    {
      "type": "Feature",
      "properties": {
        "@id": "node/2461916460",
        "name": "Pokosso",
        "place": "village",
        "source": "WRI_2005"
      },
      "geometry": {
        "type": "Point",
        "coordinates": [
          15.2499994,
          2.0156427
        ]
      },
      "id": "node/2461916460"
    },
    {
      "type": "Feature",
      "properties": {
        "@id": "node/2461916461",
        "name": "Polydor",
        "place": "village",
        "source": "WRI_2005"
      },
      "geometry": {
        "type": "Point",
        "coordinates": [
          13.6610831,
          3.1467477
        ]
      },
      "id": "node/2461916461"
    },
    {
      "type": "Feature",
      "properties": {
        "@id": "node/2461916462",
        "name": "Yenga Port Gentil",
        "place": "village",
        "source": "WRI_2005"
      },
      "geometry": {
        "type": "Point",
        "coordinates": [
          15.3424359,
          2.3421671
        ]
      },
      "id": "node/2461916462"
    },
    {
      "type": "Feature",
      "properties": {
        "@id": "node/2461916463",
        "alt_name": "MPouyanga",
        "name": "Pouyanga",
        "place": "village",
        "source": "WRI_2005",
        "source:alt_name": "PCD Kenzou"
      },
      "geometry": {
        "type": "Point",
        "coordinates": [
          14.9239572,
          4.2282678
        ]
      },
      "id": "node/2461916463"
    },
    {
      "type": "Feature",
      "properties": {
        "@id": "node/2461916464",
        "name": "Pépo",
        "place": "village",
        "source": "WRI_2005"
      },
      "geometry": {
        "type": "Point",
        "coordinates": [
          13.9185579,
          3.9428519
        ]
      },
      "id": "node/2461916464"
    },
    {
      "type": "Feature",
      "properties": {
        "@id": "node/2461916465",
        "name": "Sagabin",
        "place": "village",
        "source": "WRI_2005"
      },
      "geometry": {
        "type": "Point",
        "coordinates": [
          13.1104345,
          3.9154768
        ]
      },
      "id": "node/2461916465"
    },
    {
      "type": "Feature",
      "properties": {
        "@id": "node/2461916467",
        "name": "Salangué",
        "place": "village",
        "source": "WRI_2005"
      },
      "geometry": {
        "type": "Point",
        "coordinates": [
          12.8138825,
          4.1069469
        ]
      },
      "id": "node/2461916467"
    },
    {
      "type": "Feature",
      "properties": {
        "@id": "node/2461916468",
        "name": "Salmeyong",
        "place": "village",
        "source": "WRI_2005"
      },
      "geometry": {
        "type": "Point",
        "coordinates": [
          12.621691,
          3.9090486
        ]
      },
      "id": "node/2461916468"
    },
    {
      "type": "Feature",
      "properties": {
        "@id": "node/2461916469",
        "name": "Salé",
        "place": "village",
        "source": "WRI_2005"
      },
      "geometry": {
        "type": "Point",
        "coordinates": [
          13.0064083,
          4.2310385
        ]
      },
      "id": "node/2461916469"
    },
    {
      "type": "Feature",
      "properties": {
        "@id": "node/2461916470",
        "name": "Samba",
        "place": "village",
        "source": "WRI_2005"
      },
      "geometry": {
        "type": "Point",
        "coordinates": [
          12.9639942,
          4.41699
        ]
      },
      "id": "node/2461916470"
    },
    {
      "type": "Feature",
      "properties": {
        "@id": "node/2461916471",
        "name": "Samis",
        "place": "village",
        "source": "WRI_2005"
      },
      "geometry": {
        "type": "Point",
        "coordinates": [
          15.2520564,
          2.9139593
        ]
      },
      "id": "node/2461916471"
    },
    {
      "type": "Feature",
      "properties": {
        "@id": "node/2461916472",
        "name": "Sandaé",
        "place": "village",
        "source": "WRI_2005"
      },
      "geometry": {
        "type": "Point",
        "coordinates": [
          14.3169,
          4.4153198
        ]
      },
      "id": "node/2461916472"
    },
    {
      "type": "Feature",
      "properties": {
        "@id": "node/2461916473",
        "name": "Sandji I",
        "place": "village",
        "source": "WRI_2005"
      },
      "geometry": {
        "type": "Point",
        "coordinates": [
          14.8679542,
          4.3090919
        ]
      },
      "id": "node/2461916473"
    },
    {
      "type": "Feature",
      "properties": {
        "@id": "node/2461916474",
        "name": "Sandji II",
        "place": "village",
        "source": "WRI_2005"
      },
      "geometry": {
        "type": "Point",
        "coordinates": [
          14.8909659,
          4.3057883
        ]
      },
      "id": "node/2461916474"
    },
    {
      "type": "Feature",
      "properties": {
        "@id": "node/2461916475",
        "name": "Sanga",
        "place": "village",
        "source": "WRI_2005"
      },
      "geometry": {
        "type": "Point",
        "coordinates": [
          15.0694359,
          3.6217059
        ]
      },
      "id": "node/2461916475"
    },
    {
      "type": "Feature",
      "properties": {
        "@id": "node/2461916476",
        "name": "Sangalé",
        "place": "village",
        "source": "WRI_2005"
      },
      "geometry": {
        "type": "Point",
        "coordinates": [
          14.8171973,
          4.1727761
        ]
      },
      "id": "node/2461916476"
    },
    {
      "type": "Feature",
      "properties": {
        "@id": "node/2461916477",
        "name": "Sembot",
        "place": "village",
        "source": "WRI_2005"
      },
      "geometry": {
        "type": "Point",
        "coordinates": [
          14.9298,
          3.2345196
        ]
      },
      "id": "node/2461916477"
    },
    {
      "type": "Feature",
      "properties": {
        "@id": "node/2461916478",
        "name": "Sembé",
        "place": "village",
        "source": "WRI_2005"
      },
      "geometry": {
        "type": "Point",
        "coordinates": [
          13.6279289,
          3.1427581
        ]
      },
      "id": "node/2461916478"
    },
    {
      "type": "Feature",
      "properties": {
        "@id": "node/2461916479",
        "name": "Sembé 2",
        "place": "village",
        "source": "WRI_2005",
        "source:alt_name": "PCD Kenzou"
      },
      "geometry": {
        "type": "Point",
        "coordinates": [
          14.8780579,
          4.3029053
        ]
      },
      "id": "node/2461916479"
    },
    {
      "type": "Feature",
      "properties": {
        "@id": "node/2461916480",
        "name": "Sengbout",
        "place": "village",
        "source": "WRI_2005"
      },
      "geometry": {
        "type": "Point",
        "coordinates": [
          15.0509511,
          3.1177404
        ]
      },
      "id": "node/2461916480"
    },
    {
      "type": "Feature",
      "properties": {
        "@id": "node/2461916482",
        "name": "Siméyong",
        "place": "village",
        "source": "WRI_2005"
      },
      "geometry": {
        "type": "Point",
        "coordinates": [
          13.5740901,
          4.2227631
        ]
      },
      "id": "node/2461916482"
    },
    {
      "type": "Feature",
      "properties": {
        "@id": "node/2461916484",
        "name": "Sokamalam",
        "place": "village",
        "source": "WRI_2005"
      },
      "geometry": {
        "type": "Point",
        "coordinates": [
          13.2545738,
          3.969871
        ]
      },
      "id": "node/2461916484"
    },
    {
      "type": "Feature",
      "properties": {
        "@id": "node/2461916485",
        "name": "Soleye",
        "place": "village",
        "source": "WRI_2005"
      },
      "geometry": {
        "type": "Point",
        "coordinates": [
          12.866922,
          3.8225578
        ]
      },
      "id": "node/2461916485"
    },
    {
      "type": "Feature",
      "properties": {
        "@id": "node/2461916487",
        "name": "Sonaligla",
        "place": "village",
        "source": "WRI_2005"
      },
      "geometry": {
        "type": "Point",
        "coordinates": [
          14.9700575,
          3.3335678
        ]
      },
      "id": "node/2461916487"
    },
    {
      "type": "Feature",
      "properties": {
        "@id": "node/2461916488",
        "name": "Song Ancien",
        "place": "village",
        "source": "WRI_2005"
      },
      "geometry": {
        "type": "Point",
        "coordinates": [
          14.7444091,
          2.9296406
        ]
      },
      "id": "node/2461916488"
    },
    {
      "type": "Feature",
      "properties": {
        "@id": "node/2461916489",
        "name": "Song",
        "place": "village",
        "source": "WRI_2005"
      },
      "geometry": {
        "type": "Point",
        "coordinates": [
          14.9722105,
          3.2569398
        ]
      },
      "id": "node/2461916489"
    },
    {
      "type": "Feature",
      "properties": {
        "@id": "node/2461916490",
        "name": "Soukedoum",
        "place": "village",
        "source": "WRI_2005"
      },
      "geometry": {
        "type": "Point",
        "coordinates": [
          14.7955186,
          3.4677846
        ]
      },
      "id": "node/2461916490"
    },
    {
      "type": "Feature",
      "properties": {
        "@id": "node/2461916491",
        "name": "Swam",
        "place": "village",
        "source": "WRI_2005"
      },
      "geometry": {
        "type": "Point",
        "coordinates": [
          13.6906345,
          3.1444025
        ]
      },
      "id": "node/2461916491"
    },
    {
      "type": "Feature",
      "properties": {
        "@id": "node/2461916492",
        "name": "Swombou",
        "place": "village",
        "source": "WRI_2005"
      },
      "geometry": {
        "type": "Point",
        "coordinates": [
          12.9751017,
          3.9991373
        ]
      },
      "id": "node/2461916492"
    },
    {
      "type": "Feature",
      "properties": {
        "@id": "node/2461916493",
        "name": "Ségueléndom",
        "place": "village",
        "source": "WRI_2005"
      },
      "geometry": {
        "type": "Point",
        "coordinates": [
          13.1307746,
          4.3223397
        ]
      },
      "id": "node/2461916493"
    },
    {
      "type": "Feature",
      "properties": {
        "@id": "node/2461916494",
        "name": "Tchandja",
        "place": "village",
        "source": "WRI_2005"
      },
      "geometry": {
        "type": "Point",
        "coordinates": [
          13.5139211,
          4.303129
        ]
      },
      "id": "node/2461916494"
    },
    {
      "type": "Feature",
      "properties": {
        "@id": "node/2461916495",
        "name": "Tembé",
        "place": "village",
        "source": "WRI_2005"
      },
      "geometry": {
        "type": "Point",
        "coordinates": [
          15.2536621,
          2.7764017
        ]
      },
      "id": "node/2461916495"
    },
    {
      "type": "Feature",
      "properties": {
        "@id": "node/2461916496",
        "name": "Yenga Tengué",
        "place": "village",
        "source": "WRI_2005"
      },
      "geometry": {
        "type": "Point",
        "coordinates": [
          15.3479782,
          2.3616552
        ]
      },
      "id": "node/2461916496"
    },
    {
      "type": "Feature",
      "properties": {
        "@id": "node/2461916497",
        "name": "Tessang",
        "place": "village",
        "source": "WRI_2005"
      },
      "geometry": {
        "type": "Point",
        "coordinates": [
          12.7603239,
          3.6354748
        ]
      },
      "id": "node/2461916497"
    },
    {
      "type": "Feature",
      "properties": {
        "@id": "node/2461916498",
        "name": "Tikondi II",
        "place": "village",
        "source": "WRI_2005"
      },
      "geometry": {
        "type": "Point",
        "coordinates": [
          14.7491039,
          4.3734304
        ]
      },
      "id": "node/2461916498"
    },
    {
      "type": "Feature",
      "properties": {
        "@id": "node/2461916499",
        "alt_name": "Tekondou",
        "name": "Tikondi",
        "place": "village",
        "source": "WRI_2005"
      },
      "geometry": {
        "type": "Point",
        "coordinates": [
          14.2492591,
          3.9356022
        ]
      },
      "id": "node/2461916499"
    },
    {
      "type": "Feature",
      "properties": {
        "@id": "node/2461916500",
        "alt_name": "Tindi",
        "name": "Tikondi",
        "place": "village",
        "source": "WRI_2005"
      },
      "geometry": {
        "type": "Point",
        "coordinates": [
          14.6647039,
          4.188946
        ]
      },
      "id": "node/2461916500"
    },
    {
      "type": "Feature",
      "properties": {
        "@id": "node/2461916501",
        "name": "Titiep",
        "place": "village",
        "source": "WRI_2005"
      },
      "geometry": {
        "type": "Point",
        "coordinates": [
          13.6754025,
          3.1469923
        ]
      },
      "id": "node/2461916501"
    },
    {
      "type": "Feature",
      "properties": {
        "@id": "node/2461916503",
        "name": "Tombi",
        "place": "village",
        "source": "WRI_2005"
      },
      "geometry": {
        "type": "Point",
        "coordinates": [
          15.1337664,
          3.7037835
        ]
      },
      "id": "node/2461916503"
    },
    {
      "type": "Feature",
      "properties": {
        "@id": "node/2461916504",
        "name": "Tonga",
        "place": "village",
        "source": "WRI_2005"
      },
      "geometry": {
        "type": "Point",
        "coordinates": [
          12.6726048,
          3.4344871
        ]
      },
      "id": "node/2461916504"
    },
    {
      "type": "Feature",
      "properties": {
        "@id": "node/2461916505",
        "name": "Tonkla",
        "place": "village",
        "source": "WRI_2005"
      },
      "geometry": {
        "type": "Point",
        "coordinates": [
          13.5278191,
          3.426105
        ]
      },
      "id": "node/2461916505"
    },
    {
      "type": "Feature",
      "properties": {
        "@id": "node/2461916506",
        "name": "Tonla",
        "place": "village",
        "source": "WRI_2005"
      },
      "geometry": {
        "type": "Point",
        "coordinates": [
          12.7300202,
          3.6116432
        ]
      },
      "id": "node/2461916506"
    },
    {
      "type": "Feature",
      "properties": {
        "@id": "node/2461916507",
        "name": "Touké",
        "place": "village",
        "source": "WRI_2005"
      },
      "geometry": {
        "type": "Point",
        "coordinates": [
          14.8056699,
          2.9923275
        ]
      },
      "id": "node/2461916507"
    },
    {
      "type": "Feature",
      "properties": {
        "@id": "node/2461916508",
        "name": "Touki II",
        "place": "village",
        "source": "WRI_2005"
      },
      "geometry": {
        "type": "Point",
        "coordinates": [
          14.3854565,
          4.2366226
        ]
      },
      "id": "node/2461916508"
    },
    {
      "type": "Feature",
      "properties": {
        "@id": "node/2461916509",
        "name": "Toungrelo",
        "place": "village",
        "source": "WRI_2005"
      },
      "geometry": {
        "type": "Point",
        "coordinates": [
          13.5267595,
          4.3558094
        ]
      },
      "id": "node/2461916509"
    },
    {
      "type": "Feature",
      "properties": {
        "@id": "node/2461916510",
        "name": "Tyen",
        "place": "village",
        "source": "WRI_2005"
      },
      "geometry": {
        "type": "Point",
        "coordinates": [
          12.6349478,
          3.6111668
        ]
      },
      "id": "node/2461916510"
    },
    {
      "type": "Feature",
      "properties": {
        "@id": "node/2461916511",
        "name": "Tékésam",
        "place": "village",
        "source": "WRI_2005"
      },
      "geometry": {
        "type": "Point",
        "coordinates": [
          13.9831189,
          2.6982652
        ]
      },
      "id": "node/2461916511"
    },
    {
      "type": "Feature",
      "properties": {
        "@id": "node/2461916513",
        "name": "Wama",
        "place": "village",
        "source": "WRI_2005"
      },
      "geometry": {
        "type": "Point",
        "coordinates": [
          13.1547446,
          4.0479712
        ]
      },
      "id": "node/2461916513"
    },
    {
      "type": "Feature",
      "properties": {
        "@id": "node/2461916514",
        "name": "Wassé",
        "place": "village",
        "source": "WRI_2005"
      },
      "geometry": {
        "type": "Point",
        "coordinates": [
          14.9321928,
          4.2595198
        ]
      },
      "id": "node/2461916514"
    },
    {
      "type": "Feature",
      "properties": {
        "@id": "node/2461916515",
        "name": "Weya",
        "place": "village",
        "source": "WRI_2005"
      },
      "geometry": {
        "type": "Point",
        "coordinates": [
          13.026564,
          4.4517018
        ]
      },
      "id": "node/2461916515"
    },
    {
      "type": "Feature",
      "properties": {
        "@id": "node/2461916516",
        "name": "Weya",
        "place": "village",
        "source": "WRI_2005"
      },
      "geometry": {
        "type": "Point",
        "coordinates": [
          13.0051887,
          4.4836888
        ]
      },
      "id": "node/2461916516"
    },
    {
      "type": "Feature",
      "properties": {
        "@id": "node/2461916518",
        "name": "Wélélé",
        "place": "village",
        "source": "WRI_2005"
      },
      "geometry": {
        "type": "Point",
        "coordinates": [
          15.3681857,
          2.637987
        ]
      },
      "id": "node/2461916518"
    },
    {
      "type": "Feature",
      "properties": {
        "@id": "node/2461916521",
        "name": "Yanebot Bellevue",
        "place": "village",
        "source": "WRI_2005"
      },
      "geometry": {
        "type": "Point",
        "coordinates": [
          14.1203326,
          2.3621275
        ]
      },
      "id": "node/2461916521"
    },
    {
      "type": "Feature",
      "properties": {
        "@id": "node/2461916522",
        "name": "Yanebot I",
        "place": "village",
        "source": "WRI_2005"
      },
      "geometry": {
        "type": "Point",
        "coordinates": [
          14.0022122,
          2.9170353
        ]
      },
      "id": "node/2461916522"
    },
    {
      "type": "Feature",
      "properties": {
        "@id": "node/2461916523",
        "name": "Yanebot II",
        "place": "village",
        "source": "WRI_2005"
      },
      "geometry": {
        "type": "Point",
        "coordinates": [
          14.1051212,
          2.3715516
        ]
      },
      "id": "node/2461916523"
    },
    {
      "type": "Feature",
      "properties": {
        "@id": "node/2461916525",
        "name": "Yenga",
        "place": "village",
        "source": "WRI_2005"
      },
      "geometry": {
        "type": "Point",
        "coordinates": [
          15.3446211,
          2.3012864
        ]
      },
      "id": "node/2461916525"
    },
    {
      "type": "Feature",
      "properties": {
        "@id": "node/2461916526",
        "name": "Zembé I",
        "place": "village",
        "source": "WRI_2005"
      },
      "geometry": {
        "type": "Point",
        "coordinates": [
          12.9076641,
          4.4433145
        ]
      },
      "id": "node/2461916526"
    },
    {
      "type": "Feature",
      "properties": {
        "@id": "node/2461916527",
        "name": "Zend",
        "place": "village",
        "source": "WRI_2005"
      },
      "geometry": {
        "type": "Point",
        "coordinates": [
          12.982844,
          4.0742313
        ]
      },
      "id": "node/2461916527"
    },
    {
      "type": "Feature",
      "properties": {
        "@id": "node/2461916528",
        "name": "Zendé",
        "place": "village",
        "source": "WRI_2005"
      },
      "geometry": {
        "type": "Point",
        "coordinates": [
          13.0076851,
          4.0806665
        ]
      },
      "id": "node/2461916528"
    },
    {
      "type": "Feature",
      "properties": {
        "@id": "node/2461916529",
        "name": "Zenkam",
        "place": "village",
        "source": "WRI_2005"
      },
      "geometry": {
        "type": "Point",
        "coordinates": [
          13.0344455,
          3.4156655
        ]
      },
      "id": "node/2461916529"
    },
    {
      "type": "Feature",
      "properties": {
        "@id": "node/2461916530",
        "name": "Zo'ebefam",
        "place": "village",
        "source": "WRI_2005"
      },
      "geometry": {
        "type": "Point",
        "coordinates": [
          13.1122388,
          3.5865837
        ]
      },
      "id": "node/2461916530"
    },
    {
      "type": "Feature",
      "properties": {
        "@id": "node/2461916531",
        "name": "Zoguela",
        "place": "village",
        "source": "WRI_2005"
      },
      "geometry": {
        "type": "Point",
        "coordinates": [
          12.8797551,
          3.9993087
        ]
      },
      "id": "node/2461916531"
    },
    {
      "type": "Feature",
      "properties": {
        "@id": "node/2461916532",
        "name": "Zoguemboou",
        "place": "village",
        "source": "WRI_2005"
      },
      "geometry": {
        "type": "Point",
        "coordinates": [
          13.1192438,
          3.9411132
        ]
      },
      "id": "node/2461916532"
    },
    {
      "type": "Feature",
      "properties": {
        "@id": "node/2461916533",
        "name": "Zokadiba",
        "place": "village",
        "source": "WRI_2005"
      },
      "geometry": {
        "type": "Point",
        "coordinates": [
          14.8512458,
          3.0593368
        ]
      },
      "id": "node/2461916533"
    },
    {
      "type": "Feature",
      "properties": {
        "@id": "node/2461916534",
        "name": "Zokboulanebone",
        "place": "village",
        "source": "WRI_2005"
      },
      "geometry": {
        "type": "Point",
        "coordinates": [
          15.1730636,
          3.5044512
        ]
      },
      "id": "node/2461916534"
    },
    {
      "type": "Feature",
      "properties": {
        "@id": "node/2461916538",
        "name": "Zoulabot",
        "place": "village",
        "source": "WRI_2005"
      },
      "geometry": {
        "type": "Point",
        "coordinates": [
          13.9756259,
          2.7197148
        ]
      },
      "id": "node/2461916538"
    },
    {
      "type": "Feature",
      "properties": {
        "@id": "node/2461916539",
        "name": "Zoulabot ancien",
        "place": "village",
        "source": "WRI_2005"
      },
      "geometry": {
        "type": "Point",
        "coordinates": [
          14.559439,
          2.7949742
        ]
      },
      "id": "node/2461916539"
    },
    {
      "type": "Feature",
      "properties": {
        "@id": "node/2461916540",
        "name": "Zoulabot",
        "place": "village",
        "source": "WRI_2005"
      },
      "geometry": {
        "type": "Point",
        "coordinates": [
          13.5558947,
          2.9751909
        ]
      },
      "id": "node/2461916540"
    },
    {
      "type": "Feature",
      "properties": {
        "@id": "node/2461916541",
        "name": "Zoulabot nouveau",
        "place": "village",
        "source": "WRI_2005"
      },
      "geometry": {
        "type": "Point",
        "coordinates": [
          14.9439709,
          3.2514572
        ]
      },
      "id": "node/2461916541"
    },
    {
      "type": "Feature",
      "properties": {
        "@id": "node/2461916542",
        "name": "Zoulabot",
        "place": "village",
        "source": "WRI_2005"
      },
      "geometry": {
        "type": "Point",
        "coordinates": [
          14.0424314,
          3.26928
        ]
      },
      "id": "node/2461916542"
    },
    {
      "type": "Feature",
      "properties": {
        "@id": "node/2461916546",
        "name": "Zoumé",
        "place": "village",
        "source": "WRI_2005"
      },
      "geometry": {
        "type": "Point",
        "coordinates": [
          12.9413984,
          4.1768358
        ]
      },
      "id": "node/2461916546"
    },
    {
      "type": "Feature",
      "properties": {
        "@id": "node/2461916548",
        "name": "Zwadiba",
        "place": "village",
        "source": "WRI_2005"
      },
      "geometry": {
        "type": "Point",
        "coordinates": [
          14.0991867,
          3.0631851
        ]
      },
      "id": "node/2461916548"
    },
    {
      "type": "Feature",
      "properties": {
        "@id": "node/2462072518",
        "name": "Aboumandjalé",
        "place": "village",
        "source": "WRI_2005"
      },
      "geometry": {
        "type": "Point",
        "coordinates": [
          13.3266368,
          4.6525445
        ]
      },
      "id": "node/2462072518"
    },
    {
      "type": "Feature",
      "properties": {
        "@id": "node/2462072524",
        "name": "Adia",
        "place": "village",
        "source": "WRI_2005"
      },
      "geometry": {
        "type": "Point",
        "coordinates": [
          13.3629971,
          4.8282989
        ]
      },
      "id": "node/2462072524"
    },
    {
      "type": "Feature",
      "properties": {
        "@id": "node/2462072540",
        "alt_name": "Akakele",
        "name": "Akakélé",
        "place": "village",
        "source": "WRI_2005"
      },
      "geometry": {
        "type": "Point",
        "coordinates": [
          14.1585858,
          4.444963
        ]
      },
      "id": "node/2462072540"
    },
    {
      "type": "Feature",
      "properties": {
        "@id": "node/2462072552",
        "alt_name": "Akokan",
        "name": "Akokang",
        "place": "village",
        "source": "WRI_2005"
      },
      "geometry": {
        "type": "Point",
        "coordinates": [
          14.0883715,
          4.474863
        ]
      },
      "id": "node/2462072552"
    },
    {
      "type": "Feature",
      "properties": {
        "@id": "node/2462072569",
        "name": "Akom",
        "place": "village",
        "source": "WRI_2005"
      },
      "geometry": {
        "type": "Point",
        "coordinates": [
          14.211148,
          3.9203221
        ]
      },
      "id": "node/2462072569"
    },
    {
      "type": "Feature",
      "properties": {
        "@id": "node/2462072594",
        "name": "Andingkol",
        "place": "village",
        "source": "WRI_2005"
      },
      "geometry": {
        "type": "Point",
        "coordinates": [
          13.788067,
          4.6490526
        ]
      },
      "id": "node/2462072594"
    },
    {
      "type": "Feature",
      "properties": {
        "@id": "node/2462072600",
        "name": "Andom",
        "place": "village",
        "source": "WRI_2005"
      },
      "geometry": {
        "type": "Point",
        "coordinates": [
          13.2615034,
          4.5825146
        ]
      },
      "id": "node/2462072600"
    },
    {
      "type": "Feature",
      "properties": {
        "@id": "node/2462072672",
        "name": "Gbabio",
        "place": "village",
        "source": "WRI_2005"
      },
      "geometry": {
        "type": "Point",
        "coordinates": [
          14.5451407,
          5.7864555
        ]
      },
      "id": "node/2462072672"
    },
    {
      "type": "Feature",
      "properties": {
        "@id": "node/2462072690",
        "name": "Badang",
        "place": "village",
        "source": "WRI_2005"
      },
      "geometry": {
        "type": "Point",
        "coordinates": [
          14.4989101,
          5.7803398
        ]
      },
      "id": "node/2462072690"
    },
    {
      "type": "Feature",
      "properties": {
        "@id": "node/2462072704",
        "name": "Badzéré",
        "place": "village",
        "source": "WRI_2005"
      },
      "geometry": {
        "type": "Point",
        "coordinates": [
          14.4417716,
          5.7496056
        ]
      },
      "id": "node/2462072704"
    },
    {
      "type": "Feature",
      "properties": {
        "@id": "node/2462072729",
        "name": "Bambasse",
        "place": "village",
        "source": "WRI_2005"
      },
      "geometry": {
        "type": "Point",
        "coordinates": [
          13.2638626,
          4.9846323
        ]
      },
      "id": "node/2462072729"
    },
    {
      "type": "Feature",
      "properties": {
        "@id": "node/2462072738",
        "landuse": "village_green",
        "name": "Bambiri",
        "place": "village",
        "source": "WRI_2005"
      },
      "geometry": {
        "type": "Point",
        "coordinates": [
          13.7926669,
          5.82164
        ]
      },
      "id": "node/2462072738"
    },
    {
      "type": "Feature",
      "properties": {
        "@id": "node/2462072742",
        "name": "Bambota",
        "place": "village",
        "source": "WRI_2005"
      },
      "geometry": {
        "type": "Point",
        "coordinates": [
          14.2791837,
          4.1985817
        ]
      },
      "id": "node/2462072742"
    },
    {
      "type": "Feature",
      "properties": {
        "@id": "node/2462072746",
        "name": "Bambouti",
        "place": "village",
        "source": "WRI_2005"
      },
      "geometry": {
        "type": "Point",
        "coordinates": [
          14.0288104,
          5.0792589
        ]
      },
      "id": "node/2462072746"
    },
    {
      "type": "Feature",
      "properties": {
        "@id": "node/2462072750",
        "name": "Bamekok",
        "place": "village",
        "source": "WRI_2005"
      },
      "geometry": {
        "type": "Point",
        "coordinates": [
          14.1511391,
          4.2046089
        ]
      },
      "id": "node/2462072750"
    },
    {
      "type": "Feature",
      "properties": {
        "@id": "node/2462072758",
        "name": "Banbiri",
        "place": "village",
        "source": "WRI_2005"
      },
      "geometry": {
        "type": "Point",
        "coordinates": [
          13.4586094,
          5.6751122
        ]
      },
      "id": "node/2462072758"
    },
    {
      "type": "Feature",
      "properties": {
        "@id": "node/2462072762",
        "name": "Bangbel",
        "place": "village",
        "source": "WRI_2005"
      },
      "geometry": {
        "type": "Point",
        "coordinates": [
          14.1316465,
          5.7147346
        ]
      },
      "id": "node/2462072762"
    },
    {
      "type": "Feature",
      "properties": {
        "@id": "node/2462072766",
        "alt_name": "Banyo 1",
        "name": "Banyo",
        "place": "village",
        "source": "WRI_2005",
        "source:alt_name": "PCD Batouri"
      },
      "geometry": {
        "type": "Point",
        "coordinates": [
          14.0122437,
          4.4836895
        ]
      },
      "id": "node/2462072766"
    },
    {
      "type": "Feature",
      "properties": {
        "@id": "node/2462072771",
        "name": "Baoko",
        "place": "village",
        "source": "WRI_2005"
      },
      "geometry": {
        "type": "Point",
        "coordinates": [
          13.5847449,
          5.6958865
        ]
      },
      "id": "node/2462072771"
    },
    {
      "type": "Feature",
      "properties": {
        "@id": "node/2462072782",
        "name": "Bardé Ndokayo",
        "place": "village",
        "source": "WRI_2005"
      },
      "geometry": {
        "type": "Point",
        "coordinates": [
          13.9406613,
          5.5872962
        ]
      },
      "id": "node/2462072782"
    },
    {
      "type": "Feature",
      "properties": {
        "@id": "node/2462072786",
        "name": "Bargèl",
        "place": "village",
        "source": "WRI_2005"
      },
      "geometry": {
        "type": "Point",
        "coordinates": [
          13.1729032,
          5.2293677
        ]
      },
      "id": "node/2462072786"
    },
    {
      "type": "Feature",
      "properties": {
        "@id": "node/2462072790",
        "name": "Bassanguia",
        "place": "village",
        "source": "WRI_2005"
      },
      "geometry": {
        "type": "Point",
        "coordinates": [
          14.6511725,
          5.2107499
        ]
      },
      "id": "node/2462072790"
    },
    {
      "type": "Feature",
      "properties": {
        "@id": "node/2462072816",
        "name": "Petit Bazama",
        "place": "village",
        "source": "WRI_2005"
      },
      "geometry": {
        "type": "Point",
        "coordinates": [
          13.9351405,
          4.5146022
        ]
      },
      "id": "node/2462072816"
    },
    {
      "type": "Feature",
      "properties": {
        "@id": "node/2462072820",
        "name": "Bedobo",
        "place": "village",
        "source": "WRI_2005"
      },
      "geometry": {
        "type": "Point",
        "coordinates": [
          14.5568701,
          4.79768
        ]
      },
      "id": "node/2462072820"
    },
    {
      "type": "Feature",
      "properties": {
        "@id": "node/2462072844",
        "name": "Bembara",
        "place": "village",
        "source": "WRI_2005"
      },
      "geometry": {
        "type": "Point",
        "coordinates": [
          13.4485246,
          5.6668121
        ]
      },
      "id": "node/2462072844"
    },
    {
      "type": "Feature",
      "properties": {
        "@id": "node/2462072851",
        "name": "Bendélé",
        "place": "village",
        "source": "WRI_2005"
      },
      "geometry": {
        "type": "Point",
        "coordinates": [
          13.9807321,
          5.5979408
        ]
      },
      "id": "node/2462072851"
    },
    {
      "type": "Feature",
      "properties": {
        "@id": "node/2462072854",
        "alt_name": "Bingue-Tiko",
        "name": "Bengué Tiko",
        "place": "village",
        "source": "WRI_2005"
      },
      "geometry": {
        "type": "Point",
        "coordinates": [
          14.5195705,
          5.0680923
        ]
      },
      "id": "node/2462072854"
    },
    {
      "type": "Feature",
      "properties": {
        "@id": "node/2462072861",
        "name": "Biboko",
        "place": "village",
        "source": "WRI_2005"
      },
      "geometry": {
        "type": "Point",
        "coordinates": [
          13.8217052,
          5.6693229
        ]
      },
      "id": "node/2462072861"
    },
    {
      "type": "Feature",
      "properties": {
        "@id": "node/2462072873",
        "name": "Bika",
        "place": "village",
        "source": "WRI_2005"
      },
      "geometry": {
        "type": "Point",
        "coordinates": [
          13.0101213,
          4.5665617
        ]
      },
      "id": "node/2462072873"
    },
    {
      "type": "Feature",
      "properties": {
        "@id": "node/2462072906",
        "alt_name": "Bitouala",
        "name": "Bitwala",
        "place": "village",
        "source": "WRI_2005"
      },
      "geometry": {
        "type": "Point",
        "coordinates": [
          14.15402,
          3.9334359
        ]
      },
      "id": "node/2462072906"
    },
    {
      "type": "Feature",
      "properties": {
        "@id": "node/2462072910",
        "name": "Boden",
        "place": "village",
        "source": "WRI_2005"
      },
      "geometry": {
        "type": "Point",
        "coordinates": [
          14.4389476,
          4.9835336
        ]
      },
      "id": "node/2462072910"
    },
    {
      "type": "Feature",
      "properties": {
        "@id": "node/2462072914",
        "name": "Bodomo",
        "place": "village",
        "source": "WRI_2005"
      },
      "geometry": {
        "type": "Point",
        "coordinates": [
          13.8978649,
          5.5764453
        ]
      },
      "id": "node/2462072914"
    },
    {
      "type": "Feature",
      "properties": {
        "@id": "node/2462072930",
        "name": "Bombi",
        "place": "village",
        "source": "WRI_2005"
      },
      "geometry": {
        "type": "Point",
        "coordinates": [
          13.4918474,
          4.9430817
        ]
      },
      "id": "node/2462072930"
    },
    {
      "type": "Feature",
      "properties": {
        "@id": "node/2462072946",
        "name": "Bongo",
        "place": "village",
        "source": "WRI_2005"
      },
      "geometry": {
        "type": "Point",
        "coordinates": [
          14.1792404,
          5.5217682
        ]
      },
      "id": "node/2462072946"
    },
    {
      "type": "Feature",
      "properties": {
        "@id": "node/2462072950",
        "name": "Bongon",
        "place": "village",
        "source": "WRI_2005"
      },
      "geometry": {
        "type": "Point",
        "coordinates": [
          14.2703782,
          5.1417127
        ]
      },
      "id": "node/2462072950"
    },
    {
      "type": "Feature",
      "properties": {
        "@id": "node/2462072954",
        "alt_name": "Boni",
        "name": "Bonis",
        "place": "village",
        "source": "WRI_2005, mapbox"
      },
      "geometry": {
        "type": "Point",
        "coordinates": [
          13.6165906,
          4.5519728
        ]
      },
      "id": "node/2462072954"
    },
    {
      "type": "Feature",
      "properties": {
        "@id": "node/2462072961",
        "name": "Borongo",
        "place": "village",
        "source": "WRI_2005"
      },
      "geometry": {
        "type": "Point",
        "coordinates": [
          14.3009229,
          5.4960815
        ]
      },
      "id": "node/2462072961"
    },
    {
      "type": "Feature",
      "properties": {
        "@id": "node/2462072979",
        "name": "Boulembe",
        "place": "village",
        "source": "WRI_2005"
      },
      "geometry": {
        "type": "Point",
        "coordinates": [
          13.8643095,
          4.7431754
        ]
      },
      "id": "node/2462072979"
    },
    {
      "type": "Feature",
      "properties": {
        "@id": "node/2462072983",
        "name": "Bouli",
        "place": "village",
        "source": "WRI_2005"
      },
      "geometry": {
        "type": "Point",
        "coordinates": [
          13.8610725,
          5.5792418
        ]
      },
      "id": "node/2462072983"
    },
    {
      "type": "Feature",
      "properties": {
        "@id": "node/2462072987",
        "name": "Boumbaka",
        "place": "village",
        "source": "WRI_2005"
      },
      "geometry": {
        "type": "Point",
        "coordinates": [
          14.2637455,
          4.7787503
        ]
      },
      "id": "node/2462072987"
    },
    {
      "type": "Feature",
      "properties": {
        "@id": "node/2462072991",
        "name": "Boundou",
        "place": "village",
        "source": "WRI_2005"
      },
      "geometry": {
        "type": "Point",
        "coordinates": [
          13.387548,
          5.6541235
        ]
      },
      "id": "node/2462072991"
    },
    {
      "type": "Feature",
      "properties": {
        "@id": "node/2462072998",
        "alt_name": "Bossia",
        "name": "Boussia",
        "place": "village",
        "source": "WRI_2005",
        "source:alt_name": "PCD Kette"
      },
      "geometry": {
        "type": "Point",
        "coordinates": [
          14.5633139,
          4.9229402
        ]
      },
      "id": "node/2462072998"
    },
    {
      "type": "Feature",
      "properties": {
        "@id": "node/2462073002",
        "name": "Boutila",
        "place": "village",
        "source": "WRI_2005"
      },
      "geometry": {
        "type": "Point",
        "coordinates": [
          14.4382476,
          5.7081921
        ]
      },
      "id": "node/2462073002"
    },
    {
      "type": "Feature",
      "properties": {
        "@id": "node/2462073009",
        "name": "Brigaya",
        "place": "village",
        "source": "WRI_2005"
      },
      "geometry": {
        "type": "Point",
        "coordinates": [
          13.8347575,
          4.70327
        ]
      },
      "id": "node/2462073009"
    },
    {
      "type": "Feature",
      "properties": {
        "@id": "node/2462073023",
        "name": "Daboule",
        "place": "village",
        "source": "WRI_2005"
      },
      "geometry": {
        "type": "Point",
        "coordinates": [
          13.8251645,
          5.8672895
        ]
      },
      "id": "node/2462073023"
    },
    {
      "type": "Feature",
      "properties": {
        "@id": "node/2462073026",
        "name": "Dabouli",
        "place": "village",
        "source": "WRI_2005"
      },
      "geometry": {
        "type": "Point",
        "coordinates": [
          14.4852892,
          5.8960435
        ]
      },
      "id": "node/2462073026"
    },
    {
      "type": "Feature",
      "properties": {
        "@id": "node/2462073031",
        "alt_name": "Djoeguene",
        "name": "Daliguéné",
        "place": "village",
        "source": "WRI_2005",
        "source:alt_name": "PCD Batouri"
      },
      "geometry": {
        "type": "Point",
        "coordinates": [
          14.1695736,
          4.432812
        ]
      },
      "id": "node/2462073031"
    },
    {
      "type": "Feature",
      "properties": {
        "@id": "node/2462073042",
        "name": "Dang Haoussa II",
        "place": "village",
        "source": "WRI_2005"
      },
      "geometry": {
        "type": "Point",
        "coordinates": [
          13.8183266,
          5.8521396
        ]
      },
      "id": "node/2462073042"
    },
    {
      "type": "Feature",
      "properties": {
        "@id": "node/2462073046",
        "name": "Dang Haoussa",
        "place": "village",
        "source": "WRI_2005"
      },
      "geometry": {
        "type": "Point",
        "coordinates": [
          13.5533518,
          5.7172991
        ]
      },
      "id": "node/2462073046"
    },
    {
      "type": "Feature",
      "properties": {
        "@id": "node/2462073050",
        "name": "Dang Patou",
        "place": "village",
        "source": "WRI_2005"
      },
      "geometry": {
        "type": "Point",
        "coordinates": [
          13.8381104,
          5.9174712
        ]
      },
      "id": "node/2462073050"
    },
    {
      "type": "Feature",
      "properties": {
        "@id": "node/2462073061",
        "name": "Dayguéné",
        "place": "village",
        "source": "WRI_2005"
      },
      "geometry": {
        "type": "Point",
        "coordinates": [
          13.8382894,
          4.7750791
        ]
      },
      "id": "node/2462073061"
    },
    {
      "type": "Feature",
      "properties": {
        "@id": "node/2462073064",
        "name": "Deng Deng",
        "place": "village",
        "source": "WRI_2005"
      },
      "geometry": {
        "type": "Point",
        "coordinates": [
          13.5245616,
          5.1942732
        ]
      },
      "id": "node/2462073064"
    },
    {
      "type": "Feature",
      "properties": {
        "@id": "node/2462073073",
        "name": "Deole",
        "place": "village",
        "source": "WRI_2005"
      },
      "geometry": {
        "type": "Point",
        "coordinates": [
          13.5643106,
          5.2258786
        ]
      },
      "id": "node/2462073073"
    },
    {
      "type": "Feature",
      "properties": {
        "@id": "node/2462073076",
        "name": "Detwadio",
        "place": "village",
        "source": "WRI_2005"
      },
      "geometry": {
        "type": "Point",
        "coordinates": [
          14.4138663,
          5.6913692
        ]
      },
      "id": "node/2462073076"
    },
    {
      "type": "Feature",
      "properties": {
        "@id": "node/2462073087",
        "name": "Dikol",
        "place": "village",
        "source": "WRI_2005"
      },
      "geometry": {
        "type": "Point",
        "coordinates": [
          13.088732,
          5.3780157
        ]
      },
      "id": "node/2462073087"
    },
    {
      "type": "Feature",
      "properties": {
        "@id": "node/2462073092",
        "name": "Dimako II",
        "place": "village",
        "source": "WRI_2005"
      },
      "geometry": {
        "type": "Point",
        "coordinates": [
          14.1575643,
          4.3638682
        ]
      },
      "id": "node/2462073092"
    },
    {
      "type": "Feature",
      "properties": {
        "@id": "node/2462073095",
        "name": "Dimon",
        "place": "village",
        "source": "WRI_2005"
      },
      "geometry": {
        "type": "Point",
        "coordinates": [
          12.9205046,
          5.231543
        ]
      },
      "id": "node/2462073095"
    },
    {
      "type": "Feature",
      "properties": {
        "@id": "node/2462073099",
        "name": "Dina",
        "place": "village",
        "source": "WRI_2005"
      },
      "geometry": {
        "type": "Point",
        "coordinates": [
          13.0497265,
          5.2307871
        ]
      },
      "id": "node/2462073099"
    },
    {
      "type": "Feature",
      "properties": {
        "@id": "node/2462073130",
        "name": "Djaoro Mbali",
        "place": "village",
        "source": "WRI_2005"
      },
      "geometry": {
        "type": "Point",
        "coordinates": [
          13.8356521,
          5.873323
        ]
      },
      "id": "node/2462073130"
    },
    {
      "type": "Feature",
      "properties": {
        "@id": "node/2462073162",
        "name": "Dokto",
        "place": "village",
        "source": "WRI_2005"
      },
      "geometry": {
        "type": "Point",
        "coordinates": [
          13.2012814,
          5.6974038
        ]
      },
      "id": "node/2462073162"
    },
    {
      "type": "Feature",
      "properties": {
        "@id": "node/2462073166",
        "name": "Dole",
        "place": "village",
        "source": "WRI_2005"
      },
      "geometry": {
        "type": "Point",
        "coordinates": [
          13.8502823,
          5.7303381
        ]
      },
      "id": "node/2462073166"
    },
    {
      "type": "Feature",
      "properties": {
        "@id": "node/2462073170",
        "name": "Dolé",
        "place": "village",
        "source": "WRI_2005"
      },
      "geometry": {
        "type": "Point",
        "coordinates": [
          13.7930198,
          5.6215686
        ]
      },
      "id": "node/2462073170"
    },
    {
      "type": "Feature",
      "properties": {
        "@id": "node/2462073180",
        "name": "Dondi",
        "place": "village",
        "source": "WRI_2005"
      },
      "geometry": {
        "type": "Point",
        "coordinates": [
          13.5363776,
          4.8450216
        ]
      },
      "id": "node/2462073180"
    },
    {
      "type": "Feature",
      "properties": {
        "@id": "node/2462073184",
        "name": "Dongo",
        "place": "village",
        "source": "WRI_2005"
      },
      "geometry": {
        "type": "Point",
        "coordinates": [
          13.4087539,
          4.7089832
        ]
      },
      "id": "node/2462073184"
    },
    {
      "type": "Feature",
      "properties": {
        "@id": "node/2462073212",
        "name": "Doube",
        "place": "village",
        "source": "WRI_2005"
      },
      "geometry": {
        "type": "Point",
        "coordinates": [
          13.3232456,
          5.0136146
        ]
      },
      "id": "node/2462073212"
    },
    {
      "type": "Feature",
      "properties": {
        "@id": "node/2462073229",
        "name": "Ebaka",
        "place": "village",
        "source": "WRI_2005"
      },
      "geometry": {
        "type": "Point",
        "coordinates": [
          13.3090506,
          4.9433211
        ]
      },
      "id": "node/2462073229"
    },
    {
      "type": "Feature",
      "properties": {
        "@id": "node/2462073244",
        "name": "Ebouété",
        "place": "village",
        "source": "WRI_2005"
      },
      "geometry": {
        "type": "Point",
        "coordinates": [
          14.0929228,
          4.0264373
        ]
      },
      "id": "node/2462073244"
    },
    {
      "type": "Feature",
      "properties": {
        "@id": "node/2462073251",
        "name": "Ekak",
        "place": "village",
        "source": "WRI_2005"
      },
      "geometry": {
        "type": "Point",
        "coordinates": [
          13.2139203,
          4.8488624
        ]
      },
      "id": "node/2462073251"
    },
    {
      "type": "Feature",
      "properties": {
        "@id": "node/2462073286",
        "name": "Essamiem",
        "place": "village",
        "source": "WRI_2005"
      },
      "geometry": {
        "type": "Point",
        "coordinates": [
          13.2531569,
          4.7725352
        ]
      },
      "id": "node/2462073286"
    },
    {
      "type": "Feature",
      "properties": {
        "@id": "node/2462073290",
        "name": "Essandjan",
        "place": "village",
        "source": "WRI_2005"
      },
      "geometry": {
        "type": "Point",
        "coordinates": [
          13.3302471,
          4.886687
        ]
      },
      "id": "node/2462073290"
    },
    {
      "type": "Feature",
      "properties": {
        "@id": "node/2462073293",
        "name": "Esselégué",
        "place": "village",
        "source": "WRI_2005"
      },
      "geometry": {
        "type": "Point",
        "coordinates": [
          13.2697139,
          4.8030309
        ]
      },
      "id": "node/2462073293"
    },
    {
      "type": "Feature",
      "properties": {
        "@id": "node/2462073296",
        "name": "Essepsi",
        "place": "village",
        "source": "WRI_2005"
      },
      "geometry": {
        "type": "Point",
        "coordinates": [
          13.2326361,
          4.9016977
        ]
      },
      "id": "node/2462073296"
    },
    {
      "type": "Feature",
      "properties": {
        "@id": "node/2462073317",
        "name": "Gandong",
        "place": "village",
        "source": "WRI_2005"
      },
      "geometry": {
        "type": "Point",
        "coordinates": [
          14.5176705,
          5.8920382
        ]
      },
      "id": "node/2462073317"
    },
    {
      "type": "Feature",
      "properties": {
        "@id": "node/2462073325",
        "name": "Garga Sarali",
        "place": "village",
        "source": "WRI_2005"
      },
      "geometry": {
        "type": "Point",
        "coordinates": [
          14.0501797,
          5.3283715
        ]
      },
      "id": "node/2462073325"
    },
    {
      "type": "Feature",
      "properties": {
        "@id": "node/2462073328",
        "name": "Garoua Sambé",
        "place": "village",
        "source": "WRI_2005"
      },
      "geometry": {
        "type": "Point",
        "coordinates": [
          14.3092575,
          4.6235895
        ]
      },
      "id": "node/2462073328"
    },
    {
      "type": "Feature",
      "properties": {
        "@id": "node/2462073356",
        "name": "Giazo",
        "place": "village",
        "source": "WRI_2005"
      },
      "geometry": {
        "type": "Point",
        "coordinates": [
          13.9910134,
          5.1376824
        ]
      },
      "id": "node/2462073356"
    },
    {
      "type": "Feature",
      "properties": {
        "@id": "node/2462073377",
        "name": "Gogoboua",
        "place": "village",
        "source": "WRI_2005"
      },
      "geometry": {
        "type": "Point",
        "coordinates": [
          14.5390167,
          4.9765882
        ]
      },
      "id": "node/2462073377"
    },
    {
      "type": "Feature",
      "properties": {
        "@id": "node/2462073387",
        "name": "Gondo",
        "place": "village",
        "source": "WRI_2005"
      },
      "geometry": {
        "type": "Point",
        "coordinates": [
          13.1429045,
          5.2270733
        ]
      },
      "id": "node/2462073387"
    },
    {
      "type": "Feature",
      "properties": {
        "@id": "node/2462073392",
        "alt_name": "Gonkora Barriere",
        "name": "Gonkora",
        "place": "village",
        "source": "WRI_2005",
        "source:alt_name": "PCD Kette"
      },
      "geometry": {
        "type": "Point",
        "coordinates": [
          14.5454906,
          4.8551965
        ]
      },
      "id": "node/2462073392"
    },
    {
      "type": "Feature",
      "properties": {
        "@id": "node/2462073415",
        "name": "Gounté",
        "place": "village",
        "source": "WRI_2005"
      },
      "geometry": {
        "type": "Point",
        "coordinates": [
          13.8087686,
          4.6940839
        ]
      },
      "id": "node/2462073415"
    },
    {
      "type": "Feature",
      "properties": {
        "@id": "node/2462073427",
        "name": "Gouté",
        "place": "village",
        "source": "WRI_2005"
      },
      "geometry": {
        "type": "Point",
        "coordinates": [
          14.146101,
          4.1974265
        ]
      },
      "id": "node/2462073427"
    },
    {
      "type": "Feature",
      "properties": {
        "@id": "node/2462073433",
        "name": "Guedal",
        "place": "village",
        "source": "WRI_2005"
      },
      "geometry": {
        "type": "Point",
        "coordinates": [
          14.2764543,
          4.8319262
        ]
      },
      "id": "node/2462073433"
    },
    {
      "type": "Feature",
      "properties": {
        "@id": "node/2462073445",
        "alt_name": "Gonabita",
        "name": "Gwabila",
        "place": "village",
        "source": "WRI_2005"
      },
      "geometry": {
        "type": "Point",
        "coordinates": [
          14.3012717,
          4.1867425
        ]
      },
      "id": "node/2462073445"
    },
    {
      "type": "Feature",
      "properties": {
        "@id": "node/2462073450",
        "name": "Gwékong",
        "place": "village",
        "source": "WRI_2005"
      },
      "geometry": {
        "type": "Point",
        "coordinates": [
          13.5001605,
          4.5724615
        ]
      },
      "id": "node/2462073450"
    },
    {
      "type": "Feature",
      "properties": {
        "@id": "node/2462073457",
        "name": "Haman",
        "place": "village",
        "source": "WRI_2005"
      },
      "geometry": {
        "type": "Point",
        "coordinates": [
          13.6108185,
          5.2718764
        ]
      },
      "id": "node/2462073457"
    },
    {
      "type": "Feature",
      "properties": {
        "@id": "node/2462073488",
        "name": "Ila",
        "place": "village",
        "source": "WRI_2005"
      },
      "geometry": {
        "type": "Point",
        "coordinates": [
          14.4693746,
          5.9195635
        ]
      },
      "id": "node/2462073488"
    },
    {
      "type": "Feature",
      "properties": {
        "@id": "node/2462073495",
        "name": "Kak III",
        "place": "village",
        "source": "WRI_2005"
      },
      "geometry": {
        "type": "Point",
        "coordinates": [
          12.9808266,
          4.5347757
        ]
      },
      "id": "node/2462073495"
    },
    {
      "type": "Feature",
      "properties": {
        "@id": "node/2462073513",
        "name": "Kalbe",
        "place": "village",
        "source": "WRI_2005"
      },
      "geometry": {
        "type": "Point",
        "coordinates": [
          13.2406167,
          5.2169874
        ]
      },
      "id": "node/2462073513"
    },
    {
      "type": "Feature",
      "properties": {
        "@id": "node/2462073519",
        "name": "Kambakassi",
        "place": "village",
        "source": "WRI_2005"
      },
      "geometry": {
        "type": "Point",
        "coordinates": [
          13.5175168,
          5.1756792
        ]
      },
      "id": "node/2462073519"
    },
    {
      "type": "Feature",
      "properties": {
        "@id": "node/2462073526",
        "name": "Kanda",
        "place": "village",
        "source": "WRI_2005"
      },
      "geometry": {
        "type": "Point",
        "coordinates": [
          13.3807725,
          4.5819505
        ]
      },
      "id": "node/2462073526"
    },
    {
      "type": "Feature",
      "properties": {
        "@id": "node/2462073545",
        "name": "Kano",
        "place": "village",
        "source": "WRI_2005"
      },
      "geometry": {
        "type": "Point",
        "coordinates": [
          13.7182874,
          4.5844128
        ]
      },
      "id": "node/2462073545"
    },
    {
      "type": "Feature",
      "properties": {
        "@id": "node/2462073550",
        "name": "Kano",
        "place": "village",
        "source": "WRI_2005"
      },
      "geometry": {
        "type": "Point",
        "coordinates": [
          13.4903276,
          4.9668832
        ]
      },
      "id": "node/2462073550"
    },
    {
      "type": "Feature",
      "properties": {
        "@id": "node/2462073557",
        "name": "Kanyol I",
        "place": "village",
        "source": "WRI_2005"
      },
      "geometry": {
        "type": "Point",
        "coordinates": [
          14.0378661,
          4.0291881
        ]
      },
      "id": "node/2462073557"
    },
    {
      "type": "Feature",
      "properties": {
        "@id": "node/2462073562",
        "name": "Karang",
        "place": "village",
        "source": "WRI_2005"
      },
      "geometry": {
        "type": "Point",
        "coordinates": [
          13.2398527,
          5.0576218
        ]
      },
      "id": "node/2462073562"
    },
    {
      "type": "Feature",
      "properties": {
        "@id": "node/2462073580",
        "name": "Kissi",
        "place": "village",
        "source": "WRI_2005"
      },
      "geometry": {
        "type": "Point",
        "coordinates": [
          14.1215906,
          5.7597329
        ]
      },
      "id": "node/2462073580"
    },
    {
      "type": "Feature",
      "properties": {
        "@id": "node/2462073607",
        "name": "Kombitié",
        "place": "village",
        "source": "WRI_2005"
      },
      "geometry": {
        "type": "Point",
        "coordinates": [
          13.6404137,
          4.6924948
        ]
      },
      "id": "node/2462073607"
    },
    {
      "type": "Feature",
      "properties": {
        "@id": "node/2462073614",
        "fixme": "no imagery",
        "name": "Kombokassi",
        "place": "village",
        "source": "WRI_2005"
      },
      "geometry": {
        "type": "Point",
        "coordinates": [
          13.8459734,
          5.5885316
        ]
      },
      "id": "node/2462073614"
    },
    {
      "type": "Feature",
      "properties": {
        "@id": "node/2462073617",
        "name": "Kombé",
        "place": "village",
        "source": "WRI_2005"
      },
      "geometry": {
        "type": "Point",
        "coordinates": [
          13.3196737,
          4.5634813
        ]
      },
      "id": "node/2462073617"
    },
    {
      "type": "Feature",
      "properties": {
        "@id": "node/2462073621",
        "name": "Konga",
        "place": "village",
        "source": "WRI_2005"
      },
      "geometry": {
        "type": "Point",
        "coordinates": [
          14.1362874,
          4.3469477
        ]
      },
      "id": "node/2462073621"
    },
    {
      "type": "Feature",
      "properties": {
        "@id": "node/2462073636",
        "name": "Koso",
        "place": "village",
        "source": "WRI_2005"
      },
      "geometry": {
        "type": "Point",
        "coordinates": [
          14.1832357,
          3.9155455
        ]
      },
      "id": "node/2462073636"
    },
    {
      "type": "Feature",
      "properties": {
        "@id": "node/2462073640",
        "name": "Kouba",
        "place": "village",
        "source": "WRI_2005"
      },
      "geometry": {
        "type": "Point",
        "coordinates": [
          13.7710729,
          4.6298299
        ]
      },
      "id": "node/2462073640"
    },
    {
      "type": "Feature",
      "properties": {
        "@id": "node/2462073643",
        "name": "Koubou",
        "place": "village",
        "source": "WRI_2005"
      },
      "geometry": {
        "type": "Point",
        "coordinates": [
          13.8346683,
          4.9003587
        ]
      },
      "id": "node/2462073643"
    },
    {
      "type": "Feature",
      "properties": {
        "@id": "node/2462073654",
        "name": "Koumé",
        "place": "village",
        "source": "WRI_2005"
      },
      "geometry": {
        "type": "Point",
        "coordinates": [
          13.6565245,
          4.6360998
        ]
      },
      "id": "node/2462073654"
    },
    {
      "type": "Feature",
      "properties": {
        "@id": "node/2462073658",
        "name": "Koundi",
        "place": "village",
        "source": "WRI_2005"
      },
      "geometry": {
        "type": "Point",
        "coordinates": [
          13.6084685,
          4.7434982
        ]
      },
      "id": "node/2462073658"
    },
    {
      "type": "Feature",
      "properties": {
        "@id": "node/2462073690",
        "name": "Lala",
        "place": "village",
        "source": "WRI_2005"
      },
      "geometry": {
        "type": "Point",
        "coordinates": [
          14.269134,
          4.8155034
        ]
      },
      "id": "node/2462073690"
    },
    {
      "type": "Feature",
      "properties": {
        "@id": "node/2462073705",
        "alt_name": "Layé",
        "name": "Lay",
        "place": "village",
        "source": "WRI_2005"
      },
      "geometry": {
        "type": "Point",
        "coordinates": [
          14.06351,
          4.4876055
        ]
      },
      "id": "node/2462073705"
    },
    {
      "type": "Feature",
      "properties": {
        "@id": "node/2462073709",
        "name": "Lebya",
        "place": "village",
        "source": "WRI_2005"
      },
      "geometry": {
        "type": "Point",
        "coordinates": [
          13.3809496,
          5.6622471
        ]
      },
      "id": "node/2462073709"
    },
    {
      "type": "Feature",
      "properties": {
        "@id": "node/2462073716",
        "name": "Leta",
        "place": "village",
        "source": "WRI_2005"
      },
      "geometry": {
        "type": "Point",
        "coordinates": [
          13.8376863,
          4.9269922
        ]
      },
      "id": "node/2462073716"
    },
    {
      "type": "Feature",
      "properties": {
        "@id": "node/2462073719",
        "name": "Lindji",
        "place": "village",
        "source": "WRI_2005"
      },
      "geometry": {
        "type": "Point",
        "coordinates": [
          13.4598708,
          5.2060632
        ]
      },
      "id": "node/2462073719"
    },
    {
      "type": "Feature",
      "properties": {
        "@id": "node/2462073723",
        "name": "Lingbim I",
        "place": "village",
        "source": "WRI_2005"
      },
      "geometry": {
        "type": "Point",
        "coordinates": [
          14.5417273,
          4.8458551
        ]
      },
      "id": "node/2462073723"
    },
    {
      "type": "Feature",
      "properties": {
        "@id": "node/2462073726",
        "name": "Lingbim II",
        "place": "village",
        "source": "WRI_2005"
      },
      "geometry": {
        "type": "Point",
        "coordinates": [
          14.5059455,
          4.9723768
        ]
      },
      "id": "node/2462073726"
    },
    {
      "type": "Feature",
      "properties": {
        "@id": "node/2462073740",
        "name": "Londjia",
        "place": "village",
        "source": "WRI_2005"
      },
      "geometry": {
        "type": "Point",
        "coordinates": [
          13.1162434,
          5.0372689
        ]
      },
      "id": "node/2462073740"
    },
    {
      "type": "Feature",
      "properties": {
        "@id": "node/2462073747",
        "name": "Lélo",
        "place": "village",
        "source": "WRI_2005"
      },
      "geometry": {
        "type": "Point",
        "coordinates": [
          14.1131443,
          4.3307912
        ]
      },
      "id": "node/2462073747"
    },
    {
      "type": "Feature",
      "properties": {
        "@id": "node/2462073754",
        "alt_name": "Letta",
        "name": "Léta",
        "place": "village",
        "source": "WRI_2005"
      },
      "geometry": {
        "type": "Point",
        "coordinates": [
          14.0040522,
          4.2509795
        ]
      },
      "id": "node/2462073754"
    },
    {
      "type": "Feature",
      "properties": {
        "@id": "node/2462073830",
        "name": "Manbaya",
        "place": "village",
        "source": "WRI_2005"
      },
      "geometry": {
        "type": "Point",
        "coordinates": [
          13.5037402,
          5.0376961
        ]
      },
      "id": "node/2462073830"
    },
    {
      "type": "Feature",
      "properties": {
        "@id": "node/2462073834",
        "name": "Manbo",
        "place": "village",
        "source": "WRI_2005"
      },
      "geometry": {
        "type": "Point",
        "coordinates": [
          13.4001047,
          5.0615126
        ]
      },
      "id": "node/2462073834"
    },
    {
      "type": "Feature",
      "properties": {
        "@id": "node/2462073860",
        "name": "Mararaba",
        "place": "village",
        "source": "WRI_2005"
      },
      "geometry": {
        "type": "Point",
        "coordinates": [
          13.8182812,
          5.5979179
        ]
      },
      "id": "node/2462073860"
    },
    {
      "type": "Feature",
      "properties": {
        "@id": "node/2462073861",
        "name": "Massa",
        "place": "village",
        "source": "WRI_2005"
      },
      "geometry": {
        "type": "Point",
        "coordinates": [
          13.5207501,
          5.1159169
        ]
      },
      "id": "node/2462073861"
    },
    {
      "type": "Feature",
      "properties": {
        "@id": "node/2462073862",
        "name": "Massa",
        "place": "village",
        "source": "WRI_2005"
      },
      "geometry": {
        "type": "Point",
        "coordinates": [
          13.5216676,
          5.1449425
        ]
      },
      "id": "node/2462073862"
    },
    {
      "type": "Feature",
      "properties": {
        "@id": "node/2462073878",
        "name": "Mbaki I",
        "place": "village",
        "source": "WRI_2005"
      },
      "geometry": {
        "type": "Point",
        "coordinates": [
          13.468401,
          5.0958203
        ]
      },
      "id": "node/2462073878"
    },
    {
      "type": "Feature",
      "properties": {
        "@id": "node/2462073882",
        "name": "Mbaki II",
        "place": "village",
        "source": "WRI_2005"
      },
      "geometry": {
        "type": "Point",
        "coordinates": [
          13.3633325,
          5.0580733
        ]
      },
      "id": "node/2462073882"
    },
    {
      "type": "Feature",
      "properties": {
        "@id": "node/2462073889",
        "name": "Mbang II",
        "place": "village",
        "source": "WRI_2005"
      },
      "geometry": {
        "type": "Point",
        "coordinates": [
          13.0524591,
          4.5385177
        ]
      },
      "id": "node/2462073889"
    },
    {
      "type": "Feature",
      "properties": {
        "@id": "node/2462073892",
        "name": "Mbang",
        "place": "village",
        "source": "WRI_2005"
      },
      "geometry": {
        "type": "Point",
        "coordinates": [
          13.0304958,
          4.5520353
        ]
      },
      "id": "node/2462073892"
    },
    {
      "type": "Feature",
      "properties": {
        "@id": "node/2462073896",
        "name": "Mbang",
        "place": "village",
        "source": "WRI_2005",
        "wikidata": "Q22680674"
      },
      "geometry": {
        "type": "Point",
        "coordinates": [
          13.333294,
          4.589128
        ]
      },
      "id": "node/2462073896"
    },
    {
      "type": "Feature",
      "properties": {
        "@id": "node/2462073899",
        "name": "Mbang",
        "place": "village",
        "source": "WRI_2005",
        "wikidata": "Q22680674"
      },
      "geometry": {
        "type": "Point",
        "coordinates": [
          13.323857,
          4.629358
        ]
      },
      "id": "node/2462073899"
    },
    {
      "type": "Feature",
      "properties": {
        "@id": "node/2462073906",
        "name": "Mbangou",
        "place": "village",
        "source": "WRI_2005"
      },
      "geometry": {
        "type": "Point",
        "coordinates": [
          14.1514375,
          4.4504215
        ]
      },
      "id": "node/2462073906"
    },
    {
      "type": "Feature",
      "properties": {
        "@id": "node/2462073927",
        "name": "Mbassi",
        "place": "village",
        "source": "WRI_2005"
      },
      "geometry": {
        "type": "Point",
        "coordinates": [
          14.5165719,
          5.7893414
        ]
      },
      "id": "node/2462073927"
    },
    {
      "type": "Feature",
      "properties": {
        "@id": "node/2462073931",
        "name": "Mbela",
        "place": "village",
        "source": "WRI_2005"
      },
      "geometry": {
        "type": "Point",
        "coordinates": [
          13.6201982,
          5.6796382
        ]
      },
      "id": "node/2462073931"
    },
    {
      "type": "Feature",
      "properties": {
        "@id": "node/2462073934",
        "name": "Mbelé",
        "place": "village",
        "source": "WRI_2005"
      },
      "geometry": {
        "type": "Point",
        "coordinates": [
          13.5435952,
          5.6271094
        ]
      },
      "id": "node/2462073934"
    },
    {
      "type": "Feature",
      "properties": {
        "@id": "node/2462073941",
        "name": "Mbese",
        "place": "village",
        "source": "WRI_2005"
      },
      "geometry": {
        "type": "Point",
        "coordinates": [
          13.7135291,
          5.4541396
        ]
      },
      "id": "node/2462073941"
    },
    {
      "type": "Feature",
      "properties": {
        "@id": "node/2462073948",
        "name": "Mbet II",
        "place": "village",
        "source": "WRI_2005"
      },
      "geometry": {
        "type": "Point",
        "coordinates": [
          13.4644858,
          4.5610853
        ]
      },
      "id": "node/2462073948"
    },
    {
      "type": "Feature",
      "properties": {
        "@id": "node/2462073959",
        "name": "Mbiombi",
        "place": "village",
        "source": "WRI_2005"
      },
      "geometry": {
        "type": "Point",
        "coordinates": [
          13.3188261,
          4.9880508
        ]
      },
      "id": "node/2462073959"
    },
    {
      "type": "Feature",
      "properties": {
        "@id": "node/2462073963",
        "name": "Mbomba",
        "place": "village",
        "source": "WRI_2005"
      },
      "geometry": {
        "type": "Point",
        "coordinates": [
          13.9599272,
          4.9542188
        ]
      },
      "id": "node/2462073963"
    },
    {
      "type": "Feature",
      "properties": {
        "@id": "node/2462073975",
        "name": "Mbomé",
        "place": "village",
        "source": "WRI_2005"
      },
      "geometry": {
        "type": "Point",
        "coordinates": [
          13.7709412,
          4.585023
        ]
      },
      "id": "node/2462073975"
    },
    {
      "type": "Feature",
      "properties": {
        "@id": "node/2462073992",
        "name": "Mbonga",
        "place": "village",
        "source": "WRI_2005"
      },
      "geometry": {
        "type": "Point",
        "coordinates": [
          14.1089649,
          5.7633281
        ]
      },
      "id": "node/2462073992"
    },
    {
      "type": "Feature",
      "properties": {
        "@id": "node/2462073996",
        "name": "Mborguéné",
        "place": "village",
        "source": "WRI_2005"
      },
      "geometry": {
        "type": "Point",
        "coordinates": [
          14.2989155,
          4.7214736
        ]
      },
      "id": "node/2462073996"
    },
    {
      "type": "Feature",
      "properties": {
        "@id": "node/2462074008",
        "name": "Mboulaye II",
        "place": "village",
        "source": "WRI_2005"
      },
      "geometry": {
        "type": "Point",
        "coordinates": [
          13.8306916,
          4.8717492
        ]
      },
      "id": "node/2462074008"
    },
    {
      "type": "Feature",
      "properties": {
        "@id": "node/2462074011",
        "name": "Mboulaye",
        "place": "village",
        "source": "WRI_2005"
      },
      "geometry": {
        "type": "Point",
        "coordinates": [
          13.8121825,
          4.8275483
        ]
      },
      "id": "node/2462074011"
    },
    {
      "type": "Feature",
      "properties": {
        "@id": "node/2462074022",
        "name": "Mbwam",
        "place": "village",
        "source": "WRI_2005"
      },
      "geometry": {
        "type": "Point",
        "coordinates": [
          13.4392079,
          4.5671892
        ]
      },
      "id": "node/2462074022"
    },
    {
      "type": "Feature",
      "properties": {
        "@id": "node/2462074033",
        "name": "Mbéa",
        "place": "village",
        "source": "WRI_2005"
      },
      "geometry": {
        "type": "Point",
        "coordinates": [
          13.1108344,
          5.1800118
        ]
      },
      "id": "node/2462074033"
    },
    {
      "type": "Feature",
      "properties": {
        "@id": "node/2462074041",
        "name": "Mbélé",
        "place": "village",
        "source": "WRI_2005"
      },
      "geometry": {
        "type": "Point",
        "coordinates": [
          13.3439309,
          4.5999881
        ]
      },
      "id": "node/2462074041"
    },
    {
      "type": "Feature",
      "properties": {
        "@id": "node/2462074048",
        "name": "Mbéten",
        "place": "village",
        "source": "WRI_2005"
      },
      "geometry": {
        "type": "Point",
        "coordinates": [
          13.5251971,
          4.7762678
        ]
      },
      "id": "node/2462074048"
    },
    {
      "type": "Feature",
      "properties": {
        "@id": "node/2462074080",
        "alt_name": "Meloupo",
        "name": "Melambo",
        "place": "village",
        "source": "WRI_2005"
      },
      "geometry": {
        "type": "Point",
        "coordinates": [
          13.9231612,
          4.2406876
        ]
      },
      "id": "node/2462074080"
    },
    {
      "type": "Feature",
      "properties": {
        "@id": "node/2462074119",
        "name": "Messouk",
        "place": "village",
        "source": "WRI_2005"
      },
      "geometry": {
        "type": "Point",
        "coordinates": [
          13.2531994,
          4.6957222
        ]
      },
      "id": "node/2462074119"
    },
    {
      "type": "Feature",
      "properties": {
        "@id": "node/2462074171",
        "name": "Miltom",
        "place": "village",
        "source": "WRI_2005"
      },
      "geometry": {
        "type": "Point",
        "coordinates": [
          13.3345914,
          5.6660518
        ]
      },
      "id": "node/2462074171"
    },
    {
      "type": "Feature",
      "properties": {
        "@id": "node/2462074185",
        "name": "Minkolong",
        "place": "village",
        "source": "WRI_2005"
      },
      "geometry": {
        "type": "Point",
        "coordinates": [
          13.2806241,
          4.5681529
        ]
      },
      "id": "node/2462074185"
    },
    {
      "type": "Feature",
      "properties": {
        "@id": "node/2462074201",
        "name": "Mitman",
        "place": "village",
        "source": "WRI_2005"
      },
      "geometry": {
        "type": "Point",
        "coordinates": [
          13.0138953,
          4.6002549
        ]
      },
      "id": "node/2462074201"
    },
    {
      "type": "Feature",
      "properties": {
        "@id": "node/2462074209",
        "name": "Moloundou",
        "place": "village",
        "source": "WRI_2005"
      },
      "geometry": {
        "type": "Point",
        "coordinates": [
          14.1033954,
          4.0210837
        ]
      },
      "id": "node/2462074209"
    },
    {
      "type": "Feature",
      "properties": {
        "@id": "node/2462074213",
        "fixme": "no imagery",
        "name": "Monai",
        "place": "village",
        "source": "WRI_2005"
      },
      "geometry": {
        "type": "Point",
        "coordinates": [
          14.1003125,
          5.7687392
        ]
      },
      "id": "node/2462074213"
    },
    {
      "type": "Feature",
      "properties": {
        "@id": "node/2462074225",
        "name": "Monbal",
        "place": "village",
        "source": "WRI_2005"
      },
      "geometry": {
        "type": "Point",
        "coordinates": [
          14.3572088,
          5.6156656
        ]
      },
      "id": "node/2462074225"
    },
    {
      "type": "Feature",
      "properties": {
        "@id": "node/2462074229",
        "name": "Monbel 1",
        "place": "village",
        "source": "WRI_2005"
      },
      "geometry": {
        "type": "Point",
        "coordinates": [
          14.1271529,
          3.970141
        ]
      },
      "id": "node/2462074229"
    },
    {
      "type": "Feature",
      "properties": {
        "@id": "node/2462074231",
        "fixme": "no imagery",
        "name": "Moné",
        "place": "village",
        "source": "WRI_2005"
      },
      "geometry": {
        "type": "Point",
        "coordinates": [
          14.0394153,
          5.3650793
        ]
      },
      "id": "node/2462074231"
    },
    {
      "type": "Feature",
      "properties": {
        "@id": "node/2462074234",
        "name": "Motombo",
        "place": "village",
        "source": "WRI_2005"
      },
      "geometry": {
        "type": "Point",
        "coordinates": [
          13.3587073,
          4.584144
        ]
      },
      "id": "node/2462074234"
    },
    {
      "type": "Feature",
      "properties": {
        "@id": "node/2462074241",
        "name": "Moundi",
        "place": "village",
        "source": "WRI_2005"
      },
      "geometry": {
        "type": "Point",
        "coordinates": [
          13.4740796,
          4.5687738
        ]
      },
      "id": "node/2462074241"
    },
    {
      "type": "Feature",
      "properties": {
        "@id": "node/2462074245",
        "name": "Mouyal",
        "place": "village",
        "source": "WRI_2005"
      },
      "geometry": {
        "type": "Point",
        "coordinates": [
          13.4688157,
          5.3780206
        ]
      },
      "id": "node/2462074245"
    },
    {
      "type": "Feature",
      "properties": {
        "@id": "node/2462074250",
        "name": "Moyenam",
        "place": "village",
        "source": "WRI_2005"
      },
      "geometry": {
        "type": "Point",
        "coordinates": [
          13.8438808,
          4.7219267
        ]
      },
      "id": "node/2462074250"
    },
    {
      "type": "Feature",
      "properties": {
        "@id": "node/2462074254",
        "alt_name": "Mondjendi",
        "name": "Mwadjendi",
        "place": "village",
        "source": "WRI_2005"
      },
      "geometry": {
        "type": "Point",
        "coordinates": [
          14.3313793,
          4.1839145
        ]
      },
      "id": "node/2462074254"
    },
    {
      "type": "Feature",
      "properties": {
        "@id": "node/2462074265",
        "name": "Nagounda",
        "place": "village",
        "source": "WRI_2005"
      },
      "geometry": {
        "type": "Point",
        "coordinates": [
          14.5600887,
          5.8628579
        ]
      },
      "id": "node/2462074265"
    },
    {
      "type": "Feature",
      "properties": {
        "@id": "node/2462074266",
        "alt_name": "Kambona",
        "name": "Nambona",
        "place": "village",
        "source": "WRI_2005",
        "source:alt_name": "IGN 1995-1989"
      },
      "geometry": {
        "type": "Point",
        "coordinates": [
          14.5450493,
          5.2020114
        ]
      },
      "id": "node/2462074266"
    },
    {
      "type": "Feature",
      "properties": {
        "@id": "node/2462074267",
        "name": "Nambora",
        "place": "village",
        "source": "WRI_2005"
      },
      "geometry": {
        "type": "Point",
        "coordinates": [
          14.5590516,
          4.9605519
        ]
      },
      "id": "node/2462074267"
    },
    {
      "type": "Feature",
      "properties": {
        "@id": "node/2462074270",
        "name": "Nandoungué",
        "place": "village",
        "source": "WRI_2005"
      },
      "geometry": {
        "type": "Point",
        "coordinates": [
          14.3918731,
          5.6702175
        ]
      },
      "id": "node/2462074270"
    },
    {
      "type": "Feature",
      "properties": {
        "@id": "node/2462074273",
        "name": "Nanké",
        "place": "village",
        "source": "WRI_2005"
      },
      "geometry": {
        "type": "Point",
        "coordinates": [
          13.9985914,
          5.1664365
        ]
      },
      "id": "node/2462074273"
    },
    {
      "type": "Feature",
      "properties": {
        "@id": "node/2462074274",
        "name": "Nargourou II",
        "place": "village",
        "source": "WRI_2005"
      },
      "geometry": {
        "type": "Point",
        "coordinates": [
          12.980775,
          5.262223
        ]
      },
      "id": "node/2462074274"
    },
    {
      "type": "Feature",
      "properties": {
        "@id": "node/2462074275",
        "alt_name": "Ndambi",
        "name": "Ndambi I",
        "place": "village",
        "source": "WRI_2005",
        "source:alt_name": "PCD Kette"
      },
      "geometry": {
        "type": "Point",
        "coordinates": [
          14.5474873,
          4.8757864
        ]
      },
      "id": "node/2462074275"
    },
    {
      "type": "Feature",
      "properties": {
        "@id": "node/2462074276",
        "name": "Ndambi II",
        "place": "village",
        "source": "WRI_2005"
      },
      "geometry": {
        "type": "Point",
        "coordinates": [
          14.5898946,
          5.2060762
        ]
      },
      "id": "node/2462074276"
    },
    {
      "type": "Feature",
      "properties": {
        "@id": "node/2462074277",
        "fixme": "no imagery",
        "name": "Ndandengue",
        "place": "village",
        "source": "WRI_2005"
      },
      "geometry": {
        "type": "Point",
        "coordinates": [
          13.9207327,
          4.9470762
        ]
      },
      "id": "node/2462074277"
    },
    {
      "type": "Feature",
      "properties": {
        "@id": "node/2462074279",
        "name": "Ndanga Gandima",
        "place": "village",
        "source": "WRI_2005"
      },
      "geometry": {
        "type": "Point",
        "coordinates": [
          14.0352788,
          5.4191614
        ]
      },
      "id": "node/2462074279"
    },
    {
      "type": "Feature",
      "properties": {
        "@id": "node/2462074280",
        "name": "Ndemba I",
        "place": "village",
        "source": "WRI_2005"
      },
      "geometry": {
        "type": "Point",
        "coordinates": [
          13.3588239,
          4.8132322
        ]
      },
      "id": "node/2462074280"
    },
    {
      "type": "Feature",
      "properties": {
        "@id": "node/2462074281",
        "name": "Ndemba II",
        "place": "village",
        "source": "WRI_2005"
      },
      "geometry": {
        "type": "Point",
        "coordinates": [
          13.4106365,
          4.7255584
        ]
      },
      "id": "node/2462074281"
    },
    {
      "type": "Feature",
      "properties": {
        "@id": "node/2462074282",
        "name": "Ndembo",
        "place": "village",
        "source": "WRI_2005"
      },
      "geometry": {
        "type": "Point",
        "coordinates": [
          14.0997371,
          4.3224477
        ]
      },
      "id": "node/2462074282"
    },
    {
      "type": "Feature",
      "properties": {
        "@id": "node/2462074285",
        "name": "Ndjangané",
        "place": "village",
        "source": "WRI_2005"
      },
      "geometry": {
        "type": "Point",
        "coordinates": [
          13.3531714,
          4.8393346
        ]
      },
      "id": "node/2462074285"
    },
    {
      "type": "Feature",
      "properties": {
        "@id": "node/2462074288",
        "name": "Ndokayo",
        "place": "town",
        "source": "WRI_2005"
      },
      "geometry": {
        "type": "Point",
        "coordinates": [
          14.1235535,
          5.5157737
        ]
      },
      "id": "node/2462074288"
    },
    {
      "type": "Feature",
      "properties": {
        "@id": "node/2462074289",
        "name": "Ndolé",
        "place": "village",
        "source": "WRI_2005"
      },
      "geometry": {
        "type": "Point",
        "coordinates": [
          14.0320137,
          5.6058688
        ]
      },
      "id": "node/2462074289"
    },
    {
      "type": "Feature",
      "properties": {
        "@id": "node/2462074291",
        "name": "Ndongsoumbou",
        "place": "village",
        "source": "WRI_2005"
      },
      "geometry": {
        "type": "Point",
        "coordinates": [
          14.2667022,
          4.7935766
        ]
      },
      "id": "node/2462074291"
    },
    {
      "type": "Feature",
      "properties": {
        "@id": "node/2462074292",
        "name": "Ndoumba I",
        "place": "village",
        "source": "WRI_2005"
      },
      "geometry": {
        "type": "Point",
        "coordinates": [
          13.3489756,
          4.8329891
        ]
      },
      "id": "node/2462074292"
    },
    {
      "type": "Feature",
      "properties": {
        "@id": "node/2462074293",
        "name": "Ndoumba II",
        "place": "village",
        "source": "WRI_2005"
      },
      "geometry": {
        "type": "Point",
        "coordinates": [
          13.2599415,
          4.8955798
        ]
      },
      "id": "node/2462074293"
    },
    {
      "type": "Feature",
      "properties": {
        "@id": "node/2462074294",
        "name": "Ndoumba II",
        "place": "village",
        "source": "WRI_2005"
      },
      "geometry": {
        "type": "Point",
        "coordinates": [
          13.2523502,
          4.9089144
        ]
      },
      "id": "node/2462074294"
    },
    {
      "type": "Feature",
      "properties": {
        "@id": "node/2462074295",
        "name": "Ndoumbe",
        "place": "village",
        "source": "WRI_2005"
      },
      "geometry": {
        "type": "Point",
        "coordinates": [
          13.8945302,
          4.9490015
        ]
      },
      "id": "node/2462074295"
    },
    {
      "type": "Feature",
      "properties": {
        "@id": "node/2462074296",
        "name": "Ndoumbi",
        "place": "village",
        "source": "WRI_2005"
      },
      "geometry": {
        "type": "Point",
        "coordinates": [
          13.5611484,
          4.5624099
        ]
      },
      "id": "node/2462074296"
    },
    {
      "type": "Feature",
      "properties": {
        "@id": "node/2462074301",
        "name": "Ngaindara",
        "place": "village",
        "source": "WRI_2005"
      },
      "geometry": {
        "type": "Point",
        "coordinates": [
          13.8036393,
          5.6145306
        ]
      },
      "id": "node/2462074301"
    },
    {
      "type": "Feature",
      "properties": {
        "@id": "node/2462074306",
        "alt_name": "Gamboula",
        "name": "Ngamboula",
        "place": "village",
        "source": "WRI_2005"
      },
      "geometry": {
        "type": "Point",
        "coordinates": [
          13.8288373,
          4.5667627
        ]
      },
      "id": "node/2462074306"
    },
    {
      "type": "Feature",
      "properties": {
        "@id": "node/2462074307",
        "name": "Nganganga",
        "place": "village",
        "source": "WRI_2005"
      },
      "geometry": {
        "type": "Point",
        "coordinates": [
          14.4057561,
          5.2484725
        ]
      },
      "id": "node/2462074307"
    },
    {
      "type": "Feature",
      "properties": {
        "@id": "node/2462074312",
        "name": "Ngassa",
        "place": "village",
        "source": "WRI_2005"
      },
      "geometry": {
        "type": "Point",
        "coordinates": [
          14.5617369,
          4.9454879
        ]
      },
      "id": "node/2462074312"
    },
    {
      "type": "Feature",
      "properties": {
        "@id": "node/2462074319",
        "name": "Ngofi",
        "place": "village",
        "source": "WRI_2005"
      },
      "geometry": {
        "type": "Point",
        "coordinates": [
          13.6394271,
          4.6628927
        ]
      },
      "id": "node/2462074319"
    },
    {
      "type": "Feature",
      "properties": {
        "@id": "node/2462074322",
        "name": "Ngomboul",
        "place": "village",
        "source": "WRI_2005"
      },
      "geometry": {
        "type": "Point",
        "coordinates": [
          13.9579642,
          4.2290033
        ]
      },
      "id": "node/2462074322"
    },
    {
      "type": "Feature",
      "properties": {
        "@id": "node/2462074327",
        "name": "Ngongwé",
        "place": "village",
        "source": "WRI_2005"
      },
      "geometry": {
        "type": "Point",
        "coordinates": [
          14.3518382,
          5.2593866
        ]
      },
      "id": "node/2462074327"
    },
    {
      "type": "Feature",
      "properties": {
        "@id": "node/2462074329",
        "name": "Ngoudila",
        "place": "village",
        "source": "WRI_2005"
      },
      "geometry": {
        "type": "Point",
        "coordinates": [
          14.0074906,
          4.9484527
        ]
      },
      "id": "node/2462074329"
    },
    {
      "type": "Feature",
      "properties": {
        "@id": "node/2462074331",
        "name": "Ngoulmekong",
        "place": "village",
        "source": "WRI_2005"
      },
      "geometry": {
        "type": "Point",
        "coordinates": [
          14.0607261,
          4.2435853
        ]
      },
      "id": "node/2462074331"
    },
    {
      "type": "Feature",
      "properties": {
        "@id": "node/2462074334",
        "name": "Ngoura",
        "note": "rank=0 car chef lieu de département",
        "place": "town",
        "rank": "0",
        "source": "WRI_2005"
      },
      "geometry": {
        "type": "Point",
        "coordinates": [
          14.243757,
          4.8777254
        ]
      },
      "id": "node/2462074334"
    },
    {
      "type": "Feature",
      "properties": {
        "@id": "node/2462074336",
        "name": "Ngoutou",
        "place": "village",
        "source": "WRI_2005"
      },
      "geometry": {
        "type": "Point",
        "coordinates": [
          14.1224612,
          4.3358945
        ]
      },
      "id": "node/2462074336"
    },
    {
      "type": "Feature",
      "properties": {
        "@id": "node/2462074337",
        "name": "Nguinda",
        "place": "village",
        "source": "WRI_2005"
      },
      "geometry": {
        "type": "Point",
        "coordinates": [
          13.2244557,
          4.5855582
        ]
      },
      "id": "node/2462074337"
    },
    {
      "type": "Feature",
      "properties": {
        "@id": "node/2462074338",
        "name": "Nguindi",
        "place": "village",
        "source": "WRI_2005"
      },
      "geometry": {
        "type": "Point",
        "coordinates": [
          14.1131498,
          4.4628541
        ]
      },
      "id": "node/2462074338"
    },
    {
      "type": "Feature",
      "properties": {
        "@id": "node/2462074341",
        "name": "Nika",
        "place": "village",
        "source": "WRI_2005"
      },
      "geometry": {
        "type": "Point",
        "coordinates": [
          13.2168713,
          4.5969111
        ]
      },
      "id": "node/2462074341"
    },
    {
      "type": "Feature",
      "properties": {
        "@id": "node/2462074347",
        "name": "Nol",
        "place": "village",
        "source": "WRI_2005"
      },
      "geometry": {
        "type": "Point",
        "coordinates": [
          14.1466354,
          4.351173
        ]
      },
      "id": "node/2462074347"
    },
    {
      "type": "Feature",
      "properties": {
        "@id": "node/2462074348",
        "name": "Nola Mbéten",
        "place": "village",
        "source": "WRI_2005"
      },
      "geometry": {
        "type": "Point",
        "coordinates": [
          13.5240263,
          4.7988632
        ]
      },
      "id": "node/2462074348"
    },
    {
      "type": "Feature",
      "properties": {
        "@id": "node/2462074349",
        "name": "Nonobes",
        "place": "village",
        "source": "WRI_2005"
      },
      "geometry": {
        "type": "Point",
        "coordinates": [
          13.0066876,
          4.5868375
        ]
      },
      "id": "node/2462074349"
    },
    {
      "type": "Feature",
      "properties": {
        "@id": "node/2462074361",
        "name": "Nyamsambo",
        "place": "village",
        "source": "WRI_2005"
      },
      "geometry": {
        "type": "Point",
        "coordinates": [
          14.0658889,
          4.2303957
        ]
      },
      "id": "node/2462074361"
    },
    {
      "type": "Feature",
      "properties": {
        "@id": "node/2462074364",
        "name": "Nyamtimbi",
        "place": "village",
        "source": "WRI_2005"
      },
      "geometry": {
        "type": "Point",
        "coordinates": [
          13.9632056,
          4.2316977
        ]
      },
      "id": "node/2462074364"
    },
    {
      "type": "Feature",
      "properties": {
        "@id": "node/2462074370",
        "name": "Onan",
        "place": "village",
        "source": "WRI_2005"
      },
      "geometry": {
        "type": "Point",
        "coordinates": [
          13.5264383,
          5.155037
        ]
      },
      "id": "node/2462074370"
    },
    {
      "type": "Feature",
      "properties": {
        "@id": "node/2462074371",
        "name": "Ouaden",
        "place": "village",
        "source": "WRI_2005"
      },
      "geometry": {
        "type": "Point",
        "coordinates": [
          14.2431893,
          5.3263677
        ]
      },
      "id": "node/2462074371"
    },
    {
      "type": "Feature",
      "properties": {
        "@id": "node/2462074377",
        "name": "Oudou",
        "place": "village",
        "source": "WRI_2005"
      },
      "geometry": {
        "type": "Point",
        "coordinates": [
          14.2514378,
          4.9378434
        ]
      },
      "id": "node/2462074377"
    },
    {
      "type": "Feature",
      "properties": {
        "@id": "node/2462074410",
        "name": "Possa Hopi",
        "place": "village",
        "source": "WRI_2005"
      },
      "geometry": {
        "type": "Point",
        "coordinates": [
          14.2601654,
          4.7638966
        ]
      },
      "id": "node/2462074410"
    },
    {
      "type": "Feature",
      "properties": {
        "@id": "node/2462074414",
        "name": "Sabal",
        "place": "village",
        "source": "WRI_2005"
      },
      "geometry": {
        "type": "Point",
        "coordinates": [
          14.332791,
          5.5507686
        ]
      },
      "id": "node/2462074414"
    },
    {
      "type": "Feature",
      "properties": {
        "@id": "node/2462074427",
        "name": "Sakudi",
        "place": "village",
        "source": "WRI_2005"
      },
      "geometry": {
        "type": "Point",
        "coordinates": [
          13.347977,
          5.0429536
        ]
      },
      "id": "node/2462074427"
    },
    {
      "type": "Feature",
      "properties": {
        "@id": "node/2462074434",
        "name": "Sambe",
        "place": "village",
        "source": "WRI_2005"
      },
      "geometry": {
        "type": "Point",
        "coordinates": [
          13.7886086,
          4.5658788
        ]
      },
      "id": "node/2462074434"
    },
    {
      "type": "Feature",
      "properties": {
        "@id": "node/2462074443",
        "name": "Saran",
        "place": "village",
        "source": "WRI_2005"
      },
      "geometry": {
        "type": "Point",
        "coordinates": [
          13.255983,
          5.706516
        ]
      },
      "id": "node/2462074443"
    },
    {
      "type": "Feature",
      "properties": {
        "@id": "node/2462074468",
        "alt_name": "Tawele",
        "name": "Taoulé",
        "place": "village",
        "source": "WRI_2005",
        "source:alt_name": "PCD Kette"
      },
      "geometry": {
        "type": "Point",
        "coordinates": [
          14.5491436,
          4.8176249
        ]
      },
      "id": "node/2462074468"
    },
    {
      "type": "Feature",
      "properties": {
        "@id": "node/2462074475",
        "name": "Tapare",
        "place": "village",
        "source": "WRI_2005"
      },
      "geometry": {
        "type": "Point",
        "coordinates": [
          13.7961591,
          5.8397569
        ]
      },
      "id": "node/2462074475"
    },
    {
      "type": "Feature",
      "properties": {
        "@id": "node/2462074479",
        "name": "Taparé",
        "place": "village",
        "source": "WRI_2005"
      },
      "geometry": {
        "type": "Point",
        "coordinates": [
          14.2777275,
          4.7489402
        ]
      },
      "id": "node/2462074479"
    },
    {
      "type": "Feature",
      "properties": {
        "@id": "node/2462074483",
        "name": "Taparé",
        "place": "village",
        "source": "WRI_2005"
      },
      "geometry": {
        "type": "Point",
        "coordinates": [
          14.1135751,
          5.759131
        ]
      },
      "id": "node/2462074483"
    },
    {
      "type": "Feature",
      "properties": {
        "@id": "node/2462074487",
        "alt_name": "Touzoupe",
        "name": "Tezoukpé",
        "place": "village",
        "source": "WRI_2005"
      },
      "geometry": {
        "type": "Point",
        "coordinates": [
          14.549138,
          4.8710277
        ]
      },
      "id": "node/2462074487"
    },
    {
      "type": "Feature",
      "properties": {
        "@id": "node/2462074494",
        "name": "Tigoup",
        "place": "village",
        "source": "WRI_2005"
      },
      "geometry": {
        "type": "Point",
        "coordinates": [
          13.9596723,
          5.5948635
        ]
      },
      "id": "node/2462074494"
    },
    {
      "type": "Feature",
      "properties": {
        "@id": "node/2462074501",
        "name": "Tikela",
        "place": "village",
        "source": "WRI_2005"
      },
      "geometry": {
        "type": "Point",
        "coordinates": [
          14.5627399,
          4.9132238
        ]
      },
      "id": "node/2462074501"
    },
    {
      "type": "Feature",
      "properties": {
        "@id": "node/2462074505",
        "name": "Tikondi I",
        "place": "village",
        "source": "WRI_2005"
      },
      "geometry": {
        "type": "Point",
        "coordinates": [
          14.1297986,
          4.4659577
        ]
      },
      "id": "node/2462074505"
    },
    {
      "type": "Feature",
      "properties": {
        "@id": "node/2462074508",
        "name": "Tikondi",
        "place": "village",
        "source": "WRI_2005"
      },
      "geometry": {
        "type": "Point",
        "coordinates": [
          14.1594493,
          4.210882
        ]
      },
      "id": "node/2462074508"
    },
    {
      "type": "Feature",
      "properties": {
        "@id": "node/2462074512",
        "name": "Toktoyo",
        "note": "rank = 0 car village étape",
        "place": "town",
        "rank": "0",
        "source": "WRI_2005"
      },
      "geometry": {
        "type": "Point",
        "coordinates": [
          14.6616687,
          5.1963444
        ]
      },
      "id": "node/2462074512"
    },
    {
      "type": "Feature",
      "properties": {
        "@id": "node/2462074516",
        "name": "Tongo",
        "place": "village",
        "source": "WRI_2005"
      },
      "geometry": {
        "type": "Point",
        "coordinates": [
          14.0070561,
          5.1816042
        ]
      },
      "id": "node/2462074516"
    },
    {
      "type": "Feature",
      "properties": {
        "@id": "node/2462074519",
        "name": "Touki",
        "place": "village",
        "source": "WRI_2005"
      },
      "geometry": {
        "type": "Point",
        "coordinates": [
          13.9510383,
          4.5077818
        ]
      },
      "id": "node/2462074519"
    },
    {
      "type": "Feature",
      "properties": {
        "@id": "node/2462074523",
        "name": "Touraké",
        "place": "village",
        "source": "WRI_2005"
      },
      "geometry": {
        "type": "Point",
        "coordinates": [
          13.9955374,
          5.6016376
        ]
      },
      "id": "node/2462074523"
    },
    {
      "type": "Feature",
      "properties": {
        "@id": "node/2462074526",
        "name": "Viali",
        "place": "village",
        "source": "WRI_2005"
      },
      "geometry": {
        "type": "Point",
        "coordinates": [
          13.5196397,
          4.8987478
        ]
      },
      "id": "node/2462074526"
    },
    {
      "type": "Feature",
      "properties": {
        "@id": "node/2462074529",
        "name": "Voundi",
        "place": "village",
        "source": "WRI_2005"
      },
      "geometry": {
        "type": "Point",
        "coordinates": [
          13.3663591,
          4.69281
        ]
      },
      "id": "node/2462074529"
    },
    {
      "type": "Feature",
      "properties": {
        "@id": "node/2462074555",
        "name": "Wantamo",
        "place": "village",
        "source": "WRI_2005"
      },
      "geometry": {
        "type": "Point",
        "coordinates": [
          14.264789,
          4.786445
        ]
      },
      "id": "node/2462074555"
    },
    {
      "type": "Feature",
      "properties": {
        "@id": "node/2462074562",
        "name": "Woumbou",
        "place": "village",
        "source": "WRI_2005"
      },
      "geometry": {
        "type": "Point",
        "coordinates": [
          14.2593543,
          5.232302
        ]
      },
      "id": "node/2462074562"
    },
    {
      "type": "Feature",
      "properties": {
        "@id": "node/2462074566",
        "name": "Woutchaba",
        "place": "village",
        "source": "WRI_2005"
      },
      "geometry": {
        "type": "Point",
        "coordinates": [
          13.0846726,
          5.2267665
        ]
      },
      "id": "node/2462074566"
    },
    {
      "type": "Feature",
      "properties": {
        "@id": "node/2462074573",
        "name": "Yambeng",
        "place": "village",
        "source": "WRI_2005"
      },
      "geometry": {
        "type": "Point",
        "coordinates": [
          13.5009638,
          4.9258589
        ]
      },
      "id": "node/2462074573"
    },
    {
      "type": "Feature",
      "properties": {
        "@id": "node/2462074579",
        "name": "Yanda I",
        "place": "village",
        "source": "WRI_2005"
      },
      "geometry": {
        "type": "Point",
        "coordinates": [
          13.4240738,
          4.5605752
        ]
      },
      "id": "node/2462074579"
    },
    {
      "type": "Feature",
      "properties": {
        "@id": "node/2462074584",
        "name": "Yanda II",
        "place": "village",
        "source": "WRI_2005"
      },
      "geometry": {
        "type": "Point",
        "coordinates": [
          13.398052,
          4.571482
        ]
      },
      "id": "node/2462074584"
    },
    {
      "type": "Feature",
      "properties": {
        "@id": "node/2462074590",
        "name": "Yanda II",
        "place": "village",
        "source": "WRI_2005"
      },
      "geometry": {
        "type": "Point",
        "coordinates": [
          13.4103341,
          4.6035055
        ]
      },
      "id": "node/2462074590"
    },
    {
      "type": "Feature",
      "properties": {
        "@id": "node/2462074595",
        "name": "Yanda",
        "place": "village",
        "source": "WRI_2005"
      },
      "geometry": {
        "type": "Point",
        "coordinates": [
          13.3340279,
          4.8768287
        ]
      },
      "id": "node/2462074595"
    },
    {
      "type": "Feature",
      "properties": {
        "@id": "node/2462074613",
        "name": "Yoa",
        "place": "village",
        "source": "WRI_2005"
      },
      "geometry": {
        "type": "Point",
        "coordinates": [
          13.2258083,
          4.8376976
        ]
      },
      "id": "node/2462074613"
    },
    {
      "type": "Feature",
      "properties": {
        "@id": "node/2462074619",
        "name": "Yoko Bétougou",
        "place": "village",
        "source": "WRI_2005"
      },
      "geometry": {
        "type": "Point",
        "coordinates": [
          13.5460156,
          4.7565376
        ]
      },
      "id": "node/2462074619"
    },
    {
      "type": "Feature",
      "properties": {
        "@id": "node/2462074627",
        "name": "Yébi",
        "place": "village",
        "source": "WRI_2005"
      },
      "geometry": {
        "type": "Point",
        "coordinates": [
          13.3088642,
          4.959459
        ]
      },
      "id": "node/2462074627"
    },
    {
      "type": "Feature",
      "properties": {
        "@id": "node/2462074630",
        "name": "Zanboy",
        "place": "village",
        "source": "WRI_2005"
      },
      "geometry": {
        "type": "Point",
        "coordinates": [
          13.5972962,
          5.6954413
        ]
      },
      "id": "node/2462074630"
    },
    {
      "type": "Feature",
      "properties": {
        "@id": "node/2462074632",
        "name": "Zankaya",
        "place": "village",
        "source": "WRI_2005"
      },
      "geometry": {
        "type": "Point",
        "coordinates": [
          14.4936434,
          4.984456
        ]
      },
      "id": "node/2462074632"
    },
    {
      "type": "Feature",
      "properties": {
        "@id": "node/2462074635",
        "name": "Zoklingang",
        "place": "village",
        "source": "WRI_2005"
      },
      "geometry": {
        "type": "Point",
        "coordinates": [
          13.3211515,
          4.5764288
        ]
      },
      "id": "node/2462074635"
    },
    {
      "type": "Feature",
      "properties": {
        "@id": "node/2525906692",
        "name": "Bélabo",
        "note": "rank=0 car chef lieu de département",
        "place": "town",
        "rank": "0",
        "wikidata": "Q2929807"
      },
      "geometry": {
        "type": "Point",
        "coordinates": [
          13.290971,
          4.9203029
        ]
      },
      "id": "node/2525906692"
    },
    {
      "type": "Feature",
      "properties": {
        "@id": "node/2529900814",
        "name": "Somalomo",
        "note": "rank=0 car commune",
        "place": "town",
        "rank": "0",
        "source": "WRI_2005",
        "wikidata": "Q7559202"
      },
      "geometry": {
        "type": "Point",
        "coordinates": [
          12.736831,
          3.384445
        ]
      },
      "id": "node/2529900814"
    },
    {
      "type": "Feature",
      "properties": {
        "@id": "node/3010749996",
        "place": "village"
      },
      "geometry": {
        "type": "Point",
        "coordinates": [
          14.4850379,
          5.9017696
        ]
      },
      "id": "node/3010749996"
    },
    {
      "type": "Feature",
      "properties": {
        "@id": "node/3034284194",
        "GNS:dsg_code": "PPL",
        "GNS:dsg_string": "populated place",
        "GNS:id": "-3158773",
        "name": "Sarambi",
        "place": "village",
        "source": "GNS"
      },
      "geometry": {
        "type": "Point",
        "coordinates": [
          13.9070877,
          5.5799102
        ]
      },
      "id": "node/3034284194"
    },
    {
      "type": "Feature",
      "properties": {
        "@id": "node/3034335424",
        "GNS:dsg_code": "PPL",
        "GNS:dsg_string": "populated place",
        "GNS:id": "-3150899",
        "name": "Kongolo",
        "place": "village",
        "source": "GNS"
      },
      "geometry": {
        "type": "Point",
        "coordinates": [
          13.9660895,
          6.0308822
        ]
      },
      "id": "node/3034335424"
    },
    {
      "type": "Feature",
      "properties": {
        "@id": "node/3034335425",
        "GNS:dsg_code": "PPL",
        "GNS:dsg_string": "populated place",
        "GNS:id": "-3151869",
        "name": "Mabélé",
        "place": "village",
        "source": "GNS"
      },
      "geometry": {
        "type": "Point",
        "coordinates": [
          13.9304776,
          6.0160878
        ]
      },
      "id": "node/3034335425"
    },
    {
      "type": "Feature",
      "properties": {
        "@id": "node/3034360845",
        "GNS:dsg_code": "PPL",
        "GNS:dsg_string": "populated place",
        "GNS:id": "-3153066",
        "name": "Mbélébina",
        "place": "village",
        "source": "GNS"
      },
      "geometry": {
        "type": "Point",
        "coordinates": [
          14.5414771,
          5.1355933
        ]
      },
      "id": "node/3034360845"
    },
    {
      "type": "Feature",
      "properties": {
        "@id": "node/3034360846",
        "name": "Ouli",
        "note": "rank=0 car chef lieu de département",
        "place": "town",
        "rank": "0",
        "source": "WRI_2005"
      },
      "geometry": {
        "type": "Point",
        "coordinates": [
          14.5516305,
          5.2004346
        ]
      },
      "id": "node/3034360846"
    },
    {
      "type": "Feature",
      "properties": {
        "@id": "node/3034360847",
        "GNS:dsg_code": "PPL",
        "GNS:dsg_string": "populated place",
        "GNS:id": "-3158172",
        "alt_name": "Ounsounou",
        "name": "Oussounou",
        "place": "village",
        "source": "GNS"
      },
      "geometry": {
        "type": "Point",
        "coordinates": [
          14.5474783,
          5.1898856
        ]
      },
      "id": "node/3034360847"
    },
    {
      "type": "Feature",
      "properties": {
        "@id": "node/3037426136",
        "name": "Adjala",
        "place": "village"
      },
      "geometry": {
        "type": "Point",
        "coordinates": [
          14.9906705,
          2.0349016
        ]
      },
      "id": "node/3037426136"
    },
    {
      "type": "Feature",
      "properties": {
        "@id": "node/3037426690",
        "alt_name": "Guillili",
        "name": "Nguilili",
        "place": "village"
      },
      "geometry": {
        "type": "Point",
        "coordinates": [
          15.3299378,
          2.118426
        ]
      },
      "id": "node/3037426690"
    },
    {
      "type": "Feature",
      "properties": {
        "@id": "node/3037426796",
        "alt_name": "Kéka",
        "name": "Kika",
        "place": "village"
      },
      "geometry": {
        "type": "Point",
        "coordinates": [
          15.6303393,
          1.9406269
        ]
      },
      "id": "node/3037426796"
    },
    {
      "type": "Feature",
      "properties": {
        "@id": "node/3037427293",
        "name": "Mingombe",
        "place": "village"
      },
      "geometry": {
        "type": "Point",
        "coordinates": [
          15.1048857,
          2.0166114
        ]
      },
      "id": "node/3037427293"
    },
    {
      "type": "Feature",
      "properties": {
        "@id": "node/3037427860",
        "fixme": "not at the right place",
        "name": "Wafango",
        "note": "Not in the right place",
        "place": "village"
      },
      "geometry": {
        "type": "Point",
        "coordinates": [
          14.0193192,
          3.9843865
        ]
      },
      "id": "node/3037427860"
    },
    {
      "type": "Feature",
      "properties": {
        "@id": "node/3037750530",
        "name": "Abo Boutilla",
        "place": "village"
      },
      "geometry": {
        "type": "Point",
        "coordinates": [
          14.4427195,
          5.7161365
        ]
      },
      "id": "node/3037750530"
    },
    {
      "type": "Feature",
      "properties": {
        "@id": "node/3037751244",
        "name": "Badan",
        "place": "village"
      },
      "geometry": {
        "type": "Point",
        "coordinates": [
          14.5036365,
          5.7836945
        ]
      },
      "id": "node/3037751244"
    },
    {
      "type": "Feature",
      "properties": {
        "@id": "node/3037751245",
        "name": "Badzere",
        "place": "village"
      },
      "geometry": {
        "type": "Point",
        "coordinates": [
          14.4695722,
          5.755021
        ]
      },
      "id": "node/3037751245"
    },
    {
      "type": "Feature",
      "properties": {
        "@id": "node/3037751247",
        "name": "Bangue",
        "place": "village"
      },
      "geometry": {
        "type": "Point",
        "coordinates": [
          15.1257859,
          3.010725
        ]
      },
      "id": "node/3037751247"
    },
    {
      "type": "Feature",
      "properties": {
        "@id": "node/3037751269",
        "name": "Bonda",
        "place": "village"
      },
      "geometry": {
        "type": "Point",
        "coordinates": [
          14.5748459,
          3.432808
        ]
      },
      "id": "node/3037751269"
    },
    {
      "type": "Feature",
      "properties": {
        "@id": "node/3037751272",
        "name": "Timbolo",
        "place": "village",
        "source": "PCD Kette"
      },
      "geometry": {
        "type": "Point",
        "coordinates": [
          14.5949242,
          4.695703
        ]
      },
      "id": "node/3037751272"
    },
    {
      "type": "Feature",
      "properties": {
        "@id": "node/3037751275",
        "name": "Dem",
        "place": "village"
      },
      "geometry": {
        "type": "Point",
        "coordinates": [
          14.4487271,
          4.4624029
        ]
      },
      "id": "node/3037751275"
    },
    {
      "type": "Feature",
      "properties": {
        "@id": "node/3037751277",
        "name": "Deoule",
        "place": "village"
      },
      "geometry": {
        "type": "Point",
        "coordinates": [
          13.987688,
          5.152675
        ]
      },
      "id": "node/3037751277"
    },
    {
      "type": "Feature",
      "properties": {
        "@id": "node/3037751282",
        "name": "Dimako",
        "place": "village"
      },
      "geometry": {
        "type": "Point",
        "coordinates": [
          14.379899,
          4.3862849
        ]
      },
      "id": "node/3037751282"
    },
    {
      "type": "Feature",
      "properties": {
        "@id": "node/3037751298",
        "name": "Garoua Yaka",
        "place": "village"
      },
      "geometry": {
        "type": "Point",
        "coordinates": [
          13.9935982,
          5.1255739
        ]
      },
      "id": "node/3037751298"
    },
    {
      "type": "Feature",
      "properties": {
        "@id": "node/3037751301",
        "name": "Gbitti",
        "place": "town"
      },
      "geometry": {
        "type": "Point",
        "coordinates": [
          14.7074501,
          4.7001719
        ]
      },
      "id": "node/3037751301"
    },
    {
      "type": "Feature",
      "properties": {
        "@id": "node/3037751305",
        "name": "Ibi",
        "place": "village"
      },
      "geometry": {
        "type": "Point",
        "coordinates": [
          13.9825771,
          5.5997049
        ]
      },
      "id": "node/3037751305"
    },
    {
      "type": "Feature",
      "properties": {
        "@id": "node/3037751312",
        "name": "Kentzou II",
        "place": "village"
      },
      "geometry": {
        "type": "Point",
        "coordinates": [
          14.6817582,
          4.2012323
        ]
      },
      "id": "node/3037751312"
    },
    {
      "type": "Feature",
      "properties": {
        "@id": "node/3037751313",
        "name": "Kombo Amougou",
        "place": "village"
      },
      "geometry": {
        "type": "Point",
        "coordinates": [
          14.3820659,
          4.3605811
        ]
      },
      "id": "node/3037751313"
    },
    {
      "type": "Feature",
      "properties": {
        "@id": "node/3037751314",
        "name": "Kombo Djomo",
        "place": "village"
      },
      "geometry": {
        "type": "Point",
        "coordinates": [
          14.3945335,
          4.3431971
        ]
      },
      "id": "node/3037751314"
    },
    {
      "type": "Feature",
      "properties": {
        "@id": "node/3037751321",
        "name": "Lamendoum",
        "place": "village"
      },
      "geometry": {
        "type": "Point",
        "coordinates": [
          14.5115852,
          3.413125
        ]
      },
      "id": "node/3037751321"
    },
    {
      "type": "Feature",
      "properties": {
        "@id": "node/3037751322",
        "name": "Landjoue 1",
        "place": "village"
      },
      "geometry": {
        "type": "Point",
        "coordinates": [
          14.906498,
          3.511028
        ]
      },
      "id": "node/3037751322"
    },
    {
      "type": "Feature",
      "properties": {
        "@id": "node/3037751323",
        "name": "Landjoue 2",
        "place": "village"
      },
      "geometry": {
        "type": "Point",
        "coordinates": [
          14.8184196,
          3.4795265
        ]
      },
      "id": "node/3037751323"
    },
    {
      "type": "Feature",
      "properties": {
        "@id": "node/3037751325",
        "name": "Lobi",
        "place": "village"
      },
      "geometry": {
        "type": "Point",
        "coordinates": [
          14.3807789,
          4.403807
        ]
      },
      "id": "node/3037751325"
    },
    {
      "type": "Feature",
      "properties": {
        "@id": "node/3037751326",
        "name": "Lombaya",
        "place": "village"
      },
      "geometry": {
        "type": "Point",
        "coordinates": [
          14.3815338,
          4.3733723
        ]
      },
      "id": "node/3037751326"
    },
    {
      "type": "Feature",
      "properties": {
        "@id": "node/3037751433",
        "name": "Mararaba",
        "place": "village"
      },
      "geometry": {
        "type": "Point",
        "coordinates": [
          13.8490319,
          5.6032081
        ]
      },
      "id": "node/3037751433"
    },
    {
      "type": "Feature",
      "properties": {
        "@id": "node/3037751440",
        "name": "Mbele Mbeke",
        "place": "village"
      },
      "geometry": {
        "type": "Point",
        "coordinates": [
          14.0417741,
          5.047885
        ]
      },
      "id": "node/3037751440"
    },
    {
      "type": "Feature",
      "properties": {
        "@id": "node/3037751441",
        "name": "Mbele",
        "place": "village"
      },
      "geometry": {
        "type": "Point",
        "coordinates": [
          15.0690175,
          4.0552553
        ]
      },
      "id": "node/3037751441"
    },
    {
      "type": "Feature",
      "properties": {
        "@id": "node/3037751444",
        "name": "Mbodomo Issa",
        "place": "village"
      },
      "geometry": {
        "type": "Point",
        "coordinates": [
          13.899515,
          5.576142
        ]
      },
      "id": "node/3037751444"
    },
    {
      "type": "Feature",
      "properties": {
        "@id": "node/3037751445",
        "name": "Mbombete",
        "place": "village"
      },
      "geometry": {
        "type": "Point",
        "coordinates": [
          15.1437109,
          4.0562508
        ]
      },
      "id": "node/3037751445"
    },
    {
      "type": "Feature",
      "properties": {
        "@id": "node/3037751448",
        "name": "Mbondoua 1",
        "place": "village"
      },
      "geometry": {
        "type": "Point",
        "coordinates": [
          15.1074331,
          4.073513
        ]
      },
      "id": "node/3037751448"
    },
    {
      "type": "Feature",
      "properties": {
        "@id": "node/3037751449",
        "name": "Mbondoua 2",
        "place": "village"
      },
      "geometry": {
        "type": "Point",
        "coordinates": [
          15.0975211,
          4.071528
        ]
      },
      "id": "node/3037751449"
    },
    {
      "type": "Feature",
      "properties": {
        "@id": "node/3037751451",
        "name": "Mborguene",
        "place": "village"
      },
      "geometry": {
        "type": "Point",
        "coordinates": [
          14.128227,
          5.5084861
        ]
      },
      "id": "node/3037751451"
    },
    {
      "type": "Feature",
      "properties": {
        "@id": "node/3037751452",
        "name": "Mbotoro",
        "place": "village"
      },
      "geometry": {
        "type": "Point",
        "coordinates": [
          14.5425193,
          5.190081
        ]
      },
      "id": "node/3037751452"
    },
    {
      "type": "Feature",
      "properties": {
        "@id": "node/3037751472",
        "name": "Mwamepen",
        "place": "village"
      },
      "geometry": {
        "type": "Point",
        "coordinates": [
          14.8111101,
          3.4762386
        ]
      },
      "id": "node/3037751472"
    },
    {
      "type": "Feature",
      "properties": {
        "@id": "node/3037751473",
        "name": "Modoue",
        "place": "village"
      },
      "geometry": {
        "type": "Point",
        "coordinates": [
          14.6579699,
          3.4450106
        ]
      },
      "id": "node/3037751473"
    },
    {
      "type": "Feature",
      "properties": {
        "@id": "node/3037751481",
        "name": "Nakpassa 1",
        "place": "village"
      },
      "geometry": {
        "type": "Point",
        "coordinates": [
          15.02082,
          4.038945
        ]
      },
      "id": "node/3037751481"
    },
    {
      "type": "Feature",
      "properties": {
        "@id": "node/3037751482",
        "name": "Nakpassa 2",
        "place": "village"
      },
      "geometry": {
        "type": "Point",
        "coordinates": [
          15.0153018,
          4.0536078
        ]
      },
      "id": "node/3037751482"
    },
    {
      "type": "Feature",
      "properties": {
        "@id": "node/3037751487",
        "name": "Ndelle 2",
        "place": "village"
      },
      "geometry": {
        "type": "Point",
        "coordinates": [
          15.0643964,
          4.0524075
        ]
      },
      "id": "node/3037751487"
    },
    {
      "type": "Feature",
      "properties": {
        "@id": "node/3037751490",
        "name": "Ndong",
        "place": "village"
      },
      "geometry": {
        "type": "Point",
        "coordinates": [
          15.115793,
          4.074915
        ]
      },
      "id": "node/3037751490"
    },
    {
      "type": "Feature",
      "properties": {
        "@id": "node/3037751491",
        "name": "Ndoung Sanga",
        "place": "village"
      },
      "geometry": {
        "type": "Point",
        "coordinates": [
          15.0553937,
          4.0485324
        ]
      },
      "id": "node/3037751491"
    },
    {
      "type": "Feature",
      "properties": {
        "@id": "node/3037751494",
        "name": "Ngatto nouveau",
        "place": "village"
      },
      "geometry": {
        "type": "Point",
        "coordinates": [
          14.9592735,
          3.2734699
        ]
      },
      "id": "node/3037751494"
    },
    {
      "type": "Feature",
      "properties": {
        "@id": "node/3037751496",
        "name": "Ngoura",
        "place": "village"
      },
      "geometry": {
        "type": "Point",
        "coordinates": [
          14.2839101,
          5.046917
        ]
      },
      "id": "node/3037751496"
    },
    {
      "type": "Feature",
      "properties": {
        "@id": "node/3037751508",
        "name": "Oudoulaï",
        "place": "village"
      },
      "geometry": {
        "type": "Point",
        "coordinates": [
          14.077152,
          5.471776
        ]
      },
      "id": "node/3037751508"
    },
    {
      "type": "Feature",
      "properties": {
        "@id": "node/3037751509",
        "alt_name": "Wéso",
        "name": "Ouesso",
        "place": "village"
      },
      "geometry": {
        "type": "Point",
        "coordinates": [
          14.564614,
          3.4298329
        ]
      },
      "id": "node/3037751509"
    },
    {
      "type": "Feature",
      "properties": {
        "@id": "node/3037751513",
        "alt_name": "Panoua",
        "name": "Panawa",
        "place": "village"
      },
      "geometry": {
        "type": "Point",
        "coordinates": [
          15.1307611,
          4.0700329
        ]
      },
      "id": "node/3037751513"
    },
    {
      "type": "Feature",
      "properties": {
        "@id": "node/3037751515",
        "alt_name": "Patéré",
        "name": "Pater",
        "place": "village"
      },
      "geometry": {
        "type": "Point",
        "coordinates": [
          14.378413,
          4.405409
        ]
      },
      "id": "node/3037751515"
    },
    {
      "type": "Feature",
      "properties": {
        "@id": "node/3037751516",
        "name": "Peage",
        "place": "village"
      },
      "geometry": {
        "type": "Point",
        "coordinates": [
          14.115276,
          5.513996
        ]
      },
      "id": "node/3037751516"
    },
    {
      "type": "Feature",
      "properties": {
        "@id": "node/3037751517",
        "name": "Petit Bello",
        "place": "village"
      },
      "geometry": {
        "type": "Point",
        "coordinates": [
          14.0102302,
          5.1136899
        ]
      },
      "id": "node/3037751517"
    },
    {
      "type": "Feature",
      "properties": {
        "@id": "node/3037751518",
        "name": "Petit Ngaoundere",
        "place": "village"
      },
      "geometry": {
        "type": "Point",
        "coordinates": [
          14.0154329,
          5.2311421
        ]
      },
      "id": "node/3037751518"
    },
    {
      "type": "Feature",
      "properties": {
        "@id": "node/3037751520",
        "name": "Salapoumbé",
        "note": "rank=0 car commune",
        "place": "town",
        "rank": "0"
      },
      "geometry": {
        "type": "Point",
        "coordinates": [
          15.3808195,
          2.6145501
        ]
      },
      "id": "node/3037751520"
    },
    {
      "type": "Feature",
      "properties": {
        "@id": "node/3037751525",
        "name": "Sodonou 2",
        "place": "village"
      },
      "geometry": {
        "type": "Point",
        "coordinates": [
          14.2664217,
          5.5076568
        ]
      },
      "id": "node/3037751525"
    },
    {
      "type": "Feature",
      "properties": {
        "@id": "node/3037751529",
        "name": "Tapare",
        "place": "village"
      },
      "geometry": {
        "type": "Point",
        "coordinates": [
          14.3968838,
          6.040689
        ]
      },
      "id": "node/3037751529"
    },
    {
      "type": "Feature",
      "properties": {
        "@id": "node/3037751530",
        "name": "Tonge Gandima",
        "name:fr": "Tongo Gadima",
        "place": "village"
      },
      "geometry": {
        "type": "Point",
        "coordinates": [
          14.000386,
          5.181529
        ]
      },
      "id": "node/3037751530"
    },
    {
      "type": "Feature",
      "properties": {
        "@id": "node/3037751531",
        "alt_name": "Ouessa",
        "name": "Wassa",
        "place": "village"
      },
      "geometry": {
        "type": "Point",
        "coordinates": [
          15.0735269,
          4.061851
        ]
      },
      "id": "node/3037751531"
    },
    {
      "type": "Feature",
      "properties": {
        "@id": "node/3037751532",
        "name": "Wendoka",
        "place": "village"
      },
      "geometry": {
        "type": "Point",
        "coordinates": [
          14.4209988,
          6.0068242
        ]
      },
      "id": "node/3037751532"
    },
    {
      "type": "Feature",
      "properties": {
        "@id": "node/3037751633",
        "name": "Yokosire",
        "place": "village"
      },
      "geometry": {
        "type": "Point",
        "coordinates": [
          14.5639163,
          5.8227752
        ]
      },
      "id": "node/3037751633"
    },
    {
      "type": "Feature",
      "properties": {
        "@id": "node/3037843902",
        "name": "Ndem Nam",
        "place": "village"
      },
      "geometry": {
        "type": "Point",
        "coordinates": [
          14.0611623,
          4.2672473
        ]
      },
      "id": "node/3037843902"
    },
    {
      "type": "Feature",
      "properties": {
        "@id": "node/3037843905",
        "alt_name": "Ngoura II",
        "name": "Ngoura",
        "note": "rank = 0 car village étape",
        "place": "village",
        "rank": "0",
        "source:alt_name": "PCD Batouri"
      },
      "geometry": {
        "type": "Point",
        "coordinates": [
          14.564398,
          4.3990129
        ]
      },
      "id": "node/3037843905"
    },
    {
      "type": "Feature",
      "properties": {
        "@id": "node/3037843912",
        "name": "Nzembeie",
        "place": "village"
      },
      "geometry": {
        "type": "Point",
        "coordinates": [
          14.1698531,
          4.3830079
        ]
      },
      "id": "node/3037843912"
    },
    {
      "type": "Feature",
      "properties": {
        "@id": "node/3037843913",
        "name": "Nzeng",
        "place": "village"
      },
      "geometry": {
        "type": "Point",
        "coordinates": [
          14.0819777,
          4.20952
        ]
      },
      "id": "node/3037843913"
    },
    {
      "type": "Feature",
      "properties": {
        "@id": "node/3087728367",
        "name": "Nguelemendouka",
        "note": "rank=0 car commune",
        "place": "town",
        "rank": "0",
        "wikidata": "Q7022665"
      },
      "geometry": {
        "type": "Point",
        "coordinates": [
          12.9234653,
          4.3915085
        ]
      },
      "id": "node/3087728367"
    },
    {
      "type": "Feature",
      "properties": {
        "@id": "node/3183393100",
        "name": "Bétaré-Oya",
        "note": "rank=0 car chef lieu de département",
        "place": "town",
        "rank": "0"
      },
      "geometry": {
        "type": "Point",
        "coordinates": [
          14.086355,
          5.58849
        ]
      },
      "id": "node/3183393100"
    },
    {
      "type": "Feature",
      "properties": {
        "@id": "node/3193669604",
        "admin_level": "4",
        "capital": "4",
        "name": "Bertoua",
        "name:ko": "베르투아",
        "note": "rank=0 car chef lieu de région",
        "place": "city",
        "rank": "0",
        "source": "Institut National de Cartographie",
        "wikidata": "Q657734"
      },
      "geometry": {
        "type": "Point",
        "coordinates": [
          13.6843792,
          4.5776155
        ]
      },
      "id": "node/3193669604"
    },
    {
      "type": "Feature",
      "properties": {
        "@id": "node/3201604405",
        "name": "Dimako",
        "note": "rank=0 car commune",
        "place": "town",
        "rank": "0",
        "wikidata": "Q1100817"
      },
      "geometry": {
        "type": "Point",
        "coordinates": [
          13.577979,
          4.378608
        ]
      },
      "id": "node/3201604405"
    },
    {
      "type": "Feature",
      "properties": {
        "@id": "node/3212840904",
        "name": "Ngoyla",
        "note": "rank=0 car commune",
        "place": "town",
        "rank": "0",
        "wikidata": "Q7022489"
      },
      "geometry": {
        "type": "Point",
        "coordinates": [
          14.024137,
          2.629355
        ]
      },
      "id": "node/3212840904"
    },
    {
      "type": "Feature",
      "properties": {
        "@id": "node/3221369713",
        "name": "Doumba Bélo",
        "place": "village",
        "source": "WRI_2005"
      },
      "geometry": {
        "type": "Point",
        "coordinates": [
          14.2913188,
          5.0718361
        ]
      },
      "id": "node/3221369713"
    },
    {
      "type": "Feature",
      "properties": {
        "@id": "node/3259588651",
        "name": "Messock",
        "note": "rank=0 car commune",
        "place": "town",
        "rank": "0"
      },
      "geometry": {
        "type": "Point",
        "coordinates": [
          14.0732043,
          3.0854096
        ]
      },
      "id": "node/3259588651"
    },
    {
      "type": "Feature",
      "properties": {
        "@id": "node/3318255432",
        "name": "Baka Gbine",
        "place": "village"
      },
      "geometry": {
        "type": "Point",
        "coordinates": [
          15.2810413,
          2.0814621
        ]
      },
      "id": "node/3318255432"
    },
    {
      "type": "Feature",
      "properties": {
        "@id": "node/3421816082",
        "name": "Baka de Dja",
        "place": "village"
      },
      "geometry": {
        "type": "Point",
        "coordinates": [
          13.3341794,
          3.8096878
        ]
      },
      "id": "node/3421816082"
    },
    {
      "type": "Feature",
      "properties": {
        "@id": "node/3421816083",
        "name": "Baka de Mballam",
        "place": "village"
      },
      "geometry": {
        "type": "Point",
        "coordinates": [
          13.3681191,
          3.7258296
        ]
      },
      "id": "node/3421816083"
    },
    {
      "type": "Feature",
      "properties": {
        "@id": "node/3421816795",
        "name": "Djolempoum",
        "place": "village"
      },
      "geometry": {
        "type": "Point",
        "coordinates": [
          13.3638205,
          3.7131462
        ]
      },
      "id": "node/3421816795"
    },
    {
      "type": "Feature",
      "properties": {
        "@id": "node/3421816796",
        "name": "Djouyaya",
        "place": "village"
      },
      "geometry": {
        "type": "Point",
        "coordinates": [
          13.3363555,
          3.7922485
        ]
      },
      "id": "node/3421816796"
    },
    {
      "type": "Feature",
      "properties": {
        "@id": "node/3421816807",
        "name": "Etsiek",
        "place": "village"
      },
      "geometry": {
        "type": "Point",
        "coordinates": [
          13.3346542,
          3.7818915
        ]
      },
      "id": "node/3421816807"
    },
    {
      "type": "Feature",
      "properties": {
        "@id": "node/3421816816",
        "name": "Kagnol",
        "place": "village"
      },
      "geometry": {
        "type": "Point",
        "coordinates": [
          13.3479357,
          3.7647807
        ]
      },
      "id": "node/3421816816"
    },
    {
      "type": "Feature",
      "properties": {
        "@id": "node/3421816817",
        "name": "Nkouak",
        "place": "village"
      },
      "geometry": {
        "type": "Point",
        "coordinates": [
          13.3150788,
          3.8688942
        ]
      },
      "id": "node/3421816817"
    },
    {
      "type": "Feature",
      "properties": {
        "@id": "node/3421816819",
        "name": "Nongbwala",
        "place": "village"
      },
      "geometry": {
        "type": "Point",
        "coordinates": [
          13.3342228,
          3.8367078
        ]
      },
      "id": "node/3421816819"
    },
    {
      "type": "Feature",
      "properties": {
        "@id": "node/3421816834",
        "name": "Cyrie",
        "place": "village"
      },
      "geometry": {
        "type": "Point",
        "coordinates": [
          13.3331468,
          3.8189092
        ]
      },
      "id": "node/3421816834"
    },
    {
      "type": "Feature",
      "properties": {
        "@id": "node/3426508693",
        "name": "Nemeyong",
        "place": "village",
        "source": "WRI_2005"
      },
      "geometry": {
        "type": "Point",
        "coordinates": [
          13.4219501,
          3.5375924
        ]
      },
      "id": "node/3426508693"
    },
    {
      "type": "Feature",
      "properties": {
        "@id": "node/3858638919",
        "name": "Tindamba",
        "place": "village"
      },
      "geometry": {
        "type": "Point",
        "coordinates": [
          13.6962588,
          4.5818286
        ]
      },
      "id": "node/3858638919"
    },
    {
      "type": "Feature",
      "properties": {
        "@id": "node/4467918648",
        "name": "Mbitom",
        "place": "village"
      },
      "geometry": {
        "type": "Point",
        "coordinates": [
          13.3255751,
          5.7074994
        ]
      },
      "id": "node/4467918648"
    },
    {
      "type": "Feature",
      "properties": {
        "@id": "node/4781665729",
        "fixme": "name not in GNS",
        "place": "village",
        "source": "Bing"
      },
      "geometry": {
        "type": "Point",
        "coordinates": [
          14.5889645,
          5.6299532
        ]
      },
      "id": "node/4781665729"
    },
    {
      "type": "Feature",
      "properties": {
        "@id": "node/5070237427",
        "name": "Ekom",
        "place": "village"
      },
      "geometry": {
        "type": "Point",
        "coordinates": [
          13.0349162,
          3.3407735
        ]
      },
      "id": "node/5070237427"
    },
    {
      "type": "Feature",
      "properties": {
        "@id": "node/5070237493",
        "name": "Chwam",
        "place": "village"
      },
      "geometry": {
        "type": "Point",
        "coordinates": [
          12.8095114,
          3.3422062
        ]
      },
      "id": "node/5070237493"
    },
    {
      "type": "Feature",
      "properties": {
        "@id": "node/5094789230",
        "name": "Guiwa Yangamo",
        "place": "town"
      },
      "geometry": {
        "type": "Point",
        "coordinates": [
          14.0428771,
          4.9785311
        ]
      },
      "id": "node/5094789230"
    },
    {
      "type": "Feature",
      "properties": {
        "@id": "node/5094819444",
        "name": "Mbomba",
        "place": "village"
      },
      "geometry": {
        "type": "Point",
        "coordinates": [
          14.0222161,
          4.9570211
        ]
      },
      "id": "node/5094819444"
    },
    {
      "type": "Feature",
      "properties": {
        "@id": "node/5544716515",
        "name": "Mborguéné",
        "place": "village",
        "source": "Digital Globe"
      },
      "geometry": {
        "type": "Point",
        "coordinates": [
          14.2707896,
          5.7429682
        ]
      },
      "id": "node/5544716515"
    },
    {
      "type": "Feature",
      "properties": {
        "@id": "node/5711441269",
        "name": "Essianbot",
        "place": "village"
      },
      "geometry": {
        "type": "Point",
        "coordinates": [
          12.8070544,
          3.5388859
        ]
      },
      "id": "node/5711441269"
    },
    {
      "type": "Feature",
      "properties": {
        "@id": "node/5711441271",
        "name": "Ntibonke",
        "place": "village"
      },
      "geometry": {
        "type": "Point",
        "coordinates": [
          13.0365979,
          3.510776
        ]
      },
      "id": "node/5711441271"
    },
    {
      "type": "Feature",
      "properties": {
        "@id": "node/5711441274",
        "name": "Medjo",
        "place": "village"
      },
      "geometry": {
        "type": "Point",
        "coordinates": [
          12.9113603,
          3.5328464
        ]
      },
      "id": "node/5711441274"
    },
    {
      "type": "Feature",
      "properties": {
        "@id": "node/5711441275",
        "name": "Malen",
        "place": "village"
      },
      "geometry": {
        "type": "Point",
        "coordinates": [
          12.8800267,
          3.5395338
        ]
      },
      "id": "node/5711441275"
    },
    {
      "type": "Feature",
      "properties": {
        "@id": "node/5711455425",
        "name": "Kemlago'omo",
        "place": "village"
      },
      "geometry": {
        "type": "Point",
        "coordinates": [
          12.8789055,
          3.6119222
        ]
      },
      "id": "node/5711455425"
    },
    {
      "type": "Feature",
      "properties": {
        "@id": "node/5711455426",
        "name": "Bétani",
        "place": "village"
      },
      "geometry": {
        "type": "Point",
        "coordinates": [
          12.8618466,
          3.6179318
        ]
      },
      "id": "node/5711455426"
    },
    {
      "type": "Feature",
      "properties": {
        "@id": "node/5838143406",
        "alt_name": "Timangolo",
        "name": "Timangolo",
        "place": "town",
        "source:alt_name": "PCD Kette"
      },
      "geometry": {
        "type": "Point",
        "coordinates": [
          14.5444604,
          4.6272306
        ]
      },
      "id": "node/5838143406"
    },
    {
      "type": "Feature",
      "properties": {
        "@id": "node/5838463388",
        "name": "Kana Village",
        "place": "village",
        "source": "PCD Kette"
      },
      "geometry": {
        "type": "Point",
        "coordinates": [
          14.6337126,
          4.813645
        ]
      },
      "id": "node/5838463388"
    },
    {
      "type": "Feature",
      "properties": {
        "@id": "node/5838486786",
        "name": "Oundiki",
        "place": "village",
        "source": "PCD Kette"
      },
      "geometry": {
        "type": "Point",
        "coordinates": [
          14.7101293,
          4.8087945
        ]
      },
      "id": "node/5838486786"
    },
    {
      "type": "Feature",
      "properties": {
        "@id": "node/5838486787",
        "name": "Beke Chantier",
        "place": "village",
        "source": "PCD Kette"
      },
      "geometry": {
        "type": "Point",
        "coordinates": [
          14.6787602,
          4.7711802
        ]
      },
      "id": "node/5838486787"
    },
    {
      "type": "Feature",
      "properties": {
        "@id": "node/5919944128",
        "name": "Bohanto",
        "place": "village",
        "source": "WRI_2005"
      },
      "geometry": {
        "type": "Point",
        "coordinates": [
          14.2428829,
          5.273369
        ]
      },
      "id": "node/5919944128"
    },
    {
      "type": "Feature",
      "properties": {
        "@id": "node/6423846263",
        "name": "Gounte",
        "place": "village"
      },
      "geometry": {
        "type": "Point",
        "coordinates": [
          14.1611838,
          5.5006593
        ]
      },
      "id": "node/6423846263"
    },
    {
      "type": "Feature",
      "properties": {
        "@id": "node/6423849004",
        "name": "Kanzam 1",
        "place": "village"
      },
      "geometry": {
        "type": "Point",
        "coordinates": [
          14.2180252,
          5.5225303
        ]
      },
      "id": "node/6423849004"
    },
    {
      "type": "Feature",
      "properties": {
        "@id": "node/6423849005",
        "name": "Kanzam 2",
        "place": "village"
      },
      "geometry": {
        "type": "Point",
        "coordinates": [
          14.2352342,
          5.5209926
        ]
      },
      "id": "node/6423849005"
    },
    {
      "type": "Feature",
      "properties": {
        "@id": "node/6423849006",
        "name": "Sodonou 1",
        "place": "village"
      },
      "geometry": {
        "type": "Point",
        "coordinates": [
          14.2763851,
          5.5060602
        ]
      },
      "id": "node/6423849006"
    },
    {
      "type": "Feature",
      "properties": {
        "@id": "node/6427588953",
        "name": "Campement Minier",
        "place": "village"
      },
      "geometry": {
        "type": "Point",
        "coordinates": [
          14.4165635,
          4.4540611
        ]
      },
      "id": "node/6427588953"
    },
    {
      "type": "Feature",
      "properties": {
        "@id": "node/6427620560",
        "name": "camp minier",
        "place": "village"
      },
      "geometry": {
        "type": "Point",
        "coordinates": [
          14.6083767,
          4.8019848
        ]
      },
      "id": "node/6427620560"
    },
    {
      "type": "Feature",
      "properties": {
        "@id": "node/6427621614",
        "name": "camp minier",
        "place": "village"
      },
      "geometry": {
        "type": "Point",
        "coordinates": [
          14.6033472,
          4.9442895
        ]
      },
      "id": "node/6427621614"
    },
    {
      "type": "Feature",
      "properties": {
        "@id": "node/6479369285",
        "name": "Colomine",
        "place": "town",
        "wikidata": "Q25391569",
        "wikipedia": "fr:Colomine"
      },
      "geometry": {
        "type": "Point",
        "coordinates": [
          14.3722258,
          4.999253
        ]
      },
      "id": "node/6479369285"
    },
    {
      "type": "Feature",
      "properties": {
        "@id": "node/6550868118",
        "name": "Kendjo",
        "place": "village"
      },
      "geometry": {
        "type": "Point",
        "coordinates": [
          13.3318556,
          3.8583779
        ]
      },
      "id": "node/6550868118"
    },
    {
      "type": "Feature",
      "properties": {
        "@id": "node/6726414592",
        "name": "Bombesato",
        "place": "village",
        "source": "PCD Kentzou"
      },
      "geometry": {
        "type": "Point",
        "coordinates": [
          14.959377,
          4.4146773
        ]
      },
      "id": "node/6726414592"
    },
    {
      "type": "Feature",
      "properties": {
        "@id": "node/6726414593",
        "name": "Bombe Bakari",
        "place": "village",
        "source": "PCD Kentzou"
      },
      "geometry": {
        "type": "Point",
        "coordinates": [
          15.004878,
          4.4205499
        ]
      },
      "id": "node/6726414593"
    },
    {
      "type": "Feature",
      "properties": {
        "@id": "node/6726414594",
        "alt_name": "Niouwa 2",
        "name": "Niewa II",
        "place": "village",
        "source": "PCD Kentzou"
      },
      "geometry": {
        "type": "Point",
        "coordinates": [
          14.8048925,
          4.3365263
        ]
      },
      "id": "node/6726414594"
    },
    {
      "type": "Feature",
      "properties": {
        "@id": "node/6726414595",
        "name": "Gbadjin",
        "place": "village",
        "source": "PCD Kentzou"
      },
      "geometry": {
        "type": "Point",
        "coordinates": [
          14.8076821,
          4.3268123
        ]
      },
      "id": "node/6726414595"
    },
    {
      "type": "Feature",
      "properties": {
        "@id": "node/6726414596",
        "name": "Belkoungou",
        "place": "village",
        "source": "PCD Kentzou"
      },
      "geometry": {
        "type": "Point",
        "coordinates": [
          14.8501682,
          4.3150014
        ]
      },
      "id": "node/6726414596"
    },
    {
      "type": "Feature",
      "properties": {
        "@id": "node/6726414597",
        "name": "Gbongoe II",
        "place": "village",
        "source": "PCD Kentzou"
      },
      "geometry": {
        "type": "Point",
        "coordinates": [
          14.8484516,
          4.3195375
        ]
      },
      "id": "node/6726414597"
    },
    {
      "type": "Feature",
      "properties": {
        "@id": "node/6726414598",
        "name": "Lolo II",
        "place": "village",
        "source": "PCD Kentzou"
      },
      "geometry": {
        "type": "Point",
        "coordinates": [
          14.891324,
          4.3015212
        ]
      },
      "id": "node/6726414598"
    },
    {
      "type": "Feature",
      "properties": {
        "@id": "node/6726414599",
        "name": "Gbabone",
        "place": "village",
        "source": "PCD Kentzou"
      },
      "geometry": {
        "type": "Point",
        "coordinates": [
          14.8937273,
          4.2927483
        ]
      },
      "id": "node/6726414599"
    },
    {
      "type": "Feature",
      "properties": {
        "@id": "node/6726414600",
        "alt_name": "Mepolo",
        "name": "Mekpolo",
        "place": "village",
        "source": "PCD Kentzou"
      },
      "geometry": {
        "type": "Point",
        "coordinates": [
          14.9605464,
          4.2094649
        ]
      },
      "id": "node/6726414600"
    },
    {
      "type": "Feature",
      "properties": {
        "@id": "node/6726414601",
        "name": "Samé",
        "place": "village",
        "source": "PCD Kentzou"
      },
      "geometry": {
        "type": "Point",
        "coordinates": [
          15.0002432,
          4.1915958
        ]
      },
      "id": "node/6726414601"
    },
    {
      "type": "Feature",
      "properties": {
        "@id": "node/6726415094",
        "name": "Gbolegbole",
        "place": "village",
        "source": "PCD Kentzou"
      },
      "geometry": {
        "type": "Point",
        "coordinates": [
          15.0832093,
          4.2115192
        ]
      },
      "id": "node/6726415094"
    },
    {
      "type": "Feature",
      "properties": {
        "@id": "node/6726415096",
        "name": "Banda",
        "place": "village",
        "source": "PCD Kentzou"
      },
      "geometry": {
        "type": "Point",
        "coordinates": [
          15.0214003,
          4.143722
        ]
      },
      "id": "node/6726415096"
    },
    {
      "type": "Feature",
      "properties": {
        "@id": "node/6726415097",
        "alt_name": "Bassia",
        "name": "Gbassia",
        "place": "village",
        "source": "PCD Kentzou"
      },
      "geometry": {
        "type": "Point",
        "coordinates": [
          15.0153064,
          4.138928
        ]
      },
      "id": "node/6726415097"
    },
    {
      "type": "Feature",
      "properties": {
        "@id": "node/6726415098",
        "alt_name": "Mboumenguinda",
        "name": "Bombe Philllipe",
        "place": "village",
        "source": "PCD Kentzou",
        "source:alt_name": "IGN 1995-1989"
      },
      "geometry": {
        "type": "Point",
        "coordinates": [
          15.0846147,
          4.1524537
        ]
      },
      "id": "node/6726415098"
    },
    {
      "type": "Feature",
      "properties": {
        "@id": "node/6726415099",
        "name": "Bombe Mbendo",
        "place": "village",
        "source": "PCD Kentzou"
      },
      "geometry": {
        "type": "Point",
        "coordinates": [
          15.0989323,
          4.1443105
        ]
      },
      "id": "node/6726415099"
    },
    {
      "type": "Feature",
      "properties": {
        "@id": "node/6726450106",
        "name": "Tikolo",
        "place": "village",
        "source": "PCD Kette"
      },
      "geometry": {
        "type": "Point",
        "coordinates": [
          14.557743,
          4.966413
        ]
      },
      "id": "node/6726450106"
    },
    {
      "type": "Feature",
      "properties": {
        "@id": "node/6726450107",
        "name": "Gonkora Bienven",
        "place": "village",
        "source": "PCD Kette"
      },
      "geometry": {
        "type": "Point",
        "coordinates": [
          14.5500182,
          4.8659758
        ]
      },
      "id": "node/6726450107"
    },
    {
      "type": "Feature",
      "properties": {
        "@id": "node/6726450108",
        "name": "Ndong Libio",
        "place": "village",
        "source": "PCD Kette"
      },
      "geometry": {
        "type": "Point",
        "coordinates": [
          14.5446967,
          4.8286875
        ]
      },
      "id": "node/6726450108"
    },
    {
      "type": "Feature",
      "properties": {
        "@id": "node/6726450109",
        "name": "Zalingo",
        "place": "village",
        "source": "PCD Kette"
      },
      "geometry": {
        "type": "Point",
        "coordinates": [
          14.5625709,
          4.7916964
        ]
      },
      "id": "node/6726450109"
    },
    {
      "type": "Feature",
      "properties": {
        "@id": "node/6726450110",
        "name": "Tissanda",
        "place": "village",
        "source": "PCD Kette"
      },
      "geometry": {
        "type": "Point",
        "coordinates": [
          14.5647811,
          4.7880614
        ]
      },
      "id": "node/6726450110"
    },
    {
      "type": "Feature",
      "properties": {
        "@id": "node/6726450111",
        "name": "Borguene",
        "place": "village",
        "source": "PCD Kette"
      },
      "geometry": {
        "type": "Point",
        "coordinates": [
          14.5775699,
          4.7748894
        ]
      },
      "id": "node/6726450111"
    },
    {
      "type": "Feature",
      "properties": {
        "@id": "node/6726450112",
        "name": "Beke Route",
        "place": "village",
        "source": "PCD Kette"
      },
      "geometry": {
        "type": "Point",
        "coordinates": [
          14.5776557,
          4.7664216
        ]
      },
      "id": "node/6726450112"
    },
    {
      "type": "Feature",
      "properties": {
        "@id": "node/6726450113",
        "name": "Tiko",
        "place": "village",
        "source": "PCD Kette"
      },
      "geometry": {
        "type": "Point",
        "coordinates": [
          14.587022,
          4.7464064
        ]
      },
      "id": "node/6726450113"
    },
    {
      "type": "Feature",
      "properties": {
        "@id": "node/6726450114",
        "name": "Ouro Idje",
        "place": "village",
        "source": "PCD Kette"
      },
      "geometry": {
        "type": "Point",
        "coordinates": [
          14.6198845,
          4.6745735
        ]
      },
      "id": "node/6726450114"
    },
    {
      "type": "Feature",
      "properties": {
        "@id": "node/6726450115",
        "name": "Mboumana",
        "place": "village",
        "source": "PCD Kette"
      },
      "geometry": {
        "type": "Point",
        "coordinates": [
          14.4961381,
          4.6405845
        ]
      },
      "id": "node/6726450115"
    },
    {
      "type": "Feature",
      "properties": {
        "@id": "node/6726450116",
        "name": "Ngwbakine",
        "place": "village",
        "source": "PCD Kette"
      },
      "geometry": {
        "type": "Point",
        "coordinates": [
          14.5450616,
          4.6312222
        ]
      },
      "id": "node/6726450116"
    },
    {
      "type": "Feature",
      "properties": {
        "@id": "node/6726450117",
        "name": "Koya II",
        "place": "village",
        "source": "PCD Kette"
      },
      "geometry": {
        "type": "Point",
        "coordinates": [
          14.5265436,
          4.6019847
        ]
      },
      "id": "node/6726450117"
    },
    {
      "type": "Feature",
      "properties": {
        "@id": "node/6726450118",
        "name": "Mboumana",
        "place": "village",
        "source": "PCD Kette"
      },
      "geometry": {
        "type": "Point",
        "coordinates": [
          14.4275808,
          4.7461498
        ]
      },
      "id": "node/6726450118"
    },
    {
      "type": "Feature",
      "properties": {
        "@id": "node/6726450119",
        "name": "Roma",
        "place": "village",
        "source": "PCD Kette"
      },
      "geometry": {
        "type": "Point",
        "coordinates": [
          14.6405482,
          4.8510735
        ]
      },
      "id": "node/6726450119"
    },
    {
      "type": "Feature",
      "properties": {
        "@id": "node/6726450120",
        "name": "Mborguene Gbabio",
        "place": "village",
        "source": "PCD Kette"
      },
      "geometry": {
        "type": "Point",
        "coordinates": [
          14.4554007,
          4.9401507
        ]
      },
      "id": "node/6726450120"
    },
    {
      "type": "Feature",
      "properties": {
        "@id": "node/6726450125",
        "name": "Gogazi",
        "place": "village",
        "source": "PCD Kette"
      },
      "geometry": {
        "type": "Point",
        "coordinates": [
          14.2642879,
          4.8434405
        ]
      },
      "id": "node/6726450125"
    },
    {
      "type": "Feature",
      "properties": {
        "@id": "node/6727039360",
        "name": "Mbendissola",
        "place": "village",
        "source": "PCD Batouri"
      },
      "geometry": {
        "type": "Point",
        "coordinates": [
          14.4072389,
          4.320051
        ]
      },
      "id": "node/6727039360"
    },
    {
      "type": "Feature",
      "properties": {
        "@id": "node/6727039361",
        "name": "Bombe Pana",
        "place": "village",
        "source": "PCD Batouri"
      },
      "geometry": {
        "type": "Point",
        "coordinates": [
          14.4108438,
          4.3082399
        ]
      },
      "id": "node/6727039361"
    },
    {
      "type": "Feature",
      "properties": {
        "@id": "node/6727039362",
        "alt_name": "Dem",
        "name": "Ndem II",
        "note": "rank = 0 car village étape",
        "place": "village",
        "rank": "0",
        "source": "PCD Batouri",
        "source:alt_name": "IGN 1994"
      },
      "geometry": {
        "type": "Point",
        "coordinates": [
          14.442687,
          4.4645505
        ]
      },
      "id": "node/6727039362"
    },
    {
      "type": "Feature",
      "properties": {
        "@id": "node/6727039364",
        "name": "Ndende II",
        "place": "village",
        "source": "PCD Batouri"
      },
      "geometry": {
        "type": "Point",
        "coordinates": [
          14.7258746,
          4.3703209
        ]
      },
      "id": "node/6727039364"
    },
    {
      "type": "Feature",
      "properties": {
        "@id": "node/6727039366",
        "name": "Panaselo",
        "place": "village",
        "source": "PCD Batouri"
      },
      "geometry": {
        "type": "Point",
        "coordinates": [
          14.6331668,
          4.4013648
        ]
      },
      "id": "node/6727039366"
    },
    {
      "type": "Feature",
      "properties": {
        "@id": "node/6727039367",
        "alt_name": "Kolmbomo",
        "name": "Nkolmbomo",
        "place": "village",
        "source": "PCD Batouri"
      },
      "geometry": {
        "type": "Point",
        "coordinates": [
          14.3025362,
          4.4075478
        ]
      },
      "id": "node/6727039367"
    },
    {
      "type": "Feature",
      "properties": {
        "@id": "node/6727039368",
        "name": "Djengue",
        "place": "village",
        "source": "PCD Batouri"
      },
      "geometry": {
        "type": "Point",
        "coordinates": [
          14.3142199,
          4.4134846
        ]
      },
      "id": "node/6727039368"
    },
    {
      "type": "Feature",
      "properties": {
        "@id": "node/6727039369",
        "name": "Fio",
        "place": "village",
        "source": "PCD Batouri"
      },
      "geometry": {
        "type": "Point",
        "coordinates": [
          13.9671743,
          4.5047994
        ]
      },
      "id": "node/6727039369"
    },
    {
      "type": "Feature",
      "properties": {
        "@id": "node/6727039371",
        "name": "Gbalatillo",
        "place": "village",
        "source": "PCD Batouri"
      },
      "geometry": {
        "type": "Point",
        "coordinates": [
          14.6253776,
          4.3997923
        ]
      },
      "id": "node/6727039371"
    },
    {
      "type": "Feature",
      "properties": {
        "@id": "node/6727039373",
        "name": "Tassongo",
        "place": "village",
        "source": "PCD Batouri"
      },
      "geometry": {
        "type": "Point",
        "coordinates": [
          14.7459483,
          4.3715511
        ]
      },
      "id": "node/6727039373"
    },
    {
      "type": "Feature",
      "properties": {
        "@id": "node/6727039374",
        "name": "Njira II",
        "place": "village",
        "source:alt_name": "PCD Batouri"
      },
      "geometry": {
        "type": "Point",
        "coordinates": [
          14.4705391,
          4.44949
        ]
      },
      "id": "node/6727039374"
    },
    {
      "type": "Feature",
      "properties": {
        "@id": "node/6727039375",
        "name": "Narke II",
        "place": "village",
        "source": "PCD Batouri"
      },
      "geometry": {
        "type": "Point",
        "coordinates": [
          14.3846225,
          4.4646788
        ]
      },
      "id": "node/6727039375"
    },
    {
      "type": "Feature",
      "properties": {
        "@id": "node/6727039376",
        "name": "Narke I",
        "place": "village",
        "source": "PCD Batouri"
      },
      "geometry": {
        "type": "Point",
        "coordinates": [
          14.3780994,
          4.4583466
        ]
      },
      "id": "node/6727039376"
    },
    {
      "type": "Feature",
      "properties": {
        "@id": "node/6727039377",
        "name": "Ngangam",
        "place": "village",
        "source": "CTFC Sept 08 Carte de situation de la forêt communale de Batouri"
      },
      "geometry": {
        "type": "Point",
        "coordinates": [
          14.5981692,
          4.2691252
        ]
      },
      "id": "node/6727039377"
    },
    {
      "type": "Feature",
      "properties": {
        "@id": "node/6727039378",
        "alt_name": "Ndongbanga",
        "name": "Ndougbanga",
        "place": "village",
        "source": "PCD Batouri",
        "source:alt_name": "PCD Batouri"
      },
      "geometry": {
        "type": "Point",
        "coordinates": [
          14.7814607,
          4.3642553
        ]
      },
      "id": "node/6727039378"
    },
    {
      "type": "Feature",
      "properties": {
        "@id": "node/6727125564",
        "alt_name": "Pélité",
        "name": "Bélite",
        "place": "village",
        "source": "CTFC Sept 08 Carte de situation de la forêt communale de Batouri"
      },
      "geometry": {
        "type": "Point",
        "coordinates": [
          14.5637941,
          4.337211
        ]
      },
      "id": "node/6727125564"
    },
    {
      "type": "Feature",
      "properties": {
        "@id": "node/6727125566",
        "alt_name": "Barengwé",
        "name": "Borongwé 2",
        "place": "village",
        "source": "CTFC Sept 08 Carte de situation de la forêt communale de Batouri"
      },
      "geometry": {
        "type": "Point",
        "coordinates": [
          14.5660686,
          4.3658172
        ]
      },
      "id": "node/6727125566"
    },
    {
      "type": "Feature",
      "properties": {
        "@id": "node/6727148230",
        "name": "Boumbenass",
        "place": "village",
        "source": "PCD Ouli"
      },
      "geometry": {
        "type": "Point",
        "coordinates": [
          14.6800518,
          4.9859941
        ]
      },
      "id": "node/6727148230"
    },
    {
      "type": "Feature",
      "properties": {
        "@id": "node/6727148231",
        "name": "Tamounegueze",
        "place": "village",
        "source": "PCD Ouli"
      },
      "geometry": {
        "type": "Point",
        "coordinates": [
          14.6783245,
          5.0404484
        ]
      },
      "id": "node/6727148231"
    },
    {
      "type": "Feature",
      "properties": {
        "@id": "node/6727148232",
        "name": "Zimbi",
        "place": "village",
        "source": "PCD Ouli"
      },
      "geometry": {
        "type": "Point",
        "coordinates": [
          14.5065665,
          4.9767381
        ]
      },
      "id": "node/6727148232"
    },
    {
      "type": "Feature",
      "properties": {
        "@id": "node/6727148233",
        "name": "Kassai",
        "place": "village",
        "source": "PCD Ouli"
      },
      "geometry": {
        "type": "Point",
        "coordinates": [
          14.5274019,
          5.090987
        ]
      },
      "id": "node/6727148233"
    },
    {
      "type": "Feature",
      "properties": {
        "@id": "node/6727148234",
        "name": "Tapata",
        "place": "village",
        "source": "PCD Ouli"
      },
      "geometry": {
        "type": "Point",
        "coordinates": [
          14.5282817,
          5.103661
        ]
      },
      "id": "node/6727148234"
    },
    {
      "type": "Feature",
      "properties": {
        "@id": "node/6727148235",
        "name": "Zongabona",
        "place": "village",
        "source": "PCD Ouli"
      },
      "geometry": {
        "type": "Point",
        "coordinates": [
          14.4650244,
          5.2230585
        ]
      },
      "id": "node/6727148235"
    },
    {
      "type": "Feature",
      "properties": {
        "@id": "node/6727148236",
        "name": "Bounou",
        "place": "village",
        "source": "PCD Ouli"
      },
      "geometry": {
        "type": "Point",
        "coordinates": [
          14.5464134,
          5.2007494
        ]
      },
      "id": "node/6727148236"
    },
    {
      "type": "Feature",
      "properties": {
        "@id": "node/6727148237",
        "name": "Gbali",
        "place": "village",
        "source": "PCD Ouli"
      },
      "geometry": {
        "type": "Point",
        "coordinates": [
          14.5434308,
          5.1994458
        ]
      },
      "id": "node/6727148237"
    },
    {
      "type": "Feature",
      "properties": {
        "@id": "node/6727148238",
        "name": "Jeriko",
        "place": "village",
        "source": "PCD Ouli"
      },
      "geometry": {
        "type": "Point",
        "coordinates": [
          14.6497535,
          5.1863463
        ]
      },
      "id": "node/6727148238"
    },
    {
      "type": "Feature",
      "properties": {
        "@id": "node/6913872470",
        "name": "Tikondi",
        "place": "village"
      },
      "geometry": {
        "type": "Point",
        "coordinates": [
          14.1414641,
          4.4629675
        ]
      },
      "id": "node/6913872470"
    },
    {
      "type": "Feature",
      "properties": {
        "@id": "node/6913872471",
        "name": "Nkolkélé",
        "place": "village"
      },
      "geometry": {
        "type": "Point",
        "coordinates": [
          14.3060874,
          4.4133349
        ]
      },
      "id": "node/6913872471"
    },
    {
      "type": "Feature",
      "properties": {
        "@id": "node/6913872473",
        "name": "Sambo 2",
        "place": "village"
      },
      "geometry": {
        "type": "Point",
        "coordinates": [
          14.3657398,
          4.4610421
        ]
      },
      "id": "node/6913872473"
    },
    {
      "type": "Feature",
      "properties": {
        "@id": "node/6913872474",
        "name": "Sambo 1",
        "place": "village"
      },
      "geometry": {
        "type": "Point",
        "coordinates": [
          14.3632507,
          4.4715244
        ]
      },
      "id": "node/6913872474"
    },
    {
      "type": "Feature",
      "properties": {
        "@id": "node/6913872475",
        "name": "Gogouambe",
        "place": "village"
      },
      "geometry": {
        "type": "Point",
        "coordinates": [
          14.26373,
          4.8452793
        ]
      },
      "id": "node/6913872475"
    },
    {
      "type": "Feature",
      "properties": {
        "@id": "node/6915157200",
        "name": "Nambalo",
        "place": "village"
      },
      "geometry": {
        "type": "Point",
        "coordinates": [
          14.6250879,
          4.2687403
        ]
      },
      "id": "node/6915157200"
    },
    {
      "type": "Feature",
      "properties": {
        "@id": "node/6915157201",
        "name": "Guette",
        "place": "village"
      },
      "geometry": {
        "type": "Point",
        "coordinates": [
          14.5937059,
          4.2826488
        ]
      },
      "id": "node/6915157201"
    },
    {
      "type": "Feature",
      "properties": {
        "@id": "node/6915157202",
        "name": "Hépi",
        "place": "village"
      },
      "geometry": {
        "type": "Point",
        "coordinates": [
          14.6583257,
          4.235904
        ]
      },
      "id": "node/6915157202"
    },
    {
      "type": "Feature",
      "properties": {
        "@id": "node/6915157206",
        "name": "Ndanko-Sopélé",
        "place": "village"
      },
      "geometry": {
        "type": "Point",
        "coordinates": [
          14.8263072,
          4.156734
        ]
      },
      "id": "node/6915157206"
    },
    {
      "type": "Feature",
      "properties": {
        "@id": "node/6915157207",
        "name": "Wasso",
        "place": "village"
      },
      "geometry": {
        "type": "Point",
        "coordinates": [
          14.8350619,
          4.1479167
        ]
      },
      "id": "node/6915157207"
    },
    {
      "type": "Feature",
      "properties": {
        "@id": "node/6915157209",
        "name": "Banga",
        "place": "village"
      },
      "geometry": {
        "type": "Point",
        "coordinates": [
          14.8633002,
          4.1281415
        ]
      },
      "id": "node/6915157209"
    },
    {
      "type": "Feature",
      "properties": {
        "@id": "node/6915157210",
        "name": "Sembé II",
        "place": "village"
      },
      "geometry": {
        "type": "Point",
        "coordinates": [
          14.8743724,
          4.1080234
        ]
      },
      "id": "node/6915157210"
    },
    {
      "type": "Feature",
      "properties": {
        "@id": "node/6915157211",
        "name": "Ndoumbé",
        "place": "village"
      },
      "geometry": {
        "type": "Point",
        "coordinates": [
          14.8778915,
          4.1010033
        ]
      },
      "id": "node/6915157211"
    },
    {
      "type": "Feature",
      "properties": {
        "@id": "node/6915157212",
        "name": "Békélé",
        "place": "village"
      },
      "geometry": {
        "type": "Point",
        "coordinates": [
          14.8839747,
          4.0939136
        ]
      },
      "id": "node/6915157212"
    },
    {
      "type": "Feature",
      "properties": {
        "@id": "node/6915157213",
        "name": "Dimé",
        "place": "village"
      },
      "geometry": {
        "type": "Point",
        "coordinates": [
          14.8845862,
          4.0843946
        ]
      },
      "id": "node/6915157213"
    },
    {
      "type": "Feature",
      "properties": {
        "@id": "node/6915157214",
        "name": "Sobélé",
        "place": "village"
      },
      "geometry": {
        "type": "Point",
        "coordinates": [
          14.9015807,
          4.0666726
        ]
      },
      "id": "node/6915157214"
    },
    {
      "type": "Feature",
      "properties": {
        "@id": "node/6915157215",
        "name": "Alouma",
        "place": "village"
      },
      "geometry": {
        "type": "Point",
        "coordinates": [
          14.984579,
          4.034224
        ]
      },
      "id": "node/6915157215"
    },
    {
      "type": "Feature",
      "properties": {
        "@id": "node/6915157216",
        "name": "Bouno",
        "place": "village"
      },
      "geometry": {
        "type": "Point",
        "coordinates": [
          15.0008868,
          4.0247203
        ]
      },
      "id": "node/6915157216"
    },
    {
      "type": "Feature",
      "properties": {
        "@id": "node/6915157217",
        "name": "Ngombadjokou",
        "place": "village"
      },
      "geometry": {
        "type": "Point",
        "coordinates": [
          15.043888,
          4.0024591
        ]
      },
      "id": "node/6915157217"
    },
    {
      "type": "Feature",
      "properties": {
        "@id": "node/6915157218",
        "name": "Ngoko",
        "place": "village"
      },
      "geometry": {
        "type": "Point",
        "coordinates": [
          15.0513553,
          3.998863
        ]
      },
      "id": "node/6915157218"
    },
    {
      "type": "Feature",
      "properties": {
        "@id": "node/6915157219",
        "name": "Dangli",
        "place": "village"
      },
      "geometry": {
        "type": "Point",
        "coordinates": [
          15.0503253,
          4.0010891
        ]
      },
      "id": "node/6915157219"
    },
    {
      "type": "Feature",
      "properties": {
        "@id": "node/6915157220",
        "name": "Ndanko",
        "place": "village"
      },
      "geometry": {
        "type": "Point",
        "coordinates": [
          15.0396823,
          4.0049421
        ]
      },
      "id": "node/6915157220"
    },
    {
      "type": "Feature",
      "properties": {
        "@id": "node/6915157221",
        "name": "Ngombé",
        "place": "village",
        "source": "WRI_2005"
      },
      "geometry": {
        "type": "Point",
        "coordinates": [
          15.0299833,
          4.0144461
        ]
      },
      "id": "node/6915157221"
    },
    {
      "type": "Feature",
      "properties": {
        "@id": "node/6915157222",
        "name": "Wandjimbi",
        "place": "village"
      },
      "geometry": {
        "type": "Point",
        "coordinates": [
          15.1263284,
          4.0742066
        ]
      },
      "id": "node/6915157222"
    },
    {
      "type": "Feature",
      "properties": {
        "@id": "node/6915157223",
        "name": "Loumbe",
        "place": "village"
      },
      "geometry": {
        "type": "Point",
        "coordinates": [
          15.010414,
          4.0578542
        ]
      },
      "id": "node/6915157223"
    },
    {
      "type": "Feature",
      "properties": {
        "@id": "node/6915157224",
        "name": "Adinding",
        "place": "village"
      },
      "geometry": {
        "type": "Point",
        "coordinates": [
          15.0054359,
          4.0710389
        ]
      },
      "id": "node/6915157224"
    },
    {
      "type": "Feature",
      "properties": {
        "@id": "node/6915157225",
        "name": "Bie",
        "place": "village"
      },
      "geometry": {
        "type": "Point",
        "coordinates": [
          15.0126886,
          4.0915432
        ]
      },
      "id": "node/6915157225"
    },
    {
      "type": "Feature",
      "properties": {
        "@id": "node/6915157226",
        "name": "Sembe 1",
        "place": "village"
      },
      "geometry": {
        "type": "Point",
        "coordinates": [
          15.0148773,
          4.0974932
        ]
      },
      "id": "node/6915157226"
    },
    {
      "type": "Feature",
      "properties": {
        "@id": "node/6915157227",
        "alt_name": "Yamtan",
        "name": "Yamtari",
        "place": "village"
      },
      "geometry": {
        "type": "Point",
        "coordinates": [
          14.8135184,
          4.3286953
        ]
      },
      "id": "node/6915157227"
    },
    {
      "type": "Feature",
      "properties": {
        "@id": "node/6915157228",
        "alt_name": "Niouwa 1",
        "name": "Niewa I",
        "place": "village",
        "source": "PCD Kentzou"
      },
      "geometry": {
        "type": "Point",
        "coordinates": [
          14.8188399,
          4.3290376
        ]
      },
      "id": "node/6915157228"
    },
    {
      "type": "Feature",
      "properties": {
        "@id": "node/6915157229",
        "name": "Bougogo",
        "place": "village",
        "source": "WRI_2005"
      },
      "geometry": {
        "type": "Point",
        "coordinates": [
          14.7898292,
          4.3480375
        ]
      },
      "id": "node/6915157229"
    },
    {
      "type": "Feature",
      "properties": {
        "@id": "node/6915157230",
        "name": "Gbabélé 2",
        "place": "village",
        "source": "WRI_2005"
      },
      "geometry": {
        "type": "Point",
        "coordinates": [
          14.7872543,
          4.3503054
        ]
      },
      "id": "node/6915157230"
    },
    {
      "type": "Feature",
      "properties": {
        "@id": "node/6915157231",
        "name": "Belingbanga",
        "place": "village"
      },
      "geometry": {
        "type": "Point",
        "coordinates": [
          14.7760105,
          4.3674219
        ]
      },
      "id": "node/6915157231"
    },
    {
      "type": "Feature",
      "properties": {
        "@id": "node/6915157232",
        "name": "Lindjonga",
        "place": "village"
      },
      "geometry": {
        "type": "Point",
        "coordinates": [
          14.7728961,
          4.368816
        ]
      },
      "id": "node/6915157232"
    },
    {
      "type": "Feature",
      "properties": {
        "@id": "node/6915157233",
        "name": "Ngaïnembourou",
        "place": "village"
      },
      "geometry": {
        "type": "Point",
        "coordinates": [
          14.7608184,
          4.3685773
        ]
      },
      "id": "node/6915157233"
    },
    {
      "type": "Feature",
      "properties": {
        "@id": "node/6915463489",
        "name": "Bokendja",
        "place": "village"
      },
      "geometry": {
        "type": "Point",
        "coordinates": [
          14.0475653,
          4.0700972
        ]
      },
      "id": "node/6915463489"
    },
    {
      "type": "Feature",
      "properties": {
        "@id": "node/6915463491",
        "name": "Beslebot",
        "place": "village"
      },
      "geometry": {
        "type": "Point",
        "coordinates": [
          14.0247343,
          4.0197545
        ]
      },
      "id": "node/6915463491"
    },
    {
      "type": "Feature",
      "properties": {
        "@id": "node/6915463493",
        "name": "Ngalondo",
        "place": "village"
      },
      "geometry": {
        "type": "Point",
        "coordinates": [
          14.6149061,
          4.1313947
        ]
      },
      "id": "node/6915463493"
    },
    {
      "type": "Feature",
      "properties": {
        "@id": "node/6915463494",
        "name": "Dongali",
        "place": "village"
      },
      "geometry": {
        "type": "Point",
        "coordinates": [
          14.6348189,
          4.1397842
        ]
      },
      "id": "node/6915463494"
    },
    {
      "type": "Feature",
      "properties": {
        "@id": "node/7114861724",
        "name": "Ndongbéli",
        "place": "village",
        "source": "WRI_2005"
      },
      "geometry": {
        "type": "Point",
        "coordinates": [
          14.9363265,
          4.2447412
        ]
      },
      "id": "node/7114861724"
    },
    {
      "type": "Feature",
      "properties": {
        "@id": "node/7130526692",
        "abandoned": "yes",
        "name": "Abéganga",
        "place": "village",
        "source": "IGN 1994"
      },
      "geometry": {
        "type": "Point",
        "coordinates": [
          14.5165014,
          4.4205661
        ]
      },
      "id": "node/7130526692"
    },
    {
      "type": "Feature",
      "properties": {
        "@id": "node/7130526693",
        "abandoned": "yes",
        "name": "Ambanga",
        "place": "village",
        "source": "PCD Batouri; IGN 1994"
      },
      "geometry": {
        "type": "Point",
        "coordinates": [
          14.495945,
          4.4365684
        ]
      },
      "id": "node/7130526693"
    },
    {
      "type": "Feature",
      "properties": {
        "@id": "node/7130526694",
        "name": "Ndoumembi",
        "place": "village",
        "source": "IGN INC"
      },
      "geometry": {
        "type": "Point",
        "coordinates": [
          14.4796371,
          4.5047246
        ]
      },
      "id": "node/7130526694"
    },
    {
      "type": "Feature",
      "properties": {
        "@id": "node/7151406990",
        "name": "Ngarindembo",
        "note": "verifier la sucession Bosso-Gbakine",
        "place": "village",
        "source": "IGN 1995-1989"
      },
      "geometry": {
        "type": "Point",
        "coordinates": [
          14.5119952,
          4.5455383
        ]
      },
      "id": "node/7151406990"
    },
    {
      "type": "Feature",
      "properties": {
        "@id": "node/7151407023",
        "name": "Ndoulé",
        "place": "village",
        "source": "IGN 1995-1989"
      },
      "geometry": {
        "type": "Point",
        "coordinates": [
          14.6707391,
          4.400969
        ]
      },
      "id": "node/7151407023"
    },
    {
      "type": "Feature",
      "properties": {
        "@id": "node/7410877858",
        "name": "Manpalé",
        "place": "village"
      },
      "geometry": {
        "type": "Point",
        "coordinates": [
          13.552478,
          2.9661468
        ]
      },
      "id": "node/7410877858"
    },
    {
      "type": "Feature",
      "properties": {
        "@id": "node/7563884548",
        "name": "Isseng I",
        "place": "village"
      },
      "geometry": {
        "type": "Point",
        "coordinates": [
          12.8274554,
          4.144166
        ]
      },
      "id": "node/7563884548"
    },
    {
      "type": "Feature",
      "properties": {
        "@id": "node/7784263593",
        "name": "Bibom",
        "place": "village"
      },
      "geometry": {
        "type": "Point",
        "coordinates": [
          12.7885795,
          3.6729343
        ]
      },
      "id": "node/7784263593"
    },
    {
      "type": "Feature",
      "properties": {
        "@id": "node/7784263594",
        "name": "Mwamendiguelé",
        "place": "village"
      },
      "geometry": {
        "type": "Point",
        "coordinates": [
          12.771188,
          3.7101182
        ]
      },
      "id": "node/7784263594"
    },
    {
      "type": "Feature",
      "properties": {
        "@id": "node/7784263595",
        "name": "Meba",
        "place": "village",
        "source": "WRI_2005"
      },
      "geometry": {
        "type": "Point",
        "coordinates": [
          12.7838158,
          3.7092831
        ]
      },
      "id": "node/7784263595"
    },
    {
      "type": "Feature",
      "properties": {
        "@id": "node/7784263652",
        "name": "Mengoma",
        "place": "village"
      },
      "geometry": {
        "type": "Point",
        "coordinates": [
          12.818234,
          3.7253318
        ]
      },
      "id": "node/7784263652"
    },
    {
      "type": "Feature",
      "properties": {
        "@id": "node/7784263653",
        "name": "Mokolo",
        "place": "village"
      },
      "geometry": {
        "type": "Point",
        "coordinates": [
          12.8228259,
          3.7376652
        ]
      },
      "id": "node/7784263653"
    },
    {
      "type": "Feature",
      "properties": {
        "@id": "node/7784350025",
        "name": "Messak",
        "place": "village"
      },
      "geometry": {
        "type": "Point",
        "coordinates": [
          12.8618145,
          3.7162422
        ]
      },
      "id": "node/7784350025"
    },
    {
      "type": "Feature",
      "properties": {
        "@id": "node/7787050293",
        "name": "Nkinda",
        "place": "village"
      },
      "geometry": {
        "type": "Point",
        "coordinates": [
          12.8334903,
          3.9202585
        ]
      },
      "id": "node/7787050293"
    },
    {
      "type": "Feature",
      "properties": {
        "@id": "node/7787092069",
        "name": "Bidjigue",
        "place": "village"
      },
      "geometry": {
        "type": "Point",
        "coordinates": [
          12.7959823,
          4.0179992
        ]
      },
      "id": "node/7787092069"
    },
    {
      "type": "Feature",
      "properties": {
        "@id": "node/7787092070",
        "name": "Nkwanou",
        "place": "village"
      },
      "geometry": {
        "type": "Point",
        "coordinates": [
          12.7422094,
          3.9761086
        ]
      },
      "id": "node/7787092070"
    },
    {
      "type": "Feature",
      "properties": {
        "@id": "node/7787092071",
        "name": "Makok",
        "place": "village"
      },
      "geometry": {
        "type": "Point",
        "coordinates": [
          12.7232623,
          3.9757875
        ]
      },
      "id": "node/7787092071"
    },
    {
      "type": "Feature",
      "properties": {
        "@id": "node/7787170009",
        "name": "Ndjinda",
        "place": "village"
      },
      "geometry": {
        "type": "Point",
        "coordinates": [
          12.8962755,
          3.9994409
        ]
      },
      "id": "node/7787170009"
    },
    {
      "type": "Feature",
      "properties": {
        "@id": "node/7787810706",
        "name": "Pa alekan",
        "place": "village"
      },
      "geometry": {
        "type": "Point",
        "coordinates": [
          12.627545,
          3.4330384
        ]
      },
      "id": "node/7787810706"
    },
    {
      "type": "Feature",
      "properties": {
        "@id": "node/7787810707",
        "name": "Makak",
        "place": "village"
      },
      "geometry": {
        "type": "Point",
        "coordinates": [
          12.5889587,
          3.4633138
        ]
      },
      "id": "node/7787810707"
    },
    {
      "type": "Feature",
      "properties": {
        "@id": "node/7874935989",
        "name": "Badang",
        "place": "village",
        "source": "WRI_2005"
      },
      "geometry": {
        "type": "Point",
        "coordinates": [
          14.5006335,
          5.7815115
        ]
      },
      "id": "node/7874935989"
    },
    {
      "type": "Feature",
      "properties": {
        "@id": "node/7966472156",
        "name": "Mombokola",
        "place": "village"
      },
      "geometry": {
        "type": "Point",
        "coordinates": [
          14.1194165,
          3.0131502
        ]
      },
      "id": "node/7966472156"
    },
    {
      "type": "Feature",
      "properties": {
        "@id": "node/7966472170",
        "name": "Moangue Le Bosquet",
        "place": "village"
      },
      "geometry": {
        "type": "Point",
        "coordinates": [
          13.8824701,
          3.1267716
        ]
      },
      "id": "node/7966472170"
    },
    {
      "type": "Feature",
      "properties": {
        "@id": "node/8062317476",
        "note": "Nom à determiner ( sur aucune carte)",
        "place": "village"
      },
      "geometry": {
        "type": "Point",
        "coordinates": [
          14.74877,
          4.5578695
        ]
      },
      "id": "node/8062317476"
    },
    {
      "type": "Feature",
      "properties": {
        "@id": "node/8062317477",
        "note": "Nom à determiner ( sur aucune carte)",
        "place": "village"
      },
      "geometry": {
        "type": "Point",
        "coordinates": [
          14.8051929,
          4.5105858
        ]
      },
      "id": "node/8062317477"
    },
    {
      "type": "Feature",
      "properties": {
        "@id": "node/8062317478",
        "note": "Nom à determiner ( sur aucune carte)",
        "place": "village"
      },
      "geometry": {
        "type": "Point",
        "coordinates": [
          14.8144197,
          4.5226931
        ]
      },
      "id": "node/8062317478"
    },
    {
      "type": "Feature",
      "properties": {
        "@id": "node/8062317479",
        "note": "Nom à determiner ( sur aucune carte)",
        "place": "village"
      },
      "geometry": {
        "type": "Point",
        "coordinates": [
          14.8622864,
          4.4954406
        ]
      },
      "id": "node/8062317479"
    },
    {
      "type": "Feature",
      "properties": {
        "@id": "node/8342670451",
        "name": "Madjui II",
        "place": "village"
      },
      "geometry": {
        "type": "Point",
        "coordinates": [
          13.0046475,
          3.5694686
        ]
      },
      "id": "node/8342670451"
    },
    {
      "type": "Feature",
      "properties": {
        "@id": "node/8350051463",
        "name": "Kalampeng",
        "place": "village"
      },
      "geometry": {
        "type": "Point",
        "coordinates": [
          13.4709334,
          3.4423663
        ]
      },
      "id": "node/8350051463"
    },
    {
      "type": "Feature",
      "properties": {
        "@id": "node/8350051465",
        "name": "Djoandjifa",
        "place": "village"
      },
      "geometry": {
        "type": "Point",
        "coordinates": [
          13.5784471,
          3.3641947
        ]
      },
      "id": "node/8350051465"
    },
    {
      "type": "Feature",
      "properties": {
        "@id": "node/8350051467",
        "name": "Nkolnguef",
        "place": "village"
      },
      "geometry": {
        "type": "Point",
        "coordinates": [
          13.6022973,
          3.2420249
        ]
      },
      "id": "node/8350051467"
    },
    {
      "type": "Feature",
      "properties": {
        "@id": "node/8350051468",
        "name": "Messassia",
        "place": "village"
      },
      "geometry": {
        "type": "Point",
        "coordinates": [
          13.6253321,
          3.1875546
        ]
      },
      "id": "node/8350051468"
    },
    {
      "type": "Feature",
      "properties": {
        "@id": "node/8350051535",
        "name": "Medjo",
        "place": "village"
      },
      "geometry": {
        "type": "Point",
        "coordinates": [
          13.6192757,
          3.1728252
        ]
      },
      "id": "node/8350051535"
    },
    {
      "type": "Feature",
      "properties": {
        "@id": "node/8350051536",
        "name": "Essomo",
        "place": "village"
      },
      "geometry": {
        "type": "Point",
        "coordinates": [
          13.6202788,
          3.1770833
        ]
      },
      "id": "node/8350051536"
    },
    {
      "type": "Feature",
      "properties": {
        "@id": "node/8350051537",
        "name": "Poempoum",
        "place": "village"
      },
      "geometry": {
        "type": "Point",
        "coordinates": [
          13.6396015,
          3.1411803
        ]
      },
      "id": "node/8350051537"
    },
    {
      "type": "Feature",
      "properties": {
        "@id": "node/8350051568",
        "name": "Ekom",
        "place": "village"
      },
      "geometry": {
        "type": "Point",
        "coordinates": [
          13.6229503,
          3.1434406
        ]
      },
      "id": "node/8350051568"
    },
    {
      "type": "Feature",
      "properties": {
        "@id": "node/8569907554",
        "name": "Bombola",
        "place": "village"
      },
      "geometry": {
        "type": "Point",
        "coordinates": [
          15.4301262,
          2.5010841
        ]
      },
      "id": "node/8569907554"
    },
    {
      "type": "Feature",
      "properties": {
        "@id": "node/8569907555",
        "name": "Brazzaville",
        "place": "village"
      },
      "geometry": {
        "type": "Point",
        "coordinates": [
          15.4098701,
          2.5181909
        ]
      },
      "id": "node/8569907555"
    },
    {
      "type": "Feature",
      "properties": {
        "@id": "node/8569907556",
        "name": "Bonojala",
        "place": "village"
      },
      "geometry": {
        "type": "Point",
        "coordinates": [
          15.4297614,
          2.4544787
        ]
      },
      "id": "node/8569907556"
    },
    {
      "type": "Feature",
      "properties": {
        "@id": "node/8569907559",
        "name": "Yenga Miloundou",
        "place": "village"
      },
      "geometry": {
        "type": "Point",
        "coordinates": [
          15.3654635,
          2.2572029
        ]
      },
      "id": "node/8569907559"
    },
    {
      "type": "Feature",
      "properties": {
        "@id": "node/8569907560",
        "name": "Mbandamé",
        "place": "village"
      },
      "geometry": {
        "type": "Point",
        "coordinates": [
          15.3714502,
          2.21744
        ]
      },
      "id": "node/8569907560"
    },
    {
      "type": "Feature",
      "properties": {
        "@id": "node/8569907561",
        "name": "Mbatika Njong",
        "place": "village"
      },
      "geometry": {
        "type": "Point",
        "coordinates": [
          15.363071,
          2.2023879
        ]
      },
      "id": "node/8569907561"
    },
    {
      "type": "Feature",
      "properties": {
        "@id": "node/8908157864",
        "name": "Zoulabot II",
        "place": "village"
      },
      "geometry": {
        "type": "Point",
        "coordinates": [
          13.9686978,
          2.7373969
        ]
      },
      "id": "node/8908157864"
    },
    {
      "type": "Feature",
      "properties": {
        "@id": "node/8908157903",
        "name": "Kondong",
        "place": "village"
      },
      "geometry": {
        "type": "Point",
        "coordinates": [
          13.9156973,
          2.8698197
        ]
      },
      "id": "node/8908157903"
    },
    {
      "type": "Feature",
      "properties": {
        "@id": "node/9122414941",
        "name": "Palestine",
        "place": "village"
      },
      "geometry": {
        "type": "Point",
        "coordinates": [
          13.052938,
          3.5045756
        ]
      },
      "id": "node/9122414941"
    },
    {
      "type": "Feature",
      "properties": {
        "@id": "node/9122424442",
        "name": "Malen V",
        "place": "village"
      },
      "geometry": {
        "type": "Point",
        "coordinates": [
          13.0588657,
          3.4872969
        ]
      },
      "id": "node/9122424442"
    },
    {
      "type": "Feature",
      "properties": {
        "@id": "node/9162473535",
        "place": "village"
      },
      "geometry": {
        "type": "Point",
        "coordinates": [
          15.6190717,
          1.9862043
        ]
      },
      "id": "node/9162473535"
    },
    {
      "type": "Feature",
      "properties": {
        "@id": "node/9162473704",
        "place": "village"
      },
      "geometry": {
        "type": "Point",
        "coordinates": [
          15.6187874,
          1.9946133
        ]
      },
      "id": "node/9162473704"
    },
    {
      "type": "Feature",
      "properties": {
        "@id": "node/9162507601",
        "place": "village"
      },
      "geometry": {
        "type": "Point",
        "coordinates": [
          15.6595838,
          1.9446733
        ]
      },
      "id": "node/9162507601"
    },
    {
      "type": "Feature",
      "properties": {
        "@id": "node/9227678702",
        "name": "Django",
        "place": "village"
      },
      "geometry": {
        "type": "Point",
        "coordinates": [
          14.4222593,
          5.9966126
        ]
      },
      "id": "node/9227678702"
    },
    {
      "type": "Feature",
      "properties": {
        "@id": "node/9227749008",
        "name": "Bouga",
        "place": "village"
      },
      "geometry": {
        "type": "Point",
        "coordinates": [
          14.4388005,
          5.9850727
        ]
      },
      "id": "node/9227749008"
    },
    {
      "type": "Feature",
      "properties": {
        "@id": "node/9256912877",
        "name": "Badanga",
        "place": "village"
      },
      "geometry": {
        "type": "Point",
        "coordinates": [
          13.3702969,
          5.2018071
        ]
      },
      "id": "node/9256912877"
    },
    {
      "type": "Feature",
      "properties": {
        "@id": "node/9256912878",
        "name": "Maka",
        "place": "village"
      },
      "geometry": {
        "type": "Point",
        "coordinates": [
          13.5703254,
          5.2428242
        ]
      },
      "id": "node/9256912878"
    },
    {
      "type": "Feature",
      "properties": {
        "@id": "node/9280864384",
        "name": "Lakabo",
        "place": "village"
      },
      "geometry": {
        "type": "Point",
        "coordinates": [
          13.096149,
          3.7803568
        ]
      },
      "id": "node/9280864384"
    },
    {
      "type": "Feature",
      "properties": {
        "@id": "node/9606482509",
        "name": "Kombatita",
        "place": "village"
      },
      "geometry": {
        "type": "Point",
        "coordinates": [
          12.699616,
          3.4080418
        ]
      },
      "id": "node/9606482509"
    },
    {
      "type": "Feature",
      "properties": {
        "@id": "node/9637412520",
        "name": "Gabakede",
        "place": "village"
      },
      "geometry": {
        "type": "Point",
        "coordinates": [
          14.1139662,
          5.5360658
        ]
      },
      "id": "node/9637412520"
    },
    {
      "type": "Feature",
      "properties": {
        "@id": "node/9674028092",
        "name": "Dabyapes",
        "place": "village"
      },
      "geometry": {
        "type": "Point",
        "coordinates": [
          14.8457962,
          3.1061331
        ]
      },
      "id": "node/9674028092"
    },
    {
      "type": "Feature",
      "properties": {
        "@id": "node/9674028093",
        "name": "Elandjo",
        "place": "village"
      },
      "geometry": {
        "type": "Point",
        "coordinates": [
          14.8506939,
          3.0910222
        ]
      },
      "id": "node/9674028093"
    },
    {
      "type": "Feature",
      "properties": {
        "@id": "node/9674028097",
        "name": "Dadjiépo",
        "place": "village"
      },
      "geometry": {
        "type": "Point",
        "coordinates": [
          14.7722608,
          2.9724631
        ]
      },
      "id": "node/9674028097"
    },
    {
      "type": "Feature",
      "properties": {
        "@id": "node/10029788728",
        "name": "Kabilone",
        "place": "village"
      },
      "geometry": {
        "type": "Point",
        "coordinates": [
          12.8453028,
          3.5958849
        ]
      },
      "id": "node/10029788728"
    },
    {
      "type": "Feature",
      "properties": {
        "@id": "node/10029861300",
        "name": "Spierno",
        "place": "village"
      },
      "geometry": {
        "type": "Point",
        "coordinates": [
          12.9785335,
          3.6705467
        ]
      },
      "id": "node/10029861300"
    },
    {
      "type": "Feature",
      "properties": {
        "@id": "node/10029861301",
        "name": "Addoum",
        "place": "village"
      },
      "geometry": {
        "type": "Point",
        "coordinates": [
          12.9624188,
          3.6426817
        ]
      },
      "id": "node/10029861301"
    },
    {
      "type": "Feature",
      "properties": {
        "@id": "node/10029861306",
        "name": "Mobbeziem",
        "place": "village"
      },
      "geometry": {
        "type": "Point",
        "coordinates": [
          12.953766,
          3.6338911
        ]
      },
      "id": "node/10029861306"
    },
    {
      "type": "Feature",
      "properties": {
        "@id": "node/10029861307",
        "name": "Nkolmbong",
        "place": "village"
      },
      "geometry": {
        "type": "Point",
        "coordinates": [
          12.9435897,
          3.6240992
        ]
      },
      "id": "node/10029861307"
    },
    {
      "type": "Feature",
      "properties": {
        "@id": "node/10029895920",
        "name": "Kanan",
        "place": "village"
      },
      "geometry": {
        "type": "Point",
        "coordinates": [
          12.8774089,
          3.6122675
        ]
      },
      "id": "node/10029895920"
    },
    {
      "type": "Feature",
      "properties": {
        "@id": "node/10584030093",
        "name": "Sissok",
        "place": "village"
      },
      "geometry": {
        "type": "Point",
        "coordinates": [
          13.6491984,
          3.1482667
        ]
      },
      "id": "node/10584030093"
    },
    {
      "type": "Feature",
      "properties": {
        "@id": "node/10584030107",
        "name": "Adjela Baka",
        "place": "village"
      },
      "geometry": {
        "type": "Point",
        "coordinates": [
          13.614752,
          3.1538629
        ]
      },
      "id": "node/10584030107"
    },
    {
      "type": "Feature",
      "properties": {
        "@id": "node/10584030108",
        "name": "Nomedjo",
        "place": "village"
      },
      "geometry": {
        "type": "Point",
        "coordinates": [
          13.5905658,
          3.3400914
        ]
      },
      "id": "node/10584030108"
    },
    {
      "type": "Feature",
      "properties": {
        "@id": "node/10584030109",
        "name": "Bitsomo",
        "place": "village"
      },
      "geometry": {
        "type": "Point",
        "coordinates": [
          13.6508863,
          3.1480964
        ]
      },
      "id": "node/10584030109"
    },
    {
      "type": "Feature",
      "properties": {
        "@id": "node/10678587060",
        "name": "Ndongo",
        "place": "village"
      },
      "geometry": {
        "type": "Point",
        "coordinates": [
          14.8786426,
          2.083097
        ]
      },
      "id": "node/10678587060"
    },
    {
      "type": "Feature",
      "properties": {
        "@id": "node/10678587321",
        "name": "Mouloundou",
        "place": "village"
      },
      "geometry": {
        "type": "Point",
        "coordinates": [
          15.1616263,
          2.0577881
        ]
      },
      "id": "node/10678587321"
    },
    {
      "type": "Feature",
      "properties": {
        "@id": "node/10678587322",
        "name": "Melen",
        "place": "village"
      },
      "geometry": {
        "type": "Point",
        "coordinates": [
          15.1872575,
          2.0480633
        ]
      },
      "id": "node/10678587322"
    },
    {
      "type": "Feature",
      "properties": {
        "@id": "node/10678587375",
        "name": "Pézam",
        "place": "village"
      },
      "geometry": {
        "type": "Point",
        "coordinates": [
          15.2267504,
          2.0509368
        ]
      },
      "id": "node/10678587375"
    },
    {
      "type": "Feature",
      "properties": {
        "@id": "node/10738953048",
        "name": "Mbanga",
        "place": "village"
      },
      "geometry": {
        "type": "Point",
        "coordinates": [
          12.6822138,
          3.6186385
        ]
      },
      "id": "node/10738953048"
    },
    {
      "type": "Feature",
      "properties": {
        "@id": "node/10739437392",
        "name": "Ebadé",
        "place": "village"
      },
      "geometry": {
        "type": "Point",
        "coordinates": [
          12.6840377,
          3.7180409
        ]
      },
      "id": "node/10739437392"
    },
    {
      "type": "Feature",
      "properties": {
        "@id": "node/10739437393",
        "name": "Wada",
        "place": "village"
      },
      "geometry": {
        "type": "Point",
        "coordinates": [
          12.5977349,
          3.7648474
        ]
      },
      "id": "node/10739437393"
    },
    {
      "type": "Feature",
      "properties": {
        "@id": "node/10739437395",
        "name": "Djaa",
        "place": "village"
      },
      "geometry": {
        "type": "Point",
        "coordinates": [
          12.69916,
          3.8214625
        ]
      },
      "id": "node/10739437395"
    },
    {
      "type": "Feature",
      "properties": {
        "@id": "node/10739437396",
        "name": "Lé",
        "place": "village"
      },
      "geometry": {
        "type": "Point",
        "coordinates": [
          12.7611887,
          3.8211253
        ]
      },
      "id": "node/10739437396"
    },
    {
      "type": "Feature",
      "properties": {
        "@id": "node/10739445821",
        "name": "Minswan",
        "place": "village"
      },
      "geometry": {
        "type": "Point",
        "coordinates": [
          12.8240812,
          3.8049178
        ]
      },
      "id": "node/10739445821"
    },
    {
      "type": "Feature",
      "properties": {
        "@id": "node/10739445835",
        "name": "Mba",
        "place": "village"
      },
      "geometry": {
        "type": "Point",
        "coordinates": [
          12.8166246,
          3.8150609
        ]
      },
      "id": "node/10739445835"
    },
    {
      "type": "Feature",
      "properties": {
        "@id": "node/10739445836",
        "name": "Ka Noud",
        "place": "village",
        "source": "WRI_2005"
      },
      "geometry": {
        "type": "Point",
        "coordinates": [
          12.7913474,
          3.834453
        ]
      },
      "id": "node/10739445836"
    },
    {
      "type": "Feature",
      "properties": {
        "@id": "node/10739496201",
        "name": "Biesbingo",
        "place": "village"
      },
      "geometry": {
        "type": "Point",
        "coordinates": [
          12.5906753,
          3.8866587
        ]
      },
      "id": "node/10739496201"
    },
    {
      "type": "Feature",
      "properties": {
        "@id": "node/10739496202",
        "name": "Ayené",
        "place": "village"
      },
      "geometry": {
        "type": "Point",
        "coordinates": [
          12.5563001,
          3.8905443
        ]
      },
      "id": "node/10739496202"
    },
    {
      "type": "Feature",
      "properties": {
        "@id": "node/10741512894",
        "name": "Obinem",
        "place": "village"
      },
      "geometry": {
        "type": "Point",
        "coordinates": [
          12.9662382,
          3.7662605
        ]
      },
      "id": "node/10741512894"
    },
    {
      "type": "Feature",
      "properties": {
        "@id": "node/10741560049",
        "name": "Bagwale",
        "place": "village"
      },
      "geometry": {
        "type": "Point",
        "coordinates": [
          13.1224716,
          4.0699365
        ]
      },
      "id": "node/10741560049"
    },
    {
      "type": "Feature",
      "properties": {
        "@id": "node/10742113276",
        "name": "Banmekoung",
        "place": "village"
      },
      "geometry": {
        "type": "Point",
        "coordinates": [
          13.0712628,
          4.0111281
        ]
      },
      "id": "node/10742113276"
    },
    {
      "type": "Feature",
      "properties": {
        "@id": "node/10746951920",
        "name": "Djaposten",
        "place": "village"
      },
      "geometry": {
        "type": "Point",
        "coordinates": [
          13.5379833,
          3.416765
        ]
      },
      "id": "node/10746951920"
    },
    {
      "type": "Feature",
      "properties": {
        "@id": "node/10820124607",
        "name": "Payo",
        "place": "village"
      },
      "geometry": {
        "type": "Point",
        "coordinates": [
          13.7083748,
          3.1455986
        ]
      },
      "id": "node/10820124607"
    },
    {
      "type": "Feature",
      "properties": {
        "@id": "node/10862138718",
        "name": "Lokomo SEBC",
        "place": "village",
        "wikidata": "Q109043657",
        "wikipedia": "fr:Lokomo Sebc"
      },
      "geometry": {
        "type": "Point",
        "coordinates": [
          15.4576778,
          2.6862455
        ]
      },
      "id": "node/10862138718"
    },
    {
      "type": "Feature",
      "properties": {
        "@id": "node/11005978715",
        "name": "Bingo",
        "place": "village"
      },
      "geometry": {
        "type": "Point",
        "coordinates": [
          14.8422825,
          3.481182
        ]
      },
      "id": "node/11005978715"
    },
    {
      "type": "Feature",
      "properties": {
        "@id": "node/11005978716",
        "name": "Nkolsa",
        "place": "village"
      },
      "geometry": {
        "type": "Point",
        "coordinates": [
          14.7661292,
          3.4725559
        ]
      },
      "id": "node/11005978716"
    },
    {
      "type": "Feature",
      "properties": {
        "@id": "node/11005978717",
        "name": "Bobanada",
        "place": "village"
      },
      "geometry": {
        "type": "Point",
        "coordinates": [
          14.7463882,
          3.4616378
        ]
      },
      "id": "node/11005978717"
    },
    {
      "type": "Feature",
      "properties": {
        "@id": "node/11005978718",
        "name": "Melen",
        "place": "village"
      },
      "geometry": {
        "type": "Point",
        "coordinates": [
          14.7408038,
          3.4615361
        ]
      },
      "id": "node/11005978718"
    },
    {
      "type": "Feature",
      "properties": {
        "@id": "node/11005978719",
        "name": "Songalinga",
        "place": "village"
      },
      "geometry": {
        "type": "Point",
        "coordinates": [
          14.7293401,
          3.4611292
        ]
      },
      "id": "node/11005978719"
    },
    {
      "type": "Feature",
      "properties": {
        "@id": "node/11005978720",
        "name": "Mwamédja",
        "place": "village"
      },
      "geometry": {
        "type": "Point",
        "coordinates": [
          14.7008926,
          3.4601707
        ]
      },
      "id": "node/11005978720"
    },
    {
      "type": "Feature",
      "properties": {
        "@id": "node/11005978721",
        "name": "Mopwé",
        "place": "village"
      },
      "geometry": {
        "type": "Point",
        "coordinates": [
          14.6949112,
          3.4569097
        ]
      },
      "id": "node/11005978721"
    },
    {
      "type": "Feature",
      "properties": {
        "@id": "node/11005978722",
        "name": "Amwamay",
        "place": "village"
      },
      "geometry": {
        "type": "Point",
        "coordinates": [
          14.5908013,
          3.4399139
        ]
      },
      "id": "node/11005978722"
    },
    {
      "type": "Feature",
      "properties": {
        "@id": "node/11005978724",
        "name": "Nkolenyin",
        "place": "village"
      },
      "geometry": {
        "type": "Point",
        "coordinates": [
          14.4268513,
          3.4238173
        ]
      },
      "id": "node/11005978724"
    },
    {
      "type": "Feature",
      "properties": {
        "@id": "node/11005978725",
        "name": "Nkolvolan",
        "place": "village"
      },
      "geometry": {
        "type": "Point",
        "coordinates": [
          14.4112945,
          3.4302271
        ]
      },
      "id": "node/11005978725"
    },
    {
      "type": "Feature",
      "properties": {
        "@id": "node/11005982745",
        "name": "Mesok",
        "place": "village"
      },
      "geometry": {
        "type": "Point",
        "coordinates": [
          14.1778887,
          3.3789749
        ]
      },
      "id": "node/11005982745"
    },
    {
      "type": "Feature",
      "properties": {
        "@id": "node/11005982746",
        "name": "Médjé",
        "place": "village"
      },
      "geometry": {
        "type": "Point",
        "coordinates": [
          14.1449928,
          3.367431
        ]
      },
      "id": "node/11005982746"
    },
    {
      "type": "Feature",
      "properties": {
        "@id": "node/11005982747",
        "place": "village"
      },
      "geometry": {
        "type": "Point",
        "coordinates": [
          14.3917204,
          3.4343375
        ]
      },
      "id": "node/11005982747"
    },
    {
      "type": "Feature",
      "properties": {
        "@id": "node/11005982748",
        "place": "village"
      },
      "geometry": {
        "type": "Point",
        "coordinates": [
          14.4869373,
          3.4184105
        ]
      },
      "id": "node/11005982748"
    },
    {
      "type": "Feature",
      "properties": {
        "@id": "node/11005990842",
        "name": "Djadom",
        "place": "village"
      },
      "geometry": {
        "type": "Point",
        "coordinates": [
          14.0096699,
          3.2533953
        ]
      },
      "id": "node/11005990842"
    },
    {
      "type": "Feature",
      "properties": {
        "@id": "node/11005990843",
        "name": "Adjéla",
        "place": "village"
      },
      "geometry": {
        "type": "Point",
        "coordinates": [
          14.0619099,
          3.1482667
        ]
      },
      "id": "node/11005990843"
    },
    {
      "type": "Feature",
      "properties": {
        "@id": "node/11005990844",
        "name": "Mpan",
        "place": "village"
      },
      "geometry": {
        "type": "Point",
        "coordinates": [
          12.9952168,
          3.5588836
        ]
      },
      "id": "node/11005990844"
    },
    {
      "type": "Feature",
      "properties": {
        "@id": "node/11006000246",
        "name": "Meka",
        "place": "village"
      },
      "geometry": {
        "type": "Point",
        "coordinates": [
          12.6511431,
          3.6451925
        ]
      },
      "id": "node/11006000246"
    },
    {
      "type": "Feature",
      "properties": {
        "@id": "node/11006040588",
        "name": "Zoulabôt",
        "place": "village"
      },
      "geometry": {
        "type": "Point",
        "coordinates": [
          12.6814038,
          3.5154289
        ]
      },
      "id": "node/11006040588"
    },
    {
      "type": "Feature",
      "properties": {
        "@id": "node/11006040589",
        "name": "Biba",
        "place": "village"
      },
      "geometry": {
        "type": "Point",
        "coordinates": [
          12.6726329,
          3.5130248
        ]
      },
      "id": "node/11006040589"
    },
    {
      "type": "Feature",
      "properties": {
        "@id": "node/11006077093",
        "name": "Djela",
        "place": "village"
      },
      "geometry": {
        "type": "Point",
        "coordinates": [
          13.0758655,
          3.6952149
        ]
      },
      "id": "node/11006077093"
    },
    {
      "type": "Feature",
      "properties": {
        "@id": "node/11006077094",
        "name": "Bitemyen",
        "place": "village"
      },
      "geometry": {
        "type": "Point",
        "coordinates": [
          13.1120002,
          3.633875
        ]
      },
      "id": "node/11006077094"
    },
    {
      "type": "Feature",
      "properties": {
        "@id": "node/11006077095",
        "name": "Echou",
        "place": "village"
      },
      "geometry": {
        "type": "Point",
        "coordinates": [
          13.0770993,
          3.5551839
        ]
      },
      "id": "node/11006077095"
    },
    {
      "type": "Feature",
      "properties": {
        "@id": "node/11006225904",
        "place": "village"
      },
      "geometry": {
        "type": "Point",
        "coordinates": [
          12.6787108,
          3.7789681
        ]
      },
      "id": "node/11006225904"
    },
    {
      "type": "Feature",
      "properties": {
        "@id": "node/11099167615",
        "place": "village"
      },
      "geometry": {
        "type": "Point",
        "coordinates": [
          15.4122841,
          2.1125226
        ]
      },
      "id": "node/11099167615"
    },
    {
      "type": "Feature",
      "properties": {
        "@id": "node/11099167681",
        "place": "village"
      },
      "geometry": {
        "type": "Point",
        "coordinates": [
          15.5012423,
          2.100836
        ]
      },
      "id": "node/11099167681"
    },
    {
      "type": "Feature",
      "properties": {
        "@id": "node/11137022632",
        "name": "Mambélé village",
        "place": "village"
      },
      "geometry": {
        "type": "Point",
        "coordinates": [
          15.4009116,
          2.4159112
        ]
      },
      "id": "node/11137022632"
    },
    {
      "type": "Feature",
      "properties": {
        "@id": "node/11144427584",
        "name": "Ndongó",
        "place": "village"
      },
      "geometry": {
        "type": "Point",
        "coordinates": [
          15.3847325,
          2.6078907
        ]
      },
      "id": "node/11144427584"
    },
    {
      "type": "Feature",
      "properties": {
        "@id": "node/11144427592",
        "name": "Dissassoui",
        "place": "village"
      },
      "geometry": {
        "type": "Point",
        "coordinates": [
          15.3934818,
          2.5501047
        ]
      },
      "id": "node/11144427592"
    },
    {
      "type": "Feature",
      "properties": {
        "@id": "node/11144427593",
        "name": "Mboli",
        "place": "village"
      },
      "geometry": {
        "type": "Point",
        "coordinates": [
          15.4009384,
          2.52974
        ]
      },
      "id": "node/11144427593"
    },
    {
      "type": "Feature",
      "properties": {
        "@id": "node/11207151519",
        "name": "Mwaébo",
        "place": "village"
      },
      "geometry": {
        "type": "Point",
        "coordinates": [
          14.9614262,
          3.2990522
        ]
      },
      "id": "node/11207151519"
    },
    {
      "type": "Feature",
      "properties": {
        "@id": "node/11207151531",
        "name": "Company",
        "place": "village"
      },
      "geometry": {
        "type": "Point",
        "coordinates": [
          15.0598236,
          3.5497882
        ]
      },
      "id": "node/11207151531"
    },
    {
      "type": "Feature",
      "properties": {
        "@id": "node/11207185123",
        "name": "Metele",
        "place": "village"
      },
      "geometry": {
        "type": "Point",
        "coordinates": [
          14.8045599,
          3.473252
        ]
      },
      "id": "node/11207185123"
    },
    {
      "type": "Feature",
      "properties": {
        "@id": "node/11358323019",
        "name": "Kanivo",
        "place": "village"
      },
      "geometry": {
        "type": "Point",
        "coordinates": [
          15.7846177,
          1.8898984
        ]
      },
      "id": "node/11358323019"
    },
    {
      "type": "Feature",
      "properties": {
        "@id": "node/11358323025",
        "name": "Péza",
        "place": "village"
      },
      "geometry": {
        "type": "Point",
        "coordinates": [
          15.8251217,
          1.8520941
        ]
      },
      "id": "node/11358323025"
    },
    {
      "type": "Feature",
      "properties": {
        "@id": "node/11359756589",
        "place": "village"
      },
      "geometry": {
        "type": "Point",
        "coordinates": [
          15.6270137,
          2.0180844
        ]
      },
      "id": "node/11359756589"
    },
    {
      "type": "Feature",
      "properties": {
        "@id": "node/11384019543",
        "name": "Ademegola",
        "place": "village",
        "wikidata": "Q108921058",
        "wikipedia": "fr:Ademegola"
      },
      "geometry": {
        "type": "Point",
        "coordinates": [
          12.8407932,
          4.3257509
        ]
      },
      "id": "node/11384019543"
    },
    {
      "type": "Feature",
      "properties": {
        "@id": "node/11410150155",
        "alt_name": "Bitsogman",
        "name": "Bitso'oman",
        "place": "village"
      },
      "geometry": {
        "type": "Point",
        "coordinates": [
          13.0447543,
          3.4050985
        ]
      },
      "id": "node/11410150155"
    },
    {
      "type": "Feature",
      "properties": {
        "@id": "node/11603432853",
        "name": "MOKOUNOUNOU",
        "place": "village"
      },
      "geometry": {
        "type": "Point",
        "coordinates": [
          15.3340598,
          1.9349458
        ]
      },
      "id": "node/11603432853"
    },
    {
      "type": "Feature",
      "properties": {
        "@id": "node/11684376912",
        "name": "Massiel Mbeno",
        "place": "village"
      },
      "geometry": {
        "type": "Point",
        "coordinates": [
          12.5910991,
          3.4684864
        ]
      },
      "id": "node/11684376912"
    },
    {
      "type": "Feature",
      "properties": {
        "@id": "node/11813832698",
        "name": "Ikounou",
        "place": "village"
      },
      "geometry": {
        "type": "Point",
        "coordinates": [
          16.0481313,
          1.9733776
        ]
      },
      "id": "node/11813832698"
    },
    {
      "type": "Feature",
      "properties": {
        "@id": "node/11814355182",
        "name": "Aito",
        "place": "village"
      },
      "geometry": {
        "type": "Point",
        "coordinates": [
          14.8709929,
          4.1175126
        ]
      },
      "id": "node/11814355182"
    },
    {
      "type": "Feature",
      "properties": {
        "@id": "node/11815074436",
        "name": "Akok Maka",
        "place": "village"
      },
      "geometry": {
        "type": "Point",
        "coordinates": [
          12.5477064,
          3.890266
        ]
      },
      "id": "node/11815074436"
    },
    {
      "type": "Feature",
      "properties": {
        "@id": "node/11815074437",
        "name": "Effoulan",
        "place": "village"
      },
      "geometry": {
        "type": "Point",
        "coordinates": [
          12.6188707,
          3.9055942
        ]
      },
      "id": "node/11815074437"
    },
    {
      "type": "Feature",
      "properties": {
        "@id": "node/11815074445",
        "name": "Bigoens",
        "place": "village"
      },
      "geometry": {
        "type": "Point",
        "coordinates": [
          12.9366267,
          3.999291
        ]
      },
      "id": "node/11815074445"
    },
    {
      "type": "Feature",
      "properties": {
        "@id": "node/11815074446",
        "name": "Nyimbe",
        "place": "village"
      },
      "geometry": {
        "type": "Point",
        "coordinates": [
          12.9513627,
          3.9923289
        ]
      },
      "id": "node/11815074446"
    },
    {
      "type": "Feature",
      "properties": {
        "@id": "node/11815074447",
        "name": "Ndjibe",
        "place": "village"
      },
      "geometry": {
        "type": "Point",
        "coordinates": [
          12.9777181,
          4.0025339
        ]
      },
      "id": "node/11815074447"
    },
    {
      "type": "Feature",
      "properties": {
        "@id": "node/11815074459",
        "name": "Djojok",
        "place": "village"
      },
      "geometry": {
        "type": "Point",
        "coordinates": [
          13.0045885,
          4.0105769
        ]
      },
      "id": "node/11815074459"
    },
    {
      "type": "Feature",
      "properties": {
        "@id": "node/11815074460",
        "name": "Abong-Mbang II",
        "place": "village"
      },
      "geometry": {
        "type": "Point",
        "coordinates": [
          13.1595826,
          3.9926821
        ]
      },
      "id": "node/11815074460"
    },
    {
      "type": "Feature",
      "properties": {
        "@id": "node/11815077415",
        "name": "Alanda",
        "place": "village"
      },
      "geometry": {
        "type": "Point",
        "coordinates": [
          14.6888441,
          4.1964055
        ]
      },
      "id": "node/11815077415"
    },
    {
      "type": "Feature",
      "properties": {
        "@id": "node/11815077426",
        "name": "Kobi",
        "place": "village"
      },
      "geometry": {
        "type": "Point",
        "coordinates": [
          14.6971589,
          4.1970047
        ]
      },
      "id": "node/11815077426"
    },
    {
      "type": "Feature",
      "properties": {
        "@id": "node/11815102381",
        "name": "Sibita",
        "place": "village"
      },
      "geometry": {
        "type": "Point",
        "coordinates": [
          13.4517717,
          4.2323837
        ]
      },
      "id": "node/11815102381"
    },
    {
      "type": "Feature",
      "properties": {
        "@id": "node/11832609899",
        "name": "Maboko",
        "place": "village"
      },
      "geometry": {
        "type": "Point",
        "coordinates": [
          16.1352441,
          1.734502
        ]
      },
      "id": "node/11832609899"
    },
    {
      "type": "Feature",
      "properties": {
        "@id": "node/11832609919",
        "name": "S.O.C.A.M.B.O.",
        "place": "village"
      },
      "geometry": {
        "type": "Point",
        "coordinates": [
          16.1182845,
          1.7057992
        ]
      },
      "id": "node/11832609919"
    },
    {
      "type": "Feature",
      "properties": {
        "@id": "node/12020280984",
        "name": "Sambambo",
        "place": "village"
      },
      "geometry": {
        "type": "Point",
        "coordinates": [
          15.7485259,
          1.9207134
        ]
      },
      "id": "node/12020280984"
    },
    {
      "type": "Feature",
      "properties": {
        "@id": "node/12022520903",
        "place": "village"
      },
      "geometry": {
        "type": "Point",
        "coordinates": [
          15.6257933,
          1.9559052
        ]
      },
      "id": "node/12022520903"
    },
    {
      "type": "Feature",
      "properties": {
        "@id": "node/12033785925",
        "place": "village"
      },
      "geometry": {
        "type": "Point",
        "coordinates": [
          15.1358449,
          2.1403876
        ]
      },
      "id": "node/12033785925"
    },
    {
      "type": "Feature",
      "properties": {
        "@id": "node/12039870515",
        "place": "village"
      },
      "geometry": {
        "type": "Point",
        "coordinates": [
          13.6558771,
          3.3996024
        ]
      },
      "id": "node/12039870515"
    },
    {
      "type": "Feature",
      "properties": {
        "@id": "node/12093440869",
        "name": "Loupé",
        "place": "village"
      },
      "geometry": {
        "type": "Point",
        "coordinates": [
          15.197686,
          2.0482429
        ]
      },
      "id": "node/12093440869"
    },
    {
      "type": "Feature",
      "properties": {
        "@id": "node/12093440873",
        "name": "Lèguè",
        "place": "village"
      },
      "geometry": {
        "type": "Point",
        "coordinates": [
          15.0785637,
          2.0210062
        ]
      },
      "id": "node/12093440873"
    },
    {
      "type": "Feature",
      "properties": {
        "@id": "node/12093440874",
        "name": "Malamba",
        "place": "village"
      },
      "geometry": {
        "type": "Point",
        "coordinates": [
          15.0504166,
          2.0162616
        ]
      },
      "id": "node/12093440874"
    },
    {
      "type": "Feature",
      "properties": {
        "@id": "node/12093440895",
        "name": "Mindourou nouveau",
        "place": "village"
      },
      "geometry": {
        "type": "Point",
        "coordinates": [
          14.9321097,
          2.075581
        ]
      },
      "id": "node/12093440895"
    },
    {
      "type": "Feature",
      "properties": {
        "@id": "node/12093440896",
        "name": "Bondo",
        "place": "village"
      },
      "geometry": {
        "type": "Point",
        "coordinates": [
          14.9515021,
          2.0718096
        ]
      },
      "id": "node/12093440896"
    },
    {
      "type": "Feature",
      "properties": {
        "@id": "node/12093440928",
        "name": "Bèlè",
        "place": "village"
      },
      "geometry": {
        "type": "Point",
        "coordinates": [
          14.9620432,
          2.0596537
        ]
      },
      "id": "node/12093440928"
    },
    {
      "type": "Feature",
      "properties": {
        "@id": "node/12356581598",
        "name": "Ossabéli",
        "place": "village"
      },
      "geometry": {
        "type": "Point",
        "coordinates": [
          15.2757543,
          2.1193254
        ]
      },
      "id": "node/12356581598"
    },
    {
      "type": "Feature",
      "properties": {
        "@id": "node/12358081264",
        "name": "Yenga Famille",
        "place": "village"
      },
      "geometry": {
        "type": "Point",
        "coordinates": [
          15.3425413,
          2.3299505
        ]
      },
      "id": "node/12358081264"
    },
    {
      "type": "Feature",
      "properties": {
        "@id": "node/12388062267",
        "name": "Dja'ela",
        "place": "village"
      },
      "geometry": {
        "type": "Point",
        "coordinates": [
          12.9482621,
          3.3348747
        ]
      },
      "id": "node/12388062267"
    },
    {
      "type": "Feature",
      "properties": {
        "@id": "node/12520592423",
        "name": "Légué",
        "place": "village"
      },
      "geometry": {
        "type": "Point",
        "coordinates": [
          14.9216652,
          2.0753237
        ]
      },
      "id": "node/12520592423"
    },
    {
      "type": "Feature",
      "properties": {
        "@id": "node/12999522159",
        "name": "Nguilili II",
        "place": "village"
      },
      "geometry": {
        "type": "Point",
        "coordinates": [
          15.3361684,
          2.1169023
        ]
      },
      "id": "node/12999522159"
    },
    {
      "type": "Feature",
      "properties": {
        "@id": "node/12999522172",
        "name": "Njosollo",
        "place": "village"
      },
      "geometry": {
        "type": "Point",
        "coordinates": [
          15.4331906,
          2.669102
        ]
      },
      "id": "node/12999522172"
    },
    {
      "type": "Feature",
      "properties": {
        "@id": "node/13001255155",
        "name": "Nguilili Sale",
        "place": "village"
      },
      "geometry": {
        "type": "Point",
        "coordinates": [
          15.3376919,
          2.1281062
        ]
      },
      "id": "node/13001255155"
    },
    {
      "type": "Feature",
      "properties": {
        "@id": "node/13048602900",
        "name": "Eta Frontière",
        "place": "village"
      },
      "geometry": {
        "type": "Point",
        "coordinates": [
          14.1918093,
          2.1844035
        ]
      },
      "id": "node/13048602900"
    }
  ]
}