{
  "type": "FeatureCollection",
  "generator": "overpass-turbo",
  "copyright": "The data included in this document is from www.openstreetmap.org. The data is made available under ODbL.",
  "timestamp": "2025-08-22T18:53:49Z",
  "features": [
    {
      "type": "Feature",
      "properties": {
        "@id": "node/249863453",
        "name": "Loum",
        "note": "rank=0 car commune",
        "place": "town",
        "rank": "0",
        "wikidata": "Q1828275",
        "wikipedia": "fr:Loum"
      },
      "geometry": {
        "type": "Point",
        "coordinates": [
          9.7274994,
          4.7200545
        ]
      },
      "id": "node/249863453"
    },
    {
      "type": "Feature",
      "properties": {
        "@id": "node/249863482",
        "name": "Nlohe",
        "place": "village"
      },
      "geometry": {
        "type": "Point",
        "coordinates": [
          9.7498187,
          4.7652044
        ]
      },
      "id": "node/249863482"
    },
    {
      "type": "Feature",
      "properties": {
        "@id": "node/249863738",
        "alt_name": "Njimbe-Penja",
        "name": "Penja",
        "note": "rank=0 car commune",
        "place": "town",
        "rank": "0",
        "wikidata": "Q7163055"
      },
      "geometry": {
        "type": "Point",
        "coordinates": [
          9.682914,
          4.640799
        ]
      },
      "id": "node/249863738"
    },
    {
      "type": "Feature",
      "properties": {
        "@id": "node/250154511",
        "name": "Bonaléa",
        "place": "village"
      },
      "geometry": {
        "type": "Point",
        "coordinates": [
          9.7371294,
          4.3397767
        ]
      },
      "id": "node/250154511"
    },
    {
      "type": "Feature",
      "properties": {
        "@id": "node/331132272",
        "name": "Minkwélé",
        "place": "village"
      },
      "geometry": {
        "type": "Point",
        "coordinates": [
          9.6181971,
          4.1065854
        ]
      },
      "id": "node/331132272"
    },
    {
      "type": "Feature",
      "properties": {
        "@id": "node/331133522",
        "name": "Edéa",
        "note": "rank=0 car prefecture",
        "place": "city",
        "wikidata": "Q1002900",
        "wikipedia": "en:Edéa"
      },
      "geometry": {
        "type": "Point",
        "coordinates": [
          10.1265567,
          3.7990131
        ]
      },
      "id": "node/331133522"
    },
    {
      "type": "Feature",
      "properties": {
        "@id": "node/639162004",
        "name": "Nkongsamba",
        "note": "rank=0 car prefecture",
        "place": "city",
        "rank": "0",
        "wikidata": "Q999070",
        "wikipedia": "fr:Nkongsamba"
      },
      "geometry": {
        "type": "Point",
        "coordinates": [
          9.9391669,
          4.9525115
        ]
      },
      "id": "node/639162004"
    },
    {
      "type": "Feature",
      "properties": {
        "@id": "node/639566766",
        "name": "Ekom-Nkam",
        "place": "village"
      },
      "geometry": {
        "type": "Point",
        "coordinates": [
          10.0065212,
          5.0646648
        ]
      },
      "id": "node/639566766"
    },
    {
      "type": "Feature",
      "properties": {
        "@id": "node/732125487",
        "name": "Douala",
        "name:ar": "دوالا",
        "name:az": "Duala",
        "name:be": "Дуала",
        "name:bg": "Дуала",
        "name:ce": "Дуала",
        "name:de": "Duala",
        "name:el": "Ντουάλα",
        "name:en": "Douala",
        "name:eo": "Dualao",
        "name:es": "Duala",
        "name:eu": "Duala",
        "name:fa": "دوالا",
        "name:fr": "Douala",
        "name:he": "דואלה",
        "name:hi": "डुआला",
        "name:hr": "Douala",
        "name:ht": "Dwala",
        "name:hy": "Դուալա",
        "name:is": "Dóúala",
        "name:ja": "ドゥアラ",
        "name:ka": "დუალა",
        "name:ko": "두알라",
        "name:ky": "Дуала",
        "name:la": "Duala",
        "name:ln": "Duala",
        "name:lt": "Duala",
        "name:lv": "Duala",
        "name:mk": "Дуала",
        "name:ml": "ദൗവ്വാല",
        "name:mr": "दौआला",
        "name:os": "Дуалæ",
        "name:pa": "ਦੌਆਲਾ",
        "name:pl": "Duala",
        "name:ps": "دوالا",
        "name:pt": "Duala",
        "name:ru": "Дуала",
        "name:sq": "Duala",
        "name:sr": "Дуала",
        "name:th": "ดูอาลา",
        "name:uk": "Дуала",
        "name:ur": "دوالا",
        "name:uz": "Duala",
        "name:zh": "杜阿拉",
        "place": "city",
        "population": "2000000",
        "wikidata": "Q132830",
        "wikipedia": "en:Douala"
      },
      "geometry": {
        "type": "Point",
        "coordinates": [
          9.7062018,
          4.0429389
        ]
      },
      "id": "node/732125487"
    },
    {
      "type": "Feature",
      "properties": {
        "@id": "node/923991888",
        "name": "Makepe",
        "place": "town"
      },
      "geometry": {
        "type": "Point",
        "coordinates": [
          9.7409587,
          4.0638116
        ]
      },
      "id": "node/923991888"
    },
    {
      "type": "Feature",
      "properties": {
        "@id": "node/923991906",
        "name": "Deido",
        "place": "town"
      },
      "geometry": {
        "type": "Point",
        "coordinates": [
          9.7151827,
          4.0637626
        ]
      },
      "id": "node/923991906"
    },
    {
      "type": "Feature",
      "properties": {
        "@id": "way/1287044157",
        "landuse": "residential",
        "name": "Ndogmbiang",
        "place": "village",
        "@geometry": "center"
      },
      "geometry": {
        "type": "Point",
        "coordinates": [
          10.0572321,
          3.4707651
        ]
      },
      "id": "way/1287044157"
    },
    {
      "type": "Feature",
      "properties": {
        "@id": "node/1595553991",
        "name": "Mbanga",
        "note": "rank=0 car commune",
        "place": "town",
        "rank": "0",
        "wikidata": "Q3303483"
      },
      "geometry": {
        "type": "Point",
        "coordinates": [
          9.5657366,
          4.499078
        ]
      },
      "id": "node/1595553991"
    },
    {
      "type": "Feature",
      "properties": {
        "@id": "node/1595554030",
        "alt_name": "Nyombé;Njombé-Penja",
        "name": "Njombé",
        "place": "town",
        "wikidata": "Q7042482",
        "wikipedia": "en:Njombé"
      },
      "geometry": {
        "type": "Point",
        "coordinates": [
          9.652932,
          4.586724
        ]
      },
      "id": "node/1595554030"
    },
    {
      "type": "Feature",
      "properties": {
        "@id": "node/2121675849",
        "name": "Manjo",
        "note": "rank=0 car commune",
        "place": "town",
        "rank": "0",
        "wikidata": "Q3285999"
      },
      "geometry": {
        "type": "Point",
        "coordinates": [
          9.8230312,
          4.8475223
        ]
      },
      "id": "node/2121675849"
    },
    {
      "type": "Feature",
      "properties": {
        "@id": "node/2123937944",
        "name": "Dizangué",
        "note": "rank=0 car commune",
        "place": "town",
        "rank": "0",
        "wikidata": "Q5285065",
        "wikipedia": "fr:Dizangué"
      },
      "geometry": {
        "type": "Point",
        "coordinates": [
          10.0180602,
          3.7465887
        ]
      },
      "id": "node/2123937944"
    },
    {
      "type": "Feature",
      "properties": {
        "@id": "node/2145356057",
        "name": "Melong",
        "note": "rank=0 car commune",
        "place": "town",
        "rank": "0",
        "wikidata": "Q3305268"
      },
      "geometry": {
        "type": "Point",
        "coordinates": [
          9.949155,
          5.121582
        ]
      },
      "id": "node/2145356057"
    },
    {
      "type": "Feature",
      "properties": {
        "@id": "node/2146677215",
        "name": "Ngonga",
        "place": "village"
      },
      "geometry": {
        "type": "Point",
        "coordinates": [
          10.3701499,
          4.0735822
        ]
      },
      "id": "node/2146677215"
    },
    {
      "type": "Feature",
      "properties": {
        "@id": "node/2222805840",
        "name": "Pouma",
        "note": "rank=0 car commune",
        "place": "town",
        "rank": "0",
        "wikidata": "Q12701247"
      },
      "geometry": {
        "type": "Point",
        "coordinates": [
          10.525192,
          3.8546259
        ]
      },
      "id": "node/2222805840"
    },
    {
      "type": "Feature",
      "properties": {
        "@id": "node/2271161005",
        "name": "Bonepoupá",
        "place": "village"
      },
      "geometry": {
        "type": "Point",
        "coordinates": [
          10.0374623,
          4.0803316
        ]
      },
      "id": "node/2271161005"
    },
    {
      "type": "Feature",
      "properties": {
        "@id": "node/2271161010",
        "name": "Sackbayémé",
        "place": "village",
        "wikidata": "Q7396815",
        "wikipedia": "fr:Sackbayémé"
      },
      "geometry": {
        "type": "Point",
        "coordinates": [
          10.5701519,
          4.0525817
        ]
      },
      "id": "node/2271161010"
    },
    {
      "type": "Feature",
      "properties": {
        "@id": "node/2272037979",
        "name": "Sohok",
        "place": "village"
      },
      "geometry": {
        "type": "Point",
        "coordinates": [
          10.2440476,
          4.9693124
        ]
      },
      "id": "node/2272037979"
    },
    {
      "type": "Feature",
      "properties": {
        "@id": "node/2309876224",
        "name": "Yabassi",
        "place": "city",
        "wikidata": "Q2465841"
      },
      "geometry": {
        "type": "Point",
        "coordinates": [
          9.9709058,
          4.460432
        ]
      },
      "id": "node/2309876224"
    },
    {
      "type": "Feature",
      "properties": {
        "@id": "node/2386680415",
        "name": "Bwapé",
        "place": "village"
      },
      "geometry": {
        "type": "Point",
        "coordinates": [
          9.6223231,
          4.0270124
        ]
      },
      "id": "node/2386680415"
    },
    {
      "type": "Feature",
      "properties": {
        "@id": "node/2386680461",
        "name": "Kangué",
        "place": "village"
      },
      "geometry": {
        "type": "Point",
        "coordinates": [
          9.3475271,
          3.9105253
        ]
      },
      "id": "node/2386680461"
    },
    {
      "type": "Feature",
      "properties": {
        "@id": "node/2389012697",
        "name": "Massok",
        "note": "rank=0 car commune",
        "place": "town",
        "rank": "0",
        "source": "WRI_2005"
      },
      "geometry": {
        "type": "Point",
        "coordinates": [
          10.46911,
          4.133005
        ]
      },
      "id": "node/2389012697"
    },
    {
      "type": "Feature",
      "properties": {
        "@id": "node/2389015584",
        "alt_name": "Ngambé",
        "name": "Ngambe",
        "note": "rank=0 car commune",
        "place": "town",
        "rank": "0",
        "wikidata": "Q7021939"
      },
      "geometry": {
        "type": "Point",
        "coordinates": [
          10.6212017,
          4.2294051
        ]
      },
      "id": "node/2389015584"
    },
    {
      "type": "Feature",
      "properties": {
        "@id": "node/2389018053",
        "name": "Nyanon",
        "note": "rank=0 car commune",
        "place": "town",
        "rank": "0",
        "wikidata": "Q7070896"
      },
      "geometry": {
        "type": "Point",
        "coordinates": [
          10.953688,
          4.2652708
        ]
      },
      "id": "node/2389018053"
    },
    {
      "type": "Feature",
      "properties": {
        "@id": "node/2389032630",
        "alt_name": "Log Badjek",
        "name": "Logbadjek",
        "note": "rank=0 car commune",
        "place": "town",
        "rank": "0",
        "source": "WRI_2005"
      },
      "geometry": {
        "type": "Point",
        "coordinates": [
          10.1026748,
          3.9750181
        ]
      },
      "id": "node/2389032630"
    },
    {
      "type": "Feature",
      "properties": {
        "@id": "node/2389037213",
        "name": "Mouanko",
        "note": "rank=0 car commune",
        "place": "town",
        "rank": "0",
        "wikidata": "Q6918844"
      },
      "geometry": {
        "type": "Point",
        "coordinates": [
          9.7940413,
          3.6408391
        ]
      },
      "id": "node/2389037213"
    },
    {
      "type": "Feature",
      "properties": {
        "@id": "node/2389041504",
        "name": "Yingui",
        "note": "rank=0 car commune",
        "place": "town",
        "rank": "0",
        "wikidata": "Q3572296"
      },
      "geometry": {
        "type": "Point",
        "coordinates": [
          10.2940197,
          4.5280674
        ]
      },
      "id": "node/2389041504"
    },
    {
      "type": "Feature",
      "properties": {
        "@id": "node/2460695165",
        "name": "Abe",
        "place": "village",
        "source": "WRI_2005"
      },
      "geometry": {
        "type": "Point",
        "coordinates": [
          9.7990578,
          3.6486789
        ]
      },
      "id": "node/2460695165"
    },
    {
      "type": "Feature",
      "properties": {
        "@id": "node/2460695171",
        "name": "Abé",
        "place": "village",
        "source": "WRI_2005"
      },
      "geometry": {
        "type": "Point",
        "coordinates": [
          10.0304296,
          3.4404007
        ]
      },
      "id": "node/2460695171"
    },
    {
      "type": "Feature",
      "properties": {
        "@id": "node/2460695178",
        "alt_name": "Apou",
        "name": "Apouh",
        "place": "village",
        "source": "WRI_2005 + Survey"
      },
      "geometry": {
        "type": "Point",
        "coordinates": [
          10.1152858,
          3.6406926
        ]
      },
      "id": "node/2460695178"
    },
    {
      "type": "Feature",
      "properties": {
        "@id": "node/2460695193",
        "name": "Bassa",
        "place": "village",
        "source": "WRI_2005"
      },
      "geometry": {
        "type": "Point",
        "coordinates": [
          9.7520627,
          4.0481713
        ]
      },
      "id": "node/2460695193"
    },
    {
      "type": "Feature",
      "properties": {
        "@id": "node/2460695194",
        "name": "Batombé",
        "place": "village",
        "source": "WRI_2005"
      },
      "geometry": {
        "type": "Point",
        "coordinates": [
          10.1548802,
          3.8066587
        ]
      },
      "id": "node/2460695194"
    },
    {
      "type": "Feature",
      "properties": {
        "@id": "node/2460695195",
        "name": "Bemengué",
        "place": "village",
        "source": "WRI_2005"
      },
      "geometry": {
        "type": "Point",
        "coordinates": [
          9.7948121,
          3.6610894
        ]
      },
      "id": "node/2460695195"
    },
    {
      "type": "Feature",
      "properties": {
        "@id": "node/2460695197",
        "name": "Bengando",
        "place": "village",
        "source": "WRI_2005"
      },
      "geometry": {
        "type": "Point",
        "coordinates": [
          9.745481,
          3.6701728
        ]
      },
      "id": "node/2460695197"
    },
    {
      "type": "Feature",
      "properties": {
        "@id": "node/2460695198",
        "name": "Bienkok",
        "place": "village",
        "source": "WRI_2005",
        "wikidata": "Q26706053",
        "wikipedia": "fr:Bienkok"
      },
      "geometry": {
        "type": "Point",
        "coordinates": [
          10.1380825,
          3.9563329
        ]
      },
      "id": "node/2460695198"
    },
    {
      "type": "Feature",
      "properties": {
        "@id": "node/2460695199",
        "name": "Bessengue",
        "place": "village",
        "source": "WRI_2005"
      },
      "geometry": {
        "type": "Point",
        "coordinates": [
          9.7966293,
          4.0292338
        ]
      },
      "id": "node/2460695199"
    },
    {
      "type": "Feature",
      "properties": {
        "@id": "node/2460695200",
        "name": "Bessombé",
        "place": "village",
        "source": "WRI_2005"
      },
      "geometry": {
        "type": "Point",
        "coordinates": [
          10.1001523,
          3.9913703
        ]
      },
      "id": "node/2460695200"
    },
    {
      "type": "Feature",
      "properties": {
        "@id": "node/2460695205",
        "name": "Biboumha",
        "place": "village",
        "source": "WRI_2005"
      },
      "geometry": {
        "type": "Point",
        "coordinates": [
          10.5601917,
          3.9762819
        ]
      },
      "id": "node/2460695205"
    },
    {
      "type": "Feature",
      "properties": {
        "@id": "node/2460695211",
        "name": "Bihiang",
        "place": "village",
        "source": "WRI_2005"
      },
      "geometry": {
        "type": "Point",
        "coordinates": [
          10.5883398,
          3.9184069
        ]
      },
      "id": "node/2460695211"
    },
    {
      "type": "Feature",
      "properties": {
        "@id": "node/2460695224",
        "name": "Bilola",
        "place": "village",
        "source": "WRI_2005"
      },
      "geometry": {
        "type": "Point",
        "coordinates": [
          9.8729872,
          3.8452648
        ]
      },
      "id": "node/2460695224"
    },
    {
      "type": "Feature",
      "properties": {
        "@id": "node/2460695228",
        "name": "Bindalé",
        "place": "village",
        "source": "WRI_2005"
      },
      "geometry": {
        "type": "Point",
        "coordinates": [
          9.765559,
          3.6614764
        ]
      },
      "id": "node/2460695228"
    },
    {
      "type": "Feature",
      "properties": {
        "@id": "node/2460695229",
        "name": "Bitoutouk",
        "place": "village",
        "source": "WRI_2005"
      },
      "geometry": {
        "type": "Point",
        "coordinates": [
          10.2099811,
          3.603837
        ]
      },
      "id": "node/2460695229"
    },
    {
      "type": "Feature",
      "properties": {
        "@id": "node/2460695234",
        "name": "Bolondo",
        "place": "village",
        "source": "WRI_2005"
      },
      "geometry": {
        "type": "Point",
        "coordinates": [
          9.5607107,
          3.8060849
        ]
      },
      "id": "node/2460695234"
    },
    {
      "type": "Feature",
      "properties": {
        "@id": "node/2460695235",
        "name": "Boloy",
        "place": "village",
        "source": "WRI_2005"
      },
      "geometry": {
        "type": "Point",
        "coordinates": [
          9.7251561,
          3.5940262
        ]
      },
      "id": "node/2460695235"
    },
    {
      "type": "Feature",
      "properties": {
        "@id": "node/2460695239",
        "name": "Bonapembe",
        "place": "village",
        "source": "WRI_2005"
      },
      "geometry": {
        "type": "Point",
        "coordinates": [
          9.7333194,
          3.5850537
        ]
      },
      "id": "node/2460695239"
    },
    {
      "type": "Feature",
      "properties": {
        "@id": "node/2460695241",
        "name": "Bonongo",
        "place": "village",
        "source": "WRI_2005"
      },
      "geometry": {
        "type": "Point",
        "coordinates": [
          9.7491385,
          3.5941257
        ]
      },
      "id": "node/2460695241"
    },
    {
      "type": "Feature",
      "properties": {
        "@id": "node/2460695243",
        "name": "Buea I",
        "place": "village",
        "source": "WRI_2005"
      },
      "geometry": {
        "type": "Point",
        "coordinates": [
          9.6613316,
          3.7502628
        ]
      },
      "id": "node/2460695243"
    },
    {
      "type": "Feature",
      "properties": {
        "@id": "node/2460695245",
        "name": "Béon",
        "place": "village",
        "source": "WRI_2005"
      },
      "geometry": {
        "type": "Point",
        "coordinates": [
          10.1241638,
          3.7587757
        ]
      },
      "id": "node/2460695245"
    },
    {
      "type": "Feature",
      "properties": {
        "@id": "node/2460695246",
        "name": "Dahomey",
        "place": "village",
        "source": "WRI_2005"
      },
      "geometry": {
        "type": "Point",
        "coordinates": [
          9.621917,
          3.8676952
        ]
      },
      "id": "node/2460695246"
    },
    {
      "type": "Feature",
      "properties": {
        "@id": "node/2460695247",
        "name": "Digombi",
        "place": "village",
        "source": "WRI_2005"
      },
      "geometry": {
        "type": "Point",
        "coordinates": [
          10.2711261,
          3.6345555
        ]
      },
      "id": "node/2460695247"
    },
    {
      "type": "Feature",
      "properties": {
        "@id": "node/2460695249",
        "name": "Dikola",
        "place": "village",
        "source": "WRI_2005"
      },
      "geometry": {
        "type": "Point",
        "coordinates": [
          9.9114864,
          3.7560564
        ]
      },
      "id": "node/2460695249"
    },
    {
      "type": "Feature",
      "properties": {
        "@id": "node/2460695250",
        "name": "Dikonob",
        "place": "village",
        "source": "WRI_2005"
      },
      "geometry": {
        "type": "Point",
        "coordinates": [
          10.5333122,
          3.9368138
        ]
      },
      "id": "node/2460695250"
    },
    {
      "type": "Feature",
      "properties": {
        "@id": "node/2460695253",
        "alt_name": "Djapoma",
        "name": "Japoma",
        "place": "village",
        "source": "WRI_2005"
      },
      "geometry": {
        "type": "Point",
        "coordinates": [
          9.8226875,
          4.032334
        ]
      },
      "id": "node/2460695253"
    },
    {
      "type": "Feature",
      "properties": {
        "@id": "node/2460695255",
        "name": "Dongo I",
        "place": "village",
        "source": "WRI_2005"
      },
      "geometry": {
        "type": "Point",
        "coordinates": [
          9.703812,
          3.9197035
        ]
      },
      "id": "node/2460695255"
    },
    {
      "type": "Feature",
      "properties": {
        "@id": "node/2460695256",
        "name": "Dongo II",
        "place": "village",
        "source": "WRI_2005"
      },
      "geometry": {
        "type": "Point",
        "coordinates": [
          9.7144515,
          3.9223209
        ]
      },
      "id": "node/2460695256"
    },
    {
      "type": "Feature",
      "properties": {
        "@id": "node/2460695257",
        "name": "Douala",
        "place": "village",
        "source": "WRI_2005"
      },
      "geometry": {
        "type": "Point",
        "coordinates": [
          9.9488171,
          3.7499447
        ]
      },
      "id": "node/2460695257"
    },
    {
      "type": "Feature",
      "properties": {
        "@id": "node/2460695259",
        "name": "Dépaga",
        "place": "village",
        "source": "WRI_2005"
      },
      "geometry": {
        "type": "Point",
        "coordinates": [
          9.8310441,
          3.6193728
        ]
      },
      "id": "node/2460695259"
    },
    {
      "type": "Feature",
      "properties": {
        "@id": "node/2460695262",
        "name": "Eboka",
        "place": "village",
        "source": "WRI_2005"
      },
      "geometry": {
        "type": "Point",
        "coordinates": [
          10.118047,
          3.7432516
        ]
      },
      "id": "node/2460695262"
    },
    {
      "type": "Feature",
      "properties": {
        "@id": "node/2460695265",
        "name": "Ekité",
        "note": "rank=0 car commune",
        "place": "town",
        "rank": "0",
        "source": "WRI_2005"
      },
      "geometry": {
        "type": "Point",
        "coordinates": [
          10.0867799,
          3.8035629
        ]
      },
      "id": "node/2460695265"
    },
    {
      "type": "Feature",
      "properties": {
        "@id": "node/2460695268",
        "name": "Elog Bele",
        "place": "village",
        "source": "WRI_2005"
      },
      "geometry": {
        "type": "Point",
        "coordinates": [
          10.1509211,
          3.7866755
        ]
      },
      "id": "node/2460695268"
    },
    {
      "type": "Feature",
      "properties": {
        "@id": "node/2460695270",
        "name": "Elokotod",
        "place": "village",
        "source": "WRI_2005"
      },
      "geometry": {
        "type": "Point",
        "coordinates": [
          9.7390466,
          3.6788293
        ]
      },
      "id": "node/2460695270"
    },
    {
      "type": "Feature",
      "properties": {
        "@id": "node/2460695271",
        "name": "Elongango",
        "place": "village",
        "source": "WRI_2005"
      },
      "geometry": {
        "type": "Point",
        "coordinates": [
          9.9133836,
          3.6275779
        ]
      },
      "id": "node/2460695271"
    },
    {
      "type": "Feature",
      "properties": {
        "@id": "node/2460695272",
        "name": "Epaka I",
        "place": "village",
        "source": "WRI_2005"
      },
      "geometry": {
        "type": "Point",
        "coordinates": [
          9.6136854,
          3.7715898
        ]
      },
      "id": "node/2460695272"
    },
    {
      "type": "Feature",
      "properties": {
        "@id": "node/2460695273",
        "name": "Epaka II",
        "place": "village",
        "source": "WRI_2005"
      },
      "geometry": {
        "type": "Point",
        "coordinates": [
          9.6117151,
          3.7762358
        ]
      },
      "id": "node/2460695273"
    },
    {
      "type": "Feature",
      "properties": {
        "@id": "node/2460695274",
        "name": "Epassi",
        "place": "village",
        "source": "WRI_2005"
      },
      "geometry": {
        "type": "Point",
        "coordinates": [
          9.6939971,
          3.8309104
        ]
      },
      "id": "node/2460695274"
    },
    {
      "type": "Feature",
      "properties": {
        "@id": "node/2460695275",
        "name": "Etouha",
        "place": "village",
        "source": "WRI_2005"
      },
      "geometry": {
        "type": "Point",
        "coordinates": [
          10.2847732,
          3.7078506
        ]
      },
      "id": "node/2460695275"
    },
    {
      "type": "Feature",
      "properties": {
        "@id": "node/2460695276",
        "name": "Ferme Suisse",
        "place": "village",
        "source": "WRI_2005"
      },
      "geometry": {
        "type": "Point",
        "coordinates": [
          10.1123904,
          3.5774996
        ]
      },
      "id": "node/2460695276"
    },
    {
      "type": "Feature",
      "properties": {
        "@id": "node/2460695278",
        "name": "Hegba Pouma",
        "place": "village",
        "source": "WRI_2005"
      },
      "geometry": {
        "type": "Point",
        "coordinates": [
          10.5173849,
          3.892107
        ]
      },
      "id": "node/2460695278"
    },
    {
      "type": "Feature",
      "properties": {
        "@id": "node/2460695281",
        "name": "Ile",
        "place": "village",
        "source": "WRI_2005"
      },
      "geometry": {
        "type": "Point",
        "coordinates": [
          10.055048,
          3.7751947
        ]
      },
      "id": "node/2460695281"
    },
    {
      "type": "Feature",
      "properties": {
        "@id": "node/2460695282",
        "name": "Katkat",
        "place": "village",
        "source": "WRI_2005"
      },
      "geometry": {
        "type": "Point",
        "coordinates": [
          9.9972811,
          3.7158265
        ]
      },
      "id": "node/2460695282"
    },
    {
      "type": "Feature",
      "properties": {
        "@id": "node/2460695286",
        "name": "Kolo",
        "place": "village",
        "source": "WRI_2005"
      },
      "geometry": {
        "type": "Point",
        "coordinates": [
          10.0397997,
          3.4672522
        ]
      },
      "id": "node/2460695286"
    },
    {
      "type": "Feature",
      "properties": {
        "@id": "node/2460695287",
        "name": "Kombe II",
        "place": "village",
        "source": "WRI_2005"
      },
      "geometry": {
        "type": "Point",
        "coordinates": [
          9.9003622,
          3.5838676
        ]
      },
      "id": "node/2460695287"
    },
    {
      "type": "Feature",
      "properties": {
        "@id": "node/2460695290",
        "name": "Kombé I",
        "place": "village",
        "source": "WRI_2005"
      },
      "geometry": {
        "type": "Point",
        "coordinates": [
          9.897806,
          3.596539
        ]
      },
      "id": "node/2460695290"
    },
    {
      "type": "Feature",
      "properties": {
        "@id": "node/2460695291",
        "name": "Kopongo",
        "place": "village",
        "source": "WRI_2005",
        "wikidata": "Q26705753",
        "wikipedia": "fr:Kopongo"
      },
      "geometry": {
        "type": "Point",
        "coordinates": [
          10.1116981,
          3.9545503
        ]
      },
      "id": "node/2460695291"
    },
    {
      "type": "Feature",
      "properties": {
        "@id": "node/2460695292",
        "name": "Koungué",
        "place": "village",
        "source": "WRI_2005"
      },
      "geometry": {
        "type": "Point",
        "coordinates": [
          9.8973466,
          3.8046312
        ]
      },
      "id": "node/2460695292"
    },
    {
      "type": "Feature",
      "properties": {
        "@id": "node/2460695293",
        "name": "Kouté",
        "place": "village",
        "source": "WRI_2005"
      },
      "geometry": {
        "type": "Point",
        "coordinates": [
          10.017175,
          3.6810602
        ]
      },
      "id": "node/2460695293"
    },
    {
      "type": "Feature",
      "properties": {
        "@id": "node/2460695297",
        "name": "Lavonga",
        "place": "village",
        "source": "WRI_2005"
      },
      "geometry": {
        "type": "Point",
        "coordinates": [
          9.8499857,
          3.6083739
        ]
      },
      "id": "node/2460695297"
    },
    {
      "type": "Feature",
      "properties": {
        "@id": "node/2460695309",
        "name": "Lobétal",
        "place": "village",
        "source": "WRI_2005"
      },
      "geometry": {
        "type": "Point",
        "coordinates": [
          9.7724899,
          3.6376894
        ]
      },
      "id": "node/2460695309"
    },
    {
      "type": "Feature",
      "properties": {
        "@id": "node/2460695312",
        "name": "Log Bakoo",
        "place": "village",
        "source": "WRI_2005"
      },
      "geometry": {
        "type": "Point",
        "coordinates": [
          10.5869444,
          3.8612138
        ]
      },
      "id": "node/2460695312"
    },
    {
      "type": "Feature",
      "properties": {
        "@id": "node/2460695313",
        "name": "Log Bakoo",
        "place": "village",
        "source": "WRI_2005"
      },
      "geometry": {
        "type": "Point",
        "coordinates": [
          10.6065254,
          3.96715
        ]
      },
      "id": "node/2460695313"
    },
    {
      "type": "Feature",
      "properties": {
        "@id": "node/2460695314",
        "name": "Log Dikit",
        "place": "village",
        "source": "WRI_2005"
      },
      "geometry": {
        "type": "Point",
        "coordinates": [
          10.5917308,
          3.9439139
        ]
      },
      "id": "node/2460695314"
    },
    {
      "type": "Feature",
      "properties": {
        "@id": "node/2460695315",
        "name": "Log Mbong",
        "place": "village",
        "source": "WRI_2005"
      },
      "geometry": {
        "type": "Point",
        "coordinates": [
          10.5505592,
          3.9592869
        ]
      },
      "id": "node/2460695315"
    },
    {
      "type": "Feature",
      "properties": {
        "@id": "node/2460695317",
        "name": "Logbayang",
        "place": "village",
        "source": "WRI_2005"
      },
      "geometry": {
        "type": "Point",
        "coordinates": [
          9.7438876,
          3.7089025
        ]
      },
      "id": "node/2460695317"
    },
    {
      "type": "Feature",
      "properties": {
        "@id": "node/2460695318",
        "name": "Logbi",
        "place": "village",
        "source": "WRI_2005"
      },
      "geometry": {
        "type": "Point",
        "coordinates": [
          10.3731143,
          3.8111526
        ]
      },
      "id": "node/2460695318"
    },
    {
      "type": "Feature",
      "properties": {
        "@id": "node/2460695319",
        "name": "Logot",
        "place": "village",
        "source": "WRI_2005"
      },
      "geometry": {
        "type": "Point",
        "coordinates": [
          9.8861631,
          3.8250663
        ]
      },
      "id": "node/2460695319"
    },
    {
      "type": "Feature",
      "properties": {
        "@id": "node/2460695325",
        "name": "Makak Ndokoma",
        "place": "village",
        "source": "WRI_2005"
      },
      "geometry": {
        "type": "Point",
        "coordinates": [
          10.6114138,
          3.8694221
        ]
      },
      "id": "node/2460695325"
    },
    {
      "type": "Feature",
      "properties": {
        "@id": "node/2460695326",
        "name": "Makay",
        "place": "village",
        "source": "WRI_2005"
      },
      "geometry": {
        "type": "Point",
        "coordinates": [
          10.2442419,
          3.7344206
        ]
      },
      "id": "node/2460695326"
    },
    {
      "type": "Feature",
      "properties": {
        "@id": "node/2460695328",
        "name": "Makek",
        "place": "village",
        "source": "WRI_2005"
      },
      "geometry": {
        "type": "Point",
        "coordinates": [
          10.2763498,
          3.699244
        ]
      },
      "id": "node/2460695328"
    },
    {
      "type": "Feature",
      "properties": {
        "@id": "node/2460695329",
        "name": "Makob",
        "place": "village",
        "source": "WRI_2005"
      },
      "geometry": {
        "type": "Point",
        "coordinates": [
          10.5873053,
          3.966426
        ]
      },
      "id": "node/2460695329"
    },
    {
      "type": "Feature",
      "properties": {
        "@id": "node/2460695332",
        "name": "Makondo",
        "note": "rank=0 car commune",
        "place": "town",
        "rank": "0",
        "source": "WRI_2005"
      },
      "geometry": {
        "type": "Point",
        "coordinates": [
          10.2636498,
          3.7597634
        ]
      },
      "id": "node/2460695332"
    },
    {
      "type": "Feature",
      "properties": {
        "@id": "node/2460695333",
        "name": "Malimba I",
        "place": "village",
        "source": "WRI_2005"
      },
      "geometry": {
        "type": "Point",
        "coordinates": [
          10.1025587,
          3.8973026
        ]
      },
      "id": "node/2460695333"
    },
    {
      "type": "Feature",
      "properties": {
        "@id": "node/2460695334",
        "name": "Malimba II",
        "place": "village",
        "source": "WRI_2005"
      },
      "geometry": {
        "type": "Point",
        "coordinates": [
          10.107245,
          3.8492028
        ]
      },
      "id": "node/2460695334"
    },
    {
      "type": "Feature",
      "properties": {
        "@id": "node/2460695335",
        "name": "Malimba",
        "place": "village",
        "source": "WRI_2005"
      },
      "geometry": {
        "type": "Point",
        "coordinates": [
          9.6536929,
          3.5418702
        ]
      },
      "id": "node/2460695335"
    },
    {
      "type": "Feature",
      "properties": {
        "@id": "node/2460695338",
        "name": "Mamiwater",
        "place": "village",
        "source": "WRI_2005"
      },
      "geometry": {
        "type": "Point",
        "coordinates": [
          9.7236724,
          3.7719452
        ]
      },
      "id": "node/2460695338"
    },
    {
      "type": "Feature",
      "properties": {
        "@id": "node/2460695340",
        "name": "Mandjap",
        "place": "village",
        "source": "WRI_2005"
      },
      "geometry": {
        "type": "Point",
        "coordinates": [
          10.32382,
          3.7208755
        ]
      },
      "id": "node/2460695340"
    },
    {
      "type": "Feature",
      "properties": {
        "@id": "node/2460695341",
        "name": "Mandjap",
        "place": "village",
        "source": "WRI_2005"
      },
      "geometry": {
        "type": "Point",
        "coordinates": [
          10.5986872,
          3.9057573
        ]
      },
      "id": "node/2460695341"
    },
    {
      "type": "Feature",
      "properties": {
        "@id": "node/2460695346",
        "alt_name": "Douala I; Douala 1",
        "name": "Manoka",
        "note": "rank=0 car arondissement/commune de Douala",
        "place": "town",
        "rank": "0",
        "source": "WRI_2005",
        "wikidata": "Q6751200"
      },
      "geometry": {
        "type": "Point",
        "coordinates": [
          9.6235775,
          3.8612467
        ]
      },
      "id": "node/2460695346"
    },
    {
      "type": "Feature",
      "properties": {
        "@id": "node/2460695349",
        "name": "Mapa",
        "place": "village",
        "source": "WRI_2005"
      },
      "geometry": {
        "type": "Point",
        "coordinates": [
          9.7143317,
          3.7994182
        ]
      },
      "id": "node/2460695349"
    },
    {
      "type": "Feature",
      "properties": {
        "@id": "node/2460695351",
        "name": "Mapubi",
        "place": "village",
        "source": "WRI_2005"
      },
      "geometry": {
        "type": "Point",
        "coordinates": [
          10.4093842,
          3.8324989
        ]
      },
      "id": "node/2460695351"
    },
    {
      "type": "Feature",
      "properties": {
        "@id": "node/2460695352",
        "alt_name": "Elog Ngango",
        "name": "Marienberg",
        "old_name": "Sobikat",
        "place": "village"
      },
      "geometry": {
        "type": "Point",
        "coordinates": [
          9.8810138,
          3.6131653
        ]
      },
      "id": "node/2460695352"
    },
    {
      "type": "Feature",
      "properties": {
        "@id": "node/2460695356",
        "place": "village",
        "source": "WRI_2005"
      },
      "geometry": {
        "type": "Point",
        "coordinates": [
          9.9575242,
          3.7248169
        ]
      },
      "id": "node/2460695356"
    },
    {
      "type": "Feature",
      "properties": {
        "@id": "node/2460695357",
        "name": "Mbambelé",
        "place": "village",
        "source": "WRI_2005"
      },
      "geometry": {
        "type": "Point",
        "coordinates": [
          10.2906923,
          3.746545
        ]
      },
      "id": "node/2460695357"
    },
    {
      "type": "Feature",
      "properties": {
        "@id": "node/2460695358",
        "name": "Mbambou",
        "place": "village",
        "source": "WRI_2005"
      },
      "geometry": {
        "type": "Point",
        "coordinates": [
          9.8787905,
          3.7509606
        ]
      },
      "id": "node/2460695358"
    },
    {
      "type": "Feature",
      "properties": {
        "@id": "node/2460695359",
        "name": "Mbanda",
        "place": "village",
        "source": "WRI_2005"
      },
      "geometry": {
        "type": "Point",
        "coordinates": [
          9.9026793,
          3.8269769
        ]
      },
      "id": "node/2460695359"
    },
    {
      "type": "Feature",
      "properties": {
        "@id": "node/2460695362",
        "name": "Mbandjock",
        "place": "village",
        "source": "WRI_2005"
      },
      "geometry": {
        "type": "Point",
        "coordinates": [
          10.3038512,
          3.6003008
        ]
      },
      "id": "node/2460695362"
    },
    {
      "type": "Feature",
      "properties": {
        "@id": "node/2460695364",
        "name": "Mbanga Bekéguédé",
        "place": "village",
        "source": "WRI_2005"
      },
      "geometry": {
        "type": "Point",
        "coordinates": [
          9.8407731,
          3.6308143
        ]
      },
      "id": "node/2460695364"
    },
    {
      "type": "Feature",
      "properties": {
        "@id": "node/2460695365",
        "name": "Mbanga Sanaga",
        "place": "village",
        "source": "WRI_2005"
      },
      "geometry": {
        "type": "Point",
        "coordinates": [
          9.8464872,
          3.6255593
        ]
      },
      "id": "node/2460695365"
    },
    {
      "type": "Feature",
      "properties": {
        "@id": "node/2460695369",
        "name": "Mbenadikoumé",
        "place": "village",
        "source": "WRI_2005"
      },
      "geometry": {
        "type": "Point",
        "coordinates": [
          9.6542647,
          3.7486785
        ]
      },
      "id": "node/2460695369"
    },
    {
      "type": "Feature",
      "properties": {
        "@id": "node/2460695372",
        "name": "Mbiako",
        "place": "village",
        "source": "WRI_2005"
      },
      "geometry": {
        "type": "Point",
        "coordinates": [
          9.6446798,
          3.5911905
        ]
      },
      "id": "node/2460695372"
    },
    {
      "type": "Feature",
      "properties": {
        "@id": "node/2460695375",
        "name": "Mbongo",
        "place": "village",
        "source": "WRI_2005"
      },
      "geometry": {
        "type": "Point",
        "coordinates": [
          9.8654385,
          3.8661608
        ]
      },
      "id": "node/2460695375"
    },
    {
      "type": "Feature",
      "properties": {
        "@id": "node/2460695392",
        "name": "Missipi",
        "place": "village",
        "source": "WRI_2005"
      },
      "geometry": {
        "type": "Point",
        "coordinates": [
          9.7421427,
          3.9457526
        ]
      },
      "id": "node/2460695392"
    },
    {
      "type": "Feature",
      "properties": {
        "@id": "node/2460695404",
        "name": "Moukouké II",
        "place": "village",
        "source": "WRI_2005"
      },
      "geometry": {
        "type": "Point",
        "coordinates": [
          9.5929503,
          3.7541068
        ]
      },
      "id": "node/2460695404"
    },
    {
      "type": "Feature",
      "properties": {
        "@id": "node/2460695405",
        "name": "Moukouké I",
        "place": "village",
        "source": "WRI_2005"
      },
      "geometry": {
        "type": "Point",
        "coordinates": [
          9.5910648,
          3.7571817
        ]
      },
      "id": "node/2460695405"
    },
    {
      "type": "Feature",
      "properties": {
        "@id": "node/2460695406",
        "name": "Moulimba Djédou",
        "place": "village",
        "source": "WRI_2005"
      },
      "geometry": {
        "type": "Point",
        "coordinates": [
          9.7377361,
          3.5870639
        ]
      },
      "id": "node/2460695406"
    },
    {
      "type": "Feature",
      "properties": {
        "@id": "node/2460695407",
        "name": "Moulongo Djédou",
        "place": "village",
        "source": "WRI_2005"
      },
      "geometry": {
        "type": "Point",
        "coordinates": [
          9.7272872,
          3.5989692
        ]
      },
      "id": "node/2460695407"
    },
    {
      "type": "Feature",
      "properties": {
        "@id": "node/2460695408",
        "name": "Moulongo Mbengué",
        "place": "village",
        "source": "WRI_2005"
      },
      "geometry": {
        "type": "Point",
        "coordinates": [
          9.7007181,
          3.5920217
        ]
      },
      "id": "node/2460695408"
    },
    {
      "type": "Feature",
      "properties": {
        "@id": "node/2460695409",
        "name": "Mpolbé",
        "place": "village",
        "source": "WRI_2005"
      },
      "geometry": {
        "type": "Point",
        "coordinates": [
          10.0096299,
          3.5743383
        ]
      },
      "id": "node/2460695409"
    },
    {
      "type": "Feature",
      "properties": {
        "@id": "node/2460695410",
        "name": "Mpolbé",
        "place": "village",
        "source": "WRI_2005"
      },
      "geometry": {
        "type": "Point",
        "coordinates": [
          10.0055149,
          3.5930256
        ]
      },
      "id": "node/2460695410"
    },
    {
      "type": "Feature",
      "properties": {
        "@id": "node/2460695411",
        "name": "Mponbo",
        "place": "village",
        "source": "WRI_2005"
      },
      "geometry": {
        "type": "Point",
        "coordinates": [
          10.0312471,
          3.5019085
        ]
      },
      "id": "node/2460695411"
    },
    {
      "type": "Feature",
      "properties": {
        "@id": "node/2460695413",
        "name": "Métounga",
        "place": "village",
        "source": "WRI_2005"
      },
      "geometry": {
        "type": "Point",
        "coordinates": [
          10.1856956,
          3.8066694
        ]
      },
      "id": "node/2460695413"
    },
    {
      "type": "Feature",
      "properties": {
        "@id": "node/2460695414",
        "name": "Mévia",
        "place": "village",
        "source": "WRI_2005"
      },
      "geometry": {
        "type": "Point",
        "coordinates": [
          10.0633105,
          3.8303851
        ]
      },
      "id": "node/2460695414"
    },
    {
      "type": "Feature",
      "properties": {
        "@id": "node/2460695415",
        "name": "Ndié",
        "place": "village",
        "source": "WRI_2005"
      },
      "geometry": {
        "type": "Point",
        "coordinates": [
          9.7981935,
          3.6551545
        ]
      },
      "id": "node/2460695415"
    },
    {
      "type": "Feature",
      "properties": {
        "@id": "node/2460695419",
        "name": "Ndjokloumbe",
        "place": "village",
        "source": "WRI_2005"
      },
      "geometry": {
        "type": "Point",
        "coordinates": [
          10.2774999,
          3.6057325
        ]
      },
      "id": "node/2460695419"
    },
    {
      "type": "Feature",
      "properties": {
        "@id": "node/2460695420",
        "name": "Ndjélsa",
        "place": "village",
        "source": "WRI_2005"
      },
      "geometry": {
        "type": "Point",
        "coordinates": [
          9.9301986,
          3.8122842
        ]
      },
      "id": "node/2460695420"
    },
    {
      "type": "Feature",
      "properties": {
        "@id": "node/2460695421",
        "name": "Ndog Makoumek",
        "place": "village",
        "source": "WRI_2005"
      },
      "geometry": {
        "type": "Point",
        "coordinates": [
          10.1909464,
          3.8630504
        ]
      },
      "id": "node/2460695421"
    },
    {
      "type": "Feature",
      "properties": {
        "@id": "node/2460695424",
        "name": "Ndogbinan Lom",
        "place": "village",
        "source": "WRI_2005"
      },
      "geometry": {
        "type": "Point",
        "coordinates": [
          10.0955559,
          3.7688424
        ]
      },
      "id": "node/2460695424"
    },
    {
      "type": "Feature",
      "properties": {
        "@id": "node/2460695425",
        "name": "Ndogbom",
        "place": "village",
        "source": "WRI_2005"
      },
      "geometry": {
        "type": "Point",
        "coordinates": [
          9.8918896,
          3.7693323
        ]
      },
      "id": "node/2460695425"
    },
    {
      "type": "Feature",
      "properties": {
        "@id": "node/2460695426",
        "name": "Ndoghégdjong",
        "place": "village",
        "source": "WRI_2005"
      },
      "geometry": {
        "type": "Point",
        "coordinates": [
          9.8753305,
          3.7688823
        ]
      },
      "id": "node/2460695426"
    },
    {
      "type": "Feature",
      "properties": {
        "@id": "node/2460695427",
        "name": "Ndogtima-Crique",
        "place": "village",
        "source": "WRI_2005"
      },
      "geometry": {
        "type": "Point",
        "coordinates": [
          9.9969479,
          3.3979064
        ]
      },
      "id": "node/2460695427"
    },
    {
      "type": "Feature",
      "properties": {
        "@id": "node/2460695428",
        "name": "Ndogtima-Nyong",
        "place": "village",
        "source": "WRI_2005"
      },
      "geometry": {
        "type": "Point",
        "coordinates": [
          10.0150538,
          3.3271979
        ]
      },
      "id": "node/2460695428"
    },
    {
      "type": "Feature",
      "properties": {
        "@id": "node/2460695430",
        "name": "Ndonga",
        "place": "village",
        "source": "WRI_2005"
      },
      "geometry": {
        "type": "Point",
        "coordinates": [
          9.8933575,
          3.8420533
        ]
      },
      "id": "node/2460695430"
    },
    {
      "type": "Feature",
      "properties": {
        "@id": "node/2460695435",
        "name": "Ngodi",
        "place": "village",
        "source": "WRI_2005"
      },
      "geometry": {
        "type": "Point",
        "coordinates": [
          9.7888708,
          3.9852675
        ]
      },
      "id": "node/2460695435"
    },
    {
      "type": "Feature",
      "properties": {
        "@id": "node/2460695437",
        "name": "Ngog Wouté",
        "place": "village",
        "source": "WRI_2005"
      },
      "geometry": {
        "type": "Point",
        "coordinates": [
          9.9439837,
          3.5652594
        ]
      },
      "id": "node/2460695437"
    },
    {
      "type": "Feature",
      "properties": {
        "@id": "node/2460695439",
        "name": "Ngombi",
        "place": "village",
        "source": "WRI_2005"
      },
      "geometry": {
        "type": "Point",
        "coordinates": [
          9.9964588,
          3.6211672
        ]
      },
      "id": "node/2460695439"
    },
    {
      "type": "Feature",
      "properties": {
        "@id": "node/2460695447",
        "name": "Ngwei I",
        "place": "village",
        "source": "WRI_2005"
      },
      "geometry": {
        "type": "Point",
        "coordinates": [
          10.4467331,
          3.8358751
        ]
      },
      "id": "node/2460695447"
    },
    {
      "type": "Feature",
      "properties": {
        "@id": "node/2460695448",
        "name": "Ngwei II",
        "place": "village",
        "source": "WRI_2005"
      },
      "geometry": {
        "type": "Point",
        "coordinates": [
          10.4645506,
          3.8436531
        ]
      },
      "id": "node/2460695448"
    },
    {
      "type": "Feature",
      "properties": {
        "@id": "node/2460695452",
        "name": "Nkaganzog",
        "place": "village",
        "source": "WRI_2005"
      },
      "geometry": {
        "type": "Point",
        "coordinates": [
          9.7739056,
          3.6407284
        ]
      },
      "id": "node/2460695452"
    },
    {
      "type": "Feature",
      "properties": {
        "@id": "node/2460695453",
        "name": "Nkak Anzok",
        "place": "village",
        "source": "WRI_2005"
      },
      "geometry": {
        "type": "Point",
        "coordinates": [
          10.1747925,
          3.7634853
        ]
      },
      "id": "node/2460695453"
    },
    {
      "type": "Feature",
      "properties": {
        "@id": "node/2460695454",
        "name": "Nkom",
        "place": "village",
        "source": "WRI_2005"
      },
      "geometry": {
        "type": "Point",
        "coordinates": [
          10.1941399,
          3.9830094
        ]
      },
      "id": "node/2460695454"
    },
    {
      "type": "Feature",
      "properties": {
        "@id": "node/2460695455",
        "name": "Nkondjok",
        "place": "village",
        "source": "WRI_2005"
      },
      "geometry": {
        "type": "Point",
        "coordinates": [
          10.5613329,
          3.8541072
        ]
      },
      "id": "node/2460695455"
    },
    {
      "type": "Feature",
      "properties": {
        "@id": "node/2460695456",
        "name": "Nkondjok",
        "place": "village",
        "source": "WRI_2005"
      },
      "geometry": {
        "type": "Point",
        "coordinates": [
          9.8700101,
          3.8876653
        ]
      },
      "id": "node/2460695456"
    },
    {
      "type": "Feature",
      "properties": {
        "@id": "node/2460695457",
        "name": "Nkonga",
        "place": "village",
        "source": "WRI_2005"
      },
      "geometry": {
        "type": "Point",
        "coordinates": [
          10.5720433,
          3.9051538
        ]
      },
      "id": "node/2460695457"
    },
    {
      "type": "Feature",
      "properties": {
        "@id": "node/2460695462",
        "name": "Nsépé",
        "place": "village",
        "source": "WRI_2005"
      },
      "geometry": {
        "type": "Point",
        "coordinates": [
          9.9443406,
          3.6316277
        ]
      },
      "id": "node/2460695462"
    },
    {
      "type": "Feature",
      "properties": {
        "@id": "node/2460695463",
        "name": "Nsépé",
        "place": "village",
        "source": "WRI_2005"
      },
      "geometry": {
        "type": "Point",
        "coordinates": [
          9.9829106,
          3.6490708
        ]
      },
      "id": "node/2460695463"
    },
    {
      "type": "Feature",
      "properties": {
        "@id": "node/2460695465",
        "name": "Ntouma",
        "name:en": "Ntoumba",
        "name:fr": "Ntoumba",
        "place": "village",
        "source": "WRI_2005"
      },
      "geometry": {
        "type": "Point",
        "coordinates": [
          10.1762027,
          3.7766674
        ]
      },
      "id": "node/2460695465"
    },
    {
      "type": "Feature",
      "properties": {
        "@id": "node/2460695466",
        "name": "Number One Creek",
        "place": "village",
        "source": "WRI_2005"
      },
      "geometry": {
        "type": "Point",
        "coordinates": [
          9.6466578,
          3.8504517
        ]
      },
      "id": "node/2460695466"
    },
    {
      "type": "Feature",
      "properties": {
        "@id": "node/2460695467",
        "name": "Number Two Creek",
        "place": "village",
        "source": "WRI_2005"
      },
      "geometry": {
        "type": "Point",
        "coordinates": [
          9.6565471,
          3.8342709
        ]
      },
      "id": "node/2460695467"
    },
    {
      "type": "Feature",
      "properties": {
        "@id": "node/2460695468",
        "name": "Nyangadou",
        "place": "village",
        "source": "WRI_2005"
      },
      "geometry": {
        "type": "Point",
        "coordinates": [
          9.6370212,
          3.8590843
        ]
      },
      "id": "node/2460695468"
    },
    {
      "type": "Feature",
      "properties": {
        "@id": "node/2460695473",
        "name": "Okogong",
        "place": "village",
        "source": "WRI_2005"
      },
      "geometry": {
        "type": "Point",
        "coordinates": [
          9.8713798,
          3.6138916
        ]
      },
      "id": "node/2460695473"
    },
    {
      "type": "Feature",
      "properties": {
        "@id": "node/2460695475",
        "name": "Okola",
        "place": "village",
        "source": "WRI_2005"
      },
      "geometry": {
        "type": "Point",
        "coordinates": [
          9.8202016,
          3.6426519
        ]
      },
      "id": "node/2460695475"
    },
    {
      "type": "Feature",
      "properties": {
        "@id": "node/2460695477",
        "name": "Olombé",
        "place": "village",
        "source": "WRI_2005"
      },
      "geometry": {
        "type": "Point",
        "coordinates": [
          9.9856167,
          3.637338
        ]
      },
      "id": "node/2460695477"
    },
    {
      "type": "Feature",
      "properties": {
        "@id": "node/2460695491",
        "name": "Piti Dibamba",
        "place": "village",
        "source": "WRI_2005"
      },
      "geometry": {
        "type": "Point",
        "coordinates": [
          9.8257251,
          3.9280507
        ]
      },
      "id": "node/2460695491"
    },
    {
      "type": "Feature",
      "properties": {
        "@id": "node/2460695494",
        "name": "Pongo Songo",
        "place": "village",
        "source": "WRI_2005"
      },
      "geometry": {
        "type": "Point",
        "coordinates": [
          9.9062322,
          3.6099464
        ]
      },
      "id": "node/2460695494"
    },
    {
      "type": "Feature",
      "properties": {
        "@id": "node/2460695501",
        "name": "Pout Njouma",
        "place": "village",
        "source": "WRI_2005",
        "wikidata": "Q26706056"
      },
      "geometry": {
        "type": "Point",
        "coordinates": [
          10.1704812,
          3.9564635
        ]
      },
      "id": "node/2460695501"
    },
    {
      "type": "Feature",
      "properties": {
        "@id": "node/2460695503",
        "name": "Pout-Toupou-Ngogom",
        "place": "village",
        "source": "WRI_2005"
      },
      "geometry": {
        "type": "Point",
        "coordinates": [
          10.0938792,
          4.0092136
        ]
      },
      "id": "node/2460695503"
    },
    {
      "type": "Feature",
      "properties": {
        "@id": "node/2460695505",
        "name": "Sakmbanda",
        "place": "village",
        "source": "WRI_2005"
      },
      "geometry": {
        "type": "Point",
        "coordinates": [
          9.8954479,
          3.8329023
        ]
      },
      "id": "node/2460695505"
    },
    {
      "type": "Feature",
      "properties": {
        "@id": "node/2460695509",
        "name": "Sindongui I",
        "place": "village",
        "source": "WRI_2005"
      },
      "geometry": {
        "type": "Point",
        "coordinates": [
          10.6291789,
          3.9823858
        ]
      },
      "id": "node/2460695509"
    },
    {
      "type": "Feature",
      "properties": {
        "@id": "node/2460695511",
        "name": "Sindongui II",
        "place": "village",
        "source": "WRI_2005"
      },
      "geometry": {
        "type": "Point",
        "coordinates": [
          10.5773128,
          3.9909013
        ]
      },
      "id": "node/2460695511"
    },
    {
      "type": "Feature",
      "properties": {
        "@id": "node/2460695520",
        "name": "Soloba",
        "place": "village",
        "source": "WRI_2005"
      },
      "geometry": {
        "type": "Point",
        "coordinates": [
          10.2190065,
          3.6253488
        ]
      },
      "id": "node/2460695520"
    },
    {
      "type": "Feature",
      "properties": {
        "@id": "node/2460695523",
        "name": "Somakak",
        "place": "village",
        "source": "WRI_2005"
      },
      "geometry": {
        "type": "Point",
        "coordinates": [
          10.1602726,
          3.9701475
        ]
      },
      "id": "node/2460695523"
    },
    {
      "type": "Feature",
      "properties": {
        "@id": "node/2460695525",
        "name": "Somsé",
        "place": "village",
        "source": "WRI_2005"
      },
      "geometry": {
        "type": "Point",
        "coordinates": [
          9.9207356,
          3.8051846
        ]
      },
      "id": "node/2460695525"
    },
    {
      "type": "Feature",
      "properties": {
        "@id": "node/2460695544",
        "name": "Song Mbengué",
        "place": "village",
        "source": "WRI_2005"
      },
      "geometry": {
        "type": "Point",
        "coordinates": [
          9.94354,
          3.7896965
        ]
      },
      "id": "node/2460695544"
    },
    {
      "type": "Feature",
      "properties": {
        "@id": "node/2460695546",
        "name": "Song Mbog",
        "place": "village",
        "source": "WRI_2005"
      },
      "geometry": {
        "type": "Point",
        "coordinates": [
          10.2898847,
          3.8164981
        ]
      },
      "id": "node/2460695546"
    },
    {
      "type": "Feature",
      "properties": {
        "@id": "node/2460695553",
        "name": "Song Ndong",
        "place": "village",
        "source": "WRI_2005"
      },
      "geometry": {
        "type": "Point",
        "coordinates": [
          10.2556621,
          3.8216416
        ]
      },
      "id": "node/2460695553"
    },
    {
      "type": "Feature",
      "properties": {
        "@id": "node/2460695560",
        "name": "Song Simout",
        "place": "village",
        "source": "WRI_2005"
      },
      "geometry": {
        "type": "Point",
        "coordinates": [
          10.5491777,
          3.9469853
        ]
      },
      "id": "node/2460695560"
    },
    {
      "type": "Feature",
      "properties": {
        "@id": "node/2460695567",
        "name": "Songueland",
        "place": "village",
        "source": "WRI_2005"
      },
      "geometry": {
        "type": "Point",
        "coordinates": [
          10.072454,
          3.7858831
        ]
      },
      "id": "node/2460695567"
    },
    {
      "type": "Feature",
      "properties": {
        "@id": "node/2460695570",
        "name": "Soné",
        "place": "village",
        "source": "WRI_2005"
      },
      "geometry": {
        "type": "Point",
        "coordinates": [
          9.9968578,
          3.6845436
        ]
      },
      "id": "node/2460695570"
    },
    {
      "type": "Feature",
      "properties": {
        "@id": "node/2460695574",
        "name": "Souélaba",
        "place": "village",
        "source": "WRI_2005"
      },
      "geometry": {
        "type": "Point",
        "coordinates": [
          9.5581721,
          3.8108601
        ]
      },
      "id": "node/2460695574"
    },
    {
      "type": "Feature",
      "properties": {
        "@id": "node/2460695586",
        "name": "Tinosso",
        "place": "village",
        "source": "WRI_2005"
      },
      "geometry": {
        "type": "Point",
        "coordinates": [
          9.97601,
          3.630826
        ]
      },
      "id": "node/2460695586"
    },
    {
      "type": "Feature",
      "properties": {
        "@id": "node/2460695588",
        "name": "Village 3",
        "place": "village",
        "source": "WRI_2005"
      },
      "geometry": {
        "type": "Point",
        "coordinates": [
          9.8682335,
          3.8598977
        ]
      },
      "id": "node/2460695588"
    },
    {
      "type": "Feature",
      "properties": {
        "@id": "node/2460695590",
        "name": "Village 4",
        "place": "village",
        "source": "WRI_2005"
      },
      "geometry": {
        "type": "Point",
        "coordinates": [
          9.8773817,
          3.7812286
        ]
      },
      "id": "node/2460695590"
    },
    {
      "type": "Feature",
      "properties": {
        "@id": "node/2460695592",
        "name": "Village 5",
        "place": "village",
        "source": "WRI_2005"
      },
      "geometry": {
        "type": "Point",
        "coordinates": [
          9.8542207,
          3.8563168
        ]
      },
      "id": "node/2460695592"
    },
    {
      "type": "Feature",
      "properties": {
        "@id": "node/2460695594",
        "name": "Village I",
        "place": "village",
        "source": "WRI_2005"
      },
      "geometry": {
        "type": "Point",
        "coordinates": [
          9.852281,
          3.8893894
        ]
      },
      "id": "node/2460695594"
    },
    {
      "type": "Feature",
      "properties": {
        "@id": "node/2460695597",
        "name": "Yadibo",
        "place": "village",
        "source": "WRI_2005"
      },
      "geometry": {
        "type": "Point",
        "coordinates": [
          9.7910745,
          3.6568543
        ]
      },
      "id": "node/2460695597"
    },
    {
      "type": "Feature",
      "properties": {
        "@id": "node/2460695601",
        "name": "Yambong",
        "place": "village",
        "source": "WRI_2005"
      },
      "geometry": {
        "type": "Point",
        "coordinates": [
          10.011661,
          3.552156
        ]
      },
      "id": "node/2460695601"
    },
    {
      "type": "Feature",
      "properties": {
        "@id": "node/2460695604",
        "name": "Yankonzok",
        "place": "village",
        "source": "WRI_2005"
      },
      "geometry": {
        "type": "Point",
        "coordinates": [
          9.8622698,
          3.6004414
        ]
      },
      "id": "node/2460695604"
    },
    {
      "type": "Feature",
      "properties": {
        "@id": "node/2460695606",
        "name": "Yansoki",
        "place": "village",
        "source": "WRI_2005"
      },
      "geometry": {
        "type": "Point",
        "coordinates": [
          9.7940657,
          3.9681898
        ]
      },
      "id": "node/2460695606"
    },
    {
      "type": "Feature",
      "properties": {
        "@id": "node/2460695608",
        "name": "Yassa Bakoko",
        "place": "village",
        "source": "WRI_2005"
      },
      "geometry": {
        "type": "Point",
        "coordinates": [
          9.8056403,
          3.9905297
        ]
      },
      "id": "node/2460695608"
    },
    {
      "type": "Feature",
      "properties": {
        "@id": "node/2460695612",
        "name": "Yatou",
        "place": "village",
        "source": "WRI_2005"
      },
      "geometry": {
        "type": "Point",
        "coordinates": [
          9.8169822,
          3.6286664
        ]
      },
      "id": "node/2460695612"
    },
    {
      "type": "Feature",
      "properties": {
        "@id": "node/2460695617",
        "name": "Yavi",
        "place": "village",
        "source": "WRI_2005"
      },
      "geometry": {
        "type": "Point",
        "coordinates": [
          9.7951759,
          3.6275444
        ]
      },
      "id": "node/2460695617"
    },
    {
      "type": "Feature",
      "properties": {
        "@id": "node/2460695619",
        "name": "Yawanda",
        "place": "village",
        "source": "WRI_2005"
      },
      "geometry": {
        "type": "Point",
        "coordinates": [
          10.070637,
          3.4219568
        ]
      },
      "id": "node/2460695619"
    },
    {
      "type": "Feature",
      "properties": {
        "@id": "node/2460695620",
        "name": "Yimbio",
        "place": "village",
        "source": "WRI_2005"
      },
      "geometry": {
        "type": "Point",
        "coordinates": [
          9.6016089,
          3.7357688
        ]
      },
      "id": "node/2460695620"
    },
    {
      "type": "Feature",
      "properties": {
        "@id": "node/2460695622",
        "name": "Youmé I",
        "place": "village",
        "source": "WRI_2005"
      },
      "geometry": {
        "type": "Point",
        "coordinates": [
          9.586567,
          3.779648
        ]
      },
      "id": "node/2460695622"
    },
    {
      "type": "Feature",
      "properties": {
        "@id": "node/2460695624",
        "name": "Youmé II",
        "place": "village",
        "source": "WRI_2005"
      },
      "geometry": {
        "type": "Point",
        "coordinates": [
          9.5754368,
          3.777263
        ]
      },
      "id": "node/2460695624"
    },
    {
      "type": "Feature",
      "properties": {
        "@id": "node/2460695626",
        "name": "Yoyo I",
        "place": "village",
        "source": "WRI_2005"
      },
      "geometry": {
        "type": "Point",
        "coordinates": [
          9.647615,
          3.6488846
        ]
      },
      "id": "node/2460695626"
    },
    {
      "type": "Feature",
      "properties": {
        "@id": "node/2460695628",
        "name": "Yoyo II",
        "place": "village",
        "source": "WRI_2005"
      },
      "geometry": {
        "type": "Point",
        "coordinates": [
          9.6418347,
          3.6663509
        ]
      },
      "id": "node/2460695628"
    },
    {
      "type": "Feature",
      "properties": {
        "@id": "node/2460695631",
        "name": "Ébombé",
        "place": "village",
        "source": "WRI_2005"
      },
      "geometry": {
        "type": "Point",
        "coordinates": [
          10.3237392,
          3.8102209
        ]
      },
      "id": "node/2460695631"
    },
    {
      "type": "Feature",
      "properties": {
        "@id": "node/2460695633",
        "name": "Ékot",
        "place": "village",
        "source": "WRI_2005"
      },
      "geometry": {
        "type": "Point",
        "coordinates": [
          10.0402829,
          3.5284317
        ]
      },
      "id": "node/2460695633"
    },
    {
      "type": "Feature",
      "properties": {
        "@id": "node/2460695638",
        "name": "Élogkam",
        "place": "village",
        "source": "WRI_2005"
      },
      "geometry": {
        "type": "Point",
        "coordinates": [
          10.025404,
          3.5365865
        ]
      },
      "id": "node/2460695638"
    },
    {
      "type": "Feature",
      "properties": {
        "@id": "node/2460974298",
        "name": "Autochtone",
        "place": "village",
        "source": "WRI_2005"
      },
      "geometry": {
        "type": "Point",
        "coordinates": [
          10.5653042,
          4.0726778
        ]
      },
      "id": "node/2460974298"
    },
    {
      "type": "Feature",
      "properties": {
        "@id": "node/2460974304",
        "name": "Bakombé I",
        "place": "village",
        "source": "WRI_2005"
      },
      "geometry": {
        "type": "Point",
        "coordinates": [
          10.6338244,
          4.1972134
        ]
      },
      "id": "node/2460974304"
    },
    {
      "type": "Feature",
      "properties": {
        "@id": "node/2460974306",
        "name": "Bakombé II",
        "place": "village",
        "source": "WRI_2005"
      },
      "geometry": {
        "type": "Point",
        "coordinates": [
          10.5613615,
          4.1156103
        ]
      },
      "id": "node/2460974306"
    },
    {
      "type": "Feature",
      "properties": {
        "@id": "node/2460974310",
        "name": "Bissonga",
        "place": "village",
        "source": "WRI_2005"
      },
      "geometry": {
        "type": "Point",
        "coordinates": [
          10.5524734,
          4.0915808
        ]
      },
      "id": "node/2460974310"
    },
    {
      "type": "Feature",
      "properties": {
        "@id": "node/2460974313",
        "name": "Botko",
        "place": "village",
        "source": "WRI_2005"
      },
      "geometry": {
        "type": "Point",
        "coordinates": [
          10.5441983,
          4.1040283
        ]
      },
      "id": "node/2460974313"
    },
    {
      "type": "Feature",
      "properties": {
        "@id": "node/2460974315",
        "name": "Dikongué",
        "place": "village",
        "source": "WRI_2005"
      },
      "geometry": {
        "type": "Point",
        "coordinates": [
          10.56604,
          4.0384818
        ]
      },
      "id": "node/2460974315"
    },
    {
      "type": "Feature",
      "properties": {
        "@id": "node/2460974316",
        "name": "Dikouss 2",
        "place": "village",
        "source": "WRI_2005"
      },
      "geometry": {
        "type": "Point",
        "coordinates": [
          10.3445219,
          4.0382948
        ]
      },
      "id": "node/2460974316"
    },
    {
      "type": "Feature",
      "properties": {
        "@id": "node/2460974318",
        "name": "Dissat",
        "place": "village",
        "source": "WRI_2005"
      },
      "geometry": {
        "type": "Point",
        "coordinates": [
          10.40132,
          4.0813103
        ]
      },
      "id": "node/2460974318"
    },
    {
      "type": "Feature",
      "properties": {
        "@id": "node/2460974342",
        "name": "Ibaykak",
        "place": "village",
        "source": "WRI_2005"
      },
      "geometry": {
        "type": "Point",
        "coordinates": [
          10.7614114,
          4.1472733
        ]
      },
      "id": "node/2460974342"
    },
    {
      "type": "Feature",
      "properties": {
        "@id": "node/2460974343",
        "name": "Itayap",
        "place": "village",
        "source": "WRI_2005"
      },
      "geometry": {
        "type": "Point",
        "coordinates": [
          10.7850729,
          4.2106917
        ]
      },
      "id": "node/2460974343"
    },
    {
      "type": "Feature",
      "properties": {
        "@id": "node/2460974347",
        "name": "Kan",
        "place": "village",
        "source": "WRI_2005"
      },
      "geometry": {
        "type": "Point",
        "coordinates": [
          10.6822307,
          4.0910052
        ]
      },
      "id": "node/2460974347"
    },
    {
      "type": "Feature",
      "properties": {
        "@id": "node/2460974348",
        "name": "Kanga",
        "place": "village",
        "source": "WRI_2005"
      },
      "geometry": {
        "type": "Point",
        "coordinates": [
          10.4932101,
          4.1539554
        ]
      },
      "id": "node/2460974348"
    },
    {
      "type": "Feature",
      "properties": {
        "@id": "node/2460974362",
        "name": "Logpagal",
        "place": "village",
        "source": "WRI_2005"
      },
      "geometry": {
        "type": "Point",
        "coordinates": [
          10.6400505,
          4.0786596
        ]
      },
      "id": "node/2460974362"
    },
    {
      "type": "Feature",
      "properties": {
        "@id": "node/2460974367",
        "name": "Mabel",
        "place": "village",
        "source": "WRI_2005"
      },
      "geometry": {
        "type": "Point",
        "coordinates": [
          10.6357308,
          4.2423968
        ]
      },
      "id": "node/2460974367"
    },
    {
      "type": "Feature",
      "properties": {
        "@id": "node/2460974369",
        "name": "Mahop",
        "place": "village",
        "source": "WRI_2005"
      },
      "geometry": {
        "type": "Point",
        "coordinates": [
          10.5658155,
          4.0573302
        ]
      },
      "id": "node/2460974369"
    },
    {
      "type": "Feature",
      "properties": {
        "@id": "node/2460974370",
        "name": "Mambondo",
        "place": "village",
        "source": "WRI_2005"
      },
      "geometry": {
        "type": "Point",
        "coordinates": [
          10.7698219,
          4.1789068
        ]
      },
      "id": "node/2460974370"
    },
    {
      "type": "Feature",
      "properties": {
        "@id": "node/2460974371",
        "name": "Mandjap I",
        "place": "village",
        "source": "WRI_2005"
      },
      "geometry": {
        "type": "Point",
        "coordinates": [
          10.5748861,
          4.2245525
        ]
      },
      "id": "node/2460974371"
    },
    {
      "type": "Feature",
      "properties": {
        "@id": "node/2460974382",
        "name": "Masseng",
        "place": "village",
        "source": "WRI_2005"
      },
      "geometry": {
        "type": "Point",
        "coordinates": [
          10.450574,
          4.1199302
        ]
      },
      "id": "node/2460974382"
    },
    {
      "type": "Feature",
      "properties": {
        "@id": "node/2460974385",
        "name": "Mayohi II",
        "place": "village",
        "source": "WRI_2005"
      },
      "geometry": {
        "type": "Point",
        "coordinates": [
          10.5943061,
          4.0563018
        ]
      },
      "id": "node/2460974385"
    },
    {
      "type": "Feature",
      "properties": {
        "@id": "node/2460974401",
        "name": "Mouande",
        "place": "village",
        "source": "WRI_2005"
      },
      "geometry": {
        "type": "Point",
        "coordinates": [
          10.5893687,
          4.1945517
        ]
      },
      "id": "node/2460974401"
    },
    {
      "type": "Feature",
      "properties": {
        "@id": "node/2460974409",
        "name": "Ndjoknkong",
        "place": "village",
        "source": "WRI_2005"
      },
      "geometry": {
        "type": "Point",
        "coordinates": [
          10.7430292,
          4.131404
        ]
      },
      "id": "node/2460974409"
    },
    {
      "type": "Feature",
      "properties": {
        "@id": "node/2460974411",
        "name": "Ngambé II",
        "place": "village",
        "source": "WRI_2005"
      },
      "geometry": {
        "type": "Point",
        "coordinates": [
          10.6284645,
          4.2364203
        ]
      },
      "id": "node/2460974411"
    },
    {
      "type": "Feature",
      "properties": {
        "@id": "node/2460974412",
        "name": "Ngombé",
        "place": "village",
        "source": "WRI_2005"
      },
      "geometry": {
        "type": "Point",
        "coordinates": [
          10.5622446,
          4.1073221
        ]
      },
      "id": "node/2460974412"
    },
    {
      "type": "Feature",
      "properties": {
        "@id": "node/2460974416",
        "name": "Nkakmbom",
        "place": "village",
        "source": "WRI_2005"
      },
      "geometry": {
        "type": "Point",
        "coordinates": [
          10.590457,
          4.2075331
        ]
      },
      "id": "node/2460974416"
    },
    {
      "type": "Feature",
      "properties": {
        "@id": "node/2460974445",
        "name": "Nkongkwala",
        "place": "village",
        "source": "WRI_2005"
      },
      "geometry": {
        "type": "Point",
        "coordinates": [
          10.8927497,
          4.1365029
        ]
      },
      "id": "node/2460974445"
    },
    {
      "type": "Feature",
      "properties": {
        "@id": "node/2460974460",
        "name": "Nouya",
        "place": "village",
        "source": "WRI_2005"
      },
      "geometry": {
        "type": "Point",
        "coordinates": [
          10.5661819,
          4.1651909
        ]
      },
      "id": "node/2460974460"
    },
    {
      "type": "Feature",
      "properties": {
        "@id": "node/2460974461",
        "name": "Nsingmandeng",
        "place": "village",
        "source": "WRI_2005"
      },
      "geometry": {
        "type": "Point",
        "coordinates": [
          10.6378525,
          4.1742006
        ]
      },
      "id": "node/2460974461"
    },
    {
      "type": "Feature",
      "properties": {
        "@id": "node/2460974470",
        "name": "Nyée",
        "place": "village",
        "source": "WRI_2005"
      },
      "geometry": {
        "type": "Point",
        "coordinates": [
          10.5508935,
          4.2262687
        ]
      },
      "id": "node/2460974470"
    },
    {
      "type": "Feature",
      "properties": {
        "@id": "node/2460974488",
        "name": "Pendjok",
        "place": "village",
        "source": "WRI_2005"
      },
      "geometry": {
        "type": "Point",
        "coordinates": [
          10.7226342,
          4.1100115
        ]
      },
      "id": "node/2460974488"
    },
    {
      "type": "Feature",
      "properties": {
        "@id": "node/2460974500",
        "name": "Pimbé I",
        "place": "village",
        "source": "WRI_2005"
      },
      "geometry": {
        "type": "Point",
        "coordinates": [
          10.557198,
          4.1435896
        ]
      },
      "id": "node/2460974500"
    },
    {
      "type": "Feature",
      "properties": {
        "@id": "node/2460974503",
        "name": "Pimbé II",
        "place": "village",
        "source": "WRI_2005"
      },
      "geometry": {
        "type": "Point",
        "coordinates": [
          10.5727613,
          4.1346364
        ]
      },
      "id": "node/2460974503"
    },
    {
      "type": "Feature",
      "properties": {
        "@id": "node/2460974506",
        "name": "Pong",
        "place": "village",
        "source": "WRI_2005"
      },
      "geometry": {
        "type": "Point",
        "coordinates": [
          10.6314567,
          4.2283878
        ]
      },
      "id": "node/2460974506"
    },
    {
      "type": "Feature",
      "properties": {
        "@id": "node/2460974510",
        "name": "Poutkat",
        "place": "village",
        "source": "WRI_2005"
      },
      "geometry": {
        "type": "Point",
        "coordinates": [
          10.5576641,
          4.1260847
        ]
      },
      "id": "node/2460974510"
    },
    {
      "type": "Feature",
      "properties": {
        "@id": "node/2460974513",
        "name": "Sakbayémé III",
        "place": "village",
        "source": "WRI_2005"
      },
      "geometry": {
        "type": "Point",
        "coordinates": [
          10.5681058,
          4.0306888
        ]
      },
      "id": "node/2460974513"
    },
    {
      "type": "Feature",
      "properties": {
        "@id": "node/2460974516",
        "name": "Sakbyémé II",
        "place": "village",
        "source": "WRI_2005"
      },
      "geometry": {
        "type": "Point",
        "coordinates": [
          10.576408,
          4.0311325
        ]
      },
      "id": "node/2460974516"
    },
    {
      "type": "Feature",
      "properties": {
        "@id": "node/2460974520",
        "name": "Songmbengue",
        "place": "village",
        "source": "WRI_2005"
      },
      "geometry": {
        "type": "Point",
        "coordinates": [
          10.5641828,
          4.0807374
        ]
      },
      "id": "node/2460974520"
    },
    {
      "type": "Feature",
      "properties": {
        "@id": "node/2460974521",
        "name": "Songmbengué",
        "place": "village",
        "source": "WRI_2005"
      },
      "geometry": {
        "type": "Point",
        "coordinates": [
          10.5665096,
          4.0462661
        ]
      },
      "id": "node/2460974521"
    },
    {
      "type": "Feature",
      "properties": {
        "@id": "node/2460974522",
        "name": "Songmbom",
        "place": "village",
        "source": "WRI_2005"
      },
      "geometry": {
        "type": "Point",
        "coordinates": [
          10.5824141,
          4.1890128
        ]
      },
      "id": "node/2460974522"
    },
    {
      "type": "Feature",
      "properties": {
        "@id": "node/2460974524",
        "name": "Songnkam",
        "place": "village",
        "source": "WRI_2005"
      },
      "geometry": {
        "type": "Point",
        "coordinates": [
          10.5608031,
          4.0902327
        ]
      },
      "id": "node/2460974524"
    },
    {
      "type": "Feature",
      "properties": {
        "@id": "node/2460974526",
        "name": "Tomel",
        "place": "village",
        "source": "WRI_2005"
      },
      "geometry": {
        "type": "Point",
        "coordinates": [
          10.4845733,
          4.1418544
        ]
      },
      "id": "node/2460974526"
    },
    {
      "type": "Feature",
      "properties": {
        "@id": "node/2460974534",
        "name": "Yoi",
        "place": "village",
        "source": "WRI_2005"
      },
      "geometry": {
        "type": "Point",
        "coordinates": [
          10.5098142,
          4.2085536
        ]
      },
      "id": "node/2460974534"
    },
    {
      "type": "Feature",
      "properties": {
        "@id": "node/2461016430",
        "name": "Lélem-Mangwété",
        "place": "village",
        "source": "WRI_2005"
      },
      "geometry": {
        "type": "Point",
        "coordinates": [
          9.9655772,
          5.1485448
        ]
      },
      "id": "node/2461016430"
    },
    {
      "type": "Feature",
      "properties": {
        "@id": "node/2461016433",
        "name": "Lélem-Moatong",
        "place": "village",
        "source": "WRI_2005"
      },
      "geometry": {
        "type": "Point",
        "coordinates": [
          9.9902553,
          5.1934735
        ]
      },
      "id": "node/2461016433"
    },
    {
      "type": "Feature",
      "properties": {
        "@id": "node/2461016479",
        "name": "Mama",
        "place": "village",
        "source": "WRI_2005"
      },
      "geometry": {
        "type": "Point",
        "coordinates": [
          9.820128,
          5.2456074
        ]
      },
      "id": "node/2461016479"
    },
    {
      "type": "Feature",
      "properties": {
        "@id": "node/2461016512",
        "name": "Mangwété",
        "place": "village",
        "source": "WRI_2005"
      },
      "geometry": {
        "type": "Point",
        "coordinates": [
          9.9855243,
          5.1824967
        ]
      },
      "id": "node/2461016512"
    },
    {
      "type": "Feature",
      "properties": {
        "@id": "node/2461016962",
        "name": "Nkongsoung",
        "place": "village",
        "source": "WRI_2005"
      },
      "geometry": {
        "type": "Point",
        "coordinates": [
          9.9857549,
          5.139652
        ]
      },
      "id": "node/2461016962"
    },
    {
      "type": "Feature",
      "properties": {
        "@id": "node/2461016992",
        "name": "Nlolag ou Ndou",
        "place": "village",
        "source": "WRI_2005"
      },
      "geometry": {
        "type": "Point",
        "coordinates": [
          9.7803329,
          5.2663456
        ]
      },
      "id": "node/2461016992"
    },
    {
      "type": "Feature",
      "properties": {
        "@id": "node/2467813690",
        "name": "Akra Kombo",
        "place": "village",
        "source": "WRI_2005"
      },
      "geometry": {
        "type": "Point",
        "coordinates": [
          9.4540091,
          3.9768221
        ]
      },
      "id": "node/2467813690"
    },
    {
      "type": "Feature",
      "properties": {
        "@id": "node/2467813692",
        "name": "Alobzok",
        "place": "village",
        "source": "WRI_2005"
      },
      "geometry": {
        "type": "Point",
        "coordinates": [
          9.5743114,
          4.394128
        ]
      },
      "id": "node/2467813692"
    },
    {
      "type": "Feature",
      "properties": {
        "@id": "node/2467813693",
        "name": "Ba Djérou",
        "place": "village",
        "source": "WRI_2005"
      },
      "geometry": {
        "type": "Point",
        "coordinates": [
          9.6226058,
          4.1562312
        ]
      },
      "id": "node/2467813693"
    },
    {
      "type": "Feature",
      "properties": {
        "@id": "node/2467813695",
        "name": "Babenga",
        "place": "village",
        "source": "WRI_2005"
      },
      "geometry": {
        "type": "Point",
        "coordinates": [
          9.5759624,
          4.1069379
        ]
      },
      "id": "node/2467813695"
    },
    {
      "type": "Feature",
      "properties": {
        "@id": "node/2467813697",
        "name": "Badjoki",
        "place": "village",
        "source": "WRI_2005"
      },
      "geometry": {
        "type": "Point",
        "coordinates": [
          9.9501076,
          4.8355639
        ]
      },
      "id": "node/2467813697"
    },
    {
      "type": "Feature",
      "properties": {
        "@id": "node/2467813698",
        "name": "Badou",
        "place": "village",
        "source": "WRI_2005"
      },
      "geometry": {
        "type": "Point",
        "coordinates": [
          9.6765328,
          4.3001152
        ]
      },
      "id": "node/2467813698"
    },
    {
      "type": "Feature",
      "properties": {
        "@id": "node/2467813730",
        "name": "Bakakte",
        "place": "village",
        "source": "WRI_2005"
      },
      "geometry": {
        "type": "Point",
        "coordinates": [
          9.8751291,
          4.8928492
        ]
      },
      "id": "node/2467813730"
    },
    {
      "type": "Feature",
      "properties": {
        "@id": "node/2467813735",
        "name": "Baketi",
        "place": "village",
        "source": "WRI_2005"
      },
      "geometry": {
        "type": "Point",
        "coordinates": [
          10.2041466,
          4.4878038
        ]
      },
      "id": "node/2467813735"
    },
    {
      "type": "Feature",
      "properties": {
        "@id": "node/2467813746",
        "name": "Bakoua",
        "place": "village",
        "source": "WRI_2005"
      },
      "geometry": {
        "type": "Point",
        "coordinates": [
          10.3697794,
          4.8962255
        ]
      },
      "id": "node/2467813746"
    },
    {
      "type": "Feature",
      "properties": {
        "@id": "node/2467813750",
        "name": "Bakwar",
        "place": "village",
        "source": "WRI_2005"
      },
      "geometry": {
        "type": "Point",
        "coordinates": [
          9.8345817,
          4.9067399
        ]
      },
      "id": "node/2467813750"
    },
    {
      "type": "Feature",
      "properties": {
        "@id": "node/2467813753",
        "name": "Balam",
        "place": "village",
        "source": "WRI_2005"
      },
      "geometry": {
        "type": "Point",
        "coordinates": [
          10.2830562,
          5.006763
        ]
      },
      "id": "node/2467813753"
    },
    {
      "type": "Feature",
      "properties": {
        "@id": "node/2467813756",
        "name": "Balondo",
        "place": "village",
        "source": "WRI_2005"
      },
      "geometry": {
        "type": "Point",
        "coordinates": [
          9.9362493,
          4.7502847
        ]
      },
      "id": "node/2467813756"
    },
    {
      "type": "Feature",
      "properties": {
        "@id": "node/2467813761",
        "name": "Bamwèn",
        "place": "village",
        "source": "WRI_2005"
      },
      "geometry": {
        "type": "Point",
        "coordinates": [
          9.744934,
          4.3562037
        ]
      },
      "id": "node/2467813761"
    },
    {
      "type": "Feature",
      "properties": {
        "@id": "node/2467813763",
        "name": "Bandjiou",
        "place": "village",
        "source": "WRI_2005"
      },
      "geometry": {
        "type": "Point",
        "coordinates": [
          9.6774024,
          4.2944415
        ]
      },
      "id": "node/2467813763"
    },
    {
      "type": "Feature",
      "properties": {
        "@id": "node/2467813773",
        "name": "Banya II",
        "place": "village",
        "source": "WRI_2005"
      },
      "geometry": {
        "type": "Point",
        "coordinates": [
          9.9645212,
          4.5783011
        ]
      },
      "id": "node/2467813773"
    },
    {
      "type": "Feature",
      "properties": {
        "@id": "node/2467813787",
        "name": "Bekouma",
        "place": "village",
        "source": "WRI_2005"
      },
      "geometry": {
        "type": "Point",
        "coordinates": [
          9.6011088,
          4.2575308
        ]
      },
      "id": "node/2467813787"
    },
    {
      "type": "Feature",
      "properties": {
        "@id": "node/2467813792",
        "name": "Benga I",
        "place": "village",
        "source": "WRI_2005"
      },
      "geometry": {
        "type": "Point",
        "coordinates": [
          10.0572241,
          4.6021539
        ]
      },
      "id": "node/2467813792"
    },
    {
      "type": "Feature",
      "properties": {
        "@id": "node/2467813794",
        "name": "Benga II",
        "place": "village",
        "source": "WRI_2005"
      },
      "geometry": {
        "type": "Point",
        "coordinates": [
          10.0778067,
          4.6193017
        ]
      },
      "id": "node/2467813794"
    },
    {
      "type": "Feature",
      "properties": {
        "@id": "node/2467813795",
        "name": "Bessoukoudou",
        "place": "village",
        "source": "WRI_2005"
      },
      "geometry": {
        "type": "Point",
        "coordinates": [
          9.4465654,
          3.9897891
        ]
      },
      "id": "node/2467813795"
    },
    {
      "type": "Feature",
      "properties": {
        "@id": "node/2467813799",
        "name": "Bewang",
        "place": "village",
        "source": "WRI_2005"
      },
      "geometry": {
        "type": "Point",
        "coordinates": [
          10.122541,
          4.5706289
        ]
      },
      "id": "node/2467813799"
    },
    {
      "type": "Feature",
      "properties": {
        "@id": "node/2467813801",
        "name": "Beyang Mbondjo",
        "place": "village",
        "source": "WRI_2005"
      },
      "geometry": {
        "type": "Point",
        "coordinates": [
          9.5379391,
          4.2417011
        ]
      },
      "id": "node/2467813801"
    },
    {
      "type": "Feature",
      "properties": {
        "@id": "node/2467813805",
        "name": "Bi",
        "place": "village",
        "source": "WRI_2005"
      },
      "geometry": {
        "type": "Point",
        "coordinates": [
          10.0244199,
          4.5530192
        ]
      },
      "id": "node/2467813805"
    },
    {
      "type": "Feature",
      "properties": {
        "@id": "node/2467813813",
        "name": "Biendendé",
        "place": "village",
        "source": "WRI_2005"
      },
      "geometry": {
        "type": "Point",
        "coordinates": [
          9.6414141,
          4.1564728
        ]
      },
      "id": "node/2467813813"
    },
    {
      "type": "Feature",
      "properties": {
        "@id": "node/2467813815",
        "name": "Bigmop",
        "place": "village",
        "source": "WRI_2005"
      },
      "geometry": {
        "type": "Point",
        "coordinates": [
          9.8289551,
          4.9148474
        ]
      },
      "id": "node/2467813815"
    },
    {
      "type": "Feature",
      "properties": {
        "@id": "node/2467813819",
        "name": "Bikoro",
        "place": "village",
        "source": "WRI_2005"
      },
      "geometry": {
        "type": "Point",
        "coordinates": [
          9.6476968,
          3.9729089
        ]
      },
      "id": "node/2467813819"
    },
    {
      "type": "Feature",
      "properties": {
        "@id": "node/2467813820",
        "name": "Bindjen II",
        "place": "village",
        "source": "WRI_2005"
      },
      "geometry": {
        "type": "Point",
        "coordinates": [
          10.2870717,
          4.7485707
        ]
      },
      "id": "node/2467813820"
    },
    {
      "type": "Feature",
      "properties": {
        "@id": "node/2467813827",
        "name": "Bobok",
        "place": "village",
        "source": "WRI_2005"
      },
      "geometry": {
        "type": "Point",
        "coordinates": [
          9.8791055,
          4.5675755
        ]
      },
      "id": "node/2467813827"
    },
    {
      "type": "Feature",
      "properties": {
        "@id": "node/2467813843",
        "name": "Bomono",
        "place": "village",
        "source": "WRI_2005"
      },
      "geometry": {
        "type": "Point",
        "coordinates": [
          9.6130733,
          4.1555736
        ]
      },
      "id": "node/2467813843"
    },
    {
      "type": "Feature",
      "properties": {
        "@id": "node/2467813846",
        "name": "Bonabeke",
        "place": "village",
        "source": "WRI_2005"
      },
      "geometry": {
        "type": "Point",
        "coordinates": [
          9.9700016,
          4.47031
        ]
      },
      "id": "node/2467813846"
    },
    {
      "type": "Feature",
      "properties": {
        "@id": "node/2467813847",
        "name": "Bonabweng",
        "place": "village",
        "source": "WRI_2005"
      },
      "geometry": {
        "type": "Point",
        "coordinates": [
          9.6790772,
          4.1972858
        ]
      },
      "id": "node/2467813847"
    },
    {
      "type": "Feature",
      "properties": {
        "@id": "node/2467813851",
        "name": "Bonakata",
        "place": "village",
        "source": "WRI_2005"
      },
      "geometry": {
        "type": "Point",
        "coordinates": [
          9.9289083,
          4.4228222
        ]
      },
      "id": "node/2467813851"
    },
    {
      "type": "Feature",
      "properties": {
        "@id": "node/2467813853",
        "name": "Bonakou",
        "place": "village",
        "source": "WRI_2005"
      },
      "geometry": {
        "type": "Point",
        "coordinates": [
          9.6695365,
          4.2682603
        ]
      },
      "id": "node/2467813853"
    },
    {
      "type": "Feature",
      "properties": {
        "@id": "node/2467813854",
        "name": "Bonakwassi",
        "place": "village",
        "source": "WRI_2005"
      },
      "geometry": {
        "type": "Point",
        "coordinates": [
          9.7301989,
          4.3100558
        ]
      },
      "id": "node/2467813854"
    },
    {
      "type": "Feature",
      "properties": {
        "@id": "node/2467813856",
        "name": "Bonalambo",
        "place": "village",
        "source": "WRI_2005"
      },
      "geometry": {
        "type": "Point",
        "coordinates": [
          9.8365345,
          4.3276506
        ]
      },
      "id": "node/2467813856"
    },
    {
      "type": "Feature",
      "properties": {
        "@id": "node/2467813857",
        "name": "Bonalembé",
        "place": "village",
        "source": "WRI_2005"
      },
      "geometry": {
        "type": "Point",
        "coordinates": [
          9.9459077,
          4.4364542
        ]
      },
      "id": "node/2467813857"
    },
    {
      "type": "Feature",
      "properties": {
        "@id": "node/2467813862",
        "name": "Bonalongso",
        "place": "village",
        "source": "WRI_2005"
      },
      "geometry": {
        "type": "Point",
        "coordinates": [
          10.0350145,
          4.5686888
        ]
      },
      "id": "node/2467813862"
    },
    {
      "type": "Feature",
      "properties": {
        "@id": "node/2467813865",
        "name": "Bonamakita",
        "place": "village",
        "source": "WRI_2005"
      },
      "geometry": {
        "type": "Point",
        "coordinates": [
          9.8510701,
          4.3421025
        ]
      },
      "id": "node/2467813865"
    },
    {
      "type": "Feature",
      "properties": {
        "@id": "node/2467813866",
        "name": "Bonambassi",
        "place": "village",
        "source": "WRI_2005"
      },
      "geometry": {
        "type": "Point",
        "coordinates": [
          9.8366011,
          4.3142874
        ]
      },
      "id": "node/2467813866"
    },
    {
      "type": "Feature",
      "properties": {
        "@id": "node/2467813867",
        "name": "Bonamboulé",
        "place": "village",
        "source": "WRI_2005"
      },
      "geometry": {
        "type": "Point",
        "coordinates": [
          9.7282463,
          4.3159833
        ]
      },
      "id": "node/2467813867"
    },
    {
      "type": "Feature",
      "properties": {
        "@id": "node/2467813869",
        "name": "Bonamoné",
        "place": "village",
        "source": "WRI_2005"
      },
      "geometry": {
        "type": "Point",
        "coordinates": [
          9.5453543,
          4.1031232
        ]
      },
      "id": "node/2467813869"
    },
    {
      "type": "Feature",
      "properties": {
        "@id": "node/2467813870",
        "name": "Bonandam",
        "place": "village",
        "source": "WRI_2005"
      },
      "geometry": {
        "type": "Point",
        "coordinates": [
          9.6783781,
          4.5929526
        ]
      },
      "id": "node/2467813870"
    },
    {
      "type": "Feature",
      "properties": {
        "@id": "node/2467813871",
        "name": "Bonandika",
        "place": "village",
        "source": "WRI_2005"
      },
      "geometry": {
        "type": "Point",
        "coordinates": [
          9.7415783,
          4.348224
        ]
      },
      "id": "node/2467813871"
    },
    {
      "type": "Feature",
      "properties": {
        "@id": "node/2467813873",
        "name": "Bonandjeng",
        "place": "village",
        "source": "WRI_2005"
      },
      "geometry": {
        "type": "Point",
        "coordinates": [
          9.8950789,
          4.4076304
        ]
      },
      "id": "node/2467813873"
    },
    {
      "type": "Feature",
      "properties": {
        "@id": "node/2467813874",
        "name": "Bonandolo",
        "place": "village",
        "source": "WRI_2005"
      },
      "geometry": {
        "type": "Point",
        "coordinates": [
          9.862381,
          4.3511659
        ]
      },
      "id": "node/2467813874"
    },
    {
      "type": "Feature",
      "properties": {
        "@id": "node/2467813876",
        "name": "Bonanko",
        "place": "village",
        "source": "WRI_2005"
      },
      "geometry": {
        "type": "Point",
        "coordinates": [
          9.634683,
          4.2526534
        ]
      },
      "id": "node/2467813876"
    },
    {
      "type": "Feature",
      "properties": {
        "@id": "node/2467813877",
        "name": "Bonanyamsi",
        "place": "village",
        "source": "WRI_2005"
      },
      "geometry": {
        "type": "Point",
        "coordinates": [
          9.8781768,
          4.3955578
        ]
      },
      "id": "node/2467813877"
    },
    {
      "type": "Feature",
      "properties": {
        "@id": "node/2467813879",
        "name": "Bonawonga",
        "place": "village",
        "source": "WRI_2005"
      },
      "geometry": {
        "type": "Point",
        "coordinates": [
          10.0170257,
          4.5463462
        ]
      },
      "id": "node/2467813879"
    },
    {
      "type": "Feature",
      "properties": {
        "@id": "node/2467813882",
        "name": "Boneloko",
        "place": "village",
        "source": "WRI_2005"
      },
      "geometry": {
        "type": "Point",
        "coordinates": [
          9.9776339,
          4.5036168
        ]
      },
      "id": "node/2467813882"
    },
    {
      "type": "Feature",
      "properties": {
        "@id": "node/2467813883",
        "name": "Boneyan",
        "place": "village",
        "source": "WRI_2005"
      },
      "geometry": {
        "type": "Point",
        "coordinates": [
          9.7362913,
          4.3149525
        ]
      },
      "id": "node/2467813883"
    },
    {
      "type": "Feature",
      "properties": {
        "@id": "node/2467813886",
        "name": "Bonindi",
        "place": "village",
        "source": "WRI_2005"
      },
      "geometry": {
        "type": "Point",
        "coordinates": [
          9.8308251,
          4.2866493
        ]
      },
      "id": "node/2467813886"
    },
    {
      "type": "Feature",
      "properties": {
        "@id": "node/2467813890",
        "name": "Bonéko",
        "place": "village",
        "source": "WRI_2005"
      },
      "geometry": {
        "type": "Point",
        "coordinates": [
          9.7396265,
          4.6519936
        ]
      },
      "id": "node/2467813890"
    },
    {
      "type": "Feature",
      "properties": {
        "@id": "node/2467813891",
        "name": "Bonékoulé",
        "place": "village",
        "source": "WRI_2005"
      },
      "geometry": {
        "type": "Point",
        "coordinates": [
          9.849728,
          4.3340779
        ]
      },
      "id": "node/2467813891"
    },
    {
      "type": "Feature",
      "properties": {
        "@id": "node/2467813893",
        "name": "Bonépoupa III",
        "place": "village",
        "source": "WRI_2005"
      },
      "geometry": {
        "type": "Point",
        "coordinates": [
          10.0384282,
          4.1728172
        ]
      },
      "id": "node/2467813893"
    },
    {
      "type": "Feature",
      "properties": {
        "@id": "node/2467813894",
        "name": "Bonépéa",
        "place": "village",
        "source": "WRI_2005"
      },
      "geometry": {
        "type": "Point",
        "coordinates": [
          9.7769365,
          4.2346876
        ]
      },
      "id": "node/2467813894"
    },
    {
      "type": "Feature",
      "properties": {
        "@id": "node/2467813902",
        "name": "Boubou",
        "place": "village",
        "source": "WRI_2005"
      },
      "geometry": {
        "type": "Point",
        "coordinates": [
          9.589777,
          4.6172986
        ]
      },
      "id": "node/2467813902"
    },
    {
      "type": "Feature",
      "properties": {
        "@id": "node/2467813906",
        "name": "Bouma",
        "place": "village",
        "source": "WRI_2005"
      },
      "geometry": {
        "type": "Point",
        "coordinates": [
          9.5403428,
          4.0234258
        ]
      },
      "id": "node/2467813906"
    },
    {
      "type": "Feature",
      "properties": {
        "@id": "node/2467813921",
        "name": "Bwadibo",
        "place": "village",
        "source": "WRI_2005"
      },
      "geometry": {
        "type": "Point",
        "coordinates": [
          9.5825891,
          4.0925155
        ]
      },
      "id": "node/2467813921"
    },
    {
      "type": "Feature",
      "properties": {
        "@id": "node/2467813922",
        "name": "Bwamba",
        "place": "village",
        "source": "WRI_2005"
      },
      "geometry": {
        "type": "Point",
        "coordinates": [
          9.8726137,
          4.4019087
        ]
      },
      "id": "node/2467813922"
    },
    {
      "type": "Feature",
      "properties": {
        "@id": "node/2467813923",
        "name": "Bwanenbwa",
        "place": "village",
        "source": "WRI_2005"
      },
      "geometry": {
        "type": "Point",
        "coordinates": [
          9.8600586,
          4.7965766
        ]
      },
      "id": "node/2467813923"
    },
    {
      "type": "Feature",
      "properties": {
        "@id": "node/2467813927",
        "name": "Bwéné",
        "place": "village",
        "source": "WRI_2005"
      },
      "geometry": {
        "type": "Point",
        "coordinates": [
          9.8290534,
          4.2941937
        ]
      },
      "id": "node/2467813927"
    },
    {
      "type": "Feature",
      "properties": {
        "@id": "node/2467813931",
        "name": "Dchang",
        "place": "village",
        "source": "WRI_2005"
      },
      "geometry": {
        "type": "Point",
        "coordinates": [
          9.9938111,
          4.5339137
        ]
      },
      "id": "node/2467813931"
    },
    {
      "type": "Feature",
      "properties": {
        "@id": "node/2467813934",
        "name": "Dengdé",
        "place": "village",
        "source": "WRI_2005"
      },
      "geometry": {
        "type": "Point",
        "coordinates": [
          9.4461065,
          3.9467629
        ]
      },
      "id": "node/2467813934"
    },
    {
      "type": "Feature",
      "properties": {
        "@id": "node/2467813936",
        "name": "Dibombé",
        "place": "village",
        "source": "WRI_2005"
      },
      "geometry": {
        "type": "Point",
        "coordinates": [
          9.8630998,
          4.3630042
        ]
      },
      "id": "node/2467813936"
    },
    {
      "type": "Feature",
      "properties": {
        "@id": "node/2467813937",
        "name": "Dibombé",
        "place": "village",
        "source": "WRI_2005"
      },
      "geometry": {
        "type": "Point",
        "coordinates": [
          9.8026308,
          4.6798069
        ]
      },
      "id": "node/2467813937"
    },
    {
      "type": "Feature",
      "properties": {
        "@id": "node/2467813939",
        "name": "Dika",
        "place": "village",
        "source": "WRI_2005"
      },
      "geometry": {
        "type": "Point",
        "coordinates": [
          10.2841715,
          4.8293316
        ]
      },
      "id": "node/2467813939"
    },
    {
      "type": "Feature",
      "properties": {
        "@id": "node/2467813943",
        "name": "Dimbong",
        "place": "village",
        "source": "WRI_2005"
      },
      "geometry": {
        "type": "Point",
        "coordinates": [
          9.8633904,
          4.5748277
        ]
      },
      "id": "node/2467813943"
    },
    {
      "type": "Feature",
      "properties": {
        "@id": "node/2467813944",
        "name": "Djouki",
        "place": "village",
        "source": "WRI_2005"
      },
      "geometry": {
        "type": "Point",
        "coordinates": [
          9.6210464,
          4.1426565
        ]
      },
      "id": "node/2467813944"
    },
    {
      "type": "Feature",
      "properties": {
        "@id": "node/2467813945",
        "name": "Djoungo",
        "place": "village",
        "source": "WRI_2005"
      },
      "geometry": {
        "type": "Point",
        "coordinates": [
          9.6059804,
          4.5402168
        ]
      },
      "id": "node/2467813945"
    },
    {
      "type": "Feature",
      "properties": {
        "@id": "node/2467813946",
        "name": "Djoungo",
        "place": "village",
        "source": "WRI_2005 + mapbox"
      },
      "geometry": {
        "type": "Point",
        "coordinates": [
          9.6197943,
          4.5778048
        ]
      },
      "id": "node/2467813946"
    },
    {
      "type": "Feature",
      "properties": {
        "@id": "node/2467813948",
        "name": "Dékoulé",
        "place": "village",
        "source": "WRI_2005"
      },
      "geometry": {
        "type": "Point",
        "coordinates": [
          10.2768829,
          4.950229
        ]
      },
      "id": "node/2467813948"
    },
    {
      "type": "Feature",
      "properties": {
        "@id": "node/2467813949",
        "name": "Déné",
        "place": "village",
        "source": "WRI_2005"
      },
      "geometry": {
        "type": "Point",
        "coordinates": [
          9.8352694,
          4.3068331
        ]
      },
      "id": "node/2467813949"
    },
    {
      "type": "Feature",
      "properties": {
        "@id": "node/2467813960",
        "name": "Ekangte Mpaka",
        "place": "village",
        "source": "WRI_2005"
      },
      "geometry": {
        "type": "Point",
        "coordinates": [
          9.838538,
          4.8859245
        ]
      },
      "id": "node/2467813960"
    },
    {
      "type": "Feature",
      "properties": {
        "@id": "node/2467813961",
        "name": "Ekohok",
        "place": "village",
        "source": "WRI_2005"
      },
      "geometry": {
        "type": "Point",
        "coordinates": [
          9.885029,
          4.9072918
        ]
      },
      "id": "node/2467813961"
    },
    {
      "type": "Feature",
      "properties": {
        "@id": "node/2467813963",
        "name": "Ekom",
        "place": "village",
        "source": "WRI_2005"
      },
      "geometry": {
        "type": "Point",
        "coordinates": [
          9.8810592,
          4.7791169
        ]
      },
      "id": "node/2467813963"
    },
    {
      "type": "Feature",
      "properties": {
        "@id": "node/2467813970",
        "name": "Ekomdjong",
        "place": "village",
        "source": "WRI_2005"
      },
      "geometry": {
        "type": "Point",
        "coordinates": [
          9.8960817,
          4.8034506
        ]
      },
      "id": "node/2467813970"
    },
    {
      "type": "Feature",
      "properties": {
        "@id": "node/2467813971",
        "name": "Ekomtolo",
        "place": "village",
        "source": "WRI_2005"
      },
      "geometry": {
        "type": "Point",
        "coordinates": [
          9.9096031,
          4.8305428
        ]
      },
      "id": "node/2467813971"
    },
    {
      "type": "Feature",
      "properties": {
        "@id": "node/2467813989",
        "name": "Fiko",
        "place": "village",
        "source": "WRI_2005"
      },
      "geometry": {
        "type": "Point",
        "coordinates": [
          9.7183409,
          4.2947667
        ]
      },
      "id": "node/2467813989"
    },
    {
      "type": "Feature",
      "properties": {
        "@id": "node/2467813998",
        "name": "Bomono Gare",
        "place": "village",
        "source": "WRI_2005"
      },
      "geometry": {
        "type": "Point",
        "coordinates": [
          9.5994024,
          4.1682356
        ]
      },
      "id": "node/2467813998"
    },
    {
      "type": "Feature",
      "properties": {
        "@id": "node/2467814000",
        "name": "Grand Makemba",
        "place": "village",
        "source": "WRI_2005"
      },
      "geometry": {
        "type": "Point",
        "coordinates": [
          9.6667634,
          4.2523562
        ]
      },
      "id": "node/2467814000"
    },
    {
      "type": "Feature",
      "properties": {
        "@id": "node/2467814001",
        "name": "Grand Souza",
        "place": "village",
        "source": "WRI_2005"
      },
      "geometry": {
        "type": "Point",
        "coordinates": [
          9.6390019,
          4.2334072
        ]
      },
      "id": "node/2467814001"
    },
    {
      "type": "Feature",
      "properties": {
        "@id": "node/2467814024",
        "name": "Kombo Moukoko",
        "place": "village",
        "source": "WRI_2005"
      },
      "geometry": {
        "type": "Point",
        "coordinates": [
          9.5296203,
          3.9760227
        ]
      },
      "id": "node/2467814024"
    },
    {
      "type": "Feature",
      "properties": {
        "@id": "node/2467814026",
        "name": "Kombo",
        "place": "village",
        "source": "WRI_2005"
      },
      "geometry": {
        "type": "Point",
        "coordinates": [
          9.5526016,
          4.0233407
        ]
      },
      "id": "node/2467814026"
    },
    {
      "type": "Feature",
      "properties": {
        "@id": "node/2467814031",
        "name": "Kombé",
        "place": "village",
        "source": "WRI_2005"
      },
      "geometry": {
        "type": "Point",
        "coordinates": [
          9.5674392,
          4.4055849
        ]
      },
      "id": "node/2467814031"
    },
    {
      "type": "Feature",
      "properties": {
        "@id": "node/2467814033",
        "name": "Kompina",
        "place": "town",
        "source": "WRI_2005"
      },
      "geometry": {
        "type": "Point",
        "coordinates": [
          9.5825348,
          4.3521086
        ]
      },
      "id": "node/2467814033"
    },
    {
      "type": "Feature",
      "properties": {
        "@id": "node/2467814035",
        "name": "Koo",
        "place": "village",
        "source": "WRI_2005"
      },
      "geometry": {
        "type": "Point",
        "coordinates": [
          9.6338438,
          3.9758084
        ]
      },
      "id": "node/2467814035"
    },
    {
      "type": "Feature",
      "properties": {
        "@id": "node/2467814041",
        "name": "Koto II",
        "place": "village",
        "source": "WRI_2005"
      },
      "geometry": {
        "type": "Point",
        "coordinates": [
          9.5395258,
          4.3677039
        ]
      },
      "id": "node/2467814041"
    },
    {
      "type": "Feature",
      "properties": {
        "@id": "node/2467814042",
        "name": "Koto III",
        "place": "village",
        "source": "WRI_2005"
      },
      "geometry": {
        "type": "Point",
        "coordinates": [
          9.4923192,
          4.3341603
        ]
      },
      "id": "node/2467814042"
    },
    {
      "type": "Feature",
      "properties": {
        "@id": "node/2467814043",
        "name": "Kouedjou",
        "place": "village",
        "source": "WRI_2005"
      },
      "geometry": {
        "type": "Point",
        "coordinates": [
          10.2587609,
          4.8038958
        ]
      },
      "id": "node/2467814043"
    },
    {
      "type": "Feature",
      "properties": {
        "@id": "node/2467814051",
        "name": "Lala",
        "place": "village",
        "source": "WRI_2005"
      },
      "geometry": {
        "type": "Point",
        "coordinates": [
          9.766282,
          4.8075218
        ]
      },
      "id": "node/2467814051"
    },
    {
      "type": "Feature",
      "properties": {
        "@id": "node/2467814053",
        "name": "Lamba",
        "place": "village",
        "source": "WRI_2005"
      },
      "geometry": {
        "type": "Point",
        "coordinates": [
          9.8832359,
          4.6458842
        ]
      },
      "id": "node/2467814053"
    },
    {
      "type": "Feature",
      "properties": {
        "@id": "node/2467814068",
        "name": "Loum-Chantier",
        "place": "village",
        "source": "WRI_2005 + mapbox"
      },
      "geometry": {
        "type": "Point",
        "coordinates": [
          9.7162685,
          4.6985981
        ]
      },
      "id": "node/2467814068"
    },
    {
      "type": "Feature",
      "properties": {
        "@id": "node/2467814072",
        "name": "Mabanga",
        "place": "village",
        "source": "WRI_2005",
        "wikidata": "Q6721353"
      },
      "geometry": {
        "type": "Point",
        "coordinates": [
          9.665349,
          4.207243
        ]
      },
      "id": "node/2467814072"
    },
    {
      "type": "Feature",
      "properties": {
        "@id": "node/2467814073",
        "name": "Mabom",
        "place": "village",
        "source": "WRI_2005"
      },
      "geometry": {
        "type": "Point",
        "coordinates": [
          9.9753451,
          4.693267
        ]
      },
      "id": "node/2467814073"
    },
    {
      "type": "Feature",
      "properties": {
        "@id": "node/2467814075",
        "name": "Mabombé",
        "place": "village",
        "source": "WRI_2005"
      },
      "geometry": {
        "type": "Point",
        "coordinates": [
          10.2662606,
          4.9125192
        ]
      },
      "id": "node/2467814075"
    },
    {
      "type": "Feature",
      "properties": {
        "@id": "node/2467814080",
        "name": "Makakan",
        "place": "village",
        "source": "WRI_2005"
      },
      "geometry": {
        "type": "Point",
        "coordinates": [
          10.2838906,
          4.8054509
        ]
      },
      "id": "node/2467814080"
    },
    {
      "type": "Feature",
      "properties": {
        "@id": "node/2467814086",
        "name": "Makombé",
        "place": "village",
        "source": "WRI_2005"
      },
      "geometry": {
        "type": "Point",
        "coordinates": [
          10.2366466,
          4.5787781
        ]
      },
      "id": "node/2467814086"
    },
    {
      "type": "Feature",
      "properties": {
        "@id": "node/2467814092",
        "name": "Makouma",
        "place": "village",
        "source": "WRI_2005"
      },
      "geometry": {
        "type": "Point",
        "coordinates": [
          9.9294205,
          4.7983485
        ]
      },
      "id": "node/2467814092"
    },
    {
      "type": "Feature",
      "properties": {
        "@id": "node/2467814111",
        "name": "Malendé",
        "place": "village",
        "source": "WRI_2005"
      },
      "geometry": {
        "type": "Point",
        "coordinates": [
          9.4847462,
          4.2026813
        ]
      },
      "id": "node/2467814111"
    },
    {
      "type": "Feature",
      "properties": {
        "@id": "node/2467814114",
        "name": "Malé",
        "place": "village",
        "source": "WRI_2005"
      },
      "geometry": {
        "type": "Point",
        "coordinates": [
          10.2261087,
          4.8561133
        ]
      },
      "id": "node/2467814114"
    },
    {
      "type": "Feature",
      "properties": {
        "@id": "node/2467814119",
        "name": "Maléké",
        "place": "village",
        "source": "WRI_2005"
      },
      "geometry": {
        "type": "Point",
        "coordinates": [
          9.5982786,
          4.3121989
        ]
      },
      "id": "node/2467814119"
    },
    {
      "type": "Feature",
      "properties": {
        "@id": "node/2467814126",
        "name": "Mandjibo",
        "place": "village",
        "source": "WRI_2005"
      },
      "geometry": {
        "type": "Point",
        "coordinates": [
          10.0419301,
          5.0111649
        ]
      },
      "id": "node/2467814126"
    },
    {
      "type": "Feature",
      "properties": {
        "@id": "node/2467814131",
        "name": "Manengole",
        "place": "village",
        "source": "WRI_2005"
      },
      "geometry": {
        "type": "Point",
        "coordinates": [
          9.8648333,
          4.83912
        ]
      },
      "id": "node/2467814131"
    },
    {
      "type": "Feature",
      "properties": {
        "@id": "node/2467814135",
        "name": "Manengoteng",
        "place": "village",
        "source": "WRI_2005"
      },
      "geometry": {
        "type": "Point",
        "coordinates": [
          9.7974729,
          4.8142663
        ]
      },
      "id": "node/2467814135"
    },
    {
      "type": "Feature",
      "properties": {
        "@id": "node/2467814138",
        "name": "Manengouba",
        "place": "village",
        "source": "WRI_2005"
      },
      "geometry": {
        "type": "Point",
        "coordinates": [
          9.865131,
          4.9549921
        ]
      },
      "id": "node/2467814138"
    },
    {
      "type": "Feature",
      "properties": {
        "@id": "node/2467814149",
        "name": "Mangamba",
        "place": "village",
        "source": "WRI_2005"
      },
      "geometry": {
        "type": "Point",
        "coordinates": [
          9.433568,
          4.2453317
        ]
      },
      "id": "node/2467814149"
    },
    {
      "type": "Feature",
      "properties": {
        "@id": "node/2467814154",
        "name": "Mangamba",
        "place": "village",
        "source": "WRI_2005"
      },
      "geometry": {
        "type": "Point",
        "coordinates": [
          9.8754845,
          4.7638909
        ]
      },
      "id": "node/2467814154"
    },
    {
      "type": "Feature",
      "properties": {
        "@id": "node/2467814158",
        "name": "Maninga",
        "place": "village",
        "source": "WRI_2005"
      },
      "geometry": {
        "type": "Point",
        "coordinates": [
          10.2362122,
          4.584219
        ]
      },
      "id": "node/2467814158"
    },
    {
      "type": "Feature",
      "properties": {
        "@id": "node/2467814161",
        "name": "Manoka",
        "place": "village",
        "source": "WRI_2005"
      },
      "geometry": {
        "type": "Point",
        "coordinates": [
          9.567119,
          4.1644527
        ]
      },
      "id": "node/2467814161"
    },
    {
      "type": "Feature",
      "properties": {
        "@id": "node/2467814166",
        "name": "Mantem I",
        "place": "village",
        "source": "WRI_2005"
      },
      "geometry": {
        "type": "Point",
        "coordinates": [
          9.7704579,
          4.8266119
        ]
      },
      "id": "node/2467814166"
    },
    {
      "type": "Feature",
      "properties": {
        "@id": "node/2467814170",
        "name": "Mantem II",
        "place": "village",
        "source": "WRI_2005"
      },
      "geometry": {
        "type": "Point",
        "coordinates": [
          9.8063861,
          4.8743624
        ]
      },
      "id": "node/2467814170"
    },
    {
      "type": "Feature",
      "properties": {
        "@id": "node/2467814189",
        "name": "Matanda Massadi",
        "place": "village",
        "source": "WRI_2005"
      },
      "geometry": {
        "type": "Point",
        "coordinates": [
          9.6460264,
          3.9416871
        ]
      },
      "id": "node/2467814189"
    },
    {
      "type": "Feature",
      "properties": {
        "@id": "node/2467814197",
        "name": "Matoubé",
        "place": "village",
        "source": "WRI_2005"
      },
      "geometry": {
        "type": "Point",
        "coordinates": [
          10.2568224,
          4.8149113
        ]
      },
      "id": "node/2467814197"
    },
    {
      "type": "Feature",
      "properties": {
        "@id": "node/2467814198",
        "name": "Matouké",
        "place": "village",
        "source": "WRI_2005"
      },
      "geometry": {
        "type": "Point",
        "coordinates": [
          9.4554944,
          4.2837588
        ]
      },
      "id": "node/2467814198"
    },
    {
      "type": "Feature",
      "properties": {
        "@id": "node/2467814202",
        "name": "Mbaka",
        "place": "village",
        "source": "WRI_2005"
      },
      "geometry": {
        "type": "Point",
        "coordinates": [
          9.8466728,
          4.7496497
        ]
      },
      "id": "node/2467814202"
    },
    {
      "type": "Feature",
      "properties": {
        "@id": "node/2467814204",
        "name": "Mbangue II",
        "place": "village",
        "source": "WRI_2005"
      },
      "geometry": {
        "type": "Point",
        "coordinates": [
          9.7041552,
          4.1843622
        ]
      },
      "id": "node/2467814204"
    },
    {
      "type": "Feature",
      "properties": {
        "@id": "node/2467814205",
        "name": "Mbangué I",
        "place": "village",
        "source": "WRI_2005"
      },
      "geometry": {
        "type": "Point",
        "coordinates": [
          9.70209,
          4.1657963
        ]
      },
      "id": "node/2467814205"
    },
    {
      "type": "Feature",
      "properties": {
        "@id": "node/2467814207",
        "name": "Mbarembeng",
        "place": "village",
        "source": "WRI_2005"
      },
      "geometry": {
        "type": "Point",
        "coordinates": [
          10.0339019,
          5.0026697
        ]
      },
      "id": "node/2467814207"
    },
    {
      "type": "Feature",
      "properties": {
        "@id": "node/2467814210",
        "name": "Mbete",
        "place": "village",
        "source": "WRI_2005"
      },
      "geometry": {
        "type": "Point",
        "coordinates": [
          9.738943,
          4.73321
        ]
      },
      "id": "node/2467814210"
    },
    {
      "type": "Feature",
      "properties": {
        "@id": "node/2467814211",
        "name": "Mbiam",
        "place": "village",
        "source": "WRI_2005"
      },
      "geometry": {
        "type": "Point",
        "coordinates": [
          10.3721143,
          4.9910597
        ]
      },
      "id": "node/2467814211"
    },
    {
      "type": "Feature",
      "properties": {
        "@id": "node/2467814212",
        "name": "Mbie",
        "place": "village",
        "source": "WRI_2005"
      },
      "geometry": {
        "type": "Point",
        "coordinates": [
          10.0572461,
          4.9925614
        ]
      },
      "id": "node/2467814212"
    },
    {
      "type": "Feature",
      "properties": {
        "@id": "node/2467814215",
        "name": "Mbomboo",
        "place": "village",
        "source": "WRI_2005"
      },
      "geometry": {
        "type": "Point",
        "coordinates": [
          9.7376172,
          4.3557634
        ]
      },
      "id": "node/2467814215"
    },
    {
      "type": "Feature",
      "properties": {
        "@id": "node/2467814216",
        "name": "Mbome Ngwandang",
        "place": "village",
        "source": "WRI_2005"
      },
      "geometry": {
        "type": "Point",
        "coordinates": [
          9.6482549,
          4.5598811
        ]
      },
      "id": "node/2467814216"
    },
    {
      "type": "Feature",
      "properties": {
        "@id": "node/2467814218",
        "name": "Mbondjo I",
        "place": "village",
        "source": "WRI_2005"
      },
      "geometry": {
        "type": "Point",
        "coordinates": [
          9.5421861,
          4.2265586
        ]
      },
      "id": "node/2467814218"
    },
    {
      "type": "Feature",
      "properties": {
        "@id": "node/2467814219",
        "name": "Mbondjo II",
        "place": "village",
        "source": "WRI_2005"
      },
      "geometry": {
        "type": "Point",
        "coordinates": [
          9.5223691,
          4.2161627
        ]
      },
      "id": "node/2467814219"
    },
    {
      "type": "Feature",
      "properties": {
        "@id": "node/2467814227",
        "fixme": "no imagery",
        "name": "Mbouma",
        "place": "village",
        "source": "WRI_2005"
      },
      "geometry": {
        "type": "Point",
        "coordinates": [
          9.8215932,
          4.2557502
        ]
      },
      "id": "node/2467814227"
    },
    {
      "type": "Feature",
      "properties": {
        "@id": "node/2467814241",
        "name": "Miang",
        "place": "village",
        "source": "WRI_2005"
      },
      "geometry": {
        "type": "Point",
        "coordinates": [
          9.7002763,
          4.2941354
        ]
      },
      "id": "node/2467814241"
    },
    {
      "type": "Feature",
      "properties": {
        "@id": "node/2467814242",
        "name": "Miné",
        "place": "village",
        "source": "WRI_2005"
      },
      "geometry": {
        "type": "Point",
        "coordinates": [
          10.302227,
          4.9178745
        ]
      },
      "id": "node/2467814242"
    },
    {
      "type": "Feature",
      "properties": {
        "@id": "node/2467814260",
        "name": "Mombo Gare",
        "place": "village",
        "source": "WRI_2005"
      },
      "geometry": {
        "type": "Point",
        "coordinates": [
          9.5926394,
          4.5714785
        ]
      },
      "id": "node/2467814260"
    },
    {
      "type": "Feature",
      "properties": {
        "@id": "node/2467814268",
        "name": "Moukala Tanda",
        "place": "village",
        "source": "WRI_2005"
      },
      "geometry": {
        "type": "Point",
        "coordinates": [
          9.5791189,
          4.0075448
        ]
      },
      "id": "node/2467814268"
    },
    {
      "type": "Feature",
      "properties": {
        "@id": "node/2467814269",
        "name": "Moumékeng",
        "place": "village",
        "source": "WRI_2005"
      },
      "geometry": {
        "type": "Point",
        "coordinates": [
          9.7961819,
          4.9823733
        ]
      },
      "id": "node/2467814269"
    },
    {
      "type": "Feature",
      "properties": {
        "@id": "node/2467814271",
        "name": "Moungangué",
        "place": "village",
        "source": "WRI_2005"
      },
      "geometry": {
        "type": "Point",
        "coordinates": [
          9.5313875,
          4.0271015
        ]
      },
      "id": "node/2467814271"
    },
    {
      "type": "Feature",
      "properties": {
        "@id": "node/2467814272",
        "name": "Mounko",
        "place": "village",
        "source": "WRI_2005"
      },
      "geometry": {
        "type": "Point",
        "coordinates": [
          10.038701,
          5.0420321
        ]
      },
      "id": "node/2467814272"
    },
    {
      "type": "Feature",
      "properties": {
        "@id": "node/2467814273",
        "name": "Moussadi",
        "place": "village",
        "source": "WRI_2005"
      },
      "geometry": {
        "type": "Point",
        "coordinates": [
          9.8007804,
          4.2458272
        ]
      },
      "id": "node/2467814273"
    },
    {
      "type": "Feature",
      "properties": {
        "@id": "node/2467814275",
        "name": "Mouyouka I",
        "place": "village",
        "source": "WRI_2005"
      },
      "geometry": {
        "type": "Point",
        "coordinates": [
          9.5687398,
          4.4601253
        ]
      },
      "id": "node/2467814275"
    },
    {
      "type": "Feature",
      "properties": {
        "@id": "node/2467814276",
        "name": "Mouyouka II",
        "place": "village",
        "source": "WRI_2005"
      },
      "geometry": {
        "type": "Point",
        "coordinates": [
          9.5655674,
          4.4342565
        ]
      },
      "id": "node/2467814276"
    },
    {
      "type": "Feature",
      "properties": {
        "@id": "node/2467814279",
        "name": "Moya",
        "place": "village",
        "source": "WRI_2005"
      },
      "geometry": {
        "type": "Point",
        "coordinates": [
          10.3674095,
          4.9639763
        ]
      },
      "id": "node/2467814279"
    },
    {
      "type": "Feature",
      "properties": {
        "@id": "node/2467814297",
        "name": "Mwakoumel",
        "place": "village",
        "source": "WRI_2005"
      },
      "geometry": {
        "type": "Point",
        "coordinates": [
          9.7915911,
          4.97354
        ]
      },
      "id": "node/2467814297"
    },
    {
      "type": "Feature",
      "properties": {
        "@id": "node/2467814298",
        "name": "Mwandong",
        "place": "village",
        "source": "WRI_2005"
      },
      "geometry": {
        "type": "Point",
        "coordinates": [
          9.7883659,
          4.9989239
        ]
      },
      "id": "node/2467814298"
    },
    {
      "type": "Feature",
      "properties": {
        "@id": "node/2467814300",
        "name": "Mwanyambé",
        "place": "village",
        "source": "WRI_2005"
      },
      "geometry": {
        "type": "Point",
        "coordinates": [
          9.7210799,
          4.3827097
        ]
      },
      "id": "node/2467814300"
    },
    {
      "type": "Feature",
      "properties": {
        "@id": "node/2467814302",
        "name": "Nachtigal Bekeke",
        "place": "village",
        "source": "WRI_2005"
      },
      "geometry": {
        "type": "Point",
        "coordinates": [
          9.5071918,
          4.3540174
        ]
      },
      "id": "node/2467814302"
    },
    {
      "type": "Feature",
      "properties": {
        "@id": "node/2467814305",
        "name": "Namba",
        "place": "village",
        "source": "WRI_2005"
      },
      "geometry": {
        "type": "Point",
        "coordinates": [
          9.8278869,
          4.8614576
        ]
      },
      "id": "node/2467814305"
    },
    {
      "type": "Feature",
      "properties": {
        "@id": "node/2467814306",
        "name": "Ndem",
        "place": "village",
        "source": "WRI_2005"
      },
      "geometry": {
        "type": "Point",
        "coordinates": [
          10.3276797,
          4.5508652
        ]
      },
      "id": "node/2467814306"
    },
    {
      "type": "Feature",
      "properties": {
        "@id": "node/2467814308",
        "name": "Ndiang",
        "place": "village",
        "source": "WRI_2005"
      },
      "geometry": {
        "type": "Point",
        "coordinates": [
          9.8707392,
          4.7689545
        ]
      },
      "id": "node/2467814308"
    },
    {
      "type": "Feature",
      "properties": {
        "@id": "node/2467814313",
        "name": "Ndjingang",
        "place": "village",
        "source": "WRI_2005"
      },
      "geometry": {
        "type": "Point",
        "coordinates": [
          10.2207593,
          4.9704416
        ]
      },
      "id": "node/2467814313"
    },
    {
      "type": "Feature",
      "properties": {
        "@id": "node/2467814315",
        "alt_name": "Ndock Biang; Ndog Biang; Ndobian; Nord-Makombé",
        "name": "Ndobian ( Nord-Makombé)",
        "note": "rank=0 car commune",
        "place": "town",
        "rank": "0",
        "source": "WRI_2005",
        "wikidata": "Q3337490"
      },
      "geometry": {
        "type": "Point",
        "coordinates": [
          10.337769,
          4.990348
        ]
      },
      "id": "node/2467814315"
    },
    {
      "type": "Feature",
      "properties": {
        "@id": "node/2467814317",
        "name": "Ndoh Beach",
        "place": "village",
        "source": "WRI_2005"
      },
      "geometry": {
        "type": "Point",
        "coordinates": [
          9.5058346,
          4.5154629
        ]
      },
      "id": "node/2467814317"
    },
    {
      "type": "Feature",
      "properties": {
        "@id": "node/2467814318",
        "name": "Ndoh I",
        "place": "village",
        "source": "WRI_2005"
      },
      "geometry": {
        "type": "Point",
        "coordinates": [
          9.5484732,
          4.4765398
        ]
      },
      "id": "node/2467814318"
    },
    {
      "type": "Feature",
      "properties": {
        "@id": "node/2467814319",
        "name": "Ndoh II",
        "place": "village",
        "source": "WRI_2005"
      },
      "geometry": {
        "type": "Point",
        "coordinates": [
          9.5365512,
          4.4921696
        ]
      },
      "id": "node/2467814319"
    },
    {
      "type": "Feature",
      "properties": {
        "@id": "node/2467814322",
        "name": "Ndokmoueng",
        "place": "village",
        "source:date": "1963",
        "source_ref": "ORSTOM 1963"
      },
      "geometry": {
        "type": "Point",
        "coordinates": [
          10.1555943,
          4.4503939
        ]
      },
      "id": "node/2467814322"
    },
    {
      "type": "Feature",
      "properties": {
        "@id": "node/2467814323",
        "name": "Ndokama",
        "place": "village",
        "source": "WRI_2005",
        "source:date": "1963",
        "source_ref": "ORSTOM 1963"
      },
      "geometry": {
        "type": "Point",
        "coordinates": [
          10.0729577,
          4.2540169
        ]
      },
      "id": "node/2467814323"
    },
    {
      "type": "Feature",
      "properties": {
        "@id": "node/2467814325",
        "name": "Ndokanyak",
        "place": "village",
        "source": "WRI_2005"
      },
      "geometry": {
        "type": "Point",
        "coordinates": [
          10.2831394,
          4.5409058
        ]
      },
      "id": "node/2467814325"
    },
    {
      "type": "Feature",
      "properties": {
        "@id": "node/2467814326",
        "name": "Ndokati I",
        "place": "village",
        "source": "WRI_2005"
      },
      "geometry": {
        "type": "Point",
        "coordinates": [
          10.0618368,
          4.5718871
        ]
      },
      "id": "node/2467814326"
    },
    {
      "type": "Feature",
      "properties": {
        "@id": "node/2467814327",
        "name": "Ndokati II",
        "place": "village",
        "source": "WRI_2005"
      },
      "geometry": {
        "type": "Point",
        "coordinates": [
          10.0735292,
          4.5875266
        ]
      },
      "id": "node/2467814327"
    },
    {
      "type": "Feature",
      "properties": {
        "@id": "node/2467814332",
        "name": "Ndokbakand",
        "place": "village",
        "source": "WRI_2005",
        "source:date": "1963",
        "source_ref": "ORSTOM 1963"
      },
      "geometry": {
        "type": "Point",
        "coordinates": [
          10.1761901,
          4.480514
        ]
      },
      "id": "node/2467814332"
    },
    {
      "type": "Feature",
      "properties": {
        "@id": "node/2467814333",
        "name": "Ndokban",
        "place": "village",
        "source": "WRI_2005"
      },
      "geometry": {
        "type": "Point",
        "coordinates": [
          10.2914486,
          4.7548902
        ]
      },
      "id": "node/2467814333"
    },
    {
      "type": "Feature",
      "properties": {
        "@id": "node/2467814337",
        "name": "Ndokbong",
        "place": "village",
        "source": "WRI_2005"
      },
      "geometry": {
        "type": "Point",
        "coordinates": [
          9.9519543,
          4.5118635
        ]
      },
      "id": "node/2467814337"
    },
    {
      "type": "Feature",
      "properties": {
        "@id": "node/2467814338",
        "name": "Ndokbong",
        "place": "village",
        "source": "WRI_2005"
      },
      "geometry": {
        "type": "Point",
        "coordinates": [
          9.9677019,
          4.5878405
        ]
      },
      "id": "node/2467814338"
    },
    {
      "type": "Feature",
      "properties": {
        "@id": "node/2467814339",
        "name": "Ndokbékot",
        "place": "village",
        "source": "WRI_2005"
      },
      "geometry": {
        "type": "Point",
        "coordinates": [
          10.0277939,
          4.5680523
        ]
      },
      "id": "node/2467814339"
    },
    {
      "type": "Feature",
      "properties": {
        "@id": "node/2467814342",
        "name": "Ndokfaya Fée",
        "place": "village",
        "source": "WRI_2005"
      },
      "geometry": {
        "type": "Point",
        "coordinates": [
          10.0791407,
          4.4235436
        ]
      },
      "id": "node/2467814342"
    },
    {
      "type": "Feature",
      "properties": {
        "@id": "node/2467814343",
        "name": "Ndokfaya",
        "place": "village",
        "source": "WRI_2005"
      },
      "geometry": {
        "type": "Point",
        "coordinates": [
          10.1965176,
          4.4922424
        ]
      },
      "id": "node/2467814343"
    },
    {
      "type": "Feature",
      "properties": {
        "@id": "node/2467814345",
        "name": "Ndokiamen",
        "place": "village",
        "source": "WRI_2005"
      },
      "geometry": {
        "type": "Point",
        "coordinates": [
          9.9377275,
          4.5279727
        ]
      },
      "id": "node/2467814345"
    },
    {
      "type": "Feature",
      "properties": {
        "@id": "node/2467814346",
        "name": "Ndokiti II",
        "place": "village",
        "source": "WRI_2005"
      },
      "geometry": {
        "type": "Point",
        "coordinates": [
          10.2165961,
          4.704962
        ]
      },
      "id": "node/2467814346"
    },
    {
      "type": "Feature",
      "properties": {
        "@id": "node/2467814347",
        "name": "Ndokiti III",
        "place": "village",
        "source": "WRI_2005"
      },
      "geometry": {
        "type": "Point",
        "coordinates": [
          10.2635829,
          4.7067085
        ]
      },
      "id": "node/2467814347"
    },
    {
      "type": "Feature",
      "properties": {
        "@id": "node/2467814349",
        "name": "Ndokmatchang",
        "place": "village",
        "source": "WRI_2005"
      },
      "geometry": {
        "type": "Point",
        "coordinates": [
          10.2852996,
          4.5742523
        ]
      },
      "id": "node/2467814349"
    },
    {
      "type": "Feature",
      "properties": {
        "@id": "node/2467814350",
        "name": "Ndokmbang",
        "place": "village",
        "source": "WRI_2005"
      },
      "geometry": {
        "type": "Point",
        "coordinates": [
          10.1738931,
          4.9789088
        ]
      },
      "id": "node/2467814350"
    },
    {
      "type": "Feature",
      "properties": {
        "@id": "node/2467814352",
        "name": "Ndokmbouné",
        "place": "village",
        "source": "WRI_2005"
      },
      "geometry": {
        "type": "Point",
        "coordinates": [
          10.2670252,
          4.9293993
        ]
      },
      "id": "node/2467814352"
    },
    {
      "type": "Feature",
      "properties": {
        "@id": "node/2467814353",
        "name": "Ndokmem I",
        "place": "village",
        "source": "WRI_2005"
      },
      "geometry": {
        "type": "Point",
        "coordinates": [
          10.2862069,
          4.5126053
        ]
      },
      "id": "node/2467814353"
    },
    {
      "type": "Feature",
      "properties": {
        "@id": "node/2467814354",
        "name": "Ndoknak",
        "place": "village",
        "source": "WRI_2005"
      },
      "geometry": {
        "type": "Point",
        "coordinates": [
          9.8968877,
          4.6542003
        ]
      },
      "id": "node/2467814354"
    },
    {
      "type": "Feature",
      "properties": {
        "@id": "node/2467814355",
        "name": "Ndokndak I",
        "place": "village",
        "source": "WRI_2005"
      },
      "geometry": {
        "type": "Point",
        "coordinates": [
          10.1208929,
          4.3842835
        ]
      },
      "id": "node/2467814355"
    },
    {
      "type": "Feature",
      "properties": {
        "@id": "node/2467814360",
        "name": "Ndokpenda",
        "place": "village",
        "source": "WRI_2005"
      },
      "geometry": {
        "type": "Point",
        "coordinates": [
          9.9033703,
          4.5412471
        ]
      },
      "id": "node/2467814360"
    },
    {
      "type": "Feature",
      "properties": {
        "@id": "node/2467814361",
        "name": "Ndokpo",
        "place": "village",
        "source": "WRI_2005"
      },
      "geometry": {
        "type": "Point",
        "coordinates": [
          9.9423056,
          4.5474702
        ]
      },
      "id": "node/2467814361"
    },
    {
      "type": "Feature",
      "properties": {
        "@id": "node/2467814363",
        "name": "Ndoksom",
        "place": "village",
        "source": "WRI_2005"
      },
      "geometry": {
        "type": "Point",
        "coordinates": [
          10.0217695,
          4.3590782
        ]
      },
      "id": "node/2467814363"
    },
    {
      "type": "Feature",
      "properties": {
        "@id": "node/2467814364",
        "name": "Ndoktiba",
        "place": "village",
        "source": "WRI_2005"
      },
      "geometry": {
        "type": "Point",
        "coordinates": [
          10.2991321,
          4.7296521
        ]
      },
      "id": "node/2467814364"
    },
    {
      "type": "Feature",
      "properties": {
        "@id": "node/2467814365",
        "name": "Ndom Bakem",
        "place": "village",
        "source": "WRI_2005"
      },
      "geometry": {
        "type": "Point",
        "coordinates": [
          10.0376402,
          4.9673532
        ]
      },
      "id": "node/2467814365"
    },
    {
      "type": "Feature",
      "properties": {
        "@id": "node/2467814367",
        "name": "Ndomalang",
        "place": "village",
        "source": "WRI_2005"
      },
      "geometry": {
        "type": "Point",
        "coordinates": [
          10.1706211,
          4.9598474
        ]
      },
      "id": "node/2467814367"
    },
    {
      "type": "Feature",
      "properties": {
        "@id": "node/2467814368",
        "name": "Ndombenn",
        "place": "village",
        "source": "WRI_2005"
      },
      "geometry": {
        "type": "Point",
        "coordinates": [
          9.8703038,
          4.9328917
        ]
      },
      "id": "node/2467814368"
    },
    {
      "type": "Feature",
      "properties": {
        "@id": "node/2467814371",
        "name": "Ndongo",
        "place": "village",
        "source": "WRI_2005"
      },
      "geometry": {
        "type": "Point",
        "coordinates": [
          9.6892065,
          4.2625817
        ]
      },
      "id": "node/2467814371"
    },
    {
      "type": "Feature",
      "properties": {
        "@id": "node/2467814373",
        "name": "Ndoto I",
        "place": "village",
        "source": "WRI_2005"
      },
      "geometry": {
        "type": "Point",
        "coordinates": [
          10.2704644,
          4.9888257
        ]
      },
      "id": "node/2467814373"
    },
    {
      "type": "Feature",
      "properties": {
        "@id": "node/2467814375",
        "name": "Ndoto II",
        "place": "village",
        "source": "WRI_2005"
      },
      "geometry": {
        "type": "Point",
        "coordinates": [
          10.2888076,
          4.9786938
        ]
      },
      "id": "node/2467814375"
    },
    {
      "type": "Feature",
      "properties": {
        "@id": "node/2467814376",
        "name": "Ndouembot",
        "place": "village",
        "source": "WRI_2005"
      },
      "geometry": {
        "type": "Point",
        "coordinates": [
          10.0801079,
          4.9741275
        ]
      },
      "id": "node/2467814376"
    },
    {
      "type": "Feature",
      "properties": {
        "@id": "node/2467814377",
        "name": "Ndouenke",
        "place": "village",
        "source": "WRI_2005"
      },
      "geometry": {
        "type": "Point",
        "coordinates": [
          10.0661701,
          4.9643772
        ]
      },
      "id": "node/2467814377"
    },
    {
      "type": "Feature",
      "properties": {
        "@id": "node/2467814379",
        "name": "Ndoungue",
        "place": "village",
        "source": "WRI_2005"
      },
      "geometry": {
        "type": "Point",
        "coordinates": [
          9.8955135,
          4.9190488
        ]
      },
      "id": "node/2467814379"
    },
    {
      "type": "Feature",
      "properties": {
        "@id": "node/2467814390",
        "name": "Ngol",
        "place": "village",
        "source": "WRI_2005"
      },
      "geometry": {
        "type": "Point",
        "coordinates": [
          9.7964118,
          4.883941
        ]
      },
      "id": "node/2467814390"
    },
    {
      "type": "Feature",
      "properties": {
        "@id": "node/2467814392",
        "name": "Ngoma",
        "place": "village",
        "source": "WRI_2005"
      },
      "geometry": {
        "type": "Point",
        "coordinates": [
          10.3643503,
          4.9176227
        ]
      },
      "id": "node/2467814392"
    },
    {
      "type": "Feature",
      "properties": {
        "@id": "node/2467814393",
        "name": "Ngoman",
        "place": "village",
        "source": "WRI_2005"
      },
      "geometry": {
        "type": "Point",
        "coordinates": [
          10.2601325,
          4.9667882
        ]
      },
      "id": "node/2467814393"
    },
    {
      "type": "Feature",
      "properties": {
        "@id": "node/2467814396",
        "name": "Ngondo",
        "place": "village",
        "source": "WRI_2005"
      },
      "geometry": {
        "type": "Point",
        "coordinates": [
          9.936247,
          4.7151436
        ]
      },
      "id": "node/2467814396"
    },
    {
      "type": "Feature",
      "properties": {
        "@id": "node/2467814398",
        "name": "Ngwa",
        "place": "village",
        "source": "WRI_2005"
      },
      "geometry": {
        "type": "Point",
        "coordinates": [
          9.9208446,
          4.9119499
        ]
      },
      "id": "node/2467814398"
    },
    {
      "type": "Feature",
      "properties": {
        "@id": "node/2467814401",
        "name": "Njoumbeng",
        "place": "village",
        "source": "WRI_2005"
      },
      "geometry": {
        "type": "Point",
        "coordinates": [
          9.8124649,
          4.935189
        ]
      },
      "id": "node/2467814401"
    },
    {
      "type": "Feature",
      "properties": {
        "@id": "node/2467814404",
        "name": "Nkendé",
        "place": "village",
        "source": "WRI_2005"
      },
      "geometry": {
        "type": "Point",
        "coordinates": [
          9.6064371,
          4.2027997
        ]
      },
      "id": "node/2467814404"
    },
    {
      "type": "Feature",
      "properties": {
        "@id": "node/2467814405",
        "name": "Nkokbang Matin",
        "place": "village",
        "source": "WRI_2005"
      },
      "geometry": {
        "type": "Point",
        "coordinates": [
          10.2994773,
          4.9266905
        ]
      },
      "id": "node/2467814405"
    },
    {
      "type": "Feature",
      "properties": {
        "@id": "node/2467814407",
        "name": "Nkokem",
        "place": "village",
        "source": "WRI_2005"
      },
      "geometry": {
        "type": "Point",
        "coordinates": [
          9.8795927,
          4.5429214
        ]
      },
      "id": "node/2467814407"
    },
    {
      "type": "Feature",
      "properties": {
        "@id": "node/2467814409",
        "name": "Nkongmalang",
        "place": "village",
        "source": "WRI_2005"
      },
      "geometry": {
        "type": "Point",
        "coordinates": [
          10.2240271,
          4.8089613
        ]
      },
      "id": "node/2467814409"
    },
    {
      "type": "Feature",
      "properties": {
        "@id": "node/2467814410",
        "name": "Nkoniambot",
        "place": "village",
        "source": "WRI_2005"
      },
      "geometry": {
        "type": "Point",
        "coordinates": [
          10.0584825,
          4.9832177
        ]
      },
      "id": "node/2467814410"
    },
    {
      "type": "Feature",
      "properties": {
        "@id": "node/2467814411",
        "name": "Nkwangsi I",
        "place": "village",
        "source": "WRI_2005"
      },
      "geometry": {
        "type": "Point",
        "coordinates": [
          9.593147,
          4.519293
        ]
      },
      "id": "node/2467814411"
    },
    {
      "type": "Feature",
      "properties": {
        "@id": "node/2467814412",
        "name": "Nkwangsi II",
        "place": "village",
        "source": "WRI_2005"
      },
      "geometry": {
        "type": "Point",
        "coordinates": [
          9.5705358,
          4.5326161
        ]
      },
      "id": "node/2467814412"
    },
    {
      "type": "Feature",
      "properties": {
        "@id": "node/2467814414",
        "name": "Nkwangsi II",
        "place": "village",
        "source": "WRI_2005"
      },
      "geometry": {
        "type": "Point",
        "coordinates": [
          9.5508641,
          4.5527263
        ]
      },
      "id": "node/2467814414"
    },
    {
      "type": "Feature",
      "properties": {
        "@id": "node/2467814418",
        "name": "Fangué",
        "place": "village",
        "source": "WRI_2005",
        "source:date": "1963",
        "source_ref": "ORSTOM 1963"
      },
      "geometry": {
        "type": "Point",
        "coordinates": [
          10.3677151,
          4.5112477
        ]
      },
      "id": "node/2467814418"
    },
    {
      "type": "Feature",
      "properties": {
        "@id": "node/2467814419",
        "name": "Nsaké Ndoundak",
        "place": "village",
        "source": "WRI_2005"
      },
      "geometry": {
        "type": "Point",
        "coordinates": [
          10.0114007,
          4.374115
        ]
      },
      "id": "node/2467814419"
    },
    {
      "type": "Feature",
      "properties": {
        "@id": "node/2467814421",
        "name": "Nsong",
        "place": "village",
        "source": "WRI_2005"
      },
      "geometry": {
        "type": "Point",
        "coordinates": [
          9.8117628,
          4.9855958
        ]
      },
      "id": "node/2467814421"
    },
    {
      "type": "Feature",
      "properties": {
        "@id": "node/2467814423",
        "name": "Ntangtong",
        "place": "village",
        "source": "WRI_2005"
      },
      "geometry": {
        "type": "Point",
        "coordinates": [
          10.0793869,
          4.9795782
        ]
      },
      "id": "node/2467814423"
    },
    {
      "type": "Feature",
      "properties": {
        "@id": "node/2467814428",
        "name": "Nyamsa",
        "place": "village",
        "source": "WRI_2005"
      },
      "geometry": {
        "type": "Point",
        "coordinates": [
          9.8698278,
          4.7522006
        ]
      },
      "id": "node/2467814428"
    },
    {
      "type": "Feature",
      "properties": {
        "@id": "node/2467814431",
        "name": "Nyanga",
        "place": "village",
        "source": "WRI_2005"
      },
      "geometry": {
        "type": "Point",
        "coordinates": [
          9.7689201,
          4.6035966
        ]
      },
      "id": "node/2467814431"
    },
    {
      "type": "Feature",
      "properties": {
        "@id": "node/2467814437",
        "name": "Penda Mboko",
        "place": "village",
        "source": "WRI_2005"
      },
      "geometry": {
        "type": "Point",
        "coordinates": [
          9.4465157,
          4.2696846
        ]
      },
      "id": "node/2467814437"
    },
    {
      "type": "Feature",
      "properties": {
        "@id": "node/2467814443",
        "name": "Petit Toubé",
        "place": "village",
        "source": "WRI_2005"
      },
      "geometry": {
        "type": "Point",
        "coordinates": [
          9.4415361,
          3.8965893
        ]
      },
      "id": "node/2467814443"
    },
    {
      "type": "Feature",
      "properties": {
        "@id": "node/2467814448",
        "name": "Sahé",
        "place": "village",
        "source": "WRI_2005"
      },
      "geometry": {
        "type": "Point",
        "coordinates": [
          10.2200538,
          4.8282323
        ]
      },
      "id": "node/2467814448"
    },
    {
      "type": "Feature",
      "properties": {
        "@id": "node/2467814450",
        "name": "Salaka",
        "place": "village",
        "source": "WRI_2005"
      },
      "geometry": {
        "type": "Point",
        "coordinates": [
          9.9433644,
          4.7080986
        ]
      },
      "id": "node/2467814450"
    },
    {
      "type": "Feature",
      "properties": {
        "@id": "node/2467814452",
        "name": "Salmoa",
        "place": "village",
        "source": "WRI_2005"
      },
      "geometry": {
        "type": "Point",
        "coordinates": [
          9.8593217,
          4.9204855
        ]
      },
      "id": "node/2467814452"
    },
    {
      "type": "Feature",
      "properties": {
        "@id": "node/2467814458",
        "name": "Singuendiang",
        "place": "village",
        "source": "WRI_2005"
      },
      "geometry": {
        "type": "Point",
        "coordinates": [
          9.8651813,
          4.7420681
        ]
      },
      "id": "node/2467814458"
    },
    {
      "type": "Feature",
      "properties": {
        "@id": "node/2467814467",
        "name": "Solé",
        "place": "village",
        "source": "WRI_2005"
      },
      "geometry": {
        "type": "Point",
        "coordinates": [
          9.806569,
          4.6059735
        ]
      },
      "id": "node/2467814467"
    },
    {
      "type": "Feature",
      "properties": {
        "@id": "node/2467814468",
        "name": "Sombe Nsak",
        "place": "village",
        "source": "WRI_2005"
      },
      "geometry": {
        "type": "Point",
        "coordinates": [
          10.1811034,
          4.9310433
        ]
      },
      "id": "node/2467814468"
    },
    {
      "type": "Feature",
      "properties": {
        "@id": "node/2467814472",
        "name": "Souza Gare",
        "place": "village",
        "source": "WRI_2005"
      },
      "geometry": {
        "type": "Point",
        "coordinates": [
          9.6164225,
          4.2322058
        ]
      },
      "id": "node/2467814472"
    },
    {
      "type": "Feature",
      "properties": {
        "@id": "node/2467814473",
        "name": "Sud",
        "place": "village",
        "source": "WRI_2005"
      },
      "geometry": {
        "type": "Point",
        "coordinates": [
          10.2796274,
          4.513405
        ]
      },
      "id": "node/2467814473"
    },
    {
      "type": "Feature",
      "properties": {
        "@id": "node/2467814475",
        "name": "Tam",
        "place": "village",
        "source": "WRI_2005"
      },
      "geometry": {
        "type": "Point",
        "coordinates": [
          10.2952334,
          4.7823179
        ]
      },
      "id": "node/2467814475"
    },
    {
      "type": "Feature",
      "properties": {
        "@id": "node/2467814479",
        "name": "Timté",
        "place": "village",
        "source": "WRI_2005"
      },
      "geometry": {
        "type": "Point",
        "coordinates": [
          10.090266,
          4.5378894
        ]
      },
      "id": "node/2467814479"
    },
    {
      "type": "Feature",
      "properties": {
        "@id": "node/2467814482",
        "name": "Tondé",
        "place": "village",
        "source": "WRI_2005"
      },
      "geometry": {
        "type": "Point",
        "coordinates": [
          9.8440403,
          4.21952
        ]
      },
      "id": "node/2467814482"
    },
    {
      "type": "Feature",
      "properties": {
        "@id": "node/2467814483",
        "name": "Tongo",
        "place": "village",
        "source": "WRI_2005"
      },
      "geometry": {
        "type": "Point",
        "coordinates": [
          10.4084971,
          4.900046
        ]
      },
      "id": "node/2467814483"
    },
    {
      "type": "Feature",
      "properties": {
        "@id": "node/2467814484",
        "name": "Toumbassala",
        "place": "village",
        "source": "WRI_2005"
      },
      "geometry": {
        "type": "Point",
        "coordinates": [
          10.1581466,
          4.6975741
        ]
      },
      "id": "node/2467814484"
    },
    {
      "type": "Feature",
      "properties": {
        "@id": "node/2467814492",
        "name": "Yabien",
        "place": "village",
        "source": "WRI_2005"
      },
      "geometry": {
        "type": "Point",
        "coordinates": [
          10.3474578,
          4.9477131
        ]
      },
      "id": "node/2467814492"
    },
    {
      "type": "Feature",
      "properties": {
        "@id": "node/2467814493",
        "name": "Yabéa",
        "place": "village",
        "source": "WRI_2005"
      },
      "geometry": {
        "type": "Point",
        "coordinates": [
          9.718135,
          4.20238
        ]
      },
      "id": "node/2467814493"
    },
    {
      "type": "Feature",
      "properties": {
        "@id": "node/2467814494",
        "name": "Yamissang III",
        "place": "village",
        "source": "WRI_2005"
      },
      "geometry": {
        "type": "Point",
        "coordinates": [
          10.3125353,
          4.9411866
        ]
      },
      "id": "node/2467814494"
    },
    {
      "type": "Feature",
      "properties": {
        "@id": "node/2467814496",
        "name": "Yamissang III",
        "place": "village",
        "source": "WRI_2005"
      },
      "geometry": {
        "type": "Point",
        "coordinates": [
          10.3234542,
          4.9553819
        ]
      },
      "id": "node/2467814496"
    },
    {
      "type": "Feature",
      "properties": {
        "@id": "node/2467814497",
        "name": "Yandom",
        "place": "village",
        "source": "WRI_2005"
      },
      "geometry": {
        "type": "Point",
        "coordinates": [
          9.6751664,
          4.1789278
        ]
      },
      "id": "node/2467814497"
    },
    {
      "type": "Feature",
      "properties": {
        "@id": "node/2467814498",
        "name": "Yandoungou",
        "place": "village",
        "source": "WRI_2005"
      },
      "geometry": {
        "type": "Point",
        "coordinates": [
          9.6937542,
          4.171483
        ]
      },
      "id": "node/2467814498"
    },
    {
      "type": "Feature",
      "properties": {
        "@id": "node/2467814500",
        "name": "Yassem",
        "place": "village",
        "source": "WRI_2005"
      },
      "geometry": {
        "type": "Point",
        "coordinates": [
          9.751245,
          4.1875558
        ]
      },
      "id": "node/2467814500"
    },
    {
      "type": "Feature",
      "properties": {
        "@id": "node/2467814502",
        "name": "Yingui II",
        "place": "village",
        "source": "WRI_2005",
        "source_ref": "ORSTOM 1963"
      },
      "geometry": {
        "type": "Point",
        "coordinates": [
          10.3352967,
          4.5415631
        ]
      },
      "id": "node/2467814502"
    },
    {
      "type": "Feature",
      "properties": {
        "@id": "node/2467972977",
        "name": "Baptek",
        "place": "village",
        "source": "WRI_2005"
      },
      "geometry": {
        "type": "Point",
        "coordinates": [
          10.7888266,
          4.3437922
        ]
      },
      "id": "node/2467972977"
    },
    {
      "type": "Feature",
      "properties": {
        "@id": "node/2467972979",
        "name": "Bareok",
        "place": "village",
        "source": "WRI_2005"
      },
      "geometry": {
        "type": "Point",
        "coordinates": [
          9.9727401,
          4.9809752
        ]
      },
      "id": "node/2467972979"
    },
    {
      "type": "Feature",
      "properties": {
        "@id": "node/2467972980",
        "name": "Baré",
        "place": "village",
        "source": "WRI_2005",
        "wikidata": "Q2886259"
      },
      "geometry": {
        "type": "Point",
        "coordinates": [
          9.9647399,
          5.005255
        ]
      },
      "id": "node/2467972980"
    },
    {
      "type": "Feature",
      "properties": {
        "@id": "node/2467972981",
        "alt_name": "Baréko; Baré-Bakem",
        "name": "Baréko (Baré-Bakem)",
        "note": "rank=0 car commune",
        "place": "town",
        "rank": "0",
        "source": "WRI_2005"
      },
      "geometry": {
        "type": "Point",
        "coordinates": [
          9.9652243,
          5.0195258
        ]
      },
      "id": "node/2467972981"
    },
    {
      "type": "Feature",
      "properties": {
        "@id": "node/2467973013",
        "name": "Bilangue",
        "place": "village",
        "source": "WRI_2005"
      },
      "geometry": {
        "type": "Point",
        "coordinates": [
          10.9848241,
          4.1949519
        ]
      },
      "id": "node/2467973013"
    },
    {
      "type": "Feature",
      "properties": {
        "@id": "node/2467973016",
        "name": "Bilangué",
        "place": "village",
        "source": "WRI_2005"
      },
      "geometry": {
        "type": "Point",
        "coordinates": [
          11.0024099,
          4.1974685
        ]
      },
      "id": "node/2467973016"
    },
    {
      "type": "Feature",
      "properties": {
        "@id": "node/2467973031",
        "name": "Binoum",
        "place": "village",
        "source": "WRI_2005"
      },
      "geometry": {
        "type": "Point",
        "coordinates": [
          11.0366912,
          4.2265325
        ]
      },
      "id": "node/2467973031"
    },
    {
      "type": "Feature",
      "properties": {
        "@id": "node/2467973035",
        "name": "Bipok",
        "place": "village",
        "source": "WRI_2005"
      },
      "geometry": {
        "type": "Point",
        "coordinates": [
          10.8136132,
          4.4454346
        ]
      },
      "id": "node/2467973035"
    },
    {
      "type": "Feature",
      "properties": {
        "@id": "node/2467973063",
        "name": "Bodbambay",
        "place": "village",
        "source": "WRI_2005"
      },
      "geometry": {
        "type": "Point",
        "coordinates": [
          10.8099862,
          4.4630471
        ]
      },
      "id": "node/2467973063"
    },
    {
      "type": "Feature",
      "properties": {
        "@id": "node/2467973067",
        "name": "Bodi",
        "place": "village",
        "source": "WRI_2005"
      },
      "geometry": {
        "type": "Point",
        "coordinates": [
          10.862796,
          4.1562244
        ]
      },
      "id": "node/2467973067"
    },
    {
      "type": "Feature",
      "properties": {
        "@id": "node/2467973070",
        "name": "Bodipo",
        "place": "village",
        "source": "WRI_2005"
      },
      "geometry": {
        "type": "Point",
        "coordinates": [
          10.7140604,
          4.3699056
        ]
      },
      "id": "node/2467973070"
    },
    {
      "type": "Feature",
      "properties": {
        "@id": "node/2467973077",
        "name": "Bodkang",
        "place": "village",
        "source": "WRI_2005"
      },
      "geometry": {
        "type": "Point",
        "coordinates": [
          10.8408433,
          4.4153957
        ]
      },
      "id": "node/2467973077"
    },
    {
      "type": "Feature",
      "properties": {
        "@id": "node/2467973085",
        "name": "Bolikol",
        "place": "village",
        "source": "WRI_2005"
      },
      "geometry": {
        "type": "Point",
        "coordinates": [
          10.918536,
          4.1403029
        ]
      },
      "id": "node/2467973085"
    },
    {
      "type": "Feature",
      "properties": {
        "@id": "node/2467973088",
        "name": "Bomakondo",
        "place": "village",
        "source": "WRI_2005"
      },
      "geometry": {
        "type": "Point",
        "coordinates": [
          10.8224473,
          4.5813984
        ]
      },
      "id": "node/2467973088"
    },
    {
      "type": "Feature",
      "properties": {
        "@id": "node/2467973100",
        "name": "Bonepoupa I",
        "place": "village",
        "source": "WRI_2005"
      },
      "geometry": {
        "type": "Point",
        "coordinates": [
          10.0380144,
          4.0758297
        ]
      },
      "id": "node/2467973100"
    },
    {
      "type": "Feature",
      "properties": {
        "@id": "node/2467973111",
        "name": "Bonépoupa II",
        "place": "village",
        "source": "WRI_2005"
      },
      "geometry": {
        "type": "Point",
        "coordinates": [
          9.9781936,
          4.1515946
        ]
      },
      "id": "node/2467973111"
    },
    {
      "type": "Feature",
      "properties": {
        "@id": "node/2467973120",
        "name": "Botbea",
        "place": "village",
        "source": "WRI_2005"
      },
      "geometry": {
        "type": "Point",
        "coordinates": [
          10.7183959,
          4.3766188
        ]
      },
      "id": "node/2467973120"
    },
    {
      "type": "Feature",
      "properties": {
        "@id": "node/2467973135",
        "name": "Boumbanga",
        "place": "village",
        "source": "WRI_2005"
      },
      "geometry": {
        "type": "Point",
        "coordinates": [
          10.8229561,
          4.1936989
        ]
      },
      "id": "node/2467973135"
    },
    {
      "type": "Feature",
      "properties": {
        "@id": "node/2467973178",
        "name": "Dihong",
        "place": "village",
        "source": "WRI_2005"
      },
      "geometry": {
        "type": "Point",
        "coordinates": [
          10.8477725,
          4.3601138
        ]
      },
      "id": "node/2467973178"
    },
    {
      "type": "Feature",
      "properties": {
        "@id": "node/2467973200",
        "name": "Dissahay",
        "place": "village",
        "source": "WRI_2005"
      },
      "geometry": {
        "type": "Point",
        "coordinates": [
          10.8053343,
          4.4495406
        ]
      },
      "id": "node/2467973200"
    },
    {
      "type": "Feature",
      "properties": {
        "@id": "node/2467973263",
        "name": "Eboukou",
        "place": "village",
        "source": "WRI_2005"
      },
      "geometry": {
        "type": "Point",
        "coordinates": [
          9.9691593,
          5.0481528
        ]
      },
      "id": "node/2467973263"
    },
    {
      "type": "Feature",
      "properties": {
        "@id": "node/2467973282",
        "name": "Ekolbouni",
        "place": "village",
        "source": "WRI_2005"
      },
      "geometry": {
        "type": "Point",
        "coordinates": [
          9.8640836,
          5.1138567
        ]
      },
      "id": "node/2467973282"
    },
    {
      "type": "Feature",
      "properties": {
        "@id": "node/2467973285",
        "name": "Ekolkang",
        "place": "village",
        "source": "WRI_2005"
      },
      "geometry": {
        "type": "Point",
        "coordinates": [
          9.9099415,
          5.0614781
        ]
      },
      "id": "node/2467973285"
    },
    {
      "type": "Feature",
      "properties": {
        "@id": "node/2467973359",
        "name": "Epako",
        "place": "village",
        "source": "WRI_2005"
      },
      "geometry": {
        "type": "Point",
        "coordinates": [
          10.8711137,
          4.5350316
        ]
      },
      "id": "node/2467973359"
    },
    {
      "type": "Feature",
      "properties": {
        "@id": "node/2467973409",
        "name": "Hika",
        "place": "village",
        "source": "WRI_2005"
      },
      "geometry": {
        "type": "Point",
        "coordinates": [
          10.8105787,
          4.5251729
        ]
      },
      "id": "node/2467973409"
    },
    {
      "type": "Feature",
      "properties": {
        "@id": "node/2467973410",
        "name": "Ibong",
        "place": "village",
        "source": "WRI_2005"
      },
      "geometry": {
        "type": "Point",
        "coordinates": [
          10.8199191,
          4.4745622
        ]
      },
      "id": "node/2467973410"
    },
    {
      "type": "Feature",
      "properties": {
        "@id": "node/2467973411",
        "name": "Iboti",
        "place": "village",
        "source": "WRI_2005"
      },
      "geometry": {
        "type": "Point",
        "coordinates": [
          10.4569603,
          4.4617469
        ]
      },
      "id": "node/2467973411"
    },
    {
      "type": "Feature",
      "properties": {
        "@id": "node/2467973415",
        "name": "Ikolong",
        "place": "village",
        "source": "WRI_2005"
      },
      "geometry": {
        "type": "Point",
        "coordinates": [
          10.8250787,
          4.5630381
        ]
      },
      "id": "node/2467973415"
    },
    {
      "type": "Feature",
      "properties": {
        "@id": "node/2467973418",
        "name": "Inang",
        "place": "village",
        "source": "WRI_2005"
      },
      "geometry": {
        "type": "Point",
        "coordinates": [
          10.9061948,
          4.5473617
        ]
      },
      "id": "node/2467973418"
    },
    {
      "type": "Feature",
      "properties": {
        "@id": "node/2467973422",
        "name": "Isseng",
        "place": "village",
        "source": "WRI_2005"
      },
      "geometry": {
        "type": "Point",
        "coordinates": [
          10.6536916,
          4.3427353
        ]
      },
      "id": "node/2467973422"
    },
    {
      "type": "Feature",
      "properties": {
        "@id": "node/2467973428",
        "name": "Kakak",
        "place": "village",
        "source": "WRI_2005"
      },
      "geometry": {
        "type": "Point",
        "coordinates": [
          10.8256991,
          4.4205993
        ]
      },
      "id": "node/2467973428"
    },
    {
      "type": "Feature",
      "properties": {
        "@id": "node/2467973437",
        "name": "Kokoa",
        "place": "village",
        "source": "WRI_2005"
      },
      "geometry": {
        "type": "Point",
        "coordinates": [
          10.6631038,
          4.3497343
        ]
      },
      "id": "node/2467973437"
    },
    {
      "type": "Feature",
      "properties": {
        "@id": "node/2467973456",
        "name": "Koukoum",
        "place": "village",
        "source": "WRI_2005"
      },
      "geometry": {
        "type": "Point",
        "coordinates": [
          10.838723,
          4.3321002
        ]
      },
      "id": "node/2467973456"
    },
    {
      "type": "Feature",
      "properties": {
        "@id": "node/2467973457",
        "name": "Koukoum",
        "place": "village",
        "source": "WRI_2005"
      },
      "geometry": {
        "type": "Point",
        "coordinates": [
          10.8278295,
          4.3533733
        ]
      },
      "id": "node/2467973457"
    },
    {
      "type": "Feature",
      "properties": {
        "@id": "node/2467973471",
        "name": "Lebo",
        "place": "village",
        "source": "WRI_2005"
      },
      "geometry": {
        "type": "Point",
        "coordinates": [
          10.816486,
          4.6070652
        ]
      },
      "id": "node/2467973471"
    },
    {
      "type": "Feature",
      "properties": {
        "@id": "node/2467973472",
        "name": "Lendi",
        "place": "village",
        "source": "WRI_2005"
      },
      "geometry": {
        "type": "Point",
        "coordinates": [
          9.7753159,
          4.1247825
        ]
      },
      "id": "node/2467973472"
    },
    {
      "type": "Feature",
      "properties": {
        "@id": "node/2467973474",
        "name": "Likound",
        "place": "village",
        "source": "WRI_2005"
      },
      "geometry": {
        "type": "Point",
        "coordinates": [
          10.9142137,
          4.4268676
        ]
      },
      "id": "node/2467973474"
    },
    {
      "type": "Feature",
      "properties": {
        "@id": "node/2467973475",
        "name": "Likoundbian",
        "place": "village",
        "source": "WRI_2005"
      },
      "geometry": {
        "type": "Point",
        "coordinates": [
          10.9133686,
          4.3235465
        ]
      },
      "id": "node/2467973475"
    },
    {
      "type": "Feature",
      "properties": {
        "@id": "node/2467973478",
        "name": "Logmandend",
        "place": "village",
        "source": "WRI_2005"
      },
      "geometry": {
        "type": "Point",
        "coordinates": [
          10.8983994,
          4.3065954
        ]
      },
      "id": "node/2467973478"
    },
    {
      "type": "Feature",
      "properties": {
        "@id": "node/2467973479",
        "name": "Logndeng",
        "place": "village",
        "source": "WRI_2005"
      },
      "geometry": {
        "type": "Point",
        "coordinates": [
          10.368407,
          4.451804
        ]
      },
      "id": "node/2467973479"
    },
    {
      "type": "Feature",
      "properties": {
        "@id": "node/2467973490",
        "name": "Mahonda",
        "place": "village",
        "source": "WRI_2005"
      },
      "geometry": {
        "type": "Point",
        "coordinates": [
          10.7709848,
          4.3460203
        ]
      },
      "id": "node/2467973490"
    },
    {
      "type": "Feature",
      "properties": {
        "@id": "node/2467973492",
        "name": "Makom",
        "place": "village",
        "source": "WRI_2005"
      },
      "geometry": {
        "type": "Point",
        "coordinates": [
          10.8190807,
          4.5411181
        ]
      },
      "id": "node/2467973492"
    },
    {
      "type": "Feature",
      "properties": {
        "@id": "node/2467973493",
        "name": "Makom",
        "place": "village",
        "source": "WRI_2005"
      },
      "geometry": {
        "type": "Point",
        "coordinates": [
          10.8253675,
          4.5554265
        ]
      },
      "id": "node/2467973493"
    },
    {
      "type": "Feature",
      "properties": {
        "@id": "node/2467973497",
        "name": "Malohe",
        "place": "village",
        "source": "WRI_2005"
      },
      "geometry": {
        "type": "Point",
        "coordinates": [
          10.8291885,
          4.1824086
        ]
      },
      "id": "node/2467973497"
    },
    {
      "type": "Feature",
      "properties": {
        "@id": "node/2467973498",
        "name": "Malound",
        "place": "village",
        "source": "WRI_2005"
      },
      "geometry": {
        "type": "Point",
        "coordinates": [
          10.8717333,
          4.5718458
        ]
      },
      "id": "node/2467973498"
    },
    {
      "type": "Feature",
      "properties": {
        "@id": "node/2467973503",
        "name": "Mangoule",
        "place": "village",
        "source": "WRI_2005"
      },
      "geometry": {
        "type": "Point",
        "coordinates": [
          9.9516357,
          4.1511646
        ]
      },
      "id": "node/2467973503"
    },
    {
      "type": "Feature",
      "properties": {
        "@id": "node/2467973507",
        "name": "Mankouat",
        "place": "village",
        "source": "WRI_2005"
      },
      "geometry": {
        "type": "Point",
        "coordinates": [
          9.8672985,
          5.1374187
        ]
      },
      "id": "node/2467973507"
    },
    {
      "type": "Feature",
      "properties": {
        "@id": "node/2467973512",
        "name": "Massangui II",
        "place": "village",
        "source": "WRI_2005"
      },
      "geometry": {
        "type": "Point",
        "coordinates": [
          10.7992439,
          4.5563154
        ]
      },
      "id": "node/2467973512"
    },
    {
      "type": "Feature",
      "properties": {
        "@id": "node/2467973513",
        "name": "Massoumbou - Chantiers",
        "place": "village",
        "source": "WRI_2005"
      },
      "geometry": {
        "type": "Point",
        "coordinates": [
          9.8743093,
          4.0816938
        ]
      },
      "id": "node/2467973513"
    },
    {
      "type": "Feature",
      "properties": {
        "@id": "node/2467973514",
        "name": "Massoumbou Carrefour",
        "place": "village",
        "source": "WRI_2005"
      },
      "geometry": {
        "type": "Point",
        "coordinates": [
          9.830906,
          4.1276214
        ]
      },
      "id": "node/2467973514"
    },
    {
      "type": "Feature",
      "properties": {
        "@id": "node/2467973515",
        "name": "Matol",
        "place": "village",
        "source": "WRI_2005"
      },
      "geometry": {
        "type": "Point",
        "coordinates": [
          10.6406663,
          4.2644441
        ]
      },
      "id": "node/2467973515"
    },
    {
      "type": "Feature",
      "properties": {
        "@id": "node/2467973520",
        "name": "Mbandi I",
        "place": "village",
        "source": "WRI_2005"
      },
      "geometry": {
        "type": "Point",
        "coordinates": [
          10.6876301,
          4.3669789
        ]
      },
      "id": "node/2467973520"
    },
    {
      "type": "Feature",
      "properties": {
        "@id": "node/2467973524",
        "name": "Mbay",
        "place": "village",
        "source": "WRI_2005"
      },
      "geometry": {
        "type": "Point",
        "coordinates": [
          10.9592036,
          4.307893
        ]
      },
      "id": "node/2467973524"
    },
    {
      "type": "Feature",
      "properties": {
        "@id": "node/2467973531",
        "alt_name": "Mbouassoum",
        "name": "Mboassoum",
        "place": "village",
        "source": "WRI_2005",
        "source:alt_name": "https://horizon.documentation.ird.fr/exl-doc/pleins_textes/divers15-04/02882.pdf"
      },
      "geometry": {
        "type": "Point",
        "coordinates": [
          9.8170558,
          5.1335715
        ]
      },
      "id": "node/2467973531"
    },
    {
      "type": "Feature",
      "properties": {
        "@id": "node/2467973532",
        "name": "Mbokola",
        "place": "village",
        "source": "WRI_2005"
      },
      "geometry": {
        "type": "Point",
        "coordinates": [
          9.9376988,
          5.0973023
        ]
      },
      "id": "node/2467973532"
    },
    {
      "type": "Feature",
      "properties": {
        "@id": "node/2467973535",
        "name": "Mbone",
        "place": "village",
        "source": "WRI_2005"
      },
      "geometry": {
        "type": "Point",
        "coordinates": [
          10.8556085,
          4.2710901
        ]
      },
      "id": "node/2467973535"
    },
    {
      "type": "Feature",
      "properties": {
        "@id": "node/2467973547",
        "name": "Melong II",
        "place": "village",
        "source": "WRI_2005"
      },
      "geometry": {
        "type": "Point",
        "coordinates": [
          9.9633961,
          5.0584531
        ]
      },
      "id": "node/2467973547"
    },
    {
      "type": "Feature",
      "properties": {
        "@id": "node/2467973573",
        "name": "Mosse",
        "place": "village",
        "source": "WRI_2005"
      },
      "geometry": {
        "type": "Point",
        "coordinates": [
          10.3792291,
          4.4775695
        ]
      },
      "id": "node/2467973573"
    },
    {
      "type": "Feature",
      "properties": {
        "@id": "node/2467973575",
        "alt_name": "Mouangel",
        "name": "Mouanguel",
        "place": "village",
        "source": "WRI_2005",
        "source:alt_name": "https://horizon.documentation.ird.fr/exl-doc/pleins_textes/divers15-04/02882.pdf"
      },
      "geometry": {
        "type": "Point",
        "coordinates": [
          9.8463552,
          5.0944674
        ]
      },
      "id": "node/2467973575"
    },
    {
      "type": "Feature",
      "properties": {
        "@id": "node/2467973597",
        "name": "Ndebi",
        "place": "village",
        "source": "WRI_2005"
      },
      "geometry": {
        "type": "Point",
        "coordinates": [
          10.8084587,
          4.5134449
        ]
      },
      "id": "node/2467973597"
    },
    {
      "type": "Feature",
      "properties": {
        "@id": "node/2467973599",
        "name": "Ndeme",
        "place": "village",
        "source": "WRI_2005"
      },
      "geometry": {
        "type": "Point",
        "coordinates": [
          10.9541353,
          4.2291958
        ]
      },
      "id": "node/2467973599"
    },
    {
      "type": "Feature",
      "properties": {
        "@id": "node/2467973629",
        "name": "Ndokou",
        "place": "village",
        "source": "WRI_2005"
      },
      "geometry": {
        "type": "Point",
        "coordinates": [
          9.8430742,
          5.1069797
        ]
      },
      "id": "node/2467973629"
    },
    {
      "type": "Feature",
      "properties": {
        "@id": "node/2467973640",
        "name": "New-Melong",
        "place": "village",
        "source": "WRI_2005"
      },
      "geometry": {
        "type": "Point",
        "coordinates": [
          9.9384456,
          5.1065539
        ]
      },
      "id": "node/2467973640"
    },
    {
      "type": "Feature",
      "properties": {
        "@id": "node/2467973644",
        "name": "Ngobilo",
        "place": "village",
        "source": "WRI_2005"
      },
      "geometry": {
        "type": "Point",
        "coordinates": [
          10.6359326,
          4.2729111
        ]
      },
      "id": "node/2467973644"
    },
    {
      "type": "Feature",
      "properties": {
        "@id": "node/2467973646",
        "name": "Ngok",
        "place": "village",
        "source": "WRI_2005"
      },
      "geometry": {
        "type": "Point",
        "coordinates": [
          10.8565503,
          4.5171506
        ]
      },
      "id": "node/2467973646"
    },
    {
      "type": "Feature",
      "properties": {
        "@id": "node/2467973649",
        "name": "Ngoma",
        "place": "village",
        "source": "WRI_2005"
      },
      "geometry": {
        "type": "Point",
        "coordinates": [
          9.7881364,
          4.1141899
        ]
      },
      "id": "node/2467973649"
    },
    {
      "type": "Feature",
      "properties": {
        "@id": "node/2467973657",
        "name": "Nguikok",
        "place": "village",
        "source": "WRI_2005"
      },
      "geometry": {
        "type": "Point",
        "coordinates": [
          10.8117204,
          4.453391
        ]
      },
      "id": "node/2467973657"
    },
    {
      "type": "Feature",
      "properties": {
        "@id": "node/2467973659",
        "name": "Nguimbong",
        "place": "village",
        "source": "WRI_2005"
      },
      "geometry": {
        "type": "Point",
        "coordinates": [
          10.9366456,
          4.3703381
        ]
      },
      "id": "node/2467973659"
    },
    {
      "type": "Feature",
      "properties": {
        "@id": "node/2467973666",
        "name": "Nindje",
        "place": "village",
        "source": "WRI_2005"
      },
      "geometry": {
        "type": "Point",
        "coordinates": [
          10.8207803,
          4.4946682
        ]
      },
      "id": "node/2467973666"
    },
    {
      "type": "Feature",
      "properties": {
        "@id": "node/2467973667",
        "name": "Ninong",
        "place": "village",
        "source": "WRI_2005"
      },
      "geometry": {
        "type": "Point",
        "coordinates": [
          9.7995156,
          5.1876901
        ]
      },
      "id": "node/2467973667"
    },
    {
      "type": "Feature",
      "properties": {
        "@id": "node/2467973669",
        "name": "Njinjo I",
        "place": "village",
        "source": "WRI_2005"
      },
      "geometry": {
        "type": "Point",
        "coordinates": [
          9.8844891,
          5.1167557
        ]
      },
      "id": "node/2467973669"
    },
    {
      "type": "Feature",
      "properties": {
        "@id": "node/2467973670",
        "name": "Njinjo II",
        "place": "village",
        "source": "WRI_2005"
      },
      "geometry": {
        "type": "Point",
        "coordinates": [
          9.9056485,
          5.1124437
        ]
      },
      "id": "node/2467973670"
    },
    {
      "type": "Feature",
      "properties": {
        "@id": "node/2467973674",
        "name": "Nkak",
        "place": "village",
        "source": "WRI_2005"
      },
      "geometry": {
        "type": "Point",
        "coordinates": [
          10.6694383,
          4.3603306
        ]
      },
      "id": "node/2467973674"
    },
    {
      "type": "Feature",
      "properties": {
        "@id": "node/2467973675",
        "name": "Nkam",
        "place": "village",
        "source": "WRI_2005"
      },
      "geometry": {
        "type": "Point",
        "coordinates": [
          10.6496776,
          4.3153327
        ]
      },
      "id": "node/2467973675"
    },
    {
      "type": "Feature",
      "properties": {
        "@id": "node/2467973676",
        "name": "Nkelngond",
        "place": "village",
        "source": "WRI_2005"
      },
      "geometry": {
        "type": "Point",
        "coordinates": [
          10.7981438,
          4.434668
        ]
      },
      "id": "node/2467973676"
    },
    {
      "type": "Feature",
      "properties": {
        "@id": "node/2467973678",
        "name": "Nko'o",
        "place": "village",
        "source": "WRI_2005"
      },
      "geometry": {
        "type": "Point",
        "coordinates": [
          10.8367924,
          4.4307543
        ]
      },
      "id": "node/2467973678"
    },
    {
      "type": "Feature",
      "properties": {
        "@id": "node/2467973707",
        "name": "Nkolmbong",
        "place": "village",
        "source": "WRI_2005"
      },
      "geometry": {
        "type": "Point",
        "coordinates": [
          9.8387236,
          4.1106619
        ]
      },
      "id": "node/2467973707"
    },
    {
      "type": "Feature",
      "properties": {
        "@id": "node/2467973761",
        "name": "Nkom",
        "place": "village",
        "source": "WRI_2005"
      },
      "geometry": {
        "type": "Point",
        "coordinates": [
          10.8040905,
          4.2114851
        ]
      },
      "id": "node/2467973761"
    },
    {
      "type": "Feature",
      "properties": {
        "@id": "node/2467973766",
        "name": "Nkonghol",
        "place": "village",
        "source": "WRI_2005"
      },
      "geometry": {
        "type": "Point",
        "coordinates": [
          10.7718565,
          4.3651179
        ]
      },
      "id": "node/2467973766"
    },
    {
      "type": "Feature",
      "properties": {
        "@id": "node/2467973767",
        "name": "Nkonghol",
        "place": "village",
        "source": "WRI_2005"
      },
      "geometry": {
        "type": "Point",
        "coordinates": [
          10.7462192,
          4.3791653
        ]
      },
      "id": "node/2467973767"
    },
    {
      "type": "Feature",
      "properties": {
        "@id": "node/2467973768",
        "name": "Nkongmbabol",
        "place": "village",
        "source": "WRI_2005"
      },
      "geometry": {
        "type": "Point",
        "coordinates": [
          10.8163853,
          4.3748223
        ]
      },
      "id": "node/2467973768"
    },
    {
      "type": "Feature",
      "properties": {
        "@id": "node/2467973769",
        "name": "Nkongmbakeneg",
        "place": "village",
        "source": "WRI_2005"
      },
      "geometry": {
        "type": "Point",
        "coordinates": [
          10.8169776,
          4.3879056
        ]
      },
      "id": "node/2467973769"
    },
    {
      "type": "Feature",
      "properties": {
        "@id": "node/2467973774",
        "name": "Nnon",
        "place": "village",
        "source": "WRI_2005"
      },
      "geometry": {
        "type": "Point",
        "coordinates": [
          10.849947,
          4.3165665
        ]
      },
      "id": "node/2467973774"
    },
    {
      "type": "Feature",
      "properties": {
        "@id": "node/2467973776",
        "name": "Nse",
        "place": "village",
        "source": "WRI_2005"
      },
      "geometry": {
        "type": "Point",
        "coordinates": [
          10.8815837,
          4.4054535
        ]
      },
      "id": "node/2467973776"
    },
    {
      "type": "Feature",
      "properties": {
        "@id": "node/2467973777",
        "name": "Nsinglibado",
        "place": "village",
        "source": "WRI_2005"
      },
      "geometry": {
        "type": "Point",
        "coordinates": [
          10.9236301,
          4.2706563
        ]
      },
      "id": "node/2467973777"
    },
    {
      "type": "Feature",
      "properties": {
        "@id": "node/2467973778",
        "name": "Nsingmbongo",
        "place": "village",
        "source": "WRI_2005"
      },
      "geometry": {
        "type": "Point",
        "coordinates": [
          10.9214936,
          4.2158994
        ]
      },
      "id": "node/2467973778"
    },
    {
      "type": "Feature",
      "properties": {
        "@id": "node/2467973779",
        "name": "Nsingmpagué",
        "place": "village",
        "source": "WRI_2005"
      },
      "geometry": {
        "type": "Point",
        "coordinates": [
          10.9370484,
          4.25499
        ]
      },
      "id": "node/2467973779"
    },
    {
      "type": "Feature",
      "properties": {
        "@id": "node/2467973788",
        "name": "Nyahendel",
        "place": "village",
        "source": "WRI_2005"
      },
      "geometry": {
        "type": "Point",
        "coordinates": [
          10.9236318,
          4.2950565
        ]
      },
      "id": "node/2467973788"
    },
    {
      "type": "Feature",
      "properties": {
        "@id": "node/2467973789",
        "name": "Nyaho",
        "place": "village",
        "source": "WRI_2005"
      },
      "geometry": {
        "type": "Point",
        "coordinates": [
          10.9697761,
          4.1857881
        ]
      },
      "id": "node/2467973789"
    },
    {
      "type": "Feature",
      "properties": {
        "@id": "node/2467973791",
        "name": "Nyaké",
        "place": "village",
        "source": "WRI_2005"
      },
      "geometry": {
        "type": "Point",
        "coordinates": [
          10.9801315,
          4.2312518
        ]
      },
      "id": "node/2467973791"
    },
    {
      "type": "Feature",
      "properties": {
        "@id": "node/2467973793",
        "name": "Nyambat",
        "place": "village",
        "source": "WRI_2005"
      },
      "geometry": {
        "type": "Point",
        "coordinates": [
          11.0039543,
          4.2995562
        ]
      },
      "id": "node/2467973793"
    },
    {
      "type": "Feature",
      "properties": {
        "@id": "node/2467973806",
        "name": "Nyasseng",
        "place": "village",
        "source": "WRI_2005"
      },
      "geometry": {
        "type": "Point",
        "coordinates": [
          10.9570139,
          4.2159782
        ]
      },
      "id": "node/2467973806"
    },
    {
      "type": "Feature",
      "properties": {
        "@id": "node/2467973811",
        "name": "Nyoundem",
        "place": "village",
        "source": "WRI_2005"
      },
      "geometry": {
        "type": "Point",
        "coordinates": [
          10.9230168,
          4.2049567
        ]
      },
      "id": "node/2467973811"
    },
    {
      "type": "Feature",
      "properties": {
        "@id": "node/2467973819",
        "name": "Omeng",
        "place": "village",
        "source": "WRI_2005"
      },
      "geometry": {
        "type": "Point",
        "coordinates": [
          10.8848613,
          4.55978
        ]
      },
      "id": "node/2467973819"
    },
    {
      "type": "Feature",
      "properties": {
        "@id": "node/2467973821",
        "name": "Pendiki",
        "place": "village",
        "source": "WRI_2005"
      },
      "geometry": {
        "type": "Point",
        "coordinates": [
          10.9347237,
          4.2722328
        ]
      },
      "id": "node/2467973821"
    },
    {
      "type": "Feature",
      "properties": {
        "@id": "node/2467973822",
        "name": "Pentoumé",
        "place": "village",
        "source": "WRI_2005"
      },
      "geometry": {
        "type": "Point",
        "coordinates": [
          10.9368701,
          4.2427653
        ]
      },
      "id": "node/2467973822"
    },
    {
      "type": "Feature",
      "properties": {
        "@id": "node/2467973834",
        "name": "Sodikoa",
        "place": "village",
        "source": "WRI_2005"
      },
      "geometry": {
        "type": "Point",
        "coordinates": [
          10.0366985,
          4.0946967
        ]
      },
      "id": "node/2467973834"
    },
    {
      "type": "Feature",
      "properties": {
        "@id": "node/2467973835",
        "name": "Songmbok I",
        "place": "village",
        "source": "WRI_2005"
      },
      "geometry": {
        "type": "Point",
        "coordinates": [
          10.9433318,
          4.1528959
        ]
      },
      "id": "node/2467973835"
    },
    {
      "type": "Feature",
      "properties": {
        "@id": "node/2467973836",
        "name": "Songmbok II",
        "place": "village",
        "source": "WRI_2005"
      },
      "geometry": {
        "type": "Point",
        "coordinates": [
          10.9638273,
          4.1686064
        ]
      },
      "id": "node/2467973836"
    },
    {
      "type": "Feature",
      "properties": {
        "@id": "node/2467973842",
        "name": "Tekibongo",
        "place": "village",
        "source": "WRI_2005"
      },
      "geometry": {
        "type": "Point",
        "coordinates": [
          10.6337791,
          4.2797626
        ]
      },
      "id": "node/2467973842"
    },
    {
      "type": "Feature",
      "properties": {
        "@id": "node/2467973843",
        "name": "Tembiet",
        "place": "village",
        "source": "WRI_2005"
      },
      "geometry": {
        "type": "Point",
        "coordinates": [
          10.8433744,
          4.5679237
        ]
      },
      "id": "node/2467973843"
    },
    {
      "type": "Feature",
      "properties": {
        "@id": "node/2467973844",
        "name": "Tembiet",
        "place": "village",
        "source": "WRI_2005"
      },
      "geometry": {
        "type": "Point",
        "coordinates": [
          10.8434212,
          4.5842561
        ]
      },
      "id": "node/2467973844"
    },
    {
      "type": "Feature",
      "properties": {
        "@id": "node/2467973852",
        "name": "Toubangom",
        "place": "village",
        "source": "WRI_2005"
      },
      "geometry": {
        "type": "Point",
        "coordinates": [
          10.9049416,
          4.3351281
        ]
      },
      "id": "node/2467973852"
    },
    {
      "type": "Feature",
      "properties": {
        "@id": "node/2467973868",
        "name": "Yop-yop",
        "place": "village",
        "source": "WRI_2005"
      },
      "geometry": {
        "type": "Point",
        "coordinates": [
          10.887176,
          4.5518722
        ]
      },
      "id": "node/2467973868"
    },
    {
      "type": "Feature",
      "properties": {
        "@id": "node/2467973870",
        "name": "Youmngué",
        "place": "village",
        "source": "WRI_2005"
      },
      "geometry": {
        "type": "Point",
        "coordinates": [
          10.7849223,
          4.4315859
        ]
      },
      "id": "node/2467973870"
    },
    {
      "type": "Feature",
      "properties": {
        "@id": "node/2841687006",
        "name": "London",
        "place": "village"
      },
      "geometry": {
        "type": "Point",
        "coordinates": [
          9.83477,
          3.37399
        ]
      },
      "id": "node/2841687006"
    },
    {
      "type": "Feature",
      "properties": {
        "@id": "node/2841688177",
        "name": "Malèndé",
        "place": "village"
      },
      "geometry": {
        "type": "Point",
        "coordinates": [
          9.906478,
          3.2629747
        ]
      },
      "id": "node/2841688177"
    },
    {
      "type": "Feature",
      "properties": {
        "@id": "node/2964101624",
        "name": "Mbouroukou",
        "place": "village",
        "wikidata": "Q16663946"
      },
      "geometry": {
        "type": "Point",
        "coordinates": [
          9.891514,
          5.058809
        ]
      },
      "id": "node/2964101624"
    },
    {
      "type": "Feature",
      "properties": {
        "@id": "node/3037843850",
        "name": "Abang",
        "place": "village"
      },
      "geometry": {
        "type": "Point",
        "coordinates": [
          9.77481,
          4.9353051
        ]
      },
      "id": "node/3037843850"
    },
    {
      "type": "Feature",
      "properties": {
        "@id": "node/3037843854",
        "name": "Bakwat",
        "place": "village"
      },
      "geometry": {
        "type": "Point",
        "coordinates": [
          9.834161,
          4.8153691
        ]
      },
      "id": "node/3037843854"
    },
    {
      "type": "Feature",
      "properties": {
        "@id": "node/3037843855",
        "name": "Bali",
        "place": "village"
      },
      "geometry": {
        "type": "Point",
        "coordinates": [
          9.6835651,
          4.185366
        ]
      },
      "id": "node/3037843855"
    },
    {
      "type": "Feature",
      "properties": {
        "@id": "node/3037843859",
        "name": "Bassen",
        "place": "village"
      },
      "geometry": {
        "type": "Point",
        "coordinates": [
          9.7775341,
          4.412396
        ]
      },
      "id": "node/3037843859"
    },
    {
      "type": "Feature",
      "properties": {
        "@id": "node/3037843860",
        "name": "Bassen",
        "place": "village"
      },
      "geometry": {
        "type": "Point",
        "coordinates": [
          9.7824802,
          4.436199
        ]
      },
      "id": "node/3037843860"
    },
    {
      "type": "Feature",
      "properties": {
        "@id": "node/3037843861",
        "name": "Bassete",
        "place": "village"
      },
      "geometry": {
        "type": "Point",
        "coordinates": [
          9.8403491,
          4.8830771
        ]
      },
      "id": "node/3037843861"
    },
    {
      "type": "Feature",
      "properties": {
        "@id": "node/3037843862",
        "name": "Bayon",
        "place": "village"
      },
      "geometry": {
        "type": "Point",
        "coordinates": [
          9.9587761,
          5.0579461
        ]
      },
      "id": "node/3037843862"
    },
    {
      "type": "Feature",
      "properties": {
        "@id": "node/3037843863",
        "name": "Bakoko",
        "place": "village"
      },
      "geometry": {
        "type": "Point",
        "coordinates": [
          9.588971,
          4.1250375
        ]
      },
      "id": "node/3037843863"
    },
    {
      "type": "Feature",
      "properties": {
        "@id": "node/3037843865",
        "name": "Bessoungkang",
        "place": "village"
      },
      "geometry": {
        "type": "Point",
        "coordinates": [
          9.7420079,
          4.2659859
        ]
      },
      "id": "node/3037843865"
    },
    {
      "type": "Feature",
      "properties": {
        "@id": "node/3037843866",
        "name": "Bidiman",
        "place": "village"
      },
      "geometry": {
        "type": "Point",
        "coordinates": [
          9.8717378,
          4.387099
        ]
      },
      "id": "node/3037843866"
    },
    {
      "type": "Feature",
      "properties": {
        "@id": "node/3037843868",
        "name": "Bonagang",
        "place": "village"
      },
      "geometry": {
        "type": "Point",
        "coordinates": [
          9.737113,
          4.0997421
        ]
      },
      "id": "node/3037843868"
    },
    {
      "type": "Feature",
      "properties": {
        "@id": "node/3037843869",
        "name": "Bonalea",
        "place": "village"
      },
      "geometry": {
        "type": "Point",
        "coordinates": [
          9.7386732,
          4.3547742
        ]
      },
      "id": "node/3037843869"
    },
    {
      "type": "Feature",
      "properties": {
        "@id": "node/3037843870",
        "name": "Bonamateke",
        "place": "village"
      },
      "geometry": {
        "type": "Point",
        "coordinates": [
          9.671108,
          4.1783209
        ]
      },
      "id": "node/3037843870"
    },
    {
      "type": "Feature",
      "properties": {
        "@id": "node/3037843871",
        "name": "Bonamoussadi Village",
        "place": "village"
      },
      "geometry": {
        "type": "Point",
        "coordinates": [
          9.737222,
          4.10023
        ]
      },
      "id": "node/3037843871"
    },
    {
      "type": "Feature",
      "properties": {
        "@id": "node/3037843873",
        "name": "Bwang Beach",
        "place": "village"
      },
      "geometry": {
        "type": "Point",
        "coordinates": [
          9.8241041,
          3.9492589
        ]
      },
      "id": "node/3037843873"
    },
    {
      "type": "Feature",
      "properties": {
        "@id": "node/3037843874",
        "name": "Dibamba",
        "place": "village"
      },
      "geometry": {
        "type": "Point",
        "coordinates": [
          9.8174041,
          3.968669
        ]
      },
      "id": "node/3037843874"
    },
    {
      "type": "Feature",
      "properties": {
        "@id": "node/3037843875",
        "name": "Dibombari",
        "note": "rank=0 car commune",
        "place": "town",
        "rank": "0",
        "wikidata": "Q3026494"
      },
      "geometry": {
        "type": "Point",
        "coordinates": [
          9.65579,
          4.178504
        ]
      },
      "id": "node/3037843875"
    },
    {
      "type": "Feature",
      "properties": {
        "@id": "node/3037843876",
        "name": "Dibombe 1",
        "place": "village"
      },
      "geometry": {
        "type": "Point",
        "coordinates": [
          9.807147,
          4.685901
        ]
      },
      "id": "node/3037843876"
    },
    {
      "type": "Feature",
      "properties": {
        "@id": "node/3037843881",
        "name": "Ekante",
        "place": "village"
      },
      "geometry": {
        "type": "Point",
        "coordinates": [
          9.8338792,
          4.7991679
        ]
      },
      "id": "node/3037843881"
    },
    {
      "type": "Feature",
      "properties": {
        "@id": "node/3037843886",
        "name": "Logbessou Pk.14",
        "place": "village"
      },
      "geometry": {
        "type": "Point",
        "coordinates": [
          9.7937039,
          4.078836
        ]
      },
      "id": "node/3037843886"
    },
    {
      "type": "Feature",
      "properties": {
        "@id": "node/3037843887",
        "name": "Madimba",
        "place": "village"
      },
      "geometry": {
        "type": "Point",
        "coordinates": [
          9.9315641,
          4.420278
        ]
      },
      "id": "node/3037843887"
    },
    {
      "type": "Feature",
      "properties": {
        "@id": "node/3037843890",
        "name": "Mandouka",
        "place": "village"
      },
      "geometry": {
        "type": "Point",
        "coordinates": [
          9.7337239,
          4.328529
        ]
      },
      "id": "node/3037843890"
    },
    {
      "type": "Feature",
      "properties": {
        "@id": "node/3037843891",
        "name": "Mangamba",
        "place": "village"
      },
      "geometry": {
        "type": "Point",
        "coordinates": [
          9.7277512,
          4.311058
        ]
      },
      "id": "node/3037843891"
    },
    {
      "type": "Feature",
      "properties": {
        "@id": "node/3037843896",
        "name": "Mombo",
        "note": "rank=0 car commune",
        "place": "town",
        "rank": "0",
        "wikidata": "Q2409032"
      },
      "geometry": {
        "type": "Point",
        "coordinates": [
          9.5870089,
          4.5717406
        ]
      },
      "id": "node/3037843896"
    },
    {
      "type": "Feature",
      "properties": {
        "@id": "node/3037843897",
        "name": "Moulongo",
        "place": "village"
      },
      "geometry": {
        "type": "Point",
        "coordinates": [
          9.7343018,
          3.6037449
        ]
      },
      "id": "node/3037843897"
    },
    {
      "type": "Feature",
      "properties": {
        "@id": "node/3037843898",
        "name": "Mpandjo",
        "place": "village"
      },
      "geometry": {
        "type": "Point",
        "coordinates": [
          9.6717229,
          4.0963801
        ]
      },
      "id": "node/3037843898"
    },
    {
      "type": "Feature",
      "properties": {
        "@id": "node/3037843899",
        "name": "Mpobo",
        "place": "village"
      },
      "geometry": {
        "type": "Point",
        "coordinates": [
          9.7829127,
          4.440535
        ]
      },
      "id": "node/3037843899"
    },
    {
      "type": "Feature",
      "properties": {
        "@id": "node/3037843903",
        "name": "Ndogbele",
        "place": "village"
      },
      "geometry": {
        "type": "Point",
        "coordinates": [
          9.9826268,
          4.445173
        ]
      },
      "id": "node/3037843903"
    },
    {
      "type": "Feature",
      "properties": {
        "@id": "node/3037843904",
        "name": "Ngodi Bakoko",
        "place": "village"
      },
      "geometry": {
        "type": "Point",
        "coordinates": [
          9.785696,
          3.98577
        ]
      },
      "id": "node/3037843904"
    },
    {
      "type": "Feature",
      "properties": {
        "@id": "node/3037843907",
        "name": "Nkapa",
        "place": "village"
      },
      "geometry": {
        "type": "Point",
        "coordinates": [
          9.6096844,
          4.2130452
        ]
      },
      "id": "node/3037843907"
    },
    {
      "type": "Feature",
      "properties": {
        "@id": "node/3037843908",
        "name": "Nkongnine",
        "place": "village"
      },
      "geometry": {
        "type": "Point",
        "coordinates": [
          9.8812418,
          4.8721339
        ]
      },
      "id": "node/3037843908"
    },
    {
      "type": "Feature",
      "properties": {
        "@id": "node/3037843918",
        "name": "Yatika",
        "place": "village"
      },
      "geometry": {
        "type": "Point",
        "coordinates": [
          9.7947326,
          3.9773917
        ]
      },
      "id": "node/3037843918"
    },
    {
      "type": "Feature",
      "properties": {
        "@id": "node/3282854832",
        "place": "village"
      },
      "geometry": {
        "type": "Point",
        "coordinates": [
          9.7724375,
          4.9450681
        ]
      },
      "id": "node/3282854832"
    },
    {
      "type": "Feature",
      "properties": {
        "@id": "node/3292357131",
        "name": "Ebone",
        "note": "rank=0 car commune",
        "place": "town",
        "rank": "0",
        "wikidata": "Q5331918"
      },
      "geometry": {
        "type": "Point",
        "coordinates": [
          9.894176,
          4.879059
        ]
      },
      "id": "node/3292357131"
    },
    {
      "type": "Feature",
      "properties": {
        "@id": "node/3675144115",
        "name": "Békoko",
        "place": "village",
        "source": "WRI_2005"
      },
      "geometry": {
        "type": "Point",
        "coordinates": [
          9.5790371,
          4.115293
        ]
      },
      "id": "node/3675144115"
    },
    {
      "type": "Feature",
      "properties": {
        "@id": "node/3675593355",
        "name": "Ba Mbengué 1",
        "place": "village",
        "source": "WRI_2005"
      },
      "geometry": {
        "type": "Point",
        "coordinates": [
          9.5927088,
          4.1345599
        ]
      },
      "id": "node/3675593355"
    },
    {
      "type": "Feature",
      "properties": {
        "@id": "node/3675593356",
        "name": "Ba Mbengué 2",
        "place": "village",
        "source": "WRI_2005"
      },
      "geometry": {
        "type": "Point",
        "coordinates": [
          9.5892258,
          4.1499
        ]
      },
      "id": "node/3675593356"
    },
    {
      "type": "Feature",
      "properties": {
        "@id": "node/3675593357",
        "name": "Bassa",
        "place": "village",
        "source": "WRI_2005"
      },
      "geometry": {
        "type": "Point",
        "coordinates": [
          9.5686013,
          4.1468945
        ]
      },
      "id": "node/3675593357"
    },
    {
      "type": "Feature",
      "properties": {
        "@id": "node/3675593359",
        "name": "Bikouma",
        "place": "village",
        "source": "WRI_2005"
      },
      "geometry": {
        "type": "Point",
        "coordinates": [
          9.5493587,
          4.2266888
        ]
      },
      "id": "node/3675593359"
    },
    {
      "type": "Feature",
      "properties": {
        "@id": "node/3675593360",
        "name": "Bomono",
        "place": "village",
        "source": "WRI_2005"
      },
      "geometry": {
        "type": "Point",
        "coordinates": [
          9.5946265,
          4.1393611
        ]
      },
      "id": "node/3675593360"
    },
    {
      "type": "Feature",
      "properties": {
        "@id": "node/3675593361",
        "name": "Bonadindé",
        "place": "village",
        "source": "WRI_2005"
      },
      "geometry": {
        "type": "Point",
        "coordinates": [
          9.6287766,
          4.1482856
        ]
      },
      "id": "node/3675593361"
    },
    {
      "type": "Feature",
      "properties": {
        "@id": "node/3675593362",
        "name": "Bonadoumbé",
        "place": "village",
        "source": "WRI_2005"
      },
      "geometry": {
        "type": "Point",
        "coordinates": [
          9.4304319,
          4.2362209
        ]
      },
      "id": "node/3675593362"
    },
    {
      "type": "Feature",
      "properties": {
        "@id": "node/3675593366",
        "name": "Bonambongué",
        "place": "village",
        "source": "WRI_2005"
      },
      "geometry": {
        "type": "Point",
        "coordinates": [
          9.6963606,
          4.2053739
        ]
      },
      "id": "node/3675593366"
    },
    {
      "type": "Feature",
      "properties": {
        "@id": "node/3675593367",
        "name": "Bonambwasse",
        "place": "village",
        "source": "WRI_2005"
      },
      "geometry": {
        "type": "Point",
        "coordinates": [
          9.6740245,
          4.1527436
        ]
      },
      "id": "node/3675593367"
    },
    {
      "type": "Feature",
      "properties": {
        "@id": "node/3675593368",
        "name": "Bonangando",
        "place": "village",
        "source": "WRI_2005"
      },
      "geometry": {
        "type": "Point",
        "coordinates": [
          9.666984,
          4.1525705
        ]
      },
      "id": "node/3675593368"
    },
    {
      "type": "Feature",
      "properties": {
        "@id": "node/3675593369",
        "name": "Bonangando",
        "place": "village",
        "source": "WRI_2005"
      },
      "geometry": {
        "type": "Point",
        "coordinates": [
          9.7642661,
          4.1877148
        ]
      },
      "id": "node/3675593369"
    },
    {
      "type": "Feature",
      "properties": {
        "@id": "node/3675593370",
        "name": "Bonasson",
        "place": "village",
        "source": "WRI_2005"
      },
      "geometry": {
        "type": "Point",
        "coordinates": [
          9.5411021,
          4.1012198
        ]
      },
      "id": "node/3675593370"
    },
    {
      "type": "Feature",
      "properties": {
        "@id": "node/3675593372",
        "name": "Bongo",
        "place": "village",
        "source": "WRI_2005"
      },
      "geometry": {
        "type": "Point",
        "coordinates": [
          9.7279848,
          4.2248202
        ]
      },
      "id": "node/3675593372"
    },
    {
      "type": "Feature",
      "properties": {
        "@id": "node/3675593373",
        "name": "Bonébo",
        "place": "village",
        "source": "WRI_2005"
      },
      "geometry": {
        "type": "Point",
        "coordinates": [
          9.6770076,
          4.2033099
        ]
      },
      "id": "node/3675593373"
    },
    {
      "type": "Feature",
      "properties": {
        "@id": "node/3675593374",
        "name": "Bossamba",
        "place": "village",
        "source": "WRI_2005"
      },
      "geometry": {
        "type": "Point",
        "coordinates": [
          9.7544647,
          4.2211367
        ]
      },
      "id": "node/3675593374"
    },
    {
      "type": "Feature",
      "properties": {
        "@id": "node/3675593375",
        "name": "Bossédi 1",
        "place": "village",
        "source": "WRI_2005"
      },
      "geometry": {
        "type": "Point",
        "coordinates": [
          9.6640137,
          4.1784861
        ]
      },
      "id": "node/3675593375"
    },
    {
      "type": "Feature",
      "properties": {
        "@id": "node/3675593376",
        "name": "Bossédi 2",
        "place": "village",
        "source": "WRI_2005"
      },
      "geometry": {
        "type": "Point",
        "coordinates": [
          9.6703471,
          4.1995097
        ]
      },
      "id": "node/3675593376"
    },
    {
      "type": "Feature",
      "properties": {
        "@id": "node/3675593377",
        "name": "Bwanjoumba",
        "place": "village",
        "source": "WRI_2005"
      },
      "geometry": {
        "type": "Point",
        "coordinates": [
          9.6429572,
          4.1773791
        ]
      },
      "id": "node/3675593377"
    },
    {
      "type": "Feature",
      "properties": {
        "@id": "node/3675593378",
        "name": "Bwassalo",
        "place": "village",
        "source": "WRI_2005"
      },
      "geometry": {
        "type": "Point",
        "coordinates": [
          9.6182757,
          4.1613855
        ]
      },
      "id": "node/3675593378"
    },
    {
      "type": "Feature",
      "properties": {
        "@id": "node/3675593379",
        "name": "Békouma",
        "place": "village",
        "source": "WRI_2005"
      },
      "geometry": {
        "type": "Point",
        "coordinates": [
          9.5852339,
          4.1595021
        ]
      },
      "id": "node/3675593379"
    },
    {
      "type": "Feature",
      "properties": {
        "@id": "node/3675593380",
        "name": "Diongo",
        "place": "village",
        "source": "WRI_2005"
      },
      "geometry": {
        "type": "Point",
        "coordinates": [
          9.4748458,
          4.2078703
        ]
      },
      "id": "node/3675593380"
    },
    {
      "type": "Feature",
      "properties": {
        "@id": "node/3675593381",
        "name": "Diwongo",
        "place": "village",
        "source": "WRI_2005"
      },
      "geometry": {
        "type": "Point",
        "coordinates": [
          9.7244874,
          4.1992158
        ]
      },
      "id": "node/3675593381"
    },
    {
      "type": "Feature",
      "properties": {
        "@id": "node/3675593382",
        "name": "Djobwélé",
        "place": "village",
        "source": "WRI_2005"
      },
      "geometry": {
        "type": "Point",
        "coordinates": [
          9.6510036,
          4.1980335
        ]
      },
      "id": "node/3675593382"
    },
    {
      "type": "Feature",
      "properties": {
        "@id": "node/3675593384",
        "name": "Djoungue",
        "place": "village",
        "source": "WRI_2005"
      },
      "geometry": {
        "type": "Point",
        "coordinates": [
          9.5559221,
          4.2319155
        ]
      },
      "id": "node/3675593384"
    },
    {
      "type": "Feature",
      "properties": {
        "@id": "node/3675593385",
        "name": "Ewoulo Bonambépé",
        "place": "village",
        "source": "WRI_2005"
      },
      "geometry": {
        "type": "Point",
        "coordinates": [
          9.6609025,
          4.1707669
        ]
      },
      "id": "node/3675593385"
    },
    {
      "type": "Feature",
      "properties": {
        "@id": "node/3675593387",
        "name": "Kolo Souza",
        "place": "village",
        "source": "WRI_2005"
      },
      "geometry": {
        "type": "Point",
        "coordinates": [
          9.6267066,
          4.2313189
        ]
      },
      "id": "node/3675593387"
    },
    {
      "type": "Feature",
      "properties": {
        "@id": "node/3675593388",
        "name": "Kombiang Souza",
        "place": "village",
        "source": "WRI_2005"
      },
      "geometry": {
        "type": "Point",
        "coordinates": [
          9.6323893,
          4.2253534
        ]
      },
      "id": "node/3675593388"
    },
    {
      "type": "Feature",
      "properties": {
        "@id": "node/3675593389",
        "name": "Mabanga",
        "place": "village",
        "source": "WRI_2005",
        "wikidata": "Q6721353"
      },
      "geometry": {
        "type": "Point",
        "coordinates": [
          9.657252,
          4.210191
        ]
      },
      "id": "node/3675593389"
    },
    {
      "type": "Feature",
      "properties": {
        "@id": "node/3675593390",
        "name": "Maka",
        "place": "village",
        "source": "WRI_2005"
      },
      "geometry": {
        "type": "Point",
        "coordinates": [
          9.6030406,
          4.1366678
        ]
      },
      "id": "node/3675593390"
    },
    {
      "type": "Feature",
      "properties": {
        "@id": "node/3675593391",
        "name": "Mengoumba",
        "place": "village",
        "source": "WRI_2005"
      },
      "geometry": {
        "type": "Point",
        "coordinates": [
          9.5790018,
          4.2457851
        ]
      },
      "id": "node/3675593391"
    },
    {
      "type": "Feature",
      "properties": {
        "@id": "node/3675593392",
        "name": "Modibé",
        "place": "village",
        "source": "WRI_2005"
      },
      "geometry": {
        "type": "Point",
        "coordinates": [
          9.6496368,
          4.175291
        ]
      },
      "id": "node/3675593392"
    },
    {
      "type": "Feature",
      "properties": {
        "@id": "node/3675593393",
        "name": "Moudimapondji",
        "place": "village",
        "source": "WRI_2005"
      },
      "geometry": {
        "type": "Point",
        "coordinates": [
          9.6615506,
          4.1564484
        ]
      },
      "id": "node/3675593393"
    },
    {
      "type": "Feature",
      "properties": {
        "@id": "node/3675593394",
        "name": "Moulanga",
        "place": "village",
        "source": "WRI_2005"
      },
      "geometry": {
        "type": "Point",
        "coordinates": [
          9.5511514,
          4.1463824
        ]
      },
      "id": "node/3675593394"
    },
    {
      "type": "Feature",
      "properties": {
        "@id": "node/3675593395",
        "name": "Mounyoungou",
        "place": "village",
        "source": "WRI_2005"
      },
      "geometry": {
        "type": "Point",
        "coordinates": [
          9.6935033,
          4.1628122
        ]
      },
      "id": "node/3675593395"
    },
    {
      "type": "Feature",
      "properties": {
        "@id": "node/3675593397",
        "name": "Ngodi Bossédi",
        "place": "village",
        "source": "WRI_2005"
      },
      "geometry": {
        "type": "Point",
        "coordinates": [
          9.6519797,
          4.1687285
        ]
      },
      "id": "node/3675593397"
    },
    {
      "type": "Feature",
      "properties": {
        "@id": "node/3675593398",
        "name": "Ngodi Bwanjoumba",
        "place": "village",
        "source": "WRI_2005"
      },
      "geometry": {
        "type": "Point",
        "coordinates": [
          9.6415614,
          4.1667895
        ]
      },
      "id": "node/3675593398"
    },
    {
      "type": "Feature",
      "properties": {
        "@id": "node/3675593399",
        "name": "Ngoki",
        "place": "village",
        "source": "WRI_2005"
      },
      "geometry": {
        "type": "Point",
        "coordinates": [
          9.7309565,
          4.1912413
        ]
      },
      "id": "node/3675593399"
    },
    {
      "type": "Feature",
      "properties": {
        "@id": "node/3675593400",
        "name": "Nkompen",
        "place": "village",
        "source": "WRI_2005"
      },
      "geometry": {
        "type": "Point",
        "coordinates": [
          9.620675,
          4.2233649
        ]
      },
      "id": "node/3675593400"
    },
    {
      "type": "Feature",
      "properties": {
        "@id": "node/3675593401",
        "name": "Nkongbong",
        "place": "village",
        "source": "WRI_2005"
      },
      "geometry": {
        "type": "Point",
        "coordinates": [
          9.6833164,
          4.1677502
        ]
      },
      "id": "node/3675593401"
    },
    {
      "type": "Feature",
      "properties": {
        "@id": "node/3675593402",
        "name": "Solé",
        "place": "village",
        "source": "WRI_2005"
      },
      "geometry": {
        "type": "Point",
        "coordinates": [
          9.6100934,
          4.1633098
        ]
      },
      "id": "node/3675593402"
    },
    {
      "type": "Feature",
      "properties": {
        "@id": "node/3675593403",
        "name": "Songué",
        "place": "village",
        "source": "WRI_2005"
      },
      "geometry": {
        "type": "Point",
        "coordinates": [
          9.6808917,
          4.1489411
        ]
      },
      "id": "node/3675593403"
    },
    {
      "type": "Feature",
      "properties": {
        "@id": "node/3675593404",
        "name": "Touwé",
        "place": "village",
        "source": "WRI_2005"
      },
      "geometry": {
        "type": "Point",
        "coordinates": [
          9.70504,
          4.2057877
        ]
      },
      "id": "node/3675593404"
    },
    {
      "type": "Feature",
      "properties": {
        "@id": "node/3675593405",
        "name": "Yabakon",
        "place": "village",
        "source": "WRI_2005"
      },
      "geometry": {
        "type": "Point",
        "coordinates": [
          9.7356767,
          4.1841731
        ]
      },
      "id": "node/3675593405"
    },
    {
      "type": "Feature",
      "properties": {
        "@id": "node/3675593406",
        "name": "Yabona",
        "place": "village",
        "source": "WRI_2005"
      },
      "geometry": {
        "type": "Point",
        "coordinates": [
          9.7029506,
          4.1880755
        ]
      },
      "id": "node/3675593406"
    },
    {
      "type": "Feature",
      "properties": {
        "@id": "node/3675593407",
        "name": "Yalouka",
        "place": "village",
        "source": "WRI_2005"
      },
      "geometry": {
        "type": "Point",
        "coordinates": [
          9.7235108,
          4.1911957
        ]
      },
      "id": "node/3675593407"
    },
    {
      "type": "Feature",
      "properties": {
        "@id": "node/3675593408",
        "name": "Yambé",
        "place": "village",
        "source": "WRI_2005"
      },
      "geometry": {
        "type": "Point",
        "coordinates": [
          9.6969235,
          4.1974125
        ]
      },
      "id": "node/3675593408"
    },
    {
      "type": "Feature",
      "properties": {
        "@id": "node/3675593409",
        "name": "Yamidjang",
        "place": "village",
        "source": "WRI_2005"
      },
      "geometry": {
        "type": "Point",
        "coordinates": [
          9.7049998,
          4.1814233
        ]
      },
      "id": "node/3675593409"
    },
    {
      "type": "Feature",
      "properties": {
        "@id": "node/3675593410",
        "name": "Yamikoki",
        "place": "village",
        "source": "WRI_2005"
      },
      "geometry": {
        "type": "Point",
        "coordinates": [
          9.6821249,
          4.1784022
        ]
      },
      "id": "node/3675593410"
    },
    {
      "type": "Feature",
      "properties": {
        "@id": "node/3675593411",
        "name": "Yangonang",
        "place": "village",
        "source": "WRI_2005"
      },
      "geometry": {
        "type": "Point",
        "coordinates": [
          9.719115,
          4.2108766
        ]
      },
      "id": "node/3675593411"
    },
    {
      "type": "Feature",
      "properties": {
        "@id": "node/3675593412",
        "name": "Yankouté",
        "place": "village",
        "source": "WRI_2005"
      },
      "geometry": {
        "type": "Point",
        "coordinates": [
          9.7212261,
          4.1876751
        ]
      },
      "id": "node/3675593412"
    },
    {
      "type": "Feature",
      "properties": {
        "@id": "node/3675593413",
        "name": "Yansang",
        "place": "village",
        "source": "WRI_2005"
      },
      "geometry": {
        "type": "Point",
        "coordinates": [
          9.6740864,
          4.1690685
        ]
      },
      "id": "node/3675593413"
    },
    {
      "type": "Feature",
      "properties": {
        "@id": "node/3675593414",
        "name": "Yassouka",
        "place": "village",
        "source": "WRI_2005"
      },
      "geometry": {
        "type": "Point",
        "coordinates": [
          9.7271409,
          4.1935441
        ]
      },
      "id": "node/3675593414"
    },
    {
      "type": "Feature",
      "properties": {
        "@id": "node/3675593415",
        "name": "Yato",
        "place": "village",
        "source": "WRI_2005"
      },
      "geometry": {
        "type": "Point",
        "coordinates": [
          9.5577216,
          4.1525543
        ]
      },
      "id": "node/3675593415"
    },
    {
      "type": "Feature",
      "properties": {
        "@id": "node/3675593418",
        "name": "bayong",
        "place": "village",
        "source": "WRI_2005"
      },
      "geometry": {
        "type": "Point",
        "coordinates": [
          9.5424455,
          4.2209684
        ]
      },
      "id": "node/3675593418"
    },
    {
      "type": "Feature",
      "properties": {
        "@id": "node/3675685547",
        "name": "Bambou",
        "place": "village",
        "source": "WRI_2005"
      },
      "geometry": {
        "type": "Point",
        "coordinates": [
          9.5634372,
          4.1616333
        ]
      },
      "id": "node/3675685547"
    },
    {
      "type": "Feature",
      "properties": {
        "@id": "node/3778108292",
        "name": "Bahalé",
        "place": "village"
      },
      "geometry": {
        "type": "Point",
        "coordinates": [
          10.3505609,
          4.7002337
        ]
      },
      "id": "node/3778108292"
    },
    {
      "type": "Feature",
      "properties": {
        "@id": "node/3778108293",
        "name": "Ndemboundé",
        "place": "village"
      },
      "geometry": {
        "type": "Point",
        "coordinates": [
          10.3958603,
          4.7322171
        ]
      },
      "id": "node/3778108293"
    },
    {
      "type": "Feature",
      "properties": {
        "@id": "node/3778332887",
        "name": "Ndomndjengue I",
        "place": "village"
      },
      "geometry": {
        "type": "Point",
        "coordinates": [
          11.0373141,
          4.2002911
        ]
      },
      "id": "node/3778332887"
    },
    {
      "type": "Feature",
      "properties": {
        "@id": "node/3778351073",
        "name": "Ndomndjengue II",
        "place": "village",
        "population": "0"
      },
      "geometry": {
        "type": "Point",
        "coordinates": [
          11.0328434,
          4.2342051
        ]
      },
      "id": "node/3778351073"
    },
    {
      "type": "Feature",
      "properties": {
        "@id": "node/3778407038",
        "name": "Mbougue",
        "place": "village"
      },
      "geometry": {
        "type": "Point",
        "coordinates": [
          11.0037914,
          4.2881971
        ]
      },
      "id": "node/3778407038"
    },
    {
      "type": "Feature",
      "properties": {
        "@id": "node/3778809018",
        "name": "Lungahé",
        "place": "village"
      },
      "geometry": {
        "type": "Point",
        "coordinates": [
          10.0179412,
          3.9971218
        ]
      },
      "id": "node/3778809018"
    },
    {
      "type": "Feature",
      "properties": {
        "@id": "node/3778809022",
        "name": "Pitti",
        "place": "village"
      },
      "geometry": {
        "type": "Point",
        "coordinates": [
          9.9420016,
          4.0279836
        ]
      },
      "id": "node/3778809022"
    },
    {
      "type": "Feature",
      "properties": {
        "@id": "node/3825485930",
        "name": "Minkwélé",
        "place": "village",
        "source": "WRI_2005"
      },
      "geometry": {
        "type": "Point",
        "coordinates": [
          9.6006128,
          4.1000127
        ]
      },
      "id": "node/3825485930"
    },
    {
      "type": "Feature",
      "properties": {
        "@id": "node/3825487396",
        "name": "Kasalafam",
        "place": "village",
        "source": "WRI_2005"
      },
      "geometry": {
        "type": "Point",
        "coordinates": [
          9.608926,
          4.221878
        ]
      },
      "id": "node/3825487396"
    },
    {
      "type": "Feature",
      "properties": {
        "@id": "node/4461955129",
        "name": "Loum Chantier Gare",
        "place": "village"
      },
      "geometry": {
        "type": "Point",
        "coordinates": [
          9.720115,
          4.6763907
        ]
      },
      "id": "node/4461955129"
    },
    {
      "type": "Feature",
      "properties": {
        "@id": "node/4461955130",
        "name": "Loum Chantier Pk 99",
        "place": "village"
      },
      "geometry": {
        "type": "Point",
        "coordinates": [
          9.7054868,
          4.6831521
        ]
      },
      "id": "node/4461955130"
    },
    {
      "type": "Feature",
      "properties": {
        "@id": "node/4711599904",
        "name": "Ntolo",
        "place": "village"
      },
      "geometry": {
        "type": "Point",
        "coordinates": [
          9.8891228,
          4.8990059
        ]
      },
      "id": "node/4711599904"
    },
    {
      "type": "Feature",
      "properties": {
        "@id": "node/4713157003",
        "name": "Moutoubou",
        "place": "village"
      },
      "geometry": {
        "type": "Point",
        "coordinates": [
          9.745283,
          3.4688348
        ]
      },
      "id": "node/4713157003"
    },
    {
      "type": "Feature",
      "properties": {
        "@id": "node/4713180719",
        "alt_name": "Tando",
        "name": "Tanda",
        "place": "village"
      },
      "geometry": {
        "type": "Point",
        "coordinates": [
          9.7770865,
          3.4383024
        ]
      },
      "id": "node/4713180719"
    },
    {
      "type": "Feature",
      "properties": {
        "@id": "node/4713312626",
        "name": "Badangué",
        "place": "village"
      },
      "geometry": {
        "type": "Point",
        "coordinates": [
          9.8582198,
          3.3487408
        ]
      },
      "id": "node/4713312626"
    },
    {
      "type": "Feature",
      "properties": {
        "@id": "node/4713330890",
        "name": "Enyangoé",
        "place": "village"
      },
      "geometry": {
        "type": "Point",
        "coordinates": [
          9.8930882,
          3.3048553
        ]
      },
      "id": "node/4713330890"
    },
    {
      "type": "Feature",
      "properties": {
        "@id": "node/4713344097",
        "name": "Bwélébangango",
        "place": "village"
      },
      "geometry": {
        "type": "Point",
        "coordinates": [
          9.6131733,
          3.7153702
        ]
      },
      "id": "node/4713344097"
    },
    {
      "type": "Feature",
      "properties": {
        "@id": "node/4837313955",
        "name": "Behack",
        "place": "village"
      },
      "geometry": {
        "type": "Point",
        "coordinates": [
          10.2149248,
          5.0186297
        ]
      },
      "id": "node/4837313955"
    },
    {
      "type": "Feature",
      "properties": {
        "@id": "node/4837313956",
        "name": "Ntoumtè",
        "place": "village"
      },
      "geometry": {
        "type": "Point",
        "coordinates": [
          10.2146673,
          4.9790412
        ]
      },
      "id": "node/4837313956"
    },
    {
      "type": "Feature",
      "properties": {
        "@id": "node/4837313957",
        "name": "Ndockomto II",
        "place": "village"
      },
      "geometry": {
        "type": "Point",
        "coordinates": [
          10.2020502,
          4.9897723
        ]
      },
      "id": "node/4837313957"
    },
    {
      "type": "Feature",
      "properties": {
        "@id": "node/4837379146",
        "name": "Ndockouma",
        "place": "village"
      },
      "geometry": {
        "type": "Point",
        "coordinates": [
          10.2228319,
          4.958033
        ]
      },
      "id": "node/4837379146"
    },
    {
      "type": "Feature",
      "properties": {
        "@id": "node/4837379147",
        "name": "Ndock-samba",
        "place": "village"
      },
      "geometry": {
        "type": "Point",
        "coordinates": [
          10.2681505,
          4.9447788
        ]
      },
      "id": "node/4837379147"
    },
    {
      "type": "Feature",
      "properties": {
        "@id": "node/4839548311",
        "name": "Ndokomto I",
        "place": "village"
      },
      "geometry": {
        "type": "Point",
        "coordinates": [
          10.1976811,
          5.00013
        ]
      },
      "id": "node/4839548311"
    },
    {
      "type": "Feature",
      "properties": {
        "@id": "node/4839595290",
        "name": "Mabouta",
        "place": "village"
      },
      "geometry": {
        "type": "Point",
        "coordinates": [
          10.2118349,
          4.9943309
        ]
      },
      "id": "node/4839595290"
    },
    {
      "type": "Feature",
      "properties": {
        "@id": "node/4839641681",
        "name": "Njoue",
        "place": "village"
      },
      "geometry": {
        "type": "Point",
        "coordinates": [
          10.2422404,
          5.0065099
        ]
      },
      "id": "node/4839641681"
    },
    {
      "type": "Feature",
      "properties": {
        "@id": "node/6144873504",
        "name": "Nzock Nkong",
        "place": "village",
        "source": "mapillary",
        "wikidata": "Q26706092",
        "wikipedia": "fr:Nzock Nkong"
      },
      "geometry": {
        "type": "Point",
        "coordinates": [
          10.1499328,
          3.7681714
        ]
      },
      "id": "node/6144873504"
    },
    {
      "type": "Feature",
      "properties": {
        "@id": "node/6468757815",
        "place": "village"
      },
      "geometry": {
        "type": "Point",
        "coordinates": [
          10.1175713,
          3.8555626
        ]
      },
      "id": "node/6468757815"
    },
    {
      "type": "Feature",
      "properties": {
        "@id": "node/6945052762",
        "name": "Dibamba",
        "place": "village"
      },
      "geometry": {
        "type": "Point",
        "coordinates": [
          10.227035,
          4.521546
        ]
      },
      "id": "node/6945052762"
    },
    {
      "type": "Feature",
      "properties": {
        "@id": "node/6973763720",
        "name": "Coconut Kombo",
        "place": "village"
      },
      "geometry": {
        "type": "Point",
        "coordinates": [
          9.6480721,
          3.5779814
        ]
      },
      "id": "node/6973763720"
    },
    {
      "type": "Feature",
      "properties": {
        "@id": "node/6973793034",
        "name": "Bongo",
        "place": "village"
      },
      "geometry": {
        "type": "Point",
        "coordinates": [
          9.7104764,
          3.5752723
        ]
      },
      "id": "node/6973793034"
    },
    {
      "type": "Feature",
      "properties": {
        "@id": "node/6973793046",
        "name": "Ngola",
        "place": "village"
      },
      "geometry": {
        "type": "Point",
        "coordinates": [
          9.7096074,
          3.5661009
        ]
      },
      "id": "node/6973793046"
    },
    {
      "type": "Feature",
      "properties": {
        "@id": "node/7560870036",
        "name": "Siga Bonjo",
        "place": "village"
      },
      "geometry": {
        "type": "Point",
        "coordinates": [
          9.7836149,
          4.2816108
        ]
      },
      "id": "node/7560870036"
    },
    {
      "type": "Feature",
      "properties": {
        "@id": "node/7616490296",
        "name": "Ndikbanamouan (Nyieng)",
        "place": "village"
      },
      "geometry": {
        "type": "Point",
        "coordinates": [
          10.5335614,
          4.3977042
        ]
      },
      "id": "node/7616490296"
    },
    {
      "type": "Feature",
      "properties": {
        "@id": "node/7636431002",
        "name": "Saha 2",
        "place": "village"
      },
      "geometry": {
        "type": "Point",
        "coordinates": [
          10.5101562,
          4.2828935
        ]
      },
      "id": "node/7636431002"
    },
    {
      "type": "Feature",
      "properties": {
        "@id": "node/7636437166",
        "name": "Niel 1",
        "place": "village"
      },
      "geometry": {
        "type": "Point",
        "coordinates": [
          10.5126306,
          4.2423284
        ]
      },
      "id": "node/7636437166"
    },
    {
      "type": "Feature",
      "properties": {
        "@id": "node/7636437558",
        "name": "Nguimbock",
        "place": "village"
      },
      "geometry": {
        "type": "Point",
        "coordinates": [
          10.4691414,
          4.2948561
        ]
      },
      "id": "node/7636437558"
    },
    {
      "type": "Feature",
      "properties": {
        "@id": "node/7636437560",
        "name": "Lebaba Tola",
        "place": "village"
      },
      "geometry": {
        "type": "Point",
        "coordinates": [
          10.4531678,
          4.3129367
        ]
      },
      "id": "node/7636437560"
    },
    {
      "type": "Feature",
      "properties": {
        "@id": "node/7636437561",
        "name": "Nkomandes",
        "place": "village"
      },
      "geometry": {
        "type": "Point",
        "coordinates": [
          10.4420137,
          4.3229665
        ]
      },
      "id": "node/7636437561"
    },
    {
      "type": "Feature",
      "properties": {
        "@id": "node/7636437562",
        "name": "Ikem",
        "place": "village"
      },
      "geometry": {
        "type": "Point",
        "coordinates": [
          10.4334291,
          4.3264862
        ]
      },
      "id": "node/7636437562"
    },
    {
      "type": "Feature",
      "properties": {
        "@id": "node/7636437563",
        "alt_name": "Logsanja",
        "name": "Ndogbanguendeng",
        "place": "village",
        "source:date": "1963",
        "source_ref": "ORSTOM"
      },
      "geometry": {
        "type": "Point",
        "coordinates": [
          10.430177,
          4.3314101
        ]
      },
      "id": "node/7636437563"
    },
    {
      "type": "Feature",
      "properties": {
        "@id": "node/7636437566",
        "hunting": "camp_site",
        "name": "Masseng",
        "name:tvu": "Maseng",
        "place": "village"
      },
      "geometry": {
        "type": "Point",
        "coordinates": [
          10.4375006,
          4.3793418
        ]
      },
      "id": "node/7636437566"
    },
    {
      "type": "Feature",
      "properties": {
        "@id": "node/7636437567",
        "name": "Omog",
        "place": "village"
      },
      "geometry": {
        "type": "Point",
        "coordinates": [
          10.4999126,
          4.2880009
        ]
      },
      "id": "node/7636437567"
    },
    {
      "type": "Feature",
      "properties": {
        "@id": "node/7636437572",
        "name": "Nleleb",
        "place": "village"
      },
      "geometry": {
        "type": "Point",
        "coordinates": [
          10.4784096,
          4.2934198
        ]
      },
      "id": "node/7636437572"
    },
    {
      "type": "Feature",
      "properties": {
        "@id": "node/7636584049",
        "alt_name": "Esoje / Esonje",
        "name": "Issondje II",
        "place": "village"
      },
      "geometry": {
        "type": "Point",
        "coordinates": [
          10.528089,
          4.3408409
        ]
      },
      "id": "node/7636584049"
    },
    {
      "type": "Feature",
      "properties": {
        "@id": "node/7636584050",
        "name": "Biomoul",
        "place": "village"
      },
      "geometry": {
        "type": "Point",
        "coordinates": [
          10.5242964,
          4.3199794
        ]
      },
      "id": "node/7636584050"
    },
    {
      "type": "Feature",
      "properties": {
        "@id": "node/7636584088",
        "name": "Lokat",
        "place": "village"
      },
      "geometry": {
        "type": "Point",
        "coordinates": [
          10.521818,
          4.3019685
        ]
      },
      "id": "node/7636584088"
    },
    {
      "type": "Feature",
      "properties": {
        "@id": "node/7636584151",
        "alt_name": "Leck",
        "name": "Lek",
        "place": "village",
        "population": "500"
      },
      "geometry": {
        "type": "Point",
        "coordinates": [
          10.5195381,
          4.2752423
        ]
      },
      "id": "node/7636584151"
    },
    {
      "type": "Feature",
      "properties": {
        "@id": "node/7636584152",
        "name": "Niel 2",
        "place": "village"
      },
      "geometry": {
        "type": "Point",
        "coordinates": [
          10.514163,
          4.2543255
        ]
      },
      "id": "node/7636584152"
    },
    {
      "type": "Feature",
      "properties": {
        "@id": "node/7636584153",
        "name": "Niel",
        "place": "village"
      },
      "geometry": {
        "type": "Point",
        "coordinates": [
          10.5116524,
          4.2368641
        ]
      },
      "id": "node/7636584153"
    },
    {
      "type": "Feature",
      "properties": {
        "@id": "node/7636677662",
        "name": "Log Dikit",
        "place": "village"
      },
      "geometry": {
        "type": "Point",
        "coordinates": [
          10.5763024,
          3.9090774
        ]
      },
      "id": "node/7636677662"
    },
    {
      "type": "Feature",
      "properties": {
        "@id": "node/7636732859",
        "name": "Dissat",
        "place": "village"
      },
      "geometry": {
        "type": "Point",
        "coordinates": [
          10.4279179,
          4.1000025
        ]
      },
      "id": "node/7636732859"
    },
    {
      "type": "Feature",
      "properties": {
        "@id": "node/7636732869",
        "name": "Dissat 2",
        "place": "village"
      },
      "geometry": {
        "type": "Point",
        "coordinates": [
          10.4017666,
          4.0812931
        ]
      },
      "id": "node/7636732869"
    },
    {
      "type": "Feature",
      "properties": {
        "@id": "node/7636732879",
        "name": "Dissat 3",
        "place": "village"
      },
      "geometry": {
        "type": "Point",
        "coordinates": [
          10.3865155,
          4.0866592
        ]
      },
      "id": "node/7636732879"
    },
    {
      "type": "Feature",
      "properties": {
        "@id": "node/7636732880",
        "name": "Ndobyanga",
        "place": "village"
      },
      "geometry": {
        "type": "Point",
        "coordinates": [
          10.3804619,
          4.0806049
        ]
      },
      "id": "node/7636732880"
    },
    {
      "type": "Feature",
      "properties": {
        "@id": "node/7636732881",
        "name": "Dikouss",
        "place": "village"
      },
      "geometry": {
        "type": "Point",
        "coordinates": [
          10.3554155,
          4.0549515
        ]
      },
      "id": "node/7636732881"
    },
    {
      "type": "Feature",
      "properties": {
        "@id": "node/7636732882",
        "name": "Malo",
        "place": "village"
      },
      "geometry": {
        "type": "Point",
        "coordinates": [
          10.2289085,
          3.9483194
        ]
      },
      "id": "node/7636732882"
    },
    {
      "type": "Feature",
      "properties": {
        "@id": "node/7636734994",
        "name": "Bertouan",
        "place": "village"
      },
      "geometry": {
        "type": "Point",
        "coordinates": [
          10.2083944,
          3.9190531
        ]
      },
      "id": "node/7636734994"
    },
    {
      "type": "Feature",
      "properties": {
        "@id": "node/7636735072",
        "name": "Njouma",
        "place": "village"
      },
      "geometry": {
        "type": "Point",
        "coordinates": [
          10.16906,
          3.9647362
        ]
      },
      "id": "node/7636735072"
    },
    {
      "type": "Feature",
      "properties": {
        "@id": "node/7636735073",
        "alt_name": "Biekok",
        "name": "Bienkok",
        "place": "village"
      },
      "geometry": {
        "type": "Point",
        "coordinates": [
          10.1450345,
          3.9621739
        ]
      },
      "id": "node/7636735073"
    },
    {
      "type": "Feature",
      "properties": {
        "@id": "node/7636735075",
        "name": "Kopongo",
        "place": "village"
      },
      "geometry": {
        "type": "Point",
        "coordinates": [
          10.1223874,
          3.9558938
        ]
      },
      "id": "node/7636735075"
    },
    {
      "type": "Feature",
      "properties": {
        "@id": "node/7636735079",
        "name": "Douokokoul",
        "place": "village"
      },
      "geometry": {
        "type": "Point",
        "coordinates": [
          10.561116,
          4.0838506
        ]
      },
      "id": "node/7636735079"
    },
    {
      "type": "Feature",
      "properties": {
        "@id": "node/7636735080",
        "name": "Ndojey",
        "place": "village"
      },
      "geometry": {
        "type": "Point",
        "coordinates": [
          10.5383538,
          4.0844479
        ]
      },
      "id": "node/7636735080"
    },
    {
      "type": "Feature",
      "properties": {
        "@id": "node/7636735081",
        "name": "Log Dikit 2",
        "place": "village"
      },
      "geometry": {
        "type": "Point",
        "coordinates": [
          10.5891521,
          3.9469786
        ]
      },
      "id": "node/7636735081"
    },
    {
      "type": "Feature",
      "properties": {
        "@id": "node/7636735082",
        "name": "Log Dikit 1",
        "place": "village"
      },
      "geometry": {
        "type": "Point",
        "coordinates": [
          10.587748,
          3.9254101
        ]
      },
      "id": "node/7636735082"
    },
    {
      "type": "Feature",
      "properties": {
        "@id": "node/7636739594",
        "name": "Nkonga",
        "place": "village"
      },
      "geometry": {
        "type": "Point",
        "coordinates": [
          10.5454122,
          3.8857302
        ]
      },
      "id": "node/7636739594"
    },
    {
      "type": "Feature",
      "properties": {
        "@id": "node/7636739595",
        "name": "Bonepoupa 1",
        "place": "village"
      },
      "geometry": {
        "type": "Point",
        "coordinates": [
          10.0142594,
          4.134826
        ]
      },
      "id": "node/7636739595"
    },
    {
      "type": "Feature",
      "properties": {
        "@id": "node/7636796124",
        "hunting": "camp_site",
        "name": "Matanouye",
        "place": "village"
      },
      "geometry": {
        "type": "Point",
        "coordinates": [
          10.4535471,
          4.419959
        ]
      },
      "id": "node/7636796124"
    },
    {
      "type": "Feature",
      "properties": {
        "@id": "node/7643949992",
        "name": "Dibengui",
        "place": "village"
      },
      "geometry": {
        "type": "Point",
        "coordinates": [
          10.5204594,
          4.285897
        ]
      },
      "id": "node/7643949992"
    },
    {
      "type": "Feature",
      "properties": {
        "@id": "node/7643950034",
        "alt_name": "Dikam/Dicam",
        "name": "Ndokbaembi",
        "place": "village",
        "source:date": "1963",
        "source_ref": "ORSTOM"
      },
      "geometry": {
        "type": "Point",
        "coordinates": [
          10.4242078,
          4.3254241
        ]
      },
      "id": "node/7643950034"
    },
    {
      "type": "Feature",
      "properties": {
        "@id": "node/7643950036",
        "alt_name": "Ndokminikon;Balcol",
        "name": "Ndikminokon 1",
        "place": "village",
        "source": "http://sphaera.cartographie.ird.fr/images/telechargement/15203.pdf",
        "source:date": "1963",
        "source_ref": "ORSTOM"
      },
      "geometry": {
        "type": "Point",
        "coordinates": [
          10.4251145,
          4.356724
        ]
      },
      "id": "node/7643950036"
    },
    {
      "type": "Feature",
      "properties": {
        "@id": "node/7643950037",
        "name": "Bekob",
        "place": "village"
      },
      "geometry": {
        "type": "Point",
        "coordinates": [
          10.4210377,
          4.3524689
        ]
      },
      "id": "node/7643950037"
    },
    {
      "type": "Feature",
      "properties": {
        "@id": "node/7644290089",
        "name": "Massoan",
        "place": "village"
      },
      "geometry": {
        "type": "Point",
        "coordinates": [
          10.4289339,
          4.4689479
        ]
      },
      "id": "node/7644290089"
    },
    {
      "type": "Feature",
      "properties": {
        "@id": "node/7644290090",
        "name": "Mosse",
        "place": "village"
      },
      "geometry": {
        "type": "Point",
        "coordinates": [
          10.3795927,
          4.4780703
        ]
      },
      "id": "node/7644290090"
    },
    {
      "type": "Feature",
      "properties": {
        "@id": "node/7656177211",
        "name": "Ndike-Mboum",
        "place": "village"
      },
      "geometry": {
        "type": "Point",
        "coordinates": [
          10.5159913,
          4.4234277
        ]
      },
      "id": "node/7656177211"
    },
    {
      "type": "Feature",
      "properties": {
        "@id": "node/7656188955",
        "name": "Indik Molong",
        "place": "village"
      },
      "geometry": {
        "type": "Point",
        "coordinates": [
          10.4864965,
          4.4411759
        ]
      },
      "id": "node/7656188955"
    },
    {
      "type": "Feature",
      "properties": {
        "@id": "node/7656634080",
        "clan": "Ndobiakat",
        "description": "Abandoned village",
        "name": "Boumben",
        "place": "village",
        "population": "0"
      },
      "geometry": {
        "type": "Point",
        "coordinates": [
          10.4129083,
          4.4296724
        ]
      },
      "id": "node/7656634080"
    },
    {
      "type": "Feature",
      "properties": {
        "@id": "node/7656669790",
        "alt_name": "Ndogbayembi",
        "clan": "Ndikbiakat",
        "name": "Ndickbalemb",
        "place": "village",
        "population": "0"
      },
      "geometry": {
        "type": "Point",
        "coordinates": [
          10.4282522,
          4.3472669
        ]
      },
      "id": "node/7656669790"
    },
    {
      "type": "Feature",
      "properties": {
        "@id": "node/7656684313",
        "clan": "Ndickeu Nguileu",
        "name": "Ndikoub",
        "place": "village",
        "population": "0"
      },
      "geometry": {
        "type": "Point",
        "coordinates": [
          10.4792465,
          4.3751222
        ]
      },
      "id": "node/7656684313"
    },
    {
      "type": "Feature",
      "properties": {
        "@id": "node/7658329564",
        "place": "village"
      },
      "geometry": {
        "type": "Point",
        "coordinates": [
          9.9135705,
          3.2605264
        ]
      },
      "id": "node/7658329564"
    },
    {
      "type": "Feature",
      "properties": {
        "@id": "node/7658434834",
        "place": "village"
      },
      "geometry": {
        "type": "Point",
        "coordinates": [
          9.7437116,
          3.6026119
        ]
      },
      "id": "node/7658434834"
    },
    {
      "type": "Feature",
      "properties": {
        "@id": "node/7659303042",
        "name": "Ndokmen Nord Chefférie",
        "place": "village",
        "source:date": "1963",
        "source_ref": "ORSTOM"
      },
      "geometry": {
        "type": "Point",
        "coordinates": [
          10.3581768,
          4.518204
        ]
      },
      "id": "node/7659303042"
    },
    {
      "type": "Feature",
      "properties": {
        "@id": "node/7659365286",
        "name": "Ndoktoum",
        "place": "village",
        "source:date": "1963",
        "source_ref": "ORSTOM 1963"
      },
      "geometry": {
        "type": "Point",
        "coordinates": [
          10.367738,
          4.5038646
        ]
      },
      "id": "node/7659365286"
    },
    {
      "type": "Feature",
      "properties": {
        "@id": "node/7659365287",
        "name": "Ndoktok",
        "place": "village",
        "source:date": "1963",
        "source_ref": "ORSTOM 1963"
      },
      "geometry": {
        "type": "Point",
        "coordinates": [
          10.4043045,
          4.472844
        ]
      },
      "id": "node/7659365287"
    },
    {
      "type": "Feature",
      "properties": {
        "@id": "node/7659365297",
        "name": "Bakon",
        "place": "village"
      },
      "geometry": {
        "type": "Point",
        "coordinates": [
          10.3735878,
          4.4682606
        ]
      },
      "id": "node/7659365297"
    },
    {
      "type": "Feature",
      "properties": {
        "@id": "node/7659365298",
        "name": "Logmbo",
        "place": "village",
        "source:date": "1963",
        "source_ref": "ORSTOM"
      },
      "geometry": {
        "type": "Point",
        "coordinates": [
          10.47282,
          4.4239586
        ]
      },
      "id": "node/7659365298"
    },
    {
      "type": "Feature",
      "properties": {
        "@id": "node/7659392842",
        "name": "Ndogbassogok",
        "place": "village",
        "source:date": "1963",
        "source_ref": "ORSTOM 1963"
      },
      "geometry": {
        "type": "Point",
        "coordinates": [
          10.6220064,
          4.4487195
        ]
      },
      "id": "node/7659392842"
    },
    {
      "type": "Feature",
      "properties": {
        "@id": "node/7659410622",
        "name": "Ndikyen",
        "place": "village",
        "source:date": "1963",
        "source_ref": "ORSTOM 1963"
      },
      "geometry": {
        "type": "Point",
        "coordinates": [
          10.5202226,
          4.4472452
        ]
      },
      "id": "node/7659410622"
    },
    {
      "type": "Feature",
      "properties": {
        "@id": "node/7659410623",
        "name": "Ndogngong",
        "place": "village",
        "source:date": "1963",
        "source_ref": "ORSTOM"
      },
      "geometry": {
        "type": "Point",
        "coordinates": [
          10.3738772,
          4.4125489
        ]
      },
      "id": "node/7659410623"
    },
    {
      "type": "Feature",
      "properties": {
        "@id": "node/7659504893",
        "name": "Moukounda II",
        "place": "village"
      },
      "geometry": {
        "type": "Point",
        "coordinates": [
          10.009351,
          4.4074993
        ]
      },
      "id": "node/7659504893"
    },
    {
      "type": "Feature",
      "properties": {
        "@id": "node/7659504905",
        "name": "Ndokhai",
        "place": "village",
        "source:date": "1963",
        "source_ref": "ORSTOM 1963"
      },
      "geometry": {
        "type": "Point",
        "coordinates": [
          9.9898886,
          4.4245306
        ]
      },
      "id": "node/7659504905"
    },
    {
      "type": "Feature",
      "properties": {
        "@id": "node/7659504906",
        "name": "Ndogbao",
        "place": "village",
        "source:date": "1963",
        "source_ref": "ORSTOM 1963"
      },
      "geometry": {
        "type": "Point",
        "coordinates": [
          10.0246585,
          4.4660358
        ]
      },
      "id": "node/7659504906"
    },
    {
      "type": "Feature",
      "properties": {
        "@id": "node/7659504907",
        "name": "Ndokbos",
        "place": "village",
        "source:date": "1963",
        "source_ref": "ORSTOM 1963"
      },
      "geometry": {
        "type": "Point",
        "coordinates": [
          10.0665272,
          4.4215984
        ]
      },
      "id": "node/7659504907"
    },
    {
      "type": "Feature",
      "properties": {
        "@id": "node/7659504913",
        "name": "Moukounda I",
        "place": "village",
        "source:date": "1963",
        "source_ref": "ORSTOM 1963"
      },
      "geometry": {
        "type": "Point",
        "coordinates": [
          10.0685831,
          4.436487
        ]
      },
      "id": "node/7659504913"
    },
    {
      "type": "Feature",
      "properties": {
        "@id": "node/7659504920",
        "name": "Ndoktaya",
        "place": "village"
      },
      "geometry": {
        "type": "Point",
        "coordinates": [
          10.0736498,
          4.410416
        ]
      },
      "id": "node/7659504920"
    },
    {
      "type": "Feature",
      "properties": {
        "@id": "node/7659504921",
        "name": "Ndokndak",
        "place": "village",
        "source:date": "1963",
        "source_ref": "ORSTOM"
      },
      "geometry": {
        "type": "Point",
        "coordinates": [
          10.0887963,
          4.4068726
        ]
      },
      "id": "node/7659504921"
    },
    {
      "type": "Feature",
      "properties": {
        "@id": "node/7659504965",
        "name": "Ndokbabuengué",
        "place": "village",
        "source:date": "1963",
        "source_ref": "ORSTOM 1963"
      },
      "geometry": {
        "type": "Point",
        "coordinates": [
          10.1583057,
          4.3919473
        ]
      },
      "id": "node/7659504965"
    },
    {
      "type": "Feature",
      "properties": {
        "@id": "node/7659505039",
        "name": "Ndokyemek",
        "place": "village",
        "source:date": "1963",
        "source_ref": "ORSTOM 1963"
      },
      "geometry": {
        "type": "Point",
        "coordinates": [
          10.1315481,
          4.4259571
        ]
      },
      "id": "node/7659505039"
    },
    {
      "type": "Feature",
      "properties": {
        "@id": "node/7659505105",
        "name": "Bataba",
        "place": "village"
      },
      "geometry": {
        "type": "Point",
        "coordinates": [
          10.2362648,
          4.5256557
        ]
      },
      "id": "node/7659505105"
    },
    {
      "type": "Feature",
      "properties": {
        "@id": "node/7659505131",
        "name": "Ndokhendé",
        "place": "village",
        "source:date": "1963",
        "source_ref": "ORSTOM 1963"
      },
      "geometry": {
        "type": "Point",
        "coordinates": [
          10.2507366,
          4.5276486
        ]
      },
      "id": "node/7659505131"
    },
    {
      "type": "Feature",
      "properties": {
        "@id": "node/7659588053",
        "name": "Ndem 1",
        "place": "village",
        "source:date": "1963",
        "source_ref": "ORSTOM 1963"
      },
      "geometry": {
        "type": "Point",
        "coordinates": [
          10.3288873,
          4.551275
        ]
      },
      "id": "node/7659588053"
    },
    {
      "type": "Feature",
      "properties": {
        "@id": "node/7669735414",
        "name": "Ndokminokon II",
        "place": "village",
        "source_date": "1963",
        "source_ref": "ORSTOM 1963"
      },
      "geometry": {
        "type": "Point",
        "coordinates": [
          10.3850764,
          4.3933834
        ]
      },
      "id": "node/7669735414"
    },
    {
      "type": "Feature",
      "properties": {
        "@id": "node/7699630856",
        "name": "Kéleng",
        "place": "village"
      },
      "geometry": {
        "type": "Point",
        "coordinates": [
          11.0172647,
          4.2687614
        ]
      },
      "id": "node/7699630856"
    },
    {
      "type": "Feature",
      "properties": {
        "@id": "node/7699630857",
        "name": "Kikot",
        "place": "village"
      },
      "geometry": {
        "type": "Point",
        "coordinates": [
          11.023128,
          4.1755615
        ]
      },
      "id": "node/7699630857"
    },
    {
      "type": "Feature",
      "properties": {
        "@id": "node/7703015672",
        "place": "village"
      },
      "geometry": {
        "type": "Point",
        "coordinates": [
          10.2799067,
          4.5205052
        ]
      },
      "id": "node/7703015672"
    },
    {
      "type": "Feature",
      "properties": {
        "@id": "node/7703015673",
        "description": "Former village",
        "name": "Bekombi",
        "place": "village"
      },
      "geometry": {
        "type": "Point",
        "coordinates": [
          10.3906927,
          4.3810285
        ]
      },
      "id": "node/7703015673"
    },
    {
      "type": "Feature",
      "properties": {
        "@id": "node/7710550075",
        "abandoned": "yes",
        "name": "Balikol",
        "place": "village"
      },
      "geometry": {
        "type": "Point",
        "coordinates": [
          10.4242435,
          4.3505895
        ]
      },
      "id": "node/7710550075"
    },
    {
      "type": "Feature",
      "properties": {
        "@id": "node/7710550076",
        "name": "Ndickam",
        "place": "village"
      },
      "geometry": {
        "type": "Point",
        "coordinates": [
          10.4221836,
          4.3479364
        ]
      },
      "id": "node/7710550076"
    },
    {
      "type": "Feature",
      "properties": {
        "@id": "node/7710573540",
        "name": "Songloulou village",
        "place": "village"
      },
      "geometry": {
        "type": "Point",
        "coordinates": [
          10.4674747,
          4.1011962
        ]
      },
      "id": "node/7710573540"
    },
    {
      "type": "Feature",
      "properties": {
        "@id": "node/7714416720",
        "description": "Abandoned village",
        "name": "Moupon",
        "place": "village"
      },
      "geometry": {
        "type": "Point",
        "coordinates": [
          10.4473901,
          4.4013287
        ]
      },
      "id": "node/7714416720"
    },
    {
      "type": "Feature",
      "properties": {
        "@id": "node/7827711019",
        "name": "Ongué",
        "place": "village"
      },
      "geometry": {
        "type": "Point",
        "coordinates": [
          10.0659174,
          3.5096355
        ]
      },
      "id": "node/7827711019"
    },
    {
      "type": "Feature",
      "properties": {
        "@id": "node/8348756652",
        "name": "Essoukou",
        "place": "village",
        "source": "https://horizon.documentation.ird.fr/exl-doc/pleins_textes/divers15-04/02882.pdf"
      },
      "geometry": {
        "type": "Point",
        "coordinates": [
          9.9159765,
          5.2088696
        ]
      },
      "id": "node/8348756652"
    },
    {
      "type": "Feature",
      "properties": {
        "@id": "node/8348756653",
        "name": "Ndjop",
        "place": "village",
        "source": "https://horizon.documentation.ird.fr/exl-doc/pleins_textes/divers15-04/02882.pdf"
      },
      "geometry": {
        "type": "Point",
        "coordinates": [
          9.7925949,
          5.1481465
        ]
      },
      "id": "node/8348756653"
    },
    {
      "type": "Feature",
      "properties": {
        "@id": "node/8348756654",
        "name": "Mangekam",
        "place": "village",
        "source": "https://horizon.documentation.ird.fr/exl-doc/pleins_textes/divers15-04/02882.pdf"
      },
      "geometry": {
        "type": "Point",
        "coordinates": [
          9.7805786,
          5.1560004
        ]
      },
      "id": "node/8348756654"
    },
    {
      "type": "Feature",
      "properties": {
        "@id": "node/8348756655",
        "name": "Ediango",
        "place": "village",
        "source": "https://horizon.documentation.ird.fr/exl-doc/pleins_textes/divers15-04/02882.pdf"
      },
      "geometry": {
        "type": "Point",
        "coordinates": [
          9.7807073,
          5.2045745
        ]
      },
      "id": "node/8348756655"
    },
    {
      "type": "Feature",
      "properties": {
        "@id": "node/8348756656",
        "name": "Limbo",
        "place": "village",
        "source": "https://horizon.documentation.ird.fr/exl-doc/pleins_textes/divers15-04/02882.pdf"
      },
      "geometry": {
        "type": "Point",
        "coordinates": [
          9.7737336,
          5.2249176
        ]
      },
      "id": "node/8348756656"
    },
    {
      "type": "Feature",
      "properties": {
        "@id": "node/8348756657",
        "name": "Nzakon",
        "place": "village",
        "source": "https://horizon.documentation.ird.fr/exl-doc/pleins_textes/divers15-04/02882.pdf"
      },
      "geometry": {
        "type": "Point",
        "coordinates": [
          9.7596145,
          5.2379095
        ]
      },
      "id": "node/8348756657"
    },
    {
      "type": "Feature",
      "properties": {
        "@id": "node/8348756658",
        "name": "Mbokem",
        "place": "village",
        "source": "https://horizon.documentation.ird.fr/exl-doc/pleins_textes/divers15-04/02882.pdf"
      },
      "geometry": {
        "type": "Point",
        "coordinates": [
          9.7398734,
          5.2453028
        ]
      },
      "id": "node/8348756658"
    },
    {
      "type": "Feature",
      "properties": {
        "@id": "node/8348756659",
        "name": "Ebakong",
        "place": "village",
        "source": "https://horizon.documentation.ird.fr/exl-doc/pleins_textes/divers15-04/02882.pdf"
      },
      "geometry": {
        "type": "Point",
        "coordinates": [
          9.8150824,
          5.2694268
        ]
      },
      "id": "node/8348756659"
    },
    {
      "type": "Feature",
      "properties": {
        "@id": "node/8348756660",
        "name": "Mbokambo",
        "place": "village",
        "source": "https://horizon.documentation.ird.fr/exl-doc/pleins_textes/divers15-04/02882.pdf"
      },
      "geometry": {
        "type": "Point",
        "coordinates": [
          9.8243522,
          5.2877165
        ]
      },
      "id": "node/8348756660"
    },
    {
      "type": "Feature",
      "properties": {
        "@id": "node/8348756661",
        "name": "Souza",
        "note": "rank=0 car commune",
        "place": "town",
        "rank": "0"
      },
      "geometry": {
        "type": "Point",
        "coordinates": [
          9.6132516,
          4.2317631
        ]
      },
      "id": "node/8348756661"
    },
    {
      "type": "Feature",
      "properties": {
        "@id": "node/8348756663",
        "name": "Nkondjock",
        "note": "rank=0 car commune",
        "note_2": "Emplacemnet a verifier",
        "place": "town",
        "rank": "0",
        "source": "WRI_2005"
      },
      "geometry": {
        "type": "Point",
        "coordinates": [
          10.2414948,
          4.863191
        ]
      },
      "id": "node/8348756663"
    },
    {
      "type": "Feature",
      "properties": {
        "@id": "node/8348756664",
        "name": "Ndom",
        "note": "rank=0 car commune",
        "place": "town",
        "rank": "0"
      },
      "geometry": {
        "type": "Point",
        "coordinates": [
          10.8351802,
          4.5080617
        ]
      },
      "id": "node/8348756664"
    },
    {
      "type": "Feature",
      "properties": {
        "@id": "node/8427033727",
        "name": "Sissio",
        "place": "village"
      },
      "geometry": {
        "type": "Point",
        "coordinates": [
          9.7424054,
          3.8565688
        ]
      },
      "id": "node/8427033727"
    },
    {
      "type": "Feature",
      "properties": {
        "@id": "node/9444990835",
        "name": "Djébalé",
        "place": "village"
      },
      "geometry": {
        "type": "Point",
        "coordinates": [
          9.6993828,
          4.1083604
        ]
      },
      "id": "node/9444990835"
    },
    {
      "type": "Feature",
      "properties": {
        "@id": "node/9483984603",
        "alt_name": "Stand",
        "name": "Sitan",
        "place": "village"
      },
      "geometry": {
        "type": "Point",
        "coordinates": [
          9.7235092,
          3.4895725
        ]
      },
      "id": "node/9483984603"
    },
    {
      "type": "Feature",
      "properties": {
        "@id": "node/9484037403",
        "name": "Loté",
        "place": "village"
      },
      "geometry": {
        "type": "Point",
        "coordinates": [
          9.7981095,
          3.4160314
        ]
      },
      "id": "node/9484037403"
    },
    {
      "type": "Feature",
      "properties": {
        "@id": "node/9484255017",
        "place": "village"
      },
      "geometry": {
        "type": "Point",
        "coordinates": [
          9.6431208,
          3.5542925
        ]
      },
      "id": "node/9484255017"
    },
    {
      "type": "Feature",
      "properties": {
        "@id": "node/9952652789",
        "name": "Logyamba",
        "place": "village"
      },
      "geometry": {
        "type": "Point",
        "coordinates": [
          10.459605,
          4.3903535
        ]
      },
      "id": "node/9952652789"
    },
    {
      "type": "Feature",
      "properties": {
        "@id": "node/10816304196",
        "name": "Nyanga Kombo",
        "place": "village"
      },
      "geometry": {
        "type": "Point",
        "coordinates": [
          9.6895391,
          3.9694834
        ]
      },
      "id": "node/10816304196"
    },
    {
      "type": "Feature",
      "properties": {
        "@id": "node/10842005354",
        "name": "Nkoaya",
        "place": "village"
      },
      "geometry": {
        "type": "Point",
        "coordinates": [
          10.1146531,
          3.6538225
        ]
      },
      "id": "node/10842005354"
    },
    {
      "type": "Feature",
      "properties": {
        "@id": "node/10842005386",
        "name": "Koukoué",
        "place": "village"
      },
      "geometry": {
        "type": "Point",
        "coordinates": [
          10.1049113,
          3.6986516
        ]
      },
      "id": "node/10842005386"
    },
    {
      "type": "Feature",
      "properties": {
        "@id": "node/10842005387",
        "name": "Okor",
        "place": "village"
      },
      "geometry": {
        "type": "Point",
        "coordinates": [
          10.1535773,
          3.7500092
        ]
      },
      "id": "node/10842005387"
    },
    {
      "type": "Feature",
      "properties": {
        "@id": "node/10842005388",
        "name": "Besseng",
        "place": "village"
      },
      "geometry": {
        "type": "Point",
        "coordinates": [
          10.1150608,
          3.7342179
        ]
      },
      "id": "node/10842005388"
    },
    {
      "type": "Feature",
      "properties": {
        "@id": "node/10842005389",
        "name": "Bossambo Farm",
        "place": "village"
      },
      "geometry": {
        "type": "Point",
        "coordinates": [
          10.0582302,
          3.764387
        ]
      },
      "id": "node/10842005389"
    },
    {
      "type": "Feature",
      "properties": {
        "@id": "node/10842158146",
        "name": "Mokake",
        "place": "village"
      },
      "geometry": {
        "type": "Point",
        "coordinates": [
          9.7659498,
          3.9195332
        ]
      },
      "id": "node/10842158146"
    },
    {
      "type": "Feature",
      "properties": {
        "@id": "node/11046750548",
        "name": "Saha 3",
        "place": "village"
      },
      "geometry": {
        "type": "Point",
        "coordinates": [
          10.5085194,
          4.2993494
        ]
      },
      "id": "node/11046750548"
    },
    {
      "type": "Feature",
      "properties": {
        "@id": "node/11412794554",
        "name": "Ndog Kohi",
        "place": "village"
      },
      "geometry": {
        "type": "Point",
        "coordinates": [
          10.0674248,
          3.4731984
        ]
      },
      "id": "node/11412794554"
    },
    {
      "type": "Feature",
      "properties": {
        "@id": "node/11412794556",
        "name": "Yalpénda",
        "place": "village"
      },
      "geometry": {
        "type": "Point",
        "coordinates": [
          10.0658637,
          3.4517317
        ]
      },
      "id": "node/11412794556"
    },
    {
      "type": "Feature",
      "properties": {
        "@id": "node/12098586407",
        "name": "Ndokbanda",
        "place": "village",
        "source:date": "1963",
        "source_ref": "ORSTOM 1963"
      },
      "geometry": {
        "type": "Point",
        "coordinates": [
          10.3707933,
          4.4631385
        ]
      },
      "id": "node/12098586407"
    }
  ]
}