{
  "type": "FeatureCollection",
  "generator": "overpass-turbo",
  "copyright": "The data included in this document is from www.openstreetmap.org. The data is made available under ODbL.",
  "timestamp": "2025-08-22T19:37:49Z",
  "features": [
    {
      "type": "Feature",
      "properties": {
        "@id": "relation/10184187",
        "place": "village",
        "type": "multipolygon",
        "@geometry": "center"
      },
      "geometry": {
        "type": "Point",
        "coordinates": [
          13.0895097,
          9.395161
        ]
      },
      "id": "relation/10184187"
    },
    {
      "type": "Feature",
      "properties": {
        "@id": "node/248764852",
        "admin_level": "4",
        "capital": "4",
        "name": "Garoua",
        "name:ar": "غاروا",
        "name:azb": "قاروا",
        "name:de": "Garua",
        "name:en": "Garoua",
        "name:fa": "گاروا",
        "name:fr": "Garoua",
        "name:ko": "가루아",
        "name:ru": "Гаруа",
        "name:uk": "Гаруа",
        "name:ur": "گارؤا",
        "place": "city",
        "population": "1703000",
        "wikidata": "Q157915",
        "wikipedia": "fr:Garoua"
      },
      "geometry": {
        "type": "Point",
        "coordinates": [
          13.3934527,
          9.3070698
        ]
      },
      "id": "node/248764852"
    },
    {
      "type": "Feature",
      "properties": {
        "@id": "node/250288476",
        "created_by": "JOSM",
        "name": "Boula-Ibi",
        "place": "town"
      },
      "geometry": {
        "type": "Point",
        "coordinates": [
          13.7630218,
          9.5577401
        ]
      },
      "id": "node/250288476"
    },
    {
      "type": "Feature",
      "properties": {
        "@id": "node/250288772",
        "created_by": "JOSM",
        "name": "Gouna",
        "place": "town"
      },
      "geometry": {
        "type": "Point",
        "coordinates": [
          13.5640503,
          8.524341
        ]
      },
      "id": "node/250288772"
    },
    {
      "type": "Feature",
      "properties": {
        "@id": "node/250527255",
        "name": "Youkout",
        "place": "village"
      },
      "geometry": {
        "type": "Point",
        "coordinates": [
          14.0939127,
          8.2955454
        ]
      },
      "id": "node/250527255"
    },
    {
      "type": "Feature",
      "properties": {
        "@id": "node/250527262",
        "name": "Yet",
        "place": "village"
      },
      "geometry": {
        "type": "Point",
        "coordinates": [
          14.0819085,
          8.2786806
        ]
      },
      "id": "node/250527262"
    },
    {
      "type": "Feature",
      "properties": {
        "@id": "node/250527273",
        "name": "Taboun",
        "place": "village"
      },
      "geometry": {
        "type": "Point",
        "coordinates": [
          14.046852,
          8.238886
        ]
      },
      "id": "node/250527273"
    },
    {
      "type": "Feature",
      "properties": {
        "@id": "node/250801554",
        "name": "Dembo",
        "name:en": "Dembo",
        "name:fr": "Dembo",
        "note": "rank=0 car chef lieu d'arrondissement",
        "place": "town",
        "population": "2284",
        "population:date": "2005",
        "rank": "0",
        "wikidata": "Q12685605",
        "wikipedia": "fr:Dembo (Cameroun)"
      },
      "geometry": {
        "type": "Point",
        "coordinates": [
          13.5503022,
          9.7116148
        ]
      },
      "id": "node/250801554"
    },
    {
      "type": "Feature",
      "properties": {
        "@id": "node/250801894",
        "name": "Tongo",
        "place": "village"
      },
      "geometry": {
        "type": "Point",
        "coordinates": [
          13.5103834,
          8.9183611
        ]
      },
      "id": "node/250801894"
    },
    {
      "type": "Feature",
      "properties": {
        "@id": "way/380403135",
        "place": "village",
        "@geometry": "center"
      },
      "geometry": {
        "type": "Point",
        "coordinates": [
          13.3820514,
          9.4125084
        ]
      },
      "id": "way/380403135"
    },
    {
      "type": "Feature",
      "properties": {
        "@id": "node/501382177",
        "GNS:dsg_code": "PPL",
        "GNS:dsg_string": "populated place",
        "GNS:id": "-2015548",
        "fixme": "no population estimate available, defaulted to village",
        "name": "Kocciel",
        "place": "village",
        "source": "GNS"
      },
      "geometry": {
        "type": "Point",
        "coordinates": [
          12.9237751,
          9.3557166
        ]
      },
      "id": "node/501382177"
    },
    {
      "type": "Feature",
      "properties": {
        "@id": "node/501501433",
        "GNS:dsg_code": "PPL",
        "GNS:dsg_string": "populated place",
        "GNS:id": "-2013146",
        "fixme": "no population estimate available, defaulted to village",
        "name": "Jagogi",
        "place": "village",
        "source": "GNS"
      },
      "geometry": {
        "type": "Point",
        "coordinates": [
          13.166667,
          9.016667
        ]
      },
      "id": "node/501501433"
    },
    {
      "type": "Feature",
      "properties": {
        "@id": "node/501524902",
        "GNS:dsg_code": "PPL",
        "GNS:dsg_string": "populated place",
        "GNS:id": "-2002634",
        "fixme": "no population estimate available, defaulted to village",
        "name": "Dasin",
        "place": "village",
        "source": "GNS"
      },
      "geometry": {
        "type": "Point",
        "coordinates": [
          12.9020992,
          9.3861275
        ]
      },
      "id": "node/501524902"
    },
    {
      "type": "Feature",
      "properties": {
        "@id": "node/501526340",
        "GNS:dsg_code": "PPL",
        "GNS:dsg_string": "populated place",
        "GNS:id": "10182001;10182778;10183716",
        "fixme": "no population estimate available, defaulted to village",
        "name": "Girimburum",
        "place": "village",
        "source": "GNS"
      },
      "geometry": {
        "type": "Point",
        "coordinates": [
          13.4012287,
          10.1157214
        ]
      },
      "id": "node/501526340"
    },
    {
      "type": "Feature",
      "properties": {
        "@id": "way/663285988",
        "landuse": "residential",
        "place": "village",
        "@geometry": "center"
      },
      "geometry": {
        "type": "Point",
        "coordinates": [
          13.9774448,
          8.5219151
        ]
      },
      "id": "way/663285988"
    },
    {
      "type": "Feature",
      "properties": {
        "@id": "way/663285991",
        "landuse": "residential",
        "place": "village",
        "@geometry": "center"
      },
      "geometry": {
        "type": "Point",
        "coordinates": [
          13.9926094,
          8.5194625
        ]
      },
      "id": "way/663285991"
    },
    {
      "type": "Feature",
      "properties": {
        "@id": "way/663285992",
        "landuse": "residential",
        "place": "village",
        "@geometry": "center"
      },
      "geometry": {
        "type": "Point",
        "coordinates": [
          14.0465833,
          8.5193745
        ]
      },
      "id": "way/663285992"
    },
    {
      "type": "Feature",
      "properties": {
        "@id": "way/663285993",
        "landuse": "residential",
        "place": "village",
        "@geometry": "center"
      },
      "geometry": {
        "type": "Point",
        "coordinates": [
          14.0550704,
          8.5200167
        ]
      },
      "id": "way/663285993"
    },
    {
      "type": "Feature",
      "properties": {
        "@id": "node/925366326",
        "name": "Figuil",
        "note": "rank=0 car chef lieu d'arrondissement",
        "place": "town",
        "rank": "0",
        "wikidata": "Q5447990"
      },
      "geometry": {
        "type": "Point",
        "coordinates": [
          13.959974,
          9.7605307
        ]
      },
      "id": "node/925366326"
    },
    {
      "type": "Feature",
      "properties": {
        "@id": "node/930266542",
        "name": "Touboro",
        "note": "rank=0 car chef lieu d'arrondissement",
        "place": "town",
        "rank": "0",
        "wikidata": "Q7828536"
      },
      "geometry": {
        "type": "Point",
        "coordinates": [
          15.347024,
          7.768922
        ]
      },
      "id": "node/930266542"
    },
    {
      "type": "Feature",
      "properties": {
        "@id": "node/1049705810",
        "name": "Djaouro (Chefferie) de Lagam Bainere",
        "place": "village"
      },
      "geometry": {
        "type": "Point",
        "coordinates": [
          13.6610872,
          9.481129
        ]
      },
      "id": "node/1049705810"
    },
    {
      "type": "Feature",
      "properties": {
        "@id": "node/1049705886",
        "name": "Djaouro (Chefferie)Mbor de Badjengo",
        "place": "village"
      },
      "geometry": {
        "type": "Point",
        "coordinates": [
          13.6788152,
          9.491341
        ]
      },
      "id": "node/1049705886"
    },
    {
      "type": "Feature",
      "properties": {
        "@id": "node/1049705943",
        "name": "Lawane Mboulouwol",
        "place": "village"
      },
      "geometry": {
        "type": "Point",
        "coordinates": [
          13.7326991,
          9.480835
        ]
      },
      "id": "node/1049705943"
    },
    {
      "type": "Feature",
      "properties": {
        "@id": "node/1049716162",
        "name": "Djaouro (Chefferie) de Wouro Bocki",
        "place": "village"
      },
      "geometry": {
        "type": "Point",
        "coordinates": [
          13.6451414,
          9.4222702
        ]
      },
      "id": "node/1049716162"
    },
    {
      "type": "Feature",
      "properties": {
        "@id": "node/1049849474",
        "name": "Djaouro (Chefferie) de Foudji",
        "place": "village"
      },
      "geometry": {
        "type": "Point",
        "coordinates": [
          13.6557154,
          9.4108276
        ]
      },
      "id": "node/1049849474"
    },
    {
      "type": "Feature",
      "properties": {
        "@id": "node/1049849494",
        "name": "Djaouro (Chefferie) de Woulo tardo",
        "place": "village"
      },
      "geometry": {
        "type": "Point",
        "coordinates": [
          13.6452079,
          9.4131976
        ]
      },
      "id": "node/1049849494"
    },
    {
      "type": "Feature",
      "properties": {
        "@id": "node/1049849498",
        "name": "Djaouro (Chefferie) de Wouro Walewol Bouski",
        "place": "village"
      },
      "geometry": {
        "type": "Point",
        "coordinates": [
          13.6956763,
          9.4070728
        ]
      },
      "id": "node/1049849498"
    },
    {
      "type": "Feature",
      "properties": {
        "@id": "node/1049849521",
        "name": "Djaouro (Chefferie) de Mayo Habaye",
        "place": "village"
      },
      "geometry": {
        "type": "Point",
        "coordinates": [
          13.6121078,
          9.4061198
        ]
      },
      "id": "node/1049849521"
    },
    {
      "type": "Feature",
      "properties": {
        "@id": "node/1050198404",
        "name": "Chefferie de Babaye",
        "place": "village"
      },
      "geometry": {
        "type": "Point",
        "coordinates": [
          13.7043117,
          9.3917674
        ]
      },
      "id": "node/1050198404"
    },
    {
      "type": "Feature",
      "properties": {
        "@id": "node/1050198409",
        "name": "lawanat de Langui",
        "place": "village"
      },
      "geometry": {
        "type": "Point",
        "coordinates": [
          13.599172,
          9.3347772
        ]
      },
      "id": "node/1050198409"
    },
    {
      "type": "Feature",
      "properties": {
        "@id": "node/1067300973",
        "name": "Sokanga",
        "place": "village"
      },
      "geometry": {
        "type": "Point",
        "coordinates": [
          13.6081909,
          9.5698615
        ]
      },
      "id": "node/1067300973"
    },
    {
      "type": "Feature",
      "properties": {
        "@id": "node/1067300976",
        "name": "Chefferie deLangui",
        "place": "village"
      },
      "geometry": {
        "type": "Point",
        "coordinates": [
          13.5991819,
          9.334799
        ]
      },
      "id": "node/1067300976"
    },
    {
      "type": "Feature",
      "properties": {
        "@id": "node/1067300985",
        "name": "Cheferie de Bouli Mal Alim",
        "place": "village"
      },
      "geometry": {
        "type": "Point",
        "coordinates": [
          13.5774966,
          9.3299262
        ]
      },
      "id": "node/1067300985"
    },
    {
      "type": "Feature",
      "properties": {
        "@id": "node/1067300989",
        "name": "Chefferie de Ram II",
        "place": "village"
      },
      "geometry": {
        "type": "Point",
        "coordinates": [
          13.5102993,
          9.492635
        ]
      },
      "id": "node/1067300989"
    },
    {
      "type": "Feature",
      "properties": {
        "@id": "node/1067301009",
        "name": "Chefferie de Banaye",
        "place": "village"
      },
      "geometry": {
        "type": "Point",
        "coordinates": [
          13.5067209,
          9.4600141
        ]
      },
      "id": "node/1067301009"
    },
    {
      "type": "Feature",
      "properties": {
        "@id": "node/1067301056",
        "name": "Cheferie de Bouli Mango",
        "place": "village"
      },
      "geometry": {
        "type": "Point",
        "coordinates": [
          13.574138,
          9.3485562
        ]
      },
      "id": "node/1067301056"
    },
    {
      "type": "Feature",
      "properties": {
        "@id": "node/1067301078",
        "name": "Cheferie de Sonayo",
        "place": "village"
      },
      "geometry": {
        "type": "Point",
        "coordinates": [
          13.4408739,
          9.3803119
        ]
      },
      "id": "node/1067301078"
    },
    {
      "type": "Feature",
      "properties": {
        "@id": "node/1067301097",
        "name": "Cheferie de Mberi",
        "place": "village"
      },
      "geometry": {
        "type": "Point",
        "coordinates": [
          13.4565589,
          9.3792233
        ]
      },
      "id": "node/1067301097"
    },
    {
      "type": "Feature",
      "properties": {
        "@id": "node/1067301107",
        "name": "Chefferie de Pene",
        "place": "village"
      },
      "geometry": {
        "type": "Point",
        "coordinates": [
          13.6200121,
          9.5805151
        ]
      },
      "id": "node/1067301107"
    },
    {
      "type": "Feature",
      "properties": {
        "@id": "node/1067301116",
        "name": "Kefero",
        "place": "village"
      },
      "geometry": {
        "type": "Point",
        "coordinates": [
          13.5120946,
          9.561051
        ]
      },
      "id": "node/1067301116"
    },
    {
      "type": "Feature",
      "properties": {
        "@id": "node/1067304089",
        "name": "Chefferie de Kirimbo",
        "place": "village"
      },
      "geometry": {
        "type": "Point",
        "coordinates": [
          13.539132,
          9.4727763
        ]
      },
      "id": "node/1067304089"
    },
    {
      "type": "Feature",
      "properties": {
        "@id": "node/1067304110",
        "name": "Chefferie de Lawane Gnobi",
        "place": "village"
      },
      "geometry": {
        "type": "Point",
        "coordinates": [
          13.5562323,
          9.3535577
        ]
      },
      "id": "node/1067304110"
    },
    {
      "type": "Feature",
      "properties": {
        "@id": "node/1067304147",
        "name": "Chefferie deDoumde Godouji",
        "place": "village"
      },
      "geometry": {
        "type": "Point",
        "coordinates": [
          13.521766,
          9.3814155
        ]
      },
      "id": "node/1067304147"
    },
    {
      "type": "Feature",
      "properties": {
        "@id": "node/1067304172",
        "name": "Chefferie de Guidjaro",
        "place": "village"
      },
      "geometry": {
        "type": "Point",
        "coordinates": [
          13.5898018,
          9.400868
        ]
      },
      "id": "node/1067304172"
    },
    {
      "type": "Feature",
      "properties": {
        "@id": "node/1067306174",
        "name": "Chefferie de Guizigare",
        "place": "village"
      },
      "geometry": {
        "type": "Point",
        "coordinates": [
          13.5047166,
          9.3928116
        ]
      },
      "id": "node/1067306174"
    },
    {
      "type": "Feature",
      "properties": {
        "@id": "node/1067306178",
        "name": "Chefferie de Zac",
        "place": "village"
      },
      "geometry": {
        "type": "Point",
        "coordinates": [
          13.5253977,
          9.380711
        ]
      },
      "id": "node/1067306178"
    },
    {
      "type": "Feature",
      "properties": {
        "@id": "node/1067306183",
        "name": "Chefferie de Winde Liroma",
        "place": "village"
      },
      "geometry": {
        "type": "Point",
        "coordinates": [
          13.5121405,
          9.3941685
        ]
      },
      "id": "node/1067306183"
    },
    {
      "type": "Feature",
      "properties": {
        "@id": "node/1067306192",
        "name": "Chefferie de Dollere I",
        "place": "village"
      },
      "geometry": {
        "type": "Point",
        "coordinates": [
          13.5101434,
          9.4043647
        ]
      },
      "id": "node/1067306192"
    },
    {
      "type": "Feature",
      "properties": {
        "@id": "node/1067306231",
        "name": "Chefferie de Moundang",
        "place": "village"
      },
      "geometry": {
        "type": "Point",
        "coordinates": [
          13.5000709,
          9.3851524
        ]
      },
      "id": "node/1067306231"
    },
    {
      "type": "Feature",
      "properties": {
        "@id": "node/1067306236",
        "name": "Chefferie de Ouro Kessoum",
        "place": "village"
      },
      "geometry": {
        "type": "Point",
        "coordinates": [
          13.5014928,
          9.3889746
        ]
      },
      "id": "node/1067306236"
    },
    {
      "type": "Feature",
      "properties": {
        "@id": "node/1067306239",
        "name": "Chefferie de Djantari",
        "place": "village"
      },
      "geometry": {
        "type": "Point",
        "coordinates": [
          13.4986588,
          9.3964233
        ]
      },
      "id": "node/1067306239"
    },
    {
      "type": "Feature",
      "properties": {
        "@id": "node/1067306241",
        "leaf_type": "broadleaved",
        "name": "Chefferie de Bounguel",
        "natural": "tree",
        "place": "village"
      },
      "geometry": {
        "type": "Point",
        "coordinates": [
          13.49924,
          9.383371
        ]
      },
      "id": "node/1067306241"
    },
    {
      "type": "Feature",
      "properties": {
        "@id": "node/1067306250",
        "name": "Chefferie de Bainaware",
        "place": "village"
      },
      "geometry": {
        "type": "Point",
        "coordinates": [
          13.504131,
          9.3914676
        ]
      },
      "id": "node/1067306250"
    },
    {
      "type": "Feature",
      "properties": {
        "@id": "node/1067306255",
        "name": "Commune de Pitoa",
        "place": "village"
      },
      "geometry": {
        "type": "Point",
        "coordinates": [
          13.5157386,
          9.4057385
        ]
      },
      "id": "node/1067306255"
    },
    {
      "type": "Feature",
      "properties": {
        "@id": "node/1067306256",
        "name": "Chefferie de Gadamayo",
        "place": "village"
      },
      "geometry": {
        "type": "Point",
        "coordinates": [
          13.5033838,
          9.3956969
        ]
      },
      "id": "node/1067306256"
    },
    {
      "type": "Feature",
      "properties": {
        "@id": "node/1067306258",
        "name": "Chefferie de Tokombere",
        "place": "village"
      },
      "geometry": {
        "type": "Point",
        "coordinates": [
          13.522505,
          9.3945753
        ]
      },
      "id": "node/1067306258"
    },
    {
      "type": "Feature",
      "properties": {
        "@id": "node/1067306275",
        "name": "Chefferie de Ribadou",
        "place": "village"
      },
      "geometry": {
        "type": "Point",
        "coordinates": [
          13.4961461,
          9.3950957
        ]
      },
      "id": "node/1067306275"
    },
    {
      "type": "Feature",
      "properties": {
        "@id": "node/1067306313",
        "name": "Chefferie de Wafango",
        "place": "village"
      },
      "geometry": {
        "type": "Point",
        "coordinates": [
          13.5184794,
          9.3927174
        ]
      },
      "id": "node/1067306313"
    },
    {
      "type": "Feature",
      "properties": {
        "@id": "node/1067306324",
        "name": "Chefferie de Sara",
        "place": "village"
      },
      "geometry": {
        "type": "Point",
        "coordinates": [
          13.5062836,
          9.3868488
        ]
      },
      "id": "node/1067306324"
    },
    {
      "type": "Feature",
      "properties": {
        "@id": "node/1067306403",
        "name": "Chefferie de Pitoa Centre",
        "place": "village"
      },
      "geometry": {
        "type": "Point",
        "coordinates": [
          13.508063,
          9.3885178
        ]
      },
      "id": "node/1067306403"
    },
    {
      "type": "Feature",
      "properties": {
        "@id": "way/1410895741",
        "name": "1",
        "place": "village",
        "@geometry": "center"
      },
      "geometry": {
        "type": "Point",
        "coordinates": [
          13.1797031,
          9.4990199
        ]
      },
      "id": "way/1410895741"
    },
    {
      "type": "Feature",
      "properties": {
        "@id": "node/2017132006",
        "name": "Tcholliré",
        "note": "place = City + rank = 0 car préfecture",
        "place": "city",
        "rank": "0",
        "wikidata": "Q549251"
      },
      "geometry": {
        "type": "Point",
        "coordinates": [
          14.167524,
          8.4033303
        ]
      },
      "id": "node/2017132006"
    },
    {
      "type": "Feature",
      "properties": {
        "@id": "node/2017158488",
        "name": "Poli",
        "note": "place = City + rank = 0 car préfecture",
        "place": "city",
        "rank": "0",
        "wikidata": "Q1987664",
        "wikipedia": "fr:Poli (Cameroun)"
      },
      "geometry": {
        "type": "Point",
        "coordinates": [
          13.2423922,
          8.4764354
        ]
      },
      "id": "node/2017158488"
    },
    {
      "type": "Feature",
      "properties": {
        "@id": "node/2136710732",
        "name": "Baschéo",
        "note": "rank=0 car chef lieu d'arrondissement",
        "place": "town",
        "rank": "0",
        "source": "W.v",
        "wikidata": "Q4866914",
        "wikipedia": "fr:Baschéo"
      },
      "geometry": {
        "type": "Point",
        "coordinates": [
          13.3737078,
          9.6712607
        ]
      },
      "id": "node/2136710732"
    },
    {
      "type": "Feature",
      "properties": {
        "@id": "node/2140812000",
        "name": "Gaschiga",
        "note": "rank=0 car chef lieu d'arrondissement",
        "place": "town",
        "rank": "0"
      },
      "geometry": {
        "type": "Point",
        "coordinates": [
          13.3647798,
          9.4322715
        ]
      },
      "id": "node/2140812000"
    },
    {
      "type": "Feature",
      "properties": {
        "@id": "node/2260644708",
        "name": "Mayo-Oulo",
        "note": "rank=0 car chef lieu d'arrondissement",
        "old_name": "Maa-Wourrol",
        "place": "town",
        "rank": "0",
        "wikidata": "Q6797481"
      },
      "geometry": {
        "type": "Point",
        "coordinates": [
          13.616433,
          9.965942
        ]
      },
      "id": "node/2260644708"
    },
    {
      "type": "Feature",
      "properties": {
        "@id": "node/2429958606",
        "name": "Bibemi",
        "name:en": "Bibemi",
        "name:fr": "Bibemi",
        "note": "rank=0 car chef lieu d'arrondissement",
        "place": "town",
        "population": "133191",
        "population:date": "2005",
        "rank": "0",
        "source": "Institut National de Cartographie du Cameroun",
        "wikidata": "Q4902988",
        "wikipedia": "en:Bibemi"
      },
      "geometry": {
        "type": "Point",
        "coordinates": [
          13.870952,
          9.312913
        ]
      },
      "id": "node/2429958606"
    },
    {
      "type": "Feature",
      "properties": {
        "@id": "node/2445859314",
        "name": "Demsa",
        "note": "rank=0 car chef lieu d'arrondissement",
        "place": "town",
        "rank": "0"
      },
      "geometry": {
        "type": "Point",
        "coordinates": [
          13.2259597,
          9.5463633
        ]
      },
      "id": "node/2445859314"
    },
    {
      "type": "Feature",
      "properties": {
        "@id": "node/2445859319",
        "name": "Mbilla",
        "place": "village"
      },
      "geometry": {
        "type": "Point",
        "coordinates": [
          13.0303689,
          9.4811379
        ]
      },
      "id": "node/2445859319"
    },
    {
      "type": "Feature",
      "properties": {
        "@id": "node/2445859322",
        "name": "Télé Oussi",
        "place": "village"
      },
      "geometry": {
        "type": "Point",
        "coordinates": [
          13.1230834,
          9.4955944
        ]
      },
      "id": "node/2445859322"
    },
    {
      "type": "Feature",
      "properties": {
        "@id": "node/2445860205",
        "name": "Touroua",
        "note": "rank=0 car chef lieu d'arrondissement",
        "place": "town",
        "rank": "0",
        "source": "W.V",
        "wikidata": "Q7829367"
      },
      "geometry": {
        "type": "Point",
        "coordinates": [
          12.973747,
          9.08114
        ]
      },
      "id": "node/2445860205"
    },
    {
      "type": "Feature",
      "properties": {
        "@id": "node/2445860393",
        "alt_name": "Barnake; Barnaké; Barndaké",
        "name": "Barndaké",
        "note": "rank=0 car chef lieu d'arrondissement",
        "place": "town",
        "rank": "0"
      },
      "geometry": {
        "type": "Point",
        "coordinates": [
          12.9738368,
          9.3450797
        ]
      },
      "id": "node/2445860393"
    },
    {
      "type": "Feature",
      "properties": {
        "@id": "node/2445861001",
        "name": "Guider",
        "name:ru": "Гидер",
        "note": "place = City + rank = 0 car préfecture",
        "place": "city",
        "rank": "0",
        "wikidata": "Q2708439"
      },
      "geometry": {
        "type": "Point",
        "coordinates": [
          13.9467554,
          9.9302531
        ]
      },
      "id": "node/2445861001"
    },
    {
      "type": "Feature",
      "properties": {
        "@id": "node/2454070519",
        "name": "bantai I",
        "note": "position approximative",
        "place": "village",
        "source": "herve"
      },
      "geometry": {
        "type": "Point",
        "coordinates": [
          13.370204,
          9.6729664
        ]
      },
      "id": "node/2454070519"
    },
    {
      "type": "Feature",
      "properties": {
        "@id": "node/2454072433",
        "name": "moudanre",
        "note": "position approximative",
        "place": "village",
        "source": "herve"
      },
      "geometry": {
        "type": "Point",
        "coordinates": [
          13.3712769,
          9.6708935
        ]
      },
      "id": "node/2454072433"
    },
    {
      "type": "Feature",
      "properties": {
        "@id": "node/2454077175",
        "name": "ardo bai",
        "note": "positin approximative",
        "place": "village",
        "source": "herve"
      },
      "geometry": {
        "type": "Point",
        "coordinates": [
          13.3726287,
          9.6732837
        ]
      },
      "id": "node/2454077175"
    },
    {
      "type": "Feature",
      "properties": {
        "@id": "node/2454080065",
        "name": "matapare",
        "note": "position approximative",
        "place": "village",
        "source": "herve"
      },
      "geometry": {
        "type": "Point",
        "coordinates": [
          13.3715129,
          9.6733049
        ]
      },
      "id": "node/2454080065"
    },
    {
      "type": "Feature",
      "properties": {
        "@id": "node/2454084113",
        "name": "mafa II",
        "note": "position approximative",
        "place": "village",
        "source": "herve"
      },
      "geometry": {
        "type": "Point",
        "coordinates": [
          13.369968,
          9.6738337
        ]
      },
      "id": "node/2454084113"
    },
    {
      "type": "Feature",
      "properties": {
        "@id": "node/2454088504",
        "name": "matafalre",
        "note": "position approximative",
        "place": "village",
        "source": "herve"
      },
      "geometry": {
        "type": "Point",
        "coordinates": [
          13.3733583,
          9.6696243
        ]
      },
      "id": "node/2454088504"
    },
    {
      "type": "Feature",
      "properties": {
        "@id": "node/2454177076",
        "name": "mbaiwa",
        "note": "position approximative",
        "place": "village",
        "source": "herve"
      },
      "geometry": {
        "type": "Point",
        "coordinates": [
          13.3712079,
          9.6718906
        ]
      },
      "id": "node/2454177076"
    },
    {
      "type": "Feature",
      "properties": {
        "@id": "node/2454191950",
        "designation": "village",
        "name": "bantahi",
        "note": "position approximative",
        "place": "village",
        "source": "herve wv"
      },
      "geometry": {
        "type": "Point",
        "coordinates": [
          13.3716643,
          9.6718324
        ]
      },
      "id": "node/2454191950"
    },
    {
      "type": "Feature",
      "properties": {
        "@id": "node/2454201661",
        "designation": "village",
        "name": "ouro-kari",
        "note": "position approximative",
        "place": "village",
        "source": "herve wv"
      },
      "geometry": {
        "type": "Point",
        "coordinates": [
          13.370791,
          9.6724896
        ]
      },
      "id": "node/2454201661"
    },
    {
      "type": "Feature",
      "properties": {
        "@id": "node/2454214337",
        "designation": "village",
        "name": "bachéo 'B'",
        "note": "position approximative",
        "place": "village",
        "source": "herve wv"
      },
      "geometry": {
        "type": "Point",
        "coordinates": [
          13.3712754,
          9.6720942
        ]
      },
      "id": "node/2454214337"
    },
    {
      "type": "Feature",
      "properties": {
        "@id": "node/2454228084",
        "designation": "village",
        "name": "mbarga",
        "note": "position approximative",
        "place": "village",
        "source": "herve wv"
      },
      "geometry": {
        "type": "Point",
        "coordinates": [
          13.3707747,
          9.6726793
        ]
      },
      "id": "node/2454228084"
    },
    {
      "type": "Feature",
      "properties": {
        "@id": "node/2454230608",
        "designation": "village",
        "fixme": "confirm",
        "name": "mboutou nene",
        "note": "position approximative",
        "place": "village",
        "source": "herve"
      },
      "geometry": {
        "type": "Point",
        "coordinates": [
          13.370493,
          9.6726687
        ]
      },
      "id": "node/2454230608"
    },
    {
      "type": "Feature",
      "properties": {
        "@id": "node/2454235380",
        "designation": "village",
        "name": "malkourou",
        "note": "position approximative",
        "place": "village",
        "source": "herve wv"
      },
      "geometry": {
        "type": "Point",
        "coordinates": [
          13.3706406,
          9.672941
        ]
      },
      "id": "node/2454235380"
    },
    {
      "type": "Feature",
      "properties": {
        "@id": "node/2454247784",
        "designation": "VILLAGE",
        "name": "DJAOURO-MOUSSA",
        "note": "POSITION APPROXIMATIVE",
        "place": "village",
        "source": "HERVE WV"
      },
      "geometry": {
        "type": "Point",
        "coordinates": [
          13.3675457,
          9.6708703
        ]
      },
      "id": "node/2454247784"
    },
    {
      "type": "Feature",
      "properties": {
        "@id": "node/2454249322",
        "designation": "village",
        "name": "campre",
        "note": "position approximative",
        "place": "village",
        "source": "herve wv"
      },
      "geometry": {
        "type": "Point",
        "coordinates": [
          13.3686615,
          9.6735567
        ]
      },
      "id": "node/2454249322"
    },
    {
      "type": "Feature",
      "properties": {
        "@id": "node/2454252781",
        "designation": "village",
        "name": "nassarao",
        "note": "position approximative",
        "place": "village",
        "source": "herve wv"
      },
      "geometry": {
        "type": "Point",
        "coordinates": [
          13.3698202,
          9.6713991
        ]
      },
      "id": "node/2454252781"
    },
    {
      "type": "Feature",
      "properties": {
        "@id": "node/2454255130",
        "designation": "village",
        "name": "kessoure",
        "note": "position approximative",
        "place": "village",
        "source": "herve wv"
      },
      "geometry": {
        "type": "Point",
        "coordinates": [
          13.3685971,
          9.6720337
        ]
      },
      "id": "node/2454255130"
    },
    {
      "type": "Feature",
      "properties": {
        "@id": "node/2454257093",
        "designation": "village",
        "name": "ouro-mo-ou",
        "note": "position approximative",
        "place": "village",
        "source": "herve wv"
      },
      "geometry": {
        "type": "Point",
        "coordinates": [
          13.3661939,
          9.6743816
        ]
      },
      "id": "node/2454257093"
    },
    {
      "type": "Feature",
      "properties": {
        "@id": "node/2454259484",
        "designation": "village",
        "name": "bai",
        "note": "position approximative",
        "place": "village",
        "source": "herve wv"
      },
      "geometry": {
        "type": "Point",
        "coordinates": [
          13.3659364,
          9.6719491
        ]
      },
      "id": "node/2454259484"
    },
    {
      "type": "Feature",
      "properties": {
        "@id": "node/2606680598",
        "name": "Kongle",
        "place": "village"
      },
      "geometry": {
        "type": "Point",
        "coordinates": [
          13.1832373,
          8.4609391
        ]
      },
      "id": "node/2606680598"
    },
    {
      "type": "Feature",
      "properties": {
        "@id": "node/2815654923",
        "name": "Dogba",
        "place": "village"
      },
      "geometry": {
        "type": "Point",
        "coordinates": [
          13.6808789,
          8.3348343
        ]
      },
      "id": "node/2815654923"
    },
    {
      "type": "Feature",
      "properties": {
        "@id": "node/2815719463",
        "name": "Delem",
        "place": "village"
      },
      "geometry": {
        "type": "Point",
        "coordinates": [
          13.5166406,
          9.5457015
        ]
      },
      "id": "node/2815719463"
    },
    {
      "type": "Feature",
      "properties": {
        "@id": "node/2815746135",
        "name": "Djallou",
        "place": "village"
      },
      "geometry": {
        "type": "Point",
        "coordinates": [
          13.5007894,
          9.5946928
        ]
      },
      "id": "node/2815746135"
    },
    {
      "type": "Feature",
      "properties": {
        "@id": "node/2815746136",
        "name": "Waïrou",
        "place": "village"
      },
      "geometry": {
        "type": "Point",
        "coordinates": [
          13.5090446,
          9.5836396
        ]
      },
      "id": "node/2815746136"
    },
    {
      "type": "Feature",
      "properties": {
        "@id": "node/2875864536",
        "name": "Béka",
        "place": "town",
        "source": "Institut National de Cartographie du Cameroun"
      },
      "geometry": {
        "type": "Point",
        "coordinates": [
          12.9012191,
          9.0476654
        ]
      },
      "id": "node/2875864536"
    },
    {
      "type": "Feature",
      "properties": {
        "@id": "node/2911281393",
        "name": "Mbaiboum",
        "name_alt": "Mbai Mboum",
        "place": "town"
      },
      "geometry": {
        "type": "Point",
        "coordinates": [
          15.4490931,
          7.5438894
        ]
      },
      "id": "node/2911281393"
    },
    {
      "type": "Feature",
      "properties": {
        "@id": "node/3017030725",
        "name": "Lagdo",
        "name:ar": "لاغدو",
        "name:en": "Lagdo",
        "name:fr": "Lagdo",
        "note": "rank=0 car chef lieu d'arrondissement",
        "place": "town",
        "population": "28239",
        "population:date": "2012",
        "rank": "0",
        "wikidata": "Q6471958",
        "wikipedia": "en:Lagdo"
      },
      "geometry": {
        "type": "Point",
        "coordinates": [
          13.6653588,
          9.0574802
        ]
      },
      "id": "node/3017030725"
    },
    {
      "type": "Feature",
      "properties": {
        "@id": "node/3037425228",
        "name": "Abakoura",
        "place": "village"
      },
      "geometry": {
        "type": "Point",
        "coordinates": [
          14.3226799,
          9.16464
        ]
      },
      "id": "node/3037425228"
    },
    {
      "type": "Feature",
      "properties": {
        "@id": "node/3037425232",
        "name": "Adamaoua 1",
        "place": "village"
      },
      "geometry": {
        "type": "Point",
        "coordinates": [
          13.43083,
          9.0116001
        ]
      },
      "id": "node/3037425232"
    },
    {
      "type": "Feature",
      "properties": {
        "@id": "node/3037426133",
        "name": "Adamaoua 2",
        "place": "village"
      },
      "geometry": {
        "type": "Point",
        "coordinates": [
          13.4310499,
          9.01124
        ]
      },
      "id": "node/3037426133"
    },
    {
      "type": "Feature",
      "properties": {
        "@id": "node/3037426134",
        "fixme": "no imagery",
        "name": "Adamaoua-lougguere",
        "place": "village"
      },
      "geometry": {
        "type": "Point",
        "coordinates": [
          13.4561182,
          8.968847
        ]
      },
      "id": "node/3037426134"
    },
    {
      "type": "Feature",
      "properties": {
        "@id": "node/3037426135",
        "name": "Adi",
        "place": "village"
      },
      "geometry": {
        "type": "Point",
        "coordinates": [
          14.0138315,
          9.2833137
        ]
      },
      "id": "node/3037426135"
    },
    {
      "type": "Feature",
      "properties": {
        "@id": "node/3037426137",
        "name": "Adoumri",
        "place": "village"
      },
      "geometry": {
        "type": "Point",
        "coordinates": [
          13.7680898,
          9.2539
        ]
      },
      "id": "node/3037426137"
    },
    {
      "type": "Feature",
      "properties": {
        "@id": "node/3037426138",
        "name": "Adoumri_1",
        "place": "village"
      },
      "geometry": {
        "type": "Point",
        "coordinates": [
          13.7648999,
          9.25869
        ]
      },
      "id": "node/3037426138"
    },
    {
      "type": "Feature",
      "properties": {
        "@id": "node/3037426140",
        "name": "Aggala",
        "place": "village"
      },
      "geometry": {
        "type": "Point",
        "coordinates": [
          14.8762501,
          7.8753901
        ]
      },
      "id": "node/3037426140"
    },
    {
      "type": "Feature",
      "properties": {
        "@id": "node/3037426141",
        "name": "Akana",
        "place": "village"
      },
      "geometry": {
        "type": "Point",
        "coordinates": [
          14.2464499,
          7.6496601
        ]
      },
      "id": "node/3037426141"
    },
    {
      "type": "Feature",
      "properties": {
        "@id": "node/3037426142",
        "name": "Alarba",
        "place": "village"
      },
      "geometry": {
        "type": "Point",
        "coordinates": [
          14.3689298,
          9.17138
        ]
      },
      "id": "node/3037426142"
    },
    {
      "type": "Feature",
      "properties": {
        "@id": "node/3037426143",
        "name": "Alfa",
        "place": "village"
      },
      "geometry": {
        "type": "Point",
        "coordinates": [
          14.0127098,
          8.86187
        ]
      },
      "id": "node/3037426143"
    },
    {
      "type": "Feature",
      "properties": {
        "@id": "node/3037426145",
        "name": "Ambarang",
        "place": "village"
      },
      "geometry": {
        "type": "Point",
        "coordinates": [
          14.3035801,
          7.64512
        ]
      },
      "id": "node/3037426145"
    },
    {
      "type": "Feature",
      "properties": {
        "@id": "node/3037426152",
        "name": "Mandjourouf",
        "place": "village"
      },
      "geometry": {
        "type": "Point",
        "coordinates": [
          13.9846159,
          10.136222
        ]
      },
      "id": "node/3037426152"
    },
    {
      "type": "Feature",
      "properties": {
        "@id": "node/3037426153",
        "name": "Arabo 1",
        "place": "village"
      },
      "geometry": {
        "type": "Point",
        "coordinates": [
          14.06579,
          9.4857701
        ]
      },
      "id": "node/3037426153"
    },
    {
      "type": "Feature",
      "properties": {
        "@id": "node/3037426154",
        "name": "Arabo_2",
        "place": "village"
      },
      "geometry": {
        "type": "Point",
        "coordinates": [
          14.0426111,
          9.480333
        ]
      },
      "id": "node/3037426154"
    },
    {
      "type": "Feature",
      "properties": {
        "@id": "node/3037426156",
        "name": "Aviation",
        "place": "village"
      },
      "geometry": {
        "type": "Point",
        "coordinates": [
          15.3205301,
          7.76645
        ]
      },
      "id": "node/3037426156"
    },
    {
      "type": "Feature",
      "properties": {
        "@id": "node/3037426157",
        "name": "Baa_manga",
        "place": "village"
      },
      "geometry": {
        "type": "Point",
        "coordinates": [
          13.1508112,
          9.502322
        ]
      },
      "id": "node/3037426157"
    },
    {
      "type": "Feature",
      "properties": {
        "@id": "node/3037426158",
        "name": "Babanguel",
        "place": "village"
      },
      "geometry": {
        "type": "Point",
        "coordinates": [
          13.7163301,
          9.6003801
        ]
      },
      "id": "node/3037426158"
    },
    {
      "type": "Feature",
      "properties": {
        "@id": "node/3037426159",
        "name": "Babarkine",
        "place": "village"
      },
      "geometry": {
        "type": "Point",
        "coordinates": [
          14.02825,
          10.12994
        ]
      },
      "id": "node/3037426159"
    },
    {
      "type": "Feature",
      "properties": {
        "@id": "node/3037426160",
        "name": "Babaye",
        "place": "village"
      },
      "geometry": {
        "type": "Point",
        "coordinates": [
          13.7038601,
          9.39181
        ]
      },
      "id": "node/3037426160"
    },
    {
      "type": "Feature",
      "properties": {
        "@id": "node/3037426161",
        "name": "Babessa",
        "place": "village"
      },
      "geometry": {
        "type": "Point",
        "coordinates": [
          13.5835518,
          9.6759286
        ]
      },
      "id": "node/3037426161"
    },
    {
      "type": "Feature",
      "properties": {
        "@id": "node/3037426162",
        "name": "Babla",
        "place": "village"
      },
      "geometry": {
        "type": "Point",
        "coordinates": [
          13.545148,
          9.265847
        ]
      },
      "id": "node/3037426162"
    },
    {
      "type": "Feature",
      "properties": {
        "@id": "node/3037426164",
        "name": "Babororo",
        "place": "village"
      },
      "geometry": {
        "type": "Point",
        "coordinates": [
          14.4978401,
          8.9010001
        ]
      },
      "id": "node/3037426164"
    },
    {
      "type": "Feature",
      "properties": {
        "@id": "node/3037426165",
        "name": "Baboudji",
        "place": "village"
      },
      "geometry": {
        "type": "Point",
        "coordinates": [
          14.1705202,
          9.44114
        ]
      },
      "id": "node/3037426165"
    },
    {
      "type": "Feature",
      "properties": {
        "@id": "node/3037426166",
        "name": "Babouri",
        "place": "village"
      },
      "geometry": {
        "type": "Point",
        "coordinates": [
          13.7779152,
          9.7896743
        ]
      },
      "id": "node/3037426166"
    },
    {
      "type": "Feature",
      "properties": {
        "@id": "node/3037426167",
        "name": "Badang",
        "place": "village"
      },
      "geometry": {
        "type": "Point",
        "coordinates": [
          12.9764999,
          8.881
        ]
      },
      "id": "node/3037426167"
    },
    {
      "type": "Feature",
      "properties": {
        "@id": "node/3037426168",
        "name": "Badankali _2",
        "place": "village"
      },
      "geometry": {
        "type": "Point",
        "coordinates": [
          13.5264172,
          8.650222
        ]
      },
      "id": "node/3037426168"
    },
    {
      "type": "Feature",
      "properties": {
        "@id": "node/3037426169",
        "name": "Badankali_1",
        "place": "village"
      },
      "geometry": {
        "type": "Point",
        "coordinates": [
          13.5274169,
          8.6504999
        ]
      },
      "id": "node/3037426169"
    },
    {
      "type": "Feature",
      "properties": {
        "@id": "node/3037426171",
        "name": "Badeo",
        "place": "village"
      },
      "geometry": {
        "type": "Point",
        "coordinates": [
          13.7740799,
          9.40036
        ]
      },
      "id": "node/3037426171"
    },
    {
      "type": "Feature",
      "properties": {
        "@id": "node/3037426172",
        "name": "Tam",
        "place": "village"
      },
      "geometry": {
        "type": "Point",
        "coordinates": [
          13.7747969,
          9.3868389
        ]
      },
      "id": "node/3037426172"
    },
    {
      "type": "Feature",
      "properties": {
        "@id": "node/3037426173",
        "name": "Badia",
        "place": "village"
      },
      "geometry": {
        "type": "Point",
        "coordinates": [
          14.0707598,
          10.10225
        ]
      },
      "id": "node/3037426173"
    },
    {
      "type": "Feature",
      "properties": {
        "@id": "node/3037426174",
        "name": "Badima",
        "place": "village"
      },
      "geometry": {
        "type": "Point",
        "coordinates": [
          13.7454998,
          9.47364
        ]
      },
      "id": "node/3037426174"
    },
    {
      "type": "Feature",
      "properties": {
        "@id": "node/3037426175",
        "name": "Badissem",
        "place": "village"
      },
      "geometry": {
        "type": "Point",
        "coordinates": [
          14.3085301,
          9.2639699
        ]
      },
      "id": "node/3037426175"
    },
    {
      "type": "Feature",
      "properties": {
        "@id": "node/3037426177",
        "name": "Badjam",
        "place": "village"
      },
      "geometry": {
        "type": "Point",
        "coordinates": [
          13.7466101,
          9.45346
        ]
      },
      "id": "node/3037426177"
    },
    {
      "type": "Feature",
      "properties": {
        "@id": "node/3037426178",
        "name": "Baldjari",
        "place": "village"
      },
      "geometry": {
        "type": "Point",
        "coordinates": [
          14.2231601,
          8.9024099
        ]
      },
      "id": "node/3037426178"
    },
    {
      "type": "Feature",
      "properties": {
        "@id": "node/3037426179",
        "name": "Badjengo",
        "place": "village"
      },
      "geometry": {
        "type": "Point",
        "coordinates": [
          13.683028,
          9.493083
        ]
      },
      "id": "node/3037426179"
    },
    {
      "type": "Feature",
      "properties": {
        "@id": "node/3037426180",
        "fixme": "no imagery",
        "name": "Badjeroum",
        "place": "village"
      },
      "geometry": {
        "type": "Point",
        "coordinates": [
          13.41005,
          9.87691
        ]
      },
      "id": "node/3037426180"
    },
    {
      "type": "Feature",
      "properties": {
        "@id": "node/3037426181",
        "name": "Carrefour",
        "place": "village"
      },
      "geometry": {
        "type": "Point",
        "coordinates": [
          14.2210055,
          8.9423735
        ]
      },
      "id": "node/3037426181"
    },
    {
      "type": "Feature",
      "properties": {
        "@id": "node/3037426182",
        "name": "Badjouma Radier",
        "place": "village"
      },
      "geometry": {
        "type": "Point",
        "coordinates": [
          13.6363702,
          9.4595199
        ]
      },
      "id": "node/3037426182"
    },
    {
      "type": "Feature",
      "properties": {
        "@id": "node/3037426183",
        "name": "Badjouma_centre",
        "place": "village"
      },
      "geometry": {
        "type": "Point",
        "coordinates": [
          13.6532221,
          9.396
        ]
      },
      "id": "node/3037426183"
    },
    {
      "type": "Feature",
      "properties": {
        "@id": "node/3037426184",
        "name": "Badjouma_guizigare",
        "place": "village"
      },
      "geometry": {
        "type": "Point",
        "coordinates": [
          13.6374649,
          9.464421
        ]
      },
      "id": "node/3037426184"
    },
    {
      "type": "Feature",
      "properties": {
        "@id": "node/3037426185",
        "name": "Badoudi",
        "place": "village"
      },
      "geometry": {
        "type": "Point",
        "coordinates": [
          13.4035898,
          9.25434
        ]
      },
      "id": "node/3037426185"
    },
    {
      "type": "Feature",
      "properties": {
        "@id": "node/3037426186",
        "name": "Badoudi",
        "place": "village"
      },
      "geometry": {
        "type": "Point",
        "coordinates": [
          13.403853,
          9.2597089
        ]
      },
      "id": "node/3037426186"
    },
    {
      "type": "Feature",
      "properties": {
        "@id": "node/3037426187",
        "name": "Bafouni",
        "place": "village"
      },
      "geometry": {
        "type": "Point",
        "coordinates": [
          13.9642222,
          9.723778
        ]
      },
      "id": "node/3037426187"
    },
    {
      "type": "Feature",
      "properties": {
        "@id": "node/3037426193",
        "name": "Bagou",
        "place": "village"
      },
      "geometry": {
        "type": "Point",
        "coordinates": [
          15.2262,
          8.00194
        ]
      },
      "id": "node/3037426193"
    },
    {
      "type": "Feature",
      "properties": {
        "@id": "node/3037426197",
        "name": "Bahamadicko",
        "place": "village"
      },
      "geometry": {
        "type": "Point",
        "coordinates": [
          13.97282,
          9.42
        ]
      },
      "id": "node/3037426197"
    },
    {
      "type": "Feature",
      "properties": {
        "@id": "node/3037426198",
        "name": "Bahimi",
        "place": "village"
      },
      "geometry": {
        "type": "Point",
        "coordinates": [
          13.7683901,
          9.50305
        ]
      },
      "id": "node/3037426198"
    },
    {
      "type": "Feature",
      "properties": {
        "@id": "node/3037426201",
        "name": "Baikwa",
        "place": "village"
      },
      "geometry": {
        "type": "Point",
        "coordinates": [
          14.4216082,
          9.0776525
        ]
      },
      "id": "node/3037426201"
    },
    {
      "type": "Feature",
      "properties": {
        "@id": "node/3037426204",
        "name": "Bakona 1",
        "place": "village"
      },
      "geometry": {
        "type": "Point",
        "coordinates": [
          13.5803013,
          8.981182
        ]
      },
      "id": "node/3037426204"
    },
    {
      "type": "Feature",
      "properties": {
        "@id": "node/3037426205",
        "fixme": "no imagery",
        "name": "Bakona 2",
        "place": "village"
      },
      "geometry": {
        "type": "Point",
        "coordinates": [
          13.588222,
          8.979889
        ]
      },
      "id": "node/3037426205"
    },
    {
      "type": "Feature",
      "properties": {
        "@id": "node/3037426206",
        "name": "Baksa",
        "place": "village"
      },
      "geometry": {
        "type": "Point",
        "coordinates": [
          13.8526999,
          9.3827799
        ]
      },
      "id": "node/3037426206"
    },
    {
      "type": "Feature",
      "properties": {
        "@id": "node/3037426207",
        "name": "Balane",
        "place": "village"
      },
      "geometry": {
        "type": "Point",
        "coordinates": [
          13.5412898,
          8.9557801
        ]
      },
      "id": "node/3037426207"
    },
    {
      "type": "Feature",
      "properties": {
        "@id": "node/3037426208",
        "name": "Balane",
        "place": "village"
      },
      "geometry": {
        "type": "Point",
        "coordinates": [
          13.5236002,
          9.9842001
        ]
      },
      "id": "node/3037426208"
    },
    {
      "type": "Feature",
      "properties": {
        "@id": "node/3037426209",
        "name": "Balda Gouna",
        "place": "village"
      },
      "geometry": {
        "type": "Point",
        "coordinates": [
          13.56421,
          8.52485
        ]
      },
      "id": "node/3037426209"
    },
    {
      "type": "Feature",
      "properties": {
        "@id": "node/3037426210",
        "name": "Balda",
        "place": "village"
      },
      "geometry": {
        "type": "Point",
        "coordinates": [
          13.5749819,
          8.5169339
        ]
      },
      "id": "node/3037426210"
    },
    {
      "type": "Feature",
      "properties": {
        "@id": "node/3037426212",
        "name": "Balda_2",
        "place": "village"
      },
      "geometry": {
        "type": "Point",
        "coordinates": [
          13.5737651,
          8.5179109
        ]
      },
      "id": "node/3037426212"
    },
    {
      "type": "Feature",
      "properties": {
        "@id": "node/3037426213",
        "name": "Baldai",
        "place": "village"
      },
      "geometry": {
        "type": "Point",
        "coordinates": [
          13.9184822,
          10.179546
        ]
      },
      "id": "node/3037426213"
    },
    {
      "type": "Feature",
      "properties": {
        "@id": "node/3037426214",
        "name": "Baldi",
        "place": "village"
      },
      "geometry": {
        "type": "Point",
        "coordinates": [
          15.4181497,
          7.4497212
        ]
      },
      "id": "node/3037426214"
    },
    {
      "type": "Feature",
      "properties": {
        "@id": "node/3037426215",
        "name": "Balia",
        "place": "village"
      },
      "geometry": {
        "type": "Point",
        "coordinates": [
          14.2005315,
          10.0862645
        ]
      },
      "id": "node/3037426215"
    },
    {
      "type": "Feature",
      "properties": {
        "@id": "node/3037426216",
        "name": "Balaro",
        "place": "village"
      },
      "geometry": {
        "type": "Point",
        "coordinates": [
          13.9739602,
          8.9189
        ]
      },
      "id": "node/3037426216"
    },
    {
      "type": "Feature",
      "properties": {
        "@id": "node/3037426218",
        "name": "Bamai",
        "place": "village"
      },
      "geometry": {
        "type": "Point",
        "coordinates": [
          14.1771374,
          9.059207
        ]
      },
      "id": "node/3037426218"
    },
    {
      "type": "Feature",
      "properties": {
        "@id": "node/3037426219",
        "name": "Bambalo",
        "place": "village"
      },
      "geometry": {
        "type": "Point",
        "coordinates": [
          13.8217088,
          9.6996592
        ]
      },
      "id": "node/3037426219"
    },
    {
      "type": "Feature",
      "properties": {
        "@id": "node/3037426220",
        "name": "Bame 1",
        "place": "village"
      },
      "geometry": {
        "type": "Point",
        "coordinates": [
          13.5992498,
          9.07836
        ]
      },
      "id": "node/3037426220"
    },
    {
      "type": "Feature",
      "properties": {
        "@id": "node/3037426221",
        "name": "Bame 2",
        "place": "village"
      },
      "geometry": {
        "type": "Point",
        "coordinates": [
          13.5922799,
          9.08014
        ]
      },
      "id": "node/3037426221"
    },
    {
      "type": "Feature",
      "properties": {
        "@id": "node/3037426222",
        "name": "Bame 3",
        "place": "village"
      },
      "geometry": {
        "type": "Point",
        "coordinates": [
          13.58784,
          9.0816699
        ]
      },
      "id": "node/3037426222"
    },
    {
      "type": "Feature",
      "properties": {
        "@id": "node/3037426223",
        "name": "Bame Mafa",
        "place": "village"
      },
      "geometry": {
        "type": "Point",
        "coordinates": [
          13.5992401,
          9.07836
        ]
      },
      "id": "node/3037426223"
    },
    {
      "type": "Feature",
      "properties": {
        "@id": "node/3037426224",
        "name": "Bame Touboro",
        "place": "village"
      },
      "geometry": {
        "type": "Point",
        "coordinates": [
          13.6093201,
          9.0737399
        ]
      },
      "id": "node/3037426224"
    },
    {
      "type": "Feature",
      "properties": {
        "@id": "node/3037426225",
        "name": "Bame_1",
        "place": "village"
      },
      "geometry": {
        "type": "Point",
        "coordinates": [
          13.599333,
          9.076694
        ]
      },
      "id": "node/3037426225"
    },
    {
      "type": "Feature",
      "properties": {
        "@id": "node/3037426227",
        "name": "Bamere",
        "place": "village"
      },
      "geometry": {
        "type": "Point",
        "coordinates": [
          13.59256,
          8.9898401
        ]
      },
      "id": "node/3037426227"
    },
    {
      "type": "Feature",
      "properties": {
        "@id": "node/3037426229",
        "name": "Bamsi",
        "place": "village"
      },
      "geometry": {
        "type": "Point",
        "coordinates": [
          13.6287358,
          9.0640957
        ]
      },
      "id": "node/3037426229"
    },
    {
      "type": "Feature",
      "properties": {
        "@id": "node/3037426230",
        "name": "Banaye",
        "place": "village"
      },
      "geometry": {
        "type": "Point",
        "coordinates": [
          13.5068513,
          9.4590799
        ]
      },
      "id": "node/3037426230"
    },
    {
      "type": "Feature",
      "properties": {
        "@id": "node/3037426231",
        "name": "Banda",
        "place": "village"
      },
      "geometry": {
        "type": "Point",
        "coordinates": [
          13.6391278,
          8.1862375
        ]
      },
      "id": "node/3037426231"
    },
    {
      "type": "Feature",
      "properties": {
        "@id": "node/3037426232",
        "name": "Bandoro",
        "place": "village"
      },
      "geometry": {
        "type": "Point",
        "coordinates": [
          13.7978429,
          9.3797427
        ]
      },
      "id": "node/3037426232"
    },
    {
      "type": "Feature",
      "properties": {
        "@id": "node/3037426233",
        "name": "Bandouki",
        "place": "village"
      },
      "geometry": {
        "type": "Point",
        "coordinates": [
          13.7134699,
          9.42072
        ]
      },
      "id": "node/3037426233"
    },
    {
      "type": "Feature",
      "properties": {
        "@id": "node/3037426234",
        "name": "Bang",
        "place": "village"
      },
      "geometry": {
        "type": "Point",
        "coordinates": [
          13.982447,
          9.8712
        ]
      },
      "id": "node/3037426234"
    },
    {
      "type": "Feature",
      "properties": {
        "@id": "node/3037426235",
        "name": "Bangay Daba",
        "place": "village"
      },
      "geometry": {
        "type": "Point",
        "coordinates": [
          13.6541599,
          10.0553599
        ]
      },
      "id": "node/3037426235"
    },
    {
      "type": "Feature",
      "properties": {
        "@id": "node/3037426236",
        "name": "Bangay",
        "place": "village"
      },
      "geometry": {
        "type": "Point",
        "coordinates": [
          13.6495199,
          10.0546201
        ]
      },
      "id": "node/3037426236"
    },
    {
      "type": "Feature",
      "properties": {
        "@id": "node/3037426237",
        "name": "Bangli",
        "place": "village"
      },
      "geometry": {
        "type": "Point",
        "coordinates": [
          13.2037499,
          9.24737
        ]
      },
      "id": "node/3037426237"
    },
    {
      "type": "Feature",
      "properties": {
        "@id": "node/3037426238",
        "name": "Bangli",
        "place": "village"
      },
      "geometry": {
        "type": "Point",
        "coordinates": [
          13.261347,
          9.3004199
        ]
      },
      "id": "node/3037426238"
    },
    {
      "type": "Feature",
      "properties": {
        "@id": "node/3037426239",
        "name": "Bangrang",
        "place": "village"
      },
      "geometry": {
        "type": "Point",
        "coordinates": [
          13.6480201,
          9.43666
        ]
      },
      "id": "node/3037426239"
    },
    {
      "type": "Feature",
      "properties": {
        "@id": "node/3037426240",
        "name": "Bantadje",
        "place": "village"
      },
      "geometry": {
        "type": "Point",
        "coordinates": [
          13.2195327,
          8.2505926
        ]
      },
      "id": "node/3037426240"
    },
    {
      "type": "Feature",
      "properties": {
        "@id": "node/3037426241",
        "name": "Bantadje",
        "place": "village"
      },
      "geometry": {
        "type": "Point",
        "coordinates": [
          13.8137602,
          9.33901
        ]
      },
      "id": "node/3037426241"
    },
    {
      "type": "Feature",
      "properties": {
        "@id": "node/3037426243",
        "name": "Bao",
        "place": "village"
      },
      "geometry": {
        "type": "Point",
        "coordinates": [
          13.4117309,
          9.58579
        ]
      },
      "id": "node/3037426243"
    },
    {
      "type": "Feature",
      "properties": {
        "@id": "node/3037426244",
        "name": "Baobala",
        "place": "village"
      },
      "geometry": {
        "type": "Point",
        "coordinates": [
          15.0109099,
          8.18931
        ]
      },
      "id": "node/3037426244"
    },
    {
      "type": "Feature",
      "properties": {
        "@id": "node/3037426245",
        "name": "Baonia",
        "place": "village"
      },
      "geometry": {
        "type": "Point",
        "coordinates": [
          13.5020099,
          9.5994201
        ]
      },
      "id": "node/3037426245"
    },
    {
      "type": "Feature",
      "properties": {
        "@id": "node/3037426247",
        "name": "Baossi",
        "place": "village"
      },
      "geometry": {
        "type": "Point",
        "coordinates": [
          13.9918702,
          7.57868
        ]
      },
      "id": "node/3037426247"
    },
    {
      "type": "Feature",
      "properties": {
        "@id": "node/3037426248",
        "name": "Baoudi",
        "place": "village"
      },
      "geometry": {
        "type": "Point",
        "coordinates": [
          15.18525,
          7.8928799
        ]
      },
      "id": "node/3037426248"
    },
    {
      "type": "Feature",
      "properties": {
        "@id": "node/3037426249",
        "name": "Bapara",
        "place": "village"
      },
      "geometry": {
        "type": "Point",
        "coordinates": [
          13.6497499,
          9.554611
        ]
      },
      "id": "node/3037426249"
    },
    {
      "type": "Feature",
      "properties": {
        "@id": "node/3037426250",
        "name": "Bapossi",
        "place": "village"
      },
      "geometry": {
        "type": "Point",
        "coordinates": [
          13.5002941,
          9.5038879
        ]
      },
      "id": "node/3037426250"
    },
    {
      "type": "Feature",
      "properties": {
        "@id": "node/3037426253",
        "name": "Bariki",
        "place": "village"
      },
      "geometry": {
        "type": "Point",
        "coordinates": [
          13.8401899,
          9.6448199
        ]
      },
      "id": "node/3037426253"
    },
    {
      "type": "Feature",
      "properties": {
        "@id": "node/3037426254",
        "name": "Bariki_badjouma",
        "place": "village"
      },
      "geometry": {
        "type": "Point",
        "coordinates": [
          13.6381702,
          9.46464
        ]
      },
      "id": "node/3037426254"
    },
    {
      "type": "Feature",
      "properties": {
        "@id": "node/3037426255",
        "name": "Barka",
        "place": "village"
      },
      "geometry": {
        "type": "Point",
        "coordinates": [
          13.6522001,
          9.3979999
        ]
      },
      "id": "node/3037426255"
    },
    {
      "type": "Feature",
      "properties": {
        "@id": "node/3037426256",
        "name": "Barkary",
        "place": "village"
      },
      "geometry": {
        "type": "Point",
        "coordinates": [
          15.4298902,
          7.6848401
        ]
      },
      "id": "node/3037426256"
    },
    {
      "type": "Feature",
      "properties": {
        "@id": "node/3037426257",
        "name": "Barkary_2",
        "place": "village"
      },
      "geometry": {
        "type": "Point",
        "coordinates": [
          15.4287961,
          7.683799
        ]
      },
      "id": "node/3037426257"
    },
    {
      "type": "Feature",
      "properties": {
        "@id": "node/3037426259",
        "name": "Baroume",
        "place": "village"
      },
      "geometry": {
        "type": "Point",
        "coordinates": [
          13.2610298,
          9.20946
        ]
      },
      "id": "node/3037426259"
    },
    {
      "type": "Feature",
      "properties": {
        "@id": "node/3037426262",
        "name": "Bassari",
        "place": "village"
      },
      "geometry": {
        "type": "Point",
        "coordinates": [
          14.1218798,
          8.72157
        ]
      },
      "id": "node/3037426262"
    },
    {
      "type": "Feature",
      "properties": {
        "@id": "node/3037426263",
        "name": "Mbaizassi",
        "place": "village"
      },
      "geometry": {
        "type": "Point",
        "coordinates": [
          14.2681353,
          9.2122275
        ]
      },
      "id": "node/3037426263"
    },
    {
      "type": "Feature",
      "properties": {
        "@id": "node/3037426264",
        "name": "Bassira",
        "place": "village"
      },
      "geometry": {
        "type": "Point",
        "coordinates": [
          13.7389066,
          9.7110725
        ]
      },
      "id": "node/3037426264"
    },
    {
      "type": "Feature",
      "properties": {
        "@id": "node/3037426265",
        "name": "Batao",
        "place": "village"
      },
      "geometry": {
        "type": "Point",
        "coordinates": [
          14.1975601,
          8.8592999
        ]
      },
      "id": "node/3037426265"
    },
    {
      "type": "Feature",
      "properties": {
        "@id": "node/3037426266",
        "name": "Bawaka",
        "place": "village"
      },
      "geometry": {
        "type": "Point",
        "coordinates": [
          14.1198599,
          9.89089
        ]
      },
      "id": "node/3037426266"
    },
    {
      "type": "Feature",
      "properties": {
        "@id": "node/3037426267",
        "name": "Be_centre",
        "place": "village"
      },
      "geometry": {
        "type": "Point",
        "coordinates": [
          13.6673888,
          9.307028
        ]
      },
      "id": "node/3037426267"
    },
    {
      "type": "Feature",
      "properties": {
        "@id": "node/3037426269",
        "name": "Bekasseko",
        "place": "village"
      },
      "geometry": {
        "type": "Point",
        "coordinates": [
          13.0528598,
          8.64631
        ]
      },
      "id": "node/3037426269"
    },
    {
      "type": "Feature",
      "properties": {
        "@id": "node/3037426271",
        "name": "Beli",
        "place": "village"
      },
      "geometry": {
        "type": "Point",
        "coordinates": [
          13.9874101,
          10.15036
        ]
      },
      "id": "node/3037426271"
    },
    {
      "type": "Feature",
      "properties": {
        "@id": "node/3037426272",
        "name": "Bella_baparou",
        "place": "village"
      },
      "geometry": {
        "type": "Point",
        "coordinates": [
          13.4687297,
          9.6525638
        ]
      },
      "id": "node/3037426272"
    },
    {
      "type": "Feature",
      "properties": {
        "@id": "node/3037426273",
        "name": "Mayo Laye",
        "place": "village"
      },
      "geometry": {
        "type": "Point",
        "coordinates": [
          14.223028,
          9.050047
        ]
      },
      "id": "node/3037426273"
    },
    {
      "type": "Feature",
      "properties": {
        "@id": "node/3037426275",
        "name": "Bereng",
        "place": "village"
      },
      "geometry": {
        "type": "Point",
        "coordinates": [
          13.738122,
          9.8113859
        ]
      },
      "id": "node/3037426275"
    },
    {
      "type": "Feature",
      "properties": {
        "@id": "node/3037426278",
        "name": "Bessoum Bouba",
        "place": "village"
      },
      "geometry": {
        "type": "Point",
        "coordinates": [
          13.8832999,
          9.54828
        ]
      },
      "id": "node/3037426278"
    },
    {
      "type": "Feature",
      "properties": {
        "@id": "node/3037426279",
        "name": "Bessoum Kapsiki",
        "place": "village"
      },
      "geometry": {
        "type": "Point",
        "coordinates": [
          13.73387,
          9.14911
        ]
      },
      "id": "node/3037426279"
    },
    {
      "type": "Feature",
      "properties": {
        "@id": "node/3037426280",
        "name": "Bessoum Labaye",
        "place": "village"
      },
      "geometry": {
        "type": "Point",
        "coordinates": [
          13.8994499,
          9.5461701
        ]
      },
      "id": "node/3037426280"
    },
    {
      "type": "Feature",
      "properties": {
        "@id": "node/3037426281",
        "name": "Bessoum_garoua",
        "place": "village"
      },
      "geometry": {
        "type": "Point",
        "coordinates": [
          13.7211599,
          9.1299901
        ]
      },
      "id": "node/3037426281"
    },
    {
      "type": "Feature",
      "properties": {
        "@id": "node/3037426282",
        "name": "Bessoum_garoua_flaye",
        "place": "village"
      },
      "geometry": {
        "type": "Point",
        "coordinates": [
          13.721,
          9.123
        ]
      },
      "id": "node/3037426282"
    },
    {
      "type": "Feature",
      "properties": {
        "@id": "node/3037426284",
        "name": "Ouro Kari",
        "place": "village"
      },
      "geometry": {
        "type": "Point",
        "coordinates": [
          13.8833493,
          9.314101
        ]
      },
      "id": "node/3037426284"
    },
    {
      "type": "Feature",
      "properties": {
        "@id": "node/3037426287",
        "name": "Gueda",
        "place": "village"
      },
      "geometry": {
        "type": "Point",
        "coordinates": [
          13.8660228,
          9.3079965
        ]
      },
      "id": "node/3037426287"
    },
    {
      "type": "Feature",
      "properties": {
        "@id": "node/3037426288",
        "name": "Bibol",
        "place": "village"
      },
      "geometry": {
        "type": "Point",
        "coordinates": [
          13.4060832,
          9.154142
        ]
      },
      "id": "node/3037426288"
    },
    {
      "type": "Feature",
      "properties": {
        "@id": "node/3037426289",
        "name": "Biboumza",
        "place": "village"
      },
      "geometry": {
        "type": "Point",
        "coordinates": [
          13.8979199,
          9.44965
        ]
      },
      "id": "node/3037426289"
    },
    {
      "type": "Feature",
      "properties": {
        "@id": "node/3037426290",
        "name": "Bidam",
        "place": "village"
      },
      "geometry": {
        "type": "Point",
        "coordinates": [
          14.671548,
          7.830169
        ]
      },
      "id": "node/3037426290"
    },
    {
      "type": "Feature",
      "properties": {
        "@id": "node/3037426291",
        "name": "Bide",
        "place": "village"
      },
      "geometry": {
        "type": "Point",
        "coordinates": [
          13.9933199,
          9.4638899
        ]
      },
      "id": "node/3037426291"
    },
    {
      "type": "Feature",
      "properties": {
        "@id": "node/3037426292",
        "name": "Bideng Djabirou Boliel",
        "place": "village"
      },
      "geometry": {
        "type": "Point",
        "coordinates": [
          14.0642248,
          8.7908877
        ]
      },
      "id": "node/3037426292"
    },
    {
      "type": "Feature",
      "properties": {
        "@id": "node/3037426293",
        "name": "Bidzar Tela",
        "place": "village"
      },
      "geometry": {
        "type": "Point",
        "coordinates": [
          14.1130102,
          9.89571
        ]
      },
      "id": "node/3037426293"
    },
    {
      "type": "Feature",
      "properties": {
        "@id": "node/3037426294",
        "name": "Bidzar Yaoundou",
        "place": "village"
      },
      "geometry": {
        "type": "Point",
        "coordinates": [
          14.1101201,
          9.89264
        ]
      },
      "id": "node/3037426294"
    },
    {
      "type": "Feature",
      "properties": {
        "@id": "node/3037426295",
        "name": "Bidzar_sud",
        "place": "village"
      },
      "geometry": {
        "type": "Point",
        "coordinates": [
          14.0840543,
          9.8786681
        ]
      },
      "id": "node/3037426295"
    },
    {
      "type": "Feature",
      "properties": {
        "@id": "node/3037426296",
        "name": "Bikale_centre",
        "place": "village"
      },
      "geometry": {
        "type": "Point",
        "coordinates": [
          13.959472,
          9.534806
        ]
      },
      "id": "node/3037426296"
    },
    {
      "type": "Feature",
      "properties": {
        "@id": "node/3037426297",
        "name": "Bikale_gada_mayo",
        "place": "village"
      },
      "geometry": {
        "type": "Point",
        "coordinates": [
          13.9557701,
          9.53998
        ]
      },
      "id": "node/3037426297"
    },
    {
      "type": "Feature",
      "properties": {
        "@id": "node/3037426298",
        "name": "Bilassi",
        "place": "village"
      },
      "geometry": {
        "type": "Point",
        "coordinates": [
          12.8851898,
          9.3720799
        ]
      },
      "id": "node/3037426298"
    },
    {
      "type": "Feature",
      "properties": {
        "@id": "node/3037426299",
        "name": "Bili",
        "place": "village"
      },
      "geometry": {
        "type": "Point",
        "coordinates": [
          13.73486,
          10.09225
        ]
      },
      "id": "node/3037426299"
    },
    {
      "type": "Feature",
      "properties": {
        "@id": "node/3037426301",
        "name": "Billa",
        "place": "village"
      },
      "geometry": {
        "type": "Point",
        "coordinates": [
          14.2879399,
          8.6514
        ]
      },
      "id": "node/3037426301"
    },
    {
      "type": "Feature",
      "properties": {
        "@id": "node/3037426302",
        "name": "Bima",
        "place": "village"
      },
      "geometry": {
        "type": "Point",
        "coordinates": [
          13.84578,
          9.61329
        ]
      },
      "id": "node/3037426302"
    },
    {
      "type": "Feature",
      "properties": {
        "@id": "node/3037426303",
        "name": "Bingo",
        "place": "village"
      },
      "geometry": {
        "type": "Point",
        "coordinates": [
          15.4348099,
          7.7930599
        ]
      },
      "id": "node/3037426303"
    },
    {
      "type": "Feature",
      "properties": {
        "@id": "node/3037426304",
        "name": "Bingueo",
        "place": "village"
      },
      "geometry": {
        "type": "Point",
        "coordinates": [
          14.9605402,
          8.2664099
        ]
      },
      "id": "node/3037426304"
    },
    {
      "type": "Feature",
      "properties": {
        "@id": "node/3037426306",
        "name": "Biou",
        "place": "village"
      },
      "geometry": {
        "type": "Point",
        "coordinates": [
          14.1037035,
          9.8667487
        ]
      },
      "id": "node/3037426306"
    },
    {
      "type": "Feature",
      "properties": {
        "@id": "node/3037426307",
        "name": "Bira",
        "place": "village"
      },
      "geometry": {
        "type": "Point",
        "coordinates": [
          13.9136324,
          9.010148
        ]
      },
      "id": "node/3037426307"
    },
    {
      "type": "Feature",
      "properties": {
        "@id": "node/3037426310",
        "name": "Bissoli",
        "place": "village"
      },
      "geometry": {
        "type": "Point",
        "coordinates": [
          13.9200496,
          9.6676277
        ]
      },
      "id": "node/3037426310"
    },
    {
      "type": "Feature",
      "properties": {
        "@id": "node/3037426311",
        "name": "Bobi Lagdo 1",
        "place": "village"
      },
      "geometry": {
        "type": "Point",
        "coordinates": [
          13.6447499,
          9.037361
        ]
      },
      "id": "node/3037426311"
    },
    {
      "type": "Feature",
      "properties": {
        "@id": "node/3037426312",
        "name": "Bobi Lagdo 2",
        "place": "village"
      },
      "geometry": {
        "type": "Point",
        "coordinates": [
          13.6468901,
          9.04077
        ]
      },
      "id": "node/3037426312"
    },
    {
      "type": "Feature",
      "properties": {
        "@id": "node/3037426313",
        "name": "Bobi Lagdo 3",
        "place": "village"
      },
      "geometry": {
        "type": "Point",
        "coordinates": [
          13.641583,
          9.0373331
        ]
      },
      "id": "node/3037426313"
    },
    {
      "type": "Feature",
      "properties": {
        "@id": "node/3037426314",
        "name": "Bobouldou",
        "place": "village"
      },
      "geometry": {
        "type": "Point",
        "coordinates": [
          13.77315,
          9.9986799
        ]
      },
      "id": "node/3037426314"
    },
    {
      "type": "Feature",
      "properties": {
        "@id": "node/3037426315",
        "name": "Bocki 2",
        "place": "village"
      },
      "geometry": {
        "type": "Point",
        "coordinates": [
          13.5476399,
          8.71373
        ]
      },
      "id": "node/3037426315"
    },
    {
      "type": "Feature",
      "properties": {
        "@id": "node/3037426316",
        "name": "Bocki_1",
        "place": "village"
      },
      "geometry": {
        "type": "Point",
        "coordinates": [
          13.5256939,
          8.749472
        ]
      },
      "id": "node/3037426316"
    },
    {
      "type": "Feature",
      "properties": {
        "@id": "node/3037426317",
        "name": "Bocki_3",
        "place": "village"
      },
      "geometry": {
        "type": "Point",
        "coordinates": [
          13.5499691,
          8.7108401
        ]
      },
      "id": "node/3037426317"
    },
    {
      "type": "Feature",
      "properties": {
        "@id": "node/3037426318",
        "name": "Bockle",
        "place": "village"
      },
      "geometry": {
        "type": "Point",
        "coordinates": [
          13.4404351,
          9.293062
        ]
      },
      "id": "node/3037426318"
    },
    {
      "type": "Feature",
      "properties": {
        "@id": "node/3037426319",
        "name": "Bodal",
        "place": "village"
      },
      "geometry": {
        "type": "Point",
        "coordinates": [
          14.3792701,
          9.10945
        ]
      },
      "id": "node/3037426319"
    },
    {
      "type": "Feature",
      "properties": {
        "@id": "node/3037426320",
        "name": "Bodjal",
        "place": "village"
      },
      "geometry": {
        "type": "Point",
        "coordinates": [
          13.61164,
          9.38914
        ]
      },
      "id": "node/3037426320"
    },
    {
      "type": "Feature",
      "properties": {
        "@id": "node/3037426321",
        "name": "Bodon",
        "place": "village"
      },
      "geometry": {
        "type": "Point",
        "coordinates": [
          13.8512849,
          10.0074808
        ]
      },
      "id": "node/3037426321"
    },
    {
      "type": "Feature",
      "properties": {
        "@id": "node/3037426322",
        "name": "Boeli 2",
        "place": "village"
      },
      "geometry": {
        "type": "Point",
        "coordinates": [
          14.1762564,
          9.3122935
        ]
      },
      "id": "node/3037426322"
    },
    {
      "type": "Feature",
      "properties": {
        "@id": "node/3037426323",
        "name": "Boeli",
        "place": "village"
      },
      "geometry": {
        "type": "Point",
        "coordinates": [
          14.1527403,
          9.3110444
        ]
      },
      "id": "node/3037426323"
    },
    {
      "type": "Feature",
      "properties": {
        "@id": "node/3037426324",
        "name": "Bogare",
        "place": "village"
      },
      "geometry": {
        "type": "Point",
        "coordinates": [
          13.3595831,
          9.4356111
        ]
      },
      "id": "node/3037426324"
    },
    {
      "type": "Feature",
      "properties": {
        "@id": "node/3037426325",
        "name": "Bogdibo",
        "place": "village"
      },
      "geometry": {
        "type": "Point",
        "coordinates": [
          15.5699168,
          7.769639
        ]
      },
      "id": "node/3037426325"
    },
    {
      "type": "Feature",
      "properties": {
        "@id": "node/3037426326",
        "name": "Bogdoro",
        "place": "village"
      },
      "geometry": {
        "type": "Point",
        "coordinates": [
          15.3602111,
          7.618818
        ]
      },
      "id": "node/3037426326"
    },
    {
      "type": "Feature",
      "properties": {
        "@id": "node/3037426327",
        "name": "Boglere",
        "place": "village"
      },
      "geometry": {
        "type": "Point",
        "coordinates": [
          15.3695902,
          7.4568401
        ]
      },
      "id": "node/3037426327"
    },
    {
      "type": "Feature",
      "properties": {
        "@id": "node/3037426328",
        "name": "Bohong",
        "place": "village"
      },
      "geometry": {
        "type": "Point",
        "coordinates": [
          13.9642801,
          9.8544401
        ]
      },
      "id": "node/3037426328"
    },
    {
      "type": "Feature",
      "properties": {
        "@id": "node/3037426329",
        "name": "Bokassa",
        "place": "village"
      },
      "geometry": {
        "type": "Point",
        "coordinates": [
          13.6689502,
          9.06901
        ]
      },
      "id": "node/3037426329"
    },
    {
      "type": "Feature",
      "properties": {
        "@id": "node/3037426330",
        "name": "Boki",
        "place": "village"
      },
      "geometry": {
        "type": "Point",
        "coordinates": [
          12.8834168,
          8.6270011
        ]
      },
      "id": "node/3037426330"
    },
    {
      "type": "Feature",
      "properties": {
        "@id": "node/3037426331",
        "name": "Boko",
        "place": "village"
      },
      "geometry": {
        "type": "Point",
        "coordinates": [
          13.7995499,
          10.10163
        ]
      },
      "id": "node/3037426331"
    },
    {
      "type": "Feature",
      "properties": {
        "@id": "node/3037426332",
        "name": "Bong",
        "place": "village"
      },
      "geometry": {
        "type": "Point",
        "coordinates": [
          15.02167,
          8.5291899
        ]
      },
      "id": "node/3037426332"
    },
    {
      "type": "Feature",
      "properties": {
        "@id": "node/3037426333",
        "name": "Bongo",
        "place": "village"
      },
      "geometry": {
        "type": "Point",
        "coordinates": [
          15.0206141,
          8.520382
        ]
      },
      "id": "node/3037426333"
    },
    {
      "type": "Feature",
      "properties": {
        "@id": "node/3037426334",
        "name": "Bongolori",
        "place": "village"
      },
      "geometry": {
        "type": "Point",
        "coordinates": [
          14.1114721,
          10.115
        ]
      },
      "id": "node/3037426334"
    },
    {
      "type": "Feature",
      "properties": {
        "@id": "node/3037426335",
        "name": "Bori Wala",
        "place": "village"
      },
      "geometry": {
        "type": "Point",
        "coordinates": [
          13.6457798,
          9.85783
        ]
      },
      "id": "node/3037426335"
    },
    {
      "type": "Feature",
      "properties": {
        "@id": "node/3037426336",
        "name": "Borongo",
        "place": "village"
      },
      "geometry": {
        "type": "Point",
        "coordinates": [
          12.9795098,
          9.0037599
        ]
      },
      "id": "node/3037426336"
    },
    {
      "type": "Feature",
      "properties": {
        "@id": "node/3037426337",
        "name": "Bossoum",
        "place": "village"
      },
      "geometry": {
        "type": "Point",
        "coordinates": [
          13.6959001,
          9.9432499
        ]
      },
      "id": "node/3037426337"
    },
    {
      "type": "Feature",
      "properties": {
        "@id": "node/3037426338",
        "fixme": "no imagery",
        "name": "Botana",
        "place": "village"
      },
      "geometry": {
        "type": "Point",
        "coordinates": [
          15.0670001,
          7.2251199
        ]
      },
      "id": "node/3037426338"
    },
    {
      "type": "Feature",
      "properties": {
        "@id": "node/3037426339",
        "name": "Bouba Djara",
        "place": "village"
      },
      "geometry": {
        "type": "Point",
        "coordinates": [
          13.9745401,
          9.81538
        ]
      },
      "id": "node/3037426339"
    },
    {
      "type": "Feature",
      "properties": {
        "@id": "node/3037426340",
        "name": "Bouba Labaye",
        "place": "village"
      },
      "geometry": {
        "type": "Point",
        "coordinates": [
          13.7050898,
          9.45451
        ]
      },
      "id": "node/3037426340"
    },
    {
      "type": "Feature",
      "properties": {
        "@id": "node/3037426341",
        "name": "Boudang Haoussare",
        "place": "village"
      },
      "geometry": {
        "type": "Point",
        "coordinates": [
          12.9660001,
          9.1343699
        ]
      },
      "id": "node/3037426341"
    },
    {
      "type": "Feature",
      "properties": {
        "@id": "node/3037426345",
        "name": "Boudva",
        "place": "village"
      },
      "geometry": {
        "type": "Point",
        "coordinates": [
          14.1607901,
          10.01447
        ]
      },
      "id": "node/3037426345"
    },
    {
      "type": "Feature",
      "properties": {
        "@id": "node/3037426346",
        "name": "Bougoi",
        "place": "village"
      },
      "geometry": {
        "type": "Point",
        "coordinates": [
          15.3456998,
          7.8557899
        ]
      },
      "id": "node/3037426346"
    },
    {
      "type": "Feature",
      "properties": {
        "@id": "node/3037426347",
        "name": "Bouk",
        "place": "village"
      },
      "geometry": {
        "type": "Point",
        "coordinates": [
          13.6718302,
          8.2992
        ]
      },
      "id": "node/3037426347"
    },
    {
      "type": "Feature",
      "properties": {
        "@id": "node/3037426348",
        "name": "Boukadji",
        "place": "village"
      },
      "geometry": {
        "type": "Point",
        "coordinates": [
          13.8569699,
          9.9828399
        ]
      },
      "id": "node/3037426348"
    },
    {
      "type": "Feature",
      "properties": {
        "@id": "node/3037426350",
        "name": "Boula_ibbi",
        "place": "village"
      },
      "geometry": {
        "type": "Point",
        "coordinates": [
          13.7613611,
          9.556028
        ]
      },
      "id": "node/3037426350"
    },
    {
      "type": "Feature",
      "properties": {
        "@id": "node/3037426351",
        "fixme": "no imagery",
        "name": "Boule",
        "place": "village"
      },
      "geometry": {
        "type": "Point",
        "coordinates": [
          13.1476038,
          8.7011245
        ]
      },
      "id": "node/3037426351"
    },
    {
      "type": "Feature",
      "properties": {
        "@id": "node/3037426352",
        "name": "Boulel",
        "place": "village"
      },
      "geometry": {
        "type": "Point",
        "coordinates": [
          13.6484267,
          8.9340649
        ]
      },
      "id": "node/3037426352"
    },
    {
      "type": "Feature",
      "properties": {
        "@id": "node/3037426353",
        "name": "Do Boulel 2",
        "place": "village"
      },
      "geometry": {
        "type": "Point",
        "coordinates": [
          13.6209114,
          8.9309788
        ]
      },
      "id": "node/3037426353"
    },
    {
      "type": "Feature",
      "properties": {
        "@id": "node/3037426354",
        "name": "Boulgou",
        "place": "village"
      },
      "geometry": {
        "type": "Point",
        "coordinates": [
          13.4905208,
          9.403746
        ]
      },
      "id": "node/3037426354"
    },
    {
      "type": "Feature",
      "properties": {
        "@id": "node/3037426355",
        "name": "Boulko",
        "place": "village"
      },
      "geometry": {
        "type": "Point",
        "coordinates": [
          13.14126,
          8.5488301
        ]
      },
      "id": "node/3037426355"
    },
    {
      "type": "Feature",
      "properties": {
        "@id": "node/3037426356",
        "name": "Boulmi",
        "place": "village"
      },
      "geometry": {
        "type": "Point",
        "coordinates": [
          13.4757,
          9.79545
        ]
      },
      "id": "node/3037426356"
    },
    {
      "type": "Feature",
      "properties": {
        "@id": "node/3037426357",
        "name": "Boumba",
        "place": "village"
      },
      "geometry": {
        "type": "Point",
        "coordinates": [
          13.3698301,
          8.48013
        ]
      },
      "id": "node/3037426357"
    },
    {
      "type": "Feature",
      "properties": {
        "@id": "node/3037426358",
        "name": "Boumedje Gra_1",
        "place": "village"
      },
      "geometry": {
        "type": "Point",
        "coordinates": [
          13.3998901,
          8.95056
        ]
      },
      "id": "node/3037426358"
    },
    {
      "type": "Feature",
      "properties": {
        "@id": "node/3037426359",
        "name": "Boumedje Gra_2",
        "place": "village"
      },
      "geometry": {
        "type": "Point",
        "coordinates": [
          13.4231198,
          8.96373
        ]
      },
      "id": "node/3037426359"
    },
    {
      "type": "Feature",
      "properties": {
        "@id": "node/3037426360",
        "name": "Boumedje_garoua_2",
        "place": "village"
      },
      "geometry": {
        "type": "Point",
        "coordinates": [
          13.4229719,
          8.9618889
        ]
      },
      "id": "node/3037426360"
    },
    {
      "type": "Feature",
      "properties": {
        "@id": "node/3037426361",
        "fixme": "no imagery",
        "name": "Boumedje_tcheboa_1",
        "place": "village"
      },
      "geometry": {
        "type": "Point",
        "coordinates": [
          13.4524778,
          8.963889
        ]
      },
      "id": "node/3037426361"
    },
    {
      "type": "Feature",
      "properties": {
        "@id": "node/3037426362",
        "name": "Bounbou",
        "place": "village"
      },
      "geometry": {
        "type": "Point",
        "coordinates": [
          14.2273102,
          8.96764
        ]
      },
      "id": "node/3037426362"
    },
    {
      "type": "Feature",
      "properties": {
        "@id": "node/3037426365",
        "name": "Bounga",
        "place": "village"
      },
      "geometry": {
        "type": "Point",
        "coordinates": [
          13.6675901,
          9.27648
        ]
      },
      "id": "node/3037426365"
    },
    {
      "type": "Feature",
      "properties": {
        "@id": "node/3037426366",
        "fixme": "no imagery",
        "name": "Bounguel",
        "place": "village"
      },
      "geometry": {
        "type": "Point",
        "coordinates": [
          13.9270298,
          9.2430599
        ]
      },
      "id": "node/3037426366"
    },
    {
      "type": "Feature",
      "properties": {
        "@id": "node/3037426367",
        "name": "Bounguel",
        "place": "village"
      },
      "geometry": {
        "type": "Point",
        "coordinates": [
          13.4818801,
          9.39974
        ]
      },
      "id": "node/3037426367"
    },
    {
      "type": "Feature",
      "properties": {
        "@id": "node/3037426369",
        "name": "Boussa",
        "place": "village"
      },
      "geometry": {
        "type": "Point",
        "coordinates": [
          13.8414301,
          9.5406301
        ]
      },
      "id": "node/3037426369"
    },
    {
      "type": "Feature",
      "properties": {
        "@id": "node/3037426370",
        "name": "Broh",
        "place": "village"
      },
      "geometry": {
        "type": "Point",
        "coordinates": [
          13.7813,
          9.84061
        ]
      },
      "id": "node/3037426370"
    },
    {
      "type": "Feature",
      "properties": {
        "@id": "node/3037426372",
        "name": "Hirguilang",
        "place": "village"
      },
      "geometry": {
        "type": "Point",
        "coordinates": [
          13.8745723,
          10.104332
        ]
      },
      "id": "node/3037426372"
    },
    {
      "type": "Feature",
      "properties": {
        "@id": "node/3037426373",
        "name": "Brouwoy Madjafla",
        "place": "village"
      },
      "geometry": {
        "type": "Point",
        "coordinates": [
          13.8467902,
          10.07577
        ]
      },
      "id": "node/3037426373"
    },
    {
      "type": "Feature",
      "properties": {
        "@id": "node/3037426378",
        "name": "Campement BBDJ",
        "place": "village"
      },
      "geometry": {
        "type": "Point",
        "coordinates": [
          14.6150118,
          8.6177882
        ]
      },
      "id": "node/3037426378"
    },
    {
      "type": "Feature",
      "properties": {
        "@id": "node/3037426380",
        "name": "Carrefour Naari",
        "place": "village"
      },
      "geometry": {
        "type": "Point",
        "coordinates": [
          13.5098201,
          8.8060201
        ]
      },
      "id": "node/3037426380"
    },
    {
      "type": "Feature",
      "properties": {
        "@id": "node/3037426381",
        "name": "Carrefour_badjouma",
        "place": "village"
      },
      "geometry": {
        "type": "Point",
        "coordinates": [
          13.608542,
          9.4433849
        ]
      },
      "id": "node/3037426381"
    },
    {
      "type": "Feature",
      "properties": {
        "@id": "node/3037426383",
        "name": "Carrefour_poli",
        "place": "village"
      },
      "geometry": {
        "type": "Point",
        "coordinates": [
          13.5641671,
          8.523167
        ]
      },
      "id": "node/3037426383"
    },
    {
      "type": "Feature",
      "properties": {
        "@id": "node/3037426384",
        "name": "Catouguel",
        "place": "village"
      },
      "geometry": {
        "type": "Point",
        "coordinates": [
          14.3023669,
          8.611256
        ]
      },
      "id": "node/3037426384"
    },
    {
      "type": "Feature",
      "properties": {
        "@id": "node/3037426385",
        "name": "Cekande 1",
        "place": "village"
      },
      "geometry": {
        "type": "Point",
        "coordinates": [
          13.55468,
          9.4236699
        ]
      },
      "id": "node/3037426385"
    },
    {
      "type": "Feature",
      "properties": {
        "@id": "node/3037426386",
        "name": "Cekande_2",
        "place": "village"
      },
      "geometry": {
        "type": "Point",
        "coordinates": [
          13.5559732,
          9.422148
        ]
      },
      "id": "node/3037426386"
    },
    {
      "type": "Feature",
      "properties": {
        "@id": "node/3037426387",
        "name": "Cessara",
        "place": "village"
      },
      "geometry": {
        "type": "Point",
        "coordinates": [
          13.7064899,
          9.3818501
        ]
      },
      "id": "node/3037426387"
    },
    {
      "type": "Feature",
      "properties": {
        "@id": "node/3037426388",
        "name": "Chibre",
        "place": "village"
      },
      "geometry": {
        "type": "Point",
        "coordinates": [
          13.8958999,
          9.8990601
        ]
      },
      "id": "node/3037426388"
    },
    {
      "type": "Feature",
      "properties": {
        "@id": "node/3037426389",
        "name": "Concession Projet_neb",
        "place": "village"
      },
      "geometry": {
        "type": "Point",
        "coordinates": [
          13.49501,
          9.3726
        ]
      },
      "id": "node/3037426389"
    },
    {
      "type": "Feature",
      "properties": {
        "@id": "node/3037426390",
        "name": "Crc",
        "place": "village"
      },
      "geometry": {
        "type": "Point",
        "coordinates": [
          14.2639898,
          8.44747
        ]
      },
      "id": "node/3037426390"
    },
    {
      "type": "Feature",
      "properties": {
        "@id": "node/3037426391",
        "name": "Daba Daba",
        "place": "village"
      },
      "geometry": {
        "type": "Point",
        "coordinates": [
          13.79687,
          10.02689
        ]
      },
      "id": "node/3037426391"
    },
    {
      "type": "Feature",
      "properties": {
        "@id": "node/3037426392",
        "name": "Dafa",
        "place": "village"
      },
      "geometry": {
        "type": "Point",
        "coordinates": [
          13.7665199,
          9.97571
        ]
      },
      "id": "node/3037426392"
    },
    {
      "type": "Feature",
      "properties": {
        "@id": "node/3037426394",
        "name": "Dague",
        "place": "village"
      },
      "geometry": {
        "type": "Point",
        "coordinates": [
          13.0430002,
          9.2265999
        ]
      },
      "id": "node/3037426394"
    },
    {
      "type": "Feature",
      "properties": {
        "@id": "node/3037426395",
        "name": "Dahal",
        "place": "village"
      },
      "geometry": {
        "type": "Point",
        "coordinates": [
          14.1775999,
          10.0670101
        ]
      },
      "id": "node/3037426395"
    },
    {
      "type": "Feature",
      "properties": {
        "@id": "node/3037426396",
        "name": "Dalami",
        "place": "village"
      },
      "geometry": {
        "type": "Point",
        "coordinates": [
          13.7823401,
          9.7124276
        ]
      },
      "id": "node/3037426396"
    },
    {
      "type": "Feature",
      "properties": {
        "@id": "node/3037426398",
        "name": "Dale",
        "place": "village"
      },
      "geometry": {
        "type": "Point",
        "coordinates": [
          13.6882916,
          9.974816
        ]
      },
      "id": "node/3037426398"
    },
    {
      "type": "Feature",
      "properties": {
        "@id": "node/3037426399",
        "name": "Dalingo 2",
        "place": "village"
      },
      "geometry": {
        "type": "Point",
        "coordinates": [
          13.4445701,
          9.22595
        ]
      },
      "id": "node/3037426399"
    },
    {
      "type": "Feature",
      "properties": {
        "@id": "node/3037426402",
        "name": "Dambi",
        "place": "village"
      },
      "geometry": {
        "type": "Point",
        "coordinates": [
          14.25249,
          8.7606499
        ]
      },
      "id": "node/3037426402"
    },
    {
      "type": "Feature",
      "properties": {
        "@id": "node/3037426403",
        "name": "Damdjel",
        "place": "village"
      },
      "geometry": {
        "type": "Point",
        "coordinates": [
          14.4717462,
          9.0578096
        ]
      },
      "id": "node/3037426403"
    },
    {
      "type": "Feature",
      "properties": {
        "@id": "node/3037426405",
        "name": "Damta Nari",
        "place": "village"
      },
      "geometry": {
        "type": "Point",
        "coordinates": [
          13.5743,
          10.01515
        ]
      },
      "id": "node/3037426405"
    },
    {
      "type": "Feature",
      "properties": {
        "@id": "node/3037426407",
        "name": "Dangai",
        "place": "village"
      },
      "geometry": {
        "type": "Point",
        "coordinates": [
          15.01479,
          8.42956
        ]
      },
      "id": "node/3037426407"
    },
    {
      "type": "Feature",
      "properties": {
        "@id": "node/3037426408",
        "name": "Dangar",
        "place": "village"
      },
      "geometry": {
        "type": "Point",
        "coordinates": [
          13.977194,
          9.987167
        ]
      },
      "id": "node/3037426408"
    },
    {
      "type": "Feature",
      "properties": {
        "@id": "node/3037426409",
        "name": "Dansang",
        "place": "village"
      },
      "geometry": {
        "type": "Point",
        "coordinates": [
          13.887337,
          9.8057429
        ]
      },
      "id": "node/3037426409"
    },
    {
      "type": "Feature",
      "properties": {
        "@id": "node/3037426411",
        "name": "Daram",
        "place": "village"
      },
      "geometry": {
        "type": "Point",
        "coordinates": [
          13.5418889,
          9.8605279
        ]
      },
      "id": "node/3037426411"
    },
    {
      "type": "Feature",
      "properties": {
        "@id": "node/3037426412",
        "name": "Debelze",
        "place": "village"
      },
      "geometry": {
        "type": "Point",
        "coordinates": [
          14.1980101,
          10.0205601
        ]
      },
      "id": "node/3037426412"
    },
    {
      "type": "Feature",
      "properties": {
        "@id": "node/3037426413",
        "name": "Debo",
        "place": "village"
      },
      "geometry": {
        "type": "Point",
        "coordinates": [
          13.6401502,
          9.8628399
        ]
      },
      "id": "node/3037426413"
    },
    {
      "type": "Feature",
      "properties": {
        "@id": "node/3037426414",
        "name": "Dega",
        "place": "village"
      },
      "geometry": {
        "type": "Point",
        "coordinates": [
          13.6564999,
          9.34105
        ]
      },
      "id": "node/3037426414"
    },
    {
      "type": "Feature",
      "properties": {
        "@id": "node/3037426415",
        "name": "Dembo",
        "place": "village"
      },
      "geometry": {
        "type": "Point",
        "coordinates": [
          13.489052,
          9.480421
        ]
      },
      "id": "node/3037426415"
    },
    {
      "type": "Feature",
      "properties": {
        "@id": "node/3037426419",
        "name": "Dengui",
        "place": "village"
      },
      "geometry": {
        "type": "Point",
        "coordinates": [
          13.5970499,
          9.2917901
        ]
      },
      "id": "node/3037426419"
    },
    {
      "type": "Feature",
      "properties": {
        "@id": "node/3037426420",
        "name": "Dengui_djippord",
        "place": "village"
      },
      "geometry": {
        "type": "Point",
        "coordinates": [
          13.6390792,
          9.4938369
        ]
      },
      "id": "node/3037426420"
    },
    {
      "type": "Feature",
      "properties": {
        "@id": "node/3037426421",
        "name": "Deou",
        "place": "village"
      },
      "geometry": {
        "type": "Point",
        "coordinates": [
          13.8319801,
          9.48471
        ]
      },
      "id": "node/3037426421"
    },
    {
      "type": "Feature",
      "properties": {
        "@id": "node/3037426422",
        "name": "Departa",
        "place": "village"
      },
      "geometry": {
        "type": "Point",
        "coordinates": [
          13.4718998,
          9.5892699
        ]
      },
      "id": "node/3037426422"
    },
    {
      "type": "Feature",
      "properties": {
        "@id": "node/3037426423",
        "name": "Diam Etina 1",
        "place": "village"
      },
      "geometry": {
        "type": "Point",
        "coordinates": [
          13.9003132,
          10.001033
        ]
      },
      "id": "node/3037426423"
    },
    {
      "type": "Feature",
      "properties": {
        "@id": "node/3037426424",
        "name": "Dibbi",
        "place": "village"
      },
      "geometry": {
        "type": "Point",
        "coordinates": [
          13.9851799,
          9.9236401
        ]
      },
      "id": "node/3037426424"
    },
    {
      "type": "Feature",
      "properties": {
        "@id": "node/3037426425",
        "name": "Didango",
        "place": "village"
      },
      "geometry": {
        "type": "Point",
        "coordinates": [
          12.868218,
          8.88827
        ]
      },
      "id": "node/3037426425"
    },
    {
      "type": "Feature",
      "properties": {
        "@id": "node/3037426427",
        "name": "Dingale",
        "place": "village"
      },
      "geometry": {
        "type": "Point",
        "coordinates": [
          13.74201,
          9.1242099
        ]
      },
      "id": "node/3037426427"
    },
    {
      "type": "Feature",
      "properties": {
        "@id": "node/3037426428",
        "name": "Diri Messo",
        "place": "village"
      },
      "geometry": {
        "type": "Point",
        "coordinates": [
          13.6480298,
          9.76415
        ]
      },
      "id": "node/3037426428"
    },
    {
      "type": "Feature",
      "properties": {
        "@id": "node/3037426429",
        "name": "Diri",
        "place": "village"
      },
      "geometry": {
        "type": "Point",
        "coordinates": [
          13.3817562,
          9.3823162
        ]
      },
      "id": "node/3037426429"
    },
    {
      "type": "Feature",
      "properties": {
        "@id": "node/3037426430",
        "name": "Djabbama",
        "place": "village"
      },
      "geometry": {
        "type": "Point",
        "coordinates": [
          13.5123901,
          8.7941899
        ]
      },
      "id": "node/3037426430"
    },
    {
      "type": "Feature",
      "properties": {
        "@id": "node/3037426431",
        "name": "Djabire Mayo Bani Haman",
        "place": "village"
      },
      "geometry": {
        "type": "Point",
        "coordinates": [
          14.224401,
          9.038025
        ]
      },
      "id": "node/3037426431"
    },
    {
      "type": "Feature",
      "properties": {
        "@id": "node/3037426432",
        "name": "Djabe Figuil",
        "place": "village"
      },
      "geometry": {
        "type": "Point",
        "coordinates": [
          14.0516201,
          9.79874
        ]
      },
      "id": "node/3037426432"
    },
    {
      "type": "Feature",
      "properties": {
        "@id": "node/3037426433",
        "name": "Djabi",
        "place": "village"
      },
      "geometry": {
        "type": "Point",
        "coordinates": [
          13.7974651,
          9.617172
        ]
      },
      "id": "node/3037426433"
    },
    {
      "type": "Feature",
      "properties": {
        "@id": "node/3037426435",
        "name": "Djaboutou",
        "place": "village"
      },
      "geometry": {
        "type": "Point",
        "coordinates": [
          13.517833,
          8.582167
        ]
      },
      "id": "node/3037426435"
    },
    {
      "type": "Feature",
      "properties": {
        "@id": "node/3037426439",
        "name": "Djagba",
        "place": "village"
      },
      "geometry": {
        "type": "Point",
        "coordinates": [
          13.706667,
          8.3764441
        ]
      },
      "id": "node/3037426439"
    },
    {
      "type": "Feature",
      "properties": {
        "@id": "node/3037426441",
        "name": "Djakone",
        "place": "village"
      },
      "geometry": {
        "type": "Point",
        "coordinates": [
          15.3051599,
          7.4203099
        ]
      },
      "id": "node/3037426441"
    },
    {
      "type": "Feature",
      "properties": {
        "@id": "node/3037426442",
        "name": "Djalingo",
        "place": "village"
      },
      "geometry": {
        "type": "Point",
        "coordinates": [
          13.8298201,
          10.1386601
        ]
      },
      "id": "node/3037426442"
    },
    {
      "type": "Feature",
      "properties": {
        "@id": "node/3037426444",
        "name": "Djalingo",
        "place": "village"
      },
      "geometry": {
        "type": "Point",
        "coordinates": [
          13.23572,
          9.65002
        ]
      },
      "id": "node/3037426444"
    },
    {
      "type": "Feature",
      "properties": {
        "@id": "node/3037426445",
        "name": "Djalingo",
        "place": "village"
      },
      "geometry": {
        "type": "Point",
        "coordinates": [
          13.5855101,
          9.9300901
        ]
      },
      "id": "node/3037426445"
    },
    {
      "type": "Feature",
      "properties": {
        "@id": "node/3037426446",
        "name": "Djalingo_1",
        "place": "village"
      },
      "geometry": {
        "type": "Point",
        "coordinates": [
          13.4463611,
          9.230028
        ]
      },
      "id": "node/3037426446"
    },
    {
      "type": "Feature",
      "properties": {
        "@id": "node/3037426447",
        "name": "Djalingo_kapsiki",
        "place": "village"
      },
      "geometry": {
        "type": "Point",
        "coordinates": [
          13.7410999,
          9.14872
        ]
      },
      "id": "node/3037426447"
    },
    {
      "type": "Feature",
      "properties": {
        "@id": "node/3037426449",
        "name": "Djaloumi Poupou",
        "place": "village"
      },
      "geometry": {
        "type": "Point",
        "coordinates": [
          14.01763,
          9.60426
        ]
      },
      "id": "node/3037426449"
    },
    {
      "type": "Feature",
      "properties": {
        "@id": "node/3037426450",
        "name": "Djamboutou",
        "place": "village"
      },
      "geometry": {
        "type": "Point",
        "coordinates": [
          15.0424402,
          8.4590301
        ]
      },
      "id": "node/3037426450"
    },
    {
      "type": "Feature",
      "properties": {
        "@id": "node/3037426451",
        "name": "Djamboutou",
        "place": "village"
      },
      "geometry": {
        "type": "Point",
        "coordinates": [
          13.9165128,
          9.8554689
        ]
      },
      "id": "node/3037426451"
    },
    {
      "type": "Feature",
      "properties": {
        "@id": "node/3037426452",
        "name": "Djamboutou",
        "place": "village"
      },
      "geometry": {
        "type": "Point",
        "coordinates": [
          13.4971898,
          9.9911101
        ]
      },
      "id": "node/3037426452"
    },
    {
      "type": "Feature",
      "properties": {
        "@id": "node/3037426453",
        "name": "Djamboutou-djal",
        "place": "village"
      },
      "geometry": {
        "type": "Point",
        "coordinates": [
          13.3683098,
          9.2131399
        ]
      },
      "id": "node/3037426453"
    },
    {
      "type": "Feature",
      "properties": {
        "@id": "node/3037426456",
        "name": "Djamtari",
        "place": "village"
      },
      "geometry": {
        "type": "Point",
        "coordinates": [
          13.2756998,
          9.2559
        ]
      },
      "id": "node/3037426456"
    },
    {
      "type": "Feature",
      "properties": {
        "@id": "node/3037426457",
        "name": "Djamtari",
        "place": "village"
      },
      "geometry": {
        "type": "Point",
        "coordinates": [
          13.9260427,
          9.7330147
        ]
      },
      "id": "node/3037426457"
    },
    {
      "type": "Feature",
      "properties": {
        "@id": "node/3037426458",
        "name": "Djanda",
        "place": "village"
      },
      "geometry": {
        "type": "Point",
        "coordinates": [
          14.66527,
          7.6621
        ]
      },
      "id": "node/3037426458"
    },
    {
      "type": "Feature",
      "properties": {
        "@id": "node/3037426459",
        "name": "Djanga",
        "place": "village"
      },
      "geometry": {
        "type": "Point",
        "coordinates": [
          13.6796101,
          9.1243601
        ]
      },
      "id": "node/3037426459"
    },
    {
      "type": "Feature",
      "properties": {
        "@id": "node/3037426460",
        "name": "Djaoli",
        "place": "village"
      },
      "geometry": {
        "type": "Point",
        "coordinates": [
          13.5546098,
          9.6835499
        ]
      },
      "id": "node/3037426460"
    },
    {
      "type": "Feature",
      "properties": {
        "@id": "node/3037426461",
        "name": "Djaouro Douri",
        "place": "village"
      },
      "geometry": {
        "type": "Point",
        "coordinates": [
          13.77535,
          9.13426
        ]
      },
      "id": "node/3037426461"
    },
    {
      "type": "Feature",
      "properties": {
        "@id": "node/3037426463",
        "name": "Djaregol",
        "place": "village"
      },
      "geometry": {
        "type": "Point",
        "coordinates": [
          13.82413,
          10.003609
        ]
      },
      "id": "node/3037426463"
    },
    {
      "type": "Feature",
      "properties": {
        "@id": "node/3037426464",
        "name": "Djarendi Bello",
        "place": "village"
      },
      "geometry": {
        "type": "Point",
        "coordinates": [
          13.8492601,
          9.5203099
        ]
      },
      "id": "node/3037426464"
    },
    {
      "type": "Feature",
      "properties": {
        "@id": "node/3037426465",
        "name": "Djarendi",
        "place": "village"
      },
      "geometry": {
        "type": "Point",
        "coordinates": [
          13.1114002,
          9.0029001
        ]
      },
      "id": "node/3037426465"
    },
    {
      "type": "Feature",
      "properties": {
        "@id": "node/3037426466",
        "name": "Djatoumi 1",
        "place": "village"
      },
      "geometry": {
        "type": "Point",
        "coordinates": [
          13.4786498,
          9.81812
        ]
      },
      "id": "node/3037426466"
    },
    {
      "type": "Feature",
      "properties": {
        "@id": "node/3037426467",
        "name": "Djeck Djeck",
        "place": "village"
      },
      "geometry": {
        "type": "Point",
        "coordinates": [
          13.73729,
          9.92505
        ]
      },
      "id": "node/3037426467"
    },
    {
      "type": "Feature",
      "properties": {
        "@id": "node/3037426468",
        "name": "Djedjengue",
        "place": "village"
      },
      "geometry": {
        "type": "Point",
        "coordinates": [
          13.9365307,
          9.8937393
        ]
      },
      "id": "node/3037426468"
    },
    {
      "type": "Feature",
      "properties": {
        "@id": "node/3037426470",
        "name": "Djemadjou 2",
        "place": "village"
      },
      "geometry": {
        "type": "Point",
        "coordinates": [
          15.13498,
          8.48241
        ]
      },
      "id": "node/3037426470"
    },
    {
      "type": "Feature",
      "properties": {
        "@id": "node/3037426471",
        "fixme": "no imagery",
        "name": "Djemadjou_1",
        "place": "village"
      },
      "geometry": {
        "type": "Point",
        "coordinates": [
          15.004305,
          8.4739721
        ]
      },
      "id": "node/3037426471"
    },
    {
      "type": "Feature",
      "properties": {
        "@id": "node/3037426472",
        "name": "Djemreo",
        "place": "village"
      },
      "geometry": {
        "type": "Point",
        "coordinates": [
          15.0363889,
          8.4585559
        ]
      },
      "id": "node/3037426472"
    },
    {
      "type": "Feature",
      "properties": {
        "@id": "node/3037426473",
        "name": "Djeneo",
        "place": "village"
      },
      "geometry": {
        "type": "Point",
        "coordinates": [
          13.7557199,
          9.19889
        ]
      },
      "id": "node/3037426473"
    },
    {
      "type": "Feature",
      "properties": {
        "@id": "node/3037426474",
        "name": "Djeng 1",
        "place": "village"
      },
      "geometry": {
        "type": "Point",
        "coordinates": [
          15.12193,
          8.3831199
        ]
      },
      "id": "node/3037426474"
    },
    {
      "type": "Feature",
      "properties": {
        "@id": "node/3037426475",
        "name": "Djeng 2",
        "place": "village"
      },
      "geometry": {
        "type": "Point",
        "coordinates": [
          15.1422401,
          8.3955699
        ]
      },
      "id": "node/3037426475"
    },
    {
      "type": "Feature",
      "properties": {
        "@id": "node/3037426476",
        "name": "Djerwung",
        "place": "village"
      },
      "geometry": {
        "type": "Point",
        "coordinates": [
          14.2926815,
          9.1917458
        ]
      },
      "id": "node/3037426476"
    },
    {
      "type": "Feature",
      "properties": {
        "@id": "node/3037426479",
        "name": "Djide",
        "place": "village"
      },
      "geometry": {
        "type": "Point",
        "coordinates": [
          13.6580198,
          9.3739
        ]
      },
      "id": "node/3037426479"
    },
    {
      "type": "Feature",
      "properties": {
        "@id": "node/3037426480",
        "name": "Djinebaiti",
        "place": "village"
      },
      "geometry": {
        "type": "Point",
        "coordinates": [
          13.57745,
          9.71451
        ]
      },
      "id": "node/3037426480"
    },
    {
      "type": "Feature",
      "properties": {
        "@id": "node/3037426482",
        "name": "Djiporde",
        "place": "village"
      },
      "geometry": {
        "type": "Point",
        "coordinates": [
          15.3599281,
          7.736031
        ]
      },
      "id": "node/3037426482"
    },
    {
      "type": "Feature",
      "properties": {
        "@id": "node/3037426484",
        "name": "Djoda_rena",
        "place": "village"
      },
      "geometry": {
        "type": "Point",
        "coordinates": [
          13.5318506,
          8.638002
        ]
      },
      "id": "node/3037426484"
    },
    {
      "type": "Feature",
      "properties": {
        "@id": "node/3037426487",
        "name": "Djom",
        "place": "village"
      },
      "geometry": {
        "type": "Point",
        "coordinates": [
          15.3245599,
          7.43556
        ]
      },
      "id": "node/3037426487"
    },
    {
      "type": "Feature",
      "properties": {
        "@id": "node/3037426488",
        "name": "Djoma",
        "place": "village"
      },
      "geometry": {
        "type": "Point",
        "coordinates": [
          13.8187598,
          9.5562799
        ]
      },
      "id": "node/3037426488"
    },
    {
      "type": "Feature",
      "properties": {
        "@id": "node/3037426489",
        "name": "Djoro",
        "place": "village"
      },
      "geometry": {
        "type": "Point",
        "coordinates": [
          15.4017,
          7.5393699
        ]
      },
      "id": "node/3037426489"
    },
    {
      "type": "Feature",
      "properties": {
        "@id": "node/3037426490",
        "name": "Djougi Gabla",
        "place": "village"
      },
      "geometry": {
        "type": "Point",
        "coordinates": [
          14.0893778,
          10.0194311
        ]
      },
      "id": "node/3037426490"
    },
    {
      "type": "Feature",
      "properties": {
        "@id": "node/3037426491",
        "name": "Djougoundou",
        "place": "village"
      },
      "geometry": {
        "type": "Point",
        "coordinates": [
          13.460944,
          9.599083
        ]
      },
      "id": "node/3037426491"
    },
    {
      "type": "Feature",
      "properties": {
        "@id": "node/3037426492",
        "name": "Djoulol",
        "place": "village"
      },
      "geometry": {
        "type": "Point",
        "coordinates": [
          13.628722,
          9.1362779
        ]
      },
      "id": "node/3037426492"
    },
    {
      "type": "Feature",
      "properties": {
        "@id": "node/3037426494",
        "name": "Djoumassi",
        "place": "village"
      },
      "geometry": {
        "type": "Point",
        "coordinates": [
          13.3796269,
          9.3980978
        ]
      },
      "id": "node/3037426494"
    },
    {
      "type": "Feature",
      "properties": {
        "@id": "node/3037426495",
        "name": "Djoumte",
        "place": "village"
      },
      "geometry": {
        "type": "Point",
        "coordinates": [
          12.9960698,
          8.701339
        ]
      },
      "id": "node/3037426495"
    },
    {
      "type": "Feature",
      "properties": {
        "@id": "node/3037426496",
        "name": "Djounde",
        "place": "village"
      },
      "geometry": {
        "type": "Point",
        "coordinates": [
          13.7740613,
          9.6466594
        ]
      },
      "id": "node/3037426496"
    },
    {
      "type": "Feature",
      "properties": {
        "@id": "node/3037426497",
        "name": "Ndjoundi",
        "place": "village"
      },
      "geometry": {
        "type": "Point",
        "coordinates": [
          14.2789918,
          9.154693
        ]
      },
      "id": "node/3037426497"
    },
    {
      "type": "Feature",
      "properties": {
        "@id": "node/3037426498",
        "name": "Djourde",
        "place": "village"
      },
      "geometry": {
        "type": "Point",
        "coordinates": [
          14.3512499,
          8.9754499
        ]
      },
      "id": "node/3037426498"
    },
    {
      "type": "Feature",
      "properties": {
        "@id": "node/3037426499",
        "name": "Djouroum",
        "place": "village"
      },
      "geometry": {
        "type": "Point",
        "coordinates": [
          14.0741995,
          8.7576035
        ]
      },
      "id": "node/3037426499"
    },
    {
      "type": "Feature",
      "properties": {
        "@id": "node/3037426500",
        "name": "Djouta Ledde",
        "place": "village"
      },
      "geometry": {
        "type": "Point",
        "coordinates": [
          13.1403899,
          9.00834
        ]
      },
      "id": "node/3037426500"
    },
    {
      "type": "Feature",
      "properties": {
        "@id": "node/3037426501",
        "name": "Do Boulel",
        "place": "village"
      },
      "geometry": {
        "type": "Point",
        "coordinates": [
          13.6160384,
          8.9263987
        ]
      },
      "id": "node/3037426501"
    },
    {
      "type": "Feature",
      "properties": {
        "@id": "node/3037426503",
        "name": "Dobinga",
        "place": "village"
      },
      "geometry": {
        "type": "Point",
        "coordinates": [
          13.9769205,
          9.0002373
        ]
      },
      "id": "node/3037426503"
    },
    {
      "type": "Feature",
      "properties": {
        "@id": "node/3037426504",
        "name": "Dobinga_2",
        "place": "village"
      },
      "geometry": {
        "type": "Point",
        "coordinates": [
          13.9744676,
          9.9976874
        ]
      },
      "id": "node/3037426504"
    },
    {
      "type": "Feature",
      "properties": {
        "@id": "node/3037426505",
        "name": "Dogba",
        "place": "village"
      },
      "geometry": {
        "type": "Point",
        "coordinates": [
          13.6805699,
          8.33738
        ]
      },
      "id": "node/3037426505"
    },
    {
      "type": "Feature",
      "properties": {
        "@id": "node/3037426506",
        "name": "Dokerol 1",
        "place": "village"
      },
      "geometry": {
        "type": "Point",
        "coordinates": [
          14.457631,
          9.0875204
        ]
      },
      "id": "node/3037426506"
    },
    {
      "type": "Feature",
      "properties": {
        "@id": "node/3037426509",
        "name": "Dokerol 2",
        "place": "village"
      },
      "geometry": {
        "type": "Point",
        "coordinates": [
          14.4499169,
          9.067474
        ]
      },
      "id": "node/3037426509"
    },
    {
      "type": "Feature",
      "properties": {
        "@id": "node/3037426510",
        "name": "Dolla",
        "place": "village"
      },
      "geometry": {
        "type": "Point",
        "coordinates": [
          13.59306,
          9.4387301
        ]
      },
      "id": "node/3037426510"
    },
    {
      "type": "Feature",
      "properties": {
        "@id": "node/3037426511",
        "name": "Dollere",
        "place": "village"
      },
      "geometry": {
        "type": "Point",
        "coordinates": [
          13.5072349,
          9.396656
        ]
      },
      "id": "node/3037426511"
    },
    {
      "type": "Feature",
      "properties": {
        "@id": "node/3037426512",
        "name": "Dombol",
        "place": "village"
      },
      "geometry": {
        "type": "Point",
        "coordinates": [
          13.6093889,
          9.7389719
        ]
      },
      "id": "node/3037426512"
    },
    {
      "type": "Feature",
      "properties": {
        "@id": "node/3037426513",
        "name": "Dompta",
        "place": "town"
      },
      "geometry": {
        "type": "Point",
        "coordinates": [
          15.1116199,
          7.25887
        ]
      },
      "id": "node/3037426513"
    },
    {
      "type": "Feature",
      "properties": {
        "@id": "node/3037426514",
        "name": "Dorba",
        "place": "village"
      },
      "geometry": {
        "type": "Point",
        "coordinates": [
          13.6590001,
          9.6298599
        ]
      },
      "id": "node/3037426514"
    },
    {
      "type": "Feature",
      "properties": {
        "@id": "node/3037426515",
        "name": "Dore",
        "place": "village"
      },
      "geometry": {
        "type": "Point",
        "coordinates": [
          13.4736098,
          8.84519
        ]
      },
      "id": "node/3037426515"
    },
    {
      "type": "Feature",
      "properties": {
        "@id": "node/3037426516",
        "name": "Dornoumou",
        "place": "village"
      },
      "geometry": {
        "type": "Point",
        "coordinates": [
          13.4146109,
          9.705806
        ]
      },
      "id": "node/3037426516"
    },
    {
      "type": "Feature",
      "properties": {
        "@id": "node/3037426518",
        "name": "Douala Biou",
        "place": "village"
      },
      "geometry": {
        "type": "Point",
        "coordinates": [
          14.08865,
          9.8579101
        ]
      },
      "id": "node/3037426518"
    },
    {
      "type": "Feature",
      "properties": {
        "@id": "node/3037426519",
        "name": "Doualare",
        "place": "village"
      },
      "geometry": {
        "type": "Point",
        "coordinates": [
          13.6834859,
          9.495749
        ]
      },
      "id": "node/3037426519"
    },
    {
      "type": "Feature",
      "properties": {
        "@id": "node/3037426520",
        "name": "Doudja",
        "place": "village"
      },
      "geometry": {
        "type": "Point",
        "coordinates": [
          13.8733499,
          8.0609901
        ]
      },
      "id": "node/3037426520"
    },
    {
      "type": "Feature",
      "properties": {
        "@id": "node/3037426521",
        "name": "Doudja",
        "place": "village"
      },
      "geometry": {
        "type": "Point",
        "coordinates": [
          13.4646001,
          9.45272
        ]
      },
      "id": "node/3037426521"
    },
    {
      "type": "Feature",
      "properties": {
        "@id": "node/3037426522",
        "fixme": "no imagery",
        "name": "Douffin",
        "place": "village"
      },
      "geometry": {
        "type": "Point",
        "coordinates": [
          14.1451801,
          8.36673
        ]
      },
      "id": "node/3037426522"
    },
    {
      "type": "Feature",
      "properties": {
        "@id": "node/3037426523",
        "name": "Dougon",
        "place": "village"
      },
      "geometry": {
        "type": "Point",
        "coordinates": [
          14.1274026,
          8.3547456
        ]
      },
      "id": "node/3037426523"
    },
    {
      "type": "Feature",
      "properties": {
        "@id": "node/3037426525",
        "name": "Dougue",
        "place": "village"
      },
      "geometry": {
        "type": "Point",
        "coordinates": [
          13.7395901,
          9.24152
        ]
      },
      "id": "node/3037426525"
    },
    {
      "type": "Feature",
      "properties": {
        "@id": "node/3037426526",
        "name": "Douka",
        "place": "village"
      },
      "geometry": {
        "type": "Point",
        "coordinates": [
          13.4065501,
          9.22149
        ]
      },
      "id": "node/3037426526"
    },
    {
      "type": "Feature",
      "properties": {
        "@id": "node/3037426527",
        "name": "Doukea",
        "place": "village"
      },
      "geometry": {
        "type": "Point",
        "coordinates": [
          14.1010264,
          8.3191902
        ]
      },
      "id": "node/3037426527"
    },
    {
      "type": "Feature",
      "properties": {
        "@id": "node/3037426528",
        "name": "Douknoukou",
        "place": "village"
      },
      "geometry": {
        "type": "Point",
        "coordinates": [
          14.0941013,
          9.8953589
        ]
      },
      "id": "node/3037426528"
    },
    {
      "type": "Feature",
      "properties": {
        "@id": "node/3037426529",
        "name": "Doukroum",
        "place": "village"
      },
      "geometry": {
        "type": "Point",
        "coordinates": [
          14.1440101,
          9.03624
        ]
      },
      "id": "node/3037426529"
    },
    {
      "type": "Feature",
      "properties": {
        "@id": "node/3037426530",
        "name": "Douli",
        "place": "village"
      },
      "geometry": {
        "type": "Point",
        "coordinates": [
          13.523287,
          9.273881
        ]
      },
      "id": "node/3037426530"
    },
    {
      "type": "Feature",
      "properties": {
        "@id": "node/3037426531",
        "name": "Douloumi",
        "place": "village"
      },
      "geometry": {
        "type": "Point",
        "coordinates": [
          13.6561939,
          9.2080001
        ]
      },
      "id": "node/3037426531"
    },
    {
      "type": "Feature",
      "properties": {
        "@id": "node/3037426532",
        "name": "Douloumi_2",
        "place": "village"
      },
      "geometry": {
        "type": "Point",
        "coordinates": [
          13.6529201,
          9.20853
        ]
      },
      "id": "node/3037426532"
    },
    {
      "type": "Feature",
      "properties": {
        "@id": "node/3037426533",
        "name": "Doumgel",
        "place": "village"
      },
      "geometry": {
        "type": "Point",
        "coordinates": [
          13.8065299,
          9.48741
        ]
      },
      "id": "node/3037426533"
    },
    {
      "type": "Feature",
      "properties": {
        "@id": "node/3037426534",
        "name": "Doundahi",
        "place": "village"
      },
      "geometry": {
        "type": "Point",
        "coordinates": [
          13.5612299,
          9.75631
        ]
      },
      "id": "node/3037426534"
    },
    {
      "type": "Feature",
      "properties": {
        "@id": "node/3037426535",
        "name": "Doundehi",
        "place": "village"
      },
      "geometry": {
        "type": "Point",
        "coordinates": [
          13.9828799,
          9.75589
        ]
      },
      "id": "node/3037426535"
    },
    {
      "type": "Feature",
      "properties": {
        "@id": "node/3037426536",
        "name": "Dourbeye Bala",
        "place": "village"
      },
      "geometry": {
        "type": "Point",
        "coordinates": [
          13.4880001,
          9.9990001
        ]
      },
      "id": "node/3037426536"
    },
    {
      "type": "Feature",
      "properties": {
        "@id": "node/3037426537",
        "name": "Dourbeye Centre",
        "place": "village"
      },
      "geometry": {
        "type": "Point",
        "coordinates": [
          13.5190001,
          10.0110001
        ]
      },
      "id": "node/3037426537"
    },
    {
      "type": "Feature",
      "properties": {
        "@id": "node/3037426538",
        "name": "Dourbeye",
        "place": "village"
      },
      "geometry": {
        "type": "Point",
        "coordinates": [
          13.523,
          9.9779999
        ]
      },
      "id": "node/3037426538"
    },
    {
      "type": "Feature",
      "properties": {
        "@id": "node/3037426540",
        "name": "Dourouber",
        "place": "village"
      },
      "geometry": {
        "type": "Point",
        "coordinates": [
          14.9829998,
          7.8180799
        ]
      },
      "id": "node/3037426540"
    },
    {
      "type": "Feature",
      "properties": {
        "@id": "node/3037426542",
        "name": "Douva",
        "place": "village"
      },
      "geometry": {
        "type": "Point",
        "coordinates": [
          14.1183698,
          10.08329
        ]
      },
      "id": "node/3037426542"
    },
    {
      "type": "Feature",
      "properties": {
        "@id": "node/3037426544",
        "name": "Douzougou",
        "place": "village"
      },
      "geometry": {
        "type": "Point",
        "coordinates": [
          13.684914,
          9.793486
        ]
      },
      "id": "node/3037426544"
    },
    {
      "type": "Feature",
      "properties": {
        "@id": "node/3037426545",
        "name": "Dundehi",
        "place": "village"
      },
      "geometry": {
        "type": "Point",
        "coordinates": [
          13.0806112,
          8.799972
        ]
      },
      "id": "node/3037426545"
    },
    {
      "type": "Feature",
      "properties": {
        "@id": "node/3037426547",
        "name": "Elephants",
        "place": "village"
      },
      "geometry": {
        "type": "Point",
        "coordinates": [
          15.18286,
          8.1789099
        ]
      },
      "id": "node/3037426547"
    },
    {
      "type": "Feature",
      "properties": {
        "@id": "node/3037426548",
        "name": "Ergue",
        "place": "village"
      },
      "geometry": {
        "type": "Point",
        "coordinates": [
          12.9088102,
          8.8470899
        ]
      },
      "id": "node/3037426548"
    },
    {
      "type": "Feature",
      "properties": {
        "@id": "node/3037426549",
        "name": "Ergue",
        "place": "village"
      },
      "geometry": {
        "type": "Point",
        "coordinates": [
          12.9086111,
          8.848278
        ]
      },
      "id": "node/3037426549"
    },
    {
      "type": "Feature",
      "properties": {
        "@id": "node/3037426550",
        "fixme": "no imagery",
        "name": "Exper Sdcc_to",
        "place": "village"
      },
      "geometry": {
        "type": "Point",
        "coordinates": [
          15.37308,
          7.7780601
        ]
      },
      "id": "node/3037426550"
    },
    {
      "type": "Feature",
      "properties": {
        "@id": "node/3037426551",
        "name": "Faltikou",
        "place": "village"
      },
      "geometry": {
        "type": "Point",
        "coordinates": [
          13.7720002,
          9.36943
        ]
      },
      "id": "node/3037426551"
    },
    {
      "type": "Feature",
      "properties": {
        "@id": "node/3037426552",
        "name": "Famou",
        "place": "village"
      },
      "geometry": {
        "type": "Point",
        "coordinates": [
          13.788,
          9.34598
        ]
      },
      "id": "node/3037426552"
    },
    {
      "type": "Feature",
      "properties": {
        "@id": "node/3037426553",
        "name": "Famoure Tongo",
        "place": "village"
      },
      "geometry": {
        "type": "Point",
        "coordinates": [
          13.7524799,
          9.31776
        ]
      },
      "id": "node/3037426553"
    },
    {
      "type": "Feature",
      "properties": {
        "@id": "node/3037426554",
        "name": "Fangwileo",
        "place": "village"
      },
      "geometry": {
        "type": "Point",
        "coordinates": [
          15.0076199,
          8.19691
        ]
      },
      "id": "node/3037426554"
    },
    {
      "type": "Feature",
      "properties": {
        "@id": "node/3037426555",
        "name": "Farkomo",
        "place": "village"
      },
      "geometry": {
        "type": "Point",
        "coordinates": [
          12.8952698,
          8.726284
        ]
      },
      "id": "node/3037426555"
    },
    {
      "type": "Feature",
      "properties": {
        "@id": "node/3037426556",
        "name": "Fessago",
        "place": "village"
      },
      "geometry": {
        "type": "Point",
        "coordinates": [
          13.120312,
          9.496244
        ]
      },
      "id": "node/3037426556"
    },
    {
      "type": "Feature",
      "properties": {
        "@id": "node/3037426557",
        "name": "Fignole_1",
        "place": "village"
      },
      "geometry": {
        "type": "Point",
        "coordinates": [
          13.050428,
          8.5671156
        ]
      },
      "id": "node/3037426557"
    },
    {
      "type": "Feature",
      "properties": {
        "@id": "node/3037426558",
        "name": "Fignole_2",
        "place": "village"
      },
      "geometry": {
        "type": "Point",
        "coordinates": [
          13.5097499,
          9.031194
        ]
      },
      "id": "node/3037426558"
    },
    {
      "type": "Feature",
      "properties": {
        "@id": "node/3037426559",
        "name": "Fimbe",
        "place": "village"
      },
      "geometry": {
        "type": "Point",
        "coordinates": [
          14.0506801,
          8.5198699
        ]
      },
      "id": "node/3037426559"
    },
    {
      "type": "Feature",
      "properties": {
        "@id": "node/3037426560",
        "name": "Finaye",
        "place": "village"
      },
      "geometry": {
        "type": "Point",
        "coordinates": [
          13.7007799,
          9.1711101
        ]
      },
      "id": "node/3037426560"
    },
    {
      "type": "Feature",
      "properties": {
        "@id": "node/3037426561",
        "name": "Fitorou",
        "place": "village"
      },
      "geometry": {
        "type": "Point",
        "coordinates": [
          13.87107,
          9.4529801
        ]
      },
      "id": "node/3037426561"
    },
    {
      "type": "Feature",
      "properties": {
        "@id": "node/3037426562",
        "name": "Fitorou",
        "place": "village"
      },
      "geometry": {
        "type": "Point",
        "coordinates": [
          13.5113501,
          9.85531
        ]
      },
      "id": "node/3037426562"
    },
    {
      "type": "Feature",
      "properties": {
        "@id": "node/3037426563",
        "name": "Flaye",
        "place": "village"
      },
      "geometry": {
        "type": "Point",
        "coordinates": [
          15.4886699,
          7.72006
        ]
      },
      "id": "node/3037426563"
    },
    {
      "type": "Feature",
      "properties": {
        "@id": "node/3037426566",
        "name": "Forty",
        "place": "village"
      },
      "geometry": {
        "type": "Point",
        "coordinates": [
          13.6525201,
          9.37833
        ]
      },
      "id": "node/3037426566"
    },
    {
      "type": "Feature",
      "properties": {
        "@id": "node/3037426567",
        "name": "Foubarka",
        "place": "village"
      },
      "geometry": {
        "type": "Point",
        "coordinates": [
          13.0621065,
          8.573011
        ]
      },
      "id": "node/3037426567"
    },
    {
      "type": "Feature",
      "properties": {
        "@id": "node/3037426569",
        "name": "Foulbi",
        "place": "village"
      },
      "geometry": {
        "type": "Point",
        "coordinates": [
          15.23956,
          8.0438
        ]
      },
      "id": "node/3037426569"
    },
    {
      "type": "Feature",
      "properties": {
        "@id": "node/3037426572",
        "name": "Foumbang",
        "place": "village"
      },
      "geometry": {
        "type": "Point",
        "coordinates": [
          14.6587298,
          7.98119
        ]
      },
      "id": "node/3037426572"
    },
    {
      "type": "Feature",
      "properties": {
        "@id": "node/3037426576",
        "name": "Fragon",
        "place": "village"
      },
      "geometry": {
        "type": "Point",
        "coordinates": [
          15.40314,
          7.5872999
        ]
      },
      "id": "node/3037426576"
    },
    {
      "type": "Feature",
      "properties": {
        "@id": "node/3037426577",
        "name": "Gaba",
        "place": "village"
      },
      "geometry": {
        "type": "Point",
        "coordinates": [
          14.3938598,
          8.36746
        ]
      },
      "id": "node/3037426577"
    },
    {
      "type": "Feature",
      "properties": {
        "@id": "node/3037426578",
        "fixme": "no imagery",
        "name": "Gaba",
        "place": "village"
      },
      "geometry": {
        "type": "Point",
        "coordinates": [
          14.34393,
          8.37641
        ]
      },
      "id": "node/3037426578"
    },
    {
      "type": "Feature",
      "properties": {
        "@id": "node/3037426579",
        "name": "Gabde",
        "place": "village"
      },
      "geometry": {
        "type": "Point",
        "coordinates": [
          14.15187,
          8.77907
        ]
      },
      "id": "node/3037426579"
    },
    {
      "type": "Feature",
      "properties": {
        "@id": "node/3037426584",
        "name": "Gainako",
        "place": "village"
      },
      "geometry": {
        "type": "Point",
        "coordinates": [
          13.4388698,
          8.97991
        ]
      },
      "id": "node/3037426584"
    },
    {
      "type": "Feature",
      "properties": {
        "@id": "node/3037426585",
        "name": "Gakri",
        "place": "village"
      },
      "geometry": {
        "type": "Point",
        "coordinates": [
          13.9981601,
          7.58502
        ]
      },
      "id": "node/3037426585"
    },
    {
      "type": "Feature",
      "properties": {
        "@id": "node/3037426588",
        "name": "Gali",
        "place": "village"
      },
      "geometry": {
        "type": "Point",
        "coordinates": [
          14.0828699,
          9.4857199
        ]
      },
      "id": "node/3037426588"
    },
    {
      "type": "Feature",
      "properties": {
        "@id": "node/3037426589",
        "name": "Gallao",
        "place": "village"
      },
      "geometry": {
        "type": "Point",
        "coordinates": [
          13.7954999,
          10.1398001
        ]
      },
      "id": "node/3037426589"
    },
    {
      "type": "Feature",
      "properties": {
        "@id": "node/3037426590",
        "name": "Gamba",
        "place": "village"
      },
      "geometry": {
        "type": "Point",
        "coordinates": [
          13.5944481,
          8.0943587
        ]
      },
      "id": "node/3037426590"
    },
    {
      "type": "Feature",
      "properties": {
        "@id": "node/3037426591",
        "name": "Gambou",
        "place": "village"
      },
      "geometry": {
        "type": "Point",
        "coordinates": [
          14.8501492,
          8.6940852
        ]
      },
      "id": "node/3037426591"
    },
    {
      "type": "Feature",
      "properties": {
        "@id": "node/3037426595",
        "name": "Ganda",
        "place": "village"
      },
      "geometry": {
        "type": "Point",
        "coordinates": [
          13.8201901,
          9.7849001
        ]
      },
      "id": "node/3037426595"
    },
    {
      "type": "Feature",
      "properties": {
        "@id": "node/3037426596",
        "name": "Gandaye",
        "place": "village"
      },
      "geometry": {
        "type": "Point",
        "coordinates": [
          15.0256699,
          8.6399299
        ]
      },
      "id": "node/3037426596"
    },
    {
      "type": "Feature",
      "properties": {
        "@id": "node/3037426597",
        "fixme": "no imagery",
        "name": "Gandi",
        "place": "village"
      },
      "geometry": {
        "type": "Point",
        "coordinates": [
          14.2277699,
          8.39291
        ]
      },
      "id": "node/3037426597"
    },
    {
      "type": "Feature",
      "properties": {
        "@id": "node/3037426599",
        "name": "Gane",
        "place": "village"
      },
      "geometry": {
        "type": "Point",
        "coordinates": [
          13.7923099,
          9.8685001
        ]
      },
      "id": "node/3037426599"
    },
    {
      "type": "Feature",
      "properties": {
        "@id": "node/3037426600",
        "name": "Gang Gang",
        "place": "village"
      },
      "geometry": {
        "type": "Point",
        "coordinates": [
          14.0356645,
          10.1447304
        ]
      },
      "id": "node/3037426600"
    },
    {
      "type": "Feature",
      "properties": {
        "@id": "node/3037426601",
        "name": "Gangouri",
        "place": "village"
      },
      "geometry": {
        "type": "Point",
        "coordinates": [
          14.1827198,
          8.8212099
        ]
      },
      "id": "node/3037426601"
    },
    {
      "type": "Feature",
      "properties": {
        "@id": "node/3037426602",
        "name": "Gani",
        "place": "village"
      },
      "geometry": {
        "type": "Point",
        "coordinates": [
          13.5236018,
          9.9841936
        ]
      },
      "id": "node/3037426602"
    },
    {
      "type": "Feature",
      "properties": {
        "@id": "node/3037426603",
        "name": "Gara Golombe",
        "place": "village"
      },
      "geometry": {
        "type": "Point",
        "coordinates": [
          13.8300901,
          9.82943
        ]
      },
      "id": "node/3037426603"
    },
    {
      "type": "Feature",
      "properties": {
        "@id": "node/3037426604",
        "name": "Gara Guider",
        "place": "village"
      },
      "geometry": {
        "type": "Point",
        "coordinates": [
          13.83858,
          9.83506
        ]
      },
      "id": "node/3037426604"
    },
    {
      "type": "Feature",
      "properties": {
        "@id": "node/3037426605",
        "name": "Garang",
        "place": "village"
      },
      "geometry": {
        "type": "Point",
        "coordinates": [
          14.1259702,
          7.60455
        ]
      },
      "id": "node/3037426605"
    },
    {
      "type": "Feature",
      "properties": {
        "@id": "node/3037426606",
        "name": "Gardama",
        "place": "village"
      },
      "geometry": {
        "type": "Point",
        "coordinates": [
          14.0477711,
          10.0827708
        ]
      },
      "id": "node/3037426606"
    },
    {
      "type": "Feature",
      "properties": {
        "@id": "node/3037426608",
        "name": "Gare",
        "place": "village"
      },
      "geometry": {
        "type": "Point",
        "coordinates": [
          13.1525086,
          8.4946561
        ]
      },
      "id": "node/3037426608"
    },
    {
      "type": "Feature",
      "properties": {
        "@id": "node/3037426610",
        "name": "Garoua Winde",
        "place": "village"
      },
      "geometry": {
        "type": "Point",
        "coordinates": [
          13.34754,
          9.2714099
        ]
      },
      "id": "node/3037426610"
    },
    {
      "type": "Feature",
      "properties": {
        "@id": "node/3037426611",
        "name": "Garwawo",
        "place": "village"
      },
      "geometry": {
        "type": "Point",
        "coordinates": [
          13.5258833,
          8.954467
        ]
      },
      "id": "node/3037426611"
    },
    {
      "type": "Feature",
      "properties": {
        "@id": "node/3037426612",
        "name": "Gaschiga_fulbe",
        "place": "village"
      },
      "geometry": {
        "type": "Point",
        "coordinates": [
          13.3686108,
          9.4206389
        ]
      },
      "id": "node/3037426612"
    },
    {
      "type": "Feature",
      "properties": {
        "@id": "node/3037426613",
        "name": "Gaschiga_guiziga",
        "place": "village"
      },
      "geometry": {
        "type": "Point",
        "coordinates": [
          13.3657222,
          9.419639
        ]
      },
      "id": "node/3037426613"
    },
    {
      "type": "Feature",
      "properties": {
        "@id": "node/3037426615",
        "name": "Gatouguel",
        "place": "village"
      },
      "geometry": {
        "type": "Point",
        "coordinates": [
          13.878225,
          9.804246
        ]
      },
      "id": "node/3037426615"
    },
    {
      "type": "Feature",
      "properties": {
        "@id": "node/3037426616",
        "name": "Gaval",
        "place": "village"
      },
      "geometry": {
        "type": "Point",
        "coordinates": [
          13.7799751,
          10.2185069
        ]
      },
      "id": "node/3037426616"
    },
    {
      "type": "Feature",
      "properties": {
        "@id": "node/3037426619",
        "name": "Gay Rah",
        "place": "village"
      },
      "geometry": {
        "type": "Point",
        "coordinates": [
          14.9714798,
          7.83051
        ]
      },
      "id": "node/3037426619"
    },
    {
      "type": "Feature",
      "properties": {
        "@id": "node/3037426622",
        "name": "Gobara",
        "place": "village"
      },
      "geometry": {
        "type": "Point",
        "coordinates": [
          13.4528699,
          9.1700599
        ]
      },
      "id": "node/3037426622"
    },
    {
      "type": "Feature",
      "properties": {
        "@id": "node/3037426623",
        "name": "Gobryam/koumkem",
        "place": "village"
      },
      "geometry": {
        "type": "Point",
        "coordinates": [
          13.7585059,
          9.8816629
        ]
      },
      "id": "node/3037426623"
    },
    {
      "type": "Feature",
      "properties": {
        "@id": "node/3037426624",
        "name": "Gobtikere",
        "place": "village"
      },
      "geometry": {
        "type": "Point",
        "coordinates": [
          13.82405,
          9.45319
        ]
      },
      "id": "node/3037426624"
    },
    {
      "type": "Feature",
      "properties": {
        "@id": "node/3037426625",
        "name": "Gode",
        "place": "village"
      },
      "geometry": {
        "type": "Point",
        "coordinates": [
          13.0290559,
          8.5446941
        ]
      },
      "id": "node/3037426625"
    },
    {
      "type": "Feature",
      "properties": {
        "@id": "node/3037426626",
        "name": "Godje",
        "place": "village"
      },
      "geometry": {
        "type": "Point",
        "coordinates": [
          15.52207,
          7.7828999
        ]
      },
      "id": "node/3037426626"
    },
    {
      "type": "Feature",
      "properties": {
        "@id": "node/3037426627",
        "name": "Godje_larakoussini",
        "place": "village"
      },
      "geometry": {
        "type": "Point",
        "coordinates": [
          15.4831939,
          7.7919169
        ]
      },
      "id": "node/3037426627"
    },
    {
      "type": "Feature",
      "properties": {
        "@id": "node/3037426628",
        "name": "Goka",
        "place": "village"
      },
      "geometry": {
        "type": "Point",
        "coordinates": [
          13.8124001,
          9.5136299
        ]
      },
      "id": "node/3037426628"
    },
    {
      "type": "Feature",
      "properties": {
        "@id": "node/3037426631",
        "name": "Golombali",
        "place": "village"
      },
      "geometry": {
        "type": "Point",
        "coordinates": [
          15.20213,
          8.0868801
        ]
      },
      "id": "node/3037426631"
    },
    {
      "type": "Feature",
      "properties": {
        "@id": "node/3037426632",
        "name": "Golombe",
        "place": "village"
      },
      "geometry": {
        "type": "Point",
        "coordinates": [
          13.8678228,
          9.643696
        ]
      },
      "id": "node/3037426632"
    },
    {
      "type": "Feature",
      "properties": {
        "@id": "node/3037426633",
        "name": "Golomo Biou",
        "place": "village"
      },
      "geometry": {
        "type": "Point",
        "coordinates": [
          14.10534,
          9.8516699
        ]
      },
      "id": "node/3037426633"
    },
    {
      "type": "Feature",
      "properties": {
        "@id": "node/3037426634",
        "name": "Golomo Guider",
        "place": "village"
      },
      "geometry": {
        "type": "Point",
        "coordinates": [
          13.9846364,
          9.8893617
        ]
      },
      "id": "node/3037426634"
    },
    {
      "type": "Feature",
      "properties": {
        "@id": "node/3037426635",
        "name": "Golong Fali",
        "place": "village"
      },
      "geometry": {
        "type": "Point",
        "coordinates": [
          13.8688057,
          10.0355932
        ]
      },
      "id": "node/3037426635"
    },
    {
      "type": "Feature",
      "properties": {
        "@id": "node/3037426636",
        "name": "Goloza",
        "place": "village"
      },
      "geometry": {
        "type": "Point",
        "coordinates": [
          13.5141001,
          10.0936
        ]
      },
      "id": "node/3037426636"
    },
    {
      "type": "Feature",
      "properties": {
        "@id": "node/3037426638",
        "name": "Gonghimi",
        "place": "village"
      },
      "geometry": {
        "type": "Point",
        "coordinates": [
          14.36918,
          9.26976
        ]
      },
      "id": "node/3037426638"
    },
    {
      "type": "Feature",
      "properties": {
        "@id": "node/3037426642",
        "name": "Gonzoune",
        "place": "village"
      },
      "geometry": {
        "type": "Point",
        "coordinates": [
          14.2208899,
          9.37346
        ]
      },
      "id": "node/3037426642"
    },
    {
      "type": "Feature",
      "properties": {
        "@id": "node/3037426644",
        "name": "Gop",
        "place": "village"
      },
      "geometry": {
        "type": "Point",
        "coordinates": [
          14.0245402,
          7.60447
        ]
      },
      "id": "node/3037426644"
    },
    {
      "type": "Feature",
      "properties": {
        "@id": "node/3037426645",
        "name": "Gor 2",
        "place": "village"
      },
      "geometry": {
        "type": "Point",
        "coordinates": [
          14.9970301,
          8.64762
        ]
      },
      "id": "node/3037426645"
    },
    {
      "type": "Feature",
      "properties": {
        "@id": "node/3037426646",
        "name": "Gor 3",
        "place": "village"
      },
      "geometry": {
        "type": "Point",
        "coordinates": [
          14.98626,
          8.6591999
        ]
      },
      "id": "node/3037426646"
    },
    {
      "type": "Feature",
      "properties": {
        "@id": "node/3037426647",
        "name": "Gor",
        "place": "town"
      },
      "geometry": {
        "type": "Point",
        "coordinates": [
          14.9967112,
          8.6514169
        ]
      },
      "id": "node/3037426647"
    },
    {
      "type": "Feature",
      "properties": {
        "@id": "node/3037426649",
        "name": "Gor_4",
        "place": "village"
      },
      "geometry": {
        "type": "Point",
        "coordinates": [
          14.9836669,
          8.659555
        ]
      },
      "id": "node/3037426649"
    },
    {
      "type": "Feature",
      "properties": {
        "@id": "node/3037426651",
        "name": "Gore Ardo",
        "place": "village"
      },
      "geometry": {
        "type": "Point",
        "coordinates": [
          13.8173,
          9.1663
        ]
      },
      "id": "node/3037426651"
    },
    {
      "type": "Feature",
      "properties": {
        "@id": "node/3037426652",
        "name": "Gore Ngaska",
        "place": "village"
      },
      "geometry": {
        "type": "Point",
        "coordinates": [
          13.8272101,
          9.17608
        ]
      },
      "id": "node/3037426652"
    },
    {
      "type": "Feature",
      "properties": {
        "@id": "node/3037426653",
        "name": "Gorom",
        "place": "village"
      },
      "geometry": {
        "type": "Point",
        "coordinates": [
          13.84299,
          10.0519999
        ]
      },
      "id": "node/3037426653"
    },
    {
      "type": "Feature",
      "properties": {
        "@id": "node/3037426654",
        "name": "Gortong",
        "place": "village"
      },
      "geometry": {
        "type": "Point",
        "coordinates": [
          13.8438299,
          9.9685301
        ]
      },
      "id": "node/3037426654"
    },
    {
      "type": "Feature",
      "properties": {
        "@id": "node/3037426655",
        "name": "Goudjou Goudjou",
        "place": "village"
      },
      "geometry": {
        "type": "Point",
        "coordinates": [
          13.6432501,
          10.0748799
        ]
      },
      "id": "node/3037426655"
    },
    {
      "type": "Feature",
      "properties": {
        "@id": "node/3037426656",
        "name": "Goudou",
        "place": "village"
      },
      "geometry": {
        "type": "Point",
        "coordinates": [
          13.56044,
          9.9475601
        ]
      },
      "id": "node/3037426656"
    },
    {
      "type": "Feature",
      "properties": {
        "@id": "node/3037426658",
        "name": "Goudourou",
        "place": "village"
      },
      "geometry": {
        "type": "Point",
        "coordinates": [
          13.7198507,
          9.6199373
        ]
      },
      "id": "node/3037426658"
    },
    {
      "type": "Feature",
      "properties": {
        "@id": "node/3037426661",
        "name": "Gouloum",
        "place": "village"
      },
      "geometry": {
        "type": "Point",
        "coordinates": [
          13.66654,
          10.0380701
        ]
      },
      "id": "node/3037426661"
    },
    {
      "type": "Feature",
      "properties": {
        "@id": "node/3037426663",
        "name": "Gounougou",
        "place": "village"
      },
      "geometry": {
        "type": "Point",
        "coordinates": [
          13.6946939,
          9.0704234
        ]
      },
      "id": "node/3037426663"
    },
    {
      "type": "Feature",
      "properties": {
        "@id": "node/3037426666",
        "name": "Gourko",
        "place": "village"
      },
      "geometry": {
        "type": "Point",
        "coordinates": [
          13.1833328,
          8.483333
        ]
      },
      "id": "node/3037426666"
    },
    {
      "type": "Feature",
      "properties": {
        "@id": "node/3037426672",
        "name": "Guebake",
        "place": "village"
      },
      "geometry": {
        "type": "Point",
        "coordinates": [
          13.5388598,
          9.37267
        ]
      },
      "id": "node/3037426672"
    },
    {
      "type": "Feature",
      "properties": {
        "@id": "node/3037426673",
        "name": "Gueguelde",
        "place": "village"
      },
      "geometry": {
        "type": "Point",
        "coordinates": [
          14.0825419,
          9.8915087
        ]
      },
      "id": "node/3037426673"
    },
    {
      "type": "Feature",
      "properties": {
        "@id": "node/3037426675",
        "name": "Guelao",
        "place": "village"
      },
      "geometry": {
        "type": "Point",
        "coordinates": [
          13.9026017,
          8.9807464
        ]
      },
      "id": "node/3037426675"
    },
    {
      "type": "Feature",
      "properties": {
        "@id": "node/3037426677",
        "name": "Gueling",
        "place": "village"
      },
      "geometry": {
        "type": "Point",
        "coordinates": [
          13.73035,
          10.1198
        ]
      },
      "id": "node/3037426677"
    },
    {
      "type": "Feature",
      "properties": {
        "@id": "node/3037426679",
        "name": "Guereme",
        "place": "village"
      },
      "geometry": {
        "type": "Point",
        "coordinates": [
          14.09913,
          9.9336173
        ]
      },
      "id": "node/3037426679"
    },
    {
      "type": "Feature",
      "properties": {
        "@id": "node/3037426680",
        "name": "Guerete",
        "place": "village"
      },
      "geometry": {
        "type": "Point",
        "coordinates": [
          12.9965101,
          9.4379799
        ]
      },
      "id": "node/3037426680"
    },
    {
      "type": "Feature",
      "properties": {
        "@id": "node/3037426682",
        "name": "Guever",
        "place": "village"
      },
      "geometry": {
        "type": "Point",
        "coordinates": [
          13.6958877,
          10.1439775
        ]
      },
      "id": "node/3037426682"
    },
    {
      "type": "Feature",
      "properties": {
        "@id": "node/3037426683",
        "name": "Guezeo",
        "place": "village"
      },
      "geometry": {
        "type": "Point",
        "coordinates": [
          13.7519701,
          10.13047
        ]
      },
      "id": "node/3037426683"
    },
    {
      "type": "Feature",
      "properties": {
        "@id": "node/3037426684",
        "name": "Guider Lamorde",
        "place": "village"
      },
      "geometry": {
        "type": "Point",
        "coordinates": [
          13.94217,
          9.9403999
        ]
      },
      "id": "node/3037426684"
    },
    {
      "type": "Feature",
      "properties": {
        "@id": "node/3037426685",
        "name": "Guider_sanguere",
        "place": "village"
      },
      "geometry": {
        "type": "Point",
        "coordinates": [
          13.9426942,
          9.915944
        ]
      },
      "id": "node/3037426685"
    },
    {
      "type": "Feature",
      "properties": {
        "@id": "node/3037426686",
        "name": "Guidi",
        "place": "village"
      },
      "geometry": {
        "type": "Point",
        "coordinates": [
          14.1056899,
          10.09206
        ]
      },
      "id": "node/3037426686"
    },
    {
      "type": "Feature",
      "properties": {
        "@id": "node/3037426687",
        "fixme": "no imagery",
        "name": "Guidjarou",
        "place": "village"
      },
      "geometry": {
        "type": "Point",
        "coordinates": [
          13.5931342,
          9.407159
        ]
      },
      "id": "node/3037426687"
    },
    {
      "type": "Feature",
      "properties": {
        "@id": "node/3037426688",
        "name": "Guidjiba",
        "place": "town"
      },
      "geometry": {
        "type": "Point",
        "coordinates": [
          13.7339215,
          8.4764411
        ]
      },
      "id": "node/3037426688"
    },
    {
      "type": "Feature",
      "properties": {
        "@id": "node/3037426691",
        "name": "Guirling",
        "place": "village"
      },
      "geometry": {
        "type": "Point",
        "coordinates": [
          14.23381,
          8.74853
        ]
      },
      "id": "node/3037426691"
    },
    {
      "type": "Feature",
      "properties": {
        "@id": "node/3037426692",
        "name": "Guizigare",
        "place": "village"
      },
      "geometry": {
        "type": "Point",
        "coordinates": [
          13.7599002,
          9.5659799
        ]
      },
      "id": "node/3037426692"
    },
    {
      "type": "Feature",
      "properties": {
        "@id": "node/3037426695",
        "name": "Habaga",
        "place": "village"
      },
      "geometry": {
        "type": "Point",
        "coordinates": [
          15.2348,
          8.06467
        ]
      },
      "id": "node/3037426695"
    },
    {
      "type": "Feature",
      "properties": {
        "@id": "node/3037426696",
        "name": "Haijam",
        "place": "village"
      },
      "geometry": {
        "type": "Point",
        "coordinates": [
          15.45665,
          7.59682
        ]
      },
      "id": "node/3037426696"
    },
    {
      "type": "Feature",
      "properties": {
        "@id": "node/3037426697",
        "name": "Hamakoussou",
        "place": "village"
      },
      "geometry": {
        "type": "Point",
        "coordinates": [
          13.45675,
          9.6105
        ]
      },
      "id": "node/3037426697"
    },
    {
      "type": "Feature",
      "properties": {
        "@id": "node/3037426698",
        "name": "Hamakoussou_2",
        "place": "village"
      },
      "geometry": {
        "type": "Point",
        "coordinates": [
          13.2453575,
          9.3726587
        ]
      },
      "id": "node/3037426698"
    },
    {
      "type": "Feature",
      "properties": {
        "@id": "node/3037426699",
        "name": "Hamalade",
        "place": "village"
      },
      "geometry": {
        "type": "Point",
        "coordinates": [
          14.1458332,
          9.462694
        ]
      },
      "id": "node/3037426699"
    },
    {
      "type": "Feature",
      "properties": {
        "@id": "node/3037426700",
        "name": "Hankao",
        "place": "village"
      },
      "geometry": {
        "type": "Point",
        "coordinates": [
          15.3960901,
          7.5328701
        ]
      },
      "id": "node/3037426700"
    },
    {
      "type": "Feature",
      "properties": {
        "@id": "node/3037426701",
        "name": "Harande Bame",
        "place": "village"
      },
      "geometry": {
        "type": "Point",
        "coordinates": [
          13.58383,
          9.13936
        ]
      },
      "id": "node/3037426701"
    },
    {
      "type": "Feature",
      "properties": {
        "@id": "node/3037426702",
        "name": "Harande",
        "place": "village"
      },
      "geometry": {
        "type": "Point",
        "coordinates": [
          13.4850301,
          9.3056701
        ]
      },
      "id": "node/3037426702"
    },
    {
      "type": "Feature",
      "properties": {
        "@id": "node/3037426704",
        "name": "Harkou",
        "place": "village"
      },
      "geometry": {
        "type": "Point",
        "coordinates": [
          13.651083,
          9.5814721
        ]
      },
      "id": "node/3037426704"
    },
    {
      "type": "Feature",
      "properties": {
        "@id": "node/3037426706",
        "name": "Hayga_djewa",
        "place": "village"
      },
      "geometry": {
        "type": "Point",
        "coordinates": [
          13.2986401,
          9.2060301
        ]
      },
      "id": "node/3037426706"
    },
    {
      "type": "Feature",
      "properties": {
        "@id": "node/3037426707",
        "name": "Hele",
        "place": "village"
      },
      "geometry": {
        "type": "Point",
        "coordinates": [
          14.0582498,
          9.9937
        ]
      },
      "id": "node/3037426707"
    },
    {
      "type": "Feature",
      "properties": {
        "@id": "node/3037426708",
        "name": "Helmbao",
        "place": "village"
      },
      "geometry": {
        "type": "Point",
        "coordinates": [
          15.37744,
          7.4620299
        ]
      },
      "id": "node/3037426708"
    },
    {
      "type": "Feature",
      "properties": {
        "@id": "node/3037426709",
        "name": "Heri",
        "place": "village"
      },
      "geometry": {
        "type": "Point",
        "coordinates": [
          13.8558499,
          9.8224501
        ]
      },
      "id": "node/3037426709"
    },
    {
      "type": "Feature",
      "properties": {
        "@id": "node/3037426710",
        "name": "Hetchourou",
        "place": "village"
      },
      "geometry": {
        "type": "Point",
        "coordinates": [
          14.2993098,
          8.9749658
        ]
      },
      "id": "node/3037426710"
    },
    {
      "type": "Feature",
      "properties": {
        "@id": "node/3037426713",
        "name": "Hina_bahimi",
        "place": "village"
      },
      "geometry": {
        "type": "Point",
        "coordinates": [
          13.7715001,
          9.50623
        ]
      },
      "id": "node/3037426713"
    },
    {
      "type": "Feature",
      "properties": {
        "@id": "node/3037426717",
        "name": "Hinga",
        "place": "village"
      },
      "geometry": {
        "type": "Point",
        "coordinates": [
          13.095639,
          8.7568059
        ]
      },
      "id": "node/3037426717"
    },
    {
      "type": "Feature",
      "properties": {
        "@id": "node/3037426719",
        "name": "Hodango",
        "place": "village"
      },
      "geometry": {
        "type": "Point",
        "coordinates": [
          13.3605799,
          9.35724
        ]
      },
      "id": "node/3037426719"
    },
    {
      "type": "Feature",
      "properties": {
        "@id": "node/3037426721",
        "name": "Holma",
        "place": "village"
      },
      "geometry": {
        "type": "Point",
        "coordinates": [
          13.7934601,
          9.5024499
        ]
      },
      "id": "node/3037426721"
    },
    {
      "type": "Feature",
      "properties": {
        "@id": "node/3037426722",
        "name": "Homa Malyaya",
        "place": "village"
      },
      "geometry": {
        "type": "Point",
        "coordinates": [
          13.9179231,
          9.0163
        ]
      },
      "id": "node/3037426722"
    },
    {
      "type": "Feature",
      "properties": {
        "@id": "node/3037426723",
        "name": "Homa Tchiouto",
        "place": "village"
      },
      "geometry": {
        "type": "Point",
        "coordinates": [
          13.9159501,
          9.0329399
        ]
      },
      "id": "node/3037426723"
    },
    {
      "type": "Feature",
      "properties": {
        "@id": "node/3037426725",
        "name": "Home",
        "place": "village"
      },
      "geometry": {
        "type": "Point",
        "coordinates": [
          14.6432999,
          7.7364999
        ]
      },
      "id": "node/3037426725"
    },
    {
      "type": "Feature",
      "properties": {
        "@id": "node/3037426726",
        "name": "Home",
        "place": "village"
      },
      "geometry": {
        "type": "Point",
        "coordinates": [
          14.651618,
          7.74874
        ]
      },
      "id": "node/3037426726"
    },
    {
      "type": "Feature",
      "properties": {
        "@id": "node/3037426729",
        "name": "Hossere Forou",
        "place": "village"
      },
      "geometry": {
        "type": "Point",
        "coordinates": [
          13.2873098,
          9.31205
        ]
      },
      "id": "node/3037426729"
    },
    {
      "type": "Feature",
      "properties": {
        "@id": "node/3037426730",
        "name": "Hossere Ngoh",
        "place": "village"
      },
      "geometry": {
        "type": "Point",
        "coordinates": [
          13.4909899,
          9.90764
        ]
      },
      "id": "node/3037426730"
    },
    {
      "type": "Feature",
      "properties": {
        "@id": "node/3037426731",
        "fixme": "no imagery",
        "name": "Hossere",
        "place": "village"
      },
      "geometry": {
        "type": "Point",
        "coordinates": [
          13.6573898,
          9.29112
        ]
      },
      "id": "node/3037426731"
    },
    {
      "type": "Feature",
      "properties": {
        "@id": "node/3037426734",
        "name": "Houla",
        "place": "village"
      },
      "geometry": {
        "type": "Point",
        "coordinates": [
          13.7138,
          9.29151
        ]
      },
      "id": "node/3037426734"
    },
    {
      "type": "Feature",
      "properties": {
        "@id": "node/3037426735",
        "name": "Houla_fandou",
        "place": "village"
      },
      "geometry": {
        "type": "Point",
        "coordinates": [
          14.0198,
          9.5538799
        ]
      },
      "id": "node/3037426735"
    },
    {
      "type": "Feature",
      "properties": {
        "@id": "node/3037426736",
        "name": "Houmbal",
        "place": "village"
      },
      "geometry": {
        "type": "Point",
        "coordinates": [
          14.1010972,
          10.0717169
        ]
      },
      "id": "node/3037426736"
    },
    {
      "type": "Feature",
      "properties": {
        "@id": "node/3037426738",
        "name": "Hoy",
        "place": "village"
      },
      "geometry": {
        "type": "Point",
        "coordinates": [
          13.3274411,
          8.478782
        ]
      },
      "id": "node/3037426738"
    },
    {
      "type": "Feature",
      "properties": {
        "@id": "node/3037426740",
        "name": "Ideal",
        "place": "village"
      },
      "geometry": {
        "type": "Point",
        "coordinates": [
          13.9511063,
          10.158521
        ]
      },
      "id": "node/3037426740"
    },
    {
      "type": "Feature",
      "properties": {
        "@id": "node/3037426742",
        "name": "Indjode",
        "place": "village"
      },
      "geometry": {
        "type": "Point",
        "coordinates": [
          14.0449601,
          9.885254
        ]
      },
      "id": "node/3037426742"
    },
    {
      "type": "Feature",
      "properties": {
        "@id": "node/3037426743",
        "fixme": "no imagery",
        "name": "Ira Tchollire",
        "place": "village"
      },
      "geometry": {
        "type": "Point",
        "coordinates": [
          14.2126999,
          8.3935099
        ]
      },
      "id": "node/3037426743"
    },
    {
      "type": "Feature",
      "properties": {
        "@id": "node/3037426744",
        "name": "Ira Touboro",
        "place": "village"
      },
      "geometry": {
        "type": "Point",
        "coordinates": [
          15.34262,
          7.80761
        ]
      },
      "id": "node/3037426744"
    },
    {
      "type": "Feature",
      "properties": {
        "@id": "node/3037426745",
        "name": "Iware",
        "place": "village"
      },
      "geometry": {
        "type": "Point",
        "coordinates": [
          13.40298,
          9.13455
        ]
      },
      "id": "node/3037426745"
    },
    {
      "type": "Feature",
      "properties": {
        "@id": "node/3037426746",
        "name": "Kabang",
        "place": "village"
      },
      "geometry": {
        "type": "Point",
        "coordinates": [
          14.8963201,
          8.23372
        ]
      },
      "id": "node/3037426746"
    },
    {
      "type": "Feature",
      "properties": {
        "@id": "node/3037426747",
        "name": "Kades",
        "place": "village"
      },
      "geometry": {
        "type": "Point",
        "coordinates": [
          15.3383609,
          7.9285831
        ]
      },
      "id": "node/3037426747"
    },
    {
      "type": "Feature",
      "properties": {
        "@id": "node/3037426748",
        "name": "Kadjonka",
        "place": "village"
      },
      "geometry": {
        "type": "Point",
        "coordinates": [
          13.8413193,
          9.8910805
        ]
      },
      "id": "node/3037426748"
    },
    {
      "type": "Feature",
      "properties": {
        "@id": "node/3037426749",
        "name": "Kafinarou",
        "place": "village"
      },
      "geometry": {
        "type": "Point",
        "coordinates": [
          13.9621518,
          9.6695814
        ]
      },
      "id": "node/3037426749"
    },
    {
      "type": "Feature",
      "properties": {
        "@id": "node/3037426750",
        "name": "Kafkaye",
        "place": "village"
      },
      "geometry": {
        "type": "Point",
        "coordinates": [
          13.7971763,
          10.2445656
        ]
      },
      "id": "node/3037426750"
    },
    {
      "type": "Feature",
      "properties": {
        "@id": "node/3037426753",
        "name": "Kagnakdje 1",
        "place": "village"
      },
      "geometry": {
        "type": "Point",
        "coordinates": [
          15.08063,
          8.4734201
        ]
      },
      "id": "node/3037426753"
    },
    {
      "type": "Feature",
      "properties": {
        "@id": "node/3037426754",
        "name": "Kagnakdje 2",
        "place": "village"
      },
      "geometry": {
        "type": "Point",
        "coordinates": [
          15.09075,
          8.4769399
        ]
      },
      "id": "node/3037426754"
    },
    {
      "type": "Feature",
      "properties": {
        "@id": "node/3037426755",
        "name": "Kaiwan 1",
        "place": "village"
      },
      "geometry": {
        "type": "Point",
        "coordinates": [
          13.4784601,
          8.94139
        ]
      },
      "id": "node/3037426755"
    },
    {
      "type": "Feature",
      "properties": {
        "@id": "node/3037426756",
        "name": "Kaiwan 2",
        "place": "village"
      },
      "geometry": {
        "type": "Point",
        "coordinates": [
          13.4817998,
          8.93934
        ]
      },
      "id": "node/3037426756"
    },
    {
      "type": "Feature",
      "properties": {
        "@id": "node/3037426758",
        "name": "Kakala",
        "place": "village"
      },
      "geometry": {
        "type": "Point",
        "coordinates": [
          13.9395499,
          9.6670301
        ]
      },
      "id": "node/3037426758"
    },
    {
      "type": "Feature",
      "properties": {
        "@id": "node/3037426759",
        "name": "Kakou",
        "place": "village"
      },
      "geometry": {
        "type": "Point",
        "coordinates": [
          13.9612799,
          9.6247101
        ]
      },
      "id": "node/3037426759"
    },
    {
      "type": "Feature",
      "properties": {
        "@id": "node/3037426761",
        "name": "Kalao",
        "place": "village"
      },
      "geometry": {
        "type": "Point",
        "coordinates": [
          13.8852202,
          9.588
        ]
      },
      "id": "node/3037426761"
    },
    {
      "type": "Feature",
      "properties": {
        "@id": "node/3037426762",
        "fixme": "no imagery",
        "name": "Kali",
        "place": "village"
      },
      "geometry": {
        "type": "Point",
        "coordinates": [
          14.38209,
          8.3553
        ]
      },
      "id": "node/3037426762"
    },
    {
      "type": "Feature",
      "properties": {
        "@id": "node/3037426763",
        "name": "Kali",
        "place": "village"
      },
      "geometry": {
        "type": "Point",
        "coordinates": [
          14.3379698,
          8.37808
        ]
      },
      "id": "node/3037426763"
    },
    {
      "type": "Feature",
      "properties": {
        "@id": "node/3037426765",
        "name": "Kanana",
        "place": "village"
      },
      "geometry": {
        "type": "Point",
        "coordinates": [
          15.2026999,
          8.0515
        ]
      },
      "id": "node/3037426765"
    },
    {
      "type": "Feature",
      "properties": {
        "@id": "node/3037426766",
        "name": "Kapanay",
        "place": "village"
      },
      "geometry": {
        "type": "Point",
        "coordinates": [
          14.2120901,
          9.33644
        ]
      },
      "id": "node/3037426766"
    },
    {
      "type": "Feature",
      "properties": {
        "@id": "node/3037426768",
        "name": "Kapta",
        "place": "village"
      },
      "geometry": {
        "type": "Point",
        "coordinates": [
          13.9897001,
          10.08425
        ]
      },
      "id": "node/3037426768"
    },
    {
      "type": "Feature",
      "properties": {
        "@id": "node/3037426769",
        "name": "Kapta_mboursoulam",
        "place": "village"
      },
      "geometry": {
        "type": "Point",
        "coordinates": [
          14.20474,
          10.0053999
        ]
      },
      "id": "node/3037426769"
    },
    {
      "type": "Feature",
      "properties": {
        "@id": "node/3037426770",
        "name": "Kaptalam",
        "place": "village"
      },
      "geometry": {
        "type": "Point",
        "coordinates": [
          14.0711507,
          9.8464797
        ]
      },
      "id": "node/3037426770"
    },
    {
      "type": "Feature",
      "properties": {
        "@id": "node/3037426772",
        "name": "Karang Pandjama",
        "place": "village"
      },
      "geometry": {
        "type": "Point",
        "coordinates": [
          15.3595699,
          7.67893
        ]
      },
      "id": "node/3037426772"
    },
    {
      "type": "Feature",
      "properties": {
        "@id": "node/3037426773",
        "name": "Karba",
        "place": "village"
      },
      "geometry": {
        "type": "Point",
        "coordinates": [
          14.14971,
          10.0492001
        ]
      },
      "id": "node/3037426773"
    },
    {
      "type": "Feature",
      "properties": {
        "@id": "node/3037426775",
        "name": "Karewa",
        "place": "village"
      },
      "geometry": {
        "type": "Point",
        "coordinates": [
          13.970788,
          9.781645
        ]
      },
      "id": "node/3037426775"
    },
    {
      "type": "Feature",
      "properties": {
        "@id": "node/3037426778",
        "name": "Katako",
        "place": "village"
      },
      "geometry": {
        "type": "Point",
        "coordinates": [
          13.3973201,
          9.60835
        ]
      },
      "id": "node/3037426778"
    },
    {
      "type": "Feature",
      "properties": {
        "@id": "node/3037426780",
        "name": "Katcheo Lam",
        "place": "village"
      },
      "geometry": {
        "type": "Point",
        "coordinates": [
          13.9184399,
          9.63301
        ]
      },
      "id": "node/3037426780"
    },
    {
      "type": "Feature",
      "properties": {
        "@id": "node/3037426781",
        "name": "Kate",
        "place": "village"
      },
      "geometry": {
        "type": "Point",
        "coordinates": [
          13.5166702,
          8.77841
        ]
      },
      "id": "node/3037426781"
    },
    {
      "type": "Feature",
      "properties": {
        "@id": "node/3037426782",
        "name": "Kawtal",
        "place": "village"
      },
      "geometry": {
        "type": "Point",
        "coordinates": [
          13.4283301,
          9.1327201
        ]
      },
      "id": "node/3037426782"
    },
    {
      "type": "Feature",
      "properties": {
        "@id": "node/3037426783",
        "name": "Kazanga",
        "place": "village"
      },
      "geometry": {
        "type": "Point",
        "coordinates": [
          13.9596098,
          9.8157801
        ]
      },
      "id": "node/3037426783"
    },
    {
      "type": "Feature",
      "properties": {
        "@id": "node/3037426785",
        "name": "Kefero",
        "place": "village"
      },
      "geometry": {
        "type": "Point",
        "coordinates": [
          13.513694,
          9.5615279
        ]
      },
      "id": "node/3037426785"
    },
    {
      "type": "Feature",
      "properties": {
        "@id": "node/3037426790",
        "name": "Keou",
        "place": "village"
      },
      "geometry": {
        "type": "Point",
        "coordinates": [
          13.7654438,
          9.8024849
        ]
      },
      "id": "node/3037426790"
    },
    {
      "type": "Feature",
      "properties": {
        "@id": "node/3037426791",
        "name": "Kerbai",
        "place": "village"
      },
      "geometry": {
        "type": "Point",
        "coordinates": [
          15.3636599,
          7.58649
        ]
      },
      "id": "node/3037426791"
    },
    {
      "type": "Feature",
      "properties": {
        "@id": "node/3037426792",
        "name": "Kereng_figuil",
        "place": "village"
      },
      "geometry": {
        "type": "Point",
        "coordinates": [
          13.9911458,
          9.814822
        ]
      },
      "id": "node/3037426792"
    },
    {
      "type": "Feature",
      "properties": {
        "@id": "node/3037426793",
        "name": "Kereng_guider",
        "place": "village"
      },
      "geometry": {
        "type": "Point",
        "coordinates": [
          13.9969058,
          9.821022
        ]
      },
      "id": "node/3037426793"
    },
    {
      "type": "Feature",
      "properties": {
        "@id": "node/3037426794",
        "name": "Kergueng",
        "place": "village"
      },
      "geometry": {
        "type": "Point",
        "coordinates": [
          13.9390099,
          9.92742
        ]
      },
      "id": "node/3037426794"
    },
    {
      "type": "Feature",
      "properties": {
        "@id": "node/3037426799",
        "name": "Kirambo",
        "place": "village"
      },
      "geometry": {
        "type": "Point",
        "coordinates": [
          13.5416401,
          9.47106
        ]
      },
      "id": "node/3037426799"
    },
    {
      "type": "Feature",
      "properties": {
        "@id": "node/3037426800",
        "name": "Kismatari",
        "place": "village"
      },
      "geometry": {
        "type": "Point",
        "coordinates": [
          13.489583,
          9.324528
        ]
      },
      "id": "node/3037426800"
    },
    {
      "type": "Feature",
      "properties": {
        "@id": "node/3037426801",
        "name": "Kobossi",
        "place": "village"
      },
      "geometry": {
        "type": "Point",
        "coordinates": [
          13.3033,
          9.9809201
        ]
      },
      "id": "node/3037426801"
    },
    {
      "type": "Feature",
      "properties": {
        "@id": "node/3037426802",
        "name": "Koidawa",
        "place": "village"
      },
      "geometry": {
        "type": "Point",
        "coordinates": [
          14.0196941,
          9.7685119
        ]
      },
      "id": "node/3037426802"
    },
    {
      "type": "Feature",
      "properties": {
        "@id": "node/3037426803",
        "name": "Koina Maigari",
        "place": "village"
      },
      "geometry": {
        "type": "Point",
        "coordinates": [
          13.9243898,
          9.8191215
        ]
      },
      "id": "node/3037426803"
    },
    {
      "type": "Feature",
      "properties": {
        "@id": "node/3037426804",
        "name": "Koina_messengue",
        "place": "village"
      },
      "geometry": {
        "type": "Point",
        "coordinates": [
          13.9032601,
          9.8306009
        ]
      },
      "id": "node/3037426804"
    },
    {
      "type": "Feature",
      "properties": {
        "@id": "node/3037426805",
        "name": "Koinderi 2",
        "place": "village"
      },
      "geometry": {
        "type": "Point",
        "coordinates": [
          14.4631199,
          8.9798
        ]
      },
      "id": "node/3037426805"
    },
    {
      "type": "Feature",
      "properties": {
        "@id": "node/3037426806",
        "name": "Koinderi Mounda",
        "place": "village"
      },
      "geometry": {
        "type": "Point",
        "coordinates": [
          14.46835,
          8.9769601
        ]
      },
      "id": "node/3037426806"
    },
    {
      "type": "Feature",
      "properties": {
        "@id": "node/3037426807",
        "name": "Koinderi_1",
        "place": "village"
      },
      "geometry": {
        "type": "Point",
        "coordinates": [
          14.4619171,
          8.983278
        ]
      },
      "id": "node/3037426807"
    },
    {
      "type": "Feature",
      "properties": {
        "@id": "node/3037426810",
        "name": "Kola",
        "place": "village"
      },
      "geometry": {
        "type": "Point",
        "coordinates": [
          13.9609102,
          9.8594999
        ]
      },
      "id": "node/3037426810"
    },
    {
      "type": "Feature",
      "properties": {
        "@id": "node/3037426811",
        "name": "Kole",
        "place": "village"
      },
      "geometry": {
        "type": "Point",
        "coordinates": [
          13.97322,
          9.7964099
        ]
      },
      "id": "node/3037426811"
    },
    {
      "type": "Feature",
      "properties": {
        "@id": "node/3037426812",
        "name": "Kollere",
        "place": "village"
      },
      "geometry": {
        "type": "Point",
        "coordinates": [
          13.2243098,
          9.39964
        ]
      },
      "id": "node/3037426812"
    },
    {
      "type": "Feature",
      "properties": {
        "@id": "node/3037426813",
        "name": "Kollere_tcheboa",
        "place": "village"
      },
      "geometry": {
        "type": "Point",
        "coordinates": [
          13.1728,
          9.0239
        ]
      },
      "id": "node/3037426813"
    },
    {
      "type": "Feature",
      "properties": {
        "@id": "node/3037426814",
        "name": "Kombo",
        "place": "village"
      },
      "geometry": {
        "type": "Point",
        "coordinates": [
          14.6558801,
          7.6833
        ]
      },
      "id": "node/3037426814"
    },
    {
      "type": "Feature",
      "properties": {
        "@id": "node/3037426815",
        "name": "Kombo_1",
        "place": "village"
      },
      "geometry": {
        "type": "Point",
        "coordinates": [
          14.4773071,
          7.67924
        ]
      },
      "id": "node/3037426815"
    },
    {
      "type": "Feature",
      "properties": {
        "@id": "node/3037426816",
        "name": "Kombom",
        "place": "village"
      },
      "geometry": {
        "type": "Point",
        "coordinates": [
          13.6994,
          10.0752
        ]
      },
      "id": "node/3037426816"
    },
    {
      "type": "Feature",
      "properties": {
        "@id": "node/3037426817",
        "name": "Komboro",
        "place": "village"
      },
      "geometry": {
        "type": "Point",
        "coordinates": [
          12.8116833,
          8.7038449
        ]
      },
      "id": "node/3037426817"
    },
    {
      "type": "Feature",
      "properties": {
        "@id": "node/3037426818",
        "name": "Komkeoudji",
        "place": "village"
      },
      "geometry": {
        "type": "Point",
        "coordinates": [
          13.7598998,
          9.8826901
        ]
      },
      "id": "node/3037426818"
    },
    {
      "type": "Feature",
      "properties": {
        "@id": "node/3037426819",
        "name": "Kona",
        "place": "village"
      },
      "geometry": {
        "type": "Point",
        "coordinates": [
          13.8045137,
          9.8064015
        ]
      },
      "id": "node/3037426819"
    },
    {
      "type": "Feature",
      "properties": {
        "@id": "node/3037426821",
        "name": "Koidjoing",
        "place": "village"
      },
      "geometry": {
        "type": "Point",
        "coordinates": [
          14.29457,
          9.1410599
        ]
      },
      "id": "node/3037426821"
    },
    {
      "type": "Feature",
      "properties": {
        "@id": "node/3037426823",
        "fixme": "no imagery",
        "name": "Kone-2",
        "place": "village"
      },
      "geometry": {
        "type": "Point",
        "coordinates": [
          13.4524642,
          8.9638779
        ]
      },
      "id": "node/3037426823"
    },
    {
      "type": "Feature",
      "properties": {
        "@id": "node/3037426824",
        "name": "Kongrong Ouest",
        "place": "village"
      },
      "geometry": {
        "type": "Point",
        "coordinates": [
          14.1573637,
          8.7527692
        ]
      },
      "id": "node/3037426824"
    },
    {
      "type": "Feature",
      "properties": {
        "@id": "node/3037426825",
        "name": "Kongrong Est",
        "place": "village"
      },
      "geometry": {
        "type": "Point",
        "coordinates": [
          14.1779962,
          8.7586161
        ]
      },
      "id": "node/3037426825"
    },
    {
      "type": "Feature",
      "properties": {
        "@id": "node/3037426826",
        "name": "Kongkong",
        "place": "village"
      },
      "geometry": {
        "type": "Point",
        "coordinates": [
          14.17406,
          10.0492199
        ]
      },
      "id": "node/3037426826"
    },
    {
      "type": "Feature",
      "properties": {
        "@id": "node/3037426827",
        "name": "Kongwala",
        "place": "village"
      },
      "geometry": {
        "type": "Point",
        "coordinates": [
          15.01407,
          8.18124
        ]
      },
      "id": "node/3037426827"
    },
    {
      "type": "Feature",
      "properties": {
        "@id": "node/3037426828",
        "name": "Kontip",
        "place": "village"
      },
      "geometry": {
        "type": "Point",
        "coordinates": [
          13.6627499,
          9.0144299
        ]
      },
      "id": "node/3037426828"
    },
    {
      "type": "Feature",
      "properties": {
        "@id": "node/3037426830",
        "name": "Korake",
        "place": "village"
      },
      "geometry": {
        "type": "Point",
        "coordinates": [
          13.8095158,
          9.8960018
        ]
      },
      "id": "node/3037426830"
    },
    {
      "type": "Feature",
      "properties": {
        "@id": "node/3037426831",
        "name": "Korkae",
        "place": "village"
      },
      "geometry": {
        "type": "Point",
        "coordinates": [
          13.5577091,
          9.465212
        ]
      },
      "id": "node/3037426831"
    },
    {
      "type": "Feature",
      "properties": {
        "@id": "node/3037426834",
        "name": "Kossel Djohi",
        "place": "village"
      },
      "geometry": {
        "type": "Point",
        "coordinates": [
          14.02254,
          9.92226
        ]
      },
      "id": "node/3037426834"
    },
    {
      "type": "Feature",
      "properties": {
        "@id": "node/3037426835",
        "name": "Kossel_daneel",
        "place": "village"
      },
      "geometry": {
        "type": "Point",
        "coordinates": [
          14.0280188,
          9.9204712
        ]
      },
      "id": "node/3037426835"
    },
    {
      "type": "Feature",
      "properties": {
        "@id": "node/3037426836",
        "name": "Kossi",
        "place": "village"
      },
      "geometry": {
        "type": "Point",
        "coordinates": [
          13.86131,
          9.5931
        ]
      },
      "id": "node/3037426836"
    },
    {
      "type": "Feature",
      "properties": {
        "@id": "node/3037426837",
        "name": "Koubadje",
        "place": "village"
      },
      "geometry": {
        "type": "Point",
        "coordinates": [
          13.4617601,
          8.9960101
        ]
      },
      "id": "node/3037426837"
    },
    {
      "type": "Feature",
      "properties": {
        "@id": "node/3037426838",
        "name": "Koubere",
        "place": "village"
      },
      "geometry": {
        "type": "Point",
        "coordinates": [
          13.8026599,
          9.5541699
        ]
      },
      "id": "node/3037426838"
    },
    {
      "type": "Feature",
      "properties": {
        "@id": "node/3037426839",
        "name": "Koudjeo",
        "place": "village"
      },
      "geometry": {
        "type": "Point",
        "coordinates": [
          15.4215202,
          7.54895
        ]
      },
      "id": "node/3037426839"
    },
    {
      "type": "Feature",
      "properties": {
        "@id": "node/3037426840",
        "name": "Koudjourou",
        "place": "village"
      },
      "geometry": {
        "type": "Point",
        "coordinates": [
          15.0441401,
          8.3687199
        ]
      },
      "id": "node/3037426840"
    },
    {
      "type": "Feature",
      "properties": {
        "@id": "node/3037426841",
        "name": "Kouladje",
        "place": "village"
      },
      "geometry": {
        "type": "Point",
        "coordinates": [
          13.7683501,
          9.5802901
        ]
      },
      "id": "node/3037426841"
    },
    {
      "type": "Feature",
      "properties": {
        "@id": "node/3037426842",
        "name": "Koulawa",
        "place": "village"
      },
      "geometry": {
        "type": "Point",
        "coordinates": [
          12.9300901,
          9.1661799
        ]
      },
      "id": "node/3037426842"
    },
    {
      "type": "Feature",
      "properties": {
        "@id": "node/3037426843",
        "name": "Kouloumbou",
        "place": "village"
      },
      "geometry": {
        "type": "Point",
        "coordinates": [
          14.96129,
          8.4266301
        ]
      },
      "id": "node/3037426843"
    },
    {
      "type": "Feature",
      "properties": {
        "@id": "node/3037426844",
        "fixme": "no imagery",
        "name": "Koum",
        "place": "village"
      },
      "geometry": {
        "type": "Point",
        "coordinates": [
          14.50633,
          8.377082
        ]
      },
      "id": "node/3037426844"
    },
    {
      "type": "Feature",
      "properties": {
        "@id": "node/3037426845",
        "name": "Koum",
        "place": "village"
      },
      "geometry": {
        "type": "Point",
        "coordinates": [
          14.51169,
          8.3810601
        ]
      },
      "id": "node/3037426845"
    },
    {
      "type": "Feature",
      "properties": {
        "@id": "node/3037426846",
        "name": "Koumane 1",
        "place": "village"
      },
      "geometry": {
        "type": "Point",
        "coordinates": [
          15.1320398,
          7.75332
        ]
      },
      "id": "node/3037426846"
    },
    {
      "type": "Feature",
      "properties": {
        "@id": "node/3037426847",
        "name": "Koumane 2",
        "place": "village"
      },
      "geometry": {
        "type": "Point",
        "coordinates": [
          15.03621,
          7.2054501
        ]
      },
      "id": "node/3037426847"
    },
    {
      "type": "Feature",
      "properties": {
        "@id": "node/3037426848",
        "fixme": "duplicate",
        "name": "Kourmi",
        "place": "village"
      },
      "geometry": {
        "type": "Point",
        "coordinates": [
          13.403389,
          9.235639
        ]
      },
      "id": "node/3037426848"
    },
    {
      "type": "Feature",
      "properties": {
        "@id": "node/3037426849",
        "name": "Kourmi",
        "place": "village"
      },
      "geometry": {
        "type": "Point",
        "coordinates": [
          13.4027798,
          9.23737
        ]
      },
      "id": "node/3037426849"
    },
    {
      "type": "Feature",
      "properties": {
        "@id": "node/3037426850",
        "name": "Kourouk",
        "place": "village"
      },
      "geometry": {
        "type": "Point",
        "coordinates": [
          14.315917,
          8.378361
        ]
      },
      "id": "node/3037426850"
    },
    {
      "type": "Feature",
      "properties": {
        "@id": "node/3037426851",
        "name": "Kouroungou",
        "place": "village"
      },
      "geometry": {
        "type": "Point",
        "coordinates": [
          13.62474,
          9.0926
        ]
      },
      "id": "node/3037426851"
    },
    {
      "type": "Feature",
      "properties": {
        "@id": "node/3037426852",
        "name": "Kourtesse",
        "place": "village"
      },
      "geometry": {
        "type": "Point",
        "coordinates": [
          12.9318502,
          8.61956
        ]
      },
      "id": "node/3037426852"
    },
    {
      "type": "Feature",
      "properties": {
        "@id": "node/3037426853",
        "name": "Kousmo",
        "place": "village"
      },
      "geometry": {
        "type": "Point",
        "coordinates": [
          13.316278,
          9.269722
        ]
      },
      "id": "node/3037426853"
    },
    {
      "type": "Feature",
      "properties": {
        "@id": "node/3037426854",
        "name": "Koussion",
        "place": "village"
      },
      "geometry": {
        "type": "Point",
        "coordinates": [
          15.2037202,
          7.7815501
        ]
      },
      "id": "node/3037426854"
    },
    {
      "type": "Feature",
      "properties": {
        "@id": "node/3037426855",
        "name": "Koussoum",
        "place": "village"
      },
      "geometry": {
        "type": "Point",
        "coordinates": [
          14.1871799,
          10.06022
        ]
      },
      "id": "node/3037426855"
    },
    {
      "type": "Feature",
      "properties": {
        "@id": "node/3037426859",
        "name": "Koza",
        "place": "village"
      },
      "geometry": {
        "type": "Point",
        "coordinates": [
          12.9514,
          8.9506
        ]
      },
      "id": "node/3037426859"
    },
    {
      "type": "Feature",
      "properties": {
        "@id": "node/3037426861",
        "name": "Kwoengou",
        "place": "village"
      },
      "geometry": {
        "type": "Point",
        "coordinates": [
          15.0131369,
          8.4809189
        ]
      },
      "id": "node/3037426861"
    },
    {
      "type": "Feature",
      "properties": {
        "@id": "node/3037426862",
        "name": "Labare",
        "place": "village"
      },
      "geometry": {
        "type": "Point",
        "coordinates": [
          13.8335101,
          9.40163
        ]
      },
      "id": "node/3037426862"
    },
    {
      "type": "Feature",
      "properties": {
        "@id": "node/3037426863",
        "name": "Labare",
        "place": "village"
      },
      "geometry": {
        "type": "Point",
        "coordinates": [
          14.0222902,
          9.46669
        ]
      },
      "id": "node/3037426863"
    },
    {
      "type": "Feature",
      "properties": {
        "@id": "node/3037426864",
        "name": "Labare Louka",
        "place": "village"
      },
      "geometry": {
        "type": "Point",
        "coordinates": [
          13.8747918,
          9.3175193
        ]
      },
      "id": "node/3037426864"
    },
    {
      "type": "Feature",
      "properties": {
        "@id": "node/3037426865",
        "name": "Laboun",
        "place": "village",
        "wikidata": "Q28040670"
      },
      "geometry": {
        "type": "Point",
        "coordinates": [
          14.2704299,
          8.3886199
        ]
      },
      "id": "node/3037426865"
    },
    {
      "type": "Feature",
      "properties": {
        "@id": "node/3037426866",
        "name": "Ladde Gore",
        "place": "village"
      },
      "geometry": {
        "type": "Point",
        "coordinates": [
          13.8525199,
          9.27369
        ]
      },
      "id": "node/3037426866"
    },
    {
      "type": "Feature",
      "properties": {
        "@id": "node/3037426868",
        "name": "Lafiari",
        "place": "village"
      },
      "geometry": {
        "type": "Point",
        "coordinates": [
          12.9390532,
          8.9554524
        ]
      },
      "id": "node/3037426868"
    },
    {
      "type": "Feature",
      "properties": {
        "@id": "node/3037426869",
        "name": "Lagam",
        "place": "village"
      },
      "geometry": {
        "type": "Point",
        "coordinates": [
          13.66236,
          9.4824601
        ]
      },
      "id": "node/3037426869"
    },
    {
      "type": "Feature",
      "properties": {
        "@id": "node/3037426870",
        "name": "Lagdo 2",
        "name:ar": "لاغدو 2",
        "place": "village"
      },
      "geometry": {
        "type": "Point",
        "coordinates": [
          13.6554901,
          9.05924
        ]
      },
      "id": "node/3037426870"
    },
    {
      "type": "Feature",
      "properties": {
        "@id": "node/3037426871",
        "name": "Lagdo Mafa",
        "place": "village"
      },
      "geometry": {
        "type": "Point",
        "coordinates": [
          13.675167,
          9.0648329
        ]
      },
      "id": "node/3037426871"
    },
    {
      "type": "Feature",
      "properties": {
        "@id": "node/3037426873",
        "name": "Laggaye 1",
        "place": "village"
      },
      "geometry": {
        "type": "Point",
        "coordinates": [
          15.3580799,
          7.72753
        ]
      },
      "id": "node/3037426873"
    },
    {
      "type": "Feature",
      "properties": {
        "@id": "node/3037426874",
        "name": "Laggaye 2",
        "place": "village"
      },
      "geometry": {
        "type": "Point",
        "coordinates": [
          15.35346,
          7.71392
        ]
      },
      "id": "node/3037426874"
    },
    {
      "type": "Feature",
      "properties": {
        "@id": "node/3037426875",
        "name": "Laggoye",
        "place": "village"
      },
      "geometry": {
        "type": "Point",
        "coordinates": [
          14.854147,
          7.8775636
        ]
      },
      "id": "node/3037426875"
    },
    {
      "type": "Feature",
      "properties": {
        "@id": "node/3037426876",
        "name": "Lahirdohi",
        "place": "village"
      },
      "geometry": {
        "type": "Point",
        "coordinates": [
          14.2610395,
          8.9486485
        ]
      },
      "id": "node/3037426876"
    },
    {
      "type": "Feature",
      "properties": {
        "@id": "node/3037426877",
        "name": "Lainde Balda",
        "place": "village"
      },
      "geometry": {
        "type": "Point",
        "coordinates": [
          13.5435701,
          9.07732
        ]
      },
      "id": "node/3037426877"
    },
    {
      "type": "Feature",
      "properties": {
        "@id": "node/3037426878",
        "name": "Lainde Bame",
        "place": "village"
      },
      "geometry": {
        "type": "Point",
        "coordinates": [
          13.5506498,
          9.0452799
        ]
      },
      "id": "node/3037426878"
    },
    {
      "type": "Feature",
      "properties": {
        "@id": "node/3037426879",
        "name": "Lainde Djaoule",
        "place": "village"
      },
      "geometry": {
        "type": "Point",
        "coordinates": [
          14.2652498,
          9.1945399
        ]
      },
      "id": "node/3037426879"
    },
    {
      "type": "Feature",
      "properties": {
        "@id": "node/3037426880",
        "fixme": "no imagery",
        "name": "Lainde Djika",
        "place": "village"
      },
      "geometry": {
        "type": "Point",
        "coordinates": [
          13.4718098,
          9.1131199
        ]
      },
      "id": "node/3037426880"
    },
    {
      "type": "Feature",
      "properties": {
        "@id": "node/3037426882",
        "fixme": "no imagery",
        "name": "Lainde",
        "place": "village"
      },
      "geometry": {
        "type": "Point",
        "coordinates": [
          13.4689799,
          9.8354399
        ]
      },
      "id": "node/3037426882"
    },
    {
      "type": "Feature",
      "properties": {
        "@id": "node/3037426883",
        "name": "Lainde_kawtal",
        "place": "village"
      },
      "geometry": {
        "type": "Point",
        "coordinates": [
          13.4676389,
          9.0956499
        ]
      },
      "id": "node/3037426883"
    },
    {
      "type": "Feature",
      "properties": {
        "@id": "node/3037426886",
        "name": "Lakare",
        "place": "village"
      },
      "geometry": {
        "type": "Point",
        "coordinates": [
          13.5088891,
          9.0436391
        ]
      },
      "id": "node/3037426886"
    },
    {
      "type": "Feature",
      "properties": {
        "@id": "node/3037426888",
        "name": "Lakawar",
        "place": "village"
      },
      "geometry": {
        "type": "Point",
        "coordinates": [
          13.8617119,
          10.060007
        ]
      },
      "id": "node/3037426888"
    },
    {
      "type": "Feature",
      "properties": {
        "@id": "node/3037426890",
        "name": "Lam",
        "place": "village"
      },
      "geometry": {
        "type": "Point",
        "coordinates": [
          13.91288,
          9.588
        ]
      },
      "id": "node/3037426890"
    },
    {
      "type": "Feature",
      "properties": {
        "@id": "node/3037426891",
        "name": "Lam_centre",
        "place": "village"
      },
      "geometry": {
        "type": "Point",
        "coordinates": [
          14.130338,
          10.069975
        ]
      },
      "id": "node/3037426891"
    },
    {
      "type": "Feature",
      "properties": {
        "@id": "node/3037426894",
        "name": "Lamoudan",
        "place": "village"
      },
      "geometry": {
        "type": "Point",
        "coordinates": [
          13.5295376,
          8.9710135
        ]
      },
      "id": "node/3037426894"
    },
    {
      "type": "Feature",
      "properties": {
        "@id": "node/3037426895",
        "name": "Lamounguel Foulbe",
        "place": "village"
      },
      "geometry": {
        "type": "Point",
        "coordinates": [
          14.4390899,
          8.95924
        ]
      },
      "id": "node/3037426895"
    },
    {
      "type": "Feature",
      "properties": {
        "@id": "node/3037426896",
        "name": "Lammouguel Lame",
        "place": "village"
      },
      "geometry": {
        "type": "Point",
        "coordinates": [
          14.4548899,
          8.97267
        ]
      },
      "id": "node/3037426896"
    },
    {
      "type": "Feature",
      "properties": {
        "@id": "node/3037426897",
        "name": "Landou",
        "place": "village"
      },
      "geometry": {
        "type": "Point",
        "coordinates": [
          14.346869,
          8.540137
        ]
      },
      "id": "node/3037426897"
    },
    {
      "type": "Feature",
      "properties": {
        "@id": "node/3037426900",
        "name": "Langui Be",
        "place": "village"
      },
      "geometry": {
        "type": "Point",
        "coordinates": [
          13.6321402,
          9.34311
        ]
      },
      "id": "node/3037426900"
    },
    {
      "type": "Feature",
      "properties": {
        "@id": "node/3037426901",
        "name": "Langui Tcheboa",
        "place": "village"
      },
      "geometry": {
        "type": "Point",
        "coordinates": [
          13.6336601,
          9.3251301
        ]
      },
      "id": "node/3037426901"
    },
    {
      "type": "Feature",
      "properties": {
        "@id": "node/3037426902",
        "name": "Langui",
        "place": "village"
      },
      "geometry": {
        "type": "Point",
        "coordinates": [
          13.6002802,
          9.3340599
        ]
      },
      "id": "node/3037426902"
    },
    {
      "type": "Feature",
      "properties": {
        "@id": "node/3037426904",
        "name": "Laodjougoye",
        "place": "village"
      },
      "geometry": {
        "type": "Point",
        "coordinates": [
          15.0611699,
          8.1014
        ]
      },
      "id": "node/3037426904"
    },
    {
      "type": "Feature",
      "properties": {
        "@id": "node/3037426905",
        "name": "Laopouing",
        "place": "village"
      },
      "geometry": {
        "type": "Point",
        "coordinates": [
          15.0566699,
          8.46199
        ]
      },
      "id": "node/3037426905"
    },
    {
      "type": "Feature",
      "properties": {
        "@id": "node/3037426906",
        "name": "Laoudjouhai 1",
        "place": "village"
      },
      "geometry": {
        "type": "Point",
        "coordinates": [
          15.4067699,
          7.7933901
        ]
      },
      "id": "node/3037426906"
    },
    {
      "type": "Feature",
      "properties": {
        "@id": "node/3037426907",
        "name": "Laoudjouhai 2",
        "place": "village"
      },
      "geometry": {
        "type": "Point",
        "coordinates": [
          15.41812,
          7.79374
        ]
      },
      "id": "node/3037426907"
    },
    {
      "type": "Feature",
      "properties": {
        "@id": "node/3037426908",
        "name": "Laoudjouhai_1",
        "place": "village"
      },
      "geometry": {
        "type": "Point",
        "coordinates": [
          15.40683,
          7.79158
        ]
      },
      "id": "node/3037426908"
    },
    {
      "type": "Feature",
      "properties": {
        "@id": "node/3037426909",
        "name": "Laoukary",
        "place": "village"
      },
      "geometry": {
        "type": "Point",
        "coordinates": [
          15.452622,
          7.5476041
        ]
      },
      "id": "node/3037426909"
    },
    {
      "type": "Feature",
      "properties": {
        "@id": "node/3037426910",
        "name": "Laouninga",
        "place": "village"
      },
      "geometry": {
        "type": "Point",
        "coordinates": [
          14.9148299,
          7.8637501
        ]
      },
      "id": "node/3037426910"
    },
    {
      "type": "Feature",
      "properties": {
        "@id": "node/3037426911",
        "name": "Lara",
        "place": "village"
      },
      "geometry": {
        "type": "Point",
        "coordinates": [
          15.18179,
          8.0047701
        ]
      },
      "id": "node/3037426911"
    },
    {
      "type": "Feature",
      "properties": {
        "@id": "node/3037426912",
        "name": "Larakoussini",
        "place": "village"
      },
      "geometry": {
        "type": "Point",
        "coordinates": [
          15.5072002,
          7.78257
        ]
      },
      "id": "node/3037426912"
    },
    {
      "type": "Feature",
      "properties": {
        "@id": "node/3037426913",
        "name": "Larback",
        "place": "village"
      },
      "geometry": {
        "type": "Point",
        "coordinates": [
          13.9146401,
          10.0518
        ]
      },
      "id": "node/3037426913"
    },
    {
      "type": "Feature",
      "properties": {
        "@id": "node/3037426914",
        "name": "Laria",
        "place": "village"
      },
      "geometry": {
        "type": "Point",
        "coordinates": [
          13.3452698,
          9.90267
        ]
      },
      "id": "node/3037426914"
    },
    {
      "type": "Feature",
      "properties": {
        "@id": "node/3037426915",
        "name": "Larki",
        "place": "village"
      },
      "geometry": {
        "type": "Point",
        "coordinates": [
          14.0244199,
          8.51885
        ]
      },
      "id": "node/3037426915"
    },
    {
      "type": "Feature",
      "properties": {
        "@id": "node/3037426916",
        "name": "Laro",
        "place": "village"
      },
      "geometry": {
        "type": "Point",
        "coordinates": [
          12.3149255,
          8.2870406
        ]
      },
      "id": "node/3037426916"
    },
    {
      "type": "Feature",
      "properties": {
        "@id": "node/3037426917",
        "name": "Lawa Adi",
        "place": "village"
      },
      "geometry": {
        "type": "Point",
        "coordinates": [
          14.0113509,
          9.2784053
        ]
      },
      "id": "node/3037426917"
    },
    {
      "type": "Feature",
      "properties": {
        "@id": "node/3037426918",
        "name": "Libing",
        "place": "village"
      },
      "geometry": {
        "type": "Point",
        "coordinates": [
          14.0059341,
          9.324074
        ]
      },
      "id": "node/3037426918"
    },
    {
      "type": "Feature",
      "properties": {
        "@id": "node/3037426922",
        "name": "Lerka",
        "place": "village"
      },
      "geometry": {
        "type": "Point",
        "coordinates": [
          14.240211,
          9.0600739
        ]
      },
      "id": "node/3037426922"
    },
    {
      "type": "Feature",
      "properties": {
        "@id": "node/3037426924",
        "name": "Leunda",
        "place": "village"
      },
      "geometry": {
        "type": "Point",
        "coordinates": [
          13.5631081,
          7.9951809
        ]
      },
      "id": "node/3037426924"
    },
    {
      "type": "Feature",
      "properties": {
        "@id": "node/3037426925",
        "name": "Boderi Pitinaol",
        "place": "village"
      },
      "geometry": {
        "type": "Point",
        "coordinates": [
          13.9482477,
          8.9118257
        ]
      },
      "id": "node/3037426925"
    },
    {
      "type": "Feature",
      "properties": {
        "@id": "node/3037426926",
        "name": "Libatmi",
        "place": "village"
      },
      "geometry": {
        "type": "Point",
        "coordinates": [
          14.21564,
          8.83353
        ]
      },
      "id": "node/3037426926"
    },
    {
      "type": "Feature",
      "properties": {
        "@id": "node/3037426928",
        "name": "Lombel",
        "place": "village"
      },
      "geometry": {
        "type": "Point",
        "coordinates": [
          13.8410662,
          9.7474159
        ]
      },
      "id": "node/3037426928"
    },
    {
      "type": "Feature",
      "properties": {
        "@id": "node/3037426929",
        "name": "Lombo",
        "place": "village"
      },
      "geometry": {
        "type": "Point",
        "coordinates": [
          13.9241902,
          9.26302
        ]
      },
      "id": "node/3037426929"
    },
    {
      "type": "Feature",
      "properties": {
        "@id": "node/3037426930",
        "name": "Lominguel",
        "place": "village"
      },
      "geometry": {
        "type": "Point",
        "coordinates": [
          13.7811899,
          9.53284
        ]
      },
      "id": "node/3037426930"
    },
    {
      "type": "Feature",
      "properties": {
        "@id": "node/3037426931",
        "name": "Lomoudou",
        "place": "village"
      },
      "geometry": {
        "type": "Point",
        "coordinates": [
          13.347639,
          9.3929999
        ]
      },
      "id": "node/3037426931"
    },
    {
      "type": "Feature",
      "properties": {
        "@id": "node/3037426932",
        "name": "Longo 2",
        "place": "village"
      },
      "geometry": {
        "type": "Point",
        "coordinates": [
          13.4053402,
          9.07116
        ]
      },
      "id": "node/3037426932"
    },
    {
      "type": "Feature",
      "properties": {
        "@id": "node/3037426933",
        "fixme": "no imagery",
        "name": "Longo_1",
        "place": "village"
      },
      "geometry": {
        "type": "Point",
        "coordinates": [
          13.4555969,
          8.9686439
        ]
      },
      "id": "node/3037426933"
    },
    {
      "type": "Feature",
      "properties": {
        "@id": "node/3037426934",
        "name": "Loppere",
        "place": "village"
      },
      "geometry": {
        "type": "Point",
        "coordinates": [
          13.675234,
          9.4959671
        ]
      },
      "id": "node/3037426934"
    },
    {
      "type": "Feature",
      "properties": {
        "@id": "node/3037426935",
        "name": "Loubol",
        "place": "village"
      },
      "geometry": {
        "type": "Point",
        "coordinates": [
          15.342098,
          7.453502
        ]
      },
      "id": "node/3037426935"
    },
    {
      "type": "Feature",
      "properties": {
        "@id": "node/3037426938",
        "name": "Mayo Keredji",
        "place": "village"
      },
      "geometry": {
        "type": "Point",
        "coordinates": [
          14.3515034,
          9.1213854
        ]
      },
      "id": "node/3037426938"
    },
    {
      "type": "Feature",
      "properties": {
        "@id": "node/3037426939",
        "name": "Lougga Tchabbal",
        "place": "village"
      },
      "geometry": {
        "type": "Point",
        "coordinates": [
          14.3503092,
          9.1303992
        ]
      },
      "id": "node/3037426939"
    },
    {
      "type": "Feature",
      "properties": {
        "@id": "node/3037426940",
        "name": "Lougol",
        "place": "village"
      },
      "geometry": {
        "type": "Point",
        "coordinates": [
          13.5258401,
          9.03102
        ]
      },
      "id": "node/3037426940"
    },
    {
      "type": "Feature",
      "properties": {
        "@id": "node/3037426941",
        "name": "Lougounde 1",
        "place": "village"
      },
      "geometry": {
        "type": "Point",
        "coordinates": [
          13.0744102,
          9.0088501
        ]
      },
      "id": "node/3037426941"
    },
    {
      "type": "Feature",
      "properties": {
        "@id": "node/3037426942",
        "name": "Lougounde 2",
        "place": "village"
      },
      "geometry": {
        "type": "Point",
        "coordinates": [
          13.0745902,
          9.00753
        ]
      },
      "id": "node/3037426942"
    },
    {
      "type": "Feature",
      "properties": {
        "@id": "node/3037426943",
        "name": "Louguere Dawai",
        "place": "village"
      },
      "geometry": {
        "type": "Point",
        "coordinates": [
          14.0651548,
          10.1056579
        ]
      },
      "id": "node/3037426943"
    },
    {
      "type": "Feature",
      "properties": {
        "@id": "node/3037426944",
        "name": "Louguere Foulbe",
        "place": "village"
      },
      "geometry": {
        "type": "Point",
        "coordinates": [
          13.81,
          9.932
        ]
      },
      "id": "node/3037426944"
    },
    {
      "type": "Feature",
      "properties": {
        "@id": "node/3037426945",
        "name": "Louguere Magadji",
        "place": "village"
      },
      "geometry": {
        "type": "Point",
        "coordinates": [
          13.8859999,
          9.939
        ]
      },
      "id": "node/3037426945"
    },
    {
      "type": "Feature",
      "properties": {
        "@id": "node/3037426946",
        "name": "Louguere Sali",
        "place": "village"
      },
      "geometry": {
        "type": "Point",
        "coordinates": [
          13.8615718,
          9.9340396
        ]
      },
      "id": "node/3037426946"
    },
    {
      "type": "Feature",
      "properties": {
        "@id": "node/3037426948",
        "name": "Louguere Walla",
        "place": "village"
      },
      "geometry": {
        "type": "Point",
        "coordinates": [
          13.7708667,
          9.9297702
        ]
      },
      "id": "node/3037426948"
    },
    {
      "type": "Feature",
      "properties": {
        "@id": "node/3037426951",
        "name": "Louguere",
        "place": "village"
      },
      "geometry": {
        "type": "Point",
        "coordinates": [
          15.2179898,
          8.1309801
        ]
      },
      "id": "node/3037426951"
    },
    {
      "type": "Feature",
      "properties": {
        "@id": "node/3037426955",
        "name": "Louguereo",
        "place": "village"
      },
      "geometry": {
        "type": "Point",
        "coordinates": [
          13.70574,
          9.33156
        ]
      },
      "id": "node/3037426955"
    },
    {
      "type": "Feature",
      "properties": {
        "@id": "node/3037426956",
        "name": "Louinde",
        "place": "village"
      },
      "geometry": {
        "type": "Point",
        "coordinates": [
          13.5766919,
          9.4427549
        ]
      },
      "id": "node/3037426956"
    },
    {
      "type": "Feature",
      "properties": {
        "@id": "node/3037426957",
        "name": "Loumbol",
        "place": "village"
      },
      "geometry": {
        "type": "Point",
        "coordinates": [
          13.54333,
          9.34848
        ]
      },
      "id": "node/3037426957"
    },
    {
      "type": "Feature",
      "properties": {
        "@id": "node/3037426959",
        "name": "Madakamna",
        "place": "village"
      },
      "geometry": {
        "type": "Point",
        "coordinates": [
          14.07496,
          9.86503
        ]
      },
      "id": "node/3037426959"
    },
    {
      "type": "Feature",
      "properties": {
        "@id": "node/3037426961",
        "name": "Madingrin_1",
        "place": "town"
      },
      "geometry": {
        "type": "Point",
        "coordinates": [
          15.004305,
          8.452083
        ]
      },
      "id": "node/3037426961"
    },
    {
      "type": "Feature",
      "properties": {
        "@id": "node/3037426962",
        "name": "Madingrin_3",
        "place": "village"
      },
      "geometry": {
        "type": "Point",
        "coordinates": [
          15.004305,
          8.4580559
        ]
      },
      "id": "node/3037426962"
    },
    {
      "type": "Feature",
      "properties": {
        "@id": "node/3037426963",
        "name": "Madjolde",
        "place": "village"
      },
      "geometry": {
        "type": "Point",
        "coordinates": [
          14.0236999,
          9.50555
        ]
      },
      "id": "node/3037426963"
    },
    {
      "type": "Feature",
      "properties": {
        "@id": "node/3037426964",
        "name": "Madjolde",
        "place": "village"
      },
      "geometry": {
        "type": "Point",
        "coordinates": [
          14.0238421,
          9.5056681
        ]
      },
      "id": "node/3037426964"
    },
    {
      "type": "Feature",
      "properties": {
        "@id": "node/3037426965",
        "name": "Wouabo",
        "place": "village"
      },
      "geometry": {
        "type": "Point",
        "coordinates": [
          13.6487813,
          8.7555892
        ]
      },
      "id": "node/3037426965"
    },
    {
      "type": "Feature",
      "properties": {
        "@id": "node/3037426966",
        "name": "Mafa Kilda",
        "place": "village"
      },
      "geometry": {
        "type": "Point",
        "coordinates": [
          13.4998499,
          9.19912
        ]
      },
      "id": "node/3037426966"
    },
    {
      "type": "Feature",
      "properties": {
        "@id": "node/3037426967",
        "name": "Mafa_bacheo",
        "place": "village"
      },
      "geometry": {
        "type": "Point",
        "coordinates": [
          13.3795069,
          9.667309
        ]
      },
      "id": "node/3037426967"
    },
    {
      "type": "Feature",
      "properties": {
        "@id": "node/3037426969",
        "name": "Mafale",
        "place": "village"
      },
      "geometry": {
        "type": "Point",
        "coordinates": [
          14.09872,
          9.50241
        ]
      },
      "id": "node/3037426969"
    },
    {
      "type": "Feature",
      "properties": {
        "@id": "node/3037426972",
        "name": "Mairoum",
        "place": "village"
      },
      "geometry": {
        "type": "Point",
        "coordinates": [
          15.0505499,
          8.6549
        ]
      },
      "id": "node/3037426972"
    },
    {
      "type": "Feature",
      "properties": {
        "@id": "node/3037426973",
        "name": "Maissanda",
        "place": "village"
      },
      "geometry": {
        "type": "Point",
        "coordinates": [
          13.9749998,
          9.80364
        ]
      },
      "id": "node/3037426973"
    },
    {
      "type": "Feature",
      "properties": {
        "@id": "node/3037426974",
        "name": "Maissanou",
        "place": "village"
      },
      "geometry": {
        "type": "Point",
        "coordinates": [
          13.404105,
          9.1796719
        ]
      },
      "id": "node/3037426974"
    },
    {
      "type": "Feature",
      "properties": {
        "@id": "node/3037426976",
        "name": "Makassele",
        "place": "village"
      },
      "geometry": {
        "type": "Point",
        "coordinates": [
          14.0212501,
          9.5795401
        ]
      },
      "id": "node/3037426976"
    },
    {
      "type": "Feature",
      "properties": {
        "@id": "node/3037426977",
        "name": "Malambali",
        "place": "village"
      },
      "geometry": {
        "type": "Point",
        "coordinates": [
          15.1367299,
          8.05653
        ]
      },
      "id": "node/3037426977"
    },
    {
      "type": "Feature",
      "properties": {
        "@id": "node/3037426979",
        "name": "Malape",
        "place": "village"
      },
      "geometry": {
        "type": "Point",
        "coordinates": [
          13.1470801,
          9.22477
        ]
      },
      "id": "node/3037426979"
    },
    {
      "type": "Feature",
      "properties": {
        "@id": "node/3037426980",
        "name": "Maliki_longo",
        "place": "village"
      },
      "geometry": {
        "type": "Point",
        "coordinates": [
          13.0307,
          8.8172
        ]
      },
      "id": "node/3037426980"
    },
    {
      "type": "Feature",
      "properties": {
        "@id": "node/3037426982",
        "name": "Malkaigue",
        "place": "village"
      },
      "geometry": {
        "type": "Point",
        "coordinates": [
          13.8907699,
          9.0377899
        ]
      },
      "id": "node/3037426982"
    },
    {
      "type": "Feature",
      "properties": {
        "@id": "node/3037426983",
        "name": "Mallia",
        "place": "village"
      },
      "geometry": {
        "type": "Point",
        "coordinates": [
          13.8157402,
          9.8235101
        ]
      },
      "id": "node/3037426983"
    },
    {
      "type": "Feature",
      "properties": {
        "@id": "node/3037426984",
        "name": "Malmas",
        "place": "village"
      },
      "geometry": {
        "type": "Point",
        "coordinates": [
          14.0305799,
          10.0367199
        ]
      },
      "id": "node/3037426984"
    },
    {
      "type": "Feature",
      "properties": {
        "@id": "node/3037426985",
        "name": "Malouwey",
        "place": "village"
      },
      "geometry": {
        "type": "Point",
        "coordinates": [
          13.9966145,
          10.0284793
        ]
      },
      "id": "node/3037426985"
    },
    {
      "type": "Feature",
      "properties": {
        "@id": "node/3037426987",
        "name": "Mamboum",
        "place": "village"
      },
      "geometry": {
        "type": "Point",
        "coordinates": [
          14.9023598,
          8.2292
        ]
      },
      "id": "node/3037426987"
    },
    {
      "type": "Feature",
      "properties": {
        "@id": "node/3037426989",
        "name": "Manang",
        "place": "village"
      },
      "geometry": {
        "type": "Point",
        "coordinates": [
          13.50769,
          9.1815701
        ]
      },
      "id": "node/3037426989"
    },
    {
      "type": "Feature",
      "properties": {
        "@id": "node/3037426990",
        "alt_name": "Manangna;Managna",
        "name": "Mananya",
        "place": "village"
      },
      "geometry": {
        "type": "Point",
        "coordinates": [
          14.4613732,
          8.3639751
        ]
      },
      "id": "node/3037426990"
    },
    {
      "type": "Feature",
      "properties": {
        "@id": "node/3037426992",
        "name": "Mandama",
        "place": "village"
      },
      "geometry": {
        "type": "Point",
        "coordinates": [
          13.707,
          10.1349999
        ]
      },
      "id": "node/3037426992"
    },
    {
      "type": "Feature",
      "properties": {
        "@id": "node/3037426994",
        "name": "Mandjimi",
        "place": "village"
      },
      "geometry": {
        "type": "Point",
        "coordinates": [
          14.2073647,
          9.275544
        ]
      },
      "id": "node/3037426994"
    },
    {
      "type": "Feature",
      "properties": {
        "@id": "node/3037426995",
        "name": "Mandjola 3",
        "place": "village"
      },
      "geometry": {
        "type": "Point",
        "coordinates": [
          13.8899401,
          9.41913
        ]
      },
      "id": "node/3037426995"
    },
    {
      "type": "Feature",
      "properties": {
        "@id": "node/3037426996",
        "name": "Mandjola",
        "place": "village"
      },
      "geometry": {
        "type": "Point",
        "coordinates": [
          13.89605,
          9.4175199
        ]
      },
      "id": "node/3037426996"
    },
    {
      "type": "Feature",
      "properties": {
        "@id": "node/3037426997",
        "name": "Mandjola_2",
        "place": "village"
      },
      "geometry": {
        "type": "Point",
        "coordinates": [
          13.8966941,
          9.4167219
        ]
      },
      "id": "node/3037426997"
    },
    {
      "type": "Feature",
      "properties": {
        "@id": "node/3037427000",
        "name": "Mandy",
        "place": "village"
      },
      "geometry": {
        "type": "Point",
        "coordinates": [
          14.9841299,
          8.3035
        ]
      },
      "id": "node/3037427000"
    },
    {
      "type": "Feature",
      "properties": {
        "@id": "node/3037427001",
        "name": "Mane",
        "place": "village"
      },
      "geometry": {
        "type": "Point",
        "coordinates": [
          15.3093899,
          7.76608
        ]
      },
      "id": "node/3037427001"
    },
    {
      "type": "Feature",
      "properties": {
        "@id": "node/3037427002",
        "name": "Mane",
        "place": "village"
      },
      "geometry": {
        "type": "Point",
        "coordinates": [
          14.1611699,
          8.39437
        ]
      },
      "id": "node/3037427002"
    },
    {
      "type": "Feature",
      "properties": {
        "@id": "node/3037427003",
        "name": "Mane_2",
        "place": "village"
      },
      "geometry": {
        "type": "Point",
        "coordinates": [
          14.161028,
          8.3930001
        ]
      },
      "id": "node/3037427003"
    },
    {
      "type": "Feature",
      "properties": {
        "@id": "node/3037427004",
        "name": "Mangalbaya",
        "place": "village"
      },
      "geometry": {
        "type": "Point",
        "coordinates": [
          13.8438978,
          9.6825365
        ]
      },
      "id": "node/3037427004"
    },
    {
      "type": "Feature",
      "properties": {
        "@id": "node/3037427008",
        "name": "Manguenwa",
        "place": "village"
      },
      "geometry": {
        "type": "Point",
        "coordinates": [
          13.7135239,
          8.3923169
        ]
      },
      "id": "node/3037427008"
    },
    {
      "type": "Feature",
      "properties": {
        "@id": "node/3037427010",
        "fixme": "no imagery",
        "name": "Manou",
        "place": "village"
      },
      "geometry": {
        "type": "Point",
        "coordinates": [
          12.9738611,
          8.406111
        ]
      },
      "id": "node/3037427010"
    },
    {
      "type": "Feature",
      "properties": {
        "@id": "node/3037427011",
        "name": "Maradi",
        "place": "village"
      },
      "geometry": {
        "type": "Point",
        "coordinates": [
          14.1530281,
          8.512361
        ]
      },
      "id": "node/3037427011"
    },
    {
      "type": "Feature",
      "properties": {
        "@id": "node/3037427012",
        "name": "Marba",
        "place": "village"
      },
      "geometry": {
        "type": "Point",
        "coordinates": [
          13.2763372,
          8.4579524
        ]
      },
      "id": "node/3037427012"
    },
    {
      "type": "Feature",
      "properties": {
        "@id": "node/3037427013",
        "name": "Marba",
        "place": "village"
      },
      "geometry": {
        "type": "Point",
        "coordinates": [
          13.3898321,
          9.164369
        ]
      },
      "id": "node/3037427013"
    },
    {
      "type": "Feature",
      "properties": {
        "@id": "node/3037427015",
        "name": "Maria Riake",
        "place": "village"
      },
      "geometry": {
        "type": "Point",
        "coordinates": [
          14.0562936,
          9.9079318
        ]
      },
      "id": "node/3037427015"
    },
    {
      "type": "Feature",
      "properties": {
        "@id": "node/3037427016",
        "name": "Maroum",
        "place": "village"
      },
      "geometry": {
        "type": "Point",
        "coordinates": [
          14.59498,
          8.05606
        ]
      },
      "id": "node/3037427016"
    },
    {
      "type": "Feature",
      "properties": {
        "@id": "node/3037427018",
        "name": "Massabay",
        "place": "village"
      },
      "geometry": {
        "type": "Point",
        "coordinates": [
          13.6684597,
          10.1105984
        ]
      },
      "id": "node/3037427018"
    },
    {
      "type": "Feature",
      "properties": {
        "@id": "node/3037427020",
        "name": "Massy",
        "place": "village"
      },
      "geometry": {
        "type": "Point",
        "coordinates": [
          14.85553,
          8.2837499
        ]
      },
      "id": "node/3037427020"
    },
    {
      "type": "Feature",
      "properties": {
        "@id": "node/3037427021",
        "name": "Mata Mada",
        "place": "village"
      },
      "geometry": {
        "type": "Point",
        "coordinates": [
          15.3276001,
          8.0257601
        ]
      },
      "id": "node/3037427021"
    },
    {
      "type": "Feature",
      "properties": {
        "@id": "node/3037427022",
        "name": "Matafal",
        "place": "village"
      },
      "geometry": {
        "type": "Point",
        "coordinates": [
          14.0318732,
          10.1016631
        ]
      },
      "id": "node/3037427022"
    },
    {
      "type": "Feature",
      "properties": {
        "@id": "node/3037427024",
        "name": "Matalao",
        "place": "village"
      },
      "geometry": {
        "type": "Point",
        "coordinates": [
          13.7018999,
          10.18815
        ]
      },
      "id": "node/3037427024"
    },
    {
      "type": "Feature",
      "properties": {
        "@id": "node/3037427026",
        "name": "Matsiri",
        "place": "village"
      },
      "geometry": {
        "type": "Point",
        "coordinates": [
          14.1113498,
          9.49592
        ]
      },
      "id": "node/3037427026"
    },
    {
      "type": "Feature",
      "properties": {
        "@id": "node/3037427029",
        "name": "Mawaila",
        "place": "village"
      },
      "geometry": {
        "type": "Point",
        "coordinates": [
          14.8855702,
          8.24285
        ]
      },
      "id": "node/3037427029"
    },
    {
      "type": "Feature",
      "properties": {
        "@id": "node/3037427030",
        "name": "Mayel Danfang",
        "place": "village"
      },
      "geometry": {
        "type": "Point",
        "coordinates": [
          13.9037234,
          9.7573671
        ]
      },
      "id": "node/3037427030"
    },
    {
      "type": "Feature",
      "properties": {
        "@id": "node/3037427032",
        "name": "Mayel Mairi",
        "place": "village"
      },
      "geometry": {
        "type": "Point",
        "coordinates": [
          13.6052302,
          9.8235999
        ]
      },
      "id": "node/3037427032"
    },
    {
      "type": "Feature",
      "properties": {
        "@id": "node/3037427034",
        "name": "Mayel Poli",
        "place": "village"
      },
      "geometry": {
        "type": "Point",
        "coordinates": [
          13.8555518,
          9.8819039
        ]
      },
      "id": "node/3037427034"
    },
    {
      "type": "Feature",
      "properties": {
        "@id": "node/3037427035",
        "name": "Mayel Somre",
        "place": "village"
      },
      "geometry": {
        "type": "Point",
        "coordinates": [
          13.7608797,
          10.1135493
        ]
      },
      "id": "node/3037427035"
    },
    {
      "type": "Feature",
      "properties": {
        "@id": "node/3037427036",
        "name": "Mayel_bainga",
        "place": "village"
      },
      "geometry": {
        "type": "Point",
        "coordinates": [
          13.9091029,
          9.840478
        ]
      },
      "id": "node/3037427036"
    },
    {
      "type": "Feature",
      "properties": {
        "@id": "node/3037427038",
        "name": "Mayel_dackoume",
        "place": "village"
      },
      "geometry": {
        "type": "Point",
        "coordinates": [
          13.85028,
          9.76495
        ]
      },
      "id": "node/3037427038"
    },
    {
      "type": "Feature",
      "properties": {
        "@id": "node/3037427040",
        "name": "Mayo Andala",
        "place": "village"
      },
      "geometry": {
        "type": "Point",
        "coordinates": [
          13.4364701,
          9.2043701
        ]
      },
      "id": "node/3037427040"
    },
    {
      "type": "Feature",
      "properties": {
        "@id": "node/3037427042",
        "name": "Mayo Barka",
        "place": "village"
      },
      "geometry": {
        "type": "Point",
        "coordinates": [
          13.8929101,
          9.29479
        ]
      },
      "id": "node/3037427042"
    },
    {
      "type": "Feature",
      "properties": {
        "@id": "node/3037427043",
        "name": "Mayo Djarendi",
        "place": "village"
      },
      "geometry": {
        "type": "Point",
        "coordinates": [
          13.6170101,
          9.07176
        ]
      },
      "id": "node/3037427043"
    },
    {
      "type": "Feature",
      "properties": {
        "@id": "node/3037427044",
        "name": "Mayo Djarendi",
        "place": "village"
      },
      "geometry": {
        "type": "Point",
        "coordinates": [
          13.3365446,
          9.2615052
        ]
      },
      "id": "node/3037427044"
    },
    {
      "type": "Feature",
      "properties": {
        "@id": "node/3037427045",
        "name": "Mayo Djarendji",
        "place": "town"
      },
      "geometry": {
        "type": "Point",
        "coordinates": [
          14.7863511,
          8.3753272
        ]
      },
      "id": "node/3037427045"
    },
    {
      "type": "Feature",
      "properties": {
        "@id": "node/3037427046",
        "name": "Mayo Djoi",
        "place": "village"
      },
      "geometry": {
        "type": "Point",
        "coordinates": [
          14.4403647,
          9.0469621
        ]
      },
      "id": "node/3037427046"
    },
    {
      "type": "Feature",
      "properties": {
        "@id": "node/3037427047",
        "name": "Mayo Doumsi",
        "place": "village"
      },
      "geometry": {
        "type": "Point",
        "coordinates": [
          13.2382699,
          9.5882101
        ]
      },
      "id": "node/3037427047"
    },
    {
      "type": "Feature",
      "properties": {
        "@id": "node/3037427048",
        "name": "Mayo Galke",
        "place": "village"
      },
      "geometry": {
        "type": "Point",
        "coordinates": [
          14.2339799,
          8.39241
        ]
      },
      "id": "node/3037427048"
    },
    {
      "type": "Feature",
      "properties": {
        "@id": "node/3037427049",
        "name": "Mayo Kewé",
        "place": "village"
      },
      "geometry": {
        "type": "Point",
        "coordinates": [
          13.9060457,
          10.2195449
        ]
      },
      "id": "node/3037427049"
    },
    {
      "type": "Feature",
      "properties": {
        "@id": "node/3037427050",
        "name": "Mayo Kolom",
        "place": "village"
      },
      "geometry": {
        "type": "Point",
        "coordinates": [
          15.2264498,
          8.05684
        ]
      },
      "id": "node/3037427050"
    },
    {
      "type": "Feature",
      "properties": {
        "@id": "node/3037427051",
        "name": "Mayo Kora",
        "place": "village"
      },
      "geometry": {
        "type": "Point",
        "coordinates": [
          13.9021128,
          9.6604346
        ]
      },
      "id": "node/3037427051"
    },
    {
      "type": "Feature",
      "properties": {
        "@id": "node/3037427052",
        "name": "Mayo Ladde",
        "place": "village"
      },
      "geometry": {
        "type": "Point",
        "coordinates": [
          15.2300099,
          7.9031
        ]
      },
      "id": "node/3037427052"
    },
    {
      "type": "Feature",
      "properties": {
        "@id": "node/3037427054",
        "name": "Mayo Lope",
        "place": "village"
      },
      "geometry": {
        "type": "Point",
        "coordinates": [
          13.44911,
          9.1297799
        ]
      },
      "id": "node/3037427054"
    },
    {
      "type": "Feature",
      "properties": {
        "@id": "node/3037427055",
        "name": "Mayo Lope",
        "place": "village"
      },
      "geometry": {
        "type": "Point",
        "coordinates": [
          14.239213,
          9.3500313
        ]
      },
      "id": "node/3037427055"
    },
    {
      "type": "Feature",
      "properties": {
        "@id": "node/3037427056",
        "name": "Mayo Loumas",
        "place": "village"
      },
      "geometry": {
        "type": "Point",
        "coordinates": [
          13.8414899,
          10.1613
        ]
      },
      "id": "node/3037427056"
    },
    {
      "type": "Feature",
      "properties": {
        "@id": "node/3037427058",
        "name": "Mayo Mbi_1",
        "place": "village"
      },
      "geometry": {
        "type": "Point",
        "coordinates": [
          15.3380599,
          7.9819301
        ]
      },
      "id": "node/3037427058"
    },
    {
      "type": "Feature",
      "properties": {
        "@id": "node/3037427059",
        "name": "Mayo Mbi_2",
        "place": "village"
      },
      "geometry": {
        "type": "Point",
        "coordinates": [
          15.3378698,
          7.9833699
        ]
      },
      "id": "node/3037427059"
    },
    {
      "type": "Feature",
      "properties": {
        "@id": "node/3037427060",
        "name": "Mayo Ndah",
        "place": "village"
      },
      "geometry": {
        "type": "Point",
        "coordinates": [
          15.2922701,
          8.099
        ]
      },
      "id": "node/3037427060"
    },
    {
      "type": "Feature",
      "properties": {
        "@id": "node/3037427061",
        "name": "Mayo Oulo",
        "place": "village"
      },
      "geometry": {
        "type": "Point",
        "coordinates": [
          13.7083259,
          10.0794891
        ]
      },
      "id": "node/3037427061"
    },
    {
      "type": "Feature",
      "properties": {
        "@id": "node/3037427062",
        "name": "Mayo Oulo",
        "place": "village"
      },
      "geometry": {
        "type": "Point",
        "coordinates": [
          12.9564299,
          8.87031
        ]
      },
      "id": "node/3037427062"
    },
    {
      "type": "Feature",
      "properties": {
        "@id": "node/3037427064",
        "name": "Mayo Oulo_bacheo",
        "place": "village"
      },
      "geometry": {
        "type": "Point",
        "coordinates": [
          13.6105099,
          9.87639
        ]
      },
      "id": "node/3037427064"
    },
    {
      "type": "Feature",
      "properties": {
        "@id": "node/3037427065",
        "name": "Mayo Oulo_palais",
        "place": "village"
      },
      "geometry": {
        "type": "Point",
        "coordinates": [
          13.6069099,
          9.9887901
        ]
      },
      "id": "node/3037427065"
    },
    {
      "type": "Feature",
      "properties": {
        "@id": "node/3037427066",
        "name": "Mayo Pari",
        "place": "village"
      },
      "geometry": {
        "type": "Point",
        "coordinates": [
          13.75385,
          9.3778
        ]
      },
      "id": "node/3037427066"
    },
    {
      "type": "Feature",
      "properties": {
        "@id": "node/3037427067",
        "name": "Mayo Sahel Ouro",
        "place": "village"
      },
      "geometry": {
        "type": "Point",
        "coordinates": [
          13.2777742,
          9.520793
        ]
      },
      "id": "node/3037427067"
    },
    {
      "type": "Feature",
      "properties": {
        "@id": "node/3037427068",
        "name": "Mayo Sahel",
        "place": "village"
      },
      "geometry": {
        "type": "Point",
        "coordinates": [
          13.2612781,
          9.5244364
        ]
      },
      "id": "node/3037427068"
    },
    {
      "type": "Feature",
      "properties": {
        "@id": "node/3037427069",
        "name": "Mayo Salah",
        "place": "village"
      },
      "geometry": {
        "type": "Point",
        "coordinates": [
          13.6519019,
          8.5075107
        ]
      },
      "id": "node/3037427069"
    },
    {
      "type": "Feature",
      "properties": {
        "@id": "node/3037427071",
        "name": "Mayo Sobre",
        "place": "village"
      },
      "geometry": {
        "type": "Point",
        "coordinates": [
          13.7597387,
          10.1168245
        ]
      },
      "id": "node/3037427071"
    },
    {
      "type": "Feature",
      "properties": {
        "@id": "node/3037427073",
        "name": "Mayo Wonde",
        "place": "village"
      },
      "geometry": {
        "type": "Point",
        "coordinates": [
          14.2096037,
          8.9438157
        ]
      },
      "id": "node/3037427073"
    },
    {
      "type": "Feature",
      "properties": {
        "@id": "node/3037427074",
        "name": "Mayo Zaki",
        "place": "village"
      },
      "geometry": {
        "type": "Point",
        "coordinates": [
          15.1464701,
          7.88354
        ]
      },
      "id": "node/3037427074"
    },
    {
      "type": "Feature",
      "properties": {
        "@id": "node/3037427075",
        "name": "Mayo Zaria_1",
        "place": "village"
      },
      "geometry": {
        "type": "Point",
        "coordinates": [
          15.2272102,
          8.01978
        ]
      },
      "id": "node/3037427075"
    },
    {
      "type": "Feature",
      "properties": {
        "@id": "node/3037427076",
        "name": "Mayo Zaria_2",
        "place": "village"
      },
      "geometry": {
        "type": "Point",
        "coordinates": [
          15.2262799,
          8.01682
        ]
      },
      "id": "node/3037427076"
    },
    {
      "type": "Feature",
      "properties": {
        "@id": "node/3037427077",
        "name": "Mayo_bangaye",
        "place": "village"
      },
      "geometry": {
        "type": "Point",
        "coordinates": [
          13.7243891,
          9.509139
        ]
      },
      "id": "node/3037427077"
    },
    {
      "type": "Feature",
      "properties": {
        "@id": "node/3037427078",
        "name": "Mayo_barka",
        "place": "village"
      },
      "geometry": {
        "type": "Point",
        "coordinates": [
          13.5705809,
          9.035545
        ]
      },
      "id": "node/3037427078"
    },
    {
      "type": "Feature",
      "properties": {
        "@id": "node/3037427079",
        "name": "Mayo_batsa",
        "place": "village"
      },
      "geometry": {
        "type": "Point",
        "coordinates": [
          14.20574,
          7.635228
        ]
      },
      "id": "node/3037427079"
    },
    {
      "type": "Feature",
      "properties": {
        "@id": "node/3037427080",
        "name": "Mayo_dadi",
        "place": "village"
      },
      "geometry": {
        "type": "Point",
        "coordinates": [
          13.4403779,
          9.203389
        ]
      },
      "id": "node/3037427080"
    },
    {
      "type": "Feature",
      "properties": {
        "@id": "node/3037427082",
        "name": "Mayo_galke_2",
        "place": "village"
      },
      "geometry": {
        "type": "Point",
        "coordinates": [
          14.2331108,
          8.391139
        ]
      },
      "id": "node/3037427082"
    },
    {
      "type": "Feature",
      "properties": {
        "@id": "node/3037427083",
        "name": "Mayo_guemzek",
        "place": "village"
      },
      "geometry": {
        "type": "Point",
        "coordinates": [
          14.3367689,
          7.6540451
        ]
      },
      "id": "node/3037427083"
    },
    {
      "type": "Feature",
      "properties": {
        "@id": "node/3037427085",
        "name": "Mayo_karlaye",
        "place": "village"
      },
      "geometry": {
        "type": "Point",
        "coordinates": [
          13.0434001,
          9.0255
        ]
      },
      "id": "node/3037427085"
    },
    {
      "type": "Feature",
      "properties": {
        "@id": "node/3037427086",
        "name": "Mayo Ketchel",
        "place": "village"
      },
      "geometry": {
        "type": "Point",
        "coordinates": [
          14.30231,
          9.1953469
        ]
      },
      "id": "node/3037427086"
    },
    {
      "type": "Feature",
      "properties": {
        "@id": "node/3037427087",
        "name": "Mayo_kewe",
        "place": "village"
      },
      "geometry": {
        "type": "Point",
        "coordinates": [
          14.013437,
          9.8350999
        ]
      },
      "id": "node/3037427087"
    },
    {
      "type": "Feature",
      "properties": {
        "@id": "node/3037427089",
        "name": "Mayo_lade_2",
        "place": "village"
      },
      "geometry": {
        "type": "Point",
        "coordinates": [
          15.2301938,
          7.901305
        ]
      },
      "id": "node/3037427089"
    },
    {
      "type": "Feature",
      "properties": {
        "@id": "node/3037427090",
        "fixme": "no imagery",
        "name": "Mayo_lampte",
        "place": "village"
      },
      "geometry": {
        "type": "Point",
        "coordinates": [
          12.888472,
          8.595389
        ]
      },
      "id": "node/3037427090"
    },
    {
      "type": "Feature",
      "properties": {
        "@id": "node/3037427091",
        "name": "Mayo_lebri",
        "place": "village"
      },
      "geometry": {
        "type": "Point",
        "coordinates": [
          13.7260559,
          9.500694
        ]
      },
      "id": "node/3037427091"
    },
    {
      "type": "Feature",
      "properties": {
        "@id": "node/3037427092",
        "name": "Mayo_loue",
        "place": "village"
      },
      "geometry": {
        "type": "Point",
        "coordinates": [
          13.973139,
          9.9523329
        ]
      },
      "id": "node/3037427092"
    },
    {
      "type": "Feature",
      "properties": {
        "@id": "node/3037427093",
        "name": "Mayo_oulo_sora",
        "place": "village"
      },
      "geometry": {
        "type": "Point",
        "coordinates": [
          13.6379599,
          9.9495201
        ]
      },
      "id": "node/3037427093"
    },
    {
      "type": "Feature",
      "properties": {
        "@id": "node/3037427096",
        "name": "Mayo_zaria_1",
        "place": "village"
      },
      "geometry": {
        "type": "Point",
        "coordinates": [
          15.227194,
          8.017889
        ]
      },
      "id": "node/3037427096"
    },
    {
      "type": "Feature",
      "properties": {
        "@id": "node/3037427100",
        "name": "Mbabi",
        "place": "village"
      },
      "geometry": {
        "type": "Point",
        "coordinates": [
          13.3007202,
          9.90144
        ]
      },
      "id": "node/3037427100"
    },
    {
      "type": "Feature",
      "properties": {
        "@id": "node/3037427101",
        "name": "Mbaga",
        "place": "village"
      },
      "geometry": {
        "type": "Point",
        "coordinates": [
          12.9682001,
          9.1966001
        ]
      },
      "id": "node/3037427101"
    },
    {
      "type": "Feature",
      "properties": {
        "@id": "node/3037427102",
        "name": "Mbailara",
        "place": "village"
      },
      "geometry": {
        "type": "Point",
        "coordinates": [
          15.27053,
          7.77158
        ]
      },
      "id": "node/3037427102"
    },
    {
      "type": "Feature",
      "properties": {
        "@id": "node/3037427103",
        "name": "Mbaka",
        "place": "village"
      },
      "geometry": {
        "type": "Point",
        "coordinates": [
          14.1708618,
          7.624752
        ]
      },
      "id": "node/3037427103"
    },
    {
      "type": "Feature",
      "properties": {
        "@id": "node/3037427104",
        "name": "Mbakana",
        "place": "village"
      },
      "geometry": {
        "type": "Point",
        "coordinates": [
          15.1459441,
          8.0456109
        ]
      },
      "id": "node/3037427104"
    },
    {
      "type": "Feature",
      "properties": {
        "@id": "node/3037427105",
        "name": "Mbakla",
        "place": "village"
      },
      "geometry": {
        "type": "Point",
        "coordinates": [
          15.03261,
          8.1504
        ]
      },
      "id": "node/3037427105"
    },
    {
      "type": "Feature",
      "properties": {
        "@id": "node/3037427106",
        "name": "Mbalainde",
        "place": "village"
      },
      "geometry": {
        "type": "Point",
        "coordinates": [
          15.4489201,
          7.7930199
        ]
      },
      "id": "node/3037427106"
    },
    {
      "type": "Feature",
      "properties": {
        "@id": "node/3037427107",
        "name": "Mbalare",
        "place": "village"
      },
      "geometry": {
        "type": "Point",
        "coordinates": [
          13.62128,
          9.36161
        ]
      },
      "id": "node/3037427107"
    },
    {
      "type": "Feature",
      "properties": {
        "@id": "node/3037427109",
        "name": "Mbaldjouk",
        "place": "village"
      },
      "geometry": {
        "type": "Point",
        "coordinates": [
          14.8927799,
          8.23761
        ]
      },
      "id": "node/3037427109"
    },
    {
      "type": "Feature",
      "properties": {
        "@id": "node/3037427110",
        "name": "Mbali",
        "place": "village"
      },
      "geometry": {
        "type": "Point",
        "coordinates": [
          15.3598471,
          7.6137241
        ]
      },
      "id": "node/3037427110"
    },
    {
      "type": "Feature",
      "properties": {
        "@id": "node/3037427113",
        "GNS:id": "-3152943",
        "name": "Mbang",
        "place": "town",
        "source": "GNS"
      },
      "geometry": {
        "type": "Point",
        "coordinates": [
          14.4761343,
          7.1650435
        ]
      },
      "id": "node/3037427113"
    },
    {
      "type": "Feature",
      "properties": {
        "@id": "node/3037427114",
        "name": "Mbang",
        "place": "village"
      },
      "geometry": {
        "type": "Point",
        "coordinates": [
          13.9483199,
          7.5929999
        ]
      },
      "id": "node/3037427114"
    },
    {
      "type": "Feature",
      "properties": {
        "@id": "node/3037427116",
        "name": "Mbao",
        "place": "village"
      },
      "geometry": {
        "type": "Point",
        "coordinates": [
          13.9905768,
          8.1381796
        ]
      },
      "id": "node/3037427116"
    },
    {
      "type": "Feature",
      "properties": {
        "@id": "node/3037427117",
        "name": "Mbaou",
        "place": "village"
      },
      "geometry": {
        "type": "Point",
        "coordinates": [
          13.6879999,
          10.0720001
        ]
      },
      "id": "node/3037427117"
    },
    {
      "type": "Feature",
      "properties": {
        "@id": "node/3037427118",
        "name": "Mbaoulari",
        "place": "village"
      },
      "geometry": {
        "type": "Point",
        "coordinates": [
          14.8012499,
          8.3477301
        ]
      },
      "id": "node/3037427118"
    },
    {
      "type": "Feature",
      "properties": {
        "@id": "node/3037427119",
        "name": "Mbara",
        "place": "village"
      },
      "geometry": {
        "type": "Point",
        "coordinates": [
          13.5728302,
          9.37771
        ]
      },
      "id": "node/3037427119"
    },
    {
      "type": "Feature",
      "properties": {
        "@id": "node/3037427122",
        "name": "Mbe",
        "place": "village"
      },
      "geometry": {
        "type": "Point",
        "coordinates": [
          13.672309,
          9.3183001
        ]
      },
      "id": "node/3037427122"
    },
    {
      "type": "Feature",
      "properties": {
        "@id": "node/3037427123",
        "name": "Mbeing 2",
        "place": "village"
      },
      "geometry": {
        "type": "Point",
        "coordinates": [
          14.8869698,
          7.87553
        ]
      },
      "id": "node/3037427123"
    },
    {
      "type": "Feature",
      "properties": {
        "@id": "node/3037427124",
        "name": "Mbeing_1",
        "place": "village"
      },
      "geometry": {
        "type": "Point",
        "coordinates": [
          14.8960631,
          7.8725368
        ]
      },
      "id": "node/3037427124"
    },
    {
      "type": "Feature",
      "properties": {
        "@id": "node/3037427125",
        "name": "Mbella",
        "place": "village"
      },
      "geometry": {
        "type": "Point",
        "coordinates": [
          13.5332528,
          8.571864
        ]
      },
      "id": "node/3037427125"
    },
    {
      "type": "Feature",
      "properties": {
        "@id": "node/3037427126",
        "name": "Mbella",
        "place": "village"
      },
      "geometry": {
        "type": "Point",
        "coordinates": [
          13.8277067,
          9.3533389
        ]
      },
      "id": "node/3037427126"
    },
    {
      "type": "Feature",
      "properties": {
        "@id": "node/3037427127",
        "name": "Mbem",
        "place": "village"
      },
      "geometry": {
        "type": "Point",
        "coordinates": [
          14.6363501,
          7.71013
        ]
      },
      "id": "node/3037427127"
    },
    {
      "type": "Feature",
      "properties": {
        "@id": "node/3037427128",
        "name": "Mbengui",
        "place": "village"
      },
      "geometry": {
        "type": "Point",
        "coordinates": [
          13.7700299,
          8.9887001
        ]
      },
      "id": "node/3037427128"
    },
    {
      "type": "Feature",
      "properties": {
        "@id": "node/3037427132",
        "name": "Mbidere",
        "place": "village"
      },
      "geometry": {
        "type": "Point",
        "coordinates": [
          15.3578401,
          7.64665
        ]
      },
      "id": "node/3037427132"
    },
    {
      "type": "Feature",
      "properties": {
        "@id": "node/3037427233",
        "name": "Mbigou",
        "place": "village"
      },
      "geometry": {
        "type": "Point",
        "coordinates": [
          13.7485501,
          9.27504
        ]
      },
      "id": "node/3037427233"
    },
    {
      "type": "Feature",
      "properties": {
        "@id": "node/3037427234",
        "name": "Mbikouni",
        "place": "village"
      },
      "geometry": {
        "type": "Point",
        "coordinates": [
          15.3865501,
          7.49023
        ]
      },
      "id": "node/3037427234"
    },
    {
      "type": "Feature",
      "properties": {
        "@id": "node/3037427235",
        "name": "Mbilaou",
        "place": "village"
      },
      "geometry": {
        "type": "Point",
        "coordinates": [
          14.8218001,
          7.8641999
        ]
      },
      "id": "node/3037427235"
    },
    {
      "type": "Feature",
      "properties": {
        "@id": "node/3037427236",
        "name": "Mbilga",
        "place": "village"
      },
      "geometry": {
        "type": "Point",
        "coordinates": [
          13.46535,
          9.38582
        ]
      },
      "id": "node/3037427236"
    },
    {
      "type": "Feature",
      "properties": {
        "@id": "node/3037427237",
        "name": "Mbillaria",
        "place": "village"
      },
      "geometry": {
        "type": "Point",
        "coordinates": [
          14.17766,
          8.41933
        ]
      },
      "id": "node/3037427237"
    },
    {
      "type": "Feature",
      "properties": {
        "@id": "node/3037427238",
        "name": "Mbilougui",
        "place": "village"
      },
      "geometry": {
        "type": "Point",
        "coordinates": [
          15.2044171,
          8.146583
        ]
      },
      "id": "node/3037427238"
    },
    {
      "type": "Feature",
      "properties": {
        "@id": "node/3037427239",
        "name": "Mbirdif",
        "place": "village"
      },
      "geometry": {
        "type": "Point",
        "coordinates": [
          13.8241252,
          10.1916683
        ]
      },
      "id": "node/3037427239"
    },
    {
      "type": "Feature",
      "properties": {
        "@id": "node/3037427240",
        "name": "Mbissiri",
        "place": "village"
      },
      "geometry": {
        "type": "Point",
        "coordinates": [
          15.0423199,
          8.12845
        ]
      },
      "id": "node/3037427240"
    },
    {
      "type": "Feature",
      "properties": {
        "@id": "node/3037427241",
        "name": "Mbissiri",
        "place": "village"
      },
      "geometry": {
        "type": "Point",
        "coordinates": [
          14.552528,
          8.382694
        ]
      },
      "id": "node/3037427241"
    },
    {
      "type": "Feature",
      "properties": {
        "@id": "node/3037427242",
        "name": "Mbitoum 1",
        "place": "village"
      },
      "geometry": {
        "type": "Point",
        "coordinates": [
          15.3840398,
          7.78362
        ]
      },
      "id": "node/3037427242"
    },
    {
      "type": "Feature",
      "properties": {
        "@id": "node/3037427243",
        "name": "Mbitoum 2",
        "place": "village"
      },
      "geometry": {
        "type": "Point",
        "coordinates": [
          15.39279,
          7.78853
        ]
      },
      "id": "node/3037427243"
    },
    {
      "type": "Feature",
      "properties": {
        "@id": "node/3037427244",
        "name": "Mbitoum_3",
        "place": "village"
      },
      "geometry": {
        "type": "Point",
        "coordinates": [
          15.4015229,
          7.7912461
        ]
      },
      "id": "node/3037427244"
    },
    {
      "type": "Feature",
      "properties": {
        "@id": "node/3037427245",
        "name": "Mbitoye",
        "place": "village"
      },
      "geometry": {
        "type": "Point",
        "coordinates": [
          14.9502398,
          7.84644
        ]
      },
      "id": "node/3037427245"
    },
    {
      "type": "Feature",
      "properties": {
        "@id": "node/3037427247",
        "name": "Mbo",
        "place": "village"
      },
      "geometry": {
        "type": "Point",
        "coordinates": [
          13.7968301,
          9.81742
        ]
      },
      "id": "node/3037427247"
    },
    {
      "type": "Feature",
      "properties": {
        "@id": "node/3037427248",
        "name": "Mbodo",
        "place": "village"
      },
      "geometry": {
        "type": "Point",
        "coordinates": [
          15.3973901,
          7.56381
        ]
      },
      "id": "node/3037427248"
    },
    {
      "type": "Feature",
      "properties": {
        "@id": "node/3037427249",
        "name": "Mboko",
        "place": "village"
      },
      "geometry": {
        "type": "Point",
        "coordinates": [
          15.08436,
          7.23457
        ]
      },
      "id": "node/3037427249"
    },
    {
      "type": "Feature",
      "properties": {
        "@id": "node/3037427251",
        "name": "Mbolom",
        "place": "village"
      },
      "geometry": {
        "type": "Point",
        "coordinates": [
          13.71456,
          9.3317101
        ]
      },
      "id": "node/3037427251"
    },
    {
      "type": "Feature",
      "properties": {
        "@id": "node/3037427252",
        "fixme": "no imagery",
        "name": "Mbolta",
        "place": "village"
      },
      "geometry": {
        "type": "Point",
        "coordinates": [
          13.4525819,
          8.968223
        ]
      },
      "id": "node/3037427252"
    },
    {
      "type": "Feature",
      "properties": {
        "@id": "node/3037427254",
        "name": "Mbong",
        "place": "village"
      },
      "geometry": {
        "type": "Point",
        "coordinates": [
          15.2950561,
          7.3863329
        ]
      },
      "id": "node/3037427254"
    },
    {
      "type": "Feature",
      "properties": {
        "@id": "node/3037427255",
        "name": "Mbono",
        "place": "village"
      },
      "geometry": {
        "type": "Point",
        "coordinates": [
          15.0535501,
          7.2185499
        ]
      },
      "id": "node/3037427255"
    },
    {
      "type": "Feature",
      "properties": {
        "@id": "node/3037427256",
        "name": "Mbor Patidje",
        "place": "village"
      },
      "geometry": {
        "type": "Point",
        "coordinates": [
          13.6765901,
          9.5208401
        ]
      },
      "id": "node/3037427256"
    },
    {
      "type": "Feature",
      "properties": {
        "@id": "node/3037427257",
        "fixme": "no imagery",
        "name": "Mbor",
        "place": "village"
      },
      "geometry": {
        "type": "Point",
        "coordinates": [
          13.1956999,
          9.5549699
        ]
      },
      "id": "node/3037427257"
    },
    {
      "type": "Feature",
      "properties": {
        "@id": "node/3037427258",
        "name": "Mbor_bainawa",
        "place": "village"
      },
      "geometry": {
        "type": "Point",
        "coordinates": [
          13.6995278,
          9.492139
        ]
      },
      "id": "node/3037427258"
    },
    {
      "type": "Feature",
      "properties": {
        "@id": "node/3037427259",
        "name": "Mbor_moundang",
        "place": "village"
      },
      "geometry": {
        "type": "Point",
        "coordinates": [
          13.645417,
          9.5028889
        ]
      },
      "id": "node/3037427259"
    },
    {
      "type": "Feature",
      "properties": {
        "@id": "node/3037427260",
        "name": "Mboudang 2",
        "place": "village"
      },
      "geometry": {
        "type": "Point",
        "coordinates": [
          12.9505601,
          9.1380701
        ]
      },
      "id": "node/3037427260"
    },
    {
      "type": "Feature",
      "properties": {
        "@id": "node/3037427262",
        "name": "Mboui",
        "place": "village"
      },
      "geometry": {
        "type": "Point",
        "coordinates": [
          13.8465202,
          9.34573
        ]
      },
      "id": "node/3037427262"
    },
    {
      "type": "Feature",
      "properties": {
        "@id": "node/3037427263",
        "name": "Mboukma",
        "place": "village"
      },
      "geometry": {
        "type": "Point",
        "coordinates": [
          13.9749001,
          8.5216699
        ]
      },
      "id": "node/3037427263"
    },
    {
      "type": "Feature",
      "properties": {
        "@id": "node/3037427264",
        "name": "Mboulmbouldire",
        "place": "village"
      },
      "geometry": {
        "type": "Point",
        "coordinates": [
          13.2868699,
          9.26202
        ]
      },
      "id": "node/3037427264"
    },
    {
      "type": "Feature",
      "properties": {
        "@id": "node/3037427265",
        "name": "Mboundang",
        "place": "village"
      },
      "geometry": {
        "type": "Point",
        "coordinates": [
          12.9449498,
          9.15755
        ]
      },
      "id": "node/3037427265"
    },
    {
      "type": "Feature",
      "properties": {
        "@id": "node/3037427268",
        "name": "Mboutou",
        "place": "village"
      },
      "geometry": {
        "type": "Point",
        "coordinates": [
          13.3580735,
          9.7198937
        ]
      },
      "id": "node/3037427268"
    },
    {
      "type": "Feature",
      "properties": {
        "@id": "node/3037427271",
        "name": "Mbro",
        "place": "village"
      },
      "geometry": {
        "type": "Point",
        "coordinates": [
          13.78044,
          9.84147
        ]
      },
      "id": "node/3037427271"
    },
    {
      "type": "Feature",
      "properties": {
        "@id": "node/3037427272",
        "name": "Medebeng",
        "place": "village"
      },
      "geometry": {
        "type": "Point",
        "coordinates": [
          13.8905672,
          10.100272
        ]
      },
      "id": "node/3037427272"
    },
    {
      "type": "Feature",
      "properties": {
        "@id": "node/3037427274",
        "name": "Medezem",
        "place": "village"
      },
      "geometry": {
        "type": "Point",
        "coordinates": [
          13.7424802,
          10.1498399
        ]
      },
      "id": "node/3037427274"
    },
    {
      "type": "Feature",
      "properties": {
        "@id": "node/3037427277",
        "name": "Meidjadou",
        "place": "village"
      },
      "geometry": {
        "type": "Point",
        "coordinates": [
          13.4027219,
          9.2018329
        ]
      },
      "id": "node/3037427277"
    },
    {
      "type": "Feature",
      "properties": {
        "@id": "node/3037427278",
        "name": "Melemdem",
        "place": "village"
      },
      "geometry": {
        "type": "Point",
        "coordinates": [
          13.8375042,
          10.2070629
        ]
      },
      "id": "node/3037427278"
    },
    {
      "type": "Feature",
      "properties": {
        "@id": "node/3037427279",
        "name": "Meleme",
        "place": "village"
      },
      "geometry": {
        "type": "Point",
        "coordinates": [
          14.1600642,
          9.9609654
        ]
      },
      "id": "node/3037427279"
    },
    {
      "type": "Feature",
      "properties": {
        "@id": "node/3037427283",
        "name": "Mendjeker",
        "place": "village"
      },
      "geometry": {
        "type": "Point",
        "coordinates": [
          13.8143449,
          10.0546314
        ]
      },
      "id": "node/3037427283"
    },
    {
      "type": "Feature",
      "properties": {
        "@id": "node/3037427290",
        "name": "Mindjiwa",
        "place": "village"
      },
      "geometry": {
        "type": "Point",
        "coordinates": [
          14.0283399,
          9.9751163
        ]
      },
      "id": "node/3037427290"
    },
    {
      "type": "Feature",
      "properties": {
        "@id": "node/3037427297",
        "name": "Mizuke",
        "place": "village"
      },
      "geometry": {
        "type": "Point",
        "coordinates": [
          13.0381999,
          8.9857
        ]
      },
      "id": "node/3037427297"
    },
    {
      "type": "Feature",
      "properties": {
        "@id": "node/3037427304",
        "name": "Mokolo",
        "place": "village"
      },
      "geometry": {
        "type": "Point",
        "coordinates": [
          13.5410152,
          8.9818149
        ]
      },
      "id": "node/3037427304"
    },
    {
      "type": "Feature",
      "properties": {
        "@id": "node/3037427306",
        "name": "Mokorvong",
        "place": "village"
      },
      "geometry": {
        "type": "Point",
        "coordinates": [
          14.0345095,
          9.9565314
        ]
      },
      "id": "node/3037427306"
    },
    {
      "type": "Feature",
      "properties": {
        "@id": "node/3037427307",
        "name": "Mokote",
        "place": "village"
      },
      "geometry": {
        "type": "Point",
        "coordinates": [
          14.07523,
          9.8238499
        ]
      },
      "id": "node/3037427307"
    },
    {
      "type": "Feature",
      "properties": {
        "@id": "node/3037427308",
        "name": "Molko",
        "place": "village"
      },
      "geometry": {
        "type": "Point",
        "coordinates": [
          13.9725198,
          9.4157801
        ]
      },
      "id": "node/3037427308"
    },
    {
      "type": "Feature",
      "properties": {
        "@id": "node/3037427309",
        "name": "Mombore",
        "place": "village"
      },
      "geometry": {
        "type": "Point",
        "coordinates": [
          14.3431898,
          9.23192
        ]
      },
      "id": "node/3037427309"
    },
    {
      "type": "Feature",
      "properties": {
        "@id": "node/3037427310",
        "name": "More",
        "place": "village"
      },
      "geometry": {
        "type": "Point",
        "coordinates": [
          14.1681564,
          9.9171551
        ]
      },
      "id": "node/3037427310"
    },
    {
      "type": "Feature",
      "properties": {
        "@id": "node/3037427320",
        "name": "Moulandji",
        "place": "village"
      },
      "geometry": {
        "type": "Point",
        "coordinates": [
          14.0268348,
          10.1599178
        ]
      },
      "id": "node/3037427320"
    },
    {
      "type": "Feature",
      "properties": {
        "@id": "node/3037427322",
        "name": "Moulvouda",
        "place": "village"
      },
      "geometry": {
        "type": "Point",
        "coordinates": [
          14.1830984,
          9.9970009
        ]
      },
      "id": "node/3037427322"
    },
    {
      "type": "Feature",
      "properties": {
        "@id": "node/3037427323",
        "name": "Moundangre",
        "place": "village"
      },
      "geometry": {
        "type": "Point",
        "coordinates": [
          14.1760896,
          9.4139841
        ]
      },
      "id": "node/3037427323"
    },
    {
      "type": "Feature",
      "properties": {
        "@id": "node/3037427324",
        "name": "Moundangre_djelani",
        "place": "village"
      },
      "geometry": {
        "type": "Point",
        "coordinates": [
          13.583686,
          9.4325731
        ]
      },
      "id": "node/3037427324"
    },
    {
      "type": "Feature",
      "properties": {
        "@id": "node/3037427325",
        "name": "Mouroum",
        "place": "village"
      },
      "geometry": {
        "type": "Point",
        "coordinates": [
          13.6478801,
          9.88455
        ]
      },
      "id": "node/3037427325"
    },
    {
      "type": "Feature",
      "properties": {
        "@id": "node/3037427326",
        "name": "Mousgoy",
        "place": "village"
      },
      "geometry": {
        "type": "Point",
        "coordinates": [
          13.8939566,
          10.1653462
        ]
      },
      "id": "node/3037427326"
    },
    {
      "type": "Feature",
      "properties": {
        "@id": "node/3037427331",
        "name": "Naari",
        "place": "village"
      },
      "geometry": {
        "type": "Point",
        "coordinates": [
          13.653795,
          8.7727541
        ]
      },
      "id": "node/3037427331"
    },
    {
      "type": "Feature",
      "properties": {
        "@id": "node/3037427332",
        "fixme": "no imagery",
        "name": "Nabouli",
        "place": "village"
      },
      "geometry": {
        "type": "Point",
        "coordinates": [
          13.5526601,
          9.2167201
        ]
      },
      "id": "node/3037427332"
    },
    {
      "type": "Feature",
      "properties": {
        "@id": "node/3037427333",
        "name": "Nadoura",
        "place": "village"
      },
      "geometry": {
        "type": "Point",
        "coordinates": [
          13.6071202,
          9.24529
        ]
      },
      "id": "node/3037427333"
    },
    {
      "type": "Feature",
      "properties": {
        "@id": "node/3037427334",
        "name": "Nafan",
        "place": "village"
      },
      "geometry": {
        "type": "Point",
        "coordinates": [
          13.8291998,
          9.60029
        ]
      },
      "id": "node/3037427334"
    },
    {
      "type": "Feature",
      "properties": {
        "@id": "node/3037427335",
        "name": "Nakong",
        "place": "village"
      },
      "geometry": {
        "type": "Point",
        "coordinates": [
          13.254889,
          9.307222
        ]
      },
      "id": "node/3037427335"
    },
    {
      "type": "Feature",
      "properties": {
        "@id": "node/3037427336",
        "fixme": "no imagery",
        "name": "Nakong",
        "place": "village"
      },
      "geometry": {
        "type": "Point",
        "coordinates": [
          12.9968809,
          9.3440211
        ]
      },
      "id": "node/3037427336"
    },
    {
      "type": "Feature",
      "properties": {
        "@id": "node/3037427338",
        "name": "Naodel",
        "place": "village"
      },
      "geometry": {
        "type": "Point",
        "coordinates": [
          14.2829834,
          9.096752
        ]
      },
      "id": "node/3037427338"
    },
    {
      "type": "Feature",
      "properties": {
        "@id": "node/3037427339",
        "name": "Napanla",
        "place": "village"
      },
      "geometry": {
        "type": "Point",
        "coordinates": [
          13.6336798,
          9.0833592
        ]
      },
      "id": "node/3037427339"
    },
    {
      "type": "Feature",
      "properties": {
        "@id": "node/3037427340",
        "name": "Nari_poka",
        "place": "village"
      },
      "geometry": {
        "type": "Point",
        "coordinates": [
          13.5826391,
          10.019417
        ]
      },
      "id": "node/3037427340"
    },
    {
      "type": "Feature",
      "properties": {
        "@id": "node/3037427341",
        "name": "Nassarao Bame",
        "place": "village"
      },
      "geometry": {
        "type": "Point",
        "coordinates": [
          13.53424,
          9.04103
        ]
      },
      "id": "node/3037427341"
    },
    {
      "type": "Feature",
      "properties": {
        "@id": "node/3037427342",
        "name": "Nassarao Ngong",
        "place": "village"
      },
      "geometry": {
        "type": "Point",
        "coordinates": [
          13.4127799,
          8.9544901
        ]
      },
      "id": "node/3037427342"
    },
    {
      "type": "Feature",
      "properties": {
        "@id": "node/3037427345",
        "name": "Nassarao",
        "place": "village"
      },
      "geometry": {
        "type": "Point",
        "coordinates": [
          13.4407901,
          9.36191
        ]
      },
      "id": "node/3037427345"
    },
    {
      "type": "Feature",
      "properties": {
        "@id": "node/3037427346",
        "name": "Nassarao",
        "place": "village"
      },
      "geometry": {
        "type": "Point",
        "coordinates": [
          13.5983801,
          9.91167
        ]
      },
      "id": "node/3037427346"
    },
    {
      "type": "Feature",
      "properties": {
        "@id": "node/3037427347",
        "name": "Nassarao_boumedje",
        "place": "village"
      },
      "geometry": {
        "type": "Point",
        "coordinates": [
          13.4118,
          8.3540001
        ]
      },
      "id": "node/3037427347"
    },
    {
      "type": "Feature",
      "properties": {
        "@id": "node/3037427348",
        "name": "Ndaou",
        "place": "village"
      },
      "geometry": {
        "type": "Point",
        "coordinates": [
          13.1808899,
          9.2304501
        ]
      },
      "id": "node/3037427348"
    },
    {
      "type": "Feature",
      "properties": {
        "@id": "node/3037427349",
        "name": "Ndelele",
        "place": "village"
      },
      "geometry": {
        "type": "Point",
        "coordinates": [
          13.9974698,
          9.726912
        ]
      },
      "id": "node/3037427349"
    },
    {
      "type": "Feature",
      "properties": {
        "@id": "node/3037427350",
        "name": "Ndiam Etina",
        "place": "village"
      },
      "geometry": {
        "type": "Point",
        "coordinates": [
          13.8789101,
          10.0053801
        ]
      },
      "id": "node/3037427350"
    },
    {
      "type": "Feature",
      "properties": {
        "@id": "node/3037427351",
        "name": "Ndiam Badi",
        "place": "village"
      },
      "geometry": {
        "type": "Point",
        "coordinates": [
          13.822583,
          9.119056
        ]
      },
      "id": "node/3037427351"
    },
    {
      "type": "Feature",
      "properties": {
        "@id": "node/3037427352",
        "name": "Ndiam_nelbi",
        "place": "village"
      },
      "geometry": {
        "type": "Point",
        "coordinates": [
          13.8586879,
          9.9656402
        ]
      },
      "id": "node/3037427352"
    },
    {
      "type": "Feature",
      "properties": {
        "@id": "node/3037427353",
        "name": "Ndicki",
        "place": "village"
      },
      "geometry": {
        "type": "Point",
        "coordinates": [
          15.220778,
          7.931639
        ]
      },
      "id": "node/3037427353"
    },
    {
      "type": "Feature",
      "properties": {
        "@id": "node/3037427354",
        "name": "Ndicki",
        "place": "village"
      },
      "geometry": {
        "type": "Point",
        "coordinates": [
          15.2202899,
          7.9329899
        ]
      },
      "id": "node/3037427354"
    },
    {
      "type": "Feature",
      "properties": {
        "@id": "node/3037427355",
        "name": "Ndika",
        "place": "village"
      },
      "geometry": {
        "type": "Point",
        "coordinates": [
          15.39585,
          7.50605
        ]
      },
      "id": "node/3037427355"
    },
    {
      "type": "Feature",
      "properties": {
        "@id": "node/3037427356",
        "name": "Ndili",
        "place": "village"
      },
      "geometry": {
        "type": "Point",
        "coordinates": [
          13.6427,
          9.9969399
        ]
      },
      "id": "node/3037427356"
    },
    {
      "type": "Feature",
      "properties": {
        "@id": "node/3037427357",
        "name": "Ndodi",
        "place": "village"
      },
      "geometry": {
        "type": "Point",
        "coordinates": [
          15.3581299,
          7.68905
        ]
      },
      "id": "node/3037427357"
    },
    {
      "type": "Feature",
      "properties": {
        "@id": "node/3037427358",
        "name": "Ndok",
        "place": "village"
      },
      "geometry": {
        "type": "Point",
        "coordinates": [
          14.7053002,
          7.94586
        ]
      },
      "id": "node/3037427358"
    },
    {
      "type": "Feature",
      "properties": {
        "@id": "node/3037427359",
        "name": "Ndonga",
        "place": "village"
      },
      "geometry": {
        "type": "Point",
        "coordinates": [
          13.7618399,
          9.33059
        ]
      },
      "id": "node/3037427359"
    },
    {
      "type": "Feature",
      "properties": {
        "@id": "node/3037427360",
        "fixme": "no imagery",
        "name": "Ndouguiri",
        "place": "village"
      },
      "geometry": {
        "type": "Point",
        "coordinates": [
          13.4514101,
          9.0296599
        ]
      },
      "id": "node/3037427360"
    },
    {
      "type": "Feature",
      "properties": {
        "@id": "node/3037427361",
        "name": "Ndouzeng",
        "place": "village"
      },
      "geometry": {
        "type": "Point",
        "coordinates": [
          13.72991,
          10.20183
        ]
      },
      "id": "node/3037427361"
    },
    {
      "type": "Feature",
      "properties": {
        "@id": "node/3037427362",
        "name": "Neftangol",
        "place": "village"
      },
      "geometry": {
        "type": "Point",
        "coordinates": [
          13.9940701,
          9.18992
        ]
      },
      "id": "node/3037427362"
    },
    {
      "type": "Feature",
      "properties": {
        "@id": "node/3037427363",
        "name": "Nelbi",
        "place": "village"
      },
      "geometry": {
        "type": "Point",
        "coordinates": [
          13.5021701,
          8.8577599
        ]
      },
      "id": "node/3037427363"
    },
    {
      "type": "Feature",
      "properties": {
        "@id": "node/3037427365",
        "name": "Ngai",
        "place": "village"
      },
      "geometry": {
        "type": "Point",
        "coordinates": [
          15.1722,
          8.0198499
        ]
      },
      "id": "node/3037427365"
    },
    {
      "type": "Feature",
      "properties": {
        "@id": "node/3037427366",
        "name": "Ngalaba",
        "place": "village"
      },
      "geometry": {
        "type": "Point",
        "coordinates": [
          13.3411601,
          9.4612
        ]
      },
      "id": "node/3037427366"
    },
    {
      "type": "Feature",
      "properties": {
        "@id": "node/3037427367",
        "name": "Nganadje 2",
        "place": "village"
      },
      "geometry": {
        "type": "Point",
        "coordinates": [
          15.0324001,
          8.3849001
        ]
      },
      "id": "node/3037427367"
    },
    {
      "type": "Feature",
      "properties": {
        "@id": "node/3037427368",
        "name": "Nganadje 3",
        "place": "village"
      },
      "geometry": {
        "type": "Point",
        "coordinates": [
          15.0228601,
          8.4132799
        ]
      },
      "id": "node/3037427368"
    },
    {
      "type": "Feature",
      "properties": {
        "@id": "node/3037427369",
        "name": "Nganadje_1",
        "place": "village"
      },
      "geometry": {
        "type": "Point",
        "coordinates": [
          15.037222,
          8.366167
        ]
      },
      "id": "node/3037427369"
    },
    {
      "type": "Feature",
      "properties": {
        "@id": "node/3037427372",
        "name": "Ngaouli",
        "place": "village"
      },
      "geometry": {
        "type": "Point",
        "coordinates": [
          13.71402,
          9.3544399
        ]
      },
      "id": "node/3037427372"
    },
    {
      "type": "Feature",
      "properties": {
        "@id": "node/3037427375",
        "name": "Ngaouring",
        "place": "village"
      },
      "geometry": {
        "type": "Point",
        "coordinates": [
          15.33618,
          7.4485999
        ]
      },
      "id": "node/3037427375"
    },
    {
      "type": "Feature",
      "properties": {
        "@id": "node/3037427377",
        "name": "Ngara",
        "place": "village"
      },
      "geometry": {
        "type": "Point",
        "coordinates": [
          15.1122398,
          8.0759101
        ]
      },
      "id": "node/3037427377"
    },
    {
      "type": "Feature",
      "properties": {
        "@id": "node/3037427381",
        "name": "Ngay",
        "place": "village"
      },
      "geometry": {
        "type": "Point",
        "coordinates": [
          14.9897498,
          7.2067601
        ]
      },
      "id": "node/3037427381"
    },
    {
      "type": "Feature",
      "properties": {
        "@id": "node/3037427385",
        "name": "Ngong_1",
        "place": "village"
      },
      "geometry": {
        "type": "Point",
        "coordinates": [
          13.5096748,
          9.03018
        ]
      },
      "id": "node/3037427385"
    },
    {
      "type": "Feature",
      "properties": {
        "@id": "node/3037427386",
        "fixme": "no imagery",
        "name": "Ngong_2",
        "place": "village"
      },
      "geometry": {
        "type": "Point",
        "coordinates": [
          13.4548639,
          8.967817
        ]
      },
      "id": "node/3037427386"
    },
    {
      "type": "Feature",
      "properties": {
        "@id": "node/3037427387",
        "fixme": "no imagery",
        "name": "Ngong_3",
        "place": "village"
      },
      "geometry": {
        "type": "Point",
        "coordinates": [
          13.4556001,
          8.9671381
        ]
      },
      "id": "node/3037427387"
    },
    {
      "type": "Feature",
      "properties": {
        "@id": "node/3037427389",
        "name": "Ngoulet",
        "place": "village"
      },
      "geometry": {
        "type": "Point",
        "coordinates": [
          13.7139901,
          9.5590201
        ]
      },
      "id": "node/3037427389"
    },
    {
      "type": "Feature",
      "properties": {
        "@id": "node/3037427390",
        "name": "Ngoumi 2",
        "place": "village"
      },
      "geometry": {
        "type": "Point",
        "coordinates": [
          15.19259,
          7.7725401
        ]
      },
      "id": "node/3037427390"
    },
    {
      "type": "Feature",
      "properties": {
        "@id": "node/3037427391",
        "name": "Ngoumi_1",
        "place": "village"
      },
      "geometry": {
        "type": "Point",
        "coordinates": [
          15.1980007,
          7.7770307
        ]
      },
      "id": "node/3037427391"
    },
    {
      "type": "Feature",
      "properties": {
        "@id": "node/3037427392",
        "name": "Ngoutchoumi",
        "place": "village"
      },
      "geometry": {
        "type": "Point",
        "coordinates": [
          13.41909,
          9.57193
        ]
      },
      "id": "node/3037427392"
    },
    {
      "type": "Feature",
      "properties": {
        "@id": "node/3037427393",
        "fixme": "no imagery",
        "name": "Nguede",
        "place": "village"
      },
      "geometry": {
        "type": "Point",
        "coordinates": [
          12.8055269,
          8.6816689
        ]
      },
      "id": "node/3037427393"
    },
    {
      "type": "Feature",
      "properties": {
        "@id": "node/3037427396",
        "name": "Nigeriare",
        "place": "village"
      },
      "geometry": {
        "type": "Point",
        "coordinates": [
          13.555724,
          9.44062
        ]
      },
      "id": "node/3037427396"
    },
    {
      "type": "Feature",
      "properties": {
        "@id": "node/3037427399",
        "fixme": "duplicate",
        "name": "Normandie",
        "place": "village"
      },
      "geometry": {
        "type": "Point",
        "coordinates": [
          13.4253061,
          9.1263329
        ]
      },
      "id": "node/3037427399"
    },
    {
      "type": "Feature",
      "properties": {
        "@id": "node/3037427400",
        "name": "Normandie",
        "place": "village"
      },
      "geometry": {
        "type": "Point",
        "coordinates": [
          13.4258198,
          9.12727
        ]
      },
      "id": "node/3037427400"
    },
    {
      "type": "Feature",
      "properties": {
        "@id": "node/3037427405",
        "name": "Ofam",
        "place": "village"
      },
      "geometry": {
        "type": "Point",
        "coordinates": [
          12.99946,
          9.27394
        ]
      },
      "id": "node/3037427405"
    },
    {
      "type": "Feature",
      "properties": {
        "@id": "node/3037427407",
        "name": "Ouganda",
        "place": "village"
      },
      "geometry": {
        "type": "Point",
        "coordinates": [
          13.4557801,
          8.96066
        ]
      },
      "id": "node/3037427407"
    },
    {
      "type": "Feature",
      "properties": {
        "@id": "node/3037427409",
        "name": "Oumoua",
        "place": "village"
      },
      "geometry": {
        "type": "Point",
        "coordinates": [
          13.6743401,
          9.4686599
        ]
      },
      "id": "node/3037427409"
    },
    {
      "type": "Feature",
      "properties": {
        "@id": "node/3037427410",
        "name": "Ouro Adamou",
        "place": "village"
      },
      "geometry": {
        "type": "Point",
        "coordinates": [
          13.4786498,
          9.01069
        ]
      },
      "id": "node/3037427410"
    },
    {
      "type": "Feature",
      "properties": {
        "@id": "node/3037427411",
        "name": "Ouro Alkali",
        "place": "village"
      },
      "geometry": {
        "type": "Point",
        "coordinates": [
          13.5045,
          9.8218499
        ]
      },
      "id": "node/3037427411"
    },
    {
      "type": "Feature",
      "properties": {
        "@id": "node/3037427412",
        "name": "Ouro Andre",
        "place": "village"
      },
      "geometry": {
        "type": "Point",
        "coordinates": [
          13.50315,
          8.88568
        ]
      },
      "id": "node/3037427412"
    },
    {
      "type": "Feature",
      "properties": {
        "@id": "node/3037427413",
        "name": "Ouro Ardo",
        "place": "village"
      },
      "geometry": {
        "type": "Point",
        "coordinates": [
          13.2752959,
          9.2577459
        ]
      },
      "id": "node/3037427413"
    },
    {
      "type": "Feature",
      "properties": {
        "@id": "node/3037427414",
        "name": "Ouro Bali",
        "place": "village"
      },
      "geometry": {
        "type": "Point",
        "coordinates": [
          13.8752899,
          9.0392099
        ]
      },
      "id": "node/3037427414"
    },
    {
      "type": "Feature",
      "properties": {
        "@id": "node/3037427415",
        "name": "Ouro Bara",
        "place": "village"
      },
      "geometry": {
        "type": "Point",
        "coordinates": [
          13.7738401,
          9.59461
        ]
      },
      "id": "node/3037427415"
    },
    {
      "type": "Feature",
      "properties": {
        "@id": "node/3037427416",
        "name": "Ouro Bobbo",
        "place": "village"
      },
      "geometry": {
        "type": "Point",
        "coordinates": [
          13.32432,
          9.3240301
        ]
      },
      "id": "node/3037427416"
    },
    {
      "type": "Feature",
      "properties": {
        "@id": "node/3037427417",
        "name": "Ouro Bobowa",
        "place": "village"
      },
      "geometry": {
        "type": "Point",
        "coordinates": [
          13.68302,
          9.14601
        ]
      },
      "id": "node/3037427417"
    },
    {
      "type": "Feature",
      "properties": {
        "@id": "node/3037427419",
        "name": "Ouro Bocki",
        "place": "village"
      },
      "geometry": {
        "type": "Point",
        "coordinates": [
          13.64378,
          9.42163
        ]
      },
      "id": "node/3037427419"
    },
    {
      "type": "Feature",
      "properties": {
        "@id": "node/3037427420",
        "name": "Ouro Bocki",
        "place": "village"
      },
      "geometry": {
        "type": "Point",
        "coordinates": [
          13.9116499,
          9.95126
        ]
      },
      "id": "node/3037427420"
    },
    {
      "type": "Feature",
      "properties": {
        "@id": "node/3037427421",
        "name": "Ouro Bogno",
        "place": "village"
      },
      "geometry": {
        "type": "Point",
        "coordinates": [
          13.5510998,
          9.02385
        ]
      },
      "id": "node/3037427421"
    },
    {
      "type": "Feature",
      "properties": {
        "@id": "node/3037427422",
        "name": "Ouro Bouba",
        "place": "village"
      },
      "geometry": {
        "type": "Point",
        "coordinates": [
          13.5248501,
          8.7520001
        ]
      },
      "id": "node/3037427422"
    },
    {
      "type": "Feature",
      "properties": {
        "@id": "node/3037427423",
        "name": "Ouro Dadjam",
        "place": "village"
      },
      "geometry": {
        "type": "Point",
        "coordinates": [
          13.2416201,
          9.35343
        ]
      },
      "id": "node/3037427423"
    },
    {
      "type": "Feature",
      "properties": {
        "@id": "node/3037427424",
        "name": "Ouro Dala",
        "place": "village"
      },
      "geometry": {
        "type": "Point",
        "coordinates": [
          15.21315,
          8.02263
        ]
      },
      "id": "node/3037427424"
    },
    {
      "type": "Feature",
      "properties": {
        "@id": "node/3037427425",
        "name": "Ouro Dama",
        "place": "village"
      },
      "geometry": {
        "type": "Point",
        "coordinates": [
          14.0196136,
          10.0614355
        ]
      },
      "id": "node/3037427425"
    },
    {
      "type": "Feature",
      "properties": {
        "@id": "node/3037427426",
        "fixme": "no imagery",
        "name": "Ouro Dandi",
        "place": "village"
      },
      "geometry": {
        "type": "Point",
        "coordinates": [
          13.54842,
          9.0551699
        ]
      },
      "id": "node/3037427426"
    },
    {
      "type": "Feature",
      "properties": {
        "@id": "node/3037427427",
        "name": "Ouro Dellem",
        "place": "village"
      },
      "geometry": {
        "type": "Point",
        "coordinates": [
          13.4997599,
          9.01404
        ]
      },
      "id": "node/3037427427"
    },
    {
      "type": "Feature",
      "properties": {
        "@id": "node/3037427429",
        "name": "Ouro Djidda",
        "place": "village"
      },
      "geometry": {
        "type": "Point",
        "coordinates": [
          13.4944099,
          8.9785701
        ]
      },
      "id": "node/3037427429"
    },
    {
      "type": "Feature",
      "properties": {
        "@id": "node/3037427430",
        "name": "Ouro Djodi",
        "place": "village"
      },
      "geometry": {
        "type": "Point",
        "coordinates": [
          15.3973901,
          7.66728
        ]
      },
      "id": "node/3037427430"
    },
    {
      "type": "Feature",
      "properties": {
        "@id": "node/3037427431",
        "name": "Ouro Djouvoul",
        "place": "village"
      },
      "geometry": {
        "type": "Point",
        "coordinates": [
          13.866914,
          9.772012
        ]
      },
      "id": "node/3037427431"
    },
    {
      "type": "Feature",
      "properties": {
        "@id": "node/3037427432",
        "name": "Ouro Doukoudje",
        "place": "village"
      },
      "geometry": {
        "type": "Point",
        "coordinates": [
          13.7208398,
          9.10038
        ]
      },
      "id": "node/3037427432"
    },
    {
      "type": "Feature",
      "properties": {
        "@id": "node/3037427433",
        "name": "Ouro Fandou",
        "place": "village"
      },
      "geometry": {
        "type": "Point",
        "coordinates": [
          13.0125301,
          9.0426801
        ]
      },
      "id": "node/3037427433"
    },
    {
      "type": "Feature",
      "properties": {
        "@id": "node/3037427434",
        "name": "Ouro Gabal",
        "place": "village"
      },
      "geometry": {
        "type": "Point",
        "coordinates": [
          14.0274375,
          10.0500781
        ]
      },
      "id": "node/3037427434"
    },
    {
      "type": "Feature",
      "properties": {
        "@id": "node/3037427435",
        "name": "Ouro Gao",
        "place": "village"
      },
      "geometry": {
        "type": "Point",
        "coordinates": [
          13.4907401,
          9.0459599
        ]
      },
      "id": "node/3037427435"
    },
    {
      "type": "Feature",
      "properties": {
        "@id": "node/3037427436",
        "name": "Ouro Garga",
        "place": "village"
      },
      "geometry": {
        "type": "Point",
        "coordinates": [
          13.3004099,
          9.27285
        ]
      },
      "id": "node/3037427436"
    },
    {
      "type": "Feature",
      "properties": {
        "@id": "node/3037427438",
        "name": "Ouro Haoussa",
        "place": "village"
      },
      "geometry": {
        "type": "Point",
        "coordinates": [
          13.40347,
          9.2039501
        ]
      },
      "id": "node/3037427438"
    },
    {
      "type": "Feature",
      "properties": {
        "@id": "node/3037427439",
        "name": "Ouro Haoussa",
        "place": "village"
      },
      "geometry": {
        "type": "Point",
        "coordinates": [
          13.9200199,
          9.7051999
        ]
      },
      "id": "node/3037427439"
    },
    {
      "type": "Feature",
      "properties": {
        "@id": "node/3037427440",
        "name": "Ouro Harde_1",
        "place": "village"
      },
      "geometry": {
        "type": "Point",
        "coordinates": [
          13.7333599,
          9.43017
        ]
      },
      "id": "node/3037427440"
    },
    {
      "type": "Feature",
      "properties": {
        "@id": "node/3037427443",
        "name": "Ouro Karimou_2",
        "place": "village"
      },
      "geometry": {
        "type": "Point",
        "coordinates": [
          13.5274201,
          8.74542
        ]
      },
      "id": "node/3037427443"
    },
    {
      "type": "Feature",
      "properties": {
        "@id": "node/3037427445",
        "name": "Ouro Kessoum",
        "place": "village"
      },
      "geometry": {
        "type": "Point",
        "coordinates": [
          14.362834,
          8.492163
        ]
      },
      "id": "node/3037427445"
    },
    {
      "type": "Feature",
      "properties": {
        "@id": "node/3037427446",
        "name": "Ouro Kessoum",
        "place": "village"
      },
      "geometry": {
        "type": "Point",
        "coordinates": [
          13.5254099,
          9.60546
        ]
      },
      "id": "node/3037427446"
    },
    {
      "type": "Feature",
      "properties": {
        "@id": "node/3037427447",
        "name": "Ouro Kessoum_1",
        "place": "village"
      },
      "geometry": {
        "type": "Point",
        "coordinates": [
          15.36592,
          7.89121
        ]
      },
      "id": "node/3037427447"
    },
    {
      "type": "Feature",
      "properties": {
        "@id": "node/3037427448",
        "name": "Ouro Kessoum_2",
        "place": "village"
      },
      "geometry": {
        "type": "Point",
        "coordinates": [
          15.3667598,
          7.8877001
        ]
      },
      "id": "node/3037427448"
    },
    {
      "type": "Feature",
      "properties": {
        "@id": "node/3037427449",
        "name": "Ouro Kondong",
        "place": "village"
      },
      "geometry": {
        "type": "Point",
        "coordinates": [
          13.6212401,
          9.3455901
        ]
      },
      "id": "node/3037427449"
    },
    {
      "type": "Feature",
      "properties": {
        "@id": "node/3037427450",
        "name": "Ouro Labay",
        "place": "village"
      },
      "geometry": {
        "type": "Point",
        "coordinates": [
          13.9367401,
          9.84117
        ]
      },
      "id": "node/3037427450"
    },
    {
      "type": "Feature",
      "properties": {
        "@id": "node/3037427452",
        "name": "Ouro Labbo_2",
        "place": "village"
      },
      "geometry": {
        "type": "Point",
        "coordinates": [
          13.5885899,
          9.1199401
        ]
      },
      "id": "node/3037427452"
    },
    {
      "type": "Feature",
      "properties": {
        "@id": "node/3037427453",
        "name": "Ouro Lawane_1",
        "place": "village"
      },
      "geometry": {
        "type": "Point",
        "coordinates": [
          13.4004499,
          8.9446599
        ]
      },
      "id": "node/3037427453"
    },
    {
      "type": "Feature",
      "properties": {
        "@id": "node/3037427454",
        "name": "Ouro Lawane_2",
        "place": "village"
      },
      "geometry": {
        "type": "Point",
        "coordinates": [
          13.39834,
          8.9524999
        ]
      },
      "id": "node/3037427454"
    },
    {
      "type": "Feature",
      "properties": {
        "@id": "node/3037427455",
        "name": "Ouro Mal_siddiki",
        "place": "village"
      },
      "geometry": {
        "type": "Point",
        "coordinates": [
          13.9602256,
          9.8048558
        ]
      },
      "id": "node/3037427455"
    },
    {
      "type": "Feature",
      "properties": {
        "@id": "node/3037427456",
        "name": "Ouro Malloum",
        "place": "village"
      },
      "geometry": {
        "type": "Point",
        "coordinates": [
          13.4462498,
          8.9369001
        ]
      },
      "id": "node/3037427456"
    },
    {
      "type": "Feature",
      "properties": {
        "@id": "node/3037427457",
        "name": "Ouro Maloum",
        "place": "village"
      },
      "geometry": {
        "type": "Point",
        "coordinates": [
          13.050934,
          9.4985599
        ]
      },
      "id": "node/3037427457"
    },
    {
      "type": "Feature",
      "properties": {
        "@id": "node/3037427458",
        "name": "Ouro Manda",
        "place": "village"
      },
      "geometry": {
        "type": "Point",
        "coordinates": [
          13.5058601,
          8.81726
        ]
      },
      "id": "node/3037427458"
    },
    {
      "type": "Feature",
      "properties": {
        "@id": "node/3037427459",
        "name": "Ouro Mandara",
        "place": "village"
      },
      "geometry": {
        "type": "Point",
        "coordinates": [
          13.4511342,
          8.4923049
        ]
      },
      "id": "node/3037427459"
    },
    {
      "type": "Feature",
      "properties": {
        "@id": "node/3037427460",
        "name": "Ouro Maray",
        "place": "village"
      },
      "geometry": {
        "type": "Point",
        "coordinates": [
          13.9606499,
          9.6810901
        ]
      },
      "id": "node/3037427460"
    },
    {
      "type": "Feature",
      "properties": {
        "@id": "node/3037427461",
        "name": "Ouro Massara",
        "place": "village"
      },
      "geometry": {
        "type": "Point",
        "coordinates": [
          15.2636198,
          8.1281599
        ]
      },
      "id": "node/3037427461"
    },
    {
      "type": "Feature",
      "properties": {
        "@id": "node/3037427462",
        "name": "Ouro Mayo",
        "place": "village"
      },
      "geometry": {
        "type": "Point",
        "coordinates": [
          13.88174,
          9.0393201
        ]
      },
      "id": "node/3037427462"
    },
    {
      "type": "Feature",
      "properties": {
        "@id": "node/3037427463",
        "name": "Ouro Mordoy",
        "place": "village"
      },
      "geometry": {
        "type": "Point",
        "coordinates": [
          13.8699189,
          10.2152559
        ]
      },
      "id": "node/3037427463"
    },
    {
      "type": "Feature",
      "properties": {
        "@id": "node/3037427464",
        "name": "Ouro Ngoura",
        "place": "village"
      },
      "geometry": {
        "type": "Point",
        "coordinates": [
          13.7327699,
          9.76295
        ]
      },
      "id": "node/3037427464"
    },
    {
      "type": "Feature",
      "properties": {
        "@id": "node/3037427465",
        "fixme": "no imagery",
        "name": "Ouro Passeme",
        "place": "village"
      },
      "geometry": {
        "type": "Point",
        "coordinates": [
          13.4968702,
          9.05841
        ]
      },
      "id": "node/3037427465"
    },
    {
      "type": "Feature",
      "properties": {
        "@id": "node/3037427466",
        "name": "Ouro Sekehi",
        "place": "village"
      },
      "geometry": {
        "type": "Point",
        "coordinates": [
          13.0934599,
          9.00283
        ]
      },
      "id": "node/3037427466"
    },
    {
      "type": "Feature",
      "properties": {
        "@id": "node/3037427467",
        "name": "Ouro Seyo",
        "place": "village"
      },
      "geometry": {
        "type": "Point",
        "coordinates": [
          15.4640498,
          7.7137
        ]
      },
      "id": "node/3037427467"
    },
    {
      "type": "Feature",
      "properties": {
        "@id": "node/3037427468",
        "name": "Ouro Tamba",
        "place": "village"
      },
      "geometry": {
        "type": "Point",
        "coordinates": [
          13.51922,
          8.5941399
        ]
      },
      "id": "node/3037427468"
    },
    {
      "type": "Feature",
      "properties": {
        "@id": "node/3037427469",
        "name": "Ouro Tamounde",
        "place": "village"
      },
      "geometry": {
        "type": "Point",
        "coordinates": [
          13.39322,
          9.06058
        ]
      },
      "id": "node/3037427469"
    },
    {
      "type": "Feature",
      "properties": {
        "@id": "node/3037427471",
        "name": "Ouro Tchaka",
        "place": "village"
      },
      "geometry": {
        "type": "Point",
        "coordinates": [
          13.3435598,
          9.38325
        ]
      },
      "id": "node/3037427471"
    },
    {
      "type": "Feature",
      "properties": {
        "@id": "node/3037427472",
        "name": "Ouro Tchedou",
        "place": "village"
      },
      "geometry": {
        "type": "Point",
        "coordinates": [
          13.6710281,
          8.9763059
        ]
      },
      "id": "node/3037427472"
    },
    {
      "type": "Feature",
      "properties": {
        "@id": "node/3037427473",
        "name": "Ouro_alhadji",
        "place": "village"
      },
      "geometry": {
        "type": "Point",
        "coordinates": [
          13.9385279,
          9.9035001
        ]
      },
      "id": "node/3037427473"
    },
    {
      "type": "Feature",
      "properties": {
        "@id": "node/3037427474",
        "name": "Ouro_barriere_1",
        "place": "village"
      },
      "geometry": {
        "type": "Point",
        "coordinates": [
          13.5318611,
          8.6699169
        ]
      },
      "id": "node/3037427474"
    },
    {
      "type": "Feature",
      "properties": {
        "@id": "node/3037427475",
        "fixme": "no imagery",
        "name": "Ouro_barriere_2",
        "place": "village"
      },
      "geometry": {
        "type": "Point",
        "coordinates": [
          13.532305,
          8.666417
        ]
      },
      "id": "node/3037427475"
    },
    {
      "type": "Feature",
      "properties": {
        "@id": "node/3037427479",
        "name": "Ouro_bogno_1",
        "place": "village"
      },
      "geometry": {
        "type": "Point",
        "coordinates": [
          13.554599,
          9.023112
        ]
      },
      "id": "node/3037427479"
    },
    {
      "type": "Feature",
      "properties": {
        "@id": "node/3037427480",
        "name": "Ouro_dama",
        "place": "village"
      },
      "geometry": {
        "type": "Point",
        "coordinates": [
          14.0461975,
          10.169947
        ]
      },
      "id": "node/3037427480"
    },
    {
      "type": "Feature",
      "properties": {
        "@id": "node/3037427481",
        "name": "Ouro_dara",
        "place": "village"
      },
      "geometry": {
        "type": "Point",
        "coordinates": [
          14.4488369,
          7.676288
        ]
      },
      "id": "node/3037427481"
    },
    {
      "type": "Feature",
      "properties": {
        "@id": "node/3037427482",
        "fixme": "no imagery",
        "name": "Ouro_djidda",
        "place": "village"
      },
      "geometry": {
        "type": "Point",
        "coordinates": [
          13.4938609,
          8.927028
        ]
      },
      "id": "node/3037427482"
    },
    {
      "type": "Feature",
      "properties": {
        "@id": "node/3037427483",
        "name": "Ouro_donka_1",
        "place": "village"
      },
      "geometry": {
        "type": "Point",
        "coordinates": [
          13.508838,
          9.138862
        ]
      },
      "id": "node/3037427483"
    },
    {
      "type": "Feature",
      "properties": {
        "@id": "node/3037427484",
        "name": "Ouro_donka_2",
        "place": "village"
      },
      "geometry": {
        "type": "Point",
        "coordinates": [
          13.51337,
          9.1415469
        ]
      },
      "id": "node/3037427484"
    },
    {
      "type": "Feature",
      "properties": {
        "@id": "node/3037427485",
        "name": "Ouro_doundahi",
        "place": "village"
      },
      "geometry": {
        "type": "Point",
        "coordinates": [
          13.557964,
          9.7518931
        ]
      },
      "id": "node/3037427485"
    },
    {
      "type": "Feature",
      "properties": {
        "@id": "node/3037427486",
        "name": "Ouro_gadji",
        "place": "village"
      },
      "geometry": {
        "type": "Point",
        "coordinates": [
          13.307607,
          9.351675
        ]
      },
      "id": "node/3037427486"
    },
    {
      "type": "Feature",
      "properties": {
        "@id": "node/3037427487",
        "name": "Ouro_garga",
        "place": "village"
      },
      "geometry": {
        "type": "Point",
        "coordinates": [
          13.583502,
          8.921518
        ]
      },
      "id": "node/3037427487"
    },
    {
      "type": "Feature",
      "properties": {
        "@id": "node/3037427488",
        "name": "Ouro_garga",
        "place": "village"
      },
      "geometry": {
        "type": "Point",
        "coordinates": [
          14.065722,
          9.5247509
        ]
      },
      "id": "node/3037427488"
    },
    {
      "type": "Feature",
      "properties": {
        "@id": "node/3037427489",
        "name": "Ouro_gortode",
        "place": "village"
      },
      "geometry": {
        "type": "Point",
        "coordinates": [
          13.8229999,
          9.5239169
        ]
      },
      "id": "node/3037427489"
    },
    {
      "type": "Feature",
      "properties": {
        "@id": "node/3037427491",
        "name": "Ouro_hairou",
        "place": "village"
      },
      "geometry": {
        "type": "Point",
        "coordinates": [
          15.1141399,
          7.8355299
        ]
      },
      "id": "node/3037427491"
    },
    {
      "type": "Feature",
      "properties": {
        "@id": "node/3037427492",
        "name": "Ouro_hairou",
        "place": "village"
      },
      "geometry": {
        "type": "Point",
        "coordinates": [
          13.1199998,
          9.00396
        ]
      },
      "id": "node/3037427492"
    },
    {
      "type": "Feature",
      "properties": {
        "@id": "node/3037427493",
        "fixme": "duplicate",
        "name": "Ouro_haoussa",
        "place": "village"
      },
      "geometry": {
        "type": "Point",
        "coordinates": [
          13.402723,
          9.2018264
        ]
      },
      "id": "node/3037427493"
    },
    {
      "type": "Feature",
      "properties": {
        "@id": "node/3037427494",
        "name": "Ouro_harde",
        "place": "village"
      },
      "geometry": {
        "type": "Point",
        "coordinates": [
          13.72928,
          9.4296101
        ]
      },
      "id": "node/3037427494"
    },
    {
      "type": "Feature",
      "properties": {
        "@id": "node/3037427495",
        "name": "Ouro_harde_2",
        "place": "village"
      },
      "geometry": {
        "type": "Point",
        "coordinates": [
          13.7292817,
          9.4296057
        ]
      },
      "id": "node/3037427495"
    },
    {
      "type": "Feature",
      "properties": {
        "@id": "node/3037427496",
        "name": "Ouro_harissou",
        "place": "village"
      },
      "geometry": {
        "type": "Point",
        "coordinates": [
          13.319861,
          9.341861
        ]
      },
      "id": "node/3037427496"
    },
    {
      "type": "Feature",
      "properties": {
        "@id": "node/3037427497",
        "name": "Ouro_karimou_2",
        "place": "village"
      },
      "geometry": {
        "type": "Point",
        "coordinates": [
          13.5277499,
          8.743833
        ]
      },
      "id": "node/3037427497"
    },
    {
      "type": "Feature",
      "properties": {
        "@id": "node/3037427498",
        "name": "Ouro_kessoum_1",
        "place": "village"
      },
      "geometry": {
        "type": "Point",
        "coordinates": [
          12.9811,
          9.0689
        ]
      },
      "id": "node/3037427498"
    },
    {
      "type": "Feature",
      "properties": {
        "@id": "node/3037427499",
        "name": "Ouro_kessoum_2",
        "place": "village"
      },
      "geometry": {
        "type": "Point",
        "coordinates": [
          12.9885998,
          9.0639999
        ]
      },
      "id": "node/3037427499"
    },
    {
      "type": "Feature",
      "properties": {
        "@id": "node/3037427500",
        "name": "Ouro_labbo_3",
        "place": "village"
      },
      "geometry": {
        "type": "Point",
        "coordinates": [
          13.5655538,
          9.08728
        ]
      },
      "id": "node/3037427500"
    },
    {
      "type": "Feature",
      "properties": {
        "@id": "node/3037427502",
        "fixme": "no imagery",
        "name": "Ouro_malloum_2",
        "place": "village"
      },
      "geometry": {
        "type": "Point",
        "coordinates": [
          13.4532241,
          8.964538
        ]
      },
      "id": "node/3037427502"
    },
    {
      "type": "Feature",
      "properties": {
        "@id": "node/3037427503",
        "name": "Ouro_mandara",
        "place": "village"
      },
      "geometry": {
        "type": "Point",
        "coordinates": [
          13.6400184,
          8.1995185
        ]
      },
      "id": "node/3037427503"
    },
    {
      "type": "Feature",
      "properties": {
        "@id": "node/3037427504",
        "name": "Ouro Moufou",
        "place": "village"
      },
      "geometry": {
        "type": "Point",
        "coordinates": [
          13.362223,
          9.312358
        ]
      },
      "id": "node/3037427504"
    },
    {
      "type": "Feature",
      "properties": {
        "@id": "node/3037427506",
        "name": "Ouro_nay",
        "place": "village"
      },
      "geometry": {
        "type": "Point",
        "coordinates": [
          13.8252128,
          9.6830939
        ]
      },
      "id": "node/3037427506"
    },
    {
      "type": "Feature",
      "properties": {
        "@id": "node/3037427507",
        "name": "Ouro_nene",
        "place": "village"
      },
      "geometry": {
        "type": "Point",
        "coordinates": [
          13.356041,
          9.708979
        ]
      },
      "id": "node/3037427507"
    },
    {
      "type": "Feature",
      "properties": {
        "@id": "node/3037427508",
        "name": "Ouro_ngara",
        "place": "village"
      },
      "geometry": {
        "type": "Point",
        "coordinates": [
          13.9827301,
          9.7858799
        ]
      },
      "id": "node/3037427508"
    },
    {
      "type": "Feature",
      "properties": {
        "@id": "node/3037427509",
        "name": "Ouro_ngoura",
        "place": "village"
      },
      "geometry": {
        "type": "Point",
        "coordinates": [
          13.75821,
          9.79656
        ]
      },
      "id": "node/3037427509"
    },
    {
      "type": "Feature",
      "properties": {
        "@id": "node/3037427510",
        "name": "Ouro_niebe",
        "place": "village"
      },
      "geometry": {
        "type": "Point",
        "coordinates": [
          14.0617858,
          9.9844892
        ]
      },
      "id": "node/3037427510"
    },
    {
      "type": "Feature",
      "properties": {
        "@id": "node/3037427512",
        "name": "Ouro_sarguere",
        "place": "village"
      },
      "geometry": {
        "type": "Point",
        "coordinates": [
          13.8576532,
          9.7788419
        ]
      },
      "id": "node/3037427512"
    },
    {
      "type": "Feature",
      "properties": {
        "@id": "node/3037427514",
        "fixme": "no imagery",
        "name": "Ouro_tamounde_2",
        "place": "village"
      },
      "geometry": {
        "type": "Point",
        "coordinates": [
          13.4561189,
          8.968864
        ]
      },
      "id": "node/3037427514"
    },
    {
      "type": "Feature",
      "properties": {
        "@id": "node/3037427515",
        "name": "Ouro Yadji",
        "place": "village"
      },
      "geometry": {
        "type": "Point",
        "coordinates": [
          13.874927,
          9.3055047
        ]
      },
      "id": "node/3037427515"
    },
    {
      "type": "Feature",
      "properties": {
        "@id": "node/3037427516",
        "name": "Ouro_yaya",
        "place": "village"
      },
      "geometry": {
        "type": "Point",
        "coordinates": [
          13.99145,
          9.44665
        ]
      },
      "id": "node/3037427516"
    },
    {
      "type": "Feature",
      "properties": {
        "@id": "node/3037427517",
        "name": "Ourokio",
        "place": "village"
      },
      "geometry": {
        "type": "Point",
        "coordinates": [
          13.7211998,
          9.22943
        ]
      },
      "id": "node/3037427517"
    },
    {
      "type": "Feature",
      "properties": {
        "@id": "node/3037427518",
        "name": "Padarme_1",
        "place": "village"
      },
      "geometry": {
        "type": "Point",
        "coordinates": [
          14.058167,
          9.529111
        ]
      },
      "id": "node/3037427518"
    },
    {
      "type": "Feature",
      "properties": {
        "@id": "node/3037427519",
        "name": "Padarme_2",
        "place": "village"
      },
      "geometry": {
        "type": "Point",
        "coordinates": [
          14.0563001,
          9.53465
        ]
      },
      "id": "node/3037427519"
    },
    {
      "type": "Feature",
      "properties": {
        "@id": "node/3037427520",
        "name": "Paha",
        "place": "village"
      },
      "geometry": {
        "type": "Point",
        "coordinates": [
          13.7635803,
          10.1609294
        ]
      },
      "id": "node/3037427520"
    },
    {
      "type": "Feature",
      "properties": {
        "@id": "node/3037427521",
        "name": "Pakete",
        "place": "village"
      },
      "geometry": {
        "type": "Point",
        "coordinates": [
          13.3208228,
          9.3061737
        ]
      },
      "id": "node/3037427521"
    },
    {
      "type": "Feature",
      "properties": {
        "@id": "node/3037427522",
        "fixme": "duplicate",
        "name": "Pakse",
        "place": "village"
      },
      "geometry": {
        "type": "Point",
        "coordinates": [
          12.9056389,
          8.6944171
        ]
      },
      "id": "node/3037427522"
    },
    {
      "type": "Feature",
      "properties": {
        "@id": "node/3037427523",
        "name": "Pakse",
        "place": "village"
      },
      "geometry": {
        "type": "Point",
        "coordinates": [
          12.9052199,
          8.6962501
        ]
      },
      "id": "node/3037427523"
    },
    {
      "type": "Feature",
      "properties": {
        "@id": "node/3037427524",
        "name": "Palpal",
        "place": "village"
      },
      "geometry": {
        "type": "Point",
        "coordinates": [
          13.7135999,
          10.22722
        ]
      },
      "id": "node/3037427524"
    },
    {
      "type": "Feature",
      "properties": {
        "@id": "node/3037427526",
        "name": "Pamtchi",
        "place": "village"
      },
      "geometry": {
        "type": "Point",
        "coordinates": [
          13.3511699,
          9.49713
        ]
      },
      "id": "node/3037427526"
    },
    {
      "type": "Feature",
      "properties": {
        "@id": "node/3037427527",
        "name": "Pana",
        "place": "village"
      },
      "geometry": {
        "type": "Point",
        "coordinates": [
          13.5225601,
          8.54609
        ]
      },
      "id": "node/3037427527"
    },
    {
      "type": "Feature",
      "properties": {
        "@id": "node/3037427528",
        "name": "Pana_matal",
        "place": "village"
      },
      "geometry": {
        "type": "Point",
        "coordinates": [
          13.4839818,
          8.553975
        ]
      },
      "id": "node/3037427528"
    },
    {
      "type": "Feature",
      "properties": {
        "@id": "node/3037427530",
        "name": "Pandjama 2",
        "place": "village"
      },
      "geometry": {
        "type": "Point",
        "coordinates": [
          15.2894999,
          7.85983
        ]
      },
      "id": "node/3037427530"
    },
    {
      "type": "Feature",
      "properties": {
        "@id": "node/3037427531",
        "name": "Pandjama 3",
        "place": "village"
      },
      "geometry": {
        "type": "Point",
        "coordinates": [
          15.2942299,
          7.8565501
        ]
      },
      "id": "node/3037427531"
    },
    {
      "type": "Feature",
      "properties": {
        "@id": "node/3037427532",
        "name": "Pandjama_1",
        "place": "village"
      },
      "geometry": {
        "type": "Point",
        "coordinates": [
          15.2865,
          7.8594721
        ]
      },
      "id": "node/3037427532"
    },
    {
      "type": "Feature",
      "properties": {
        "@id": "node/3037427534",
        "name": "Paprangui",
        "place": "village"
      },
      "geometry": {
        "type": "Point",
        "coordinates": [
          13.8118972,
          10.007852
        ]
      },
      "id": "node/3037427534"
    },
    {
      "type": "Feature",
      "properties": {
        "@id": "node/3037427535",
        "name": "Parkine",
        "place": "village"
      },
      "geometry": {
        "type": "Point",
        "coordinates": [
          13.9083401,
          9.95118
        ]
      },
      "id": "node/3037427535"
    },
    {
      "type": "Feature",
      "properties": {
        "@id": "node/3037427539",
        "name": "Patadje",
        "place": "village"
      },
      "geometry": {
        "type": "Point",
        "coordinates": [
          13.9626077,
          9.256558
        ]
      },
      "id": "node/3037427539"
    },
    {
      "type": "Feature",
      "properties": {
        "@id": "node/3037427540",
        "name": "Paté Manga",
        "place": "village",
        "wikidata": "Q26705694",
        "wikipedia": "fr:Paté Manga"
      },
      "geometry": {
        "type": "Point",
        "coordinates": [
          12.9762906,
          8.3052867
        ]
      },
      "id": "node/3037427540"
    },
    {
      "type": "Feature",
      "properties": {
        "@id": "node/3037427541",
        "name": "Pazara",
        "place": "village"
      },
      "geometry": {
        "type": "Point",
        "coordinates": [
          13.8173052,
          9.6336665
        ]
      },
      "id": "node/3037427541"
    },
    {
      "type": "Feature",
      "properties": {
        "@id": "node/3037427542",
        "name": "Pefe",
        "place": "village"
      },
      "geometry": {
        "type": "Point",
        "coordinates": [
          14.1514682,
          9.8776751
        ]
      },
      "id": "node/3037427542"
    },
    {
      "type": "Feature",
      "properties": {
        "@id": "node/3037427543",
        "name": "Pelgue",
        "place": "village"
      },
      "geometry": {
        "type": "Point",
        "coordinates": [
          14.02785,
          9.76944
        ]
      },
      "id": "node/3037427543"
    },
    {
      "type": "Feature",
      "properties": {
        "@id": "node/3037427544",
        "name": "Pena",
        "place": "village"
      },
      "geometry": {
        "type": "Point",
        "coordinates": [
          13.6250129,
          9.584156
        ]
      },
      "id": "node/3037427544"
    },
    {
      "type": "Feature",
      "properties": {
        "@id": "node/3037427545",
        "name": "Pengueng",
        "place": "village"
      },
      "geometry": {
        "type": "Point",
        "coordinates": [
          13.0095281,
          8.5533889
        ]
      },
      "id": "node/3037427545"
    },
    {
      "type": "Feature",
      "properties": {
        "@id": "node/3037427546",
        "name": "Perma",
        "place": "village"
      },
      "geometry": {
        "type": "Point",
        "coordinates": [
          13.5040201,
          9.32109
        ]
      },
      "id": "node/3037427546"
    },
    {
      "type": "Feature",
      "properties": {
        "@id": "node/3037427549",
        "name": "Phaco",
        "place": "village"
      },
      "geometry": {
        "type": "Point",
        "coordinates": [
          15.1378801,
          8.1437
        ]
      },
      "id": "node/3037427549"
    },
    {
      "type": "Feature",
      "properties": {
        "@id": "node/3037427550",
        "name": "Piaga",
        "place": "village"
      },
      "geometry": {
        "type": "Point",
        "coordinates": [
          13.9782499,
          9.6191699
        ]
      },
      "id": "node/3037427550"
    },
    {
      "type": "Feature",
      "properties": {
        "@id": "node/3037427552",
        "name": "Pina",
        "place": "village"
      },
      "geometry": {
        "type": "Point",
        "coordinates": [
          13.6630001,
          9.78883
        ]
      },
      "id": "node/3037427552"
    },
    {
      "type": "Feature",
      "properties": {
        "@id": "node/3037427553",
        "name": "Pintchoumba",
        "place": "village"
      },
      "geometry": {
        "type": "Point",
        "coordinates": [
          13.4246498,
          8.4848499
        ]
      },
      "id": "node/3037427553"
    },
    {
      "type": "Feature",
      "properties": {
        "@id": "node/3037427556",
        "name": "Pitoayel",
        "place": "village"
      },
      "geometry": {
        "type": "Point",
        "coordinates": [
          13.5216738,
          9.282866
        ]
      },
      "id": "node/3037427556"
    },
    {
      "type": "Feature",
      "properties": {
        "@id": "node/3037427557",
        "name": "Pologozom",
        "place": "village"
      },
      "geometry": {
        "type": "Point",
        "coordinates": [
          13.6991902,
          10.0763099
        ]
      },
      "id": "node/3037427557"
    },
    {
      "type": "Feature",
      "properties": {
        "@id": "node/3037427558",
        "name": "Pomla Petel",
        "name:fr": "Pomla Petel",
        "place": "village"
      },
      "geometry": {
        "type": "Point",
        "coordinates": [
          13.3401899,
          9.3704101
        ]
      },
      "id": "node/3037427558"
    },
    {
      "type": "Feature",
      "properties": {
        "@id": "node/3037427560",
        "name": "Pomla",
        "place": "village"
      },
      "geometry": {
        "type": "Point",
        "coordinates": [
          12.864987,
          8.756712
        ]
      },
      "id": "node/3037427560"
    },
    {
      "type": "Feature",
      "properties": {
        "@id": "node/3037427561",
        "name": "Pomla",
        "place": "village"
      },
      "geometry": {
        "type": "Point",
        "coordinates": [
          13.9222199,
          9.76389
        ]
      },
      "id": "node/3037427561"
    },
    {
      "type": "Feature",
      "properties": {
        "@id": "node/3037427562",
        "name": "Pomla_figuil",
        "place": "village"
      },
      "geometry": {
        "type": "Point",
        "coordinates": [
          13.9398998,
          9.7645501
        ]
      },
      "id": "node/3037427562"
    },
    {
      "type": "Feature",
      "properties": {
        "@id": "node/3037427563",
        "name": "Pomla Hamayero",
        "name:fr": "Pomla Hamayero",
        "place": "village"
      },
      "geometry": {
        "type": "Point",
        "coordinates": [
          13.3402421,
          9.371681
        ]
      },
      "id": "node/3037427563"
    },
    {
      "type": "Feature",
      "properties": {
        "@id": "node/3037427564",
        "name": "Pomla_manga",
        "place": "village"
      },
      "geometry": {
        "type": "Point",
        "coordinates": [
          13.3468138,
          9.3932247
        ]
      },
      "id": "node/3037427564"
    },
    {
      "type": "Feature",
      "properties": {
        "@id": "node/3037427565",
        "name": "Pongo",
        "place": "village"
      },
      "geometry": {
        "type": "Point",
        "coordinates": [
          15.021738,
          8.5280839
        ]
      },
      "id": "node/3037427565"
    },
    {
      "type": "Feature",
      "properties": {
        "@id": "node/3037427566",
        "name": "Poumpoumre",
        "place": "village"
      },
      "geometry": {
        "type": "Point",
        "coordinates": [
          13.7209702,
          9.4837501
        ]
      },
      "id": "node/3037427566"
    },
    {
      "type": "Feature",
      "properties": {
        "@id": "node/3037427567",
        "name": "Pouri Alam",
        "place": "village"
      },
      "geometry": {
        "type": "Point",
        "coordinates": [
          13.4346092,
          9.5926903
        ]
      },
      "id": "node/3037427567"
    },
    {
      "type": "Feature",
      "properties": {
        "@id": "node/3037427569",
        "name": "Poussane",
        "place": "village"
      },
      "geometry": {
        "type": "Point",
        "coordinates": [
          13.5082782,
          9.5818889
        ]
      },
      "id": "node/3037427569"
    },
    {
      "type": "Feature",
      "properties": {
        "@id": "node/3037427570",
        "name": "Pri",
        "place": "village"
      },
      "geometry": {
        "type": "Point",
        "coordinates": [
          13.734972,
          10.07375
        ]
      },
      "id": "node/3037427570"
    },
    {
      "type": "Feature",
      "properties": {
        "@id": "node/3037427571",
        "name": "Rabinga",
        "place": "village"
      },
      "geometry": {
        "type": "Point",
        "coordinates": [
          13.5301111,
          8.982639
        ]
      },
      "id": "node/3037427571"
    },
    {
      "type": "Feature",
      "properties": {
        "@id": "node/3037427572",
        "name": "Ram",
        "place": "village"
      },
      "geometry": {
        "type": "Point",
        "coordinates": [
          13.5109001,
          9.4899399
        ]
      },
      "id": "node/3037427572"
    },
    {
      "type": "Feature",
      "properties": {
        "@id": "node/3037427573",
        "name": "Madanai",
        "place": "village"
      },
      "geometry": {
        "type": "Point",
        "coordinates": [
          14.2019233,
          8.6674051
        ]
      },
      "id": "node/3037427573"
    },
    {
      "type": "Feature",
      "properties": {
        "@id": "node/3037427574",
        "name": "Rey Bouba",
        "note": "rank=0 car chef lieu d'arrondissement",
        "place": "town",
        "rank": "0"
      },
      "geometry": {
        "type": "Point",
        "coordinates": [
          14.1768069,
          8.6712018
        ]
      },
      "id": "node/3037427574"
    },
    {
      "type": "Feature",
      "properties": {
        "@id": "node/3037427575",
        "name": "Rey Manga",
        "place": "village"
      },
      "geometry": {
        "type": "Point",
        "coordinates": [
          14.1713302,
          8.6493001
        ]
      },
      "id": "node/3037427575"
    },
    {
      "type": "Feature",
      "properties": {
        "@id": "node/3037427576",
        "name": "Reyna",
        "place": "village"
      },
      "geometry": {
        "type": "Point",
        "coordinates": [
          14.28827,
          8.3882101
        ]
      },
      "id": "node/3037427576"
    },
    {
      "type": "Feature",
      "properties": {
        "@id": "node/3037427577",
        "name": "Riao",
        "place": "village"
      },
      "geometry": {
        "type": "Point",
        "coordinates": [
          13.6858399,
          9.1050501
        ]
      },
      "id": "node/3037427577"
    },
    {
      "type": "Feature",
      "properties": {
        "@id": "node/3037427578",
        "name": "Ribao",
        "place": "village"
      },
      "geometry": {
        "type": "Point",
        "coordinates": [
          15.0436501,
          7.79398
        ]
      },
      "id": "node/3037427578"
    },
    {
      "type": "Feature",
      "properties": {
        "@id": "node/3037427579",
        "name": "Ribao",
        "place": "village"
      },
      "geometry": {
        "type": "Point",
        "coordinates": [
          13.928094,
          9.7145229
        ]
      },
      "id": "node/3037427579"
    },
    {
      "type": "Feature",
      "properties": {
        "@id": "node/3037427581",
        "name": "Riga",
        "place": "village"
      },
      "geometry": {
        "type": "Point",
        "coordinates": [
          13.2109402,
          8.58884
        ]
      },
      "id": "node/3037427581"
    },
    {
      "type": "Feature",
      "properties": {
        "@id": "node/3037427582",
        "name": "Rya Bissai",
        "place": "village"
      },
      "geometry": {
        "type": "Point",
        "coordinates": [
          14.2768861,
          8.662401
        ]
      },
      "id": "node/3037427582"
    },
    {
      "type": "Feature",
      "properties": {
        "@id": "node/3037427583",
        "name": "Rognou",
        "place": "village"
      },
      "geometry": {
        "type": "Point",
        "coordinates": [
          13.5295549,
          9.8893049
        ]
      },
      "id": "node/3037427583"
    },
    {
      "type": "Feature",
      "properties": {
        "@id": "node/3037427584",
        "name": "Rol",
        "place": "village"
      },
      "geometry": {
        "type": "Point",
        "coordinates": [
          14.0864101,
          7.59638
        ]
      },
      "id": "node/3037427584"
    },
    {
      "type": "Feature",
      "properties": {
        "@id": "node/3037427585",
        "fixme": "no imagery",
        "name": "Rongondong",
        "place": "village"
      },
      "geometry": {
        "type": "Point",
        "coordinates": [
          15.382571,
          7.7420949
        ]
      },
      "id": "node/3037427585"
    },
    {
      "type": "Feature",
      "properties": {
        "@id": "node/3037427591",
        "name": "Sabongari",
        "place": "village"
      },
      "geometry": {
        "type": "Point",
        "coordinates": [
          14.2390501,
          8.3984101
        ]
      },
      "id": "node/3037427591"
    },
    {
      "type": "Feature",
      "properties": {
        "@id": "node/3037427593",
        "name": "Sabongari",
        "place": "village"
      },
      "geometry": {
        "type": "Point",
        "coordinates": [
          13.57997,
          9.0851801
        ]
      },
      "id": "node/3037427593"
    },
    {
      "type": "Feature",
      "properties": {
        "@id": "node/3037427594",
        "name": "Sabongari",
        "place": "village"
      },
      "geometry": {
        "type": "Point",
        "coordinates": [
          13.5462398,
          9.48419
        ]
      },
      "id": "node/3037427594"
    },
    {
      "type": "Feature",
      "properties": {
        "@id": "node/3037427595",
        "name": "Sabongari(lagdo)",
        "place": "village"
      },
      "geometry": {
        "type": "Point",
        "coordinates": [
          13.5800831,
          9.0836941
        ]
      },
      "id": "node/3037427595"
    },
    {
      "type": "Feature",
      "properties": {
        "@id": "node/3037427596",
        "name": "Sakdje",
        "place": "village"
      },
      "geometry": {
        "type": "Point",
        "coordinates": [
          13.65332,
          8.265537
        ]
      },
      "id": "node/3037427596"
    },
    {
      "type": "Feature",
      "properties": {
        "@id": "node/3037427597",
        "fixme": "no imagery",
        "name": "Salaki",
        "place": "village"
      },
      "geometry": {
        "type": "Point",
        "coordinates": [
          13.0833299,
          8.383333
        ]
      },
      "id": "node/3037427597"
    },
    {
      "type": "Feature",
      "properties": {
        "@id": "node/3037427598",
        "name": "Samoh_gouna",
        "place": "village"
      },
      "geometry": {
        "type": "Point",
        "coordinates": [
          13.5903438,
          8.5144781
        ]
      },
      "id": "node/3037427598"
    },
    {
      "type": "Feature",
      "properties": {
        "@id": "node/3037427599",
        "name": "Sanguere Ndjoi",
        "place": "village"
      },
      "geometry": {
        "type": "Point",
        "coordinates": [
          13.47975,
          9.2205501
        ]
      },
      "id": "node/3037427599"
    },
    {
      "type": "Feature",
      "properties": {
        "@id": "node/3037427600",
        "name": "Sanguere Ngal",
        "place": "village"
      },
      "geometry": {
        "type": "Point",
        "coordinates": [
          13.4931301,
          9.2096999
        ]
      },
      "id": "node/3037427600"
    },
    {
      "type": "Feature",
      "properties": {
        "@id": "node/3037427601",
        "name": "Sanguere Paul",
        "place": "village"
      },
      "geometry": {
        "type": "Point",
        "coordinates": [
          13.4606999,
          9.2777801
        ]
      },
      "id": "node/3037427601"
    },
    {
      "type": "Feature",
      "properties": {
        "@id": "node/3037427602",
        "fixme": "no imagery",
        "name": "Sanguere_bame_2",
        "place": "village"
      },
      "geometry": {
        "type": "Point",
        "coordinates": [
          13.5540558,
          9.0910561
        ]
      },
      "id": "node/3037427602"
    },
    {
      "type": "Feature",
      "properties": {
        "@id": "node/3037427603",
        "name": "Sanguere ndere",
        "place": "village"
      },
      "geometry": {
        "type": "Point",
        "coordinates": [
          13.4651671,
          9.257413
        ]
      },
      "id": "node/3037427603"
    },
    {
      "type": "Feature",
      "properties": {
        "@id": "node/3037427604",
        "name": "Sanguere_ngal",
        "place": "village"
      },
      "geometry": {
        "type": "Point",
        "coordinates": [
          13.4921671,
          9.2081669
        ]
      },
      "id": "node/3037427604"
    },
    {
      "type": "Feature",
      "properties": {
        "@id": "node/3037427605",
        "name": "Sarki",
        "place": "village"
      },
      "geometry": {
        "type": "Point",
        "coordinates": [
          13.3366799,
          9.2139301
        ]
      },
      "id": "node/3037427605"
    },
    {
      "type": "Feature",
      "properties": {
        "@id": "node/3037427606",
        "name": "Sarwa",
        "place": "village"
      },
      "geometry": {
        "type": "Point",
        "coordinates": [
          13.9519501,
          10.05246
        ]
      },
      "id": "node/3037427606"
    },
    {
      "type": "Feature",
      "properties": {
        "@id": "node/3037427608",
        "name": "Sebore",
        "place": "village"
      },
      "geometry": {
        "type": "Point",
        "coordinates": [
          13.8187598,
          9.2299601
        ]
      },
      "id": "node/3037427608"
    },
    {
      "type": "Feature",
      "properties": {
        "@id": "node/3037427609",
        "name": "Sebore",
        "place": "village"
      },
      "geometry": {
        "type": "Point",
        "coordinates": [
          13.6783501,
          9.45428
        ]
      },
      "id": "node/3037427609"
    },
    {
      "type": "Feature",
      "properties": {
        "@id": "node/3037427610",
        "name": "Sebore",
        "place": "village"
      },
      "geometry": {
        "type": "Point",
        "coordinates": [
          13.8041899,
          9.5417001
        ]
      },
      "id": "node/3037427610"
    },
    {
      "type": "Feature",
      "properties": {
        "@id": "node/3037427611",
        "name": "Sellifa",
        "place": "village"
      },
      "geometry": {
        "type": "Point",
        "coordinates": [
          13.3768379,
          9.207999
        ]
      },
      "id": "node/3037427611"
    },
    {
      "type": "Feature",
      "properties": {
        "@id": "node/3037427612",
        "name": "Sellou",
        "place": "village"
      },
      "geometry": {
        "type": "Point",
        "coordinates": [
          13.5478699,
          8.7132599
        ]
      },
      "id": "node/3037427612"
    },
    {
      "type": "Feature",
      "properties": {
        "@id": "node/3037427613",
        "name": "Senango",
        "place": "village"
      },
      "geometry": {
        "type": "Point",
        "coordinates": [
          14.34272,
          9.1993
        ]
      },
      "id": "node/3037427613"
    },
    {
      "type": "Feature",
      "properties": {
        "@id": "node/3037427614",
        "name": "Sibre_torou",
        "place": "village"
      },
      "geometry": {
        "type": "Point",
        "coordinates": [
          13.9032101,
          9.9257
        ]
      },
      "id": "node/3037427614"
    },
    {
      "type": "Feature",
      "properties": {
        "@id": "node/3037427615",
        "name": "Sikito",
        "place": "village"
      },
      "geometry": {
        "type": "Point",
        "coordinates": [
          13.4227199,
          9.1964499
        ]
      },
      "id": "node/3037427615"
    },
    {
      "type": "Feature",
      "properties": {
        "@id": "node/3037427616",
        "name": "Siko",
        "place": "village"
      },
      "geometry": {
        "type": "Point",
        "coordinates": [
          13.1006671,
          8.6495561
        ]
      },
      "id": "node/3037427616"
    },
    {
      "type": "Feature",
      "properties": {
        "@id": "node/3037427617",
        "name": "Sinassi 2",
        "place": "village"
      },
      "geometry": {
        "type": "Point",
        "coordinates": [
          14.4814644,
          8.857839
        ]
      },
      "id": "node/3037427617"
    },
    {
      "type": "Feature",
      "properties": {
        "@id": "node/3037427618",
        "name": "Sinassi_1",
        "place": "village"
      },
      "geometry": {
        "type": "Point",
        "coordinates": [
          14.4798329,
          8.858417
        ]
      },
      "id": "node/3037427618"
    },
    {
      "type": "Feature",
      "properties": {
        "@id": "node/3037427619",
        "name": "Sinassi_2",
        "place": "village"
      },
      "geometry": {
        "type": "Point",
        "coordinates": [
          14.4851602,
          8.84327
        ]
      },
      "id": "node/3037427619"
    },
    {
      "type": "Feature",
      "properties": {
        "@id": "node/3037427620",
        "name": "Singaidi",
        "place": "village"
      },
      "geometry": {
        "type": "Point",
        "coordinates": [
          13.9209721,
          9.9859999
        ]
      },
      "id": "node/3037427620"
    },
    {
      "type": "Feature",
      "properties": {
        "@id": "node/3037427622",
        "name": "Singuele",
        "place": "village"
      },
      "geometry": {
        "type": "Point",
        "coordinates": [
          13.8770274,
          9.654387
        ]
      },
      "id": "node/3037427622"
    },
    {
      "type": "Feature",
      "properties": {
        "@id": "node/3037427624",
        "name": "Sirbia",
        "place": "village"
      },
      "geometry": {
        "type": "Point",
        "coordinates": [
          15.28402,
          8.0439201
        ]
      },
      "id": "node/3037427624"
    },
    {
      "type": "Feature",
      "properties": {
        "@id": "node/3037427625",
        "name": "Sirdjam",
        "place": "village"
      },
      "geometry": {
        "type": "Point",
        "coordinates": [
          13.2664,
          8.55396
        ]
      },
      "id": "node/3037427625"
    },
    {
      "type": "Feature",
      "properties": {
        "@id": "node/3037427627",
        "name": "Siri",
        "place": "village"
      },
      "geometry": {
        "type": "Point",
        "coordinates": [
          15.2446392,
          8.0231669
        ]
      },
      "id": "node/3037427627"
    },
    {
      "type": "Feature",
      "properties": {
        "@id": "node/3037427628",
        "name": "Sirlkoltchi",
        "place": "village"
      },
      "geometry": {
        "type": "Point",
        "coordinates": [
          12.9468892,
          9.2924719
        ]
      },
      "id": "node/3037427628"
    },
    {
      "type": "Feature",
      "properties": {
        "@id": "node/3037427629",
        "name": "Socilin",
        "place": "village"
      },
      "geometry": {
        "type": "Point",
        "coordinates": [
          13.6959098,
          9.6228099
        ]
      },
      "id": "node/3037427629"
    },
    {
      "type": "Feature",
      "properties": {
        "@id": "node/3037427630",
        "name": "Sodalou",
        "place": "village"
      },
      "geometry": {
        "type": "Point",
        "coordinates": [
          13.8006202,
          9.58904
        ]
      },
      "id": "node/3037427630"
    },
    {
      "type": "Feature",
      "properties": {
        "@id": "node/3037427631",
        "name": "Sogbe",
        "place": "village"
      },
      "geometry": {
        "type": "Point",
        "coordinates": [
          15.4387199,
          7.55128
        ]
      },
      "id": "node/3037427631"
    },
    {
      "type": "Feature",
      "properties": {
        "@id": "node/3037427632",
        "name": "Solomo",
        "place": "village"
      },
      "geometry": {
        "type": "Point",
        "coordinates": [
          13.6206101,
          9.82159
        ]
      },
      "id": "node/3037427632"
    },
    {
      "type": "Feature",
      "properties": {
        "@id": "node/3037427733",
        "name": "Somessi",
        "place": "village"
      },
      "geometry": {
        "type": "Point",
        "coordinates": [
          14.0888122,
          9.0658839
        ]
      },
      "id": "node/3037427733"
    },
    {
      "type": "Feature",
      "properties": {
        "@id": "node/3037427735",
        "name": "Sona",
        "place": "village"
      },
      "geometry": {
        "type": "Point",
        "coordinates": [
          13.7729002,
          9.81698
        ]
      },
      "id": "node/3037427735"
    },
    {
      "type": "Feature",
      "properties": {
        "@id": "node/3037427736",
        "name": "Sonjilo",
        "place": "village"
      },
      "geometry": {
        "type": "Point",
        "coordinates": [
          13.330381,
          9.540387
        ]
      },
      "id": "node/3037427736"
    },
    {
      "type": "Feature",
      "properties": {
        "@id": "node/3037427737",
        "name": "Soramboum",
        "place": "village"
      },
      "geometry": {
        "type": "Point",
        "coordinates": [
          15.0017198,
          7.7933001
        ]
      },
      "id": "node/3037427737"
    },
    {
      "type": "Feature",
      "properties": {
        "@id": "node/3037427738",
        "name": "Sorawel",
        "place": "town"
      },
      "geometry": {
        "type": "Point",
        "coordinates": [
          13.8640298,
          9.7843141
        ]
      },
      "id": "node/3037427738"
    },
    {
      "type": "Feature",
      "properties": {
        "@id": "node/3037427739",
        "name": "Sorom",
        "place": "village"
      },
      "geometry": {
        "type": "Point",
        "coordinates": [
          13.6123402,
          9.4063
        ]
      },
      "id": "node/3037427739"
    },
    {
      "type": "Feature",
      "properties": {
        "@id": "node/3037427741",
        "name": "Sorombeo",
        "place": "village"
      },
      "geometry": {
        "type": "Point",
        "coordinates": [
          14.94551,
          8.2240573
        ]
      },
      "id": "node/3037427741"
    },
    {
      "type": "Feature",
      "properties": {
        "@id": "node/3037427742",
        "fixme": "no imagery",
        "name": "Sorombeo_mbiltao",
        "place": "village"
      },
      "geometry": {
        "type": "Point",
        "coordinates": [
          15.2932201,
          7.3801401
        ]
      },
      "id": "node/3037427742"
    },
    {
      "type": "Feature",
      "properties": {
        "@id": "node/3037427743",
        "name": "Souki",
        "place": "village"
      },
      "geometry": {
        "type": "Point",
        "coordinates": [
          14.3301701,
          9.19899
        ]
      },
      "id": "node/3037427743"
    },
    {
      "type": "Feature",
      "properties": {
        "@id": "node/3037427744",
        "name": "Soukoundou Casier",
        "place": "village"
      },
      "geometry": {
        "type": "Point",
        "coordinates": [
          13.8667995,
          9.8479274
        ]
      },
      "id": "node/3037427744"
    },
    {
      "type": "Feature",
      "properties": {
        "@id": "node/3037427745",
        "name": "Soukoundou_centre",
        "place": "village"
      },
      "geometry": {
        "type": "Point",
        "coordinates": [
          13.892211,
          9.8558551
        ]
      },
      "id": "node/3037427745"
    },
    {
      "type": "Feature",
      "properties": {
        "@id": "node/3037427747",
        "name": "Soulede",
        "place": "village"
      },
      "geometry": {
        "type": "Point",
        "coordinates": [
          13.499833,
          8.648389
        ]
      },
      "id": "node/3037427747"
    },
    {
      "type": "Feature",
      "properties": {
        "@id": "node/3037427750",
        "name": "Soulkandou",
        "place": "village"
      },
      "geometry": {
        "type": "Point",
        "coordinates": [
          13.8505728,
          9.733006
        ]
      },
      "id": "node/3037427750"
    },
    {
      "type": "Feature",
      "properties": {
        "@id": "node/3037427751",
        "name": "Soulmaki",
        "place": "village"
      },
      "geometry": {
        "type": "Point",
        "coordinates": [
          13.71357,
          9.2465101
        ]
      },
      "id": "node/3037427751"
    },
    {
      "type": "Feature",
      "properties": {
        "@id": "node/3037427752",
        "name": "Souroundaye",
        "place": "village"
      },
      "geometry": {
        "type": "Point",
        "coordinates": [
          13.6210781,
          9.72519
        ]
      },
      "id": "node/3037427752"
    },
    {
      "type": "Feature",
      "properties": {
        "@id": "node/3037427758",
        "name": "Talak",
        "place": "village"
      },
      "geometry": {
        "type": "Point",
        "coordinates": [
          13.69638,
          10.0964801
        ]
      },
      "id": "node/3037427758"
    },
    {
      "type": "Feature",
      "properties": {
        "@id": "node/3037427759",
        "name": "Taldam",
        "place": "village"
      },
      "geometry": {
        "type": "Point",
        "coordinates": [
          13.9053296,
          10.2222757
        ]
      },
      "id": "node/3037427759"
    },
    {
      "type": "Feature",
      "properties": {
        "@id": "node/3037427761",
        "name": "Tapare 1",
        "place": "village"
      },
      "geometry": {
        "type": "Point",
        "coordinates": [
          14.3199491,
          9.081014
        ]
      },
      "id": "node/3037427761"
    },
    {
      "type": "Feature",
      "properties": {
        "@id": "node/3037427762",
        "name": "Tapare 2",
        "place": "village"
      },
      "geometry": {
        "type": "Point",
        "coordinates": [
          14.3250247,
          9.0780523
        ]
      },
      "id": "node/3037427762"
    },
    {
      "type": "Feature",
      "properties": {
        "@id": "node/3037427763",
        "name": "Tapare Nord",
        "place": "village"
      },
      "geometry": {
        "type": "Point",
        "coordinates": [
          12.85781,
          8.6598401
        ]
      },
      "id": "node/3037427763"
    },
    {
      "type": "Feature",
      "properties": {
        "@id": "node/3037427764",
        "name": "Tapare",
        "place": "village"
      },
      "geometry": {
        "type": "Point",
        "coordinates": [
          14.190458,
          8.511086
        ]
      },
      "id": "node/3037427764"
    },
    {
      "type": "Feature",
      "properties": {
        "@id": "node/3037427765",
        "name": "Tapare",
        "place": "village"
      },
      "geometry": {
        "type": "Point",
        "coordinates": [
          13.3212578,
          9.472432
        ]
      },
      "id": "node/3037427765"
    },
    {
      "type": "Feature",
      "properties": {
        "@id": "node/3037427766",
        "name": "Tapare",
        "place": "village"
      },
      "geometry": {
        "type": "Point",
        "coordinates": [
          13.3207999,
          9.47579
        ]
      },
      "id": "node/3037427766"
    },
    {
      "type": "Feature",
      "properties": {
        "@id": "node/3037427767",
        "name": "Tapare_3",
        "place": "village"
      },
      "geometry": {
        "type": "Point",
        "coordinates": [
          12.8549999,
          8.6320831
        ]
      },
      "id": "node/3037427767"
    },
    {
      "type": "Feature",
      "properties": {
        "@id": "node/3037427768",
        "name": "Tapare_sud",
        "place": "village"
      },
      "geometry": {
        "type": "Point",
        "coordinates": [
          12.8641111,
          8.630222
        ]
      },
      "id": "node/3037427768"
    },
    {
      "type": "Feature",
      "properties": {
        "@id": "node/3037427769",
        "name": "Tapawa",
        "place": "village"
      },
      "geometry": {
        "type": "Point",
        "coordinates": [
          13.4646199,
          9.66796
        ]
      },
      "id": "node/3037427769"
    },
    {
      "type": "Feature",
      "properties": {
        "@id": "node/3037427770",
        "name": "Tapi",
        "place": "village"
      },
      "geometry": {
        "type": "Point",
        "coordinates": [
          15.2174999,
          7.939611
        ]
      },
      "id": "node/3037427770"
    },
    {
      "type": "Feature",
      "properties": {
        "@id": "node/3037427771",
        "name": "Taraba 1",
        "place": "village"
      },
      "geometry": {
        "type": "Point",
        "coordinates": [
          13.5193399,
          9.9622299
        ]
      },
      "id": "node/3037427771"
    },
    {
      "type": "Feature",
      "properties": {
        "@id": "node/3037427772",
        "name": "Tatesse",
        "place": "village"
      },
      "geometry": {
        "type": "Point",
        "coordinates": [
          12.913466,
          8.619485
        ]
      },
      "id": "node/3037427772"
    },
    {
      "type": "Feature",
      "properties": {
        "@id": "node/3037427773",
        "name": "Tawane",
        "place": "village"
      },
      "geometry": {
        "type": "Point",
        "coordinates": [
          13.9318402,
          10.10766
        ]
      },
      "id": "node/3037427773"
    },
    {
      "type": "Feature",
      "properties": {
        "@id": "node/3037427774",
        "name": "Tawe",
        "place": "village"
      },
      "geometry": {
        "type": "Point",
        "coordinates": [
          13.036639,
          9.305167
        ]
      },
      "id": "node/3037427774"
    },
    {
      "type": "Feature",
      "properties": {
        "@id": "node/3037427775",
        "name": "Tchakadjam",
        "place": "village"
      },
      "geometry": {
        "type": "Point",
        "coordinates": [
          14.0138224,
          9.9650146
        ]
      },
      "id": "node/3037427775"
    },
    {
      "type": "Feature",
      "properties": {
        "@id": "node/3037427776",
        "name": "Tchakare",
        "place": "village"
      },
      "geometry": {
        "type": "Point",
        "coordinates": [
          13.77567,
          9.33539
        ]
      },
      "id": "node/3037427776"
    },
    {
      "type": "Feature",
      "properties": {
        "@id": "node/3037427777",
        "name": "Tchakare",
        "place": "village"
      },
      "geometry": {
        "type": "Point",
        "coordinates": [
          14.020578,
          9.4179491
        ]
      },
      "id": "node/3037427777"
    },
    {
      "type": "Feature",
      "properties": {
        "@id": "node/3037427779",
        "name": "Tchamba",
        "place": "village"
      },
      "geometry": {
        "type": "Point",
        "coordinates": [
          12.8078708,
          8.6278949
        ]
      },
      "id": "node/3037427779"
    },
    {
      "type": "Feature",
      "properties": {
        "@id": "node/3037427780",
        "name": "Tchangou",
        "place": "village"
      },
      "geometry": {
        "type": "Point",
        "coordinates": [
          13.8107256,
          9.6226787
        ]
      },
      "id": "node/3037427780"
    },
    {
      "type": "Feature",
      "properties": {
        "@id": "node/3037427781",
        "name": "Tchapka",
        "place": "village"
      },
      "geometry": {
        "type": "Point",
        "coordinates": [
          13.9438998,
          9.9491
        ]
      },
      "id": "node/3037427781"
    },
    {
      "type": "Feature",
      "properties": {
        "@id": "node/3037427782",
        "name": "Tcharatche",
        "place": "village"
      },
      "geometry": {
        "type": "Point",
        "coordinates": [
          13.129722,
          9.345861
        ]
      },
      "id": "node/3037427782"
    },
    {
      "type": "Feature",
      "properties": {
        "@id": "node/3037427784",
        "name": "Tchebore",
        "place": "village"
      },
      "geometry": {
        "type": "Point",
        "coordinates": [
          13.8734822,
          9.7098582
        ]
      },
      "id": "node/3037427784"
    },
    {
      "type": "Feature",
      "properties": {
        "@id": "node/3037427785",
        "name": "Tchekal",
        "place": "village"
      },
      "geometry": {
        "type": "Point",
        "coordinates": [
          13.8125902,
          9.65437
        ]
      },
      "id": "node/3037427785"
    },
    {
      "type": "Feature",
      "properties": {
        "@id": "node/3037427786",
        "name": "Tcherfeke",
        "place": "village"
      },
      "geometry": {
        "type": "Point",
        "coordinates": [
          13.997778,
          8.9924375
        ]
      },
      "id": "node/3037427786"
    },
    {
      "type": "Feature",
      "properties": {
        "@id": "node/3037427788",
        "name": "Tchiffel",
        "place": "village",
        "population": "i dont know"
      },
      "geometry": {
        "type": "Point",
        "coordinates": [
          13.3539599,
          9.4817199
        ]
      },
      "id": "node/3037427788"
    },
    {
      "type": "Feature",
      "properties": {
        "@id": "node/3037427789",
        "name": "Tchikaf Centre",
        "place": "village"
      },
      "geometry": {
        "type": "Point",
        "coordinates": [
          13.9601073,
          10.0089242
        ]
      },
      "id": "node/3037427789"
    },
    {
      "type": "Feature",
      "properties": {
        "@id": "node/3037427790",
        "name": "Tchikaf Matafarre",
        "place": "village"
      },
      "geometry": {
        "type": "Point",
        "coordinates": [
          13.96139,
          9.9914001
        ]
      },
      "id": "node/3037427790"
    },
    {
      "type": "Feature",
      "properties": {
        "@id": "node/3037427791",
        "name": "Tchita",
        "place": "village"
      },
      "geometry": {
        "type": "Point",
        "coordinates": [
          13.5353761,
          9.054527
        ]
      },
      "id": "node/3037427791"
    },
    {
      "type": "Feature",
      "properties": {
        "@id": "node/3037427792",
        "name": "Tchollaram",
        "place": "village"
      },
      "geometry": {
        "type": "Point",
        "coordinates": [
          13.56016,
          9.54571
        ]
      },
      "id": "node/3037427792"
    },
    {
      "type": "Feature",
      "properties": {
        "@id": "node/3037427793",
        "name": "Tchollire_3",
        "place": "village"
      },
      "geometry": {
        "type": "Point",
        "coordinates": [
          14.1586672,
          8.376556
        ]
      },
      "id": "node/3037427793"
    },
    {
      "type": "Feature",
      "properties": {
        "@id": "node/3037427794",
        "name": "Tchonchi",
        "place": "village"
      },
      "geometry": {
        "type": "Point",
        "coordinates": [
          13.8466251,
          9.7102673
        ]
      },
      "id": "node/3037427794"
    },
    {
      "type": "Feature",
      "properties": {
        "@id": "node/3037427798",
        "name": "Tekna",
        "place": "village"
      },
      "geometry": {
        "type": "Point",
        "coordinates": [
          12.9897799,
          8.6670699
        ]
      },
      "id": "node/3037427798"
    },
    {
      "type": "Feature",
      "properties": {
        "@id": "node/3037427802",
        "name": "Tete",
        "place": "village"
      },
      "geometry": {
        "type": "Point",
        "coordinates": [
          13.059194,
          8.6121939
        ]
      },
      "id": "node/3037427802"
    },
    {
      "type": "Feature",
      "properties": {
        "@id": "node/3037427804",
        "name": "Tiguere",
        "place": "village"
      },
      "geometry": {
        "type": "Point",
        "coordinates": [
          14.0657,
          9.5246999
        ]
      },
      "id": "node/3037427804"
    },
    {
      "type": "Feature",
      "properties": {
        "@id": "node/3037427805",
        "name": "Tihele",
        "place": "village"
      },
      "geometry": {
        "type": "Point",
        "coordinates": [
          14.0294801,
          9.5386401
        ]
      },
      "id": "node/3037427805"
    },
    {
      "type": "Feature",
      "properties": {
        "@id": "node/3037427806",
        "name": "Tikelkel",
        "place": "village"
      },
      "geometry": {
        "type": "Point",
        "coordinates": [
          13.7989199,
          9.9905599
        ]
      },
      "id": "node/3037427806"
    },
    {
      "type": "Feature",
      "properties": {
        "@id": "node/3037427807",
        "name": "Timbo",
        "place": "village"
      },
      "geometry": {
        "type": "Point",
        "coordinates": [
          13.6768702,
          9.6013701
        ]
      },
      "id": "node/3037427807"
    },
    {
      "type": "Feature",
      "properties": {
        "@id": "node/3037427808",
        "name": "Time Le_bas",
        "place": "village"
      },
      "geometry": {
        "type": "Point",
        "coordinates": [
          13.7112098,
          10.2246899
        ]
      },
      "id": "node/3037427808"
    },
    {
      "type": "Feature",
      "properties": {
        "@id": "node/3037427809",
        "name": "Tingiling",
        "name:fr": "Tingiling",
        "place": "village"
      },
      "geometry": {
        "type": "Point",
        "coordinates": [
          13.3402669,
          9.371692
        ]
      },
      "id": "node/3037427809"
    },
    {
      "type": "Feature",
      "properties": {
        "@id": "node/3037427810",
        "name": "Titing",
        "place": "village"
      },
      "geometry": {
        "type": "Point",
        "coordinates": [
          14.0344481,
          10.1056497
        ]
      },
      "id": "node/3037427810"
    },
    {
      "type": "Feature",
      "properties": {
        "@id": "node/3037427811",
        "name": "Tokombere",
        "place": "village"
      },
      "geometry": {
        "type": "Point",
        "coordinates": [
          13.518707,
          9.3938879
        ]
      },
      "id": "node/3037427811"
    },
    {
      "type": "Feature",
      "properties": {
        "@id": "node/3037427812",
        "name": "Tokormaye",
        "place": "village"
      },
      "geometry": {
        "type": "Point",
        "coordinates": [
          14.4472601,
          8.89617
        ]
      },
      "id": "node/3037427812"
    },
    {
      "type": "Feature",
      "properties": {
        "@id": "node/3037427813",
        "name": "Tokormaye",
        "place": "village"
      },
      "geometry": {
        "type": "Point",
        "coordinates": [
          14.4782899,
          9.00163
        ]
      },
      "id": "node/3037427813"
    },
    {
      "type": "Feature",
      "properties": {
        "@id": "node/3037427814",
        "name": "Toldou",
        "place": "village"
      },
      "geometry": {
        "type": "Point",
        "coordinates": [
          13.8621802,
          10.0005401
        ]
      },
      "id": "node/3037427814"
    },
    {
      "type": "Feature",
      "properties": {
        "@id": "node/3037427815",
        "name": "Tolore",
        "place": "village"
      },
      "geometry": {
        "type": "Point",
        "coordinates": [
          14.20024,
          8.4489201
        ]
      },
      "id": "node/3037427815"
    },
    {
      "type": "Feature",
      "properties": {
        "@id": "node/3037427816",
        "name": "Tolore_2",
        "place": "village"
      },
      "geometry": {
        "type": "Point",
        "coordinates": [
          14.2009171,
          8.448139
        ]
      },
      "id": "node/3037427816"
    },
    {
      "type": "Feature",
      "properties": {
        "@id": "node/3037427817",
        "name": "Tontonhon Koubawol",
        "place": "village"
      },
      "geometry": {
        "type": "Point",
        "coordinates": [
          13.3363901,
          9.6627499
        ]
      },
      "id": "node/3037427817"
    },
    {
      "type": "Feature",
      "properties": {
        "@id": "node/3037427818",
        "name": "Torkine",
        "place": "village"
      },
      "geometry": {
        "type": "Point",
        "coordinates": [
          13.7822008,
          9.9437767
        ]
      },
      "id": "node/3037427818"
    },
    {
      "type": "Feature",
      "properties": {
        "@id": "node/3037427819",
        "name": "Toro Centre",
        "place": "village"
      },
      "geometry": {
        "type": "Point",
        "coordinates": [
          13.42773,
          9.5256701
        ]
      },
      "id": "node/3037427819"
    },
    {
      "type": "Feature",
      "properties": {
        "@id": "node/3037427820",
        "name": "Toro_ouro_dole",
        "place": "village"
      },
      "geometry": {
        "type": "Point",
        "coordinates": [
          13.3925558,
          9.492361
        ]
      },
      "id": "node/3037427820"
    },
    {
      "type": "Feature",
      "properties": {
        "@id": "node/3037427821",
        "name": "Torreye",
        "place": "village"
      },
      "geometry": {
        "type": "Point",
        "coordinates": [
          13.6851199,
          9.35682
        ]
      },
      "id": "node/3037427821"
    },
    {
      "type": "Feature",
      "properties": {
        "@id": "node/3037427822",
        "name": "Touboro_1",
        "place": "village"
      },
      "geometry": {
        "type": "Point",
        "coordinates": [
          15.362663,
          7.773523
        ]
      },
      "id": "node/3037427822"
    },
    {
      "type": "Feature",
      "properties": {
        "@id": "node/3037427823",
        "name": "Touboro_3",
        "place": "village"
      },
      "geometry": {
        "type": "Point",
        "coordinates": [
          15.3475751,
          7.768149
        ]
      },
      "id": "node/3037427823"
    },
    {
      "type": "Feature",
      "properties": {
        "@id": "node/3037427824",
        "name": "Touklou",
        "place": "village"
      },
      "geometry": {
        "type": "Point",
        "coordinates": [
          15.09259,
          7.78387
        ]
      },
      "id": "node/3037427824"
    },
    {
      "type": "Feature",
      "properties": {
        "@id": "node/3037427826",
        "name": "Toura Lara",
        "place": "village"
      },
      "geometry": {
        "type": "Point",
        "coordinates": [
          14.0623867,
          9.0048692
        ]
      },
      "id": "node/3037427826"
    },
    {
      "type": "Feature",
      "properties": {
        "@id": "node/3037427839",
        "name": "Touroua_2",
        "place": "village"
      },
      "geometry": {
        "type": "Point",
        "coordinates": [
          12.9813001,
          9.0788
        ]
      },
      "id": "node/3037427839"
    },
    {
      "type": "Feature",
      "properties": {
        "@id": "node/3037427840",
        "name": "Touroua_3",
        "place": "village"
      },
      "geometry": {
        "type": "Point",
        "coordinates": [
          12.9782999,
          9.0746999
        ]
      },
      "id": "node/3037427840"
    },
    {
      "type": "Feature",
      "properties": {
        "@id": "node/3037427841",
        "name": "Tra",
        "place": "village"
      },
      "geometry": {
        "type": "Point",
        "coordinates": [
          13.7929418,
          10.0554406
        ]
      },
      "id": "node/3037427841"
    },
    {
      "type": "Feature",
      "properties": {
        "@id": "node/3037427842",
        "fixme": "no imagery",
        "name": "Travaux",
        "place": "village"
      },
      "geometry": {
        "type": "Point",
        "coordinates": [
          12.8908271,
          8.6252201
        ]
      },
      "id": "node/3037427842"
    },
    {
      "type": "Feature",
      "properties": {
        "@id": "node/3037427843",
        "fixme": "no imagery",
        "name": "Tshakagossadje",
        "place": "village"
      },
      "geometry": {
        "type": "Point",
        "coordinates": [
          13.2986858,
          9.49489
        ]
      },
      "id": "node/3037427843"
    },
    {
      "type": "Feature",
      "properties": {
        "@id": "node/3037427844",
        "name": "Tsorke",
        "place": "village"
      },
      "geometry": {
        "type": "Point",
        "coordinates": [
          13.2003299,
          8.74983
        ]
      },
      "id": "node/3037427844"
    },
    {
      "type": "Feature",
      "properties": {
        "@id": "node/3037427845",
        "name": "Vaimba",
        "place": "village"
      },
      "geometry": {
        "type": "Point",
        "coordinates": [
          14.53441,
          8.79796
        ]
      },
      "id": "node/3037427845"
    },
    {
      "type": "Feature",
      "properties": {
        "@id": "node/3037427847",
        "name": "Vogzom_1",
        "place": "village"
      },
      "geometry": {
        "type": "Point",
        "coordinates": [
          14.6585801,
          7.77697
        ]
      },
      "id": "node/3037427847"
    },
    {
      "type": "Feature",
      "properties": {
        "@id": "node/3037427848",
        "name": "Vogzom_2",
        "place": "village"
      },
      "geometry": {
        "type": "Point",
        "coordinates": [
          14.6585002,
          7.7753611
        ]
      },
      "id": "node/3037427848"
    },
    {
      "type": "Feature",
      "properties": {
        "@id": "node/3037427849",
        "name": "Voko",
        "place": "village"
      },
      "geometry": {
        "type": "Point",
        "coordinates": [
          12.960139,
          8.4071111
        ]
      },
      "id": "node/3037427849"
    },
    {
      "type": "Feature",
      "properties": {
        "@id": "node/3037427850",
        "name": "Vongna",
        "place": "village"
      },
      "geometry": {
        "type": "Point",
        "coordinates": [
          14.3950298,
          7.6677301
        ]
      },
      "id": "node/3037427850"
    },
    {
      "type": "Feature",
      "properties": {
        "@id": "node/3037427851",
        "name": "Vonozoum",
        "place": "village"
      },
      "geometry": {
        "type": "Point",
        "coordinates": [
          13.7663429,
          10.2150038
        ]
      },
      "id": "node/3037427851"
    },
    {
      "type": "Feature",
      "properties": {
        "@id": "node/3037427852",
        "name": "Vonre",
        "place": "village"
      },
      "geometry": {
        "type": "Point",
        "coordinates": [
          14.0426399,
          9.5740001
        ]
      },
      "id": "node/3037427852"
    },
    {
      "type": "Feature",
      "properties": {
        "@id": "node/3037427855",
        "name": "Vourmoutch",
        "place": "village"
      },
      "geometry": {
        "type": "Point",
        "coordinates": [
          13.7791699,
          10.03951
        ]
      },
      "id": "node/3037427855"
    },
    {
      "type": "Feature",
      "properties": {
        "@id": "node/3037427857",
        "name": "Voye",
        "place": "village"
      },
      "geometry": {
        "type": "Point",
        "coordinates": [
          15.2856,
          7.76819
        ]
      },
      "id": "node/3037427857"
    },
    {
      "type": "Feature",
      "properties": {
        "@id": "node/3037427862",
        "name": "Wafo",
        "place": "village"
      },
      "geometry": {
        "type": "Point",
        "coordinates": [
          13.6458354,
          9.785087
        ]
      },
      "id": "node/3037427862"
    },
    {
      "type": "Feature",
      "properties": {
        "@id": "node/3037427863",
        "name": "Waga",
        "place": "village"
      },
      "geometry": {
        "type": "Point",
        "coordinates": [
          13.8638099,
          9.42614
        ]
      },
      "id": "node/3037427863"
    },
    {
      "type": "Feature",
      "properties": {
        "@id": "node/3037427864",
        "name": "Wagouri",
        "place": "village"
      },
      "geometry": {
        "type": "Point",
        "coordinates": [
          13.604,
          9.9240001
        ]
      },
      "id": "node/3037427864"
    },
    {
      "type": "Feature",
      "properties": {
        "@id": "node/3037427865",
        "name": "Wahoula",
        "place": "village"
      },
      "geometry": {
        "type": "Point",
        "coordinates": [
          15.0668701,
          8.56375
        ]
      },
      "id": "node/3037427865"
    },
    {
      "type": "Feature",
      "properties": {
        "@id": "node/3037427866",
        "name": "Wakassao",
        "place": "village"
      },
      "geometry": {
        "type": "Point",
        "coordinates": [
          15.2850899,
          7.32826
        ]
      },
      "id": "node/3037427866"
    },
    {
      "type": "Feature",
      "properties": {
        "@id": "node/3037427869",
        "name": "Walde Bororo",
        "place": "village"
      },
      "geometry": {
        "type": "Point",
        "coordinates": [
          13.8483101,
          9.80566
        ]
      },
      "id": "node/3037427869"
    },
    {
      "type": "Feature",
      "properties": {
        "@id": "node/3037427870",
        "name": "Waleol Gade",
        "place": "village"
      },
      "geometry": {
        "type": "Point",
        "coordinates": [
          13.6626998,
          9.6820701
        ]
      },
      "id": "node/3037427870"
    },
    {
      "type": "Feature",
      "properties": {
        "@id": "node/3037427871",
        "name": "Waleol So",
        "place": "village"
      },
      "geometry": {
        "type": "Point",
        "coordinates": [
          13.98578,
          9.69314
        ]
      },
      "id": "node/3037427871"
    },
    {
      "type": "Feature",
      "properties": {
        "@id": "node/3037427872",
        "name": "Waleol_roubo",
        "place": "village"
      },
      "geometry": {
        "type": "Point",
        "coordinates": [
          13.8742902,
          9.84336
        ]
      },
      "id": "node/3037427872"
    },
    {
      "type": "Feature",
      "properties": {
        "@id": "node/3037427873",
        "name": "Walewol",
        "place": "village"
      },
      "geometry": {
        "type": "Point",
        "coordinates": [
          13.6534799,
          9.5105299
        ]
      },
      "id": "node/3037427873"
    },
    {
      "type": "Feature",
      "properties": {
        "@id": "node/3037427878",
        "name": "Wandjara",
        "place": "village"
      },
      "geometry": {
        "type": "Point",
        "coordinates": [
          13.7378002,
          9.61557
        ]
      },
      "id": "node/3037427878"
    },
    {
      "type": "Feature",
      "properties": {
        "@id": "node/3037427879",
        "name": "Wantounou",
        "place": "village"
      },
      "geometry": {
        "type": "Point",
        "coordinates": [
          15.2386898,
          7.3218899
        ]
      },
      "id": "node/3037427879"
    },
    {
      "type": "Feature",
      "properties": {
        "@id": "node/3037427880",
        "name": "Warte",
        "place": "village"
      },
      "geometry": {
        "type": "Point",
        "coordinates": [
          13.027253,
          8.6915079
        ]
      },
      "id": "node/3037427880"
    },
    {
      "type": "Feature",
      "properties": {
        "@id": "node/3037427885",
        "name": "Wayeba",
        "place": "village"
      },
      "geometry": {
        "type": "Point",
        "coordinates": [
          14.0362571,
          9.85479
        ]
      },
      "id": "node/3037427885"
    },
    {
      "type": "Feature",
      "properties": {
        "@id": "node/3037427890",
        "name": "Winde Loue",
        "place": "village"
      },
      "geometry": {
        "type": "Point",
        "coordinates": [
          14.0208675,
          10.0210045
        ]
      },
      "id": "node/3037427890"
    },
    {
      "type": "Feature",
      "properties": {
        "@id": "node/3037427891",
        "name": "Winde Yola",
        "place": "village"
      },
      "geometry": {
        "type": "Point",
        "coordinates": [
          13.79587,
          10.0879801
        ]
      },
      "id": "node/3037427891"
    },
    {
      "type": "Feature",
      "properties": {
        "@id": "node/3037427892",
        "name": "Winde",
        "place": "village"
      },
      "geometry": {
        "type": "Point",
        "coordinates": [
          14.88951,
          8.70499
        ]
      },
      "id": "node/3037427892"
    },
    {
      "type": "Feature",
      "properties": {
        "@id": "node/3037427893",
        "name": "Winde_bouri",
        "place": "village"
      },
      "geometry": {
        "type": "Point",
        "coordinates": [
          13.6295269,
          8.512002
        ]
      },
      "id": "node/3037427893"
    },
    {
      "type": "Feature",
      "properties": {
        "@id": "node/3037427896",
        "fixme": "no imagery",
        "name": "Winde_ngong",
        "place": "village"
      },
      "geometry": {
        "type": "Point",
        "coordinates": [
          13.4525542,
          8.968423
        ]
      },
      "id": "node/3037427896"
    },
    {
      "type": "Feature",
      "properties": {
        "@id": "node/3037427899",
        "name": "Woulep",
        "place": "village"
      },
      "geometry": {
        "type": "Point",
        "coordinates": [
          13.7467102,
          10.1639999
        ]
      },
      "id": "node/3037427899"
    },
    {
      "type": "Feature",
      "properties": {
        "@id": "node/3037427900",
        "name": "Wourlagwe",
        "place": "village"
      },
      "geometry": {
        "type": "Point",
        "coordinates": [
          15.4656101,
          7.6441399
        ]
      },
      "id": "node/3037427900"
    },
    {
      "type": "Feature",
      "properties": {
        "@id": "node/3037427901",
        "name": "Yaberia",
        "place": "village"
      },
      "geometry": {
        "type": "Point",
        "coordinates": [
          13.9232401,
          9.4710501
        ]
      },
      "id": "node/3037427901"
    },
    {
      "type": "Feature",
      "properties": {
        "@id": "node/3037427902",
        "name": "Yaberia_gada_mayo",
        "place": "village"
      },
      "geometry": {
        "type": "Point",
        "coordinates": [
          13.9185,
          9.4710799
        ]
      },
      "id": "node/3037427902"
    },
    {
      "type": "Feature",
      "properties": {
        "@id": "node/3037427903",
        "name": "Yadia",
        "place": "village"
      },
      "geometry": {
        "type": "Point",
        "coordinates": [
          14.46624,
          9.0359001
        ]
      },
      "id": "node/3037427903"
    },
    {
      "type": "Feature",
      "properties": {
        "@id": "node/3037427905",
        "name": "Yagadi",
        "place": "village"
      },
      "geometry": {
        "type": "Point",
        "coordinates": [
          13.703921,
          8.8097895
        ]
      },
      "id": "node/3037427905"
    },
    {
      "type": "Feature",
      "properties": {
        "@id": "node/3037427906",
        "name": "Yagoye",
        "place": "village"
      },
      "geometry": {
        "type": "Point",
        "coordinates": [
          15.0952799,
          8.65879
        ]
      },
      "id": "node/3037427906"
    },
    {
      "type": "Feature",
      "properties": {
        "@id": "node/3037427907",
        "name": "Yanli 2",
        "place": "village"
      },
      "geometry": {
        "type": "Point",
        "coordinates": [
          15.27089,
          8.06471
        ]
      },
      "id": "node/3037427907"
    },
    {
      "type": "Feature",
      "properties": {
        "@id": "node/3037427908",
        "name": "Yanli_1",
        "place": "village"
      },
      "geometry": {
        "type": "Point",
        "coordinates": [
          15.2701668,
          8.063944
        ]
      },
      "id": "node/3037427908"
    },
    {
      "type": "Feature",
      "properties": {
        "@id": "node/3037427911",
        "name": "Yelle",
        "place": "village"
      },
      "geometry": {
        "type": "Point",
        "coordinates": [
          13.0406059,
          8.4993671
        ]
      },
      "id": "node/3037427911"
    },
    {
      "type": "Feature",
      "properties": {
        "@id": "node/3037427915",
        "name": "Yobo",
        "place": "village"
      },
      "geometry": {
        "type": "Point",
        "coordinates": [
          13.0497199,
          8.7131
        ]
      },
      "id": "node/3037427915"
    },
    {
      "type": "Feature",
      "properties": {
        "@id": "node/3037427916",
        "name": "Yoko",
        "place": "village"
      },
      "geometry": {
        "type": "Point",
        "coordinates": [
          14.5353899,
          7.69044
        ]
      },
      "id": "node/3037427916"
    },
    {
      "type": "Feature",
      "properties": {
        "@id": "node/3037427918",
        "name": "Yola Bodewa",
        "place": "village"
      },
      "geometry": {
        "type": "Point",
        "coordinates": [
          14.268088,
          9.2759071
        ]
      },
      "id": "node/3037427918"
    },
    {
      "type": "Feature",
      "properties": {
        "@id": "node/3037427919",
        "name": "Yoldeo",
        "place": "village"
      },
      "geometry": {
        "type": "Point",
        "coordinates": [
          13.52561,
          9.0308799
        ]
      },
      "id": "node/3037427919"
    },
    {
      "type": "Feature",
      "properties": {
        "@id": "node/3037427920",
        "name": "You",
        "place": "village"
      },
      "geometry": {
        "type": "Point",
        "coordinates": [
          13.5469001,
          9.60684
        ]
      },
      "id": "node/3037427920"
    },
    {
      "type": "Feature",
      "properties": {
        "@id": "node/3037427933",
        "name": "Zera",
        "place": "village"
      },
      "geometry": {
        "type": "Point",
        "coordinates": [
          13.47354,
          8.4998601
        ]
      },
      "id": "node/3037427933"
    },
    {
      "type": "Feature",
      "properties": {
        "@id": "node/3037427934",
        "name": "Zera_2",
        "place": "village"
      },
      "geometry": {
        "type": "Point",
        "coordinates": [
          13.474111,
          8.4979719
        ]
      },
      "id": "node/3037427934"
    },
    {
      "type": "Feature",
      "properties": {
        "@id": "node/3374598175",
        "name": "Denou",
        "place": "village"
      },
      "geometry": {
        "type": "Point",
        "coordinates": [
          12.4984288,
          8.5059575
        ]
      },
      "id": "node/3374598175"
    },
    {
      "type": "Feature",
      "properties": {
        "@id": "node/3393592747",
        "place": "village"
      },
      "geometry": {
        "type": "Point",
        "coordinates": [
          14.5760517,
          7.7040708
        ]
      },
      "id": "node/3393592747"
    },
    {
      "type": "Feature",
      "properties": {
        "@id": "node/3394225524",
        "place": "village"
      },
      "geometry": {
        "type": "Point",
        "coordinates": [
          12.9582516,
          9.1103
        ]
      },
      "id": "node/3394225524"
    },
    {
      "type": "Feature",
      "properties": {
        "@id": "node/4509307299",
        "name": "Pitoa",
        "note": "rank=0 car chef lieu d'arrondissement",
        "place": "town",
        "population": "28636",
        "rank": "0",
        "wikidata": "Q11818718",
        "wikipedia": "en:Pitoa"
      },
      "geometry": {
        "type": "Point",
        "coordinates": [
          13.5011153,
          9.3861256
        ]
      },
      "id": "node/4509307299"
    },
    {
      "type": "Feature",
      "properties": {
        "@id": "node/4686851816",
        "name": "Babaje",
        "place": "village"
      },
      "geometry": {
        "type": "Point",
        "coordinates": [
          14.0004083,
          9.6881683
        ]
      },
      "id": "node/4686851816"
    },
    {
      "type": "Feature",
      "properties": {
        "@id": "node/4718277333",
        "GNS:id": "-3159018",
        "name": "Sokorta Petel",
        "place": "village",
        "source": "GNS"
      },
      "geometry": {
        "type": "Point",
        "coordinates": [
          14.7216988,
          7.1667788
        ]
      },
      "id": "node/4718277333"
    },
    {
      "type": "Feature",
      "properties": {
        "@id": "node/4718277334",
        "GNS:id": "-3147960",
        "name": "Djaboulé",
        "place": "village",
        "source": "GNS"
      },
      "geometry": {
        "type": "Point",
        "coordinates": [
          14.6565122,
          7.1800598
        ]
      },
      "id": "node/4718277334"
    },
    {
      "type": "Feature",
      "properties": {
        "@id": "node/4718277335",
        "GNS:id": "-3148029",
        "name": "Djaoro Deou",
        "place": "village",
        "source": "GNS"
      },
      "geometry": {
        "type": "Point",
        "coordinates": [
          14.6356826,
          7.1822845
        ]
      },
      "id": "node/4718277335"
    },
    {
      "type": "Feature",
      "properties": {
        "@id": "node/5034226244",
        "fixme": "name not in GNS",
        "place": "village"
      },
      "geometry": {
        "type": "Point",
        "coordinates": [
          15.4096019,
          7.4527306
        ]
      },
      "id": "node/5034226244"
    },
    {
      "type": "Feature",
      "properties": {
        "@id": "node/5034226267",
        "fixme": "name not in GNS",
        "place": "village"
      },
      "geometry": {
        "type": "Point",
        "coordinates": [
          15.433664,
          7.4375975
        ]
      },
      "id": "node/5034226267"
    },
    {
      "type": "Feature",
      "properties": {
        "@id": "node/5473280997",
        "name": "Djéra",
        "place": "village"
      },
      "geometry": {
        "type": "Point",
        "coordinates": [
          13.5037604,
          8.514813
        ]
      },
      "id": "node/5473280997"
    },
    {
      "type": "Feature",
      "properties": {
        "@id": "node/5664154267",
        "name": "Sarkalougui",
        "place": "village",
        "source": "INSEED"
      },
      "geometry": {
        "type": "Point",
        "coordinates": [
          15.3187423,
          8.2368479
        ]
      },
      "id": "node/5664154267"
    },
    {
      "type": "Feature",
      "properties": {
        "@id": "node/5664154991",
        "name": "Laodjara 1",
        "place": "village",
        "source": "INSEED"
      },
      "geometry": {
        "type": "Point",
        "coordinates": [
          15.3232552,
          8.2370477
        ]
      },
      "id": "node/5664154991"
    },
    {
      "type": "Feature",
      "properties": {
        "@id": "node/6055107673",
        "name": "Doouro",
        "place": "village"
      },
      "geometry": {
        "type": "Point",
        "coordinates": [
          13.8321968,
          9.3513391
        ]
      },
      "id": "node/6055107673"
    },
    {
      "type": "Feature",
      "properties": {
        "@id": "node/6503460236",
        "name": "Zera",
        "place": "village",
        "source": "enquête terrain PRADEC/PCD"
      },
      "geometry": {
        "type": "Point",
        "coordinates": [
          13.19088,
          8.02708
        ]
      },
      "id": "node/6503460236"
    },
    {
      "type": "Feature",
      "properties": {
        "@id": "node/6503460237",
        "name": "Yondigui",
        "place": "village",
        "source": "enquête terrain PRADEC/PCD"
      },
      "geometry": {
        "type": "Point",
        "coordinates": [
          13.63311,
          9.26044
        ]
      },
      "id": "node/6503460237"
    },
    {
      "type": "Feature",
      "properties": {
        "@id": "node/6503460238",
        "name": "Yarndo",
        "place": "village",
        "source": "enquête terrain PRADEC/PCD"
      },
      "geometry": {
        "type": "Point",
        "coordinates": [
          13.61245,
          9.2468
        ]
      },
      "id": "node/6503460238"
    },
    {
      "type": "Feature",
      "properties": {
        "@id": "node/6503460239",
        "name": "Winde Ngong",
        "place": "village",
        "source": "enquête terrain PRADEC/PCD"
      },
      "geometry": {
        "type": "Point",
        "coordinates": [
          13.47047,
          9.00396
        ]
      },
      "id": "node/6503460239"
    },
    {
      "type": "Feature",
      "properties": {
        "@id": "node/6503460240",
        "name": "Winde Djaman",
        "place": "village",
        "source": "enquête terrain PRADEC/PCD"
      },
      "geometry": {
        "type": "Point",
        "coordinates": [
          13.4682569,
          8.8615241
        ]
      },
      "id": "node/6503460240"
    },
    {
      "type": "Feature",
      "properties": {
        "@id": "node/6503460241",
        "name": "Tsorke",
        "place": "village",
        "source": "enquête terrain PRADEC/PCD"
      },
      "geometry": {
        "type": "Point",
        "coordinates": [
          13.18982,
          8.74316
        ]
      },
      "id": "node/6503460241"
    },
    {
      "type": "Feature",
      "properties": {
        "@id": "node/6503460242",
        "name": "Tilale",
        "place": "village",
        "source": "enquête terrain PRADEC/PCD"
      },
      "geometry": {
        "type": "Point",
        "coordinates": [
          13.62628,
          9.2827
        ]
      },
      "id": "node/6503460242"
    },
    {
      "type": "Feature",
      "properties": {
        "@id": "node/6503460243",
        "name": "Tcheboa",
        "note": "rank=0 car chef lieu d'arrondissement",
        "place": "town",
        "rank": "0",
        "source": "enquête terrain PRADEC/PCD"
      },
      "geometry": {
        "type": "Point",
        "coordinates": [
          13.1838,
          9.02822
        ]
      },
      "id": "node/6503460243"
    },
    {
      "type": "Feature",
      "properties": {
        "@id": "node/6503460244",
        "name": "Tarba",
        "place": "village",
        "source": "enquête terrain PRADEC/PCD"
      },
      "geometry": {
        "type": "Point",
        "coordinates": [
          13.15445,
          8.71972
        ]
      },
      "id": "node/6503460244"
    },
    {
      "type": "Feature",
      "properties": {
        "@id": "node/6503460245",
        "name": "Tappa",
        "place": "village",
        "source": "enquête terrain PRADEC/PCD"
      },
      "geometry": {
        "type": "Point",
        "coordinates": [
          13.58988,
          9.32484
        ]
      },
      "id": "node/6503460245"
    },
    {
      "type": "Feature",
      "properties": {
        "@id": "node/6503460246",
        "name": "Tapare Sorke",
        "place": "village",
        "source": "enquête terrain PRADEC/PCD"
      },
      "geometry": {
        "type": "Point",
        "coordinates": [
          13.12066,
          8.73762
        ]
      },
      "id": "node/6503460246"
    },
    {
      "type": "Feature",
      "properties": {
        "@id": "node/6503460247",
        "name": "Tapare",
        "place": "village",
        "source": "enquête terrain PRADEC/PCD"
      },
      "geometry": {
        "type": "Point",
        "coordinates": [
          13.4685,
          9.10129
        ]
      },
      "id": "node/6503460247"
    },
    {
      "type": "Feature",
      "properties": {
        "@id": "node/6503460248",
        "name": "Tamounde",
        "place": "village",
        "source": "enquête terrain PRADEC/PCD"
      },
      "geometry": {
        "type": "Point",
        "coordinates": [
          13.38974,
          9.04605
        ]
      },
      "id": "node/6503460248"
    },
    {
      "type": "Feature",
      "properties": {
        "@id": "node/6503460249",
        "name": "Tambadjam",
        "place": "village",
        "source": "enquête terrain PRADEC/PCD"
      },
      "geometry": {
        "type": "Point",
        "coordinates": [
          13.4608,
          8.49282
        ]
      },
      "id": "node/6503460249"
    },
    {
      "type": "Feature",
      "properties": {
        "@id": "node/6503460250",
        "name": "Sirlawe",
        "place": "village",
        "source": "enquête terrain PRADEC/PCD"
      },
      "geometry": {
        "type": "Point",
        "coordinates": [
          13.59697,
          9.32179
        ]
      },
      "id": "node/6503460250"
    },
    {
      "type": "Feature",
      "properties": {
        "@id": "node/6503460251",
        "name": "Selifa",
        "place": "village",
        "source": "enquête terrain PRADEC/PCD"
      },
      "geometry": {
        "type": "Point",
        "coordinates": [
          13.26455,
          9.20925
        ]
      },
      "id": "node/6503460251"
    },
    {
      "type": "Feature",
      "properties": {
        "@id": "node/6503460252",
        "name": "Sabongari",
        "place": "village",
        "source": "enquête terrain PRADEC/PCD"
      },
      "geometry": {
        "type": "Point",
        "coordinates": [
          13.42321,
          9.03633
        ]
      },
      "id": "node/6503460252"
    },
    {
      "type": "Feature",
      "properties": {
        "@id": "node/6503460253",
        "name": "Pintchire",
        "place": "village",
        "source": "enquête terrain PRADEC/PCD"
      },
      "geometry": {
        "type": "Point",
        "coordinates": [
          13.39044,
          9.15281
        ]
      },
      "id": "node/6503460253"
    },
    {
      "type": "Feature",
      "properties": {
        "@id": "node/6503460254",
        "name": "Passame",
        "place": "village",
        "source": "enquête terrain PRADEC/PCD"
      },
      "geometry": {
        "type": "Point",
        "coordinates": [
          13.49282,
          9.06884
        ]
      },
      "id": "node/6503460254"
    },
    {
      "type": "Feature",
      "properties": {
        "@id": "node/6503460255",
        "name": "Ouro Souka",
        "place": "village",
        "source": "enquête terrain PRADEC/PCD"
      },
      "geometry": {
        "type": "Point",
        "coordinates": [
          13.16875,
          8.7533
        ]
      },
      "id": "node/6503460255"
    },
    {
      "type": "Feature",
      "properties": {
        "@id": "node/6503460256",
        "name": "Ouro Ndemri 2",
        "place": "village",
        "source": "enquête terrain PRADEC/PCD"
      },
      "geometry": {
        "type": "Point",
        "coordinates": [
          13.4811,
          9.14169
        ]
      },
      "id": "node/6503460256"
    },
    {
      "type": "Feature",
      "properties": {
        "@id": "node/6503460257",
        "name": "Ouro Ndemri 1",
        "place": "village",
        "source": "enquête terrain PRADEC/PCD"
      },
      "geometry": {
        "type": "Point",
        "coordinates": [
          13.48993,
          9.15373
        ]
      },
      "id": "node/6503460257"
    },
    {
      "type": "Feature",
      "properties": {
        "@id": "node/6503460258",
        "name": "Ouro Ladda",
        "place": "village",
        "source": "enquête terrain PRADEC/PCD"
      },
      "geometry": {
        "type": "Point",
        "coordinates": [
          13.15209,
          9.00482
        ]
      },
      "id": "node/6503460258"
    },
    {
      "type": "Feature",
      "properties": {
        "@id": "node/6503460259",
        "name": "Ouro Labbo I",
        "place": "village",
        "source": "enquête terrain PRADEC/PCD"
      },
      "geometry": {
        "type": "Point",
        "coordinates": [
          13.5764153,
          9.1489704
        ]
      },
      "id": "node/6503460259"
    },
    {
      "type": "Feature",
      "properties": {
        "@id": "node/6503460260",
        "name": "Ouro Hairou",
        "place": "village",
        "source": "enquête terrain PRADEC/PCD"
      },
      "geometry": {
        "type": "Point",
        "coordinates": [
          13.47884,
          8.55042
        ]
      },
      "id": "node/6503460260"
    },
    {
      "type": "Feature",
      "properties": {
        "@id": "node/6503460261",
        "name": "Ouro Gao",
        "place": "village",
        "source": "enquête terrain PRADEC/PCD"
      },
      "geometry": {
        "type": "Point",
        "coordinates": [
          13.48323,
          9.05261
        ]
      },
      "id": "node/6503460261"
    },
    {
      "type": "Feature",
      "properties": {
        "@id": "node/6503460262",
        "name": "Ouro Donka",
        "place": "village",
        "source": "enquête terrain PRADEC/PCD"
      },
      "geometry": {
        "type": "Point",
        "coordinates": [
          13.5087665,
          9.140537
        ]
      },
      "id": "node/6503460262"
    },
    {
      "type": "Feature",
      "properties": {
        "@id": "node/6503460263",
        "name": "Ouro Dongori",
        "place": "village",
        "source": "enquête terrain PRADEC/PCD"
      },
      "geometry": {
        "type": "Point",
        "coordinates": [
          13.53545,
          9.18102
        ]
      },
      "id": "node/6503460263"
    },
    {
      "type": "Feature",
      "properties": {
        "@id": "node/6503460264",
        "name": "Ouro Djalo",
        "place": "village",
        "source": "enquête terrain PRADEC/PCD"
      },
      "geometry": {
        "type": "Point",
        "coordinates": [
          13.4661,
          9.03464
        ]
      },
      "id": "node/6503460264"
    },
    {
      "type": "Feature",
      "properties": {
        "@id": "node/6503460265",
        "name": "Ossaman",
        "place": "village",
        "source": "enquête terrain PRADEC/PCD"
      },
      "geometry": {
        "type": "Point",
        "coordinates": [
          13.49749,
          8.72157
        ]
      },
      "id": "node/6503460265"
    },
    {
      "type": "Feature",
      "properties": {
        "@id": "node/6503460266",
        "name": "Ngueleo",
        "place": "village",
        "source": "enquête terrain PRADEC/PCD"
      },
      "geometry": {
        "type": "Point",
        "coordinates": [
          13.18543,
          8.04152
        ]
      },
      "id": "node/6503460266"
    },
    {
      "type": "Feature",
      "properties": {
        "@id": "node/6503460267",
        "name": "Ngourore",
        "place": "village",
        "source": "enquête terrain PRADEC/PCD"
      },
      "geometry": {
        "type": "Point",
        "coordinates": [
          13.61297,
          9.28412
        ]
      },
      "id": "node/6503460267"
    },
    {
      "type": "Feature",
      "properties": {
        "@id": "node/6503460268",
        "name": "Ngargou",
        "place": "village",
        "source": "enquête terrain PRADEC/PCD"
      },
      "geometry": {
        "type": "Point",
        "coordinates": [
          13.61909,
          9.28634
        ]
      },
      "id": "node/6503460268"
    },
    {
      "type": "Feature",
      "properties": {
        "@id": "node/6503460269",
        "name": "Ngaoubara",
        "place": "village",
        "source": "enquête terrain PRADEC/PCD"
      },
      "geometry": {
        "type": "Point",
        "coordinates": [
          13.47297,
          9.12955
        ]
      },
      "id": "node/6503460269"
    },
    {
      "type": "Feature",
      "properties": {
        "@id": "node/6503460270",
        "name": "Ndjola Kapsiki",
        "place": "village",
        "source": "enquête terrain PRADEC/PCD"
      },
      "geometry": {
        "type": "Point",
        "coordinates": [
          13.5082914,
          9.0815789
        ]
      },
      "id": "node/6503460270"
    },
    {
      "type": "Feature",
      "properties": {
        "@id": "node/6503460271",
        "name": "Ndjola",
        "place": "village",
        "source": "enquête terrain PRADEC/PCD"
      },
      "geometry": {
        "type": "Point",
        "coordinates": [
          13.5036,
          9.09625
        ]
      },
      "id": "node/6503460271"
    },
    {
      "type": "Feature",
      "properties": {
        "@id": "node/6503460272",
        "name": "Nadoura",
        "place": "village",
        "source": "enquête terrain PRADEC/PCD"
      },
      "geometry": {
        "type": "Point",
        "coordinates": [
          13.58984,
          9.22845
        ]
      },
      "id": "node/6503460272"
    },
    {
      "type": "Feature",
      "properties": {
        "@id": "node/6503460273",
        "name": "Mayo Dissi",
        "place": "village",
        "source": "enquête terrain PRADEC/PCD"
      },
      "geometry": {
        "type": "Point",
        "coordinates": [
          13.49174,
          8.6509
        ]
      },
      "id": "node/6503460273"
    },
    {
      "type": "Feature",
      "properties": {
        "@id": "node/6503460274",
        "name": "Mayo Bangai",
        "place": "village",
        "source": "enquête terrain PRADEC/PCD"
      },
      "geometry": {
        "type": "Point",
        "coordinates": [
          13.42472,
          9.08958
        ]
      },
      "id": "node/6503460274"
    },
    {
      "type": "Feature",
      "properties": {
        "@id": "node/6503460275",
        "name": "Mapto",
        "place": "village",
        "source": "enquête terrain PRADEC/PCD"
      },
      "geometry": {
        "type": "Point",
        "coordinates": [
          13.38825,
          8.95193
        ]
      },
      "id": "node/6503460275"
    },
    {
      "type": "Feature",
      "properties": {
        "@id": "node/6503460276",
        "name": "Malla",
        "place": "village",
        "source": "enquête terrain PRADEC/PCD"
      },
      "geometry": {
        "type": "Point",
        "coordinates": [
          13.29312,
          8.98579
        ]
      },
      "id": "node/6503460276"
    },
    {
      "type": "Feature",
      "properties": {
        "@id": "node/6503460277",
        "name": "Mafa Tcheboa",
        "place": "village",
        "source": "enquête terrain PRADEC/PCD"
      },
      "geometry": {
        "type": "Point",
        "coordinates": [
          13.24247,
          9.00451
        ]
      },
      "id": "node/6503460277"
    },
    {
      "type": "Feature",
      "properties": {
        "@id": "node/6503460278",
        "name": "Madagascar",
        "place": "village",
        "source": "enquête terrain PRADEC/PCD"
      },
      "geometry": {
        "type": "Point",
        "coordinates": [
          13.1392,
          9.00264
        ]
      },
      "id": "node/6503460278"
    },
    {
      "type": "Feature",
      "properties": {
        "@id": "node/6503460279",
        "name": "Lougguere",
        "place": "village",
        "source": "enquête terrain PRADEC/PCD"
      },
      "geometry": {
        "type": "Point",
        "coordinates": [
          13.40405,
          9.0014
        ]
      },
      "id": "node/6503460279"
    },
    {
      "type": "Feature",
      "properties": {
        "@id": "node/6503460280",
        "name": "Langui Social",
        "place": "village",
        "source": "enquête terrain PRADEC/PCD"
      },
      "geometry": {
        "type": "Point",
        "coordinates": [
          13.6010897,
          9.3367144
        ]
      },
      "id": "node/6503460280"
    },
    {
      "type": "Feature",
      "properties": {
        "@id": "node/6503460281",
        "name": "Langui Mballare",
        "place": "village",
        "source": "enquête terrain PRADEC/PCD"
      },
      "geometry": {
        "type": "Point",
        "coordinates": [
          13.61218,
          9.34493
        ]
      },
      "id": "node/6503460281"
    },
    {
      "type": "Feature",
      "properties": {
        "@id": "node/6503460282",
        "name": "Langui Mahol",
        "place": "village",
        "source": "enquête terrain PRADEC/PCD"
      },
      "geometry": {
        "type": "Point",
        "coordinates": [
          13.60867,
          9.32872
        ]
      },
      "id": "node/6503460282"
    },
    {
      "type": "Feature",
      "properties": {
        "@id": "node/6503460283",
        "name": "Langui Kondong",
        "place": "village",
        "source": "enquête terrain PRADEC/PCD"
      },
      "geometry": {
        "type": "Point",
        "coordinates": [
          13.62889,
          9.34373
        ]
      },
      "id": "node/6503460283"
    },
    {
      "type": "Feature",
      "properties": {
        "@id": "node/6503460284",
        "name": "Langui Kadouna",
        "place": "village",
        "source": "enquête terrain PRADEC/PCD"
      },
      "geometry": {
        "type": "Point",
        "coordinates": [
          13.61209,
          9.32734
        ]
      },
      "id": "node/6503460284"
    },
    {
      "type": "Feature",
      "properties": {
        "@id": "node/6503461285",
        "name": "Langui Gourore",
        "place": "village",
        "source": "enquête terrain PRADEC/PCD"
      },
      "geometry": {
        "type": "Point",
        "coordinates": [
          13.59672,
          9.33281
        ]
      },
      "id": "node/6503461285"
    },
    {
      "type": "Feature",
      "properties": {
        "@id": "node/6503461286",
        "name": "Langui Differgol",
        "place": "village",
        "source": "enquête terrain PRADEC/PCD"
      },
      "geometry": {
        "type": "Point",
        "coordinates": [
          13.62522,
          9.32554
        ]
      },
      "id": "node/6503461286"
    },
    {
      "type": "Feature",
      "properties": {
        "@id": "node/6503461287",
        "name": "Lainde Tcheboa",
        "place": "village",
        "source": "enquête terrain PRADEC/PCD"
      },
      "geometry": {
        "type": "Point",
        "coordinates": [
          13.11775,
          8.98335
        ]
      },
      "id": "node/6503461287"
    },
    {
      "type": "Feature",
      "properties": {
        "@id": "node/6503461288",
        "name": "Lainde Soulede",
        "place": "village",
        "source": "enquête terrain PRADEC/PCD"
      },
      "geometry": {
        "type": "Point",
        "coordinates": [
          13.52917,
          9.1355
        ]
      },
      "id": "node/6503461288"
    },
    {
      "type": "Feature",
      "properties": {
        "@id": "node/6503461289",
        "name": "Lainde Mbana",
        "place": "village",
        "source": "enquête terrain PRADEC/PCD"
      },
      "geometry": {
        "type": "Point",
        "coordinates": [
          13.50678,
          9.11842
        ]
      },
      "id": "node/6503461289"
    },
    {
      "type": "Feature",
      "properties": {
        "@id": "node/6503461290",
        "name": "Lainde Massa",
        "place": "village",
        "source": "enquête terrain PRADEC/PCD"
      },
      "geometry": {
        "type": "Point",
        "coordinates": [
          13.47157,
          9.09612
        ]
      },
      "id": "node/6503461290"
    },
    {
      "type": "Feature",
      "properties": {
        "@id": "node/6503461291",
        "name": "Lainde Karewa",
        "place": "village",
        "source": "enquête terrain PRADEC/PCD"
      },
      "geometry": {
        "type": "Point",
        "coordinates": [
          13.52483,
          9.16105
        ]
      },
      "id": "node/6503461291"
    },
    {
      "type": "Feature",
      "properties": {
        "@id": "node/6503461292",
        "name": "Lainde Kaoutal",
        "place": "village",
        "source": "enquête terrain PRADEC/PCD"
      },
      "geometry": {
        "type": "Point",
        "coordinates": [
          13.46689,
          9.0893
        ]
      },
      "id": "node/6503461292"
    },
    {
      "type": "Feature",
      "properties": {
        "@id": "node/6503461293",
        "name": "Lainde Garga",
        "place": "village",
        "source": "enquête terrain PRADEC/PCD"
      },
      "geometry": {
        "type": "Point",
        "coordinates": [
          13.34125,
          9.17961
        ]
      },
      "id": "node/6503461293"
    },
    {
      "type": "Feature",
      "properties": {
        "@id": "node/6503461294",
        "name": "Lainde Diga",
        "place": "village",
        "source": "enquête terrain PRADEC/PCD"
      },
      "geometry": {
        "type": "Point",
        "coordinates": [
          13.46369,
          9.12019
        ]
      },
      "id": "node/6503461294"
    },
    {
      "type": "Feature",
      "properties": {
        "@id": "node/6503461295",
        "name": "Kourbi Zera",
        "place": "village",
        "source": "enquête terrain PRADEC/PCD"
      },
      "geometry": {
        "type": "Point",
        "coordinates": [
          13.48254,
          8.63227
        ]
      },
      "id": "node/6503461295"
    },
    {
      "type": "Feature",
      "properties": {
        "@id": "node/6503461296",
        "name": "Koubadje",
        "place": "village",
        "source": "enquête terrain PRADEC/PCD"
      },
      "geometry": {
        "type": "Point",
        "coordinates": [
          13.4592,
          8.93501
        ]
      },
      "id": "node/6503461296"
    },
    {
      "type": "Feature",
      "properties": {
        "@id": "node/6503461297",
        "name": "Kone",
        "place": "village",
        "source": "enquête terrain PRADEC/PCD"
      },
      "geometry": {
        "type": "Point",
        "coordinates": [
          13.3686412,
          8.9607246
        ]
      },
      "id": "node/6503461297"
    },
    {
      "type": "Feature",
      "properties": {
        "@id": "node/6503461298",
        "name": "Kokoumi",
        "place": "village",
        "source": "enquête terrain PRADEC/PCD"
      },
      "geometry": {
        "type": "Point",
        "coordinates": [
          13.15069,
          9.19095
        ]
      },
      "id": "node/6503461298"
    },
    {
      "type": "Feature",
      "properties": {
        "@id": "node/6503461299",
        "name": "Keni",
        "place": "village",
        "source": "enquête terrain PRADEC/PCD"
      },
      "geometry": {
        "type": "Point",
        "coordinates": [
          13.62268,
          9.21829
        ]
      },
      "id": "node/6503461299"
    },
    {
      "type": "Feature",
      "properties": {
        "@id": "node/6503461300",
        "name": "Katarko",
        "place": "village",
        "source": "enquête terrain PRADEC/PCD"
      },
      "geometry": {
        "type": "Point",
        "coordinates": [
          13.19894,
          8.75105
        ]
      },
      "id": "node/6503461300"
    },
    {
      "type": "Feature",
      "properties": {
        "@id": "node/6503461301",
        "name": "Karewa",
        "place": "village",
        "source": "enquête terrain PRADEC/PCD"
      },
      "geometry": {
        "type": "Point",
        "coordinates": [
          13.5628,
          9.18322
        ]
      },
      "id": "node/6503461301"
    },
    {
      "type": "Feature",
      "properties": {
        "@id": "node/6503461302",
        "name": "Kalfai 2",
        "place": "village",
        "source": "enquête terrain PRADEC/PCD"
      },
      "geometry": {
        "type": "Point",
        "coordinates": [
          13.59054,
          9.23487
        ]
      },
      "id": "node/6503461302"
    },
    {
      "type": "Feature",
      "properties": {
        "@id": "node/6503461303",
        "name": "Kalfai 1",
        "place": "village",
        "source": "enquête terrain PRADEC/PCD"
      },
      "geometry": {
        "type": "Point",
        "coordinates": [
          13.59671,
          9.22005
        ]
      },
      "id": "node/6503461303"
    },
    {
      "type": "Feature",
      "properties": {
        "@id": "node/6503461304",
        "name": "Hossere Kilbou",
        "place": "village",
        "source": "enquête terrain PRADEC/PCD"
      },
      "geometry": {
        "type": "Point",
        "coordinates": [
          13.52885,
          9.16306
        ]
      },
      "id": "node/6503461304"
    },
    {
      "type": "Feature",
      "properties": {
        "@id": "node/6503461305",
        "name": "Gomsi",
        "place": "village",
        "source": "enquête terrain PRADEC/PCD"
      },
      "geometry": {
        "type": "Point",
        "coordinates": [
          13.14985,
          8.74832
        ]
      },
      "id": "node/6503461305"
    },
    {
      "type": "Feature",
      "properties": {
        "@id": "node/6503461306",
        "name": "Golomba",
        "place": "village",
        "source": "enquête terrain PRADEC/PCD"
      },
      "geometry": {
        "type": "Point",
        "coordinates": [
          13.50127,
          8.45368
        ]
      },
      "id": "node/6503461306"
    },
    {
      "type": "Feature",
      "properties": {
        "@id": "node/6503461307",
        "name": "Gada Tchofol",
        "place": "village",
        "source": "enquête terrain PRADEC/PCD"
      },
      "geometry": {
        "type": "Point",
        "coordinates": [
          13.56007,
          9.19736
        ]
      },
      "id": "node/6503461307"
    },
    {
      "type": "Feature",
      "properties": {
        "@id": "node/6503461308",
        "name": "Douka Longo",
        "place": "village",
        "source": "enquête terrain PRADEC/PCD"
      },
      "geometry": {
        "type": "Point",
        "coordinates": [
          13.40434,
          9.06772
        ]
      },
      "id": "node/6503461308"
    },
    {
      "type": "Feature",
      "properties": {
        "@id": "node/6503461309",
        "name": "Douka Gainako",
        "place": "village",
        "source": "enquête terrain PRADEC/PCD"
      },
      "geometry": {
        "type": "Point",
        "coordinates": [
          13.44465,
          8.98233
        ]
      },
      "id": "node/6503461309"
    },
    {
      "type": "Feature",
      "properties": {
        "@id": "node/6503461310",
        "name": "Doualare",
        "place": "village",
        "source": "enquête terrain PRADEC/PCD"
      },
      "geometry": {
        "type": "Point",
        "coordinates": [
          13.61902,
          9.24415
        ]
      },
      "id": "node/6503461310"
    },
    {
      "type": "Feature",
      "properties": {
        "@id": "node/6503461311",
        "name": "Domayo Tcheboa",
        "place": "village",
        "source": "enquête terrain PRADEC/PCD"
      },
      "geometry": {
        "type": "Point",
        "coordinates": [
          13.4996,
          8.67114
        ]
      },
      "id": "node/6503461311"
    },
    {
      "type": "Feature",
      "properties": {
        "@id": "node/6503461312",
        "name": "Djoutta Ledde",
        "place": "village",
        "source": "enquête terrain PRADEC/PCD"
      },
      "geometry": {
        "type": "Point",
        "coordinates": [
          13.15112,
          9.01517
        ]
      },
      "id": "node/6503461312"
    },
    {
      "type": "Feature",
      "properties": {
        "@id": "node/6503461313",
        "name": "Djim",
        "place": "village",
        "source": "enquête terrain PRADEC/PCD"
      },
      "geometry": {
        "type": "Point",
        "coordinates": [
          13.2188,
          9.20508
        ]
      },
      "id": "node/6503461313"
    },
    {
      "type": "Feature",
      "properties": {
        "@id": "node/6503461314",
        "name": "Djefatou",
        "place": "village",
        "source": "enquête terrain PRADEC/PCD"
      },
      "geometry": {
        "type": "Point",
        "coordinates": [
          13.50784,
          9.15271
        ]
      },
      "id": "node/6503461314"
    },
    {
      "type": "Feature",
      "properties": {
        "@id": "node/6503461315",
        "name": "Danedjam",
        "place": "village",
        "source": "enquête terrain PRADEC/PCD"
      },
      "geometry": {
        "type": "Point",
        "coordinates": [
          13.15865,
          9.03143
        ]
      },
      "id": "node/6503461315"
    },
    {
      "type": "Feature",
      "properties": {
        "@id": "node/6503461316",
        "name": "Boundjoumi",
        "place": "village",
        "source": "enquête terrain PRADEC/PCD"
      },
      "geometry": {
        "type": "Point",
        "coordinates": [
          13.34851,
          8.96398
        ]
      },
      "id": "node/6503461316"
    },
    {
      "type": "Feature",
      "properties": {
        "@id": "node/6503461317",
        "name": "Biliel Namdji",
        "place": "village",
        "source": "enquête terrain PRADEC/PCD"
      },
      "geometry": {
        "type": "Point",
        "coordinates": [
          13.1881458,
          8.9399176
        ]
      },
      "id": "node/6503461317"
    },
    {
      "type": "Feature",
      "properties": {
        "@id": "node/6503461318",
        "name": "Biliel",
        "place": "village",
        "source": "enquête terrain PRADEC/PCD"
      },
      "geometry": {
        "type": "Point",
        "coordinates": [
          13.18343,
          8.04142
        ]
      },
      "id": "node/6503461318"
    },
    {
      "type": "Feature",
      "properties": {
        "@id": "node/6503461319",
        "name": "Baroumi",
        "place": "village",
        "source": "enquête terrain PRADEC/PCD"
      },
      "geometry": {
        "type": "Point",
        "coordinates": [
          13.26448,
          9.20931
        ]
      },
      "id": "node/6503461319"
    },
    {
      "type": "Feature",
      "properties": {
        "@id": "node/6503461320",
        "name": "Bangui",
        "place": "village",
        "source": "enquête terrain PRADEC/PCD"
      },
      "geometry": {
        "type": "Point",
        "coordinates": [
          13.47914,
          8.50427
        ]
      },
      "id": "node/6503461320"
    },
    {
      "type": "Feature",
      "properties": {
        "@id": "node/6503461321",
        "name": "Bangandje",
        "place": "village",
        "source": "enquête terrain PRADEC/PCD"
      },
      "geometry": {
        "type": "Point",
        "coordinates": [
          13.15248,
          9.05421
        ]
      },
      "id": "node/6503461321"
    },
    {
      "type": "Feature",
      "properties": {
        "@id": "node/6503461322",
        "name": "Baleri",
        "place": "village",
        "source": "enquête terrain PRADEC/PCD"
      },
      "geometry": {
        "type": "Point",
        "coordinates": [
          13.16589,
          9.02028
        ]
      },
      "id": "node/6503461322"
    },
    {
      "type": "Feature",
      "properties": {
        "@id": "node/6503461323",
        "name": "Adamaoua 2",
        "place": "village",
        "source": "enquête terrain PRADEC/PCD"
      },
      "geometry": {
        "type": "Point",
        "coordinates": [
          13.43585,
          9.01105
        ]
      },
      "id": "node/6503461323"
    },
    {
      "type": "Feature",
      "properties": {
        "@id": "node/6503461324",
        "name": "Aboumre",
        "place": "village",
        "source": "enquête terrain PRADEC/PCD"
      },
      "geometry": {
        "type": "Point",
        "coordinates": [
          13.60449,
          9.21146
        ]
      },
      "id": "node/6503461324"
    },
    {
      "type": "Feature",
      "properties": {
        "@id": "node/6528249964",
        "name": "Salassa",
        "place": "village"
      },
      "geometry": {
        "type": "Point",
        "coordinates": [
          14.3515134,
          9.222146
        ]
      },
      "id": "node/6528249964"
    },
    {
      "type": "Feature",
      "properties": {
        "@id": "node/6531879415",
        "name": "Djoundi",
        "place": "village"
      },
      "geometry": {
        "type": "Point",
        "coordinates": [
          14.2667556,
          9.1811279
        ]
      },
      "id": "node/6531879415"
    },
    {
      "type": "Feature",
      "properties": {
        "@id": "node/6531879417",
        "name": "Djipporde 2",
        "place": "village"
      },
      "geometry": {
        "type": "Point",
        "coordinates": [
          14.2785573,
          9.2294954
        ]
      },
      "id": "node/6531879417"
    },
    {
      "type": "Feature",
      "properties": {
        "@id": "node/6531879432",
        "place": "village"
      },
      "geometry": {
        "type": "Point",
        "coordinates": [
          14.5051181,
          9.0286322
        ]
      },
      "id": "node/6531879432"
    },
    {
      "type": "Feature",
      "properties": {
        "@id": "node/6531879435",
        "name": "Dokerol 1",
        "place": "village"
      },
      "geometry": {
        "type": "Point",
        "coordinates": [
          14.4698953,
          9.0962278
        ]
      },
      "id": "node/6531879435"
    },
    {
      "type": "Feature",
      "properties": {
        "@id": "node/6542330287",
        "place": "village"
      },
      "geometry": {
        "type": "Point",
        "coordinates": [
          13.6486566,
          9.4012751
        ]
      },
      "id": "node/6542330287"
    },
    {
      "type": "Feature",
      "properties": {
        "@id": "node/6545356377",
        "name": "Makeure",
        "place": "village"
      },
      "geometry": {
        "type": "Point",
        "coordinates": [
          14.3142092,
          9.1871437
        ]
      },
      "id": "node/6545356377"
    },
    {
      "type": "Feature",
      "properties": {
        "@id": "node/6553345483",
        "name": "Djadjouli",
        "place": "village"
      },
      "geometry": {
        "type": "Point",
        "coordinates": [
          14.3457091,
          9.1631856
        ]
      },
      "id": "node/6553345483"
    },
    {
      "type": "Feature",
      "properties": {
        "@id": "node/6555078450",
        "name": "Ouro Moundang",
        "place": "village"
      },
      "geometry": {
        "type": "Point",
        "coordinates": [
          14.2772376,
          9.0743772
        ]
      },
      "id": "node/6555078450"
    },
    {
      "type": "Feature",
      "properties": {
        "@id": "node/6555078451",
        "name": "Naoudel",
        "place": "village"
      },
      "geometry": {
        "type": "Point",
        "coordinates": [
          14.296056,
          9.0810782
        ]
      },
      "id": "node/6555078451"
    },
    {
      "type": "Feature",
      "properties": {
        "@id": "node/6574587689",
        "name": "Polmbomi Lac",
        "place": "village"
      },
      "geometry": {
        "type": "Point",
        "coordinates": [
          14.0070962,
          8.8406334
        ]
      },
      "id": "node/6574587689"
    },
    {
      "type": "Feature",
      "properties": {
        "@id": "node/6574587737",
        "name": "Bagidi 2",
        "place": "village"
      },
      "geometry": {
        "type": "Point",
        "coordinates": [
          14.0281087,
          8.7890223
        ]
      },
      "id": "node/6574587737"
    },
    {
      "type": "Feature",
      "properties": {
        "@id": "node/6574587738",
        "name": "Badidi Kotoko Nouhou Silas",
        "place": "village"
      },
      "geometry": {
        "type": "Point",
        "coordinates": [
          14.0156096,
          8.7955218
        ]
      },
      "id": "node/6574587738"
    },
    {
      "type": "Feature",
      "properties": {
        "@id": "node/6574590355",
        "name": "Atekie",
        "place": "village"
      },
      "geometry": {
        "type": "Point",
        "coordinates": [
          14.0468788,
          8.7753868
        ]
      },
      "id": "node/6574590355"
    },
    {
      "type": "Feature",
      "properties": {
        "@id": "node/6574590596",
        "name": "Djangana",
        "place": "village"
      },
      "geometry": {
        "type": "Point",
        "coordinates": [
          14.0811092,
          8.8515314
        ]
      },
      "id": "node/6574590596"
    },
    {
      "type": "Feature",
      "properties": {
        "@id": "node/6574590747",
        "place": "village"
      },
      "geometry": {
        "type": "Point",
        "coordinates": [
          14.0669739,
          8.8698072
        ]
      },
      "id": "node/6574590747"
    },
    {
      "type": "Feature",
      "properties": {
        "@id": "node/6574590858",
        "name": "Pakware",
        "place": "village"
      },
      "geometry": {
        "type": "Point",
        "coordinates": [
          14.4738006,
          8.9707952
        ]
      },
      "id": "node/6574590858"
    },
    {
      "type": "Feature",
      "properties": {
        "@id": "node/6574590937",
        "name": "Lammouguel Foulbe",
        "place": "village"
      },
      "geometry": {
        "type": "Point",
        "coordinates": [
          14.420135,
          8.9802269
        ]
      },
      "id": "node/6574590937"
    },
    {
      "type": "Feature",
      "properties": {
        "@id": "node/6574590938",
        "name": "Wafango",
        "place": "village"
      },
      "geometry": {
        "type": "Point",
        "coordinates": [
          14.1072768,
          8.5274009
        ]
      },
      "id": "node/6574590938"
    },
    {
      "type": "Feature",
      "properties": {
        "@id": "node/6575158457",
        "name": "Djipporde",
        "place": "village"
      },
      "geometry": {
        "type": "Point",
        "coordinates": [
          14.2985343,
          9.2162367
        ]
      },
      "id": "node/6575158457"
    },
    {
      "type": "Feature",
      "properties": {
        "@id": "node/6575158458",
        "name": "Dokerol 1",
        "place": "village"
      },
      "geometry": {
        "type": "Point",
        "coordinates": [
          14.4754314,
          9.0835572
        ]
      },
      "id": "node/6575158458"
    },
    {
      "type": "Feature",
      "properties": {
        "@id": "node/6575158902",
        "name": "Hetchourou 2",
        "place": "village"
      },
      "geometry": {
        "type": "Point",
        "coordinates": [
          14.293921,
          8.9530225
        ]
      },
      "id": "node/6575158902"
    },
    {
      "type": "Feature",
      "properties": {
        "@id": "node/6575159211",
        "name": "Bere 2",
        "place": "village"
      },
      "geometry": {
        "type": "Point",
        "coordinates": [
          14.2282819,
          9.0209819
        ]
      },
      "id": "node/6575159211"
    },
    {
      "type": "Feature",
      "properties": {
        "@id": "node/6575159212",
        "name": "Bere",
        "place": "village"
      },
      "geometry": {
        "type": "Point",
        "coordinates": [
          14.2233038,
          9.0116996
        ]
      },
      "id": "node/6575159212"
    },
    {
      "type": "Feature",
      "properties": {
        "@id": "node/6576657193",
        "name": "Pomla",
        "place": "village"
      },
      "geometry": {
        "type": "Point",
        "coordinates": [
          13.8251352,
          9.331737
        ]
      },
      "id": "node/6576657193"
    },
    {
      "type": "Feature",
      "properties": {
        "@id": "node/6576657195",
        "name": "Derensing",
        "place": "village"
      },
      "geometry": {
        "type": "Point",
        "coordinates": [
          13.9177465,
          9.3678363
        ]
      },
      "id": "node/6576657195"
    },
    {
      "type": "Feature",
      "properties": {
        "@id": "node/6576657236",
        "name": "Mayo Mbai",
        "place": "village"
      },
      "geometry": {
        "type": "Point",
        "coordinates": [
          13.8182366,
          8.9136378
        ]
      },
      "id": "node/6576657236"
    },
    {
      "type": "Feature",
      "properties": {
        "@id": "node/6616495926",
        "place": "village"
      },
      "geometry": {
        "type": "Point",
        "coordinates": [
          13.6231971,
          8.9656659
        ]
      },
      "id": "node/6616495926"
    },
    {
      "type": "Feature",
      "properties": {
        "@id": "node/6616496545",
        "name": "Do Boulel 3",
        "place": "village"
      },
      "geometry": {
        "type": "Point",
        "coordinates": [
          13.6210459,
          8.9432191
        ]
      },
      "id": "node/6616496545"
    },
    {
      "type": "Feature",
      "properties": {
        "@id": "node/6616500151",
        "name": "Badjaoule Centre",
        "place": "village"
      },
      "geometry": {
        "type": "Point",
        "coordinates": [
          13.7658691,
          8.9355034
        ]
      },
      "id": "node/6616500151"
    },
    {
      "type": "Feature",
      "properties": {
        "@id": "node/6616500408",
        "name": "Madjalissa",
        "place": "village"
      },
      "geometry": {
        "type": "Point",
        "coordinates": [
          13.771373,
          8.8207765
        ]
      },
      "id": "node/6616500408"
    },
    {
      "type": "Feature",
      "properties": {
        "@id": "node/6856866074",
        "name": "Pitoa_zac",
        "place": "village"
      },
      "geometry": {
        "type": "Point",
        "coordinates": [
          13.522051,
          9.3863391
        ]
      },
      "id": "node/6856866074"
    },
    {
      "type": "Feature",
      "properties": {
        "@id": "node/7068157107",
        "name": "Ngong",
        "note": "rank=0 car chef lieu d'arrondissement",
        "place": "town",
        "rank": "0"
      },
      "geometry": {
        "type": "Point",
        "coordinates": [
          13.5096813,
          9.0243521
        ]
      },
      "id": "node/7068157107"
    },
    {
      "type": "Feature",
      "properties": {
        "@id": "node/7912828510",
        "name": "Djalingo",
        "place": "village"
      },
      "geometry": {
        "type": "Point",
        "coordinates": [
          13.8490713,
          10.1383092
        ]
      },
      "id": "node/7912828510"
    },
    {
      "type": "Feature",
      "properties": {
        "@id": "node/7912828513",
        "name": "Oure Toue",
        "place": "village"
      },
      "geometry": {
        "type": "Point",
        "coordinates": [
          13.9693737,
          10.0961351
        ]
      },
      "id": "node/7912828513"
    },
    {
      "type": "Feature",
      "properties": {
        "@id": "node/7912828514",
        "name": "Bourwoy 1",
        "place": "village"
      },
      "geometry": {
        "type": "Point",
        "coordinates": [
          13.864671,
          10.1168162
        ]
      },
      "id": "node/7912828514"
    },
    {
      "type": "Feature",
      "properties": {
        "@id": "node/7912828515",
        "name": "Bourwoy 2",
        "place": "village"
      },
      "geometry": {
        "type": "Point",
        "coordinates": [
          13.8714301,
          10.0978357
        ]
      },
      "id": "node/7912828515"
    },
    {
      "type": "Feature",
      "properties": {
        "@id": "node/7912828518",
        "name": "Mokorvong",
        "place": "village"
      },
      "geometry": {
        "type": "Point",
        "coordinates": [
          13.9269411,
          10.1180097
        ]
      },
      "id": "node/7912828518"
    },
    {
      "type": "Feature",
      "properties": {
        "@id": "node/7912828520",
        "name": "Badey",
        "place": "village"
      },
      "geometry": {
        "type": "Point",
        "coordinates": [
          13.9787507,
          10.1527251
        ]
      },
      "id": "node/7912828520"
    },
    {
      "type": "Feature",
      "properties": {
        "@id": "node/7912828523",
        "name": "Melemlem",
        "place": "village"
      },
      "geometry": {
        "type": "Point",
        "coordinates": [
          13.9579689,
          10.1578998
        ]
      },
      "id": "node/7912828523"
    },
    {
      "type": "Feature",
      "properties": {
        "@id": "node/7912828524",
        "name": "Roumde",
        "place": "village"
      },
      "geometry": {
        "type": "Point",
        "coordinates": [
          13.9355671,
          10.1659786
        ]
      },
      "id": "node/7912828524"
    },
    {
      "type": "Feature",
      "properties": {
        "@id": "node/7912828525",
        "name": "Korayel",
        "place": "village"
      },
      "geometry": {
        "type": "Point",
        "coordinates": [
          13.9322197,
          10.1702767
        ]
      },
      "id": "node/7912828525"
    },
    {
      "type": "Feature",
      "properties": {
        "@id": "node/7912828527",
        "name": "Marma",
        "place": "village"
      },
      "geometry": {
        "type": "Point",
        "coordinates": [
          13.9092386,
          10.1547316
        ]
      },
      "id": "node/7912828527"
    },
    {
      "type": "Feature",
      "properties": {
        "@id": "node/7912828528",
        "name": "Mokoi",
        "place": "village"
      },
      "geometry": {
        "type": "Point",
        "coordinates": [
          13.9115238,
          10.161068
        ]
      },
      "id": "node/7912828528"
    },
    {
      "type": "Feature",
      "properties": {
        "@id": "node/7912828529",
        "name": "Talazoai",
        "place": "village"
      },
      "geometry": {
        "type": "Point",
        "coordinates": [
          13.9161801,
          10.1819878
        ]
      },
      "id": "node/7912828529"
    },
    {
      "type": "Feature",
      "properties": {
        "@id": "node/7912828530",
        "name": "Tilbit",
        "place": "village"
      },
      "geometry": {
        "type": "Point",
        "coordinates": [
          13.9203215,
          10.1859794
        ]
      },
      "id": "node/7912828530"
    },
    {
      "type": "Feature",
      "properties": {
        "@id": "node/7912828533",
        "name": "Kobong",
        "place": "village"
      },
      "geometry": {
        "type": "Point",
        "coordinates": [
          13.8899374,
          10.2173614
        ]
      },
      "id": "node/7912828533"
    },
    {
      "type": "Feature",
      "properties": {
        "@id": "node/7912828534",
        "name": "Ourlang",
        "place": "village"
      },
      "geometry": {
        "type": "Point",
        "coordinates": [
          13.8637268,
          10.2109839
        ]
      },
      "id": "node/7912828534"
    },
    {
      "type": "Feature",
      "properties": {
        "@id": "node/9524153207",
        "name": "Mana",
        "place": "village"
      },
      "geometry": {
        "type": "Point",
        "coordinates": [
          12.8657734,
          7.9663432
        ]
      },
      "id": "node/9524153207"
    },
    {
      "type": "Feature",
      "properties": {
        "@id": "node/10608300368",
        "name": "Daksidongo",
        "place": "village"
      },
      "geometry": {
        "type": "Point",
        "coordinates": [
          13.1124723,
          8.5012352
        ]
      },
      "id": "node/10608300368"
    },
    {
      "type": "Feature",
      "properties": {
        "@id": "node/10608300371",
        "name": "Mango",
        "place": "village"
      },
      "geometry": {
        "type": "Point",
        "coordinates": [
          13.2444584,
          8.4208912
        ]
      },
      "id": "node/10608300371"
    },
    {
      "type": "Feature",
      "properties": {
        "@id": "node/10963832773",
        "name": "Ouro Hamayel",
        "place": "village"
      },
      "geometry": {
        "type": "Point",
        "coordinates": [
          13.2423656,
          9.9163852
        ]
      },
      "id": "node/10963832773"
    }
  ]
}