{
  "type": "FeatureCollection",
  "generator": "overpass-turbo",
  "copyright": "The data included in this document is from www.openstreetmap.org. The data is made available under ODbL.",
  "timestamp": "2025-08-22T19:48:57Z",
  "features": [
    {
      "type": "Feature",
      "properties": {
        "@id": "way/228216311",
        "landuse": "residential",
        "place": "village",
        "@geometry": "center"
      },
      "geometry": {
        "type": "Point",
        "coordinates": [
          11.2475039,
          6.0514279
        ]
      },
      "id": "way/228216311"
    },
    {
      "type": "Feature",
      "properties": {
        "@id": "way/228229665",
        "landuse": "residential",
        "place": "village",
        "@geometry": "center"
      },
      "geometry": {
        "type": "Point",
        "coordinates": [
          11.2683688,
          6.0435936
        ]
      },
      "id": "way/228229665"
    },
    {
      "type": "Feature",
      "properties": {
        "@id": "node/248096516",
        "name": "Foumban",
        "name:ru": "Фумбан",
        "note": "rank=0 car prefecture",
        "place": "city",
        "rank": "0",
        "wikidata": "Q1439847"
      },
      "geometry": {
        "type": "Point",
        "coordinates": [
          10.8971603,
          5.7282262
        ]
      },
      "id": "node/248096516"
    },
    {
      "type": "Feature",
      "properties": {
        "@id": "node/248411873",
        "name": "Malentouen",
        "note": "rank=0 car commune",
        "place": "town",
        "rank": "0",
        "source": "WRI_2005"
      },
      "geometry": {
        "type": "Point",
        "coordinates": [
          11.1178029,
          5.7127189
        ]
      },
      "id": "node/248411873"
    },
    {
      "type": "Feature",
      "properties": {
        "@id": "node/249536837",
        "name": "Bana",
        "note": "rank=0 car commune",
        "place": "town",
        "rank": "0",
        "wikidata": "Q2881848"
      },
      "geometry": {
        "type": "Point",
        "coordinates": [
          10.2758119,
          5.1487615
        ]
      },
      "id": "node/249536837"
    },
    {
      "type": "Feature",
      "properties": {
        "@id": "node/249672731",
        "alt_name": "Banganté",
        "name": "Bangangté",
        "name:he": "באנגאנגטה",
        "name:ru": "Бангангте",
        "note": "rank=0 car prefecture",
        "place": "city",
        "population": "63595",
        "population:date": "2005",
        "rank": "0",
        "wikipedia": "en:Bangangté"
      },
      "geometry": {
        "type": "Point",
        "coordinates": [
          10.5235407,
          5.1396127
        ]
      },
      "id": "node/249672731"
    },
    {
      "type": "Feature",
      "properties": {
        "@id": "node/249672792",
        "name": "Tonga",
        "name:lt": "Tonga",
        "note": "rank=0 car commune",
        "old_name": "Lagosdorf",
        "place": "town",
        "rank": "0",
        "wikidata": "Q7820954"
      },
      "geometry": {
        "type": "Point",
        "coordinates": [
          10.699308,
          4.969409
        ]
      },
      "id": "node/249672792"
    },
    {
      "type": "Feature",
      "properties": {
        "@id": "node/251480857",
        "name": "Bazou",
        "note": "rank=0 car commune",
        "place": "town",
        "rank": "0",
        "wikidata": "Q2892446",
        "wikipedia": "en:Bazou"
      },
      "geometry": {
        "type": "Point",
        "coordinates": [
          10.468748,
          5.062822
        ]
      },
      "id": "node/251480857"
    },
    {
      "type": "Feature",
      "properties": {
        "@id": "node/252558674",
        "name": "Bandoumgia",
        "place": "village"
      },
      "geometry": {
        "type": "Point",
        "coordinates": [
          10.2647678,
          5.234463
        ]
      },
      "id": "node/252558674"
    },
    {
      "type": "Feature",
      "properties": {
        "@id": "way/307680483",
        "landuse": "residential",
        "place": "village",
        "@geometry": "center"
      },
      "geometry": {
        "type": "Point",
        "coordinates": [
          10.6861823,
          5.5379794
        ]
      },
      "id": "way/307680483"
    },
    {
      "type": "Feature",
      "properties": {
        "@id": "way/307680484",
        "landuse": "residential",
        "place": "village",
        "@geometry": "center"
      },
      "geometry": {
        "type": "Point",
        "coordinates": [
          10.6800739,
          5.5343301
        ]
      },
      "id": "way/307680484"
    },
    {
      "type": "Feature",
      "properties": {
        "@id": "node/619207753",
        "name": "Babadjou",
        "note": "rank=0 car commune",
        "place": "town",
        "rank": "0",
        "source": "survery",
        "wikidata": "Q2877751"
      },
      "geometry": {
        "type": "Point",
        "coordinates": [
          10.2050757,
          5.6786237
        ]
      },
      "id": "node/619207753"
    },
    {
      "type": "Feature",
      "properties": {
        "@id": "node/619629783",
        "name": "Noun",
        "place": "village",
        "source": "WRI_2005"
      },
      "geometry": {
        "type": "Point",
        "coordinates": [
          10.8029953,
          5.68478
        ]
      },
      "id": "node/619629783"
    },
    {
      "type": "Feature",
      "properties": {
        "@id": "node/619630684",
        "is_in:country_code": "CM",
        "is_in:department": "Noun",
        "is_in:region": "Ouest",
        "name": "Magba",
        "note": "rank=0 car commune",
        "place": "town",
        "rank": "0",
        "source": "WRI_2005",
        "wikidata": "Q6729772"
      },
      "geometry": {
        "type": "Point",
        "coordinates": [
          11.225171,
          5.965742
        ]
      },
      "id": "node/619630684"
    },
    {
      "type": "Feature",
      "properties": {
        "@id": "node/619712689",
        "name": "Bangang",
        "place": "village",
        "wikidata": "Q16507025"
      },
      "geometry": {
        "type": "Point",
        "coordinates": [
          10.1628,
          5.56862
        ]
      },
      "id": "node/619712689"
    },
    {
      "type": "Feature",
      "properties": {
        "@id": "node/619713263",
        "alt_name": "Batcham ville",
        "name": "Batcham",
        "note": "rank=0 car commune",
        "place": "town",
        "rank": "0",
        "wikidata": "Q2891098"
      },
      "geometry": {
        "type": "Point",
        "coordinates": [
          10.2018416,
          5.5782259
        ]
      },
      "id": "node/619713263"
    },
    {
      "type": "Feature",
      "properties": {
        "@id": "node/639216548",
        "alt_name": "Banekene",
        "name": "Banékané",
        "place": "village"
      },
      "geometry": {
        "type": "Point",
        "coordinates": [
          10.5698025,
          5.1314127
        ]
      },
      "id": "node/639216548"
    },
    {
      "type": "Feature",
      "properties": {
        "@id": "node/907983288",
        "name": "Foumbot",
        "note": "rank=0 car commune",
        "place": "town",
        "rank": "0",
        "wikidata": "Q608765"
      },
      "geometry": {
        "type": "Point",
        "coordinates": [
          10.638147,
          5.510861
        ]
      },
      "id": "node/907983288"
    },
    {
      "type": "Feature",
      "properties": {
        "@id": "node/929329945",
        "name": "Dschang",
        "name:ar": "جان",
        "note": "rank=0 car prefecture",
        "place": "city",
        "population": "200000",
        "rank": "0",
        "wikidata": "Q289267"
      },
      "geometry": {
        "type": "Point",
        "coordinates": [
          10.053309,
          5.4469923
        ]
      },
      "id": "node/929329945"
    },
    {
      "type": "Feature",
      "properties": {
        "@id": "node/929338646",
        "name": "Fongo-Tongo",
        "note": "rank=0 car commune",
        "place": "town",
        "rank": "0",
        "source": "WRI_2005"
      },
      "geometry": {
        "type": "Point",
        "coordinates": [
          9.9849773,
          5.5108581
        ]
      },
      "id": "node/929338646"
    },
    {
      "type": "Feature",
      "properties": {
        "@id": "node/1106177514",
        "name": "Baham",
        "note": "rank=0 car prefecture",
        "place": "town",
        "population": "19680",
        "population:date": "2005",
        "rank": "0",
        "wikidata": "Q1988066",
        "wikipedia": "fr:Baham (ville)"
      },
      "geometry": {
        "type": "Point",
        "coordinates": [
          10.368438,
          5.334612
        ]
      },
      "id": "node/1106177514"
    },
    {
      "type": "Feature",
      "properties": {
        "@id": "node/1227765836",
        "name": "Bapa",
        "place": "village"
      },
      "geometry": {
        "type": "Point",
        "coordinates": [
          10.3371407,
          5.2888212
        ]
      },
      "id": "node/1227765836"
    },
    {
      "type": "Feature",
      "properties": {
        "@id": "node/1227765838",
        "alt_name": "Badenkop",
        "name": "Bandenkop",
        "note": "rank=0 car commune",
        "place": "town",
        "rank": "0",
        "wikidata": "Q2882288",
        "wikipedia": "fr:Bandenkop"
      },
      "geometry": {
        "type": "Point",
        "coordinates": [
          10.3462087,
          5.2549261
        ]
      },
      "id": "node/1227765838"
    },
    {
      "type": "Feature",
      "properties": {
        "@id": "node/1809741111",
        "admin_level": "4",
        "alt_name": "Bafoussam 1; Bafoussam I",
        "capital": "4",
        "name": "Bafoussam",
        "name:ar": "بافوسام",
        "name:be": "Бафусам",
        "name:el": "Μπαφουσάμ",
        "name:es": "Bafoussam I",
        "name:fa": "بافوسام",
        "name:he": "באפוסם",
        "name:hy": "Բաֆուսամ",
        "name:ja": "バフーサム",
        "name:ka": "ბაფუსამი",
        "name:ko": "바푸삼",
        "name:lt": "Bafusamas",
        "name:lv": "Bafusama",
        "name:ru": "Бафусам",
        "name:uk": "Бафусам",
        "name:ur": "بافؤسام",
        "name:zh": "巴富薩姆",
        "note": "rank=0 car prefecture",
        "place": "city",
        "rank": "0",
        "wikidata": "Q799808",
        "wikipedia": "en:Bafoussam"
      },
      "geometry": {
        "type": "Point",
        "coordinates": [
          10.4217852,
          5.4758844
        ]
      },
      "id": "node/1809741111"
    },
    {
      "type": "Feature",
      "properties": {
        "@id": "node/2126281330",
        "name": "Santchou",
        "note": "rank=0 car commune",
        "place": "town",
        "rank": "0",
        "wikidata": "Q7420089"
      },
      "geometry": {
        "type": "Point",
        "coordinates": [
          9.9760978,
          5.281565
        ]
      },
      "id": "node/2126281330"
    },
    {
      "type": "Feature",
      "properties": {
        "@id": "node/2189685371",
        "name": "Bamendjou",
        "note": "rank=0 car commune",
        "place": "town",
        "population": "70000",
        "rank": "0"
      },
      "geometry": {
        "type": "Point",
        "coordinates": [
          10.3312054,
          5.3894025
        ]
      },
      "id": "node/2189685371"
    },
    {
      "type": "Feature",
      "properties": {
        "@id": "node/2196039594",
        "name": "Bahouan",
        "place": "village",
        "wikidata": "Q19951788"
      },
      "geometry": {
        "type": "Point",
        "coordinates": [
          10.362215,
          5.370631
        ]
      },
      "id": "node/2196039594"
    },
    {
      "type": "Feature",
      "properties": {
        "@id": "node/2196096996",
        "name": "Mboum",
        "place": "village"
      },
      "geometry": {
        "type": "Point",
        "coordinates": [
          10.3206896,
          5.3582105
        ]
      },
      "id": "node/2196096996"
    },
    {
      "type": "Feature",
      "properties": {
        "@id": "node/2196097009",
        "name": "Ndang",
        "place": "village"
      },
      "geometry": {
        "type": "Point",
        "coordinates": [
          10.3573212,
          5.3894722
        ]
      },
      "id": "node/2196097009"
    },
    {
      "type": "Feature",
      "properties": {
        "@id": "node/2196097012",
        "name": "Tchunkang",
        "place": "village"
      },
      "geometry": {
        "type": "Point",
        "coordinates": [
          10.2837876,
          5.3802561
        ]
      },
      "id": "node/2196097012"
    },
    {
      "type": "Feature",
      "properties": {
        "@id": "node/2196097020",
        "name": "Tcha'ave",
        "place": "village"
      },
      "geometry": {
        "type": "Point",
        "coordinates": [
          10.3474478,
          5.3624725
        ]
      },
      "id": "node/2196097020"
    },
    {
      "type": "Feature",
      "properties": {
        "@id": "node/2196107053",
        "name": "Batié",
        "note": "rank=0 car commune",
        "place": "town",
        "rank": "0",
        "source": "WRI_2005",
        "wikidata": "Q642909"
      },
      "geometry": {
        "type": "Point",
        "coordinates": [
          10.3241571,
          5.3134898
        ]
      },
      "id": "node/2196107053"
    },
    {
      "type": "Feature",
      "properties": {
        "@id": "node/2196159987",
        "name": "Penka-Michel",
        "note": "rank=0 car commune",
        "place": "town",
        "rank": "0",
        "wikidata": "Q771802"
      },
      "geometry": {
        "type": "Point",
        "coordinates": [
          10.24131,
          5.4683338
        ]
      },
      "id": "node/2196159987"
    },
    {
      "type": "Feature",
      "properties": {
        "@id": "node/2212936534",
        "name": "Bangam",
        "note": "rank=0 car commune",
        "place": "town",
        "rank": "0"
      },
      "geometry": {
        "type": "Point",
        "coordinates": [
          10.2589923,
          5.3408805
        ]
      },
      "id": "node/2212936534"
    },
    {
      "type": "Feature",
      "properties": {
        "@id": "node/2212936539",
        "name": "Fotouni",
        "place": "village"
      },
      "geometry": {
        "type": "Point",
        "coordinates": [
          10.227213,
          5.3222917
        ]
      },
      "id": "node/2212936539"
    },
    {
      "type": "Feature",
      "properties": {
        "@id": "node/2213062560",
        "name": "Baloum",
        "place": "village"
      },
      "geometry": {
        "type": "Point",
        "coordinates": [
          10.2238464,
          5.403171
        ]
      },
      "id": "node/2213062560"
    },
    {
      "type": "Feature",
      "properties": {
        "@id": "node/2213083072",
        "name": "Metsam",
        "place": "village"
      },
      "geometry": {
        "type": "Point",
        "coordinates": [
          10.2515037,
          5.401821
        ]
      },
      "id": "node/2213083072"
    },
    {
      "type": "Feature",
      "properties": {
        "@id": "node/2216479797",
        "name": "Kékem",
        "note": "rank=0 car commune",
        "place": "town",
        "rank": "0",
        "wikidata": "Q3194813"
      },
      "geometry": {
        "type": "Point",
        "coordinates": [
          10.019309,
          5.157671
        ]
      },
      "id": "node/2216479797"
    },
    {
      "type": "Feature",
      "properties": {
        "@id": "node/2216479801",
        "name": "Mbafam",
        "place": "village"
      },
      "geometry": {
        "type": "Point",
        "coordinates": [
          10.0163845,
          5.1361725
        ]
      },
      "id": "node/2216479801"
    },
    {
      "type": "Feature",
      "properties": {
        "@id": "node/2248254750",
        "name": "Batchum",
        "place": "village"
      },
      "geometry": {
        "type": "Point",
        "coordinates": [
          10.2593036,
          5.3827475
        ]
      },
      "id": "node/2248254750"
    },
    {
      "type": "Feature",
      "properties": {
        "@id": "node/2248417166",
        "name": "Tsela",
        "place": "village"
      },
      "geometry": {
        "type": "Point",
        "coordinates": [
          10.3845932,
          5.3972831
        ]
      },
      "id": "node/2248417166"
    },
    {
      "type": "Feature",
      "properties": {
        "@id": "node/2248611390",
        "name": "Balessing",
        "place": "village",
        "wikidata": "Q24260315"
      },
      "geometry": {
        "type": "Point",
        "coordinates": [
          10.248179,
          5.502026
        ]
      },
      "id": "node/2248611390"
    },
    {
      "type": "Feature",
      "properties": {
        "@id": "node/2249019106",
        "name": "Bandja",
        "note": "rank=0 car commune",
        "place": "town",
        "rank": "0"
      },
      "geometry": {
        "type": "Point",
        "coordinates": [
          10.2288462,
          5.2649943
        ]
      },
      "id": "node/2249019106"
    },
    {
      "type": "Feature",
      "properties": {
        "@id": "node/2255031294",
        "name": "Bayangam",
        "note": "rank=0 car commune",
        "place": "town",
        "rank": "0",
        "source": "WRI_2005",
        "wikidata": "Q2892201",
        "wikipedia": "fr:Bayangam"
      },
      "geometry": {
        "type": "Point",
        "coordinates": [
          10.4641635,
          5.2976647
        ]
      },
      "id": "node/2255031294"
    },
    {
      "type": "Feature",
      "properties": {
        "@id": "node/2261447274",
        "name": "Babouantou",
        "name:fr": "Babouantou",
        "place": "village",
        "wikidata": "Q4837999",
        "wikipedia": "en:Babouantou"
      },
      "geometry": {
        "type": "Point",
        "coordinates": [
          10.2928058,
          5.2137157
        ]
      },
      "id": "node/2261447274"
    },
    {
      "type": "Feature",
      "properties": {
        "@id": "node/2261746506",
        "name": "Batchingou",
        "place": "village",
        "wikidata": "Q15063286",
        "wikipedia": "en:Batchingou"
      },
      "geometry": {
        "type": "Point",
        "coordinates": [
          10.3819252,
          5.1729018
        ]
      },
      "id": "node/2261746506"
    },
    {
      "type": "Feature",
      "properties": {
        "@id": "node/2261989304",
        "name": "Fomopéa",
        "place": "village"
      },
      "geometry": {
        "type": "Point",
        "coordinates": [
          10.1487977,
          5.3246565
        ]
      },
      "id": "node/2261989304"
    },
    {
      "type": "Feature",
      "properties": {
        "@id": "node/2270515806",
        "name": "Fontsa",
        "place": "village"
      },
      "geometry": {
        "type": "Point",
        "coordinates": [
          10.0849347,
          5.3393361
        ]
      },
      "id": "node/2270515806"
    },
    {
      "type": "Feature",
      "properties": {
        "@id": "node/2270536647",
        "name": "Fondjomekwet",
        "place": "village"
      },
      "geometry": {
        "type": "Point",
        "coordinates": [
          10.1643607,
          5.2798902
        ]
      },
      "id": "node/2270536647"
    },
    {
      "type": "Feature",
      "properties": {
        "@id": "node/2270652284",
        "name": "Fondonera",
        "place": "village"
      },
      "geometry": {
        "type": "Point",
        "coordinates": [
          9.9494081,
          5.3506358
        ]
      },
      "id": "node/2270652284"
    },
    {
      "type": "Feature",
      "properties": {
        "@id": "node/2270652287",
        "name": "Fombap",
        "place": "village"
      },
      "geometry": {
        "type": "Point",
        "coordinates": [
          10.0137382,
          5.333165
        ]
      },
      "id": "node/2270652287"
    },
    {
      "type": "Feature",
      "properties": {
        "@id": "node/2270652290",
        "name": "Fossong Wentcheng",
        "place": "village"
      },
      "geometry": {
        "type": "Point",
        "coordinates": [
          9.9497471,
          5.3843731
        ]
      },
      "id": "node/2270652290"
    },
    {
      "type": "Feature",
      "properties": {
        "@id": "node/2270652297",
        "name": "Fotomena",
        "place": "village"
      },
      "geometry": {
        "type": "Point",
        "coordinates": [
          10.1042466,
          5.3769559
        ]
      },
      "id": "node/2270652297"
    },
    {
      "type": "Feature",
      "properties": {
        "@id": "node/2272651606",
        "name": "Bamfélouk",
        "place": "village",
        "source": "WRI_2005"
      },
      "geometry": {
        "type": "Point",
        "coordinates": [
          10.1891579,
          5.2035246
        ]
      },
      "id": "node/2272651606"
    },
    {
      "type": "Feature",
      "properties": {
        "@id": "node/2272651609",
        "name": "Fondanti",
        "place": "village"
      },
      "geometry": {
        "type": "Point",
        "coordinates": [
          10.1494489,
          5.2507853
        ]
      },
      "id": "node/2272651609"
    },
    {
      "type": "Feature",
      "properties": {
        "@id": "node/2272651611",
        "alt_name": "Fonkouankem",
        "name": "Fonkouakem",
        "place": "village",
        "wikidata": "Q28041124",
        "wikipedia": "fr:Fonkouakem"
      },
      "geometry": {
        "type": "Point",
        "coordinates": [
          10.0994545,
          5.1657779
        ]
      },
      "id": "node/2272651611"
    },
    {
      "type": "Feature",
      "properties": {
        "@id": "node/2272651612",
        "name": "Mboebo",
        "place": "village"
      },
      "geometry": {
        "type": "Point",
        "coordinates": [
          10.1083113,
          5.2350296
        ]
      },
      "id": "node/2272651612"
    },
    {
      "type": "Feature",
      "properties": {
        "@id": "node/2273162684",
        "name": "Massangam",
        "note": "rank=0 car commune",
        "place": "town",
        "rank": "0",
        "source": "WRI_2005",
        "wikidata": "Q1907422"
      },
      "geometry": {
        "type": "Point",
        "coordinates": [
          11.0018554,
          5.4258505
        ]
      },
      "id": "node/2273162684"
    },
    {
      "type": "Feature",
      "properties": {
        "@id": "node/2276730516",
        "name": "Baloumgou",
        "place": "village",
        "wikidata": "Q24316306"
      },
      "geometry": {
        "type": "Point",
        "coordinates": [
          10.426798,
          5.217757
        ]
      },
      "id": "node/2276730516"
    },
    {
      "type": "Feature",
      "properties": {
        "@id": "node/2276730517",
        "name": "Bangoua",
        "place": "village",
        "wikidata": "Q2882490"
      },
      "geometry": {
        "type": "Point",
        "coordinates": [
          10.462485,
          5.21065
        ]
      },
      "id": "node/2276730517"
    },
    {
      "type": "Feature",
      "properties": {
        "@id": "node/2276734361",
        "name": "Bandrefam",
        "place": "village",
        "wikidata": "Q4854697"
      },
      "geometry": {
        "type": "Point",
        "coordinates": [
          10.49042,
          5.245453
        ]
      },
      "id": "node/2276734361"
    },
    {
      "type": "Feature",
      "properties": {
        "@id": "node/2276773323",
        "name": "Banfeko",
        "place": "village"
      },
      "geometry": {
        "type": "Point",
        "coordinates": [
          10.2251777,
          5.1555581
        ]
      },
      "id": "node/2276773323"
    },
    {
      "type": "Feature",
      "properties": {
        "@id": "node/2276774018",
        "name": "Basseu",
        "place": "village"
      },
      "geometry": {
        "type": "Point",
        "coordinates": [
          10.2190837,
          5.2210521
        ]
      },
      "id": "node/2276774018"
    },
    {
      "type": "Feature",
      "properties": {
        "@id": "node/2276885755",
        "name": "Bamengui",
        "place": "village"
      },
      "geometry": {
        "type": "Point",
        "coordinates": [
          10.0793881,
          5.2334428
        ]
      },
      "id": "node/2276885755"
    },
    {
      "type": "Feature",
      "properties": {
        "@id": "node/2276885757",
        "name": "Foyemtcha",
        "place": "village"
      },
      "geometry": {
        "type": "Point",
        "coordinates": [
          10.0729273,
          5.209441
        ]
      },
      "id": "node/2276885757"
    },
    {
      "type": "Feature",
      "properties": {
        "@id": "node/2276942007",
        "name": "Foreke Dschang",
        "place": "village"
      },
      "geometry": {
        "type": "Point",
        "coordinates": [
          10.0437215,
          5.4324889
        ]
      },
      "id": "node/2276942007"
    },
    {
      "type": "Feature",
      "properties": {
        "@id": "node/2276973509",
        "name": "Semto",
        "place": "village"
      },
      "geometry": {
        "type": "Point",
        "coordinates": [
          10.4516013,
          5.3221221
        ]
      },
      "id": "node/2276973509"
    },
    {
      "type": "Feature",
      "properties": {
        "@id": "node/2278113963",
        "name": "Batcha",
        "place": "village"
      },
      "geometry": {
        "type": "Point",
        "coordinates": [
          10.3508412,
          5.1059031
        ]
      },
      "id": "node/2278113963"
    },
    {
      "type": "Feature",
      "properties": {
        "@id": "node/2278113966",
        "name": "Touala",
        "place": "village"
      },
      "geometry": {
        "type": "Point",
        "coordinates": [
          10.1126077,
          5.3329173
        ]
      },
      "id": "node/2278113966"
    },
    {
      "type": "Feature",
      "properties": {
        "@id": "node/2329395765",
        "name": "Bangou",
        "note": "rank=0 car commune",
        "place": "town",
        "rank": "0",
        "wikidata": "Q2882492",
        "wikipedia": "fr:Bangou (Cameroun)"
      },
      "geometry": {
        "type": "Point",
        "coordinates": [
          10.3967165,
          5.2497379
        ]
      },
      "id": "node/2329395765"
    },
    {
      "type": "Feature",
      "properties": {
        "@id": "node/2338264271",
        "name": "Bamendjing",
        "place": "village",
        "wikidata": "Q15063200"
      },
      "geometry": {
        "type": "Point",
        "coordinates": [
          10.48632,
          5.700632
        ]
      },
      "id": "node/2338264271"
    },
    {
      "type": "Feature",
      "properties": {
        "@id": "node/2339170455",
        "name": "Banefo-mifi",
        "place": "village",
        "population": "2200",
        "population:date": "2005"
      },
      "geometry": {
        "type": "Point",
        "coordinates": [
          10.4059132,
          5.5822606
        ]
      },
      "id": "node/2339170455"
    },
    {
      "type": "Feature",
      "properties": {
        "@id": "node/2340296657",
        "name": "Bandjoun",
        "note": "rank=0 car prefecture",
        "place": "town",
        "rank": "0",
        "wikidata": "Q2629132"
      },
      "geometry": {
        "type": "Point",
        "coordinates": [
          10.4121552,
          5.3748573
        ]
      },
      "id": "node/2340296657"
    },
    {
      "type": "Feature",
      "properties": {
        "@id": "node/2354980118",
        "name": "Batack",
        "place": "village"
      },
      "geometry": {
        "type": "Point",
        "coordinates": [
          10.3128131,
          5.1810895
        ]
      },
      "id": "node/2354980118"
    },
    {
      "type": "Feature",
      "properties": {
        "@id": "node/2354980122",
        "alt_name": "Bandoumla",
        "name": "Ndoumla",
        "place": "village"
      },
      "geometry": {
        "type": "Point",
        "coordinates": [
          10.2752176,
          5.180857
        ]
      },
      "id": "node/2354980122"
    },
    {
      "type": "Feature",
      "properties": {
        "@id": "node/2363034290",
        "alt_name": "Bafoussam 2; Bafoussam II",
        "name": "Baleng",
        "note": "rank=0 car commune",
        "place": "town",
        "rank": "0"
      },
      "geometry": {
        "type": "Point",
        "coordinates": [
          10.410089,
          5.5173095
        ]
      },
      "id": "node/2363034290"
    },
    {
      "type": "Feature",
      "properties": {
        "@id": "node/2365588520",
        "name": "Mbamkouop",
        "place": "village"
      },
      "geometry": {
        "type": "Point",
        "coordinates": [
          10.6247616,
          5.6447295
        ]
      },
      "id": "node/2365588520"
    },
    {
      "type": "Feature",
      "properties": {
        "@id": "node/2389047662",
        "name": "Bakou",
        "note": "rank=0 car commune",
        "note_2": "position a vérifier",
        "place": "town",
        "rank": "0",
        "source": "wv"
      },
      "geometry": {
        "type": "Point",
        "coordinates": [
          10.1822663,
          5.0764183
        ]
      },
      "id": "node/2389047662"
    },
    {
      "type": "Feature",
      "properties": {
        "@id": "node/2461015792",
        "name": "Babou",
        "place": "village",
        "source": "WRI_2005"
      },
      "geometry": {
        "type": "Point",
        "coordinates": [
          10.5847168,
          5.0935558
        ]
      },
      "id": "node/2461015792"
    },
    {
      "type": "Feature",
      "properties": {
        "@id": "node/2461015795",
        "name": "Bachicheu",
        "place": "village",
        "source": "WRI_2005"
      },
      "geometry": {
        "type": "Point",
        "coordinates": [
          10.1903936,
          5.278479
        ]
      },
      "id": "node/2461015795"
    },
    {
      "type": "Feature",
      "properties": {
        "@id": "node/2461015798",
        "name": "Badoumka",
        "place": "village",
        "source": "WRI_2005"
      },
      "geometry": {
        "type": "Point",
        "coordinates": [
          10.1554419,
          5.197698
        ]
      },
      "id": "node/2461015798"
    },
    {
      "type": "Feature",
      "properties": {
        "@id": "node/2461015801",
        "name": "Bafomgha",
        "place": "village",
        "source": "WRI_2005"
      },
      "geometry": {
        "type": "Point",
        "coordinates": [
          10.2360808,
          5.677931
        ]
      },
      "id": "node/2461015801"
    },
    {
      "type": "Feature",
      "properties": {
        "@id": "node/2461015802",
        "alt_name": "Bafou",
        "name": "Bafou Chefferie",
        "place": "village",
        "source": "WRI_2005",
        "wikidata": "Q2878900"
      },
      "geometry": {
        "type": "Point",
        "coordinates": [
          10.1118107,
          5.4759543
        ]
      },
      "id": "node/2461015802"
    },
    {
      "type": "Feature",
      "properties": {
        "@id": "node/2461015803",
        "name": "Bafounda",
        "place": "village",
        "source": "WRI_2005"
      },
      "geometry": {
        "type": "Point",
        "coordinates": [
          10.3180217,
          5.5685367
        ]
      },
      "id": "node/2461015803"
    },
    {
      "type": "Feature",
      "properties": {
        "@id": "node/2461015807",
        "name": "Bagam",
        "place": "village",
        "source": "WRI_2005",
        "wikidata": "Q2878963"
      },
      "geometry": {
        "type": "Point",
        "coordinates": [
          10.295333,
          5.683722
        ]
      },
      "id": "node/2461015807"
    },
    {
      "type": "Feature",
      "properties": {
        "@id": "node/2461015810",
        "name": "Baho",
        "place": "village",
        "source": "WRI_2005"
      },
      "geometry": {
        "type": "Point",
        "coordinates": [
          10.3912509,
          5.3049949
        ]
      },
      "id": "node/2461015810"
    },
    {
      "type": "Feature",
      "properties": {
        "@id": "node/2461015813",
        "name": "Bajinso",
        "place": "village",
        "source": "WRI_2005"
      },
      "geometry": {
        "type": "Point",
        "coordinates": [
          10.3162741,
          5.5873373
        ]
      },
      "id": "node/2461015813"
    },
    {
      "type": "Feature",
      "properties": {
        "@id": "node/2461015817",
        "name": "Bakoga",
        "place": "village",
        "source": "WRI_2005"
      },
      "geometry": {
        "type": "Point",
        "coordinates": [
          10.298695,
          5.6366244
        ]
      },
      "id": "node/2461015817"
    },
    {
      "type": "Feature",
      "properties": {
        "@id": "node/2461015819",
        "name": "Balatchi",
        "place": "village",
        "source": "WRI_2005",
        "wikidata": "Q25391699"
      },
      "geometry": {
        "type": "Point",
        "coordinates": [
          10.182118,
          5.627549
        ]
      },
      "id": "node/2461015819"
    },
    {
      "type": "Feature",
      "properties": {
        "@id": "node/2461015820",
        "name": "Balena",
        "place": "village",
        "source": "WRI_2005"
      },
      "geometry": {
        "type": "Point",
        "coordinates": [
          10.2168659,
          5.5297581
        ]
      },
      "id": "node/2461015820"
    },
    {
      "type": "Feature",
      "properties": {
        "@id": "node/2461015821",
        "name": "Baleveng",
        "place": "village",
        "source": "WRI_2005",
        "wikidata": "Q15063114"
      },
      "geometry": {
        "type": "Point",
        "coordinates": [
          10.15307,
          5.495031
        ]
      },
      "id": "node/2461015821"
    },
    {
      "type": "Feature",
      "properties": {
        "@id": "node/2461015825",
        "name": "Balou",
        "place": "village",
        "source": "WRI_2005"
      },
      "geometry": {
        "type": "Point",
        "coordinates": [
          10.3718554,
          5.2708948
        ]
      },
      "id": "node/2461015825"
    },
    {
      "type": "Feature",
      "properties": {
        "@id": "node/2461015827",
        "name": "Balé",
        "place": "village",
        "source": "WRI_2005"
      },
      "geometry": {
        "type": "Point",
        "coordinates": [
          10.0895861,
          5.2574412
        ]
      },
      "id": "node/2461015827"
    },
    {
      "type": "Feature",
      "properties": {
        "@id": "node/2461015828",
        "name": "Balépo",
        "place": "village",
        "source": "WRI_2005"
      },
      "geometry": {
        "type": "Point",
        "coordinates": [
          10.1572972,
          5.7187568
        ]
      },
      "id": "node/2461015828"
    },
    {
      "type": "Feature",
      "properties": {
        "@id": "node/2461015830",
        "name": "Bamang",
        "place": "village",
        "source": "WRI_2005"
      },
      "geometry": {
        "type": "Point",
        "coordinates": [
          10.3038144,
          5.4610639
        ]
      },
      "id": "node/2461015830"
    },
    {
      "type": "Feature",
      "properties": {
        "@id": "node/2461015834",
        "name": "Bambie",
        "place": "village",
        "source": "WRI_2005"
      },
      "geometry": {
        "type": "Point",
        "coordinates": [
          10.2548932,
          5.5717665
        ]
      },
      "id": "node/2461015834"
    },
    {
      "type": "Feature",
      "properties": {
        "@id": "node/2461015840",
        "name": "Bamena",
        "place": "village",
        "source": "WRI_2005",
        "wikidata": "Q2881809"
      },
      "geometry": {
        "type": "Point",
        "coordinates": [
          10.441154,
          5.161426
        ]
      },
      "id": "node/2461015840"
    },
    {
      "type": "Feature",
      "properties": {
        "@id": "node/2461015841",
        "name": "Bamendjinda",
        "place": "village",
        "source": "WRI_2005",
        "wikidata": "Q15063199"
      },
      "geometry": {
        "type": "Point",
        "coordinates": [
          10.307002,
          5.604466
        ]
      },
      "id": "node/2461015841"
    },
    {
      "type": "Feature",
      "properties": {
        "@id": "node/2461015843",
        "name": "Bati",
        "place": "village",
        "source": "WRI_2005"
      },
      "geometry": {
        "type": "Point",
        "coordinates": [
          10.451957,
          5.6685053
        ]
      },
      "id": "node/2461015843"
    },
    {
      "type": "Feature",
      "properties": {
        "@id": "node/2461015846",
        "name": "Bamendjo",
        "place": "village",
        "source": "WRI_2005"
      },
      "geometry": {
        "type": "Point",
        "coordinates": [
          10.2810193,
          5.5561062
        ]
      },
      "id": "node/2461015846"
    },
    {
      "type": "Feature",
      "properties": {
        "@id": "node/2461015847",
        "name": "Bamendou II",
        "place": "village",
        "source": "WRI_2005"
      },
      "geometry": {
        "type": "Point",
        "coordinates": [
          10.1634686,
          5.418709
        ]
      },
      "id": "node/2461015847"
    },
    {
      "type": "Feature",
      "properties": {
        "@id": "node/2461015848",
        "name": "Bamendou",
        "place": "village",
        "source": "WRI_2005"
      },
      "geometry": {
        "type": "Point",
        "coordinates": [
          10.1971187,
          5.4578622
        ]
      },
      "id": "node/2461015848"
    },
    {
      "type": "Feature",
      "properties": {
        "@id": "node/2461015849",
        "name": "Bamendou",
        "place": "village",
        "source": "WRI_2005",
        "wikidata": "Q2881813"
      },
      "geometry": {
        "type": "Point",
        "coordinates": [
          10.227775,
          5.666382
        ]
      },
      "id": "node/2461015849"
    },
    {
      "type": "Feature",
      "properties": {
        "@id": "node/2461015850",
        "name": "Bamenka",
        "place": "village",
        "source": "WRI_2005"
      },
      "geometry": {
        "type": "Point",
        "coordinates": [
          10.2547221,
          5.5597381
        ]
      },
      "id": "node/2461015850"
    },
    {
      "type": "Feature",
      "properties": {
        "@id": "node/2461015851",
        "name": "Bamenkombo",
        "place": "village",
        "source": "WRI_2005"
      },
      "geometry": {
        "type": "Point",
        "coordinates": [
          10.3284424,
          5.6146445
        ]
      },
      "id": "node/2461015851"
    },
    {
      "type": "Feature",
      "properties": {
        "@id": "node/2461015852",
        "name": "Bamenyan",
        "place": "village",
        "source": "WRI_2005"
      },
      "geometry": {
        "type": "Point",
        "coordinates": [
          10.3415176,
          5.7524769
        ]
      },
      "id": "node/2461015852"
    },
    {
      "type": "Feature",
      "properties": {
        "@id": "node/2461015853",
        "name": "Bamesseng",
        "place": "village",
        "source": "WRI_2005"
      },
      "geometry": {
        "type": "Point",
        "coordinates": [
          10.3629738,
          5.4245504
        ]
      },
      "id": "node/2461015853"
    },
    {
      "type": "Feature",
      "properties": {
        "@id": "node/2461015856",
        "name": "Bamessingue",
        "place": "village",
        "source": "WRI_2005"
      },
      "geometry": {
        "type": "Point",
        "coordinates": [
          10.2216071,
          5.6412371
        ]
      },
      "id": "node/2461015856"
    },
    {
      "type": "Feature",
      "properties": {
        "@id": "node/2461015857",
        "name": "Bametea",
        "place": "village",
        "source": "WRI_2005"
      },
      "geometry": {
        "type": "Point",
        "coordinates": [
          10.2063439,
          5.7182429
        ]
      },
      "id": "node/2461015857"
    },
    {
      "type": "Feature",
      "properties": {
        "@id": "node/2461015858",
        "name": "Bamougong",
        "place": "village",
        "source": "WRI_2005"
      },
      "geometry": {
        "type": "Point",
        "coordinates": [
          10.2148406,
          5.5949439
        ]
      },
      "id": "node/2461015858"
    },
    {
      "type": "Feature",
      "properties": {
        "@id": "node/2461015859",
        "name": "Bamougoum",
        "note": "rank=0 car commune",
        "place": "town",
        "rank": "0",
        "wikidata": "Q2881819",
        "wikipedia": "fr:Bamougoum"
      },
      "geometry": {
        "type": "Point",
        "coordinates": [
          10.3499791,
          5.5102656
        ]
      },
      "id": "node/2461015859"
    },
    {
      "type": "Feature",
      "properties": {
        "@id": "node/2461015862",
        "name": "Bamélo",
        "place": "village",
        "source": "WRI_2005"
      },
      "geometry": {
        "type": "Point",
        "coordinates": [
          10.1519287,
          5.6794615
        ]
      },
      "id": "node/2461015862"
    },
    {
      "type": "Feature",
      "properties": {
        "@id": "node/2461015864",
        "name": "Bandang",
        "place": "village",
        "source": "WRI_2005"
      },
      "geometry": {
        "type": "Point",
        "coordinates": [
          10.3531005,
          5.3771709
        ]
      },
      "id": "node/2461015864"
    },
    {
      "type": "Feature",
      "properties": {
        "@id": "node/2461015865",
        "name": "Bandenkop",
        "place": "village",
        "source": "WRI_2005",
        "wikidata": "Q2882288"
      },
      "geometry": {
        "type": "Point",
        "coordinates": [
          10.380663,
          5.248131
        ]
      },
      "id": "node/2461015865"
    },
    {
      "type": "Feature",
      "properties": {
        "@id": "node/2461015866",
        "name": "Bandja",
        "place": "village",
        "source": "WRI_2005",
        "wikidata": "Q2882356"
      },
      "geometry": {
        "type": "Point",
        "coordinates": [
          10.27278,
          5.455686
        ]
      },
      "id": "node/2461015866"
    },
    {
      "type": "Feature",
      "properties": {
        "@id": "node/2461015867",
        "name": "Baneghang",
        "place": "village",
        "source": "WRI_2005"
      },
      "geometry": {
        "type": "Point",
        "coordinates": [
          10.3141332,
          5.4800948
        ]
      },
      "id": "node/2461015867"
    },
    {
      "type": "Feature",
      "properties": {
        "@id": "node/2461015872",
        "name": "Bangambi",
        "place": "village",
        "source": "WRI_2005"
      },
      "geometry": {
        "type": "Point",
        "coordinates": [
          10.742555,
          5.832095
        ]
      },
      "id": "node/2461015872"
    },
    {
      "type": "Feature",
      "properties": {
        "@id": "node/2461015873",
        "name": "Bangang Fokam",
        "place": "village",
        "source": "WRI_2005"
      },
      "geometry": {
        "type": "Point",
        "coordinates": [
          10.5249129,
          5.247845
        ]
      },
      "id": "node/2461015873"
    },
    {
      "type": "Feature",
      "properties": {
        "@id": "node/2461015878",
        "is_in:country": "Cameroun",
        "is_in:country_code": "CM",
        "is_in:department": "Noun",
        "is_in:region": "Ouest",
        "name": "Bangourain",
        "note": "rank=0 car commune",
        "place": "town",
        "rank": "0",
        "source": "WRI_2005",
        "wikidata": "Q2882495"
      },
      "geometry": {
        "type": "Point",
        "coordinates": [
          10.660262,
          5.90416
        ]
      },
      "id": "node/2461015878"
    },
    {
      "type": "Feature",
      "properties": {
        "@id": "node/2461015881",
        "name": "Banok",
        "place": "village",
        "source": "WRI_2005"
      },
      "geometry": {
        "type": "Point",
        "coordinates": [
          10.284492,
          5.6121369
        ]
      },
      "id": "node/2461015881"
    },
    {
      "type": "Feature",
      "properties": {
        "@id": "node/2461015882",
        "name": "Banom",
        "place": "village",
        "source": "WRI_2005"
      },
      "geometry": {
        "type": "Point",
        "coordinates": [
          10.3648305,
          5.3152833
        ]
      },
      "id": "node/2461015882"
    },
    {
      "type": "Feature",
      "properties": {
        "@id": "node/2461015883",
        "name": "Bansoa",
        "place": "village",
        "source": "WRI_2005"
      },
      "geometry": {
        "type": "Point",
        "coordinates": [
          10.3128426,
          5.4425645
        ]
      },
      "id": "node/2461015883"
    },
    {
      "type": "Feature",
      "properties": {
        "@id": "node/2461015887",
        "name": "Bantoum I",
        "place": "village",
        "source": "WRI_2005"
      },
      "geometry": {
        "type": "Point",
        "coordinates": [
          10.6651533,
          5.0958164
        ]
      },
      "id": "node/2461015887"
    },
    {
      "type": "Feature",
      "properties": {
        "@id": "node/2461015888",
        "name": "Bantoum II",
        "place": "village",
        "source": "WRI_2005"
      },
      "geometry": {
        "type": "Point",
        "coordinates": [
          10.66943,
          5.0832658
        ]
      },
      "id": "node/2461015888"
    },
    {
      "type": "Feature",
      "properties": {
        "@id": "node/2461015889",
        "name": "Bantoum III",
        "place": "village",
        "source": "WRI_2005"
      },
      "geometry": {
        "type": "Point",
        "coordinates": [
          10.6874195,
          5.0493876
        ]
      },
      "id": "node/2461015889"
    },
    {
      "type": "Feature",
      "properties": {
        "@id": "node/2461015890",
        "name": "Banwa Fonti",
        "place": "village",
        "source": "WRI_2005"
      },
      "geometry": {
        "type": "Point",
        "coordinates": [
          10.0580994,
          5.1175321
        ]
      },
      "id": "node/2461015890"
    },
    {
      "type": "Feature",
      "properties": {
        "@id": "node/2461015891",
        "name": "Bapepa",
        "place": "village",
        "source": "WRI_2005"
      },
      "geometry": {
        "type": "Point",
        "coordinates": [
          10.2117167,
          5.5603599
        ]
      },
      "id": "node/2461015891"
    },
    {
      "type": "Feature",
      "properties": {
        "@id": "node/2461015892",
        "name": "Bapi",
        "place": "village",
        "source": "WRI_2005"
      },
      "geometry": {
        "type": "Point",
        "coordinates": [
          10.3507698,
          5.2935156
        ]
      },
      "id": "node/2461015892"
    },
    {
      "type": "Feature",
      "properties": {
        "@id": "node/2461015893",
        "name": "Bapou",
        "place": "village",
        "source": "WRI_2005"
      },
      "geometry": {
        "type": "Point",
        "coordinates": [
          10.3054242,
          5.1613527
        ]
      },
      "id": "node/2461015893"
    },
    {
      "type": "Feature",
      "properties": {
        "@id": "node/2461015912",
        "name": "Batcho",
        "place": "village",
        "source": "WRI_2005"
      },
      "geometry": {
        "type": "Point",
        "coordinates": [
          10.2999799,
          5.489514
        ]
      },
      "id": "node/2461015912"
    },
    {
      "type": "Feature",
      "properties": {
        "@id": "node/2461015928",
        "name": "Batotcha",
        "place": "village",
        "source": "WRI_2005"
      },
      "geometry": {
        "type": "Point",
        "coordinates": [
          10.2491961,
          5.4232197
        ]
      },
      "id": "node/2461015928"
    },
    {
      "type": "Feature",
      "properties": {
        "@id": "node/2461015932",
        "name": "Batoufam",
        "place": "village",
        "source": "WRI_2005",
        "wikidata": "Q2367839"
      },
      "geometry": {
        "type": "Point",
        "coordinates": [
          10.496892,
          5.260895
        ]
      },
      "id": "node/2461015932"
    },
    {
      "type": "Feature",
      "properties": {
        "@id": "node/2461015936",
        "name": "Batoufam",
        "place": "village",
        "source": "WRI_2005",
        "wikidata": "Q2367839"
      },
      "geometry": {
        "type": "Point",
        "coordinates": [
          10.467281,
          5.276864
        ]
      },
      "id": "node/2461015936"
    },
    {
      "type": "Feature",
      "properties": {
        "@id": "node/2461015940",
        "name": "Batoukop",
        "place": "village",
        "source": "WRI_2005"
      },
      "geometry": {
        "type": "Point",
        "coordinates": [
          10.4766602,
          5.4730836
        ]
      },
      "id": "node/2461015940"
    },
    {
      "type": "Feature",
      "properties": {
        "@id": "node/2461015944",
        "name": "Batsela",
        "place": "village",
        "source": "WRI_2005"
      },
      "geometry": {
        "type": "Point",
        "coordinates": [
          10.369555,
          5.2596646
        ]
      },
      "id": "node/2461015944"
    },
    {
      "type": "Feature",
      "properties": {
        "@id": "node/2461015949",
        "name": "Batsela",
        "place": "village",
        "source": "WRI_2005"
      },
      "geometry": {
        "type": "Point",
        "coordinates": [
          10.2994204,
          5.5730259
        ]
      },
      "id": "node/2461015949"
    },
    {
      "type": "Feature",
      "properties": {
        "@id": "node/2461015953",
        "name": "Bahouok",
        "place": "village",
        "source": "WRI_2005"
      },
      "geometry": {
        "type": "Point",
        "coordinates": [
          10.4933385,
          5.1116591
        ]
      },
      "id": "node/2461015953"
    },
    {
      "type": "Feature",
      "properties": {
        "@id": "node/2461016066",
        "name": "Bongouo",
        "place": "village",
        "source": "WRI_2005"
      },
      "geometry": {
        "type": "Point",
        "coordinates": [
          9.9892171,
          5.2737867
        ]
      },
      "id": "node/2461016066"
    },
    {
      "type": "Feature",
      "properties": {
        "@id": "node/2461016072",
        "name": "Boutcha",
        "place": "village",
        "source": "WRI_2005"
      },
      "geometry": {
        "type": "Point",
        "coordinates": [
          10.1499503,
          5.1710813
        ]
      },
      "id": "node/2461016072"
    },
    {
      "type": "Feature",
      "properties": {
        "@id": "node/2461016081",
        "name": "Chenye",
        "place": "village",
        "source": "WRI_2005"
      },
      "geometry": {
        "type": "Point",
        "coordinates": [
          10.3750053,
          5.2845332
        ]
      },
      "id": "node/2461016081"
    },
    {
      "type": "Feature",
      "properties": {
        "@id": "node/2461016082",
        "name": "Chepang",
        "place": "village",
        "source": "WRI_2005"
      },
      "geometry": {
        "type": "Point",
        "coordinates": [
          10.2581373,
          5.2862294
        ]
      },
      "id": "node/2461016082"
    },
    {
      "type": "Feature",
      "properties": {
        "@id": "node/2461016100",
        "name": "Didango",
        "place": "village",
        "source": "WRI_2005"
      },
      "geometry": {
        "type": "Point",
        "coordinates": [
          10.723574,
          5.6662396
        ]
      },
      "id": "node/2461016100"
    },
    {
      "type": "Feature",
      "properties": {
        "@id": "node/2461016129",
        "name": "Djeu",
        "place": "village",
        "source": "WRI_2005"
      },
      "geometry": {
        "type": "Point",
        "coordinates": [
          10.0202181,
          5.5456047
        ]
      },
      "id": "node/2461016129"
    },
    {
      "type": "Feature",
      "properties": {
        "@id": "node/2461016133",
        "name": "Djeve",
        "place": "village",
        "source": "WRI_2005"
      },
      "geometry": {
        "type": "Point",
        "coordinates": [
          10.4081857,
          5.2907108
        ]
      },
      "id": "node/2461016133"
    },
    {
      "type": "Feature",
      "properties": {
        "@id": "node/2461016140",
        "name": "Djiongwo",
        "place": "village",
        "source": "WRI_2005"
      },
      "geometry": {
        "type": "Point",
        "coordinates": [
          10.5061086,
          5.2916494
        ]
      },
      "id": "node/2461016140"
    },
    {
      "type": "Feature",
      "properties": {
        "@id": "node/2461016155",
        "name": "Domlo",
        "place": "village",
        "source": "WRI_2005"
      },
      "geometry": {
        "type": "Point",
        "coordinates": [
          10.4429632,
          5.3889149
        ]
      },
      "id": "node/2461016155"
    },
    {
      "type": "Feature",
      "properties": {
        "@id": "node/2461016215",
        "name": "Fametcha",
        "place": "village",
        "source": "WRI_2005"
      },
      "geometry": {
        "type": "Point",
        "coordinates": [
          10.5025279,
          5.1945811
        ]
      },
      "id": "node/2461016215"
    },
    {
      "type": "Feature",
      "properties": {
        "@id": "node/2461016216",
        "alt_name": "Famgam",
        "name": "Famghang",
        "place": "village",
        "source": "WRI_2005"
      },
      "geometry": {
        "type": "Point",
        "coordinates": [
          10.2319025,
          5.3036709
        ]
      },
      "id": "node/2461016216"
    },
    {
      "type": "Feature",
      "properties": {
        "@id": "node/2461016217",
        "name": "Famgoum",
        "place": "village",
        "source": "WRI_2005"
      },
      "geometry": {
        "type": "Point",
        "coordinates": [
          10.3198143,
          5.3263019
        ]
      },
      "id": "node/2461016217"
    },
    {
      "type": "Feature",
      "properties": {
        "@id": "node/2461016219",
        "name": "Famta",
        "place": "village",
        "source": "WRI_2005"
      },
      "geometry": {
        "type": "Point",
        "coordinates": [
          10.4619747,
          5.3197283
        ]
      },
      "id": "node/2461016219"
    },
    {
      "type": "Feature",
      "properties": {
        "@id": "node/2461016220",
        "name": "Famtoum",
        "place": "village",
        "source": "WRI_2005"
      },
      "geometry": {
        "type": "Point",
        "coordinates": [
          10.4888397,
          5.3045051
        ]
      },
      "id": "node/2461016220"
    },
    {
      "type": "Feature",
      "properties": {
        "@id": "node/2461016226",
        "name": "Fo Negom",
        "place": "village",
        "source": "WRI_2005"
      },
      "geometry": {
        "type": "Point",
        "coordinates": [
          10.4554983,
          5.3491242
        ]
      },
      "id": "node/2461016226"
    },
    {
      "type": "Feature",
      "properties": {
        "@id": "node/2461016233",
        "name": "Folentcha",
        "place": "village",
        "source": "WRI_2005"
      },
      "geometry": {
        "type": "Point",
        "coordinates": [
          10.1714445,
          5.2141335
        ]
      },
      "id": "node/2461016233"
    },
    {
      "type": "Feature",
      "properties": {
        "@id": "node/2461016238",
        "name": "Fombap",
        "place": "village",
        "source": "WRI_2005"
      },
      "geometry": {
        "type": "Point",
        "coordinates": [
          10.0098168,
          5.3163889
        ]
      },
      "id": "node/2461016238"
    },
    {
      "type": "Feature",
      "properties": {
        "@id": "node/2461016239",
        "name": "Fombé",
        "place": "village",
        "source": "WRI_2005"
      },
      "geometry": {
        "type": "Point",
        "coordinates": [
          10.3465063,
          5.4656358
        ]
      },
      "id": "node/2461016239"
    },
    {
      "type": "Feature",
      "properties": {
        "@id": "node/2461016240",
        "name": "Fombélé",
        "place": "village",
        "source": "WRI_2005"
      },
      "geometry": {
        "type": "Point",
        "coordinates": [
          10.1185147,
          5.12772
        ]
      },
      "id": "node/2461016240"
    },
    {
      "type": "Feature",
      "properties": {
        "@id": "node/2461016242",
        "name": "Fomke",
        "place": "village",
        "source": "WRI_2005"
      },
      "geometry": {
        "type": "Point",
        "coordinates": [
          10.147655,
          5.1519956
        ]
      },
      "id": "node/2461016242"
    },
    {
      "type": "Feature",
      "properties": {
        "@id": "node/2461016246",
        "name": "Fongoli",
        "place": "village",
        "source": "WRI_2005"
      },
      "geometry": {
        "type": "Point",
        "coordinates": [
          10.150749,
          5.185939
        ]
      },
      "id": "node/2461016246"
    },
    {
      "type": "Feature",
      "properties": {
        "@id": "node/2461016247",
        "name": "Fongotafo",
        "place": "village",
        "source": "WRI_2005"
      },
      "geometry": {
        "type": "Point",
        "coordinates": [
          9.9290438,
          5.3570508
        ]
      },
      "id": "node/2461016247"
    },
    {
      "type": "Feature",
      "properties": {
        "@id": "node/2461016248",
        "name": "Fongwang",
        "place": "village",
        "source": "WRI_2005"
      },
      "geometry": {
        "type": "Point",
        "coordinates": [
          9.9770191,
          5.2620745
        ]
      },
      "id": "node/2461016248"
    },
    {
      "type": "Feature",
      "properties": {
        "@id": "node/2461016252",
        "name": "Fontsa Toula'",
        "place": "village",
        "source": "WRI_2005"
      },
      "geometry": {
        "type": "Point",
        "coordinates": [
          10.0812129,
          5.322355
        ]
      },
      "id": "node/2461016252"
    },
    {
      "type": "Feature",
      "properties": {
        "@id": "node/2461016260",
        "name": "Fossong",
        "place": "village",
        "source": "WRI_2005"
      },
      "geometry": {
        "type": "Point",
        "coordinates": [
          9.9652996,
          5.5451231
        ]
      },
      "id": "node/2461016260"
    },
    {
      "type": "Feature",
      "properties": {
        "@id": "node/2461016269",
        "name": "Foto'",
        "place": "village",
        "source": "WRI_2005"
      },
      "geometry": {
        "type": "Point",
        "coordinates": [
          10.063261,
          5.4643429
        ]
      },
      "id": "node/2461016269"
    },
    {
      "type": "Feature",
      "properties": {
        "@id": "node/2461016275",
        "name": "Fou'sap",
        "place": "village",
        "source": "WRI_2005"
      },
      "geometry": {
        "type": "Point",
        "coordinates": [
          10.4593937,
          5.472346
        ]
      },
      "id": "node/2461016275"
    },
    {
      "type": "Feature",
      "properties": {
        "@id": "node/2461016279",
        "name": "Fouoya",
        "place": "village",
        "source": "WRI_2005"
      },
      "geometry": {
        "type": "Point",
        "coordinates": [
          10.4885525,
          5.7353619
        ]
      },
      "id": "node/2461016279"
    },
    {
      "type": "Feature",
      "properties": {
        "@id": "node/2461016282",
        "name": "Fouronguen",
        "place": "village",
        "source": "WRI_2005"
      },
      "geometry": {
        "type": "Point",
        "coordinates": [
          11.039418,
          6.1125411
        ]
      },
      "id": "node/2461016282"
    },
    {
      "type": "Feature",
      "properties": {
        "@id": "node/2461016297",
        "name": "Garap",
        "place": "village",
        "source": "WRI_2005"
      },
      "geometry": {
        "type": "Point",
        "coordinates": [
          10.6844078,
          5.878409
        ]
      },
      "id": "node/2461016297"
    },
    {
      "type": "Feature",
      "properties": {
        "@id": "node/2461016324",
        "name": "Kambo",
        "place": "village",
        "source": "WRI_2005"
      },
      "geometry": {
        "type": "Point",
        "coordinates": [
          10.0425169,
          5.1866502
        ]
      },
      "id": "node/2461016324"
    },
    {
      "type": "Feature",
      "properties": {
        "@id": "node/2461016325",
        "name": "Kamghe",
        "place": "village",
        "source": "WRI_2005"
      },
      "geometry": {
        "type": "Point",
        "coordinates": [
          10.4526494,
          5.2497202
        ]
      },
      "id": "node/2461016325"
    },
    {
      "type": "Feature",
      "properties": {
        "@id": "node/2461016326",
        "name": "Kamita",
        "place": "village",
        "source": "WRI_2005"
      },
      "geometry": {
        "type": "Point",
        "coordinates": [
          10.4478122,
          5.2332846
        ]
      },
      "id": "node/2461016326"
    },
    {
      "type": "Feature",
      "properties": {
        "@id": "node/2461016337",
        "name": "Kessa",
        "place": "village",
        "source": "WRI_2005"
      },
      "geometry": {
        "type": "Point",
        "coordinates": [
          10.3242984,
          5.5140555
        ]
      },
      "id": "node/2461016337"
    },
    {
      "type": "Feature",
      "properties": {
        "@id": "node/2461016339",
        "name": "Keutvu",
        "place": "village",
        "source": "WRI_2005"
      },
      "geometry": {
        "type": "Point",
        "coordinates": [
          10.5788915,
          5.4645488
        ]
      },
      "id": "node/2461016339"
    },
    {
      "type": "Feature",
      "properties": {
        "@id": "node/2461016351",
        "name": "Kofen",
        "place": "village",
        "source": "WRI_2005"
      },
      "geometry": {
        "type": "Point",
        "coordinates": [
          10.6163247,
          5.0985855
        ]
      },
      "id": "node/2461016351"
    },
    {
      "type": "Feature",
      "properties": {
        "@id": "node/2461016363",
        "name": "Kouna",
        "place": "village",
        "source": "WRI_2005"
      },
      "geometry": {
        "type": "Point",
        "coordinates": [
          11.0244863,
          6.135455
        ]
      },
      "id": "node/2461016363"
    },
    {
      "type": "Feature",
      "properties": {
        "@id": "node/2461016368",
        "name": "Kouoptamo",
        "note": "rank=0 car commune",
        "place": "town",
        "rank": "0",
        "source": "WRI_2005",
        "wikidata": "Q6434666"
      },
      "geometry": {
        "type": "Point",
        "coordinates": [
          10.6122387,
          5.6557267
        ]
      },
      "id": "node/2461016368"
    },
    {
      "type": "Feature",
      "properties": {
        "@id": "node/2461016370",
        "name": "Koyen",
        "place": "village",
        "source": "WRI_2005"
      },
      "geometry": {
        "type": "Point",
        "coordinates": [
          10.2074798,
          5.2421991
        ]
      },
      "id": "node/2461016370"
    },
    {
      "type": "Feature",
      "properties": {
        "@id": "node/2461016381",
        "name": "Kwetmenka",
        "place": "village",
        "source": "WRI_2005"
      },
      "geometry": {
        "type": "Point",
        "coordinates": [
          10.969168,
          5.7686735
        ]
      },
      "id": "node/2461016381"
    },
    {
      "type": "Feature",
      "properties": {
        "@id": "node/2461016382",
        "name": "Kwopou",
        "place": "village",
        "source": "WRI_2005"
      },
      "geometry": {
        "type": "Point",
        "coordinates": [
          10.4372565,
          5.30671
        ]
      },
      "id": "node/2461016382"
    },
    {
      "type": "Feature",
      "properties": {
        "@id": "node/2461016383",
        "name": "La'ngou",
        "place": "village",
        "source": "WRI_2005"
      },
      "geometry": {
        "type": "Point",
        "coordinates": [
          10.2936734,
          5.3110887
        ]
      },
      "id": "node/2461016383"
    },
    {
      "type": "Feature",
      "properties": {
        "@id": "node/2461016384",
        "name": "La'tsit",
        "place": "village",
        "source": "WRI_2005"
      },
      "geometry": {
        "type": "Point",
        "coordinates": [
          10.3656986,
          5.498089
        ]
      },
      "id": "node/2461016384"
    },
    {
      "type": "Feature",
      "properties": {
        "@id": "node/2461016390",
        "name": "Laloum",
        "place": "village",
        "source": "WRI_2005"
      },
      "geometry": {
        "type": "Point",
        "coordinates": [
          10.367339,
          5.6342967
        ]
      },
      "id": "node/2461016390"
    },
    {
      "type": "Feature",
      "properties": {
        "@id": "node/2461016396",
        "name": "Leghong",
        "place": "village",
        "source": "WRI_2005"
      },
      "geometry": {
        "type": "Point",
        "coordinates": [
          10.1996787,
          5.4420339
        ]
      },
      "id": "node/2461016396"
    },
    {
      "type": "Feature",
      "properties": {
        "@id": "node/2461016400",
        "name": "Lekwa",
        "place": "village",
        "source": "WRI_2005"
      },
      "geometry": {
        "type": "Point",
        "coordinates": [
          10.5029193,
          5.2536244
        ]
      },
      "id": "node/2461016400"
    },
    {
      "type": "Feature",
      "properties": {
        "@id": "node/2461016403",
        "name": "Lembo",
        "place": "village",
        "source": "WRI_2005"
      },
      "geometry": {
        "type": "Point",
        "coordinates": [
          10.1697968,
          5.1780353
        ]
      },
      "id": "node/2461016403"
    },
    {
      "type": "Feature",
      "properties": {
        "@id": "node/2461016407",
        "name": "Lemgo",
        "place": "village",
        "source": "WRI_2005"
      },
      "geometry": {
        "type": "Point",
        "coordinates": [
          10.4620736,
          5.3924452
        ]
      },
      "id": "node/2461016407"
    },
    {
      "type": "Feature",
      "properties": {
        "@id": "node/2461016416",
        "name": "Letsi",
        "place": "village",
        "source": "WRI_2005"
      },
      "geometry": {
        "type": "Point",
        "coordinates": [
          10.266696,
          5.5104729
        ]
      },
      "id": "node/2461016416"
    },
    {
      "type": "Feature",
      "properties": {
        "@id": "node/2461016417",
        "name": "Levonl",
        "place": "village",
        "source": "WRI_2005"
      },
      "geometry": {
        "type": "Point",
        "coordinates": [
          10.058405,
          5.5116083
        ]
      },
      "id": "node/2461016417"
    },
    {
      "type": "Feature",
      "properties": {
        "@id": "node/2461016427",
        "name": "Loung",
        "place": "village",
        "source": "WRI_2005"
      },
      "geometry": {
        "type": "Point",
        "coordinates": [
          10.084682,
          5.545161
        ]
      },
      "id": "node/2461016427"
    },
    {
      "type": "Feature",
      "properties": {
        "@id": "node/2461016450",
        "name": "Mabouo",
        "place": "village",
        "source": "WRI_2005"
      },
      "geometry": {
        "type": "Point",
        "coordinates": [
          10.9047562,
          5.9775243
        ]
      },
      "id": "node/2461016450"
    },
    {
      "type": "Feature",
      "properties": {
        "@id": "node/2461016451",
        "name": "Machatoum",
        "place": "village",
        "source": "WRI_2005"
      },
      "geometry": {
        "type": "Point",
        "coordinates": [
          11.0208669,
          5.3966963
        ]
      },
      "id": "node/2461016451"
    },
    {
      "type": "Feature",
      "properties": {
        "@id": "node/2461016452",
        "name": "Machu",
        "place": "village",
        "source": "WRI_2005"
      },
      "geometry": {
        "type": "Point",
        "coordinates": [
          10.9861351,
          5.7352644
        ]
      },
      "id": "node/2461016452"
    },
    {
      "type": "Feature",
      "properties": {
        "@id": "node/2461016454",
        "name": "Madinga",
        "place": "village",
        "source": "WRI_2005"
      },
      "geometry": {
        "type": "Point",
        "coordinates": [
          11.0131805,
          5.585478
        ]
      },
      "id": "node/2461016454"
    },
    {
      "type": "Feature",
      "properties": {
        "@id": "node/2461016456",
        "name": "Magham",
        "place": "village",
        "source": "WRI_2005"
      },
      "geometry": {
        "type": "Point",
        "coordinates": [
          10.9956568,
          5.7542972
        ]
      },
      "id": "node/2461016456"
    },
    {
      "type": "Feature",
      "properties": {
        "@id": "node/2461016457",
        "name": "Maghet",
        "place": "village",
        "source": "WRI_2005"
      },
      "geometry": {
        "type": "Point",
        "coordinates": [
          10.9822823,
          5.802728
        ]
      },
      "id": "node/2461016457"
    },
    {
      "type": "Feature",
      "properties": {
        "@id": "node/2461016458",
        "name": "Makam",
        "place": "village",
        "source": "WRI_2005"
      },
      "geometry": {
        "type": "Point",
        "coordinates": [
          10.9598231,
          5.8952194
        ]
      },
      "id": "node/2461016458"
    },
    {
      "type": "Feature",
      "properties": {
        "@id": "node/2461016459",
        "name": "Makam",
        "place": "village",
        "source": "WRI_2005"
      },
      "geometry": {
        "type": "Point",
        "coordinates": [
          11.0282633,
          5.9056003
        ]
      },
      "id": "node/2461016459"
    },
    {
      "type": "Feature",
      "properties": {
        "@id": "node/2461016465",
        "name": "Makoupa",
        "place": "village",
        "source": "WRI_2005"
      },
      "geometry": {
        "type": "Point",
        "coordinates": [
          11.1928329,
          6.0845198
        ]
      },
      "id": "node/2461016465"
    },
    {
      "type": "Feature",
      "properties": {
        "@id": "node/2461016466",
        "name": "Makoupa",
        "place": "village",
        "source": "WRI_2005"
      },
      "geometry": {
        "type": "Point",
        "coordinates": [
          11.190573,
          6.1065065
        ]
      },
      "id": "node/2461016466"
    },
    {
      "type": "Feature",
      "properties": {
        "@id": "node/2461016467",
        "name": "Makoutam",
        "place": "village",
        "source": "WRI_2005"
      },
      "geometry": {
        "type": "Point",
        "coordinates": [
          11.0408795,
          5.741447
        ]
      },
      "id": "node/2461016467"
    },
    {
      "type": "Feature",
      "properties": {
        "@id": "node/2461016468",
        "name": "Makpa",
        "place": "village",
        "source": "WRI_2005"
      },
      "geometry": {
        "type": "Point",
        "coordinates": [
          11.0694556,
          5.5614636
        ]
      },
      "id": "node/2461016468"
    },
    {
      "type": "Feature",
      "properties": {
        "@id": "node/2461016469",
        "name": "Makpa",
        "place": "village",
        "source": "WRI_2005"
      },
      "geometry": {
        "type": "Point",
        "coordinates": [
          11.065432,
          5.5830935
        ]
      },
      "id": "node/2461016469"
    },
    {
      "type": "Feature",
      "properties": {
        "@id": "node/2461016471",
        "name": "Malanden",
        "place": "village",
        "source": "WRI_2005"
      },
      "geometry": {
        "type": "Point",
        "coordinates": [
          10.8297586,
          5.4292963
        ]
      },
      "id": "node/2461016471"
    },
    {
      "type": "Feature",
      "properties": {
        "@id": "node/2461016476",
        "name": "Maloua",
        "place": "village",
        "source": "WRI_2005"
      },
      "geometry": {
        "type": "Point",
        "coordinates": [
          10.8334736,
          5.243513
        ]
      },
      "id": "node/2461016476"
    },
    {
      "type": "Feature",
      "properties": {
        "@id": "node/2461016478",
        "name": "Maloura",
        "place": "village",
        "source": "WRI_2005"
      },
      "geometry": {
        "type": "Point",
        "coordinates": [
          11.0565433,
          5.879584
        ]
      },
      "id": "node/2461016478"
    },
    {
      "type": "Feature",
      "properties": {
        "@id": "node/2461016480",
        "name": "Mamben",
        "place": "village",
        "source": "WRI_2005"
      },
      "geometry": {
        "type": "Point",
        "coordinates": [
          10.8329189,
          5.3668883
        ]
      },
      "id": "node/2461016480"
    },
    {
      "type": "Feature",
      "properties": {
        "@id": "node/2461016481",
        "name": "Mambicham",
        "place": "village",
        "source": "WRI_2005"
      },
      "geometry": {
        "type": "Point",
        "coordinates": [
          11.2301998,
          5.8409179
        ]
      },
      "id": "node/2461016481"
    },
    {
      "type": "Feature",
      "properties": {
        "@id": "node/2461016484",
        "name": "Mambonkeu",
        "place": "village",
        "source": "WRI_2005"
      },
      "geometry": {
        "type": "Point",
        "coordinates": [
          11.2464597,
          6.1222501
        ]
      },
      "id": "node/2461016484"
    },
    {
      "type": "Feature",
      "properties": {
        "@id": "node/2461016485",
        "name": "Mamboungam",
        "place": "village",
        "source": "WRI_2005"
      },
      "geometry": {
        "type": "Point",
        "coordinates": [
          11.2468449,
          5.9138681
        ]
      },
      "id": "node/2461016485"
    },
    {
      "type": "Feature",
      "properties": {
        "@id": "node/2461016486",
        "name": "Mambwot",
        "place": "village",
        "source": "WRI_2005"
      },
      "geometry": {
        "type": "Point",
        "coordinates": [
          10.5705882,
          5.6808151
        ]
      },
      "id": "node/2461016486"
    },
    {
      "type": "Feature",
      "properties": {
        "@id": "node/2461016487",
        "name": "Mambèn",
        "place": "village",
        "source": "WRI_2005"
      },
      "geometry": {
        "type": "Point",
        "coordinates": [
          10.89791,
          5.7083708
        ]
      },
      "id": "node/2461016487"
    },
    {
      "type": "Feature",
      "properties": {
        "@id": "node/2461016488",
        "name": "Mamenyam",
        "place": "village",
        "source": "WRI_2005"
      },
      "geometry": {
        "type": "Point",
        "coordinates": [
          10.9634557,
          5.4988635
        ]
      },
      "id": "node/2461016488"
    },
    {
      "type": "Feature",
      "properties": {
        "@id": "node/2461016489",
        "name": "Mamfabom",
        "place": "village",
        "source": "WRI_2005"
      },
      "geometry": {
        "type": "Point",
        "coordinates": [
          10.0928267,
          5.1971324
        ]
      },
      "id": "node/2461016489"
    },
    {
      "type": "Feature",
      "properties": {
        "@id": "node/2461016490",
        "name": "Mamfu",
        "place": "village",
        "source": "WRI_2005"
      },
      "geometry": {
        "type": "Point",
        "coordinates": [
          10.8380345,
          5.6640613
        ]
      },
      "id": "node/2461016490"
    },
    {
      "type": "Feature",
      "properties": {
        "@id": "node/2461016491",
        "name": "Mamokimo",
        "place": "village",
        "source": "WRI_2005"
      },
      "geometry": {
        "type": "Point",
        "coordinates": [
          11.2639383,
          6.2039308
        ]
      },
      "id": "node/2461016491"
    },
    {
      "type": "Feature",
      "properties": {
        "@id": "node/2461016492",
        "name": "Mamtouatié",
        "place": "village",
        "source": "WRI_2005"
      },
      "geometry": {
        "type": "Point",
        "coordinates": [
          11.056713,
          5.7919797
        ]
      },
      "id": "node/2461016492"
    },
    {
      "type": "Feature",
      "properties": {
        "@id": "node/2461016496",
        "name": "Mancha",
        "place": "village",
        "source": "WRI_2005"
      },
      "geometry": {
        "type": "Point",
        "coordinates": [
          10.8743422,
          5.5578491
        ]
      },
      "id": "node/2461016496"
    },
    {
      "type": "Feature",
      "properties": {
        "@id": "node/2461016497",
        "name": "Manchoutvi",
        "place": "village",
        "source": "WRI_2005"
      },
      "geometry": {
        "type": "Point",
        "coordinates": [
          11.1905304,
          5.9627182
        ]
      },
      "id": "node/2461016497"
    },
    {
      "type": "Feature",
      "properties": {
        "@id": "node/2461016498",
        "name": "Manda",
        "place": "village",
        "source": "WRI_2005"
      },
      "geometry": {
        "type": "Point",
        "coordinates": [
          11.2081431,
          5.778412
        ]
      },
      "id": "node/2461016498"
    },
    {
      "type": "Feature",
      "properties": {
        "@id": "node/2461016499",
        "name": "Manda",
        "place": "village",
        "source": "WRI_2005"
      },
      "geometry": {
        "type": "Point",
        "coordinates": [
          11.2049531,
          6.1499127
        ]
      },
      "id": "node/2461016499"
    },
    {
      "type": "Feature",
      "properties": {
        "@id": "node/2461016500",
        "name": "Mandatituop",
        "place": "village",
        "source": "WRI_2005"
      },
      "geometry": {
        "type": "Point",
        "coordinates": [
          11.1252165,
          6.2001548
        ]
      },
      "id": "node/2461016500"
    },
    {
      "type": "Feature",
      "properties": {
        "@id": "node/2461016501",
        "name": "Mandiyang",
        "place": "village",
        "source": "WRI_2005"
      },
      "geometry": {
        "type": "Point",
        "coordinates": [
          10.8343191,
          5.2844653
        ]
      },
      "id": "node/2461016501"
    },
    {
      "type": "Feature",
      "properties": {
        "@id": "node/2461016505",
        "name": "Mandètkane",
        "place": "village",
        "source": "WRI_2005"
      },
      "geometry": {
        "type": "Point",
        "coordinates": [
          10.9372211,
          5.7821929
        ]
      },
      "id": "node/2461016505"
    },
    {
      "type": "Feature",
      "properties": {
        "@id": "node/2461016507",
        "name": "Mangambang",
        "place": "village",
        "source": "WRI_2005"
      },
      "geometry": {
        "type": "Point",
        "coordinates": [
          11.145971,
          6.0905084
        ]
      },
      "id": "node/2461016507"
    },
    {
      "type": "Feature",
      "properties": {
        "@id": "node/2461016508",
        "name": "Mangiembou",
        "place": "village",
        "source": "WRI_2005"
      },
      "geometry": {
        "type": "Point",
        "coordinates": [
          11.0958117,
          5.523287
        ]
      },
      "id": "node/2461016508"
    },
    {
      "type": "Feature",
      "properties": {
        "@id": "node/2461016510",
        "name": "Mangoum",
        "place": "village",
        "source": "WRI_2005"
      },
      "geometry": {
        "type": "Point",
        "coordinates": [
          10.5922468,
          5.4613432
        ]
      },
      "id": "node/2461016510"
    },
    {
      "type": "Feature",
      "properties": {
        "@id": "node/2461016511",
        "name": "Mangoyoum",
        "place": "village",
        "source": "WRI_2005"
      },
      "geometry": {
        "type": "Point",
        "coordinates": [
          11.2326312,
          6.1805863
        ]
      },
      "id": "node/2461016511"
    },
    {
      "type": "Feature",
      "properties": {
        "@id": "node/2461016513",
        "name": "Manjenkoutou",
        "place": "village",
        "source": "WRI_2005"
      },
      "geometry": {
        "type": "Point",
        "coordinates": [
          11.0594558,
          5.7475426
        ]
      },
      "id": "node/2461016513"
    },
    {
      "type": "Feature",
      "properties": {
        "@id": "node/2461016514",
        "name": "Manjouom",
        "place": "village",
        "source": "WRI_2005"
      },
      "geometry": {
        "type": "Point",
        "coordinates": [
          11.0923023,
          5.6468305
        ]
      },
      "id": "node/2461016514"
    },
    {
      "type": "Feature",
      "properties": {
        "@id": "node/2461016517",
        "name": "Mankaré",
        "place": "village",
        "source": "WRI_2005"
      },
      "geometry": {
        "type": "Point",
        "coordinates": [
          11.1718843,
          5.4151019
        ]
      },
      "id": "node/2461016517"
    },
    {
      "type": "Feature",
      "properties": {
        "@id": "node/2461016519",
        "name": "Manki II",
        "place": "village",
        "source": "WRI_2005"
      },
      "geometry": {
        "type": "Point",
        "coordinates": [
          11.0969509,
          5.8569053
        ]
      },
      "id": "node/2461016519"
    },
    {
      "type": "Feature",
      "properties": {
        "@id": "node/2461016520",
        "name": "Manki",
        "place": "village",
        "source": "WRI_2005"
      },
      "geometry": {
        "type": "Point",
        "coordinates": [
          11.0126746,
          5.8216417
        ]
      },
      "id": "node/2461016520"
    },
    {
      "type": "Feature",
      "properties": {
        "@id": "node/2461016523",
        "name": "Mankounmvi",
        "place": "village",
        "source": "WRI_2005"
      },
      "geometry": {
        "type": "Point",
        "coordinates": [
          11.2068146,
          5.8439984
        ]
      },
      "id": "node/2461016523"
    },
    {
      "type": "Feature",
      "properties": {
        "@id": "node/2461016524",
        "name": "Mankouombi",
        "place": "village",
        "source": "WRI_2005"
      },
      "geometry": {
        "type": "Point",
        "coordinates": [
          11.0682437,
          5.4609618
        ]
      },
      "id": "node/2461016524"
    },
    {
      "type": "Feature",
      "properties": {
        "@id": "node/2461016525",
        "name": "Mankoutmbou",
        "place": "village",
        "source": "WRI_2005"
      },
      "geometry": {
        "type": "Point",
        "coordinates": [
          11.0985055,
          5.4935016
        ]
      },
      "id": "node/2461016525"
    },
    {
      "type": "Feature",
      "properties": {
        "@id": "node/2461016526",
        "name": "Mankouya",
        "place": "village",
        "source": "WRI_2005"
      },
      "geometry": {
        "type": "Point",
        "coordinates": [
          10.8316306,
          5.2029008
        ]
      },
      "id": "node/2461016526"
    },
    {
      "type": "Feature",
      "properties": {
        "@id": "node/2461016527",
        "name": "Manku",
        "place": "village",
        "source": "WRI_2005"
      },
      "geometry": {
        "type": "Point",
        "coordinates": [
          10.9751689,
          6.0290764
        ]
      },
      "id": "node/2461016527"
    },
    {
      "type": "Feature",
      "properties": {
        "@id": "node/2461016530",
        "name": "Mansom",
        "place": "village",
        "source": "WRI_2005"
      },
      "geometry": {
        "type": "Point",
        "coordinates": [
          11.0112474,
          5.8059996
        ]
      },
      "id": "node/2461016530"
    },
    {
      "type": "Feature",
      "properties": {
        "@id": "node/2461016531",
        "name": "Mansoum",
        "place": "village",
        "source": "WRI_2005"
      },
      "geometry": {
        "type": "Point",
        "coordinates": [
          11.090974,
          6.1575332
        ]
      },
      "id": "node/2461016531"
    },
    {
      "type": "Feature",
      "properties": {
        "@id": "node/2461016532",
        "name": "Manswen Foywom",
        "place": "village",
        "source": "WRI_2005"
      },
      "geometry": {
        "type": "Point",
        "coordinates": [
          10.9308731,
          5.4728005
        ]
      },
      "id": "node/2461016532"
    },
    {
      "type": "Feature",
      "properties": {
        "@id": "node/2461016533",
        "name": "Manswen Mambeng",
        "place": "village",
        "source": "WRI_2005"
      },
      "geometry": {
        "type": "Point",
        "coordinates": [
          10.9188904,
          5.4696847
        ]
      },
      "id": "node/2461016533"
    },
    {
      "type": "Feature",
      "properties": {
        "@id": "node/2461016534",
        "name": "Mansèn",
        "place": "village",
        "source": "WRI_2005"
      },
      "geometry": {
        "type": "Point",
        "coordinates": [
          10.8787403,
          5.0786337
        ]
      },
      "id": "node/2461016534"
    },
    {
      "type": "Feature",
      "properties": {
        "@id": "node/2461016538",
        "name": "Mantoum - Palais",
        "place": "village",
        "source": "WRI_2005"
      },
      "geometry": {
        "type": "Point",
        "coordinates": [
          11.1980297,
          5.6528978
        ]
      },
      "id": "node/2461016538"
    },
    {
      "type": "Feature",
      "properties": {
        "@id": "node/2461016539",
        "name": "Mantoum",
        "place": "village",
        "source": "WRI_2005"
      },
      "geometry": {
        "type": "Point",
        "coordinates": [
          11.1517645,
          5.643664
        ]
      },
      "id": "node/2461016539"
    },
    {
      "type": "Feature",
      "properties": {
        "@id": "node/2461016540",
        "name": "Manloung",
        "place": "village",
        "source": "WRI_2005"
      },
      "geometry": {
        "type": "Point",
        "coordinates": [
          10.8665214,
          5.1589689
        ]
      },
      "id": "node/2461016540"
    },
    {
      "type": "Feature",
      "properties": {
        "@id": "node/2461016541",
        "name": "Manté",
        "place": "village",
        "source": "WRI_2005"
      },
      "geometry": {
        "type": "Point",
        "coordinates": [
          11.2072612,
          6.0533791
        ]
      },
      "id": "node/2461016541"
    },
    {
      "type": "Feature",
      "properties": {
        "@id": "node/2461016542",
        "name": "Manya",
        "place": "village",
        "source": "WRI_2005"
      },
      "geometry": {
        "type": "Point",
        "coordinates": [
          11.1456564,
          6.2227483
        ]
      },
      "id": "node/2461016542"
    },
    {
      "type": "Feature",
      "properties": {
        "@id": "node/2461016544",
        "name": "Mapa'ré",
        "place": "village",
        "source": "WRI_2005"
      },
      "geometry": {
        "type": "Point",
        "coordinates": [
          10.6564499,
          5.6217829
        ]
      },
      "id": "node/2461016544"
    },
    {
      "type": "Feature",
      "properties": {
        "@id": "node/2461016545",
        "name": "Mapou",
        "place": "village",
        "source": "WRI_2005"
      },
      "geometry": {
        "type": "Point",
        "coordinates": [
          11.2584921,
          5.7585201
        ]
      },
      "id": "node/2461016545"
    },
    {
      "type": "Feature",
      "properties": {
        "@id": "node/2461016546",
        "name": "Marapndoum",
        "place": "village",
        "source": "WRI_2005"
      },
      "geometry": {
        "type": "Point",
        "coordinates": [
          11.111445,
          5.8034481
        ]
      },
      "id": "node/2461016546"
    },
    {
      "type": "Feature",
      "properties": {
        "@id": "node/2461016549",
        "name": "Massiessle",
        "place": "village",
        "source": "WRI_2005"
      },
      "geometry": {
        "type": "Point",
        "coordinates": [
          10.6484784,
          5.5995448
        ]
      },
      "id": "node/2461016549"
    },
    {
      "type": "Feature",
      "properties": {
        "@id": "node/2461016550",
        "name": "Mata",
        "place": "village",
        "source": "WRI_2005"
      },
      "geometry": {
        "type": "Point",
        "coordinates": [
          11.2686222,
          6.0433606
        ]
      },
      "id": "node/2461016550"
    },
    {
      "type": "Feature",
      "properties": {
        "@id": "node/2461016551",
        "name": "Matachouom",
        "place": "village",
        "source": "WRI_2005"
      },
      "geometry": {
        "type": "Point",
        "coordinates": [
          11.1872239,
          5.7496861
        ]
      },
      "id": "node/2461016551"
    },
    {
      "type": "Feature",
      "properties": {
        "@id": "node/2461016552",
        "name": "Matam",
        "place": "village",
        "source": "WRI_2005"
      },
      "geometry": {
        "type": "Point",
        "coordinates": [
          10.9516254,
          5.4390135
        ]
      },
      "id": "node/2461016552"
    },
    {
      "type": "Feature",
      "properties": {
        "@id": "node/2461016553",
        "name": "Matie",
        "place": "village",
        "source": "WRI_2005"
      },
      "geometry": {
        "type": "Point",
        "coordinates": [
          10.6586913,
          5.383937
        ]
      },
      "id": "node/2461016553"
    },
    {
      "type": "Feature",
      "properties": {
        "@id": "node/2461016554",
        "name": "Matoufa",
        "place": "village",
        "source": "WRI_2005"
      },
      "geometry": {
        "type": "Point",
        "coordinates": [
          10.9788628,
          5.545399
        ]
      },
      "id": "node/2461016554"
    },
    {
      "type": "Feature",
      "properties": {
        "@id": "node/2461016555",
        "name": "Matoupou",
        "place": "village",
        "source": "WRI_2005"
      },
      "geometry": {
        "type": "Point",
        "coordinates": [
          11.1390704,
          5.7144707
        ]
      },
      "id": "node/2461016555"
    },
    {
      "type": "Feature",
      "properties": {
        "@id": "node/2461016556",
        "name": "Matyapon",
        "place": "village",
        "source": "WRI_2005"
      },
      "geometry": {
        "type": "Point",
        "coordinates": [
          11.0893257,
          5.7334419
        ]
      },
      "id": "node/2461016556"
    },
    {
      "type": "Feature",
      "properties": {
        "@id": "node/2461016557",
        "name": "Mawa",
        "place": "village",
        "source": "WRI_2005"
      },
      "geometry": {
        "type": "Point",
        "coordinates": [
          11.1723181,
          5.7956066
        ]
      },
      "id": "node/2461016557"
    },
    {
      "type": "Feature",
      "properties": {
        "@id": "node/2461016558",
        "name": "Mawa",
        "place": "village",
        "source": "WRI_2005"
      },
      "geometry": {
        "type": "Point",
        "coordinates": [
          11.1987339,
          5.8216518
        ]
      },
      "id": "node/2461016558"
    },
    {
      "type": "Feature",
      "properties": {
        "@id": "node/2461016559",
        "name": "Maya",
        "place": "village",
        "source": "WRI_2005"
      },
      "geometry": {
        "type": "Point",
        "coordinates": [
          11.0784564,
          6.2028806
        ]
      },
      "id": "node/2461016559"
    },
    {
      "type": "Feature",
      "properties": {
        "@id": "node/2461016561",
        "name": "Mayakwé",
        "place": "village",
        "source": "WRI_2005"
      },
      "geometry": {
        "type": "Point",
        "coordinates": [
          10.877707,
          5.1192546
        ]
      },
      "id": "node/2461016561"
    },
    {
      "type": "Feature",
      "properties": {
        "@id": "node/2461016570",
        "name": "Mayo",
        "place": "village",
        "source": "WRI_2005"
      },
      "geometry": {
        "type": "Point",
        "coordinates": [
          11.0840593,
          5.8233288
        ]
      },
      "id": "node/2461016570"
    },
    {
      "type": "Feature",
      "properties": {
        "@id": "node/2461016571",
        "name": "Mayo",
        "place": "village",
        "source": "WRI_2005"
      },
      "geometry": {
        "type": "Point",
        "coordinates": [
          11.105291,
          5.8267485
        ]
      },
      "id": "node/2461016571"
    },
    {
      "type": "Feature",
      "properties": {
        "@id": "node/2461016572",
        "name": "Mayouom",
        "place": "village",
        "source": "WRI_2005"
      },
      "geometry": {
        "type": "Point",
        "coordinates": [
          10.9927406,
          5.8386692
        ]
      },
      "id": "node/2461016572"
    },
    {
      "type": "Feature",
      "properties": {
        "@id": "node/2461016575",
        "name": "Mbafa",
        "place": "village",
        "source": "WRI_2005"
      },
      "geometry": {
        "type": "Point",
        "coordinates": [
          10.4534946,
          5.7663057
        ]
      },
      "id": "node/2461016575"
    },
    {
      "type": "Feature",
      "properties": {
        "@id": "node/2461016576",
        "name": "Mbafam",
        "place": "village",
        "source": "WRI_2005"
      },
      "geometry": {
        "type": "Point",
        "coordinates": [
          10.0235164,
          5.1186714
        ]
      },
      "id": "node/2461016576"
    },
    {
      "type": "Feature",
      "properties": {
        "@id": "node/2461016577",
        "name": "Mbaghong",
        "place": "village",
        "source": "WRI_2005"
      },
      "geometry": {
        "type": "Point",
        "coordinates": [
          10.4837341,
          5.7200811
        ]
      },
      "id": "node/2461016577"
    },
    {
      "type": "Feature",
      "properties": {
        "@id": "node/2461016582",
        "name": "Mbakop",
        "place": "village",
        "source": "WRI_2005"
      },
      "geometry": {
        "type": "Point",
        "coordinates": [
          11.1598226,
          6.0570221
        ]
      },
      "id": "node/2461016582"
    },
    {
      "type": "Feature",
      "properties": {
        "@id": "node/2461016587",
        "name": "Mbamkouop",
        "place": "village",
        "source": "WRI_2005"
      },
      "geometry": {
        "type": "Point",
        "coordinates": [
          10.582327,
          5.6546633
        ]
      },
      "id": "node/2461016587"
    },
    {
      "type": "Feature",
      "properties": {
        "@id": "node/2461016591",
        "name": "Mbanjou",
        "place": "village",
        "source": "WRI_2005"
      },
      "geometry": {
        "type": "Point",
        "coordinates": [
          10.6220094,
          5.5438821
        ]
      },
      "id": "node/2461016591"
    },
    {
      "type": "Feature",
      "properties": {
        "@id": "node/2461016600",
        "name": "Mbem",
        "place": "village",
        "source": "WRI_2005"
      },
      "geometry": {
        "type": "Point",
        "coordinates": [
          10.434896,
          5.3290536
        ]
      },
      "id": "node/2461016600"
    },
    {
      "type": "Feature",
      "properties": {
        "@id": "node/2461016607",
        "name": "Mbenzate",
        "place": "village",
        "source": "WRI_2005"
      },
      "geometry": {
        "type": "Point",
        "coordinates": [
          10.4729325,
          5.6978471
        ]
      },
      "id": "node/2461016607"
    },
    {
      "type": "Feature",
      "properties": {
        "@id": "node/2461016608",
        "name": "Mbessa",
        "place": "village",
        "source": "WRI_2005"
      },
      "geometry": {
        "type": "Point",
        "coordinates": [
          10.3091756,
          5.7124671
        ]
      },
      "id": "node/2461016608"
    },
    {
      "type": "Feature",
      "properties": {
        "@id": "node/2461016613",
        "name": "Mbing",
        "place": "village",
        "source": "WRI_2005"
      },
      "geometry": {
        "type": "Point",
        "coordinates": [
          10.4113849,
          5.421666
        ]
      },
      "id": "node/2461016613"
    },
    {
      "type": "Feature",
      "properties": {
        "@id": "node/2461016635",
        "name": "Mbonkouma",
        "place": "village",
        "source": "WRI_2005"
      },
      "geometry": {
        "type": "Point",
        "coordinates": [
          11.2278831,
          6.061963
        ]
      },
      "id": "node/2461016635"
    },
    {
      "type": "Feature",
      "properties": {
        "@id": "node/2461016647",
        "name": "Mbwo",
        "place": "village",
        "source": "WRI_2005"
      },
      "geometry": {
        "type": "Point",
        "coordinates": [
          10.4479588,
          5.4331895
        ]
      },
      "id": "node/2461016647"
    },
    {
      "type": "Feature",
      "properties": {
        "@id": "node/2461016650",
        "name": "Mefe",
        "place": "village",
        "source": "WRI_2005"
      },
      "geometry": {
        "type": "Point",
        "coordinates": [
          10.3731729,
          5.4472572
        ]
      },
      "id": "node/2461016650"
    },
    {
      "type": "Feature",
      "properties": {
        "@id": "node/2461016652",
        "name": "Megom",
        "place": "village",
        "source": "WRI_2005"
      },
      "geometry": {
        "type": "Point",
        "coordinates": [
          10.4143597,
          5.442822
        ]
      },
      "id": "node/2461016652"
    },
    {
      "type": "Feature",
      "properties": {
        "@id": "node/2461016655",
        "name": "Meje",
        "place": "village",
        "source": "WRI_2005"
      },
      "geometry": {
        "type": "Point",
        "coordinates": [
          10.4208084,
          5.2708708
        ]
      },
      "id": "node/2461016655"
    },
    {
      "type": "Feature",
      "properties": {
        "@id": "node/2461016665",
        "name": "Menfoung",
        "place": "village",
        "source": "WRI_2005"
      },
      "geometry": {
        "type": "Point",
        "coordinates": [
          10.4363208,
          5.7860838
        ]
      },
      "id": "node/2461016665"
    },
    {
      "type": "Feature",
      "properties": {
        "@id": "node/2461016666",
        "name": "Mengwi",
        "place": "village",
        "source": "WRI_2005"
      },
      "geometry": {
        "type": "Point",
        "coordinates": [
          10.0755839,
          5.2310247
        ]
      },
      "id": "node/2461016666"
    },
    {
      "type": "Feature",
      "properties": {
        "@id": "node/2461016673",
        "name": "Metsam",
        "place": "village",
        "source": "WRI_2005"
      },
      "geometry": {
        "type": "Point",
        "coordinates": [
          10.275279,
          5.3942534
        ]
      },
      "id": "node/2461016673"
    },
    {
      "type": "Feature",
      "properties": {
        "@id": "node/2461016675",
        "name": "Mevobo",
        "place": "village",
        "source": "WRI_2005"
      },
      "geometry": {
        "type": "Point",
        "coordinates": [
          10.3437896,
          5.7252695
        ]
      },
      "id": "node/2461016675"
    },
    {
      "type": "Feature",
      "properties": {
        "@id": "node/2461016683",
        "name": "Mfefam",
        "place": "village",
        "source": "WRI_2005"
      },
      "geometry": {
        "type": "Point",
        "coordinates": [
          11.0682182,
          6.0480559
        ]
      },
      "id": "node/2461016683"
    },
    {
      "type": "Feature",
      "properties": {
        "@id": "node/2461016686",
        "name": "Mfelap",
        "place": "village",
        "source": "WRI_2005"
      },
      "geometry": {
        "type": "Point",
        "coordinates": [
          10.8995519,
          5.8227519
        ]
      },
      "id": "node/2461016686"
    },
    {
      "type": "Feature",
      "properties": {
        "@id": "node/2461016690",
        "name": "Mfeloum Mapong",
        "place": "village",
        "source": "WRI_2005"
      },
      "geometry": {
        "type": "Point",
        "coordinates": [
          11.0640279,
          6.0957553
        ]
      },
      "id": "node/2461016690"
    },
    {
      "type": "Feature",
      "properties": {
        "@id": "node/2461016694",
        "name": "Mfenguem",
        "place": "village",
        "source": "WRI_2005"
      },
      "geometry": {
        "type": "Point",
        "coordinates": [
          10.6294831,
          5.710803
        ]
      },
      "id": "node/2461016694"
    },
    {
      "type": "Feature",
      "properties": {
        "@id": "node/2461016697",
        "name": "Mfessang",
        "place": "village",
        "source": "WRI_2005"
      },
      "geometry": {
        "type": "Point",
        "coordinates": [
          10.6530718,
          5.4382295
        ]
      },
      "id": "node/2461016697"
    },
    {
      "type": "Feature",
      "properties": {
        "@id": "node/2461016701",
        "name": "Mfesset",
        "place": "village",
        "source": "WRI_2005"
      },
      "geometry": {
        "type": "Point",
        "coordinates": [
          10.6881117,
          5.4883197
        ]
      },
      "id": "node/2461016701"
    },
    {
      "type": "Feature",
      "properties": {
        "@id": "node/2461016702",
        "name": "Mfewouon",
        "place": "village",
        "source": "WRI_2005"
      },
      "geometry": {
        "type": "Point",
        "coordinates": [
          10.7193742,
          5.4839937
        ]
      },
      "id": "node/2461016702"
    },
    {
      "type": "Feature",
      "properties": {
        "@id": "node/2461016703",
        "name": "Mfeyèt",
        "place": "village",
        "source": "WRI_2005"
      },
      "geometry": {
        "type": "Point",
        "coordinates": [
          10.8862082,
          5.843428
        ]
      },
      "id": "node/2461016703"
    },
    {
      "type": "Feature",
      "properties": {
        "@id": "node/2461016706",
        "name": "Mifi Sud",
        "place": "village",
        "source": "WRI_2005"
      },
      "geometry": {
        "type": "Point",
        "coordinates": [
          10.45084,
          5.6538907
        ]
      },
      "id": "node/2461016706"
    },
    {
      "type": "Feature",
      "properties": {
        "@id": "node/2461016707",
        "name": "Mifi",
        "place": "village",
        "source": "WRI_2005"
      },
      "geometry": {
        "type": "Point",
        "coordinates": [
          10.3297353,
          5.6830392
        ]
      },
      "id": "node/2461016707"
    },
    {
      "type": "Feature",
      "properties": {
        "@id": "node/2461016716",
        "name": "Miédeu",
        "place": "village",
        "source": "WRI_2005"
      },
      "geometry": {
        "type": "Point",
        "coordinates": [
          10.4631148,
          5.7912243
        ]
      },
      "id": "node/2461016716"
    },
    {
      "type": "Feature",
      "properties": {
        "@id": "node/2461016717",
        "name": "Mjindaré",
        "place": "village",
        "source": "WRI_2005"
      },
      "geometry": {
        "type": "Point",
        "coordinates": [
          10.8890551,
          5.5108187
        ]
      },
      "id": "node/2461016717"
    },
    {
      "type": "Feature",
      "properties": {
        "@id": "node/2461016718",
        "name": "koupa menke",
        "place": "village",
        "source": "WRI_2005"
      },
      "geometry": {
        "type": "Point",
        "coordinates": [
          10.7519532,
          5.7342774
        ]
      },
      "id": "node/2461016718"
    },
    {
      "type": "Feature",
      "properties": {
        "@id": "node/2461016725",
        "name": "Momo",
        "place": "village",
        "source": "WRI_2005"
      },
      "geometry": {
        "type": "Point",
        "coordinates": [
          10.555976,
          5.4535564
        ]
      },
      "id": "node/2461016725"
    },
    {
      "type": "Feature",
      "properties": {
        "@id": "node/2461016726",
        "name": "Monbossoum",
        "place": "village",
        "source": "WRI_2005"
      },
      "geometry": {
        "type": "Point",
        "coordinates": [
          11.0536851,
          6.1769929
        ]
      },
      "id": "node/2461016726"
    },
    {
      "type": "Feature",
      "properties": {
        "@id": "node/2461016727",
        "name": "Monbossoum",
        "place": "village",
        "source": "WRI_2005"
      },
      "geometry": {
        "type": "Point",
        "coordinates": [
          11.0377464,
          6.1995797
        ]
      },
      "id": "node/2461016727"
    },
    {
      "type": "Feature",
      "properties": {
        "@id": "node/2461016729",
        "name": "Monpen",
        "place": "village",
        "source": "WRI_2005"
      },
      "geometry": {
        "type": "Point",
        "coordinates": [
          11.1510617,
          6.0309662
        ]
      },
      "id": "node/2461016729"
    },
    {
      "type": "Feature",
      "properties": {
        "@id": "node/2461016730",
        "name": "Moripa",
        "place": "village",
        "source": "WRI_2005"
      },
      "geometry": {
        "type": "Point",
        "coordinates": [
          10.5306799,
          5.5976588
        ]
      },
      "id": "node/2461016730"
    },
    {
      "type": "Feature",
      "properties": {
        "@id": "node/2461016731",
        "name": "Mossamfong",
        "place": "village",
        "source": "WRI_2005"
      },
      "geometry": {
        "type": "Point",
        "coordinates": [
          11.1382352,
          6.1507517
        ]
      },
      "id": "node/2461016731"
    },
    {
      "type": "Feature",
      "properties": {
        "@id": "node/2461016732",
        "name": "Meutchouèfondom",
        "place": "village",
        "source": "WRI_2005"
      },
      "geometry": {
        "type": "Point",
        "coordinates": [
          10.2561173,
          5.2781135
        ]
      },
      "id": "node/2461016732"
    },
    {
      "type": "Feature",
      "properties": {
        "@id": "node/2461016733",
        "name": "Mougong",
        "place": "village",
        "source": "WRI_2005"
      },
      "geometry": {
        "type": "Point",
        "coordinates": [
          10.222217,
          5.5777796
        ]
      },
      "id": "node/2461016733"
    },
    {
      "type": "Feature",
      "properties": {
        "@id": "node/2461016734",
        "name": "Moundjo",
        "place": "village",
        "source": "WRI_2005"
      },
      "geometry": {
        "type": "Point",
        "coordinates": [
          10.4861594,
          5.3187809
        ]
      },
      "id": "node/2461016734"
    },
    {
      "type": "Feature",
      "properties": {
        "@id": "node/2461016736",
        "name": "Moutoubiuo",
        "place": "village",
        "source": "WRI_2005"
      },
      "geometry": {
        "type": "Point",
        "coordinates": [
          11.0123889,
          6.204693
        ]
      },
      "id": "node/2461016736"
    },
    {
      "type": "Feature",
      "properties": {
        "@id": "node/2461016739",
        "name": "Mteripa",
        "note": "bing 2018: village burned down/abandoned?",
        "place": "village",
        "source": "WRI_2005"
      },
      "geometry": {
        "type": "Point",
        "coordinates": [
          10.7872198,
          5.3887787
        ]
      },
      "id": "node/2461016739"
    },
    {
      "type": "Feature",
      "properties": {
        "@id": "node/2461016740",
        "name": "Mtékouop",
        "place": "village",
        "source": "WRI_2005"
      },
      "geometry": {
        "type": "Point",
        "coordinates": [
          11.0503212,
          5.680884
        ]
      },
      "id": "node/2461016740"
    },
    {
      "type": "Feature",
      "properties": {
        "@id": "node/2461016741",
        "name": "Mu'ndjouo",
        "place": "village",
        "source": "WRI_2005"
      },
      "geometry": {
        "type": "Point",
        "coordinates": [
          10.3213372,
          5.3919783
        ]
      },
      "id": "node/2461016741"
    },
    {
      "type": "Feature",
      "properties": {
        "@id": "node/2461016750",
        "name": "Mvetchwet",
        "place": "village",
        "source": "WRI_2005"
      },
      "geometry": {
        "type": "Point",
        "coordinates": [
          10.4932788,
          5.1281934
        ]
      },
      "id": "node/2461016750"
    },
    {
      "type": "Feature",
      "properties": {
        "@id": "node/2461016751",
        "name": "Mvinmbé",
        "place": "village",
        "source": "WRI_2005"
      },
      "geometry": {
        "type": "Point",
        "coordinates": [
          11.1814673,
          6.0501811
        ]
      },
      "id": "node/2461016751"
    },
    {
      "type": "Feature",
      "properties": {
        "@id": "node/2461016759",
        "name": "Nansap",
        "place": "village",
        "source": "WRI_2005"
      },
      "geometry": {
        "type": "Point",
        "coordinates": [
          10.3989895,
          5.6140678
        ]
      },
      "id": "node/2461016759"
    },
    {
      "type": "Feature",
      "properties": {
        "@id": "node/2461016768",
        "name": "Ndanyang",
        "place": "village",
        "source": "WRI_2005"
      },
      "geometry": {
        "type": "Point",
        "coordinates": [
          11.1066837,
          6.0296628
        ]
      },
      "id": "node/2461016768"
    },
    {
      "type": "Feature",
      "properties": {
        "@id": "node/2461016769",
        "name": "Ndanyang",
        "place": "village",
        "source": "WRI_2005"
      },
      "geometry": {
        "type": "Point",
        "coordinates": [
          11.1025268,
          6.0350908
        ]
      },
      "id": "node/2461016769"
    },
    {
      "type": "Feature",
      "properties": {
        "@id": "node/2461016770",
        "name": "Ndembou Menjo",
        "place": "village",
        "source": "WRI_2005"
      },
      "geometry": {
        "type": "Point",
        "coordinates": [
          10.4622131,
          5.4452665
        ]
      },
      "id": "node/2461016770"
    },
    {
      "type": "Feature",
      "properties": {
        "@id": "node/2461016773",
        "name": "Ndeptoup",
        "place": "village",
        "source": "WRI_2005"
      },
      "geometry": {
        "type": "Point",
        "coordinates": [
          10.4649527,
          5.2028796
        ]
      },
      "id": "node/2461016773"
    },
    {
      "type": "Feature",
      "properties": {
        "@id": "node/2461016775",
        "name": "Ndiknip",
        "place": "village",
        "source": "WRI_2005"
      },
      "geometry": {
        "type": "Point",
        "coordinates": [
          10.3812967,
          5.1865321
        ]
      },
      "id": "node/2461016775"
    },
    {
      "type": "Feature",
      "properties": {
        "@id": "node/2461016779",
        "name": "Ndjeghang",
        "place": "village",
        "source": "WRI_2005"
      },
      "geometry": {
        "type": "Point",
        "coordinates": [
          10.3191404,
          5.4166316
        ]
      },
      "id": "node/2461016779"
    },
    {
      "type": "Feature",
      "properties": {
        "@id": "node/2461016780",
        "name": "Ndjimbouot",
        "place": "village",
        "source": "WRI_2005"
      },
      "geometry": {
        "type": "Point",
        "coordinates": [
          10.6637921,
          5.4940469
        ]
      },
      "id": "node/2461016780"
    },
    {
      "type": "Feature",
      "properties": {
        "@id": "node/2461016781",
        "name": "Ndjinga",
        "place": "village",
        "source": "WRI_2005"
      },
      "geometry": {
        "type": "Point",
        "coordinates": [
          10.4799807,
          5.473842
        ]
      },
      "id": "node/2461016781"
    },
    {
      "type": "Feature",
      "properties": {
        "@id": "node/2461016783",
        "name": "Ndjéleng I",
        "place": "village",
        "source": "WRI_2005"
      },
      "geometry": {
        "type": "Point",
        "coordinates": [
          10.4193958,
          5.4174376
        ]
      },
      "id": "node/2461016783"
    },
    {
      "type": "Feature",
      "properties": {
        "@id": "node/2461016784",
        "name": "Ndjéleng II",
        "place": "village",
        "source": "WRI_2005"
      },
      "geometry": {
        "type": "Point",
        "coordinates": [
          10.4205924,
          5.4071559
        ]
      },
      "id": "node/2461016784"
    },
    {
      "type": "Feature",
      "properties": {
        "@id": "node/2461016785",
        "alt_name": "Ndo",
        "name": "Ndoh",
        "place": "village",
        "source": "WRI_2005"
      },
      "geometry": {
        "type": "Point",
        "coordinates": [
          10.0718975,
          5.5611421
        ]
      },
      "id": "node/2461016785"
    },
    {
      "type": "Feature",
      "properties": {
        "@id": "node/2461016787",
        "name": "Ndou'ndou",
        "place": "village",
        "source": "WRI_2005"
      },
      "geometry": {
        "type": "Point",
        "coordinates": [
          10.5688027,
          5.1571368
        ]
      },
      "id": "node/2461016787"
    },
    {
      "type": "Feature",
      "properties": {
        "@id": "node/2461016791",
        "alt_name": "Ndoumbwo",
        "name": "Doumbouo",
        "place": "village",
        "source": "WRI_2005 + Bafou Community"
      },
      "geometry": {
        "type": "Point",
        "coordinates": [
          10.1202653,
          5.4182791
        ]
      },
      "id": "node/2461016791"
    },
    {
      "type": "Feature",
      "properties": {
        "@id": "node/2461016792",
        "name": "Ndoumnken",
        "place": "village",
        "source": "WRI_2005"
      },
      "geometry": {
        "type": "Point",
        "coordinates": [
          10.5596249,
          5.6539788
        ]
      },
      "id": "node/2461016792"
    },
    {
      "type": "Feature",
      "properties": {
        "@id": "node/2461016793",
        "name": "Ndoumvé",
        "place": "village",
        "source": "WRI_2005"
      },
      "geometry": {
        "type": "Point",
        "coordinates": [
          10.2478635,
          5.1887959
        ]
      },
      "id": "node/2461016793"
    },
    {
      "type": "Feature",
      "properties": {
        "@id": "node/2461016794",
        "name": "Ndounko",
        "place": "village",
        "source": "WRI_2005"
      },
      "geometry": {
        "type": "Point",
        "coordinates": [
          10.4741637,
          5.2110741
        ]
      },
      "id": "node/2461016794"
    },
    {
      "type": "Feature",
      "properties": {
        "@id": "node/2461016799",
        "name": "Nfa",
        "place": "village",
        "source": "WRI_2005"
      },
      "geometry": {
        "type": "Point",
        "coordinates": [
          9.9363435,
          5.4174274
        ]
      },
      "id": "node/2461016799"
    },
    {
      "type": "Feature",
      "properties": {
        "@id": "node/2461016809",
        "name": "Ngambouo",
        "place": "village",
        "source": "WRI_2005"
      },
      "geometry": {
        "type": "Point",
        "coordinates": [
          10.51199,
          5.6565035
        ]
      },
      "id": "node/2461016809"
    },
    {
      "type": "Feature",
      "properties": {
        "@id": "node/2461016834",
        "name": "Ngbassa",
        "place": "village",
        "source": "WRI_2005"
      },
      "geometry": {
        "type": "Point",
        "coordinates": [
          10.9735375,
          5.7200073
        ]
      },
      "id": "node/2461016834"
    },
    {
      "type": "Feature",
      "properties": {
        "@id": "node/2461016837",
        "name": "Ngbètswen",
        "place": "village",
        "source": "WRI_2005"
      },
      "geometry": {
        "type": "Point",
        "coordinates": [
          10.5042301,
          5.6355434
        ]
      },
      "id": "node/2461016837"
    },
    {
      "type": "Feature",
      "properties": {
        "@id": "node/2461016873",
        "name": "Ngou",
        "place": "village",
        "source": "WRI_2005"
      },
      "geometry": {
        "type": "Point",
        "coordinates": [
          10.3866786,
          5.2008536
        ]
      },
      "id": "node/2461016873"
    },
    {
      "type": "Feature",
      "properties": {
        "@id": "node/2461016877",
        "name": "Ngounso",
        "place": "village",
        "source": "WRI_2005"
      },
      "geometry": {
        "type": "Point",
        "coordinates": [
          11.2124129,
          5.9459719
        ]
      },
      "id": "node/2461016877"
    },
    {
      "type": "Feature",
      "properties": {
        "@id": "node/2461016881",
        "name": "Ngouondam",
        "place": "village",
        "source": "WRI_2005"
      },
      "geometry": {
        "type": "Point",
        "coordinates": [
          10.5714321,
          5.6335582
        ]
      },
      "id": "node/2461016881"
    },
    {
      "type": "Feature",
      "properties": {
        "@id": "node/2461016889",
        "name": "Ngousso",
        "place": "village",
        "source": "WRI_2005"
      },
      "geometry": {
        "type": "Point",
        "coordinates": [
          11.1875256,
          6.029413
        ]
      },
      "id": "node/2461016889"
    },
    {
      "type": "Feature",
      "properties": {
        "@id": "node/2461016893",
        "name": "Ngoyoum",
        "natural": "wood",
        "place": "village",
        "source": "WRI_2005"
      },
      "geometry": {
        "type": "Point",
        "coordinates": [
          11.1938869,
          6.2331619
        ]
      },
      "id": "node/2461016893"
    },
    {
      "type": "Feature",
      "properties": {
        "@id": "node/2461016910",
        "name": "Ngwa",
        "place": "village",
        "source": "WRI_2005"
      },
      "geometry": {
        "type": "Point",
        "coordinates": [
          10.4774407,
          5.2024633
        ]
      },
      "id": "node/2461016910"
    },
    {
      "type": "Feature",
      "properties": {
        "@id": "node/2461016917",
        "name": "Ngwen Njingoumbé",
        "place": "village",
        "source": "WRI_2005"
      },
      "geometry": {
        "type": "Point",
        "coordinates": [
          10.6046008,
          5.7026514
        ]
      },
      "id": "node/2461016917"
    },
    {
      "type": "Feature",
      "properties": {
        "@id": "node/2461016931",
        "name": "Ngwenfon",
        "place": "village",
        "source": "WRI_2005"
      },
      "geometry": {
        "type": "Point",
        "coordinates": [
          10.6578981,
          5.9275985
        ]
      },
      "id": "node/2461016931"
    },
    {
      "type": "Feature",
      "properties": {
        "@id": "node/2461016935",
        "name": "Ngwengwa",
        "place": "village",
        "source": "WRI_2005"
      },
      "geometry": {
        "type": "Point",
        "coordinates": [
          10.3902216,
          5.2923192
        ]
      },
      "id": "node/2461016935"
    },
    {
      "type": "Feature",
      "properties": {
        "@id": "node/2461016943",
        "name": "Nitcheu",
        "place": "village",
        "source": "WRI_2005"
      },
      "geometry": {
        "type": "Point",
        "coordinates": [
          10.1491403,
          5.1652716
        ]
      },
      "id": "node/2461016943"
    },
    {
      "type": "Feature",
      "properties": {
        "@id": "node/2461016946",
        "name": "Njiketnkié",
        "place": "village",
        "source": "WRI_2005"
      },
      "geometry": {
        "type": "Point",
        "coordinates": [
          10.9123385,
          5.7561209
        ]
      },
      "id": "node/2461016946"
    },
    {
      "type": "Feature",
      "properties": {
        "@id": "node/2461016947",
        "name": "Njiloum II",
        "place": "village",
        "source": "WRI_2005"
      },
      "geometry": {
        "type": "Point",
        "coordinates": [
          10.8802064,
          5.7968899
        ]
      },
      "id": "node/2461016947"
    },
    {
      "type": "Feature",
      "properties": {
        "@id": "node/2461016948",
        "name": "Njimbèt",
        "place": "village",
        "source": "WRI_2005"
      },
      "geometry": {
        "type": "Point",
        "coordinates": [
          10.7247846,
          5.8233555
        ]
      },
      "id": "node/2461016948"
    },
    {
      "type": "Feature",
      "properties": {
        "@id": "node/2461016949",
        "name": "Njimom",
        "note": "rank=0 car commune",
        "place": "town",
        "rank": "0",
        "source": "WRI_2005",
        "wikidata": "Q7042442"
      },
      "geometry": {
        "type": "Point",
        "coordinates": [
          10.9588331,
          5.8341247
        ]
      },
      "id": "node/2461016949"
    },
    {
      "type": "Feature",
      "properties": {
        "@id": "node/2461016950",
        "name": "Njindaré",
        "place": "village",
        "source": "WRI_2005"
      },
      "geometry": {
        "type": "Point",
        "coordinates": [
          10.9423608,
          5.7300303
        ]
      },
      "id": "node/2461016950"
    },
    {
      "type": "Feature",
      "properties": {
        "@id": "node/2461016952",
        "name": "Njinka",
        "place": "village",
        "source": "WRI_2005"
      },
      "geometry": {
        "type": "Point",
        "coordinates": [
          10.9258886,
          5.7433758
        ]
      },
      "id": "node/2461016952"
    },
    {
      "type": "Feature",
      "properties": {
        "@id": "node/2461016953",
        "name": "Nka",
        "place": "village",
        "source": "WRI_2005"
      },
      "geometry": {
        "type": "Point",
        "coordinates": [
          10.2225623,
          5.1738294
        ]
      },
      "id": "node/2461016953"
    },
    {
      "type": "Feature",
      "properties": {
        "@id": "node/2461016964",
        "name": "Nkou'omboum",
        "place": "village",
        "source": "WRI_2005"
      },
      "geometry": {
        "type": "Point",
        "coordinates": [
          10.6065105,
          5.6102081
        ]
      },
      "id": "node/2461016964"
    },
    {
      "type": "Feature",
      "properties": {
        "@id": "node/2461016965",
        "name": "Nkoufen",
        "place": "village",
        "source": "WRI_2005"
      },
      "geometry": {
        "type": "Point",
        "coordinates": [
          10.6308468,
          5.3516589
        ]
      },
      "id": "node/2461016965"
    },
    {
      "type": "Feature",
      "properties": {
        "@id": "node/2461016966",
        "name": "Nkoufen",
        "place": "village",
        "source": "WRI_2005"
      },
      "geometry": {
        "type": "Point",
        "coordinates": [
          10.9112054,
          5.6601254
        ]
      },
      "id": "node/2461016966"
    },
    {
      "type": "Feature",
      "properties": {
        "@id": "node/2461016967",
        "name": "Nkoufomloum",
        "place": "village",
        "source": "WRI_2005"
      },
      "geometry": {
        "type": "Point",
        "coordinates": [
          10.8135115,
          5.8284242
        ]
      },
      "id": "node/2461016967"
    },
    {
      "type": "Feature",
      "properties": {
        "@id": "node/2461016968",
        "name": "Nkougham",
        "place": "village",
        "source": "WRI_2005"
      },
      "geometry": {
        "type": "Point",
        "coordinates": [
          10.5388289,
          5.6637013
        ]
      },
      "id": "node/2461016968"
    },
    {
      "type": "Feature",
      "properties": {
        "@id": "node/2461016969",
        "name": "Nkoukpa",
        "place": "village",
        "source": "WRI_2005"
      },
      "geometry": {
        "type": "Point",
        "coordinates": [
          10.5442338,
          5.4248703
        ]
      },
      "id": "node/2461016969"
    },
    {
      "type": "Feature",
      "properties": {
        "@id": "node/2461016970",
        "name": "Nkoula",
        "place": "village",
        "source": "WRI_2005"
      },
      "geometry": {
        "type": "Point",
        "coordinates": [
          11.1525349,
          5.9801625
        ]
      },
      "id": "node/2461016970"
    },
    {
      "type": "Feature",
      "properties": {
        "@id": "node/2461016971",
        "name": "Nkoumangba",
        "place": "village",
        "source": "WRI_2005"
      },
      "geometry": {
        "type": "Point",
        "coordinates": [
          10.6304706,
          5.787315
        ]
      },
      "id": "node/2461016971"
    },
    {
      "type": "Feature",
      "properties": {
        "@id": "node/2461016972",
        "name": "Nkoumbam",
        "place": "village",
        "source": "WRI_2005"
      },
      "geometry": {
        "type": "Point",
        "coordinates": [
          10.7623155,
          5.8744715
        ]
      },
      "id": "node/2461016972"
    },
    {
      "type": "Feature",
      "properties": {
        "@id": "node/2461016973",
        "name": "Nkoumbou",
        "place": "village",
        "source": "WRI_2005"
      },
      "geometry": {
        "type": "Point",
        "coordinates": [
          11.1008149,
          6.0035791
        ]
      },
      "id": "node/2461016973"
    },
    {
      "type": "Feature",
      "properties": {
        "@id": "node/2461016974",
        "name": "Nkoumelap",
        "place": "village",
        "source": "WRI_2005"
      },
      "geometry": {
        "type": "Point",
        "coordinates": [
          10.7597824,
          5.6810953
        ]
      },
      "id": "node/2461016974"
    },
    {
      "type": "Feature",
      "properties": {
        "@id": "node/2461016975",
        "name": "Nkounchankap",
        "place": "village",
        "source": "WRI_2005"
      },
      "geometry": {
        "type": "Point",
        "coordinates": [
          10.7882509,
          5.6114986
        ]
      },
      "id": "node/2461016975"
    },
    {
      "type": "Feature",
      "properties": {
        "@id": "node/2461016976",
        "name": "Nkoundem",
        "place": "village",
        "source": "WRI_2005"
      },
      "geometry": {
        "type": "Point",
        "coordinates": [
          10.8872878,
          5.6459969
        ]
      },
      "id": "node/2461016976"
    },
    {
      "type": "Feature",
      "properties": {
        "@id": "node/2461016977",
        "name": "Nkounden",
        "place": "village",
        "source": "WRI_2005"
      },
      "geometry": {
        "type": "Point",
        "coordinates": [
          10.6654535,
          5.7016274
        ]
      },
      "id": "node/2461016977"
    },
    {
      "type": "Feature",
      "properties": {
        "@id": "node/2461016978",
        "name": "Nkounja",
        "place": "village",
        "source": "WRI_2005"
      },
      "geometry": {
        "type": "Point",
        "coordinates": [
          10.7280876,
          5.6410131
        ]
      },
      "id": "node/2461016978"
    },
    {
      "type": "Feature",
      "properties": {
        "@id": "node/2461016979",
        "name": "Nkoupa Matapit",
        "place": "village",
        "source": "WRI_2005"
      },
      "geometry": {
        "type": "Point",
        "coordinates": [
          10.7944121,
          5.7756233
        ]
      },
      "id": "node/2461016979"
    },
    {
      "type": "Feature",
      "properties": {
        "@id": "node/2461016980",
        "name": "Nkoupa Nganou",
        "place": "village",
        "source": "WRI_2005"
      },
      "geometry": {
        "type": "Point",
        "coordinates": [
          10.8479206,
          5.7889876
        ]
      },
      "id": "node/2461016980"
    },
    {
      "type": "Feature",
      "properties": {
        "@id": "node/2461016981",
        "name": "Nkoupa're",
        "place": "village",
        "source": "WRI_2005"
      },
      "geometry": {
        "type": "Point",
        "coordinates": [
          10.6393869,
          5.580769
        ]
      },
      "id": "node/2461016981"
    },
    {
      "type": "Feature",
      "properties": {
        "@id": "node/2461016982",
        "name": "Nkourom",
        "place": "village",
        "source": "WRI_2005"
      },
      "geometry": {
        "type": "Point",
        "coordinates": [
          10.693712,
          5.7678417
        ]
      },
      "id": "node/2461016982"
    },
    {
      "type": "Feature",
      "properties": {
        "@id": "node/2461016983",
        "name": "Nkoussam",
        "place": "village",
        "source": "WRI_2005"
      },
      "geometry": {
        "type": "Point",
        "coordinates": [
          10.9330333,
          5.8172315
        ]
      },
      "id": "node/2461016983"
    },
    {
      "type": "Feature",
      "properties": {
        "@id": "node/2461016985",
        "name": "Nkoutie",
        "place": "village",
        "source": "WRI_2005"
      },
      "geometry": {
        "type": "Point",
        "coordinates": [
          10.8106477,
          5.6411818
        ]
      },
      "id": "node/2461016985"
    },
    {
      "type": "Feature",
      "properties": {
        "@id": "node/2461016987",
        "name": "Nkoutoupi",
        "place": "village",
        "source": "WRI_2005"
      },
      "geometry": {
        "type": "Point",
        "coordinates": [
          10.6863039,
          5.9814278
        ]
      },
      "id": "node/2461016987"
    },
    {
      "type": "Feature",
      "properties": {
        "@id": "node/2461016989",
        "name": "Nkwabang",
        "place": "village",
        "source": "WRI_2005"
      },
      "geometry": {
        "type": "Point",
        "coordinates": [
          10.3615096,
          5.4711055
        ]
      },
      "id": "node/2461016989"
    },
    {
      "type": "Feature",
      "properties": {
        "@id": "node/2461016990",
        "alt_name": "Kouhouat",
        "name": "Nkwat",
        "place": "village",
        "source": "WRI_2005"
      },
      "geometry": {
        "type": "Point",
        "coordinates": [
          10.7188549,
          5.7902436
        ]
      },
      "id": "node/2461016990"
    },
    {
      "type": "Feature",
      "properties": {
        "@id": "node/2461016998",
        "name": "Ntcheupi",
        "place": "village",
        "source": "WRI_2005"
      },
      "geometry": {
        "type": "Point",
        "coordinates": [
          10.3228107,
          5.549004
        ]
      },
      "id": "node/2461016998"
    },
    {
      "type": "Feature",
      "properties": {
        "@id": "node/2461017008",
        "alt_name": "Ntsuétetsa",
        "name": "Djuttitsa",
        "place": "village"
      },
      "geometry": {
        "type": "Point",
        "coordinates": [
          10.1077752,
          5.5638183
        ]
      },
      "id": "node/2461017008"
    },
    {
      "type": "Feature",
      "properties": {
        "@id": "node/2461017024",
        "name": "Ntyem",
        "place": "village",
        "source": "WRI_2005"
      },
      "geometry": {
        "type": "Point",
        "coordinates": [
          11.2023356,
          6.1301449
        ]
      },
      "id": "node/2461017024"
    },
    {
      "type": "Feature",
      "properties": {
        "@id": "node/2461017174",
        "name": "Pamfuetlé",
        "place": "village",
        "source": "WRI_2005"
      },
      "geometry": {
        "type": "Point",
        "coordinates": [
          10.6952177,
          5.6415501
        ]
      },
      "id": "node/2461017174"
    },
    {
      "type": "Feature",
      "properties": {
        "@id": "node/2461017183",
        "name": "Panteng",
        "place": "village",
        "source": "WRI_2005"
      },
      "geometry": {
        "type": "Point",
        "coordinates": [
          10.2623098,
          5.6088869
        ]
      },
      "id": "node/2461017183"
    },
    {
      "type": "Feature",
      "properties": {
        "@id": "node/2461017208",
        "name": "Pou'mze",
        "place": "village",
        "source": "WRI_2005"
      },
      "geometry": {
        "type": "Point",
        "coordinates": [
          10.3386998,
          5.3346086
        ]
      },
      "id": "node/2461017208"
    },
    {
      "type": "Feature",
      "properties": {
        "@id": "node/2461017213",
        "name": "Poungué",
        "place": "village",
        "source": "WRI_2005"
      },
      "geometry": {
        "type": "Point",
        "coordinates": [
          10.0727651,
          5.132218
        ]
      },
      "id": "node/2461017213"
    },
    {
      "type": "Feature",
      "properties": {
        "@id": "node/2461017216",
        "name": "Pwomi",
        "place": "village",
        "source": "WRI_2005"
      },
      "geometry": {
        "type": "Point",
        "coordinates": [
          11.2819251,
          6.2422099
        ]
      },
      "id": "node/2461017216"
    },
    {
      "type": "Feature",
      "properties": {
        "@id": "node/2461017245",
        "name": "Bassamba",
        "note": "rank=0 car commune",
        "place": "town",
        "rank": "0",
        "source": "WRI_2005",
        "wikidata": "Q4868018"
      },
      "geometry": {
        "type": "Point",
        "coordinates": [
          10.567979,
          5.052988
        ]
      },
      "id": "node/2461017245"
    },
    {
      "type": "Feature",
      "properties": {
        "@id": "node/2461017249",
        "name": "Sa'nya",
        "place": "village",
        "source": "WRI_2005"
      },
      "geometry": {
        "type": "Point",
        "coordinates": [
          10.4894704,
          5.0877093
        ]
      },
      "id": "node/2461017249"
    },
    {
      "type": "Feature",
      "properties": {
        "@id": "node/2461017253",
        "name": "Saamaya",
        "place": "village",
        "source": "WRI_2005"
      },
      "geometry": {
        "type": "Point",
        "coordinates": [
          10.0989637,
          5.5178459
        ]
      },
      "id": "node/2461017253"
    },
    {
      "type": "Feature",
      "properties": {
        "@id": "node/2461017296",
        "name": "Nsanki",
        "place": "village",
        "source": "WRI_2005"
      },
      "geometry": {
        "type": "Point",
        "coordinates": [
          10.7935494,
          5.0545237
        ]
      },
      "id": "node/2461017296"
    },
    {
      "type": "Feature",
      "properties": {
        "@id": "node/2461017308",
        "name": "Tse Ndembom",
        "place": "village",
        "source": "WRI_2005"
      },
      "geometry": {
        "type": "Point",
        "coordinates": [
          10.4770325,
          5.3382149
        ]
      },
      "id": "node/2461017308"
    },
    {
      "type": "Feature",
      "properties": {
        "@id": "node/2461017370",
        "name": "Baham II",
        "place": "village",
        "source": "WRI_2005"
      },
      "geometry": {
        "type": "Point",
        "coordinates": [
          10.5281281,
          5.3925898
        ]
      },
      "id": "node/2461017370"
    },
    {
      "type": "Feature",
      "properties": {
        "@id": "node/2461017382",
        "name": "Séla",
        "place": "village",
        "source": "WRI_2005"
      },
      "geometry": {
        "type": "Point",
        "coordinates": [
          10.1388919,
          5.1325009
        ]
      },
      "id": "node/2461017382"
    },
    {
      "type": "Feature",
      "properties": {
        "@id": "node/2461017474",
        "name": "Tassé Yeyep",
        "place": "village",
        "source": "WRI_2005"
      },
      "geometry": {
        "type": "Point",
        "coordinates": [
          10.3838385,
          5.7113544
        ]
      },
      "id": "node/2461017474"
    },
    {
      "type": "Feature",
      "properties": {
        "@id": "node/2461017481",
        "name": "Tata",
        "place": "village",
        "source": "WRI_2005"
      },
      "geometry": {
        "type": "Point",
        "coordinates": [
          10.3813441,
          5.6762975
        ]
      },
      "id": "node/2461017481"
    },
    {
      "type": "Feature",
      "properties": {
        "@id": "node/2461017495",
        "name": "Tchie",
        "place": "village",
        "source": "WRI_2005"
      },
      "geometry": {
        "type": "Point",
        "coordinates": [
          10.3750698,
          5.3440978
        ]
      },
      "id": "node/2461017495"
    },
    {
      "type": "Feature",
      "properties": {
        "@id": "node/2461017533",
        "name": "Tchouo",
        "place": "village",
        "source": "WRI_2005"
      },
      "geometry": {
        "type": "Point",
        "coordinates": [
          10.3840234,
          5.4627268
        ]
      },
      "id": "node/2461017533"
    },
    {
      "type": "Feature",
      "properties": {
        "@id": "node/2461017542",
        "name": "Tchourou",
        "place": "village",
        "source": "WRI_2005"
      },
      "geometry": {
        "type": "Point",
        "coordinates": [
          11.0557254,
          6.1088837
        ]
      },
      "id": "node/2461017542"
    },
    {
      "type": "Feature",
      "properties": {
        "@id": "node/2461017549",
        "name": "Djoné",
        "place": "village",
        "source": "WRI_2005"
      },
      "geometry": {
        "type": "Point",
        "coordinates": [
          10.5495712,
          5.3791614
        ]
      },
      "id": "node/2461017549"
    },
    {
      "type": "Feature",
      "properties": {
        "@id": "node/2461017591",
        "name": "Tio",
        "place": "village",
        "source": "WRI_2005"
      },
      "geometry": {
        "type": "Point",
        "coordinates": [
          10.2750988,
          5.5857301
        ]
      },
      "id": "node/2461017591"
    },
    {
      "type": "Feature",
      "properties": {
        "@id": "node/2461017598",
        "name": "Tiogou",
        "place": "village",
        "source": "WRI_2005"
      },
      "geometry": {
        "type": "Point",
        "coordinates": [
          10.31324,
          5.7726879
        ]
      },
      "id": "node/2461017598"
    },
    {
      "type": "Feature",
      "properties": {
        "@id": "node/2461017677",
        "name": "Toula",
        "place": "village",
        "source": "WRI_2005"
      },
      "geometry": {
        "type": "Point",
        "coordinates": [
          10.4746037,
          5.2777199
        ]
      },
      "id": "node/2461017677"
    },
    {
      "type": "Feature",
      "properties": {
        "@id": "node/2461017685",
        "name": "Touleteng",
        "place": "village",
        "source": "WRI_2005"
      },
      "geometry": {
        "type": "Point",
        "coordinates": [
          10.2074492,
          5.5055086
        ]
      },
      "id": "node/2461017685"
    },
    {
      "type": "Feature",
      "properties": {
        "@id": "node/2461017692",
        "name": "Tounga",
        "place": "village",
        "source": "WRI_2005"
      },
      "geometry": {
        "type": "Point",
        "coordinates": [
          10.185128,
          5.6520329
        ]
      },
      "id": "node/2461017692"
    },
    {
      "type": "Feature",
      "properties": {
        "@id": "node/2461017699",
        "name": "Tse Ngo",
        "place": "village",
        "source": "WRI_2005"
      },
      "geometry": {
        "type": "Point",
        "coordinates": [
          10.4633628,
          5.4121588
        ]
      },
      "id": "node/2461017699"
    },
    {
      "type": "Feature",
      "properties": {
        "@id": "node/2461017706",
        "name": "Tsenkeng",
        "place": "village",
        "source": "WRI_2005"
      },
      "geometry": {
        "type": "Point",
        "coordinates": [
          10.0062902,
          5.5867038
        ]
      },
      "id": "node/2461017706"
    },
    {
      "type": "Feature",
      "properties": {
        "@id": "node/2461017720",
        "alt_name": "Tsingbeu",
        "name": "Ntsingbeu",
        "place": "village",
        "short_name": "Tsimbé",
        "source": "survey 2016"
      },
      "geometry": {
        "type": "Point",
        "coordinates": [
          10.1192765,
          5.4547704
        ]
      },
      "id": "node/2461017720"
    },
    {
      "type": "Feature",
      "properties": {
        "@id": "node/2461017727",
        "name": "Tsimfou",
        "place": "village",
        "source": "WRI_2005"
      },
      "geometry": {
        "type": "Point",
        "coordinates": [
          10.1345815,
          5.4577167
        ]
      },
      "id": "node/2461017727"
    },
    {
      "type": "Feature",
      "properties": {
        "@id": "node/2461017798",
        "name": "Wang",
        "place": "village",
        "source": "WRI_2005"
      },
      "geometry": {
        "type": "Point",
        "coordinates": [
          10.2637848,
          5.4364312
        ]
      },
      "id": "node/2461017798"
    },
    {
      "type": "Feature",
      "properties": {
        "@id": "node/2461017803",
        "name": "Wang",
        "place": "village",
        "source": "WRI_2005"
      },
      "geometry": {
        "type": "Point",
        "coordinates": [
          10.2528935,
          5.5244198
        ]
      },
      "id": "node/2461017803"
    },
    {
      "type": "Feature",
      "properties": {
        "@id": "node/2461017831",
        "name": "Wassa",
        "place": "village",
        "source": "WRI_2005"
      },
      "geometry": {
        "type": "Point",
        "coordinates": [
          10.2762135,
          5.4633927
        ]
      },
      "id": "node/2461017831"
    },
    {
      "type": "Feature",
      "properties": {
        "@id": "node/2461017912",
        "name": "Yenom",
        "place": "village",
        "source": "WRI_2005"
      },
      "geometry": {
        "type": "Point",
        "coordinates": [
          10.4512076,
          5.270613
        ]
      },
      "id": "node/2461017912"
    },
    {
      "type": "Feature",
      "properties": {
        "@id": "node/2461017928",
        "name": "Youté",
        "place": "village",
        "source": "WRI_2005"
      },
      "geometry": {
        "type": "Point",
        "coordinates": [
          10.212035,
          5.1896615
        ]
      },
      "id": "node/2461017928"
    },
    {
      "type": "Feature",
      "properties": {
        "@id": "node/2461017940",
        "name": "Zemda",
        "place": "village",
        "source": "WRI_2005"
      },
      "geometry": {
        "type": "Point",
        "coordinates": [
          10.0111651,
          5.513119
        ]
      },
      "id": "node/2461017940"
    },
    {
      "type": "Feature",
      "properties": {
        "@id": "node/2461017945",
        "name": "Zinto",
        "place": "village",
        "source": "WRI_2005"
      },
      "geometry": {
        "type": "Point",
        "coordinates": [
          10.1613258,
          5.4511021
        ]
      },
      "id": "node/2461017945"
    },
    {
      "type": "Feature",
      "properties": {
        "@id": "node/2467813726",
        "name": "Baka'sa",
        "place": "village",
        "source": "WRI_2005"
      },
      "geometry": {
        "type": "Point",
        "coordinates": [
          10.2389726,
          5.1257826
        ]
      },
      "id": "node/2467813726"
    },
    {
      "type": "Feature",
      "properties": {
        "@id": "node/2467813741",
        "name": "Bankondji",
        "place": "village",
        "source": "WRI_2005"
      },
      "geometry": {
        "type": "Point",
        "coordinates": [
          10.1310373,
          5.11275
        ]
      },
      "id": "node/2467813741"
    },
    {
      "type": "Feature",
      "properties": {
        "@id": "node/2467813742",
        "name": "Bakong",
        "place": "village",
        "source": "WRI_2005"
      },
      "geometry": {
        "type": "Point",
        "coordinates": [
          10.133628,
          5.4435372
        ]
      },
      "id": "node/2467813742"
    },
    {
      "type": "Feature",
      "properties": {
        "@id": "node/2467813752",
        "name": "Balaloum",
        "place": "village",
        "source": "WRI_2005"
      },
      "geometry": {
        "type": "Point",
        "coordinates": [
          10.1421551,
          5.0667721
        ]
      },
      "id": "node/2467813752"
    },
    {
      "type": "Feature",
      "properties": {
        "@id": "node/2467813754",
        "name": "Balengou",
        "place": "village",
        "source": "WRI_2005"
      },
      "geometry": {
        "type": "Point",
        "coordinates": [
          10.4997827,
          5.5245539
        ]
      },
      "id": "node/2467813754"
    },
    {
      "type": "Feature",
      "properties": {
        "@id": "node/2467813760",
        "name": "Bameleu'",
        "place": "village",
        "source": "WRI_2005"
      },
      "geometry": {
        "type": "Point",
        "coordinates": [
          10.0989964,
          5.0672917
        ]
      },
      "id": "node/2467813760"
    },
    {
      "type": "Feature",
      "properties": {
        "@id": "node/2467813765",
        "name": "Bandoumkassa",
        "place": "village",
        "source": "WRI_2005"
      },
      "geometry": {
        "type": "Point",
        "coordinates": [
          10.2789864,
          5.1279785
        ]
      },
      "id": "node/2467813765"
    },
    {
      "type": "Feature",
      "properties": {
        "@id": "node/2467813770",
        "name": "Bankwop",
        "place": "village",
        "source": "WRI_2005"
      },
      "geometry": {
        "type": "Point",
        "coordinates": [
          10.198197,
          5.1202999
        ]
      },
      "id": "node/2467813770"
    },
    {
      "type": "Feature",
      "properties": {
        "@id": "node/2467813771",
        "alt_name": "Banwa Centre",
        "name": "Banwa",
        "note": "rank=0 car commune",
        "place": "town",
        "rank": "0",
        "source": "WRI_2005"
      },
      "geometry": {
        "type": "Point",
        "coordinates": [
          10.0716429,
          5.102118
        ]
      },
      "id": "node/2467813771"
    },
    {
      "type": "Feature",
      "properties": {
        "@id": "node/2467813780",
        "name": "Bato",
        "place": "village",
        "source": "WRI_2005"
      },
      "geometry": {
        "type": "Point",
        "coordinates": [
          10.480653,
          5.1609905
        ]
      },
      "id": "node/2467813780"
    },
    {
      "type": "Feature",
      "properties": {
        "@id": "node/2467813889",
        "name": "Baboné",
        "place": "village",
        "source": "WRI_2005"
      },
      "geometry": {
        "type": "Point",
        "coordinates": [
          10.181329,
          5.1243747
        ]
      },
      "id": "node/2467813889"
    },
    {
      "type": "Feature",
      "properties": {
        "@id": "node/2467813909",
        "name": "Babountcheu Ngaleu",
        "place": "village",
        "source": "WRI_2005"
      },
      "geometry": {
        "type": "Point",
        "coordinates": [
          10.1888806,
          5.1132688
        ]
      },
      "id": "node/2467813909"
    },
    {
      "type": "Feature",
      "properties": {
        "@id": "node/2467813930",
        "name": "Chwinou'",
        "place": "village",
        "source": "WRI_2005"
      },
      "geometry": {
        "type": "Point",
        "coordinates": [
          10.0955447,
          5.0445646
        ]
      },
      "id": "node/2467813930"
    },
    {
      "type": "Feature",
      "properties": {
        "@id": "node/2467813990",
        "name": "Fomessa I",
        "place": "village",
        "source": "WRI_2005"
      },
      "geometry": {
        "type": "Point",
        "coordinates": [
          10.0637165,
          5.0695554
        ]
      },
      "id": "node/2467813990"
    },
    {
      "type": "Feature",
      "properties": {
        "@id": "node/2467813992",
        "name": "Fondjanti",
        "place": "village",
        "source": "WRI_2005"
      },
      "geometry": {
        "type": "Point",
        "coordinates": [
          10.2043326,
          5.0606424
        ]
      },
      "id": "node/2467813992"
    },
    {
      "type": "Feature",
      "properties": {
        "@id": "node/2467813993",
        "name": "Fongam",
        "place": "village",
        "source": "WRI_2005"
      },
      "geometry": {
        "type": "Point",
        "coordinates": [
          10.1003804,
          5.0123648
        ]
      },
      "id": "node/2467813993"
    },
    {
      "type": "Feature",
      "properties": {
        "@id": "node/2467813994",
        "name": "Fopwanga",
        "place": "village",
        "source": "WRI_2005"
      },
      "geometry": {
        "type": "Point",
        "coordinates": [
          10.1803049,
          5.0105917
        ]
      },
      "id": "node/2467813994"
    },
    {
      "type": "Feature",
      "properties": {
        "@id": "node/2467813996",
        "name": "Fopwanga",
        "place": "village",
        "source": "WRI_2005"
      },
      "geometry": {
        "type": "Point",
        "coordinates": [
          10.2059517,
          5.0313845
        ]
      },
      "id": "node/2467813996"
    },
    {
      "type": "Feature",
      "properties": {
        "@id": "node/2467813997",
        "name": "Fostinga",
        "place": "village",
        "source": "WRI_2005"
      },
      "geometry": {
        "type": "Point",
        "coordinates": [
          10.1609758,
          5.0684751
        ]
      },
      "id": "node/2467813997"
    },
    {
      "type": "Feature",
      "properties": {
        "@id": "node/2467814014",
        "name": "Ka'sang",
        "place": "village",
        "source": "WRI_2005"
      },
      "geometry": {
        "type": "Point",
        "coordinates": [
          10.4109168,
          5.117359
        ]
      },
      "id": "node/2467814014"
    },
    {
      "type": "Feature",
      "properties": {
        "@id": "node/2467814015",
        "name": "Ka'tsie",
        "place": "village",
        "source": "WRI_2005"
      },
      "geometry": {
        "type": "Point",
        "coordinates": [
          10.4408033,
          5.0915181
        ]
      },
      "id": "node/2467814015"
    },
    {
      "type": "Feature",
      "properties": {
        "@id": "node/2467814022",
        "name": "Komako",
        "place": "village",
        "source": "WRI_2005"
      },
      "geometry": {
        "type": "Point",
        "coordinates": [
          10.1405143,
          5.0433956
        ]
      },
      "id": "node/2467814022"
    },
    {
      "type": "Feature",
      "properties": {
        "@id": "node/2467814089",
        "name": "Makouk",
        "place": "village",
        "source": "WRI_2005"
      },
      "geometry": {
        "type": "Point",
        "coordinates": [
          10.1320695,
          4.9449677
        ]
      },
      "id": "node/2467814089"
    },
    {
      "type": "Feature",
      "properties": {
        "@id": "node/2467814311",
        "name": "Ndja",
        "place": "village",
        "source": "WRI_2005"
      },
      "geometry": {
        "type": "Point",
        "coordinates": [
          10.4130707,
          5.0863875
        ]
      },
      "id": "node/2467814311"
    },
    {
      "type": "Feature",
      "properties": {
        "@id": "node/2467814314",
        "name": "Ndjiongze",
        "place": "village",
        "source": "WRI_2005"
      },
      "geometry": {
        "type": "Point",
        "coordinates": [
          10.4216301,
          5.0242272
        ]
      },
      "id": "node/2467814314"
    },
    {
      "type": "Feature",
      "properties": {
        "@id": "node/2467814386",
        "name": "Babountcheu Ngaleu",
        "place": "village",
        "source": "WRI_2005"
      },
      "geometry": {
        "type": "Point",
        "coordinates": [
          10.1789149,
          5.1028125
        ]
      },
      "id": "node/2467814386"
    },
    {
      "type": "Feature",
      "properties": {
        "@id": "node/2467814426",
        "name": "Nwa Fochié",
        "place": "village",
        "source": "WRI_2005"
      },
      "geometry": {
        "type": "Point",
        "coordinates": [
          10.1154895,
          5.1008008
        ]
      },
      "id": "node/2467814426"
    },
    {
      "type": "Feature",
      "properties": {
        "@id": "node/2467814433",
        "name": "Nzou",
        "place": "village",
        "source": "WRI_2005"
      },
      "geometry": {
        "type": "Point",
        "coordinates": [
          10.4540709,
          5.0693734
        ]
      },
      "id": "node/2467814433"
    },
    {
      "type": "Feature",
      "properties": {
        "@id": "node/2467814486",
        "name": "Vers Bakem",
        "place": "village",
        "source": "WRI_2005"
      },
      "geometry": {
        "type": "Point",
        "coordinates": [
          10.1321505,
          4.992099
        ]
      },
      "id": "node/2467814486"
    },
    {
      "type": "Feature",
      "properties": {
        "@id": "node/2467814505",
        "name": "Yong",
        "place": "village",
        "source": "WRI_2005"
      },
      "geometry": {
        "type": "Point",
        "coordinates": [
          10.0417471,
          5.0935705
        ]
      },
      "id": "node/2467814505"
    },
    {
      "type": "Feature",
      "properties": {
        "@id": "node/2467972974",
        "name": "Bandounga",
        "place": "village",
        "source": "WRI_2005"
      },
      "geometry": {
        "type": "Point",
        "coordinates": [
          10.5431803,
          4.9844534
        ]
      },
      "id": "node/2467972974"
    },
    {
      "type": "Feature",
      "properties": {
        "@id": "node/2467973489",
        "name": "Maham III",
        "place": "village",
        "source": "WRI_2005"
      },
      "geometry": {
        "type": "Point",
        "coordinates": [
          10.7013436,
          5.0119972
        ]
      },
      "id": "node/2467973489"
    },
    {
      "type": "Feature",
      "properties": {
        "@id": "node/2467973494",
        "name": "Makouopnsap",
        "place": "village",
        "source": "WRI_2005"
      },
      "geometry": {
        "type": "Point",
        "coordinates": [
          11.0539143,
          5.2828058
        ]
      },
      "id": "node/2467973494"
    },
    {
      "type": "Feature",
      "properties": {
        "@id": "node/2467973495",
        "name": "Makwopchichi",
        "place": "village",
        "source": "WRI_2005"
      },
      "geometry": {
        "type": "Point",
        "coordinates": [
          10.9075064,
          5.0042673
        ]
      },
      "id": "node/2467973495"
    },
    {
      "type": "Feature",
      "properties": {
        "@id": "node/2467973505",
        "name": "Mankakoum",
        "place": "village",
        "source": "WRI_2005"
      },
      "geometry": {
        "type": "Point",
        "coordinates": [
          11.0385434,
          5.3314278
        ]
      },
      "id": "node/2467973505"
    },
    {
      "type": "Feature",
      "properties": {
        "@id": "node/2467973508",
        "name": "Manya",
        "place": "village",
        "source": "WRI_2005"
      },
      "geometry": {
        "type": "Point",
        "coordinates": [
          10.9139424,
          4.9619847
        ]
      },
      "id": "node/2467973508"
    },
    {
      "type": "Feature",
      "properties": {
        "@id": "node/2467973544",
        "name": "Medina",
        "place": "village",
        "source": "WRI_2005"
      },
      "geometry": {
        "type": "Point",
        "coordinates": [
          10.6238925,
          4.9631901
        ]
      },
      "id": "node/2467973544"
    },
    {
      "type": "Feature",
      "properties": {
        "@id": "node/2467973851",
        "name": "Ntokou",
        "place": "village",
        "source": "WRI_2005"
      },
      "geometry": {
        "type": "Point",
        "coordinates": [
          10.7696324,
          5.0259979
        ]
      },
      "id": "node/2467973851"
    },
    {
      "type": "Feature",
      "properties": {
        "@id": "node/2521654762",
        "name": "Bangou Carrefour",
        "place": "town"
      },
      "geometry": {
        "type": "Point",
        "coordinates": [
          10.3838517,
          5.1786092
        ]
      },
      "id": "node/2521654762"
    },
    {
      "type": "Feature",
      "properties": {
        "@id": "node/3029264331",
        "name": "Mbouda",
        "note": "rank=0 car prefecture",
        "place": "city",
        "rank": "0",
        "wikidata": "Q2709339"
      },
      "geometry": {
        "type": "Point",
        "coordinates": [
          10.254744,
          5.627374
        ]
      },
      "id": "node/3029264331"
    },
    {
      "type": "Feature",
      "properties": {
        "@id": "node/3037843914",
        "name": "Pont Nkam",
        "place": "village"
      },
      "geometry": {
        "type": "Point",
        "coordinates": [
          9.9990911,
          5.1419489
        ]
      },
      "id": "node/3037843914"
    },
    {
      "type": "Feature",
      "properties": {
        "@id": "node/3168386671",
        "name": "Fokoué",
        "note": "rank=0 car commune",
        "place": "town",
        "rank": "0",
        "wikidata": "Q5464218"
      },
      "geometry": {
        "type": "Point",
        "coordinates": [
          10.124024,
          5.366363
        ]
      },
      "id": "node/3168386671"
    },
    {
      "type": "Feature",
      "properties": {
        "@id": "node/3168513622",
        "name": "Bafang",
        "name:ru": "Бафанг",
        "note": "rank=0 car prefecture",
        "place": "city",
        "rank": "0",
        "wikidata": "Q667828",
        "wikipedia": "fr:Bafang"
      },
      "geometry": {
        "type": "Point",
        "coordinates": [
          10.179748,
          5.158664
        ]
      },
      "id": "node/3168513622"
    },
    {
      "type": "Feature",
      "properties": {
        "@id": "node/3168513623",
        "name": "Banka",
        "note": "rank=0 car commune",
        "place": "town",
        "rank": "0",
        "wikidata": "Q4856230"
      },
      "geometry": {
        "type": "Point",
        "coordinates": [
          10.197267,
          5.164096
        ]
      },
      "id": "node/3168513623"
    },
    {
      "type": "Feature",
      "properties": {
        "@id": "node/3191278874",
        "name": "Mafota",
        "place": "village"
      },
      "geometry": {
        "type": "Point",
        "coordinates": [
          10.6731762,
          5.1122728
        ]
      },
      "id": "node/3191278874"
    },
    {
      "type": "Feature",
      "properties": {
        "@id": "node/3193901032",
        "name": "Kiliom",
        "place": "village",
        "source": "WRI_2005"
      },
      "geometry": {
        "type": "Point",
        "coordinates": [
          10.4979362,
          5.6216313
        ]
      },
      "id": "node/3193901032"
    },
    {
      "type": "Feature",
      "properties": {
        "@id": "node/3207472170",
        "name": "Tchouwong",
        "place": "village"
      },
      "geometry": {
        "type": "Point",
        "coordinates": [
          10.3961282,
          5.4558792
        ]
      },
      "id": "node/3207472170"
    },
    {
      "type": "Feature",
      "properties": {
        "@id": "node/3316692158",
        "name": "Marom",
        "place": "village",
        "source": "IGN"
      },
      "geometry": {
        "type": "Point",
        "coordinates": [
          10.9605141,
          5.7243716
        ]
      },
      "id": "node/3316692158"
    },
    {
      "type": "Feature",
      "properties": {
        "@id": "node/3389621499",
        "name": "Kouma",
        "place": "village"
      },
      "geometry": {
        "type": "Point",
        "coordinates": [
          10.0864673,
          5.0536565
        ]
      },
      "id": "node/3389621499"
    },
    {
      "type": "Feature",
      "properties": {
        "@id": "node/3389621500",
        "name": "Mven",
        "place": "village"
      },
      "geometry": {
        "type": "Point",
        "coordinates": [
          10.1594969,
          5.0842999
        ]
      },
      "id": "node/3389621500"
    },
    {
      "type": "Feature",
      "properties": {
        "@id": "node/3396983494",
        "alt_name": "Zantou",
        "name": "Yantouck",
        "place": "village"
      },
      "geometry": {
        "type": "Point",
        "coordinates": [
          10.1611219,
          5.3561017
        ]
      },
      "id": "node/3396983494"
    },
    {
      "type": "Feature",
      "properties": {
        "@id": "node/3400413887",
        "name": "Bameleck",
        "place": "village"
      },
      "geometry": {
        "type": "Point",
        "coordinates": [
          10.09199,
          5.0583866
        ]
      },
      "id": "node/3400413887"
    },
    {
      "type": "Feature",
      "properties": {
        "@id": "node/3400413888",
        "name": "Fotsi",
        "place": "village"
      },
      "geometry": {
        "type": "Point",
        "coordinates": [
          10.076627,
          5.066979
        ]
      },
      "id": "node/3400413888"
    },
    {
      "type": "Feature",
      "properties": {
        "@id": "node/3778238779",
        "name": "Mbang",
        "place": "village"
      },
      "geometry": {
        "type": "Point",
        "coordinates": [
          10.4403337,
          4.8270283
        ]
      },
      "id": "node/3778238779"
    },
    {
      "type": "Feature",
      "properties": {
        "@id": "node/3778316181",
        "name": "Babitchoua",
        "place": "village"
      },
      "geometry": {
        "type": "Point",
        "coordinates": [
          10.6534187,
          4.9307938
        ]
      },
      "id": "node/3778316181"
    },
    {
      "type": "Feature",
      "properties": {
        "@id": "node/3784701366",
        "name": "Bandeng",
        "place": "village"
      },
      "geometry": {
        "type": "Point",
        "coordinates": [
          10.3709459,
          5.5844353
        ]
      },
      "id": "node/3784701366"
    },
    {
      "type": "Feature",
      "properties": {
        "@id": "node/3784701367",
        "name": "Bapi",
        "place": "village"
      },
      "geometry": {
        "type": "Point",
        "coordinates": [
          10.373726,
          5.5584393
        ]
      },
      "id": "node/3784701367"
    },
    {
      "type": "Feature",
      "properties": {
        "@id": "node/3784859942",
        "name": "Galim",
        "note": "rank=0 car commune",
        "place": "town",
        "rank": "0",
        "wikidata": "Q3094745",
        "wikipedia": "fr:Galim"
      },
      "geometry": {
        "type": "Point",
        "coordinates": [
          10.366213,
          5.6909862
        ]
      },
      "id": "node/3784859942"
    },
    {
      "type": "Feature",
      "properties": {
        "@id": "node/3812606364",
        "name": "Bameka",
        "place": "village"
      },
      "geometry": {
        "type": "Point",
        "coordinates": [
          10.3376653,
          5.4304456
        ]
      },
      "id": "node/3812606364"
    },
    {
      "type": "Feature",
      "properties": {
        "@id": "node/3888818964",
        "name": "Koptchou II",
        "place": "village"
      },
      "geometry": {
        "type": "Point",
        "coordinates": [
          10.507662,
          5.5167035
        ]
      },
      "id": "node/3888818964"
    },
    {
      "type": "Feature",
      "properties": {
        "@id": "node/3967781222",
        "name": "Ndinenke",
        "place": "village"
      },
      "geometry": {
        "type": "Point",
        "coordinates": [
          10.8565944,
          5.714871
        ]
      },
      "id": "node/3967781222"
    },
    {
      "type": "Feature",
      "properties": {
        "@id": "node/3967781223",
        "name": "Njisse II",
        "place": "village"
      },
      "geometry": {
        "type": "Point",
        "coordinates": [
          10.876738,
          5.7063659
        ]
      },
      "id": "node/3967781223"
    },
    {
      "type": "Feature",
      "properties": {
        "@id": "node/3967781224",
        "name": "Njisse III",
        "place": "village"
      },
      "geometry": {
        "type": "Point",
        "coordinates": [
          10.8765775,
          5.7155387
        ]
      },
      "id": "node/3967781224"
    },
    {
      "type": "Feature",
      "properties": {
        "@id": "node/3967804444",
        "name": "Mawo",
        "place": "village"
      },
      "geometry": {
        "type": "Point",
        "coordinates": [
          10.8183851,
          5.67859
        ]
      },
      "id": "node/3967804444"
    },
    {
      "type": "Feature",
      "properties": {
        "@id": "node/3967804445",
        "name": "Metakièt",
        "place": "village"
      },
      "geometry": {
        "type": "Point",
        "coordinates": [
          10.7732371,
          5.6629632
        ]
      },
      "id": "node/3967804445"
    },
    {
      "type": "Feature",
      "properties": {
        "@id": "node/3967804446",
        "name": "Mfa'chekwet",
        "place": "village"
      },
      "geometry": {
        "type": "Point",
        "coordinates": [
          10.6910743,
          5.5890547
        ]
      },
      "id": "node/3967804446"
    },
    {
      "type": "Feature",
      "properties": {
        "@id": "node/3967804447",
        "name": "Mgbètmoufong",
        "place": "village"
      },
      "geometry": {
        "type": "Point",
        "coordinates": [
          10.787863,
          5.6949441
        ]
      },
      "id": "node/3967804447"
    },
    {
      "type": "Feature",
      "properties": {
        "@id": "node/3967804448",
        "name": "Nchout-Mambouo",
        "place": "village"
      },
      "geometry": {
        "type": "Point",
        "coordinates": [
          10.7123975,
          5.6367982
        ]
      },
      "id": "node/3967804448"
    },
    {
      "type": "Feature",
      "properties": {
        "@id": "node/3967804449",
        "name": "Nchoutkeke",
        "place": "village"
      },
      "geometry": {
        "type": "Point",
        "coordinates": [
          10.7046693,
          5.6114608
        ]
      },
      "id": "node/3967804449"
    },
    {
      "type": "Feature",
      "properties": {
        "@id": "node/3967804450",
        "name": "Njinsèn",
        "place": "village"
      },
      "geometry": {
        "type": "Point",
        "coordinates": [
          10.6559883,
          5.5950038
        ]
      },
      "id": "node/3967804450"
    },
    {
      "type": "Feature",
      "properties": {
        "@id": "node/3967804451",
        "name": "Njitekwèt",
        "place": "village"
      },
      "geometry": {
        "type": "Point",
        "coordinates": [
          10.7406587,
          5.6585199
        ]
      },
      "id": "node/3967804451"
    },
    {
      "type": "Feature",
      "properties": {
        "@id": "node/3967804452",
        "name": "Nkoupouo'loum",
        "place": "village"
      },
      "geometry": {
        "type": "Point",
        "coordinates": [
          10.8046829,
          5.6767899
        ]
      },
      "id": "node/3967804452"
    },
    {
      "type": "Feature",
      "properties": {
        "@id": "node/3967804453",
        "name": "Nkoutenké",
        "place": "village"
      },
      "geometry": {
        "type": "Point",
        "coordinates": [
          10.8165761,
          5.6573328
        ]
      },
      "id": "node/3967804453"
    },
    {
      "type": "Feature",
      "properties": {
        "@id": "node/3967804454",
        "name": "Pamfuétlé",
        "place": "village"
      },
      "geometry": {
        "type": "Point",
        "coordinates": [
          10.7037492,
          5.6440871
        ]
      },
      "id": "node/3967804454"
    },
    {
      "type": "Feature",
      "properties": {
        "@id": "node/3967804455",
        "name": "Pondimoun",
        "place": "village"
      },
      "geometry": {
        "type": "Point",
        "coordinates": [
          10.7887833,
          5.6703848
        ]
      },
      "id": "node/3967804455"
    },
    {
      "type": "Feature",
      "properties": {
        "@id": "node/3967804456",
        "name": "Koutaba",
        "note": "rank=0 car commune",
        "place": "town",
        "rank": "0",
        "wikidata": "Q6434760"
      },
      "geometry": {
        "type": "Point",
        "coordinates": [
          10.760917,
          5.651146
        ]
      },
      "id": "node/3967804456"
    },
    {
      "type": "Feature",
      "properties": {
        "@id": "node/3967812706",
        "name": "Didango",
        "place": "village"
      },
      "geometry": {
        "type": "Point",
        "coordinates": [
          10.7197073,
          5.6621236
        ]
      },
      "id": "node/3967812706"
    },
    {
      "type": "Feature",
      "properties": {
        "@id": "node/3967812707",
        "name": "Maatam",
        "place": "village"
      },
      "geometry": {
        "type": "Point",
        "coordinates": [
          10.7336105,
          5.6148244
        ]
      },
      "id": "node/3967812707"
    },
    {
      "type": "Feature",
      "properties": {
        "@id": "node/3967812708",
        "name": "Manganja",
        "place": "village"
      },
      "geometry": {
        "type": "Point",
        "coordinates": [
          10.713627,
          5.6495633
        ]
      },
      "id": "node/3967812708"
    },
    {
      "type": "Feature",
      "properties": {
        "@id": "node/3967812709",
        "name": "Nkounja",
        "place": "village"
      },
      "geometry": {
        "type": "Point",
        "coordinates": [
          10.7352184,
          5.6351863
        ]
      },
      "id": "node/3967812709"
    },
    {
      "type": "Feature",
      "properties": {
        "@id": "node/3967812710",
        "name": "Nkoutoungwen",
        "place": "village"
      },
      "geometry": {
        "type": "Point",
        "coordinates": [
          10.76333,
          5.6425818
        ]
      },
      "id": "node/3967812710"
    },
    {
      "type": "Feature",
      "properties": {
        "@id": "node/3967846499",
        "name": "Njiloum",
        "place": "village"
      },
      "geometry": {
        "type": "Point",
        "coordinates": [
          10.6175054,
          5.5933962
        ]
      },
      "id": "node/3967846499"
    },
    {
      "type": "Feature",
      "properties": {
        "@id": "node/3967846500",
        "name": "Njindoum",
        "place": "village"
      },
      "geometry": {
        "type": "Point",
        "coordinates": [
          10.6415096,
          5.6071739
        ]
      },
      "id": "node/3967846500"
    },
    {
      "type": "Feature",
      "properties": {
        "@id": "node/3967846501",
        "name": "Ntamkouop",
        "place": "village"
      },
      "geometry": {
        "type": "Point",
        "coordinates": [
          10.643457,
          5.5885087
        ]
      },
      "id": "node/3967846501"
    },
    {
      "type": "Feature",
      "properties": {
        "@id": "node/3967849402",
        "name": "Njitekwet",
        "place": "village"
      },
      "geometry": {
        "type": "Point",
        "coordinates": [
          10.6911696,
          5.6268012
        ]
      },
      "id": "node/3967849402"
    },
    {
      "type": "Feature",
      "properties": {
        "@id": "node/3967849403",
        "name": "Nkoutoungwen",
        "place": "village"
      },
      "geometry": {
        "type": "Point",
        "coordinates": [
          10.6909473,
          5.6138246
        ]
      },
      "id": "node/3967849403"
    },
    {
      "type": "Feature",
      "properties": {
        "@id": "node/3967854534",
        "name": "Maakouop",
        "place": "village"
      },
      "geometry": {
        "type": "Point",
        "coordinates": [
          10.6459697,
          5.5575928
        ]
      },
      "id": "node/3967854534"
    },
    {
      "type": "Feature",
      "properties": {
        "@id": "node/3967854535",
        "name": "Njiripa",
        "place": "village"
      },
      "geometry": {
        "type": "Point",
        "coordinates": [
          10.6273786,
          5.5686479
        ]
      },
      "id": "node/3967854535"
    },
    {
      "type": "Feature",
      "properties": {
        "@id": "node/3967854536",
        "name": "Nkoupa'ré",
        "place": "village"
      },
      "geometry": {
        "type": "Point",
        "coordinates": [
          10.6445481,
          5.5675666
        ]
      },
      "id": "node/3967854536"
    },
    {
      "type": "Feature",
      "properties": {
        "@id": "node/3967929406",
        "name": "Bassinté",
        "place": "village"
      },
      "geometry": {
        "type": "Point",
        "coordinates": [
          10.4523249,
          5.518933
        ]
      },
      "id": "node/3967929406"
    },
    {
      "type": "Feature",
      "properties": {
        "@id": "node/3967929407",
        "name": "Famghang",
        "place": "village"
      },
      "geometry": {
        "type": "Point",
        "coordinates": [
          10.5367603,
          5.5340806
        ]
      },
      "id": "node/3967929407"
    },
    {
      "type": "Feature",
      "properties": {
        "@id": "node/3967929408",
        "name": "Famleng",
        "place": "village"
      },
      "geometry": {
        "type": "Point",
        "coordinates": [
          10.4701708,
          5.4889371
        ]
      },
      "id": "node/3967929408"
    },
    {
      "type": "Feature",
      "properties": {
        "@id": "node/3967929409",
        "name": "Famtchuèt",
        "place": "village"
      },
      "geometry": {
        "type": "Point",
        "coordinates": [
          10.4842337,
          5.5087387
        ]
      },
      "id": "node/3967929409"
    },
    {
      "type": "Feature",
      "properties": {
        "@id": "node/3967929410",
        "name": "Fantja",
        "place": "village"
      },
      "geometry": {
        "type": "Point",
        "coordinates": [
          10.4787106,
          5.4991677
        ]
      },
      "id": "node/3967929410"
    },
    {
      "type": "Feature",
      "properties": {
        "@id": "node/3967929412",
        "name": "Kouopkaare",
        "place": "village"
      },
      "geometry": {
        "type": "Point",
        "coordinates": [
          10.5831124,
          5.511774
        ]
      },
      "id": "node/3967929412"
    },
    {
      "type": "Feature",
      "properties": {
        "@id": "node/3967929413",
        "alt_name": "Laangwén",
        "name": "Langoueng",
        "place": "village"
      },
      "geometry": {
        "type": "Point",
        "coordinates": [
          10.4404567,
          5.5093125
        ]
      },
      "id": "node/3967929413"
    },
    {
      "type": "Feature",
      "properties": {
        "@id": "node/3967929414",
        "name": "Manyitngwen",
        "place": "village"
      },
      "geometry": {
        "type": "Point",
        "coordinates": [
          10.8463949,
          5.6706126
        ]
      },
      "id": "node/3967929414"
    },
    {
      "type": "Feature",
      "properties": {
        "@id": "node/3967929415",
        "name": "Mfechiéya",
        "place": "village"
      },
      "geometry": {
        "type": "Point",
        "coordinates": [
          10.6045635,
          5.5058572
        ]
      },
      "id": "node/3967929415"
    },
    {
      "type": "Feature",
      "properties": {
        "@id": "node/3967929416",
        "name": "Ndenbou-Melam",
        "place": "village"
      },
      "geometry": {
        "type": "Point",
        "coordinates": [
          10.4648089,
          5.4571127
        ]
      },
      "id": "node/3967929416"
    },
    {
      "type": "Feature",
      "properties": {
        "@id": "node/3967929417",
        "name": "Njassa",
        "place": "village"
      },
      "geometry": {
        "type": "Point",
        "coordinates": [
          10.4558466,
          5.4936293
        ]
      },
      "id": "node/3967929417"
    },
    {
      "type": "Feature",
      "properties": {
        "@id": "node/3967929418",
        "name": "Njinga I",
        "place": "village"
      },
      "geometry": {
        "type": "Point",
        "coordinates": [
          10.4762589,
          5.4869961
        ]
      },
      "id": "node/3967929418"
    },
    {
      "type": "Feature",
      "properties": {
        "@id": "node/3967929419",
        "name": "Njinga II",
        "place": "village"
      },
      "geometry": {
        "type": "Point",
        "coordinates": [
          10.4819627,
          5.4761911
        ]
      },
      "id": "node/3967929419"
    },
    {
      "type": "Feature",
      "properties": {
        "@id": "node/3967929420",
        "name": "Njitande",
        "place": "village"
      },
      "geometry": {
        "type": "Point",
        "coordinates": [
          10.5964585,
          5.534631
        ]
      },
      "id": "node/3967929420"
    },
    {
      "type": "Feature",
      "properties": {
        "@id": "node/3967929421",
        "name": "Nkoutaba",
        "place": "village"
      },
      "geometry": {
        "type": "Point",
        "coordinates": [
          10.8156162,
          5.6929751
        ]
      },
      "id": "node/3967929421"
    },
    {
      "type": "Feature",
      "properties": {
        "@id": "node/3967929422",
        "name": "Nkwetkwet",
        "place": "village"
      },
      "geometry": {
        "type": "Point",
        "coordinates": [
          10.6263956,
          5.5493324
        ]
      },
      "id": "node/3967929422"
    },
    {
      "type": "Feature",
      "properties": {
        "@id": "node/3967929423",
        "alt_name": "Néfo",
        "name": "Banefo",
        "place": "village"
      },
      "geometry": {
        "type": "Point",
        "coordinates": [
          10.5004922,
          5.4845489
        ]
      },
      "id": "node/3967929423"
    },
    {
      "type": "Feature",
      "properties": {
        "@id": "node/3967929424",
        "name": "Sapsi",
        "place": "village"
      },
      "geometry": {
        "type": "Point",
        "coordinates": [
          10.5336494,
          5.5230534
        ]
      },
      "id": "node/3967929424"
    },
    {
      "type": "Feature",
      "properties": {
        "@id": "node/3967929425",
        "name": "Toungang II",
        "place": "village"
      },
      "geometry": {
        "type": "Point",
        "coordinates": [
          10.4466267,
          5.4931631
        ]
      },
      "id": "node/3967929425"
    },
    {
      "type": "Feature",
      "properties": {
        "@id": "node/3968186272",
        "name": "Ngbanja",
        "place": "village"
      },
      "geometry": {
        "type": "Point",
        "coordinates": [
          10.7733791,
          5.6372137
        ]
      },
      "id": "node/3968186272"
    },
    {
      "type": "Feature",
      "properties": {
        "@id": "node/3970667270",
        "name": "Chefou",
        "place": "village"
      },
      "geometry": {
        "type": "Point",
        "coordinates": [
          10.4145921,
          5.3259604
        ]
      },
      "id": "node/3970667270"
    },
    {
      "type": "Feature",
      "properties": {
        "@id": "node/3970667271",
        "name": "Dem-Woh",
        "place": "village"
      },
      "geometry": {
        "type": "Point",
        "coordinates": [
          10.4319676,
          5.3474068
        ]
      },
      "id": "node/3970667271"
    },
    {
      "type": "Feature",
      "properties": {
        "@id": "node/3970667274",
        "name": "Djione",
        "place": "village"
      },
      "geometry": {
        "type": "Point",
        "coordinates": [
          10.4479867,
          5.3738788
        ]
      },
      "id": "node/3970667274"
    },
    {
      "type": "Feature",
      "properties": {
        "@id": "node/3970667275",
        "name": "Famnwe",
        "place": "village"
      },
      "geometry": {
        "type": "Point",
        "coordinates": [
          10.4427148,
          5.3529091
        ]
      },
      "id": "node/3970667275"
    },
    {
      "type": "Feature",
      "properties": {
        "@id": "node/3970667278",
        "name": "Hom",
        "place": "village"
      },
      "geometry": {
        "type": "Point",
        "coordinates": [
          10.3938371,
          5.3319394
        ]
      },
      "id": "node/3970667278"
    },
    {
      "type": "Feature",
      "properties": {
        "@id": "node/3970667279",
        "name": "Kamka'tse",
        "place": "village"
      },
      "geometry": {
        "type": "Point",
        "coordinates": [
          10.4076838,
          5.331589
        ]
      },
      "id": "node/3970667279"
    },
    {
      "type": "Feature",
      "properties": {
        "@id": "node/3970667281",
        "name": "Mendjo",
        "place": "village"
      },
      "geometry": {
        "type": "Point",
        "coordinates": [
          10.4239856,
          5.3266308
        ]
      },
      "id": "node/3970667281"
    },
    {
      "type": "Feature",
      "properties": {
        "@id": "node/3970667285",
        "name": "Sou'e",
        "place": "village"
      },
      "geometry": {
        "type": "Point",
        "coordinates": [
          10.3908129,
          5.3227882
        ]
      },
      "id": "node/3970667285"
    },
    {
      "type": "Feature",
      "properties": {
        "@id": "node/3970667286",
        "name": "Tonkwo",
        "place": "village"
      },
      "geometry": {
        "type": "Point",
        "coordinates": [
          10.4403437,
          5.3660974
        ]
      },
      "id": "node/3970667286"
    },
    {
      "type": "Feature",
      "properties": {
        "@id": "node/3970667287",
        "name": "Tseguem",
        "place": "village"
      },
      "geometry": {
        "type": "Point",
        "coordinates": [
          10.4418777,
          5.3808111
        ]
      },
      "id": "node/3970667287"
    },
    {
      "type": "Feature",
      "properties": {
        "@id": "node/3970667288",
        "name": "Tsoum",
        "place": "village"
      },
      "geometry": {
        "type": "Point",
        "coordinates": [
          10.3807229,
          5.3330664
        ]
      },
      "id": "node/3970667288"
    },
    {
      "type": "Feature",
      "properties": {
        "@id": "node/3970697298",
        "name": "Wang",
        "place": "village"
      },
      "geometry": {
        "type": "Point",
        "coordinates": [
          10.3696098,
          5.3646331
        ]
      },
      "id": "node/3970697298"
    },
    {
      "type": "Feature",
      "properties": {
        "@id": "node/3970781384",
        "name": "Tobang",
        "place": "village"
      },
      "geometry": {
        "type": "Point",
        "coordinates": [
          10.3874436,
          5.4530744
        ]
      },
      "id": "node/3970781384"
    },
    {
      "type": "Feature",
      "properties": {
        "@id": "node/3970781385",
        "name": "Tsewong",
        "place": "village"
      },
      "geometry": {
        "type": "Point",
        "coordinates": [
          10.4002314,
          5.4467761
        ]
      },
      "id": "node/3970781385"
    },
    {
      "type": "Feature",
      "properties": {
        "@id": "node/3981420018",
        "name": "Toumghem",
        "place": "village"
      },
      "geometry": {
        "type": "Point",
        "coordinates": [
          10.4305355,
          5.3085205
        ]
      },
      "id": "node/3981420018"
    },
    {
      "type": "Feature",
      "properties": {
        "@id": "node/3981525757",
        "name": "Bandouno-Fongoué",
        "place": "village"
      },
      "geometry": {
        "type": "Point",
        "coordinates": [
          10.4946645,
          5.1712816
        ]
      },
      "id": "node/3981525757"
    },
    {
      "type": "Feature",
      "properties": {
        "@id": "node/3981643607",
        "name": "Kamdam",
        "place": "village"
      },
      "geometry": {
        "type": "Point",
        "coordinates": [
          10.5704482,
          5.1208166
        ]
      },
      "id": "node/3981643607"
    },
    {
      "type": "Feature",
      "properties": {
        "@id": "node/3981643611",
        "name": "Ndandut",
        "place": "village"
      },
      "geometry": {
        "type": "Point",
        "coordinates": [
          10.5457531,
          5.1979184
        ]
      },
      "id": "node/3981643611"
    },
    {
      "type": "Feature",
      "properties": {
        "@id": "node/3981883156",
        "name": "Badoua",
        "place": "village"
      },
      "geometry": {
        "type": "Point",
        "coordinates": [
          10.6210271,
          5.0597714
        ]
      },
      "id": "node/3981883156"
    },
    {
      "type": "Feature",
      "properties": {
        "@id": "node/3981883458",
        "name": "Ndoumba",
        "place": "village"
      },
      "geometry": {
        "type": "Point",
        "coordinates": [
          10.5628851,
          5.0472569
        ]
      },
      "id": "node/3981883458"
    },
    {
      "type": "Feature",
      "properties": {
        "@id": "node/3982005966",
        "name": "Komto",
        "place": "village"
      },
      "geometry": {
        "type": "Point",
        "coordinates": [
          10.6732714,
          4.9997703
        ]
      },
      "id": "node/3982005966"
    },
    {
      "type": "Feature",
      "properties": {
        "@id": "node/3982005967",
        "name": "Kouajem",
        "place": "village"
      },
      "geometry": {
        "type": "Point",
        "coordinates": [
          10.6786191,
          4.9871127
        ]
      },
      "id": "node/3982005967"
    },
    {
      "type": "Feature",
      "properties": {
        "@id": "node/3982005970",
        "name": "Sabou",
        "place": "village"
      },
      "geometry": {
        "type": "Point",
        "coordinates": [
          10.6596973,
          4.9694792
        ]
      },
      "id": "node/3982005970"
    },
    {
      "type": "Feature",
      "properties": {
        "@id": "node/3982005971",
        "name": "Saliki",
        "place": "village"
      },
      "geometry": {
        "type": "Point",
        "coordinates": [
          10.6743416,
          4.9687591
        ]
      },
      "id": "node/3982005971"
    },
    {
      "type": "Feature",
      "properties": {
        "@id": "node/3982045759",
        "name": "Dipfad",
        "place": "village"
      },
      "geometry": {
        "type": "Point",
        "coordinates": [
          10.4730299,
          5.0853832
        ]
      },
      "id": "node/3982045759"
    },
    {
      "type": "Feature",
      "properties": {
        "@id": "node/3983588195",
        "name": "Bangou II",
        "place": "village"
      },
      "geometry": {
        "type": "Point",
        "coordinates": [
          10.5698891,
          5.4570027
        ]
      },
      "id": "node/3983588195"
    },
    {
      "type": "Feature",
      "properties": {
        "@id": "node/3983588196",
        "name": "Fondji II",
        "place": "village"
      },
      "geometry": {
        "type": "Point",
        "coordinates": [
          10.5749306,
          5.3253829
        ]
      },
      "id": "node/3983588196"
    },
    {
      "type": "Feature",
      "properties": {
        "@id": "node/3983588198",
        "name": "Manga",
        "place": "village"
      },
      "geometry": {
        "type": "Point",
        "coordinates": [
          10.5843156,
          5.3314876
        ]
      },
      "id": "node/3983588198"
    },
    {
      "type": "Feature",
      "properties": {
        "@id": "node/3983588201",
        "name": "Njimbouot I",
        "place": "village"
      },
      "geometry": {
        "type": "Point",
        "coordinates": [
          10.6383262,
          5.5022124
        ]
      },
      "id": "node/3983588201"
    },
    {
      "type": "Feature",
      "properties": {
        "@id": "node/3983588202",
        "name": "Njimbouot II",
        "place": "village"
      },
      "geometry": {
        "type": "Point",
        "coordinates": [
          10.6402419,
          5.5263115
        ]
      },
      "id": "node/3983588202"
    },
    {
      "type": "Feature",
      "properties": {
        "@id": "node/3983774558",
        "name": "Nding",
        "place": "village"
      },
      "geometry": {
        "type": "Point",
        "coordinates": [
          10.4645553,
          5.3384233
        ]
      },
      "id": "node/3983774558"
    },
    {
      "type": "Feature",
      "properties": {
        "@id": "node/3983774564",
        "name": "Tse Ndembo",
        "place": "village"
      },
      "geometry": {
        "type": "Point",
        "coordinates": [
          10.4852987,
          5.3350171
        ]
      },
      "id": "node/3983774564"
    },
    {
      "type": "Feature",
      "properties": {
        "@id": "node/4345673350",
        "name": "Bangoulap",
        "place": "village",
        "wikidata": "Q15063259"
      },
      "geometry": {
        "type": "Point",
        "coordinates": [
          10.526887,
          5.095642
        ]
      },
      "id": "node/4345673350"
    },
    {
      "type": "Feature",
      "properties": {
        "@id": "node/4486605712",
        "name": "Ntagni",
        "place": "village"
      },
      "geometry": {
        "type": "Point",
        "coordinates": [
          10.509498,
          5.0890679
        ]
      },
      "id": "node/4486605712"
    },
    {
      "type": "Feature",
      "properties": {
        "@id": "node/4486606021",
        "name": "Bandzuidjong",
        "place": "village"
      },
      "geometry": {
        "type": "Point",
        "coordinates": [
          10.5172476,
          5.0635405
        ]
      },
      "id": "node/4486606021"
    },
    {
      "type": "Feature",
      "properties": {
        "@id": "node/4734330486",
        "name": "Batcham Chefferie",
        "place": "village",
        "source": "WRI_2005",
        "wikidata": "Q2891098"
      },
      "geometry": {
        "type": "Point",
        "coordinates": [
          10.238872,
          5.5451318
        ]
      },
      "id": "node/4734330486"
    },
    {
      "type": "Feature",
      "properties": {
        "@id": "node/4775146513",
        "alt_name": "Bafou",
        "name": "Bafou Centre",
        "place": "village"
      },
      "geometry": {
        "type": "Point",
        "coordinates": [
          10.1026959,
          5.5104768
        ]
      },
      "id": "node/4775146513"
    },
    {
      "type": "Feature",
      "properties": {
        "@id": "node/4775668083",
        "alt_name": "Batsingla",
        "name": "Batsengla",
        "place": "village",
        "short_name": "Tsingla"
      },
      "geometry": {
        "type": "Point",
        "coordinates": [
          10.105665,
          5.4404723
        ]
      },
      "id": "node/4775668083"
    },
    {
      "type": "Feature",
      "properties": {
        "@id": "node/4780842063",
        "alt_name": "Baghang",
        "name": "Aghang",
        "place": "village"
      },
      "geometry": {
        "type": "Point",
        "coordinates": [
          10.0972386,
          5.4495693
        ]
      },
      "id": "node/4780842063"
    },
    {
      "type": "Feature",
      "properties": {
        "@id": "node/4780884445",
        "alt_name": "Nzingfeng",
        "name": "Bazifeng",
        "place": "village",
        "short_name": "Zifeng"
      },
      "geometry": {
        "type": "Point",
        "coordinates": [
          10.1034221,
          5.467097
        ]
      },
      "id": "node/4780884445"
    },
    {
      "type": "Feature",
      "properties": {
        "@id": "node/4780886218",
        "name": "Baleng",
        "place": "village"
      },
      "geometry": {
        "type": "Point",
        "coordinates": [
          10.0953464,
          5.4745463
        ]
      },
      "id": "node/4780886218"
    },
    {
      "type": "Feature",
      "properties": {
        "@id": "node/4782748679",
        "alt_name": "Balepo",
        "name": "Lepoh",
        "place": "village"
      },
      "geometry": {
        "type": "Point",
        "coordinates": [
          10.0805297,
          5.5111223
        ]
      },
      "id": "node/4782748679"
    },
    {
      "type": "Feature",
      "properties": {
        "@id": "node/4839660282",
        "name": "Bangope",
        "place": "village"
      },
      "geometry": {
        "type": "Point",
        "coordinates": [
          10.2166629,
          5.0378675
        ]
      },
      "id": "node/4839660282"
    },
    {
      "type": "Feature",
      "properties": {
        "@id": "node/4839660283",
        "name": "Bankambe",
        "place": "village"
      },
      "geometry": {
        "type": "Point",
        "coordinates": [
          10.210998,
          5.0400691
        ]
      },
      "id": "node/4839660283"
    },
    {
      "type": "Feature",
      "properties": {
        "@id": "node/4940390045",
        "name": "Echiock",
        "place": "village"
      },
      "geometry": {
        "type": "Point",
        "coordinates": [
          9.9533263,
          5.3207293
        ]
      },
      "id": "node/4940390045"
    },
    {
      "type": "Feature",
      "properties": {
        "@id": "node/4940390046",
        "name": "Foungwo",
        "place": "village"
      },
      "geometry": {
        "type": "Point",
        "coordinates": [
          9.9556035,
          5.2878661
        ]
      },
      "id": "node/4940390046"
    },
    {
      "type": "Feature",
      "properties": {
        "@id": "node/7633900406",
        "alt_name": "Bangang Fondji",
        "name": "Bangang-Fondji",
        "place": "village"
      },
      "geometry": {
        "type": "Point",
        "coordinates": [
          10.5117452,
          5.280923
        ]
      },
      "id": "node/7633900406"
    },
    {
      "type": "Feature",
      "properties": {
        "@id": "node/8205640085",
        "name": "Balengou",
        "place": "village",
        "wikidata": "Q15063113",
        "wikipedia": "fr:Balengou"
      },
      "geometry": {
        "type": "Point",
        "coordinates": [
          10.461393,
          5.1220572
        ]
      },
      "id": "node/8205640085"
    },
    {
      "type": "Feature",
      "properties": {
        "@id": "node/8215408101",
        "name": "Balambo",
        "place": "village"
      },
      "geometry": {
        "type": "Point",
        "coordinates": [
          10.341804,
          5.1758643
        ]
      },
      "id": "node/8215408101"
    },
    {
      "type": "Feature",
      "properties": {
        "@id": "node/8349592691",
        "name": "Nkong-Zem",
        "note": "rank=0 car commune",
        "place": "town",
        "rank": "0"
      },
      "geometry": {
        "type": "Point",
        "coordinates": [
          10.1262832,
          5.4982136
        ]
      },
      "id": "node/8349592691"
    },
    {
      "type": "Feature",
      "properties": {
        "@id": "node/8349592692",
        "alt_name": "Demdeng;Demding;Djebem",
        "name": "Demdeng (Djebem)",
        "note": "rank=0 car commune",
        "note_2": "emplacement a verifier",
        "place": "town",
        "rank": "0",
        "source": "WRI_2005",
        "wikidata": "Q3022075",
        "wikipedia": "fr:Demdeng"
      },
      "geometry": {
        "type": "Point",
        "coordinates": [
          10.4651212,
          5.3292086
        ]
      },
      "id": "node/8349592692"
    },
    {
      "type": "Feature",
      "properties": {
        "@id": "node/8726408326",
        "name": "Kouekong",
        "place": "village"
      },
      "geometry": {
        "type": "Point",
        "coordinates": [
          10.5527424,
          5.4755484
        ]
      },
      "id": "node/8726408326"
    },
    {
      "type": "Feature",
      "properties": {
        "@id": "node/8726408329",
        "name": "Tomdjo",
        "place": "village"
      },
      "geometry": {
        "type": "Point",
        "coordinates": [
          10.5244797,
          5.4892662
        ]
      },
      "id": "node/8726408329"
    },
    {
      "type": "Feature",
      "properties": {
        "@id": "node/8726408350",
        "alt_name": "Ndemsiem",
        "name": "Demsiem",
        "place": "village"
      },
      "geometry": {
        "type": "Point",
        "coordinates": [
          10.4685759,
          5.4635366
        ]
      },
      "id": "node/8726408350"
    },
    {
      "type": "Feature",
      "properties": {
        "@id": "node/8815677340",
        "name": "Mata Barrage",
        "place": "village"
      },
      "geometry": {
        "type": "Point",
        "coordinates": [
          11.2898296,
          6.0501822
        ]
      },
      "id": "node/8815677340"
    },
    {
      "type": "Feature",
      "properties": {
        "@id": "node/8852511720",
        "name": "Takouché",
        "place": "village"
      },
      "geometry": {
        "type": "Point",
        "coordinates": [
          10.4358387,
          5.5809969
        ]
      },
      "id": "node/8852511720"
    },
    {
      "type": "Feature",
      "properties": {
        "@id": "node/8852618122",
        "name": "Tchada II",
        "place": "village"
      },
      "geometry": {
        "type": "Point",
        "coordinates": [
          10.4341269,
          5.5516619
        ]
      },
      "id": "node/8852618122"
    },
    {
      "type": "Feature",
      "properties": {
        "@id": "node/8852618132",
        "name": "Tchada",
        "place": "village"
      },
      "geometry": {
        "type": "Point",
        "coordinates": [
          10.4195554,
          5.5591427
        ]
      },
      "id": "node/8852618132"
    },
    {
      "type": "Feature",
      "properties": {
        "@id": "node/8852672453",
        "name": "Konti",
        "place": "village"
      },
      "geometry": {
        "type": "Point",
        "coordinates": [
          10.3910091,
          5.55515
        ]
      },
      "id": "node/8852672453"
    },
    {
      "type": "Feature",
      "properties": {
        "@id": "node/8852672454",
        "alt_name": "Balatchuet",
        "name": "Balatchouet",
        "place": "village"
      },
      "geometry": {
        "type": "Point",
        "coordinates": [
          10.3817677,
          5.5616806
        ]
      },
      "id": "node/8852672454"
    },
    {
      "type": "Feature",
      "properties": {
        "@id": "node/8852755280",
        "name": "Njindoun",
        "place": "village"
      },
      "geometry": {
        "type": "Point",
        "coordinates": [
          10.5892708,
          5.5969534
        ]
      },
      "id": "node/8852755280"
    },
    {
      "type": "Feature",
      "properties": {
        "@id": "node/8852906020",
        "name": "Ngouondam",
        "place": "village"
      },
      "geometry": {
        "type": "Point",
        "coordinates": [
          10.5725379,
          5.613359
        ]
      },
      "id": "node/8852906020"
    },
    {
      "type": "Feature",
      "properties": {
        "@id": "node/8932997670",
        "name": "Nkong-Ngam",
        "place": "village"
      },
      "geometry": {
        "type": "Point",
        "coordinates": [
          10.6165542,
          5.2144596
        ]
      },
      "id": "node/8932997670"
    },
    {
      "type": "Feature",
      "properties": {
        "@id": "node/9757319279",
        "place": "village"
      },
      "geometry": {
        "type": "Point",
        "coordinates": [
          10.4426857,
          5.4088943
        ]
      },
      "id": "node/9757319279"
    },
    {
      "type": "Feature",
      "properties": {
        "@id": "node/11808220069",
        "ele": "1276",
        "name": "Bankondji",
        "place": "village",
        "religion": "christian",
        "website": "https://www.bankondji.org/",
        "wikidata": "Q28041108",
        "wikipedia": "fr:Bankondji"
      },
      "geometry": {
        "type": "Point",
        "coordinates": [
          10.1326591,
          5.1080553
        ]
      },
      "id": "node/11808220069"
    },
    {
      "type": "Feature",
      "properties": {
        "@id": "node/12153390724",
        "name": "Koupa Kagnam",
        "place": "village"
      },
      "geometry": {
        "type": "Point",
        "coordinates": [
          10.768286,
          5.7274625
        ]
      },
      "id": "node/12153390724"
    }
  ]
}