{
  "type": "FeatureCollection",
  "generator": "overpass-turbo",
  "copyright": "The data included in this document is from www.openstreetmap.org. The data is made available under ODbL.",
  "timestamp": "2025-08-22T19:55:00Z",
  "features": [
    {
      "type": "Feature",
      "properties": {
        "@id": "relation/10375285",
        "landuse": "residential",
        "place": "village",
        "type": "multipolygon",
        "@geometry": "center"
      },
      "geometry": {
        "type": "Point",
        "coordinates": [
          9.225178,
          4.5456497
        ]
      },
      "id": "relation/10375285"
    },
    {
      "type": "Feature",
      "properties": {
        "@id": "way/206367066",
        "landuse": "residential",
        "place": "town",
        "@geometry": "center"
      },
      "geometry": {
        "type": "Point",
        "coordinates": [
          9.3592055,
          4.0765802
        ]
      },
      "id": "way/206367066"
    },
    {
      "type": "Feature",
      "properties": {
        "@id": "way/206367071",
        "landuse": "residential",
        "place": "town",
        "@geometry": "center"
      },
      "geometry": {
        "type": "Point",
        "coordinates": [
          9.3166624,
          4.0886231
        ]
      },
      "id": "way/206367071"
    },
    {
      "type": "Feature",
      "properties": {
        "@id": "way/227695931",
        "landuse": "residential",
        "name": "Three Corners Bekondo",
        "place": "city",
        "@geometry": "center"
      },
      "geometry": {
        "type": "Point",
        "coordinates": [
          9.3196135,
          4.6597287
        ]
      },
      "id": "way/227695931"
    },
    {
      "type": "Feature",
      "properties": {
        "@id": "way/230134878",
        "landuse": "residential",
        "place": "village",
        "@geometry": "center"
      },
      "geometry": {
        "type": "Point",
        "coordinates": [
          9.3163735,
          4.3546823
        ]
      },
      "id": "way/230134878"
    },
    {
      "type": "Feature",
      "properties": {
        "@id": "way/230134879",
        "landuse": "residential",
        "place": "village",
        "@geometry": "center"
      },
      "geometry": {
        "type": "Point",
        "coordinates": [
          9.3574146,
          4.3302796
        ]
      },
      "id": "way/230134879"
    },
    {
      "type": "Feature",
      "properties": {
        "@id": "way/230134881",
        "landuse": "residential",
        "place": "village",
        "@geometry": "center"
      },
      "geometry": {
        "type": "Point",
        "coordinates": [
          9.2984211,
          4.4001951
        ]
      },
      "id": "way/230134881"
    },
    {
      "type": "Feature",
      "properties": {
        "@id": "way/230134882",
        "landuse": "residential",
        "place": "village",
        "@geometry": "center"
      },
      "geometry": {
        "type": "Point",
        "coordinates": [
          9.2710421,
          4.40408
        ]
      },
      "id": "way/230134882"
    },
    {
      "type": "Feature",
      "properties": {
        "@id": "way/237877180",
        "landuse": "residential",
        "place": "village",
        "@geometry": "center"
      },
      "geometry": {
        "type": "Point",
        "coordinates": [
          9.0999892,
          4.0293909
        ]
      },
      "id": "way/237877180"
    },
    {
      "type": "Feature",
      "properties": {
        "@id": "node/249863730",
        "name": "Tombel",
        "place": "town",
        "source": "Institut National de Cartographie",
        "wikidata": "Q7818676"
      },
      "geometry": {
        "type": "Point",
        "coordinates": [
          9.6691991,
          4.750007
        ]
      },
      "id": "node/249863730"
    },
    {
      "type": "Feature",
      "properties": {
        "@id": "way/261442760",
        "landuse": "residential",
        "place": "village",
        "@geometry": "center"
      },
      "geometry": {
        "type": "Point",
        "coordinates": [
          9.2007788,
          4.1069398
        ]
      },
      "id": "way/261442760"
    },
    {
      "type": "Feature",
      "properties": {
        "@id": "way/261442761",
        "landuse": "residential",
        "place": "village",
        "@geometry": "center"
      },
      "geometry": {
        "type": "Point",
        "coordinates": [
          9.2092893,
          4.1142142
        ]
      },
      "id": "way/261442761"
    },
    {
      "type": "Feature",
      "properties": {
        "@id": "way/261442762",
        "landuse": "residential",
        "place": "village",
        "@geometry": "center"
      },
      "geometry": {
        "type": "Point",
        "coordinates": [
          9.2127836,
          4.1176086
        ]
      },
      "id": "way/261442762"
    },
    {
      "type": "Feature",
      "properties": {
        "@id": "way/261442776",
        "landuse": "residential",
        "place": "village",
        "@geometry": "center"
      },
      "geometry": {
        "type": "Point",
        "coordinates": [
          9.2253859,
          4.1114436
        ]
      },
      "id": "way/261442776"
    },
    {
      "type": "Feature",
      "properties": {
        "@id": "way/261442779",
        "landuse": "residential",
        "place": "village",
        "@geometry": "center"
      },
      "geometry": {
        "type": "Point",
        "coordinates": [
          9.2446983,
          4.121867
        ]
      },
      "id": "way/261442779"
    },
    {
      "type": "Feature",
      "properties": {
        "@id": "way/261442783",
        "landuse": "residential",
        "place": "village",
        "@geometry": "center"
      },
      "geometry": {
        "type": "Point",
        "coordinates": [
          9.2121387,
          4.1280658
        ]
      },
      "id": "way/261442783"
    },
    {
      "type": "Feature",
      "properties": {
        "@id": "way/261444799",
        "landuse": "residential",
        "place": "village",
        "@geometry": "center"
      },
      "geometry": {
        "type": "Point",
        "coordinates": [
          9.3836648,
          4.2942003
        ]
      },
      "id": "way/261444799"
    },
    {
      "type": "Feature",
      "properties": {
        "@id": "way/261460902",
        "landuse": "residential",
        "place": "village",
        "@geometry": "center"
      },
      "geometry": {
        "type": "Point",
        "coordinates": [
          8.9895847,
          4.1413613
        ]
      },
      "id": "way/261460902"
    },
    {
      "type": "Feature",
      "properties": {
        "@id": "way/261460906",
        "landuse": "residential",
        "place": "village",
        "@geometry": "center"
      },
      "geometry": {
        "type": "Point",
        "coordinates": [
          8.9785981,
          4.2553288
        ]
      },
      "id": "way/261460906"
    },
    {
      "type": "Feature",
      "properties": {
        "@id": "way/261461001",
        "landuse": "residential",
        "place": "village",
        "@geometry": "center"
      },
      "geometry": {
        "type": "Point",
        "coordinates": [
          9.0647274,
          4.3202272
        ]
      },
      "id": "way/261461001"
    },
    {
      "type": "Feature",
      "properties": {
        "@id": "way/261461002",
        "landuse": "residential",
        "place": "village",
        "@geometry": "center"
      },
      "geometry": {
        "type": "Point",
        "coordinates": [
          9.0746461,
          4.3458863
        ]
      },
      "id": "way/261461002"
    },
    {
      "type": "Feature",
      "properties": {
        "@id": "way/261461003",
        "landuse": "residential",
        "place": "village",
        "@geometry": "center"
      },
      "geometry": {
        "type": "Point",
        "coordinates": [
          9.0861428,
          4.3518192
        ]
      },
      "id": "way/261461003"
    },
    {
      "type": "Feature",
      "properties": {
        "@id": "way/261461004",
        "landuse": "residential",
        "place": "village",
        "@geometry": "center"
      },
      "geometry": {
        "type": "Point",
        "coordinates": [
          9.0904489,
          4.3609986
        ]
      },
      "id": "way/261461004"
    },
    {
      "type": "Feature",
      "properties": {
        "@id": "way/261461005",
        "place": "village",
        "@geometry": "center"
      },
      "geometry": {
        "type": "Point",
        "coordinates": [
          9.1048864,
          4.3857065
        ]
      },
      "id": "way/261461005"
    },
    {
      "type": "Feature",
      "properties": {
        "@id": "way/261461006",
        "place": "village",
        "@geometry": "center"
      },
      "geometry": {
        "type": "Point",
        "coordinates": [
          9.1173589,
          4.3926422
        ]
      },
      "id": "way/261461006"
    },
    {
      "type": "Feature",
      "properties": {
        "@id": "way/261461007",
        "place": "village",
        "@geometry": "center"
      },
      "geometry": {
        "type": "Point",
        "coordinates": [
          9.1234789,
          4.4032536
        ]
      },
      "id": "way/261461007"
    },
    {
      "type": "Feature",
      "properties": {
        "@id": "way/261461010",
        "place": "village",
        "@geometry": "center"
      },
      "geometry": {
        "type": "Point",
        "coordinates": [
          9.1402069,
          4.4147927
        ]
      },
      "id": "way/261461010"
    },
    {
      "type": "Feature",
      "properties": {
        "@id": "way/261461240",
        "place": "village",
        "@geometry": "center"
      },
      "geometry": {
        "type": "Point",
        "coordinates": [
          9.1518623,
          4.4199049
        ]
      },
      "id": "way/261461240"
    },
    {
      "type": "Feature",
      "properties": {
        "@id": "way/261461242",
        "place": "village",
        "@geometry": "center"
      },
      "geometry": {
        "type": "Point",
        "coordinates": [
          9.1395235,
          4.4318755
        ]
      },
      "id": "way/261461242"
    },
    {
      "type": "Feature",
      "properties": {
        "@id": "way/261461248",
        "place": "village",
        "@geometry": "center"
      },
      "geometry": {
        "type": "Point",
        "coordinates": [
          9.1433091,
          4.4530197
        ]
      },
      "id": "way/261461248"
    },
    {
      "type": "Feature",
      "properties": {
        "@id": "way/261461249",
        "place": "village",
        "@geometry": "center"
      },
      "geometry": {
        "type": "Point",
        "coordinates": [
          9.1500273,
          4.4511807
        ]
      },
      "id": "way/261461249"
    },
    {
      "type": "Feature",
      "properties": {
        "@id": "way/261462048",
        "landuse": "residential",
        "place": "village",
        "@geometry": "center"
      },
      "geometry": {
        "type": "Point",
        "coordinates": [
          9.2297461,
          4.5453601
        ]
      },
      "id": "way/261462048"
    },
    {
      "type": "Feature",
      "properties": {
        "@id": "way/261462053",
        "landuse": "residential",
        "place": "village",
        "@geometry": "center"
      },
      "geometry": {
        "type": "Point",
        "coordinates": [
          9.2826493,
          4.5679413
        ]
      },
      "id": "way/261462053"
    },
    {
      "type": "Feature",
      "properties": {
        "@id": "way/261462318",
        "landuse": "residential",
        "place": "village",
        "@geometry": "center"
      },
      "geometry": {
        "type": "Point",
        "coordinates": [
          9.3656147,
          4.5387276
        ]
      },
      "id": "way/261462318"
    },
    {
      "type": "Feature",
      "properties": {
        "@id": "way/261462319",
        "landuse": "residential",
        "place": "village",
        "@geometry": "center"
      },
      "geometry": {
        "type": "Point",
        "coordinates": [
          9.3709659,
          4.5580177
        ]
      },
      "id": "way/261462319"
    },
    {
      "type": "Feature",
      "properties": {
        "@id": "way/321517702",
        "name": "Muebah",
        "place": "village",
        "@geometry": "center"
      },
      "geometry": {
        "type": "Point",
        "coordinates": [
          9.7794885,
          5.0299701
        ]
      },
      "id": "way/321517702"
    },
    {
      "type": "Feature",
      "properties": {
        "@id": "way/321519107",
        "name": "Nkack",
        "place": "village",
        "residential": "rural",
        "@geometry": "center"
      },
      "geometry": {
        "type": "Point",
        "coordinates": [
          9.7800938,
          5.0388498
        ]
      },
      "id": "way/321519107"
    },
    {
      "type": "Feature",
      "properties": {
        "@id": "way/321520179",
        "name": "Mwanjeken",
        "name:en": "Mwanjeken",
        "place": "village",
        "residential": "rural",
        "@geometry": "center"
      },
      "geometry": {
        "type": "Point",
        "coordinates": [
          9.770238,
          5.0377076
        ]
      },
      "id": "way/321520179"
    },
    {
      "type": "Feature",
      "properties": {
        "@id": "way/321520180",
        "name": "Ebonemin",
        "place": "village",
        "@geometry": "center"
      },
      "geometry": {
        "type": "Point",
        "coordinates": [
          9.7706725,
          5.0190197
        ]
      },
      "id": "way/321520180"
    },
    {
      "type": "Feature",
      "properties": {
        "@id": "way/321520766",
        "name": "Muambong",
        "place": "village",
        "residential": "rural",
        "@geometry": "center"
      },
      "geometry": {
        "type": "Point",
        "coordinates": [
          9.7307264,
          4.9661649
        ]
      },
      "id": "way/321520766"
    },
    {
      "type": "Feature",
      "properties": {
        "@id": "node/331130530",
        "name": "Bakebe",
        "note": "Check me",
        "place": "village",
        "wikidata": "Q4849051"
      },
      "geometry": {
        "type": "Point",
        "coordinates": [
          9.56067,
          5.558912
        ]
      },
      "id": "node/331130530"
    },
    {
      "type": "Feature",
      "properties": {
        "@id": "node/331130780",
        "name": "Limbé",
        "name:de": "Limbe",
        "name:en": "Limbe",
        "name:fr": "Limbé",
        "name:lt": "Limbė",
        "old_name": "Victoria",
        "place": "city",
        "population": "118210",
        "population:date": "2005",
        "wikidata": "Q819314",
        "wikipedia": "fr:Limbé"
      },
      "geometry": {
        "type": "Point",
        "coordinates": [
          9.207058,
          4.010289
        ]
      },
      "id": "node/331130780"
    },
    {
      "type": "Feature",
      "properties": {
        "@id": "node/331130781",
        "name": "Mutengene",
        "place": "town",
        "wikidata": "Q10334043"
      },
      "geometry": {
        "type": "Point",
        "coordinates": [
          9.3169578,
          4.09011
        ]
      },
      "id": "node/331130781"
    },
    {
      "type": "Feature",
      "properties": {
        "@id": "node/331130782",
        "admin_level": "4",
        "capital": "4",
        "name": "Buea",
        "name:fr": "Buéa",
        "name:ko": "부에아",
        "name:lt": "Buėja",
        "name:ru": "Буэа",
        "place": "city",
        "population": "1325000",
        "wikidata": "Q312209",
        "wikipedia": "fr:Buéa"
      },
      "geometry": {
        "type": "Point",
        "coordinates": [
          9.2315915,
          4.1567895
        ]
      },
      "id": "node/331130782"
    },
    {
      "type": "Feature",
      "properties": {
        "@id": "way/340397543",
        "landuse": "residential",
        "place": "city",
        "@geometry": "center"
      },
      "geometry": {
        "type": "Point",
        "coordinates": [
          9.2279334,
          4.1541978
        ]
      },
      "id": "way/340397543"
    },
    {
      "type": "Feature",
      "properties": {
        "@id": "way/366453861",
        "landuse": "residential",
        "place": "city",
        "@geometry": "center"
      },
      "geometry": {
        "type": "Point",
        "coordinates": [
          9.3050276,
          4.1573414
        ]
      },
      "id": "way/366453861"
    },
    {
      "type": "Feature",
      "properties": {
        "@id": "way/375149910",
        "landuse": "residential",
        "name": "CDC Camp",
        "place": "village",
        "@geometry": "center"
      },
      "geometry": {
        "type": "Point",
        "coordinates": [
          9.0405102,
          4.5417225
        ]
      },
      "id": "way/375149910"
    },
    {
      "type": "Feature",
      "properties": {
        "@id": "way/381999550",
        "landuse": "residential",
        "name": "Etuku",
        "place": "village",
        "@geometry": "center"
      },
      "geometry": {
        "type": "Point",
        "coordinates": [
          9.5497477,
          5.7173396
        ]
      },
      "id": "way/381999550"
    },
    {
      "type": "Feature",
      "properties": {
        "@id": "way/382068156",
        "landuse": "residential",
        "name": "Tafu",
        "place": "village",
        "population": "260",
        "@geometry": "center"
      },
      "geometry": {
        "type": "Point",
        "coordinates": [
          9.5467466,
          5.7673493
        ]
      },
      "id": "way/382068156"
    },
    {
      "type": "Feature",
      "properties": {
        "@id": "way/382082960",
        "landuse": "residential",
        "name": "Batambe",
        "place": "village",
        "population": "210",
        "@geometry": "center"
      },
      "geometry": {
        "type": "Point",
        "coordinates": [
          9.6014686,
          5.9582393
        ]
      },
      "id": "way/382082960"
    },
    {
      "type": "Feature",
      "properties": {
        "@id": "way/414510333",
        "landuse": "residential",
        "name": "Egbemoh",
        "place": "village",
        "population": "345",
        "@geometry": "center"
      },
      "geometry": {
        "type": "Point",
        "coordinates": [
          9.5572937,
          5.7492855
        ]
      },
      "id": "way/414510333"
    },
    {
      "type": "Feature",
      "properties": {
        "@id": "way/416465362",
        "landuse": "residential",
        "name": "Mantah II",
        "place": "village",
        "population": "400",
        "@geometry": "center"
      },
      "geometry": {
        "type": "Point",
        "coordinates": [
          9.6007838,
          5.9756115
        ]
      },
      "id": "way/416465362"
    },
    {
      "type": "Feature",
      "properties": {
        "@id": "way/438620905",
        "landuse": "residential",
        "place": "village",
        "@geometry": "center"
      },
      "geometry": {
        "type": "Point",
        "coordinates": [
          9.3342527,
          4.2132662
        ]
      },
      "id": "way/438620905"
    },
    {
      "type": "Feature",
      "properties": {
        "@id": "node/559417685",
        "name": "Batoke Village",
        "place": "village"
      },
      "geometry": {
        "type": "Point",
        "coordinates": [
          9.0982292,
          4.03219
        ]
      },
      "id": "node/559417685"
    },
    {
      "type": "Feature",
      "properties": {
        "@id": "node/582070346",
        "name": "Ladja",
        "place": "village"
      },
      "geometry": {
        "type": "Point",
        "coordinates": [
          9.2109274,
          3.9990962
        ]
      },
      "id": "node/582070346"
    },
    {
      "type": "Feature",
      "properties": {
        "@id": "node/582987934",
        "name": "Mokindi chief palace",
        "place": "village"
      },
      "geometry": {
        "type": "Point",
        "coordinates": [
          9.1680607,
          4.0140584
        ]
      },
      "id": "node/582987934"
    },
    {
      "type": "Feature",
      "properties": {
        "@id": "node/591909627",
        "name": "Bobende",
        "place": "village"
      },
      "geometry": {
        "type": "Point",
        "coordinates": [
          9.1343306,
          4.0206517
        ]
      },
      "id": "node/591909627"
    },
    {
      "type": "Feature",
      "properties": {
        "@id": "node/619629012",
        "name": "Bonakoh",
        "place": "village"
      },
      "geometry": {
        "type": "Point",
        "coordinates": [
          9.5062972,
          4.1442458
        ]
      },
      "id": "node/619629012"
    },
    {
      "type": "Feature",
      "properties": {
        "@id": "way/744625320",
        "name": "Ngonmin",
        "place": "village",
        "residential": "rural",
        "@geometry": "center"
      },
      "geometry": {
        "type": "Point",
        "coordinates": [
          9.7352117,
          5.0029935
        ]
      },
      "id": "way/744625320"
    },
    {
      "type": "Feature",
      "properties": {
        "@id": "way/744640754",
        "name": "Muekan",
        "place": "village",
        "@geometry": "center"
      },
      "geometry": {
        "type": "Point",
        "coordinates": [
          9.7607256,
          5.0500509
        ]
      },
      "id": "way/744640754"
    },
    {
      "type": "Feature",
      "properties": {
        "@id": "way/744640758",
        "name": "Epenebel",
        "place": "village",
        "@geometry": "center"
      },
      "geometry": {
        "type": "Point",
        "coordinates": [
          9.7624173,
          5.0366864
        ]
      },
      "id": "way/744640758"
    },
    {
      "type": "Feature",
      "properties": {
        "@id": "way/744640770",
        "name": "Mwanjeken",
        "name:en": "Mwanjeken",
        "place": "village",
        "@geometry": "center"
      },
      "geometry": {
        "type": "Point",
        "coordinates": [
          9.7709012,
          5.0332227
        ]
      },
      "id": "way/744640770"
    },
    {
      "type": "Feature",
      "properties": {
        "@id": "way/745279340",
        "name": "Muaku",
        "place": "village",
        "@geometry": "center"
      },
      "geometry": {
        "type": "Point",
        "coordinates": [
          9.7466272,
          5.0574518
        ]
      },
      "id": "way/745279340"
    },
    {
      "type": "Feature",
      "properties": {
        "@id": "way/745285851",
        "name": "Njom",
        "place": "village",
        "residential": "rural",
        "@geometry": "center"
      },
      "geometry": {
        "type": "Point",
        "coordinates": [
          9.764995,
          5.0714677
        ]
      },
      "id": "way/745285851"
    },
    {
      "type": "Feature",
      "properties": {
        "@id": "way/745664668",
        "name": "Bangem Town",
        "name:fr": "Ville de Bangem",
        "place": "town",
        "@geometry": "center"
      },
      "geometry": {
        "type": "Point",
        "coordinates": [
          9.7660127,
          5.0859422
        ]
      },
      "id": "way/745664668"
    },
    {
      "type": "Feature",
      "properties": {
        "@id": "way/901983979",
        "name": "Elum",
        "place": "village",
        "source": "WRI_2005",
        "@geometry": "center"
      },
      "geometry": {
        "type": "Point",
        "coordinates": [
          9.7442334,
          5.0407135
        ]
      },
      "id": "way/901983979"
    },
    {
      "type": "Feature",
      "properties": {
        "@id": "node/929331795",
        "name": "Tinto",
        "place": "village",
        "source": "WRI_2005"
      },
      "geometry": {
        "type": "Point",
        "coordinates": [
          9.5892236,
          5.5453912
        ]
      },
      "id": "node/929331795"
    },
    {
      "type": "Feature",
      "properties": {
        "@id": "node/929332296",
        "name": "Muyuka",
        "place": "town"
      },
      "geometry": {
        "type": "Point",
        "coordinates": [
          9.4077181,
          4.2862078
        ]
      },
      "id": "node/929332296"
    },
    {
      "type": "Feature",
      "properties": {
        "@id": "node/929334616",
        "name": "Kumba",
        "name:ru": "Кумба",
        "place": "city",
        "wikidata": "Q997047",
        "wikipedia": "en:Kumba"
      },
      "geometry": {
        "type": "Point",
        "coordinates": [
          9.4409446,
          4.6378368
        ]
      },
      "id": "node/929334616"
    },
    {
      "type": "Feature",
      "properties": {
        "@id": "node/929336668",
        "name": "Nguti",
        "place": "village",
        "wikidata": "Q24038825"
      },
      "geometry": {
        "type": "Point",
        "coordinates": [
          9.4227881,
          5.331102
        ]
      },
      "id": "node/929336668"
    },
    {
      "type": "Feature",
      "properties": {
        "@id": "node/929837346",
        "name": "Eyumodjock",
        "name:fr": "Eyumodjock",
        "place": "town",
        "wikidata": "Q5423051",
        "wikipedia": "fr:Eyumodjock"
      },
      "geometry": {
        "type": "Point",
        "coordinates": [
          8.9839977,
          5.7681748
        ]
      },
      "id": "node/929837346"
    },
    {
      "type": "Feature",
      "properties": {
        "@id": "node/929837876",
        "name": "Besongabang",
        "place": "village",
        "source": "WRI_2005"
      },
      "geometry": {
        "type": "Point",
        "coordinates": [
          9.3020807,
          5.7108379
        ]
      },
      "id": "node/929837876"
    },
    {
      "type": "Feature",
      "properties": {
        "@id": "way/1386684926",
        "place": "village",
        "@geometry": "center"
      },
      "geometry": {
        "type": "Point",
        "coordinates": [
          8.7573178,
          4.7585829
        ]
      },
      "id": "way/1386684926"
    },
    {
      "type": "Feature",
      "properties": {
        "@id": "node/1397736816",
        "name": "Bangem",
        "place": "village",
        "wikidata": "Q2446919",
        "wikipedia": "fr:Bangem"
      },
      "geometry": {
        "type": "Point",
        "coordinates": [
          9.7666084,
          5.0844069
        ]
      },
      "id": "node/1397736816"
    },
    {
      "type": "Feature",
      "properties": {
        "@id": "node/2127350893",
        "place": "village"
      },
      "geometry": {
        "type": "Point",
        "coordinates": [
          9.4707997,
          5.6521997
        ]
      },
      "id": "node/2127350893"
    },
    {
      "type": "Feature",
      "properties": {
        "@id": "node/2270745463",
        "name": "Baranka",
        "place": "village"
      },
      "geometry": {
        "type": "Point",
        "coordinates": [
          10.037064,
          5.6353272
        ]
      },
      "id": "node/2270745463"
    },
    {
      "type": "Feature",
      "properties": {
        "@id": "node/2295707414",
        "GNS:dsg_code": "PPL",
        "GNS:dsg_string": "populated place",
        "GNS:id": "10315760",
        "name": "Alunfa",
        "place": "village",
        "source": "GNS"
      },
      "geometry": {
        "type": "Point",
        "coordinates": [
          9.7385481,
          6.1510477
        ]
      },
      "id": "node/2295707414"
    },
    {
      "type": "Feature",
      "properties": {
        "@id": "node/2295707417",
        "GNS:dsg_code": "PPL",
        "GNS:dsg_string": "populated place",
        "GNS:id": "10315775",
        "name": "Amassi",
        "place": "village",
        "source": "GNS"
      },
      "geometry": {
        "type": "Point",
        "coordinates": [
          9.768815,
          6.1866459
        ]
      },
      "id": "node/2295707417"
    },
    {
      "type": "Feature",
      "properties": {
        "@id": "node/2295707422",
        "GNS:dsg_code": "PPL",
        "GNS:dsg_string": "populated place",
        "GNS:id": "10315816",
        "name": "Assaka",
        "place": "village",
        "source": "GNS"
      },
      "geometry": {
        "type": "Point",
        "coordinates": [
          9.7244,
          6.3181
        ]
      },
      "id": "node/2295707422"
    },
    {
      "type": "Feature",
      "properties": {
        "@id": "node/2295707424",
        "GNS:dsg_code": "PPL",
        "GNS:dsg_string": "populated place",
        "GNS:id": "10315769",
        "name": "Ayi",
        "place": "village",
        "source": "GNS"
      },
      "geometry": {
        "type": "Point",
        "coordinates": [
          9.7502634,
          6.1687457
        ]
      },
      "id": "node/2295707424"
    },
    {
      "type": "Feature",
      "properties": {
        "@id": "node/2295707427",
        "GNS:dsg_code": "PPL",
        "GNS:dsg_string": "populated place",
        "GNS:id": "10315812",
        "name": "Manko",
        "place": "village",
        "source": "GNS"
      },
      "geometry": {
        "type": "Point",
        "coordinates": [
          9.5596156,
          6.3142025
        ]
      },
      "id": "node/2295707427"
    },
    {
      "type": "Feature",
      "properties": {
        "@id": "node/2295707431",
        "GNS:dsg_code": "PPL",
        "GNS:dsg_string": "populated place",
        "GNS:id": "10315809",
        "name": "Okagle",
        "place": "village",
        "source": "GNS"
      },
      "geometry": {
        "type": "Point",
        "coordinates": [
          9.5572714,
          6.3023169
        ]
      },
      "id": "node/2295707431"
    },
    {
      "type": "Feature",
      "properties": {
        "@id": "node/2295707438",
        "GNS:dsg_code": "PPL",
        "GNS:dsg_string": "populated place",
        "GNS:id": "10315795",
        "name": "Ossatu",
        "place": "village",
        "source": "GNS"
      },
      "geometry": {
        "type": "Point",
        "coordinates": [
          9.7578492,
          6.2680963
        ]
      },
      "id": "node/2295707438"
    },
    {
      "type": "Feature",
      "properties": {
        "@id": "node/2295707463",
        "GNS:dsg_code": "PPL",
        "GNS:dsg_string": "populated place",
        "GNS:id": "10315820",
        "name": "Yeye",
        "place": "village",
        "source": "GNS"
      },
      "geometry": {
        "type": "Point",
        "coordinates": [
          9.5594109,
          6.3369988
        ]
      },
      "id": "node/2295707463"
    },
    {
      "type": "Feature",
      "properties": {
        "@id": "node/2340658895",
        "name": "Alou",
        "place": "village"
      },
      "geometry": {
        "type": "Point",
        "coordinates": [
          9.8968677,
          5.5070203
        ]
      },
      "id": "node/2340658895"
    },
    {
      "type": "Feature",
      "properties": {
        "@id": "node/2340658903",
        "name": "Wabane",
        "place": "village"
      },
      "geometry": {
        "type": "Point",
        "coordinates": [
          9.9844808,
          5.6829885
        ]
      },
      "id": "node/2340658903"
    },
    {
      "type": "Feature",
      "properties": {
        "@id": "node/2386590585",
        "name": "Barombi",
        "place": "village"
      },
      "geometry": {
        "type": "Point",
        "coordinates": [
          9.2569145,
          4.4654398
        ]
      },
      "id": "node/2386590585"
    },
    {
      "type": "Feature",
      "properties": {
        "@id": "node/2386680418",
        "name": "Ikata",
        "place": "village"
      },
      "geometry": {
        "type": "Point",
        "coordinates": [
          9.3587619,
          4.3311713
        ]
      },
      "id": "node/2386680418"
    },
    {
      "type": "Feature",
      "properties": {
        "@id": "node/2386680421",
        "name": "Likoko",
        "place": "village"
      },
      "geometry": {
        "type": "Point",
        "coordinates": [
          9.3207857,
          4.3964527
        ]
      },
      "id": "node/2386680421"
    },
    {
      "type": "Feature",
      "properties": {
        "@id": "node/2386680424",
        "name": "Lilale",
        "place": "village"
      },
      "geometry": {
        "type": "Point",
        "coordinates": [
          9.2987472,
          4.4019452
        ]
      },
      "id": "node/2386680424"
    },
    {
      "type": "Feature",
      "properties": {
        "@id": "node/2386680427",
        "name": "Mabeta",
        "place": "village"
      },
      "geometry": {
        "type": "Point",
        "coordinates": [
          9.2895578,
          3.99306
        ]
      },
      "id": "node/2386680427"
    },
    {
      "type": "Feature",
      "properties": {
        "@id": "node/2386680430",
        "alt_name": "Mbome",
        "name": "Mbomo",
        "place": "village"
      },
      "geometry": {
        "type": "Point",
        "coordinates": [
          9.3230211,
          3.9279614
        ]
      },
      "id": "node/2386680430"
    },
    {
      "type": "Feature",
      "properties": {
        "@id": "node/2386680434",
        "name": "Munyenge",
        "place": "village"
      },
      "geometry": {
        "type": "Point",
        "coordinates": [
          9.2726747,
          4.4042721
        ]
      },
      "id": "node/2386680434"
    },
    {
      "type": "Feature",
      "properties": {
        "@id": "node/2386680443",
        "name": "Bafia",
        "place": "village"
      },
      "geometry": {
        "type": "Point",
        "coordinates": [
          9.3171899,
          4.3536202
        ]
      },
      "id": "node/2386680443"
    },
    {
      "type": "Feature",
      "properties": {
        "@id": "node/2386681089",
        "name": "Tiko",
        "place": "town",
        "wikidata": "Q2228759",
        "wikipedia": "en:Tiko"
      },
      "geometry": {
        "type": "Point",
        "coordinates": [
          9.3650187,
          4.075571
        ]
      },
      "id": "node/2386681089"
    },
    {
      "type": "Feature",
      "properties": {
        "@id": "node/2456087139",
        "addr:city": "Bimbia",
        "alt_name": "Bona Bille; Bimbia",
        "name": "Bonabile",
        "place": "village"
      },
      "geometry": {
        "type": "Point",
        "coordinates": [
          9.2515874,
          3.9588204
        ]
      },
      "id": "node/2456087139"
    },
    {
      "type": "Feature",
      "properties": {
        "@id": "node/2456087175",
        "name": "Essele village",
        "name:fr": "Village Essele",
        "place": "village"
      },
      "geometry": {
        "type": "Point",
        "coordinates": [
          9.2209711,
          3.9699584
        ]
      },
      "id": "node/2456087175"
    },
    {
      "type": "Feature",
      "properties": {
        "@id": "node/2456087176",
        "name": "Etome village",
        "place": "village"
      },
      "geometry": {
        "type": "Point",
        "coordinates": [
          9.1152605,
          4.0416292
        ]
      },
      "id": "node/2456087176"
    },
    {
      "type": "Feature",
      "properties": {
        "@id": "node/2456087183",
        "name": "Kie Village",
        "name:fr": "Village Kie",
        "place": "village"
      },
      "geometry": {
        "type": "Point",
        "coordinates": [
          9.1795858,
          4.0123385
        ]
      },
      "id": "node/2456087183"
    },
    {
      "type": "Feature",
      "properties": {
        "@id": "node/2456087185",
        "name": "Law Mabeta",
        "place": "village"
      },
      "geometry": {
        "type": "Point",
        "coordinates": [
          9.3127755,
          4.0008684
        ]
      },
      "id": "node/2456087185"
    },
    {
      "type": "Feature",
      "properties": {
        "@id": "node/2456087201",
        "name": "Mboko II",
        "place": "village"
      },
      "geometry": {
        "type": "Point",
        "coordinates": [
          9.3005185,
          3.9786599
        ]
      },
      "id": "node/2456087201"
    },
    {
      "type": "Feature",
      "properties": {
        "@id": "node/2456087205",
        "name": "Meviokulu village",
        "place": "village"
      },
      "geometry": {
        "type": "Point",
        "coordinates": [
          9.2660477,
          4.0808584
        ]
      },
      "id": "node/2456087205"
    },
    {
      "type": "Feature",
      "properties": {
        "@id": "node/2456087206",
        "name": "Middle Bonjongo",
        "place": "village"
      },
      "geometry": {
        "type": "Point",
        "coordinates": [
          9.1830879,
          4.0676887
        ]
      },
      "id": "node/2456087206"
    },
    {
      "type": "Feature",
      "properties": {
        "@id": "node/2456087216",
        "name": "Mitondo",
        "place": "village"
      },
      "geometry": {
        "type": "Point",
        "coordinates": [
          9.2177474,
          3.9917295
        ]
      },
      "id": "node/2456087216"
    },
    {
      "type": "Feature",
      "properties": {
        "@id": "node/2456087231",
        "name": "Mukunda",
        "place": "village"
      },
      "geometry": {
        "type": "Point",
        "coordinates": [
          9.1643513,
          4.0468127
        ]
      },
      "id": "node/2456087231"
    },
    {
      "type": "Feature",
      "properties": {
        "@id": "node/2456087244",
        "name": "Ngeme village",
        "name:fr": "Village Ngeme",
        "place": "village"
      },
      "geometry": {
        "type": "Point",
        "coordinates": [
          9.1563907,
          4.0131266
        ]
      },
      "id": "node/2456087244"
    },
    {
      "type": "Feature",
      "properties": {
        "@id": "node/2456087254",
        "name": "Ombe Native",
        "place": "village"
      },
      "geometry": {
        "type": "Point",
        "coordinates": [
          9.3046719,
          4.0202006
        ]
      },
      "id": "node/2456087254"
    },
    {
      "type": "Feature",
      "properties": {
        "@id": "node/2456087259",
        "name": "Ombe",
        "place": "town"
      },
      "geometry": {
        "type": "Point",
        "coordinates": [
          9.2904632,
          4.0814832
        ]
      },
      "id": "node/2456087259"
    },
    {
      "type": "Feature",
      "properties": {
        "@id": "node/2461015638",
        "name": "Abat",
        "place": "village",
        "source": "WRI_2005"
      },
      "geometry": {
        "type": "Point",
        "coordinates": [
          9.2147421,
          5.3736707
        ]
      },
      "id": "node/2461015638"
    },
    {
      "type": "Feature",
      "properties": {
        "@id": "node/2461015642",
        "name": "Abonado",
        "place": "village",
        "source": "WRI_2005"
      },
      "geometry": {
        "type": "Point",
        "coordinates": [
          9.1321451,
          5.8983562
        ]
      },
      "id": "node/2461015642"
    },
    {
      "type": "Feature",
      "properties": {
        "@id": "node/2461015703",
        "name": "Afap",
        "place": "village",
        "source": "WRI_2005"
      },
      "geometry": {
        "type": "Point",
        "coordinates": [
          9.1776171,
          5.6761052
        ]
      },
      "id": "node/2461015703"
    },
    {
      "type": "Feature",
      "properties": {
        "@id": "node/2461015707",
        "name": "Agborkem",
        "place": "village",
        "source": "WRI_2005",
        "wikidata": "Q48224735",
        "wikipedia": "fr:Agborkem"
      },
      "geometry": {
        "type": "Point",
        "coordinates": [
          9.1290255,
          5.887147
        ]
      },
      "id": "node/2461015707"
    },
    {
      "type": "Feature",
      "properties": {
        "@id": "node/2461015713",
        "name": "Agong",
        "place": "village",
        "source": "WRI_2005"
      },
      "geometry": {
        "type": "Point",
        "coordinates": [
          9.8963604,
          5.6542658
        ]
      },
      "id": "node/2461015713"
    },
    {
      "type": "Feature",
      "properties": {
        "@id": "node/2461015717",
        "name": "Ajayuk Ndip",
        "place": "village",
        "source": "WRI_2005"
      },
      "geometry": {
        "type": "Point",
        "coordinates": [
          9.1458774,
          5.6418293
        ]
      },
      "id": "node/2461015717"
    },
    {
      "type": "Feature",
      "properties": {
        "@id": "node/2461015775",
        "name": "Ashum",
        "place": "village",
        "source": "WRI_2005"
      },
      "geometry": {
        "type": "Point",
        "coordinates": [
          9.5214942,
          5.4943636
        ]
      },
      "id": "node/2461015775"
    },
    {
      "type": "Feature",
      "properties": {
        "@id": "node/2461015778",
        "name": "Atebong Wire",
        "place": "village",
        "source": "WRI_2005"
      },
      "geometry": {
        "type": "Point",
        "coordinates": [
          9.7825981,
          5.5646157
        ]
      },
      "id": "node/2461015778"
    },
    {
      "type": "Feature",
      "properties": {
        "@id": "node/2461015784",
        "name": "Ayukaba",
        "place": "village",
        "source": "WRI_2005"
      },
      "geometry": {
        "type": "Point",
        "coordinates": [
          9.1439374,
          5.7073163
        ]
      },
      "id": "node/2461015784"
    },
    {
      "type": "Feature",
      "properties": {
        "@id": "node/2461015791",
        "name": "Babong",
        "place": "village",
        "source": "WRI_2005"
      },
      "geometry": {
        "type": "Point",
        "coordinates": [
          9.0447616,
          5.5815937
        ]
      },
      "id": "node/2461015791"
    },
    {
      "type": "Feature",
      "properties": {
        "@id": "node/2461015794",
        "name": "Bache",
        "place": "village",
        "source": "WRI_2005"
      },
      "geometry": {
        "type": "Point",
        "coordinates": [
          9.3050604,
          5.9466857
        ]
      },
      "id": "node/2461015794"
    },
    {
      "type": "Feature",
      "properties": {
        "@id": "node/2461015797",
        "name": "Bachuo Ntai",
        "place": "village",
        "population": "2565",
        "source": "WRI_2005",
        "wikidata": "Q25390107",
        "wikipedia": "fr:Bachuo Ntai"
      },
      "geometry": {
        "type": "Point",
        "coordinates": [
          9.4022701,
          5.6997853
        ]
      },
      "id": "node/2461015797"
    },
    {
      "type": "Feature",
      "properties": {
        "@id": "node/2461015814",
        "name": "Bakebe I",
        "place": "village",
        "source": "WRI_2005"
      },
      "geometry": {
        "type": "Point",
        "coordinates": [
          9.5594618,
          5.5642735
        ]
      },
      "id": "node/2461015814"
    },
    {
      "type": "Feature",
      "properties": {
        "@id": "node/2461015815",
        "name": "Bakebe II",
        "place": "village",
        "source": "WRI_2005"
      },
      "geometry": {
        "type": "Point",
        "coordinates": [
          9.5574051,
          5.5780203
        ]
      },
      "id": "node/2461015815"
    },
    {
      "type": "Feature",
      "properties": {
        "@id": "node/2461015818",
        "name": "Bakogo",
        "place": "village",
        "source": "WRI_2005"
      },
      "geometry": {
        "type": "Point",
        "coordinates": [
          9.3090899,
          5.463583
        ]
      },
      "id": "node/2461015818"
    },
    {
      "type": "Feature",
      "properties": {
        "@id": "node/2461015874",
        "name": "Bangang",
        "place": "village",
        "source": "WRI_2005"
      },
      "geometry": {
        "type": "Point",
        "coordinates": [
          9.8896596,
          5.6087736
        ]
      },
      "id": "node/2461015874"
    },
    {
      "type": "Feature",
      "properties": {
        "@id": "node/2461015885",
        "name": "Banteng",
        "place": "village",
        "source": "WRI_2005"
      },
      "geometry": {
        "type": "Point",
        "coordinates": [
          9.9806945,
          5.7121319
        ]
      },
      "id": "node/2461015885"
    },
    {
      "type": "Feature",
      "properties": {
        "@id": "node/2461015886",
        "name": "Banti",
        "place": "village",
        "source": "WRI_2005"
      },
      "geometry": {
        "type": "Point",
        "coordinates": [
          9.9245723,
          5.7042353
        ]
      },
      "id": "node/2461015886"
    },
    {
      "type": "Feature",
      "properties": {
        "@id": "node/2461015899",
        "name": "Baro",
        "place": "village",
        "source": "WRI_2005"
      },
      "geometry": {
        "type": "Point",
        "coordinates": [
          9.2092186,
          5.6685218
        ]
      },
      "id": "node/2461015899"
    },
    {
      "type": "Feature",
      "properties": {
        "@id": "node/2461015960",
        "name": "Bayib-Asibong",
        "place": "village",
        "source": "WRI_2005"
      },
      "geometry": {
        "type": "Point",
        "coordinates": [
          9.3817359,
          5.4320199
        ]
      },
      "id": "node/2461015960"
    },
    {
      "type": "Feature",
      "properties": {
        "@id": "node/2461015968",
        "name": "Bechati",
        "place": "village",
        "source": "WRI_2005"
      },
      "geometry": {
        "type": "Point",
        "coordinates": [
          9.9049357,
          5.6681746
        ]
      },
      "id": "node/2461015968"
    },
    {
      "type": "Feature",
      "properties": {
        "@id": "node/2461016019",
        "name": "Besali",
        "place": "village",
        "source": "WRI_2005"
      },
      "geometry": {
        "type": "Point",
        "coordinates": [
          9.9043604,
          5.6304962
        ]
      },
      "id": "node/2461016019"
    },
    {
      "type": "Feature",
      "properties": {
        "@id": "node/2461016031",
        "clans": "bassossi",
        "ethnc_grps": "Bassossi",
        "name": "betock village",
        "place": "village",
        "source": "WRI_2005"
      },
      "geometry": {
        "type": "Point",
        "coordinates": [
          9.3925555,
          5.239737
        ]
      },
      "id": "node/2461016031"
    },
    {
      "type": "Feature",
      "properties": {
        "@id": "node/2461016051",
        "name": "Big Akak II",
        "place": "village",
        "source": "WRI_2005"
      },
      "geometry": {
        "type": "Point",
        "coordinates": [
          9.3623516,
          5.4798798
        ]
      },
      "id": "node/2461016051"
    },
    {
      "type": "Feature",
      "properties": {
        "@id": "node/2461016054",
        "name": "Bokwa",
        "place": "village",
        "source": "WRI_2005"
      },
      "geometry": {
        "type": "Point",
        "coordinates": [
          9.6424203,
          5.7148937
        ]
      },
      "id": "node/2461016054"
    },
    {
      "type": "Feature",
      "properties": {
        "@id": "node/2461016061",
        "name": "Bombe",
        "place": "village",
        "source": "WRI_2005"
      },
      "geometry": {
        "type": "Point",
        "coordinates": [
          9.3812955,
          5.8162968
        ]
      },
      "id": "node/2461016061"
    },
    {
      "type": "Feature",
      "properties": {
        "@id": "node/2461016095",
        "name": "Defang",
        "place": "village",
        "source": "WRI_2005"
      },
      "geometry": {
        "type": "Point",
        "coordinates": [
          9.5580712,
          5.4964247
        ]
      },
      "id": "node/2461016095"
    },
    {
      "type": "Feature",
      "properties": {
        "@id": "node/2461016181",
        "name": "Ebeagwe I",
        "place": "village",
        "source": "WRI_2005"
      },
      "geometry": {
        "type": "Point",
        "coordinates": [
          9.7165425,
          5.5803938
        ]
      },
      "id": "node/2461016181"
    },
    {
      "type": "Feature",
      "properties": {
        "@id": "node/2461016182",
        "name": "Ebensuk",
        "place": "village",
        "source": "WRI_2005"
      },
      "geometry": {
        "type": "Point",
        "coordinates": [
          9.8054911,
          5.5235995
        ]
      },
      "id": "node/2461016182"
    },
    {
      "type": "Feature",
      "properties": {
        "@id": "node/2461016183",
        "name": "Ebinsi",
        "place": "village",
        "source": "WRI_2005"
      },
      "geometry": {
        "type": "Point",
        "coordinates": [
          9.212399,
          5.9384046
        ]
      },
      "id": "node/2461016183"
    },
    {
      "type": "Feature",
      "properties": {
        "@id": "node/2461016186",
        "name": "Echitako",
        "place": "village",
        "source": "WRI_2005"
      },
      "geometry": {
        "type": "Point",
        "coordinates": [
          9.1538507,
          5.6495839
        ]
      },
      "id": "node/2461016186"
    },
    {
      "type": "Feature",
      "properties": {
        "@id": "node/2461016194",
        "name": "Edikang",
        "place": "village",
        "source": "WRI_2005"
      },
      "geometry": {
        "type": "Point",
        "coordinates": [
          9.6986867,
          5.2980556
        ]
      },
      "id": "node/2461016194"
    },
    {
      "type": "Feature",
      "properties": {
        "@id": "node/2461016199",
        "name": "Ekok",
        "name:fr": "Ekok",
        "place": "village",
        "source": "WRI_2005",
        "wikidata": "Q56302447",
        "wikipedia": "fr:Ekok (Manyu)"
      },
      "geometry": {
        "type": "Point",
        "coordinates": [
          8.8541821,
          5.8067784
        ]
      },
      "id": "node/2461016199"
    },
    {
      "type": "Feature",
      "properties": {
        "@id": "node/2461016200",
        "name": "Ekpor",
        "place": "village",
        "source": "WRI_2005"
      },
      "geometry": {
        "type": "Point",
        "coordinates": [
          9.7851551,
          5.6285444
        ]
      },
      "id": "node/2461016200"
    },
    {
      "type": "Feature",
      "properties": {
        "@id": "node/2461016201",
        "clans": "mbo",
        "ethnc_grps": "mbo",
        "name": "Elumba",
        "place": "village",
        "source": "WRI_2005"
      },
      "geometry": {
        "type": "Point",
        "coordinates": [
          9.7614553,
          5.4078625
        ]
      },
      "id": "node/2461016201"
    },
    {
      "type": "Feature",
      "properties": {
        "@id": "node/2461016203",
        "name": "Eshobi",
        "place": "village",
        "source": "WRI_2005"
      },
      "geometry": {
        "type": "Point",
        "coordinates": [
          9.3602794,
          5.7852107
        ]
      },
      "id": "node/2461016203"
    },
    {
      "type": "Feature",
      "properties": {
        "@id": "node/2461016205",
        "name": "Etuku",
        "place": "village",
        "source": "WRI_2005"
      },
      "geometry": {
        "type": "Point",
        "coordinates": [
          9.5497938,
          5.7193357
        ]
      },
      "id": "node/2461016205"
    },
    {
      "type": "Feature",
      "properties": {
        "@id": "node/2461016208",
        "name": "Ewelle I",
        "place": "village",
        "source": "WRI_2005"
      },
      "geometry": {
        "type": "Point",
        "coordinates": [
          9.1966663,
          5.6348578
        ]
      },
      "id": "node/2461016208"
    },
    {
      "type": "Feature",
      "properties": {
        "@id": "node/2461016209",
        "name": "Ewelle II",
        "place": "village",
        "source": "WRI_2005"
      },
      "geometry": {
        "type": "Point",
        "coordinates": [
          9.1955502,
          5.646417
        ]
      },
      "id": "node/2461016209"
    },
    {
      "type": "Feature",
      "properties": {
        "@id": "node/2461016211",
        "name": "Eyang Atem Ako",
        "place": "village",
        "source": "WRI_2005"
      },
      "geometry": {
        "type": "Point",
        "coordinates": [
          9.4852861,
          5.4360813
        ]
      },
      "id": "node/2461016211"
    },
    {
      "type": "Feature",
      "properties": {
        "@id": "node/2461016212",
        "name": "Eyang Nchang",
        "place": "village",
        "source": "WRI_2005"
      },
      "geometry": {
        "type": "Point",
        "coordinates": [
          9.2426363,
          5.6937343
        ]
      },
      "id": "node/2461016212"
    },
    {
      "type": "Feature",
      "properties": {
        "@id": "node/2461016213",
        "name": "Eyang Ntui",
        "place": "village",
        "source": "WRI_2005"
      },
      "geometry": {
        "type": "Point",
        "coordinates": [
          9.4051515,
          5.7700427
        ]
      },
      "id": "node/2461016213"
    },
    {
      "type": "Feature",
      "properties": {
        "@id": "node/2461016214",
        "name": "Fainchang",
        "place": "village",
        "source": "WRI_2005"
      },
      "geometry": {
        "type": "Point",
        "coordinates": [
          9.5017927,
          5.6252129
        ]
      },
      "id": "node/2461016214"
    },
    {
      "type": "Feature",
      "properties": {
        "@id": "node/2461016218",
        "name": "Famila",
        "place": "village",
        "source": "WRI_2005"
      },
      "geometry": {
        "type": "Point",
        "coordinates": [
          9.8494748,
          5.4118191
        ]
      },
      "id": "node/2461016218"
    },
    {
      "type": "Feature",
      "properties": {
        "@id": "node/2461016231",
        "name": "Fokwe",
        "place": "village",
        "source": "WRI_2005"
      },
      "geometry": {
        "type": "Point",
        "coordinates": [
          9.942029,
          5.5363065
        ]
      },
      "id": "node/2461016231"
    },
    {
      "type": "Feature",
      "properties": {
        "@id": "node/2461016232",
        "name": "Folembe",
        "place": "village",
        "source": "WRI_2005"
      },
      "geometry": {
        "type": "Point",
        "coordinates": [
          9.8998196,
          5.528811
        ]
      },
      "id": "node/2461016232"
    },
    {
      "type": "Feature",
      "properties": {
        "@id": "node/2461016234",
        "name": "Folepi",
        "place": "village",
        "source": "WRI_2005"
      },
      "geometry": {
        "type": "Point",
        "coordinates": [
          9.9194887,
          5.6820032
        ]
      },
      "id": "node/2461016234"
    },
    {
      "type": "Feature",
      "properties": {
        "@id": "node/2461016237",
        "name": "Fomba",
        "place": "village",
        "source": "WRI_2005"
      },
      "geometry": {
        "type": "Point",
        "coordinates": [
          9.9239942,
          5.4472949
        ]
      },
      "id": "node/2461016237"
    },
    {
      "type": "Feature",
      "properties": {
        "@id": "node/2461016241",
        "name": "Fomenji",
        "place": "village",
        "source": "WRI_2005"
      },
      "geometry": {
        "type": "Point",
        "coordinates": [
          10.0074476,
          5.7075184
        ]
      },
      "id": "node/2461016241"
    },
    {
      "type": "Feature",
      "properties": {
        "@id": "node/2461016249",
        "name": "Fonjungo-Fonke",
        "place": "village",
        "source": "WRI_2005"
      },
      "geometry": {
        "type": "Point",
        "coordinates": [
          9.8967442,
          5.3956889
        ]
      },
      "id": "node/2461016249"
    },
    {
      "type": "Feature",
      "properties": {
        "@id": "node/2461016250",
        "name": "Fonke",
        "place": "village",
        "source": "WRI_2005"
      },
      "geometry": {
        "type": "Point",
        "coordinates": [
          9.8744486,
          5.3851745
        ]
      },
      "id": "node/2461016250"
    },
    {
      "type": "Feature",
      "properties": {
        "@id": "node/2461016251",
        "name": "Fonkem",
        "place": "village",
        "source": "WRI_2005"
      },
      "geometry": {
        "type": "Point",
        "coordinates": [
          9.9167479,
          5.6675795
        ]
      },
      "id": "node/2461016251"
    },
    {
      "type": "Feature",
      "properties": {
        "@id": "node/2461016253",
        "name": "Fonwen",
        "place": "village",
        "source": "WRI_2005"
      },
      "geometry": {
        "type": "Point",
        "coordinates": [
          9.8317531,
          5.3708515
        ]
      },
      "id": "node/2461016253"
    },
    {
      "type": "Feature",
      "properties": {
        "@id": "node/2461016254",
        "name": "Fonwung",
        "place": "village",
        "source": "WRI_2005"
      },
      "geometry": {
        "type": "Point",
        "coordinates": [
          9.8832739,
          5.376861
        ]
      },
      "id": "node/2461016254"
    },
    {
      "type": "Feature",
      "properties": {
        "@id": "node/2461016255",
        "name": "Foreke-Chacha",
        "place": "village",
        "source": "WRI_2005"
      },
      "geometry": {
        "type": "Point",
        "coordinates": [
          9.8801316,
          5.4050699
        ]
      },
      "id": "node/2461016255"
    },
    {
      "type": "Feature",
      "properties": {
        "@id": "node/2461016256",
        "name": "Forte-Fongi",
        "place": "village",
        "source": "WRI_2005"
      },
      "geometry": {
        "type": "Point",
        "coordinates": [
          9.8438982,
          5.399312
        ]
      },
      "id": "node/2461016256"
    },
    {
      "type": "Feature",
      "properties": {
        "@id": "node/2461016257",
        "name": "Fosimombin",
        "place": "village",
        "source": "WRI_2005"
      },
      "geometry": {
        "type": "Point",
        "coordinates": [
          9.9834782,
          5.6353247
        ]
      },
      "id": "node/2461016257"
    },
    {
      "type": "Feature",
      "properties": {
        "@id": "node/2461016258",
        "name": "Fosongwanchen",
        "place": "village",
        "source": "WRI_2005"
      },
      "geometry": {
        "type": "Point",
        "coordinates": [
          9.7857009,
          5.4944611
        ]
      },
      "id": "node/2461016258"
    },
    {
      "type": "Feature",
      "properties": {
        "@id": "node/2461016259",
        "name": "Fossimondi",
        "place": "village",
        "source": "WRI_2005"
      },
      "geometry": {
        "type": "Point",
        "coordinates": [
          10.0178203,
          5.6554951
        ]
      },
      "id": "node/2461016259"
    },
    {
      "type": "Feature",
      "properties": {
        "@id": "node/2461016261",
        "name": "Fosungu Wango",
        "place": "village",
        "source": "WRI_2005"
      },
      "geometry": {
        "type": "Point",
        "coordinates": [
          9.9843867,
          5.5919633
        ]
      },
      "id": "node/2461016261"
    },
    {
      "type": "Feature",
      "properties": {
        "@id": "node/2461016262",
        "name": "Fotabe",
        "place": "village",
        "source": "WRI_2005"
      },
      "geometry": {
        "type": "Point",
        "coordinates": [
          9.5802236,
          5.5239027
        ]
      },
      "id": "node/2461016262"
    },
    {
      "type": "Feature",
      "properties": {
        "@id": "node/2461016263",
        "name": "Fotabong I",
        "place": "village",
        "source": "WRI_2005"
      },
      "geometry": {
        "type": "Point",
        "coordinates": [
          9.8836217,
          5.5131742
        ]
      },
      "id": "node/2461016263"
    },
    {
      "type": "Feature",
      "properties": {
        "@id": "node/2461016264",
        "name": "Fotabong II",
        "place": "village",
        "source": "WRI_2005"
      },
      "geometry": {
        "type": "Point",
        "coordinates": [
          9.8434942,
          5.4713138
        ]
      },
      "id": "node/2461016264"
    },
    {
      "type": "Feature",
      "properties": {
        "@id": "node/2461016265",
        "name": "Fotabong III",
        "place": "village",
        "source": "WRI_2005"
      },
      "geometry": {
        "type": "Point",
        "coordinates": [
          9.8454871,
          5.3918847
        ]
      },
      "id": "node/2461016265"
    },
    {
      "type": "Feature",
      "properties": {
        "@id": "node/2461016266",
        "name": "Fotabong-Koa",
        "place": "village",
        "source": "WRI_2005"
      },
      "geometry": {
        "type": "Point",
        "coordinates": [
          9.7661142,
          5.3690418
        ]
      },
      "id": "node/2461016266"
    },
    {
      "type": "Feature",
      "properties": {
        "@id": "node/2461016267",
        "name": "Fotang",
        "place": "village",
        "source": "WRI_2005"
      },
      "geometry": {
        "type": "Point",
        "coordinates": [
          10.0441192,
          5.6772819
        ]
      },
      "id": "node/2461016267"
    },
    {
      "type": "Feature",
      "properties": {
        "@id": "node/2461016268",
        "name": "Foto Ndonchwet",
        "place": "village",
        "source": "WRI_2005"
      },
      "geometry": {
        "type": "Point",
        "coordinates": [
          9.9325109,
          5.5129083
        ]
      },
      "id": "node/2461016268"
    },
    {
      "type": "Feature",
      "properties": {
        "@id": "node/2461016284",
        "name": "Fowando",
        "place": "village",
        "source": "WRI_2005"
      },
      "geometry": {
        "type": "Point",
        "coordinates": [
          9.8790458,
          5.5521907
        ]
      },
      "id": "node/2461016284"
    },
    {
      "type": "Feature",
      "properties": {
        "@id": "node/2461016286",
        "name": "Fumbe",
        "place": "village",
        "source": "WRI_2005"
      },
      "geometry": {
        "type": "Point",
        "coordinates": [
          9.8739861,
          5.6979171
        ]
      },
      "id": "node/2461016286"
    },
    {
      "type": "Feature",
      "properties": {
        "@id": "node/2461016305",
        "name": "Gurete Bambat",
        "place": "village",
        "source": "WRI_2005"
      },
      "geometry": {
        "type": "Point",
        "coordinates": [
          9.8765055,
          5.7087121
        ]
      },
      "id": "node/2461016305"
    },
    {
      "type": "Feature",
      "properties": {
        "@id": "node/2461016309",
        "name": "Hunyampe",
        "place": "village",
        "source": "WRI_2005"
      },
      "geometry": {
        "type": "Point",
        "coordinates": [
          9.7640165,
          5.3263979
        ]
      },
      "id": "node/2461016309"
    },
    {
      "type": "Feature",
      "properties": {
        "@id": "node/2461016310",
        "name": "Igumba",
        "place": "village",
        "source": "WRI_2005"
      },
      "geometry": {
        "type": "Point",
        "coordinates": [
          9.9711188,
          5.6902491
        ]
      },
      "id": "node/2461016310"
    },
    {
      "type": "Feature",
      "properties": {
        "@id": "node/2461016312",
        "name": "Inokum",
        "place": "village",
        "source": "WRI_2005"
      },
      "geometry": {
        "type": "Point",
        "coordinates": [
          9.0274186,
          5.6836588
        ]
      },
      "id": "node/2461016312"
    },
    {
      "type": "Feature",
      "properties": {
        "@id": "node/2461016320",
        "name": "Kajifu I et II",
        "place": "village",
        "source": "WRI_2005"
      },
      "geometry": {
        "type": "Point",
        "coordinates": [
          9.1888416,
          5.9642076
        ]
      },
      "id": "node/2461016320"
    },
    {
      "type": "Feature",
      "properties": {
        "@id": "node/2461016330",
        "name": "Kekpoti",
        "place": "village",
        "source": "WRI_2005"
      },
      "geometry": {
        "type": "Point",
        "coordinates": [
          9.7279803,
          5.7438731
        ]
      },
      "id": "node/2461016330"
    },
    {
      "type": "Feature",
      "properties": {
        "@id": "node/2461016331",
        "name": "Kekukesem I",
        "place": "village",
        "source": "WRI_2005"
      },
      "geometry": {
        "type": "Point",
        "coordinates": [
          9.1870316,
          5.9955599
        ]
      },
      "id": "node/2461016331"
    },
    {
      "type": "Feature",
      "properties": {
        "@id": "node/2461016332",
        "name": "Kembong",
        "place": "village",
        "source": "WRI_2005"
      },
      "geometry": {
        "type": "Point",
        "coordinates": [
          9.2346183,
          5.6298316
        ]
      },
      "id": "node/2461016332"
    },
    {
      "type": "Feature",
      "properties": {
        "@id": "node/2461016333",
        "name": "Kendem",
        "place": "village",
        "source": "WRI_2005"
      },
      "geometry": {
        "type": "Point",
        "coordinates": [
          9.7158744,
          5.733312
        ]
      },
      "id": "node/2461016333"
    },
    {
      "type": "Feature",
      "properties": {
        "@id": "node/2461016334",
        "name": "Kenyang",
        "place": "village",
        "source": "WRI_2005"
      },
      "geometry": {
        "type": "Point",
        "coordinates": [
          9.9404921,
          5.6644236
        ]
      },
      "id": "node/2461016334"
    },
    {
      "type": "Feature",
      "properties": {
        "@id": "node/2461016335",
        "name": "Kepelle",
        "place": "village",
        "source": "WRI_2005"
      },
      "geometry": {
        "type": "Point",
        "coordinates": [
          9.6546682,
          5.5998713
        ]
      },
      "id": "node/2461016335"
    },
    {
      "type": "Feature",
      "properties": {
        "@id": "node/2461016336",
        "name": "Kesham",
        "name:fr": "Kesham",
        "place": "village",
        "population": "2000",
        "source": "WRI_2005",
        "wikidata": "Q56311740",
        "wikipedia": "fr:Kesham"
      },
      "geometry": {
        "type": "Point",
        "coordinates": [
          9.2908199,
          5.8662643
        ]
      },
      "id": "node/2461016336"
    },
    {
      "type": "Feature",
      "properties": {
        "@id": "node/2461016350",
        "name": "Koano",
        "place": "village",
        "source": "WRI_2005"
      },
      "geometry": {
        "type": "Point",
        "coordinates": [
          9.7964836,
          5.7723826
        ]
      },
      "id": "node/2461016350"
    },
    {
      "type": "Feature",
      "properties": {
        "@id": "node/2461016483",
        "name": "Mambo",
        "place": "village",
        "source": "WRI_2005"
      },
      "geometry": {
        "type": "Point",
        "coordinates": [
          9.8134216,
          5.5425874
        ]
      },
      "id": "node/2461016483"
    },
    {
      "type": "Feature",
      "properties": {
        "@id": "node/2461016543",
        "name": "Manyemen",
        "place": "village",
        "source": "WRI_2005"
      },
      "geometry": {
        "type": "Point",
        "coordinates": [
          9.4000983,
          5.2155804
        ]
      },
      "id": "node/2461016543"
    },
    {
      "type": "Feature",
      "properties": {
        "@id": "node/2461016579",
        "name": "Mbakang",
        "place": "village",
        "source": "WRI_2005"
      },
      "geometry": {
        "type": "Point",
        "coordinates": [
          9.1511254,
          5.6767137
        ]
      },
      "id": "node/2461016579"
    },
    {
      "type": "Feature",
      "properties": {
        "@id": "node/2461016580",
        "name": "Mbakem",
        "place": "village",
        "source": "WRI_2005"
      },
      "geometry": {
        "type": "Point",
        "coordinates": [
          9.2388903,
          5.9465794
        ]
      },
      "id": "node/2461016580"
    },
    {
      "type": "Feature",
      "properties": {
        "@id": "node/2461016589",
        "name": "Mbanga Pongo",
        "place": "village",
        "source": "WRI_2005"
      },
      "geometry": {
        "type": "Point",
        "coordinates": [
          9.8184747,
          5.6265535
        ]
      },
      "id": "node/2461016589"
    },
    {
      "type": "Feature",
      "properties": {
        "@id": "node/2461016610",
        "name": "Mbiamesu",
        "place": "village",
        "source": "WRI_2005"
      },
      "geometry": {
        "type": "Point",
        "coordinates": [
          9.3361702,
          5.9806578
        ]
      },
      "id": "node/2461016610"
    },
    {
      "type": "Feature",
      "properties": {
        "@id": "node/2461016615",
        "name": "Mbinjong",
        "place": "village",
        "source": "WRI_2005"
      },
      "geometry": {
        "type": "Point",
        "coordinates": [
          9.4716735,
          5.6521763
        ]
      },
      "id": "node/2461016615"
    },
    {
      "type": "Feature",
      "properties": {
        "@id": "node/2461016616",
        "name": "Mbio",
        "place": "village",
        "source": "WRI_2005"
      },
      "geometry": {
        "type": "Point",
        "coordinates": [
          9.5257195,
          5.6089427
        ]
      },
      "id": "node/2461016616"
    },
    {
      "type": "Feature",
      "properties": {
        "@id": "node/2461016623",
        "name": "Mboka",
        "place": "village",
        "source": "WRI_2005"
      },
      "geometry": {
        "type": "Point",
        "coordinates": [
          9.4277349,
          5.2989767
        ]
      },
      "id": "node/2461016623"
    },
    {
      "type": "Feature",
      "properties": {
        "@id": "node/2461016624",
        "name": "Mbokem",
        "place": "village",
        "source": "WRI_2005"
      },
      "geometry": {
        "type": "Point",
        "coordinates": [
          9.7341763,
          5.2949164
        ]
      },
      "id": "node/2461016624"
    },
    {
      "type": "Feature",
      "properties": {
        "@id": "node/2461016628",
        "name": "Mbomo",
        "place": "village",
        "source": "WRI_2005"
      },
      "geometry": {
        "type": "Point",
        "coordinates": [
          9.77615,
          5.7556005
        ]
      },
      "id": "node/2461016628"
    },
    {
      "type": "Feature",
      "properties": {
        "@id": "node/2461016671",
        "name": "Mesing Bakebe",
        "place": "village",
        "source": "WRI_2005"
      },
      "geometry": {
        "type": "Point",
        "coordinates": [
          9.5479659,
          5.5882739
        ]
      },
      "id": "node/2461016671"
    },
    {
      "type": "Feature",
      "properties": {
        "@id": "node/2461016704",
        "name": "Mfuni",
        "place": "village",
        "source": "WRI_2005"
      },
      "geometry": {
        "type": "Point",
        "coordinates": [
          9.2545804,
          5.6572931
        ]
      },
      "id": "node/2461016704"
    },
    {
      "type": "Feature",
      "properties": {
        "@id": "node/2461016705",
        "name": "Mgbagati",
        "place": "village",
        "source": "WRI_2005"
      },
      "geometry": {
        "type": "Point",
        "coordinates": [
          9.2023566,
          5.4035729
        ]
      },
      "id": "node/2461016705"
    },
    {
      "type": "Feature",
      "properties": {
        "@id": "node/2461016738",
        "name": "Mpumba Tali",
        "place": "village",
        "source": "WRI_2005"
      },
      "geometry": {
        "type": "Point",
        "coordinates": [
          9.6405253,
          5.5684139
        ]
      },
      "id": "node/2461016738"
    },
    {
      "type": "Feature",
      "properties": {
        "@id": "node/2461016743",
        "name": "Mukoyong",
        "place": "village",
        "source": "WRI_2005"
      },
      "geometry": {
        "type": "Point",
        "coordinates": [
          9.3953554,
          5.8447776
        ]
      },
      "id": "node/2461016743"
    },
    {
      "type": "Feature",
      "properties": {
        "@id": "node/2461016745",
        "name": "Mungo Ndor",
        "place": "village",
        "source": "WRI_2005"
      },
      "geometry": {
        "type": "Point",
        "coordinates": [
          9.5151428,
          5.2202497
        ]
      },
      "id": "node/2461016745"
    },
    {
      "type": "Feature",
      "properties": {
        "@id": "node/2461016764",
        "name": "Nchang",
        "place": "village",
        "source": "WRI_2005"
      },
      "geometry": {
        "type": "Point",
        "coordinates": [
          9.2697658,
          5.6962931
        ]
      },
      "id": "node/2461016764"
    },
    {
      "type": "Feature",
      "properties": {
        "@id": "node/2461016766",
        "name": "Nchemba II",
        "place": "village",
        "population": "352",
        "source": "WRI_2005",
        "wikidata": "Q60848778",
        "wikipedia": "fr:Nchemba II"
      },
      "geometry": {
        "type": "Point",
        "coordinates": [
          9.5167889,
          5.7233347
        ]
      },
      "id": "node/2461016766"
    },
    {
      "type": "Feature",
      "properties": {
        "@id": "node/2461016800",
        "name": "Nfaitok",
        "place": "village",
        "source": "WRI_2005"
      },
      "geometry": {
        "type": "Point",
        "coordinates": [
          9.4912712,
          5.4594399
        ]
      },
      "id": "node/2461016800"
    },
    {
      "type": "Feature",
      "properties": {
        "@id": "node/2461016954",
        "name": "Nkang",
        "place": "village",
        "source": "WRI_2005"
      },
      "geometry": {
        "type": "Point",
        "coordinates": [
          9.7963097,
          5.3010748
        ]
      },
      "id": "node/2461016954"
    },
    {
      "type": "Feature",
      "properties": {
        "@id": "node/2461016961",
        "name": "Nkong",
        "place": "village",
        "source": "WRI_2005"
      },
      "geometry": {
        "type": "Point",
        "coordinates": [
          9.9052926,
          5.5829126
        ]
      },
      "id": "node/2461016961"
    },
    {
      "type": "Feature",
      "properties": {
        "@id": "node/2461016988",
        "name": "Nkpot",
        "place": "village",
        "source": "WRI_2005"
      },
      "geometry": {
        "type": "Point",
        "coordinates": [
          9.2224538,
          5.6854681
        ]
      },
      "id": "node/2461016988"
    },
    {
      "type": "Feature",
      "properties": {
        "@id": "node/2461016994",
        "name": "Nsanaragati",
        "place": "village",
        "population": "649",
        "source": "WRI_2005",
        "wikidata": "Q60848702",
        "wikipedia": "fr:Nsanaragati"
      },
      "geometry": {
        "type": "Point",
        "coordinates": [
          8.9077692,
          5.8623185
        ]
      },
      "id": "node/2461016994"
    },
    {
      "type": "Feature",
      "properties": {
        "@id": "node/2461017000",
        "name": "Ntenako",
        "place": "village",
        "source": "WRI_2005"
      },
      "geometry": {
        "type": "Point",
        "coordinates": [
          9.2914861,
          5.6773169
        ]
      },
      "id": "node/2461017000"
    },
    {
      "type": "Feature",
      "properties": {
        "@id": "node/2461017001",
        "name": "Ntenmbang",
        "place": "village",
        "source": "WRI_2005"
      },
      "geometry": {
        "type": "Point",
        "coordinates": [
          9.5347488,
          5.4710682
        ]
      },
      "id": "node/2461017001"
    },
    {
      "type": "Feature",
      "properties": {
        "@id": "node/2461017028",
        "name": "Numba Mile 49",
        "place": "village",
        "population": "1000",
        "source": "WRI_2005"
      },
      "geometry": {
        "type": "Point",
        "coordinates": [
          9.7155999,
          5.8416943
        ]
      },
      "id": "node/2461017028"
    },
    {
      "type": "Feature",
      "properties": {
        "@id": "node/2461017048",
        "name": "Nyang",
        "place": "village",
        "source": "WRI_2005"
      },
      "geometry": {
        "type": "Point",
        "coordinates": [
          9.4225571,
          5.9506848
        ]
      },
      "id": "node/2461017048"
    },
    {
      "type": "Feature",
      "properties": {
        "@id": "node/2461017082",
        "name": "Nyen",
        "place": "village",
        "source": "WRI_2005"
      },
      "geometry": {
        "type": "Point",
        "coordinates": [
          9.9429143,
          5.7439607
        ]
      },
      "id": "node/2461017082"
    },
    {
      "type": "Feature",
      "properties": {
        "@id": "node/2461017087",
        "name": "Nyeneba",
        "place": "village",
        "source": "WRI_2005"
      },
      "geometry": {
        "type": "Point",
        "coordinates": [
          9.8548685,
          5.7167108
        ]
      },
      "id": "node/2461017087"
    },
    {
      "type": "Feature",
      "properties": {
        "@id": "node/2461017095",
        "name": "Obang",
        "place": "village",
        "source": "WRI_2005"
      },
      "geometry": {
        "type": "Point",
        "coordinates": [
          9.4054158,
          5.6572571
        ]
      },
      "id": "node/2461017095"
    },
    {
      "type": "Feature",
      "properties": {
        "@id": "node/2461017112",
        "name": "Obang",
        "place": "village",
        "source": "WRI_2005"
      },
      "geometry": {
        "type": "Point",
        "coordinates": [
          9.1361887,
          5.921372
        ]
      },
      "id": "node/2461017112"
    },
    {
      "type": "Feature",
      "properties": {
        "@id": "node/2461017129",
        "name": "Ogomoko",
        "place": "village",
        "source": "WRI_2005"
      },
      "geometry": {
        "type": "Point",
        "coordinates": [
          9.1875899,
          5.6674558
        ]
      },
      "id": "node/2461017129"
    },
    {
      "type": "Feature",
      "properties": {
        "@id": "node/2461017133",
        "name": "Okoyong",
        "place": "village",
        "source": "WRI_2005"
      },
      "geometry": {
        "type": "Point",
        "coordinates": [
          9.3506502,
          5.7254964
        ]
      },
      "id": "node/2461017133"
    },
    {
      "type": "Feature",
      "properties": {
        "@id": "node/2461017141",
        "name": "Okuri",
        "place": "village",
        "source": "WRI_2005"
      },
      "geometry": {
        "type": "Point",
        "coordinates": [
          8.8468306,
          5.4413144
        ]
      },
      "id": "node/2461017141"
    },
    {
      "type": "Feature",
      "properties": {
        "@id": "node/2461017146",
        "name": "Old Bechati",
        "place": "village",
        "source": "WRI_2005"
      },
      "geometry": {
        "type": "Point",
        "coordinates": [
          9.9696246,
          5.6748243
        ]
      },
      "id": "node/2461017146"
    },
    {
      "type": "Feature",
      "properties": {
        "@id": "node/2461017257",
        "name": "Sabes",
        "place": "village",
        "source": "WRI_2005"
      },
      "geometry": {
        "type": "Point",
        "coordinates": [
          9.8649228,
          5.6461579
        ]
      },
      "id": "node/2461017257"
    },
    {
      "type": "Feature",
      "properties": {
        "@id": "node/2461017394",
        "name": "Taiyor I",
        "place": "village",
        "source": "WRI_2005"
      },
      "geometry": {
        "type": "Point",
        "coordinates": [
          9.7075805,
          5.5963996
        ]
      },
      "id": "node/2461017394"
    },
    {
      "type": "Feature",
      "properties": {
        "@id": "node/2461017396",
        "name": "Taiyor II",
        "place": "village",
        "source": "WRI_2005"
      },
      "geometry": {
        "type": "Point",
        "coordinates": [
          9.7183711,
          5.6104003
        ]
      },
      "id": "node/2461017396"
    },
    {
      "type": "Feature",
      "properties": {
        "@id": "node/2461017398",
        "name": "Takwai",
        "place": "village",
        "source": "WRI_2005"
      },
      "geometry": {
        "type": "Point",
        "coordinates": [
          9.802936,
          5.5529582
        ]
      },
      "id": "node/2461017398"
    },
    {
      "type": "Feature",
      "properties": {
        "@id": "node/2461017401",
        "name": "Talangaye",
        "place": "village",
        "source": "WRI_2005"
      },
      "geometry": {
        "type": "Point",
        "coordinates": [
          9.3118445,
          5.6293719
        ]
      },
      "id": "node/2461017401"
    },
    {
      "type": "Feature",
      "properties": {
        "@id": "node/2461017404",
        "name": "Tali Chang",
        "place": "village",
        "source": "WRI_2005"
      },
      "geometry": {
        "type": "Point",
        "coordinates": [
          9.6916068,
          5.5841646
        ]
      },
      "id": "node/2461017404"
    },
    {
      "type": "Feature",
      "properties": {
        "@id": "node/2461017407",
        "name": "Tali I",
        "place": "village",
        "source": "WRI_2005"
      },
      "geometry": {
        "type": "Point",
        "coordinates": [
          9.6544152,
          5.5753175
        ]
      },
      "id": "node/2461017407"
    },
    {
      "type": "Feature",
      "properties": {
        "@id": "node/2461017411",
        "name": "Tali II",
        "place": "village",
        "source": "WRI_2005"
      },
      "geometry": {
        "type": "Point",
        "coordinates": [
          9.6749681,
          5.5873454
        ]
      },
      "id": "node/2461017411"
    },
    {
      "type": "Feature",
      "properties": {
        "@id": "node/2461017419",
        "ethnc_grps": "mbo",
        "name": "Tangang",
        "place": "village",
        "source": "WRI_2005"
      },
      "geometry": {
        "type": "Point",
        "coordinates": [
          9.7169932,
          5.4092014
        ]
      },
      "id": "node/2461017419"
    },
    {
      "type": "Feature",
      "properties": {
        "@id": "node/2461017578",
        "name": "Tinto Mbu",
        "place": "village",
        "source": "WRI_2005"
      },
      "geometry": {
        "type": "Point",
        "coordinates": [
          9.5648817,
          5.5674979
        ]
      },
      "id": "node/2461017578"
    },
    {
      "type": "Feature",
      "properties": {
        "@id": "node/2461017893",
        "name": "Yamo",
        "place": "village",
        "source": "WRI_2005"
      },
      "geometry": {
        "type": "Point",
        "coordinates": [
          9.5463587,
          5.7232667
        ]
      },
      "id": "node/2461017893"
    },
    {
      "type": "Feature",
      "properties": {
        "@id": "node/2467813700",
        "name": "Baduma",
        "place": "village",
        "source": "WRI_2005"
      },
      "geometry": {
        "type": "Point",
        "coordinates": [
          9.4607515,
          4.8315764
        ]
      },
      "id": "node/2467813700"
    },
    {
      "type": "Feature",
      "properties": {
        "@id": "node/2467813701",
        "name": "Bafaka",
        "place": "village",
        "source": "WRI_2005"
      },
      "geometry": {
        "type": "Point",
        "coordinates": [
          9.1601487,
          4.7260425
        ]
      },
      "id": "node/2467813701"
    },
    {
      "type": "Feature",
      "properties": {
        "@id": "node/2467813702",
        "name": "Bai Bikom",
        "place": "village",
        "source": "WRI_2005"
      },
      "geometry": {
        "type": "Point",
        "coordinates": [
          9.3347811,
          4.554888
        ]
      },
      "id": "node/2467813702"
    },
    {
      "type": "Feature",
      "properties": {
        "@id": "node/2467813704",
        "name": "Bai Estate",
        "place": "village",
        "source": "WRI_2005"
      },
      "geometry": {
        "type": "Point",
        "coordinates": [
          9.1360914,
          4.4729346
        ]
      },
      "id": "node/2467813704"
    },
    {
      "type": "Feature",
      "properties": {
        "@id": "node/2467813705",
        "name": "Bai Foe",
        "place": "village",
        "source": "WRI_2005"
      },
      "geometry": {
        "type": "Point",
        "coordinates": [
          9.2092524,
          4.4728286
        ]
      },
      "id": "node/2467813705"
    },
    {
      "type": "Feature",
      "properties": {
        "@id": "node/2467813710",
        "name": "Bai Grass",
        "place": "village",
        "source": "WRI_2005"
      },
      "geometry": {
        "type": "Point",
        "coordinates": [
          9.1933841,
          4.4659253
        ]
      },
      "id": "node/2467813710"
    },
    {
      "type": "Feature",
      "properties": {
        "@id": "node/2467813713",
        "name": "Bai Longe",
        "place": "village",
        "source": "WRI_2005"
      },
      "geometry": {
        "type": "Point",
        "coordinates": [
          9.2530321,
          4.4858351
        ]
      },
      "id": "node/2467813713"
    },
    {
      "type": "Feature",
      "properties": {
        "@id": "node/2467813717",
        "name": "Bai Manya",
        "place": "village",
        "source": "WRI_2005"
      },
      "geometry": {
        "type": "Point",
        "coordinates": [
          9.2977166,
          4.5200405
        ]
      },
      "id": "node/2467813717"
    },
    {
      "type": "Feature",
      "properties": {
        "@id": "node/2467813722",
        "name": "Bai Panya",
        "place": "village",
        "source": "WRI_2005"
      },
      "geometry": {
        "type": "Point",
        "coordinates": [
          9.331522,
          4.539846
        ]
      },
      "id": "node/2467813722"
    },
    {
      "type": "Feature",
      "properties": {
        "@id": "node/2467813739",
        "name": "Bakole",
        "place": "village",
        "source": "WRI_2005"
      },
      "geometry": {
        "type": "Point",
        "coordinates": [
          9.5091258,
          4.957258
        ]
      },
      "id": "node/2467813739"
    },
    {
      "type": "Feature",
      "properties": {
        "@id": "node/2467813743",
        "name": "Bakossi",
        "place": "village",
        "source": "WRI_2005"
      },
      "geometry": {
        "type": "Point",
        "coordinates": [
          9.4927239,
          4.642921
        ]
      },
      "id": "node/2467813743"
    },
    {
      "type": "Feature",
      "properties": {
        "@id": "node/2467813745",
        "name": "Bakossi",
        "place": "village",
        "source": "WRI_2005"
      },
      "geometry": {
        "type": "Point",
        "coordinates": [
          9.5118695,
          4.6614768
        ]
      },
      "id": "node/2467813745"
    },
    {
      "type": "Feature",
      "properties": {
        "@id": "node/2467813747",
        "name": "Bakumba",
        "place": "village",
        "source": "WRI_2005"
      },
      "geometry": {
        "type": "Point",
        "coordinates": [
          9.2814863,
          4.7721979
        ]
      },
      "id": "node/2467813747"
    },
    {
      "type": "Feature",
      "properties": {
        "@id": "node/2467813749",
        "name": "Bakundu Foe",
        "place": "village",
        "source": "WRI_2005"
      },
      "geometry": {
        "type": "Point",
        "coordinates": [
          9.2224421,
          4.4690924
        ]
      },
      "id": "node/2467813749"
    },
    {
      "type": "Feature",
      "properties": {
        "@id": "node/2467813757",
        "name": "Bambele",
        "place": "village",
        "source": "WRI_2005"
      },
      "geometry": {
        "type": "Point",
        "coordinates": [
          9.5887862,
          4.7977844
        ]
      },
      "id": "node/2467813757"
    },
    {
      "type": "Feature",
      "properties": {
        "@id": "node/2467813758",
        "name": "Bambuko",
        "place": "village",
        "source": "WRI_2005"
      },
      "geometry": {
        "type": "Point",
        "coordinates": [
          9.122301,
          4.4389026
        ]
      },
      "id": "node/2467813758"
    },
    {
      "type": "Feature",
      "properties": {
        "@id": "node/2467813766",
        "name": "Banga Bekele",
        "place": "village",
        "source": "WRI_2005"
      },
      "geometry": {
        "type": "Point",
        "coordinates": [
          9.4455149,
          4.3998945
        ]
      },
      "id": "node/2467813766"
    },
    {
      "type": "Feature",
      "properties": {
        "@id": "node/2467813774",
        "name": "Barombi Kang",
        "place": "village",
        "source": "WRI_2005"
      },
      "geometry": {
        "type": "Point",
        "coordinates": [
          9.4574788,
          4.6065211
        ]
      },
      "id": "node/2467813774"
    },
    {
      "type": "Feature",
      "properties": {
        "@id": "node/2467813777",
        "name": "Barombi Mokoko",
        "place": "village",
        "source": "WRI_2005"
      },
      "geometry": {
        "type": "Point",
        "coordinates": [
          9.0760349,
          4.4919908
        ]
      },
      "id": "node/2467813777"
    },
    {
      "type": "Feature",
      "properties": {
        "@id": "node/2467813778",
        "name": "Basseng",
        "place": "village",
        "source": "WRI_2005"
      },
      "geometry": {
        "type": "Point",
        "coordinates": [
          9.7111383,
          4.9254697
        ]
      },
      "id": "node/2467813778"
    },
    {
      "type": "Feature",
      "properties": {
        "@id": "node/2467813781",
        "name": "Bavenga",
        "place": "village",
        "source": "WRI_2005"
      },
      "geometry": {
        "type": "Point",
        "coordinates": [
          9.3300312,
          4.3256429
        ]
      },
      "id": "node/2467813781"
    },
    {
      "type": "Feature",
      "properties": {
        "@id": "node/2467813783",
        "name": "Bekatako",
        "place": "village",
        "source": "WRI_2005"
      },
      "geometry": {
        "type": "Point",
        "coordinates": [
          9.0924793,
          4.6497764
        ]
      },
      "id": "node/2467813783"
    },
    {
      "type": "Feature",
      "properties": {
        "@id": "node/2467813784",
        "name": "Bekoli",
        "place": "village",
        "source": "WRI_2005"
      },
      "geometry": {
        "type": "Point",
        "coordinates": [
          9.3564189,
          4.853247
        ]
      },
      "id": "node/2467813784"
    },
    {
      "type": "Feature",
      "properties": {
        "@id": "node/2467813785",
        "name": "Big Bekondo",
        "place": "village",
        "source": "WRI_2005"
      },
      "geometry": {
        "type": "Point",
        "coordinates": [
          9.3204662,
          4.6824338
        ]
      },
      "id": "node/2467813785"
    },
    {
      "type": "Feature",
      "properties": {
        "@id": "node/2467813788",
        "name": "Bekume",
        "place": "village",
        "source": "WRI_2005"
      },
      "geometry": {
        "type": "Point",
        "coordinates": [
          9.6702304,
          4.8756457
        ]
      },
      "id": "node/2467813788"
    },
    {
      "type": "Feature",
      "properties": {
        "@id": "node/2467813789",
        "name": "Bekumu",
        "place": "village",
        "source": "WRI_2005"
      },
      "geometry": {
        "type": "Point",
        "coordinates": [
          8.8888411,
          4.3824793
        ]
      },
      "id": "node/2467813789"
    },
    {
      "type": "Feature",
      "properties": {
        "@id": "node/2467813796",
        "name": "Betenge",
        "place": "village",
        "source": "WRI_2005"
      },
      "geometry": {
        "type": "Point",
        "coordinates": [
          9.2296344,
          4.8330736
        ]
      },
      "id": "node/2467813796"
    },
    {
      "type": "Feature",
      "properties": {
        "@id": "node/2467813798",
        "name": "Betika",
        "place": "village",
        "source": "WRI_2005"
      },
      "geometry": {
        "type": "Point",
        "coordinates": [
          8.920567,
          4.306303
        ]
      },
      "id": "node/2467813798"
    },
    {
      "type": "Feature",
      "properties": {
        "@id": "node/2467813814",
        "name": "Big Ngwandi",
        "place": "village",
        "source": "WRI_2005"
      },
      "geometry": {
        "type": "Point",
        "coordinates": [
          9.2316123,
          4.783162
        ]
      },
      "id": "node/2467813814"
    },
    {
      "type": "Feature",
      "properties": {
        "@id": "node/2467813817",
        "name": "Bikoki",
        "place": "village",
        "source": "WRI_2005"
      },
      "geometry": {
        "type": "Point",
        "coordinates": [
          9.2839658,
          4.7438739
        ]
      },
      "id": "node/2467813817"
    },
    {
      "type": "Feature",
      "properties": {
        "@id": "node/2467813822",
        "name": "Bissoro",
        "place": "village",
        "source": "WRI_2005"
      },
      "geometry": {
        "type": "Point",
        "coordinates": [
          9.1735491,
          4.7528311
        ]
      },
      "id": "node/2467813822"
    },
    {
      "type": "Feature",
      "properties": {
        "@id": "node/2467813823",
        "name": "Boa",
        "place": "village",
        "source": "WRI_2005"
      },
      "geometry": {
        "type": "Point",
        "coordinates": [
          8.9734983,
          4.4301113
        ]
      },
      "id": "node/2467813823"
    },
    {
      "type": "Feature",
      "properties": {
        "@id": "node/2467813824",
        "name": "Boa",
        "place": "village",
        "source": "WRI_2005"
      },
      "geometry": {
        "type": "Point",
        "coordinates": [
          9.3014324,
          4.6221431
        ]
      },
      "id": "node/2467813824"
    },
    {
      "type": "Feature",
      "properties": {
        "@id": "node/2467813826",
        "name": "Boa",
        "place": "village",
        "source": "WRI_2005"
      },
      "geometry": {
        "type": "Point",
        "coordinates": [
          9.3387715,
          4.6290914
        ]
      },
      "id": "node/2467813826"
    },
    {
      "type": "Feature",
      "properties": {
        "@id": "node/2467813829",
        "name": "Bogongo",
        "place": "village",
        "source": "WRI_2005"
      },
      "geometry": {
        "type": "Point",
        "coordinates": [
          9.1008204,
          4.5773873
        ]
      },
      "id": "node/2467813829"
    },
    {
      "type": "Feature",
      "properties": {
        "@id": "node/2467813830",
        "name": "Bokoko",
        "place": "village",
        "source": "WRI_2005"
      },
      "geometry": {
        "type": "Point",
        "coordinates": [
          9.2707471,
          4.1543436
        ]
      },
      "id": "node/2467813830"
    },
    {
      "type": "Feature",
      "properties": {
        "@id": "node/2467813831",
        "name": "Bokwai",
        "place": "village",
        "source": "WRI_2005"
      },
      "geometry": {
        "type": "Point",
        "coordinates": [
          9.2699715,
          4.1701626
        ]
      },
      "id": "node/2467813831"
    },
    {
      "type": "Feature",
      "properties": {
        "@id": "node/2467813833",
        "name": "Bole",
        "place": "village",
        "source": "WRI_2005"
      },
      "geometry": {
        "type": "Point",
        "coordinates": [
          9.2512527,
          4.5476109
        ]
      },
      "id": "node/2467813833"
    },
    {
      "type": "Feature",
      "properties": {
        "@id": "node/2467813835",
        "name": "Bolifamba",
        "place": "village",
        "source": "WRI_2005"
      },
      "geometry": {
        "type": "Point",
        "coordinates": [
          9.3113582,
          4.1362197
        ]
      },
      "id": "node/2467813835"
    },
    {
      "type": "Feature",
      "properties": {
        "@id": "node/2467813836",
        "name": "Bolo Moboka",
        "place": "village",
        "source": "WRI_2005"
      },
      "geometry": {
        "type": "Point",
        "coordinates": [
          9.4589471,
          4.8630202
        ]
      },
      "id": "node/2467813836"
    },
    {
      "type": "Feature",
      "properties": {
        "@id": "node/2467813837",
        "name": "Bomana Bakweri",
        "place": "village",
        "source": "WRI_2005"
      },
      "geometry": {
        "type": "Point",
        "coordinates": [
          9.0609256,
          4.2835985
        ]
      },
      "id": "node/2467813837"
    },
    {
      "type": "Feature",
      "properties": {
        "@id": "node/2467813839",
        "name": "Bombe",
        "place": "village",
        "source": "WRI_2005"
      },
      "geometry": {
        "type": "Point",
        "coordinates": [
          9.4674039,
          4.4424301
        ]
      },
      "id": "node/2467813839"
    },
    {
      "type": "Feature",
      "properties": {
        "@id": "node/2467813840",
        "name": "Bombele",
        "place": "village",
        "source": "WRI_2005"
      },
      "geometry": {
        "type": "Point",
        "coordinates": [
          9.2498258,
          4.6709624
        ]
      },
      "id": "node/2467813840"
    },
    {
      "type": "Feature",
      "properties": {
        "@id": "node/2467813844",
        "name": "Bona",
        "place": "village",
        "source": "WRI_2005"
      },
      "geometry": {
        "type": "Point",
        "coordinates": [
          9.2085488,
          4.7884006
        ]
      },
      "id": "node/2467813844"
    },
    {
      "type": "Feature",
      "properties": {
        "@id": "node/2467813850",
        "name": "Bonakanda",
        "place": "village",
        "source": "WRI_2005"
      },
      "geometry": {
        "type": "Point",
        "coordinates": [
          9.2737666,
          4.2060835
        ]
      },
      "id": "node/2467813850"
    },
    {
      "type": "Feature",
      "properties": {
        "@id": "node/2467813884",
        "name": "Boniamavio",
        "place": "village",
        "source": "WRI_2005"
      },
      "geometry": {
        "type": "Point",
        "coordinates": [
          9.3235425,
          4.1507958
        ]
      },
      "id": "node/2467813884"
    },
    {
      "type": "Feature",
      "properties": {
        "@id": "node/2467813887",
        "name": "Bonji",
        "place": "village",
        "source": "WRI_2005"
      },
      "geometry": {
        "type": "Point",
        "coordinates": [
          9.1936574,
          4.7981453
        ]
      },
      "id": "node/2467813887"
    },
    {
      "type": "Feature",
      "properties": {
        "@id": "node/2467813898",
        "name": "Bopo",
        "place": "village",
        "source": "WRI_2005"
      },
      "geometry": {
        "type": "Point",
        "coordinates": [
          9.3878388,
          4.4871619
        ]
      },
      "id": "node/2467813898"
    },
    {
      "type": "Feature",
      "properties": {
        "@id": "node/2467813910",
        "name": "Bova",
        "place": "village",
        "source": "WRI_2005"
      },
      "geometry": {
        "type": "Point",
        "coordinates": [
          9.2632094,
          4.1871444
        ]
      },
      "id": "node/2467813910"
    },
    {
      "type": "Feature",
      "properties": {
        "@id": "node/2467813912",
        "name": "Bowanda",
        "place": "village",
        "source": "WRI_2005"
      },
      "geometry": {
        "type": "Point",
        "coordinates": [
          9.3211494,
          4.1413881
        ]
      },
      "id": "node/2467813912"
    },
    {
      "type": "Feature",
      "properties": {
        "@id": "node/2467813914",
        "name": "Buba I",
        "place": "village",
        "source": "WRI_2005"
      },
      "geometry": {
        "type": "Point",
        "coordinates": [
          9.6302932,
          4.6354941
        ]
      },
      "id": "node/2467813914"
    },
    {
      "type": "Feature",
      "properties": {
        "@id": "node/2467813915",
        "name": "Buba Mile 6",
        "place": "village",
        "source": "WRI_2005"
      },
      "geometry": {
        "type": "Point",
        "coordinates": [
          9.6116502,
          4.6340663
        ]
      },
      "id": "node/2467813915"
    },
    {
      "type": "Feature",
      "properties": {
        "@id": "node/2467813916",
        "name": "Buba Waterfall",
        "place": "village",
        "source": "WRI_2005"
      },
      "geometry": {
        "type": "Point",
        "coordinates": [
          9.5794559,
          4.629126
        ]
      },
      "id": "node/2467813916"
    },
    {
      "type": "Feature",
      "properties": {
        "@id": "node/2467813918",
        "name": "Bulutu",
        "place": "village",
        "source": "WRI_2005"
      },
      "geometry": {
        "type": "Point",
        "coordinates": [
          9.601617,
          4.7882764
        ]
      },
      "id": "node/2467813918"
    },
    {
      "type": "Feature",
      "properties": {
        "@id": "node/2467813919",
        "name": "Butu",
        "place": "village",
        "source": "WRI_2005"
      },
      "geometry": {
        "type": "Point",
        "coordinates": [
          9.3243965,
          4.7798999
        ]
      },
      "id": "node/2467813919"
    },
    {
      "type": "Feature",
      "properties": {
        "@id": "node/2467813924",
        "name": "Bwassa",
        "place": "village",
        "source": "WRI_2005"
      },
      "geometry": {
        "type": "Point",
        "coordinates": [
          9.2116141,
          4.1158514
        ]
      },
      "id": "node/2467813924"
    },
    {
      "type": "Feature",
      "properties": {
        "@id": "node/2467813925",
        "name": "Bwenga",
        "place": "village",
        "source": "WRI_2005"
      },
      "geometry": {
        "type": "Point",
        "coordinates": [
          9.3417317,
          4.0402904
        ]
      },
      "id": "node/2467813925"
    },
    {
      "type": "Feature",
      "properties": {
        "@id": "node/2467813932",
        "name": "Dchang",
        "place": "village",
        "source": "WRI_2005"
      },
      "geometry": {
        "type": "Point",
        "coordinates": [
          9.4773602,
          4.6176942
        ]
      },
      "id": "node/2467813932"
    },
    {
      "type": "Feature",
      "properties": {
        "@id": "node/2467813935",
        "name": "Dikome-Balue",
        "place": "village",
        "source": "WRI_2005"
      },
      "geometry": {
        "type": "Point",
        "coordinates": [
          9.1754624,
          4.7772539
        ]
      },
      "id": "node/2467813935"
    },
    {
      "type": "Feature",
      "properties": {
        "@id": "node/2467813938",
        "name": "Dienyi",
        "place": "village",
        "source": "WRI_2005"
      },
      "geometry": {
        "type": "Point",
        "coordinates": [
          9.2157086,
          4.6263222
        ]
      },
      "id": "node/2467813938"
    },
    {
      "type": "Feature",
      "properties": {
        "@id": "node/2467813940",
        "name": "Dikome Bafaw",
        "place": "village",
        "source": "WRI_2005"
      },
      "geometry": {
        "type": "Point",
        "coordinates": [
          9.4616383,
          4.9647216
        ]
      },
      "id": "node/2467813940"
    },
    {
      "type": "Feature",
      "properties": {
        "@id": "node/2467813941",
        "name": "Dikome Balue",
        "place": "village",
        "source": "WRI_2005"
      },
      "geometry": {
        "type": "Point",
        "coordinates": [
          9.2570161,
          4.8992728
        ]
      },
      "id": "node/2467813941"
    },
    {
      "type": "Feature",
      "properties": {
        "@id": "node/2467813942",
        "name": "Dikome",
        "place": "village",
        "source": "WRI_2005"
      },
      "geometry": {
        "type": "Point",
        "coordinates": [
          9.0036422,
          4.4832887
        ]
      },
      "id": "node/2467813942"
    },
    {
      "type": "Feature",
      "properties": {
        "@id": "node/2467813947",
        "name": "Dubange",
        "place": "village",
        "source": "WRI_2005"
      },
      "geometry": {
        "type": "Point",
        "coordinates": [
          9.431641,
          4.9737979
        ]
      },
      "id": "node/2467813947"
    },
    {
      "type": "Feature",
      "properties": {
        "@id": "node/2467813950",
        "name": "Ebie",
        "place": "village",
        "source": "WRI_2005"
      },
      "geometry": {
        "type": "Point",
        "coordinates": [
          9.1527963,
          4.4199008
        ]
      },
      "id": "node/2467813950"
    },
    {
      "type": "Feature",
      "properties": {
        "@id": "node/2467813951",
        "name": "Ebobe",
        "place": "village",
        "source": "WRI_2005"
      },
      "geometry": {
        "type": "Point",
        "coordinates": [
          9.2340309,
          4.8396684
        ]
      },
      "id": "node/2467813951"
    },
    {
      "type": "Feature",
      "properties": {
        "@id": "node/2467813952",
        "name": "Eboko Bajok",
        "place": "village",
        "source": "WRI_2005"
      },
      "geometry": {
        "type": "Point",
        "coordinates": [
          9.50993,
          4.9700381
        ]
      },
      "id": "node/2467813952"
    },
    {
      "type": "Feature",
      "properties": {
        "@id": "node/2467813953",
        "name": "Ebonji",
        "place": "village",
        "source": "WRI_2005"
      },
      "geometry": {
        "type": "Point",
        "coordinates": [
          9.6053801,
          4.7226309
        ]
      },
      "id": "node/2467813953"
    },
    {
      "type": "Feature",
      "properties": {
        "@id": "node/2467813954",
        "name": "Ebubu",
        "place": "village",
        "source": "WRI_2005"
      },
      "geometry": {
        "type": "Point",
        "coordinates": [
          9.6603526,
          4.7150753
        ]
      },
      "id": "node/2467813954"
    },
    {
      "type": "Feature",
      "properties": {
        "@id": "node/2467813955",
        "name": "Edib",
        "place": "village",
        "source": "WRI_2005"
      },
      "geometry": {
        "type": "Point",
        "coordinates": [
          9.6714793,
          4.9616329
        ]
      },
      "id": "node/2467813955"
    },
    {
      "type": "Feature",
      "properties": {
        "@id": "node/2467813956",
        "name": "Ediki Mbonge",
        "place": "village",
        "source": "WRI_2005"
      },
      "geometry": {
        "type": "Point",
        "coordinates": [
          9.4296813,
          4.7988167
        ]
      },
      "id": "node/2467813956"
    },
    {
      "type": "Feature",
      "properties": {
        "@id": "node/2467813957",
        "name": "Ediki",
        "place": "village",
        "source": "WRI_2005"
      },
      "geometry": {
        "type": "Point",
        "coordinates": [
          9.4621648,
          4.5375691
        ]
      },
      "id": "node/2467813957"
    },
    {
      "type": "Feature",
      "properties": {
        "@id": "node/2467813958",
        "name": "Efolofo",
        "place": "village",
        "source": "WRI_2005"
      },
      "geometry": {
        "type": "Point",
        "coordinates": [
          9.0906674,
          4.3609722
        ]
      },
      "id": "node/2467813958"
    },
    {
      "type": "Feature",
      "properties": {
        "@id": "node/2467813959",
        "name": "Ehom",
        "place": "village",
        "source": "WRI_2005"
      },
      "geometry": {
        "type": "Point",
        "coordinates": [
          9.6105219,
          4.7481398
        ]
      },
      "id": "node/2467813959"
    },
    {
      "type": "Feature",
      "properties": {
        "@id": "node/2467813966",
        "name": "Ekombe Bonji",
        "place": "village",
        "source": "WRI_2005"
      },
      "geometry": {
        "type": "Point",
        "coordinates": [
          9.3617813,
          4.6038827
        ]
      },
      "id": "node/2467813966"
    },
    {
      "type": "Feature",
      "properties": {
        "@id": "node/2467813972",
        "name": "Ekona Lelu",
        "place": "village",
        "source": "WRI_2005"
      },
      "geometry": {
        "type": "Point",
        "coordinates": [
          9.3019519,
          4.2731147
        ]
      },
      "id": "node/2467813972"
    },
    {
      "type": "Feature",
      "properties": {
        "@id": "node/2467813973",
        "name": "Ekona Mbenge",
        "place": "village",
        "source": "WRI_2005"
      },
      "geometry": {
        "type": "Point",
        "coordinates": [
          9.3348554,
          4.2302649
        ]
      },
      "id": "node/2467813973"
    },
    {
      "type": "Feature",
      "properties": {
        "@id": "node/2467813974",
        "name": "Ekona Yard",
        "place": "village",
        "source": "WRI_2005"
      },
      "geometry": {
        "type": "Point",
        "coordinates": [
          9.3351587,
          4.2146139
        ]
      },
      "id": "node/2467813974"
    },
    {
      "type": "Feature",
      "properties": {
        "@id": "node/2467813975",
        "name": "Ekondo Nene",
        "place": "village",
        "source": "WRI_2005"
      },
      "geometry": {
        "type": "Point",
        "coordinates": [
          8.9649528,
          4.6887473
        ]
      },
      "id": "node/2467813975"
    },
    {
      "type": "Feature",
      "properties": {
        "@id": "node/2467813977",
        "name": "Ekonjo",
        "place": "village",
        "source": "WRI_2005"
      },
      "geometry": {
        "type": "Point",
        "coordinates": [
          9.1617702,
          4.0622585
        ]
      },
      "id": "node/2467813977"
    },
    {
      "type": "Feature",
      "properties": {
        "@id": "node/2467813981",
        "name": "Ekumbe Mofako",
        "place": "village",
        "source": "WRI_2005"
      },
      "geometry": {
        "type": "Point",
        "coordinates": [
          9.0941447,
          4.4775821
        ]
      },
      "id": "node/2467813981"
    },
    {
      "type": "Feature",
      "properties": {
        "@id": "node/2467813983",
        "name": "Ekwe",
        "place": "village",
        "source": "WRI_2005"
      },
      "geometry": {
        "type": "Point",
        "coordinates": [
          9.1642845,
          4.6887848
        ]
      },
      "id": "node/2467813983"
    },
    {
      "type": "Feature",
      "properties": {
        "@id": "node/2467813985",
        "name": "Essossong",
        "place": "village",
        "source": "WRI_2005"
      },
      "geometry": {
        "type": "Point",
        "coordinates": [
          9.7270184,
          4.8573611
        ]
      },
      "id": "node/2467813985"
    },
    {
      "type": "Feature",
      "properties": {
        "@id": "node/2467813986",
        "name": "Etam",
        "place": "village",
        "source": "WRI_2005"
      },
      "geometry": {
        "type": "Point",
        "coordinates": [
          9.5463573,
          4.7207128
        ]
      },
      "id": "node/2467813986"
    },
    {
      "type": "Feature",
      "properties": {
        "@id": "node/2467813988",
        "name": "Ewonda",
        "place": "village",
        "source": "WRI_2005"
      },
      "geometry": {
        "type": "Point",
        "coordinates": [
          9.2543719,
          4.1769192
        ]
      },
      "id": "node/2467813988"
    },
    {
      "type": "Feature",
      "properties": {
        "@id": "node/2467814004",
        "name": "Ifanga Nalende",
        "place": "village",
        "source": "WRI_2005"
      },
      "geometry": {
        "type": "Point",
        "coordinates": [
          9.3385678,
          4.9272044
        ]
      },
      "id": "node/2467814004"
    },
    {
      "type": "Feature",
      "properties": {
        "@id": "node/2467814005",
        "name": "Ifanga Ya Onya",
        "place": "village",
        "source": "WRI_2005"
      },
      "geometry": {
        "type": "Point",
        "coordinates": [
          9.3059537,
          4.9360421
        ]
      },
      "id": "node/2467814005"
    },
    {
      "type": "Feature",
      "properties": {
        "@id": "node/2467814006",
        "name": "Ikange",
        "place": "village",
        "source": "WRI_2005"
      },
      "geometry": {
        "type": "Point",
        "coordinates": [
          9.3976658,
          4.0939455
        ]
      },
      "id": "node/2467814006"
    },
    {
      "type": "Feature",
      "properties": {
        "@id": "node/2467814008",
        "name": "Ikiliwindi Mile 10",
        "place": "village",
        "source": "WRI_2005"
      },
      "geometry": {
        "type": "Point",
        "coordinates": [
          9.4901919,
          4.7266043
        ]
      },
      "id": "node/2467814008"
    },
    {
      "type": "Feature",
      "properties": {
        "@id": "node/2467814009",
        "name": "Ikiliwindi Mile 12",
        "place": "village",
        "source": "WRI_2005"
      },
      "geometry": {
        "type": "Point",
        "coordinates": [
          9.4860405,
          4.7510562
        ]
      },
      "id": "node/2467814009"
    },
    {
      "type": "Feature",
      "properties": {
        "@id": "node/2467814010",
        "name": "Iloani",
        "place": "village",
        "source": "WRI_2005"
      },
      "geometry": {
        "type": "Point",
        "coordinates": [
          9.0243441,
          4.5056153
        ]
      },
      "id": "node/2467814010"
    },
    {
      "type": "Feature",
      "properties": {
        "@id": "node/2467814013",
        "name": "Inodo",
        "place": "village",
        "source": "WRI_2005"
      },
      "geometry": {
        "type": "Point",
        "coordinates": [
          8.8844629,
          4.4392995
        ]
      },
      "id": "node/2467814013"
    },
    {
      "type": "Feature",
      "properties": {
        "@id": "node/2467814017",
        "name": "Kak",
        "place": "village",
        "source": "WRI_2005"
      },
      "geometry": {
        "type": "Point",
        "coordinates": [
          9.7120176,
          4.8823683
        ]
      },
      "id": "node/2467814017"
    },
    {
      "type": "Feature",
      "properties": {
        "@id": "node/2467814018",
        "name": "Kake",
        "place": "village",
        "source": "WRI_2005"
      },
      "geometry": {
        "type": "Point",
        "coordinates": [
          9.415473,
          4.6233722
        ]
      },
      "id": "node/2467814018"
    },
    {
      "type": "Feature",
      "properties": {
        "@id": "node/2467814019",
        "name": "Kita",
        "place": "village",
        "source": "WRI_2005"
      },
      "geometry": {
        "type": "Point",
        "coordinates": [
          9.0329919,
          4.6868791
        ]
      },
      "id": "node/2467814019"
    },
    {
      "type": "Feature",
      "properties": {
        "@id": "node/2467814023",
        "name": "Kombo Mokoko",
        "place": "village",
        "source": "WRI_2005"
      },
      "geometry": {
        "type": "Point",
        "coordinates": [
          8.9026043,
          4.4841202
        ]
      },
      "id": "node/2467814023"
    },
    {
      "type": "Feature",
      "properties": {
        "@id": "node/2467814027",
        "name": "Kombone Bataw",
        "place": "village",
        "source": "WRI_2005"
      },
      "geometry": {
        "type": "Point",
        "coordinates": [
          9.4313273,
          4.9876851
        ]
      },
      "id": "node/2467814027"
    },
    {
      "type": "Feature",
      "properties": {
        "@id": "node/2467814030",
        "name": "Kombone",
        "place": "village",
        "source": "WRI_2005"
      },
      "geometry": {
        "type": "Point",
        "coordinates": [
          9.3024161,
          4.5832189
        ]
      },
      "id": "node/2467814030"
    },
    {
      "type": "Feature",
      "properties": {
        "@id": "node/2467814034",
        "name": "Kongwe",
        "place": "village",
        "source": "WRI_2005"
      },
      "geometry": {
        "type": "Point",
        "coordinates": [
          9.5224411,
          4.1221337
        ]
      },
      "id": "node/2467814034"
    },
    {
      "type": "Feature",
      "properties": {
        "@id": "node/2467814037",
        "name": "Kosse",
        "place": "village",
        "source": "WRI_2005"
      },
      "geometry": {
        "type": "Point",
        "coordinates": [
          9.0400913,
          4.3447061
        ]
      },
      "id": "node/2467814037"
    },
    {
      "type": "Feature",
      "properties": {
        "@id": "node/2467814038",
        "name": "Koto I",
        "place": "village",
        "source": "WRI_2005"
      },
      "geometry": {
        "type": "Point",
        "coordinates": [
          9.0733152,
          4.3462585
        ]
      },
      "id": "node/2467814038"
    },
    {
      "type": "Feature",
      "properties": {
        "@id": "node/2467814039",
        "name": "Koto II",
        "place": "village",
        "source": "WRI_2005"
      },
      "geometry": {
        "type": "Point",
        "coordinates": [
          9.0646594,
          4.3206062
        ]
      },
      "id": "node/2467814039"
    },
    {
      "type": "Feature",
      "properties": {
        "@id": "node/2467814044",
        "name": "Kukaka",
        "place": "village",
        "source": "WRI_2005"
      },
      "geometry": {
        "type": "Point",
        "coordinates": [
          9.4743324,
          4.9157698
        ]
      },
      "id": "node/2467814044"
    },
    {
      "type": "Feature",
      "properties": {
        "@id": "node/2467814045",
        "name": "Kuke Bova",
        "place": "village",
        "source": "WRI_2005"
      },
      "geometry": {
        "type": "Point",
        "coordinates": [
          9.2614468,
          4.4976312
        ]
      },
      "id": "node/2467814045"
    },
    {
      "type": "Feature",
      "properties": {
        "@id": "node/2467814046",
        "name": "Kumbe Balue",
        "place": "village",
        "source": "WRI_2005"
      },
      "geometry": {
        "type": "Point",
        "coordinates": [
          9.2095179,
          4.6953061
        ]
      },
      "id": "node/2467814046"
    },
    {
      "type": "Feature",
      "properties": {
        "@id": "node/2467814047",
        "name": "Kumin",
        "place": "village",
        "source": "WRI_2005"
      },
      "geometry": {
        "type": "Point",
        "coordinates": [
          9.7042199,
          4.9894598
        ]
      },
      "id": "node/2467814047"
    },
    {
      "type": "Feature",
      "properties": {
        "@id": "node/2467814048",
        "name": "Kumukumu",
        "place": "village",
        "source": "WRI_2005"
      },
      "geometry": {
        "type": "Point",
        "coordinates": [
          9.2418868,
          4.6522315
        ]
      },
      "id": "node/2467814048"
    },
    {
      "type": "Feature",
      "properties": {
        "@id": "node/2467814049",
        "name": "Kurume",
        "place": "village",
        "source": "WRI_2005"
      },
      "geometry": {
        "type": "Point",
        "coordinates": [
          9.4714974,
          4.8975271
        ]
      },
      "id": "node/2467814049"
    },
    {
      "type": "Feature",
      "properties": {
        "@id": "node/2467814054",
        "name": "Likoki",
        "place": "village",
        "source": "WRI_2005"
      },
      "geometry": {
        "type": "Point",
        "coordinates": [
          9.447539,
          4.1856141
        ]
      },
      "id": "node/2467814054"
    },
    {
      "type": "Feature",
      "properties": {
        "@id": "node/2467814057",
        "name": "Likombe",
        "place": "village",
        "source": "WRI_2005"
      },
      "geometry": {
        "type": "Point",
        "coordinates": [
          9.1996219,
          4.1063788
        ]
      },
      "id": "node/2467814057"
    },
    {
      "type": "Feature",
      "properties": {
        "@id": "node/2467814058",
        "name": "Liongo",
        "place": "village",
        "source": "WRI_2005"
      },
      "geometry": {
        "type": "Point",
        "coordinates": [
          8.9563002,
          4.4075245
        ]
      },
      "id": "node/2467814058"
    },
    {
      "type": "Feature",
      "properties": {
        "@id": "node/2467814060",
        "name": "Lipenja Village",
        "name:fr": "Village Lipenja",
        "place": "village",
        "source": "WRI_2005"
      },
      "geometry": {
        "type": "Point",
        "coordinates": [
          9.0914897,
          4.6428688
        ]
      },
      "id": "node/2467814060"
    },
    {
      "type": "Feature",
      "properties": {
        "@id": "node/2467814061",
        "name": "Lipenja",
        "place": "village",
        "source": "WRI_2005"
      },
      "geometry": {
        "type": "Point",
        "coordinates": [
          9.321525,
          4.7932611
        ]
      },
      "id": "node/2467814061"
    },
    {
      "type": "Feature",
      "properties": {
        "@id": "node/2467814063",
        "name": "Lissoka",
        "place": "village",
        "source": "WRI_2005"
      },
      "geometry": {
        "type": "Point",
        "coordinates": [
          9.3029847,
          4.2139223
        ]
      },
      "id": "node/2467814063"
    },
    {
      "type": "Feature",
      "properties": {
        "@id": "node/2467814064",
        "name": "Lissombe",
        "place": "village",
        "source": "WRI_2005"
      },
      "geometry": {
        "type": "Point",
        "coordinates": [
          9.043636,
          4.3766186
        ]
      },
      "id": "node/2467814064"
    },
    {
      "type": "Feature",
      "properties": {
        "@id": "node/2467814066",
        "name": "Liwenyi",
        "place": "village",
        "source": "WRI_2005"
      },
      "geometry": {
        "type": "Point",
        "coordinates": [
          9.0122117,
          4.372241
        ]
      },
      "id": "node/2467814066"
    },
    {
      "type": "Feature",
      "properties": {
        "@id": "node/2467814067",
        "name": "Loe",
        "place": "village",
        "source": "WRI_2005"
      },
      "geometry": {
        "type": "Point",
        "coordinates": [
          8.9388715,
          4.7323952
        ]
      },
      "id": "node/2467814067"
    },
    {
      "type": "Feature",
      "properties": {
        "@id": "node/2467814070",
        "name": "Luhangi",
        "place": "village",
        "source": "WRI_2005"
      },
      "geometry": {
        "type": "Point",
        "coordinates": [
          9.3648992,
          4.9365149
        ]
      },
      "id": "node/2467814070"
    },
    {
      "type": "Feature",
      "properties": {
        "@id": "node/2467814071",
        "name": "Mabalebele",
        "place": "village",
        "source": "WRI_2005"
      },
      "geometry": {
        "type": "Point",
        "coordinates": [
          8.9606304,
          4.779647
        ]
      },
      "id": "node/2467814071"
    },
    {
      "type": "Feature",
      "properties": {
        "@id": "node/2467814076",
        "name": "Mabonji",
        "place": "village",
        "source": "WRI_2005"
      },
      "geometry": {
        "type": "Point",
        "coordinates": [
          9.4789053,
          4.5695592
        ]
      },
      "id": "node/2467814076"
    },
    {
      "type": "Feature",
      "properties": {
        "@id": "node/2467814077",
        "name": "Mahole",
        "place": "village",
        "source": "WRI_2005"
      },
      "geometry": {
        "type": "Point",
        "coordinates": [
          9.6161661,
          4.8232505
        ]
      },
      "id": "node/2467814077"
    },
    {
      "type": "Feature",
      "properties": {
        "@id": "node/2467814102",
        "name": "Malende",
        "place": "village",
        "source": "WRI_2005"
      },
      "geometry": {
        "type": "Point",
        "coordinates": [
          9.4320091,
          4.3453914
        ]
      },
      "id": "node/2467814102"
    },
    {
      "type": "Feature",
      "properties": {
        "@id": "node/2467814107",
        "name": "Malende",
        "place": "village",
        "source": "WRI_2005"
      },
      "geometry": {
        "type": "Point",
        "coordinates": [
          9.4905567,
          4.5991399
        ]
      },
      "id": "node/2467814107"
    },
    {
      "type": "Feature",
      "properties": {
        "@id": "node/2467814123",
        "name": "Mamu",
        "place": "village",
        "source": "WRI_2005"
      },
      "geometry": {
        "type": "Point",
        "coordinates": [
          9.3199298,
          4.2051954
        ]
      },
      "id": "node/2467814123"
    },
    {
      "type": "Feature",
      "properties": {
        "@id": "node/2467814146",
        "name": "Manga",
        "place": "village",
        "source": "WRI_2005"
      },
      "geometry": {
        "type": "Point",
        "coordinates": [
          9.4403356,
          4.1108345
        ]
      },
      "id": "node/2467814146"
    },
    {
      "type": "Feature",
      "properties": {
        "@id": "node/2467814174",
        "name": "Marumba I",
        "place": "village",
        "source": "WRI_2005"
      },
      "geometry": {
        "type": "Point",
        "coordinates": [
          9.3426651,
          4.5878306
        ]
      },
      "id": "node/2467814174"
    },
    {
      "type": "Feature",
      "properties": {
        "@id": "node/2467814178",
        "name": "Marumba II",
        "place": "village",
        "source": "WRI_2005"
      },
      "geometry": {
        "type": "Point",
        "coordinates": [
          9.3411907,
          4.5714864
        ]
      },
      "id": "node/2467814178"
    },
    {
      "type": "Feature",
      "properties": {
        "@id": "node/2467814181",
        "name": "Massaka I",
        "place": "village",
        "source": "WRI_2005"
      },
      "geometry": {
        "type": "Point",
        "coordinates": [
          9.2936541,
          4.6898523
        ]
      },
      "id": "node/2467814181"
    },
    {
      "type": "Feature",
      "properties": {
        "@id": "node/2467814185",
        "name": "Masuma",
        "place": "village",
        "source": "WRI_2005"
      },
      "geometry": {
        "type": "Point",
        "coordinates": [
          9.3630333,
          4.2777582
        ]
      },
      "id": "node/2467814185"
    },
    {
      "type": "Feature",
      "properties": {
        "@id": "node/2467814193",
        "name": "Matondo I",
        "place": "village",
        "source": "WRI_2005"
      },
      "geometry": {
        "type": "Point",
        "coordinates": [
          9.4591204,
          4.8164748
        ]
      },
      "id": "node/2467814193"
    },
    {
      "type": "Feature",
      "properties": {
        "@id": "node/2467814195",
        "name": "Matondo II",
        "place": "village",
        "source": "WRI_2005",
        "wikidata": "Q25390471"
      },
      "geometry": {
        "type": "Point",
        "coordinates": [
          9.390668,
          4.864376
        ]
      },
      "id": "node/2467814195"
    },
    {
      "type": "Feature",
      "properties": {
        "@id": "node/2467814196",
        "name": "Mator Butu",
        "place": "village",
        "source": "WRI_2005"
      },
      "geometry": {
        "type": "Point",
        "coordinates": [
          9.3988244,
          4.7639886
        ]
      },
      "id": "node/2467814196"
    },
    {
      "type": "Feature",
      "properties": {
        "@id": "node/2467814199",
        "name": "Matute",
        "place": "village",
        "source": "WRI_2005"
      },
      "geometry": {
        "type": "Point",
        "coordinates": [
          9.4238623,
          4.1123877
        ]
      },
      "id": "node/2467814199"
    },
    {
      "type": "Feature",
      "properties": {
        "@id": "node/2467814200",
        "name": "Mbabe",
        "place": "village",
        "source": "WRI_2005"
      },
      "geometry": {
        "type": "Point",
        "coordinates": [
          9.6502036,
          4.8126841
        ]
      },
      "id": "node/2467814200"
    },
    {
      "type": "Feature",
      "properties": {
        "@id": "node/2467814203",
        "name": "Mbalangi",
        "place": "village",
        "source": "WRI_2005"
      },
      "geometry": {
        "type": "Point",
        "coordinates": [
          9.4614816,
          4.5021789
        ]
      },
      "id": "node/2467814203"
    },
    {
      "type": "Feature",
      "properties": {
        "@id": "node/2467814214",
        "name": "Mbogmut",
        "place": "village",
        "source": "WRI_2005"
      },
      "geometry": {
        "type": "Point",
        "coordinates": [
          9.680651,
          4.9499475
        ]
      },
      "id": "node/2467814214"
    },
    {
      "type": "Feature",
      "properties": {
        "@id": "node/2467814220",
        "name": "Mbonge - Meteke II",
        "place": "village",
        "source": "WRI_2005"
      },
      "geometry": {
        "type": "Point",
        "coordinates": [
          9.4267312,
          4.739026
        ]
      },
      "id": "node/2467814220"
    },
    {
      "type": "Feature",
      "properties": {
        "@id": "node/2467814222",
        "name": "Mbonge Mateke I",
        "place": "village",
        "source": "WRI_2005"
      },
      "geometry": {
        "type": "Point",
        "coordinates": [
          9.3858367,
          4.7977528
        ]
      },
      "id": "node/2467814222"
    },
    {
      "type": "Feature",
      "properties": {
        "@id": "node/2467814224",
        "name": "Mbongo",
        "place": "village",
        "source": "WRI_2005"
      },
      "geometry": {
        "type": "Point",
        "coordinates": [
          8.9866604,
          4.4604728
        ]
      },
      "id": "node/2467814224"
    },
    {
      "type": "Feature",
      "properties": {
        "@id": "node/2467814225",
        "alt_name": "Mbongé",
        "name": "Mbongé",
        "place": "village",
        "source": "WRI_2005"
      },
      "geometry": {
        "type": "Point",
        "coordinates": [
          9.1053635,
          4.5329847
        ]
      },
      "id": "node/2467814225"
    },
    {
      "type": "Feature",
      "properties": {
        "@id": "node/2467814228",
        "name": "Mbule",
        "place": "village",
        "source": "WRI_2005",
        "wikidata": "Q6799804"
      },
      "geometry": {
        "type": "Point",
        "coordinates": [
          9.6650301,
          4.8065918
        ]
      },
      "id": "node/2467814228"
    },
    {
      "type": "Feature",
      "properties": {
        "@id": "node/2467814229",
        "name": "Meanja",
        "place": "village",
        "source": "WRI_2005"
      },
      "geometry": {
        "type": "Point",
        "coordinates": [
          9.3942524,
          4.2653417
        ]
      },
      "id": "node/2467814229"
    },
    {
      "type": "Feature",
      "properties": {
        "@id": "node/2467814231",
        "name": "Mekedaku",
        "place": "village",
        "source": "WRI_2005"
      },
      "geometry": {
        "type": "Point",
        "coordinates": [
          9.6821509,
          4.90564
        ]
      },
      "id": "node/2467814231"
    },
    {
      "type": "Feature",
      "properties": {
        "@id": "node/2467814232",
        "name": "Mekedembeng",
        "place": "village",
        "source": "WRI_2005"
      },
      "geometry": {
        "type": "Point",
        "coordinates": [
          9.6769971,
          4.8931659
        ]
      },
      "id": "node/2467814232"
    },
    {
      "type": "Feature",
      "properties": {
        "@id": "node/2467814233",
        "name": "Mekom",
        "place": "village",
        "source": "WRI_2005"
      },
      "geometry": {
        "type": "Point",
        "coordinates": [
          9.5313951,
          4.9436915
        ]
      },
      "id": "node/2467814233"
    },
    {
      "type": "Feature",
      "properties": {
        "@id": "node/2467814235",
        "name": "Mekoma",
        "place": "village",
        "source": "WRI_2005"
      },
      "geometry": {
        "type": "Point",
        "coordinates": [
          9.2095708,
          4.8203874
        ]
      },
      "id": "node/2467814235"
    },
    {
      "type": "Feature",
      "properties": {
        "@id": "node/2467814237",
        "name": "Menyum",
        "place": "village",
        "source": "WRI_2005"
      },
      "geometry": {
        "type": "Point",
        "coordinates": [
          9.6108767,
          5.0036466
        ]
      },
      "id": "node/2467814237"
    },
    {
      "type": "Feature",
      "properties": {
        "@id": "node/2467814238",
        "name": "Messaka",
        "place": "village",
        "source": "WRI_2005"
      },
      "geometry": {
        "type": "Point",
        "coordinates": [
          9.6043366,
          4.9793888
        ]
      },
      "id": "node/2467814238"
    },
    {
      "type": "Feature",
      "properties": {
        "@id": "node/2467814240",
        "name": "Metoko Ma Bekondo",
        "place": "village",
        "source": "WRI_2005"
      },
      "geometry": {
        "type": "Point",
        "coordinates": [
          9.19835,
          4.6086738
        ]
      },
      "id": "node/2467814240"
    },
    {
      "type": "Feature",
      "properties": {
        "@id": "node/2467814244",
        "name": "Misaka",
        "place": "village",
        "source": "WRI_2005"
      },
      "geometry": {
        "type": "Point",
        "coordinates": [
          9.5170848,
          4.1864235
        ]
      },
      "id": "node/2467814244"
    },
    {
      "type": "Feature",
      "properties": {
        "@id": "node/2467814246",
        "name": "Modeka",
        "place": "village",
        "source": "WRI_2005"
      },
      "geometry": {
        "type": "Point",
        "coordinates": [
          9.4957424,
          4.1347024
        ]
      },
      "id": "node/2467814246"
    },
    {
      "type": "Feature",
      "properties": {
        "@id": "node/2467814248",
        "name": "Mofako",
        "place": "village",
        "source": "WRI_2005"
      },
      "geometry": {
        "type": "Point",
        "coordinates": [
          9.2543307,
          4.8529059
        ]
      },
      "id": "node/2467814248"
    },
    {
      "type": "Feature",
      "properties": {
        "@id": "node/2467814249",
        "name": "Mokara Tanda",
        "place": "village",
        "source": "WRI_2005"
      },
      "geometry": {
        "type": "Point",
        "coordinates": [
          8.9012772,
          4.5085036
        ]
      },
      "id": "node/2467814249"
    },
    {
      "type": "Feature",
      "properties": {
        "@id": "node/2467814250",
        "name": "Moko",
        "place": "village",
        "source": "WRI_2005"
      },
      "geometry": {
        "type": "Point",
        "coordinates": [
          9.4715007,
          4.1566778
        ]
      },
      "id": "node/2467814250"
    },
    {
      "type": "Feature",
      "properties": {
        "@id": "node/2467814252",
        "name": "Mokona",
        "place": "village",
        "source": "WRI_2005"
      },
      "geometry": {
        "type": "Point",
        "coordinates": [
          9.163536,
          4.6270183
        ]
      },
      "id": "node/2467814252"
    },
    {
      "type": "Feature",
      "properties": {
        "@id": "node/2467814255",
        "name": "Mokundange",
        "place": "village",
        "source": "WRI_2005",
        "wikidata": "Q24249968"
      },
      "geometry": {
        "type": "Point",
        "coordinates": [
          9.125085,
          4.018615
        ]
      },
      "id": "node/2467814255"
    },
    {
      "type": "Feature",
      "properties": {
        "@id": "node/2467814258",
        "name": "Molongo",
        "place": "village",
        "source": "WRI_2005"
      },
      "geometry": {
        "type": "Point",
        "coordinates": [
          9.5650809,
          4.9246576
        ]
      },
      "id": "node/2467814258"
    },
    {
      "type": "Feature",
      "properties": {
        "@id": "node/2467814261",
        "name": "Mondoni",
        "place": "village",
        "source": "WRI_2005"
      },
      "geometry": {
        "type": "Point",
        "coordinates": [
          9.4725155,
          4.1851828
        ]
      },
      "id": "node/2467814261"
    },
    {
      "type": "Feature",
      "properties": {
        "@id": "node/2467814262",
        "name": "Monkey Kombo",
        "place": "village",
        "source": "WRI_2005"
      },
      "geometry": {
        "type": "Point",
        "coordinates": [
          9.3832127,
          4.0537958
        ]
      },
      "id": "node/2467814262"
    },
    {
      "type": "Feature",
      "properties": {
        "@id": "node/2467814264",
        "name": "Monyange",
        "place": "village",
        "source": "WRI_2005"
      },
      "geometry": {
        "type": "Point",
        "coordinates": [
          8.9962629,
          4.7499798
        ]
      },
      "id": "node/2467814264"
    },
    {
      "type": "Feature",
      "properties": {
        "@id": "node/2467814265",
        "name": "Mosongosele Ngolo",
        "place": "village",
        "source": "WRI_2005"
      },
      "geometry": {
        "type": "Point",
        "coordinates": [
          8.9699901,
          4.7999088
        ]
      },
      "id": "node/2467814265"
    },
    {
      "type": "Feature",
      "properties": {
        "@id": "node/2467814267",
        "name": "Mossongo",
        "place": "village",
        "source": "WRI_2005"
      },
      "geometry": {
        "type": "Point",
        "coordinates": [
          8.9228192,
          4.3172193
        ]
      },
      "id": "node/2467814267"
    },
    {
      "type": "Feature",
      "properties": {
        "@id": "node/2467814277",
        "name": "Mowutu",
        "place": "village",
        "source": "WRI_2005"
      },
      "geometry": {
        "type": "Point",
        "coordinates": [
          9.3657721,
          4.2601122
        ]
      },
      "id": "node/2467814277"
    },
    {
      "type": "Feature",
      "properties": {
        "@id": "node/2467814280",
        "name": "Mpako",
        "place": "village",
        "source": "WRI_2005"
      },
      "geometry": {
        "type": "Point",
        "coordinates": [
          9.6967182,
          4.8635538
        ]
      },
      "id": "node/2467814280"
    },
    {
      "type": "Feature",
      "properties": {
        "@id": "node/2467814282",
        "name": "Mpundu",
        "place": "village",
        "source": "WRI_2005"
      },
      "geometry": {
        "type": "Point",
        "coordinates": [
          9.4094077,
          4.2339509
        ]
      },
      "id": "node/2467814282"
    },
    {
      "type": "Feature",
      "properties": {
        "@id": "node/2467814284",
        "name": "Muambong I",
        "place": "village",
        "source": "WRI_2005"
      },
      "geometry": {
        "type": "Point",
        "coordinates": [
          9.7196113,
          4.9470642
        ]
      },
      "id": "node/2467814284"
    },
    {
      "type": "Feature",
      "properties": {
        "@id": "node/2467814285",
        "name": "Muambong II",
        "place": "village",
        "source": "WRI_2005"
      },
      "geometry": {
        "type": "Point",
        "coordinates": [
          9.7220575,
          4.9573682
        ]
      },
      "id": "node/2467814285"
    },
    {
      "type": "Feature",
      "properties": {
        "@id": "node/2467814286",
        "name": "Muea",
        "place": "village",
        "source": "WRI_2005"
      },
      "geometry": {
        "type": "Point",
        "coordinates": [
          9.3071177,
          4.1703879
        ]
      },
      "id": "node/2467814286"
    },
    {
      "type": "Feature",
      "properties": {
        "@id": "node/2467814288",
        "name": "Mukonje",
        "place": "village",
        "source": "WRI_2005"
      },
      "geometry": {
        "type": "Point",
        "coordinates": [
          9.5086997,
          4.5785815
        ]
      },
      "id": "node/2467814288"
    },
    {
      "type": "Feature",
      "properties": {
        "@id": "node/2467814289",
        "name": "Mukoro",
        "place": "village",
        "source": "WRI_2005"
      },
      "geometry": {
        "type": "Point",
        "coordinates": [
          9.1937369,
          4.7379166
        ]
      },
      "id": "node/2467814289"
    },
    {
      "type": "Feature",
      "properties": {
        "@id": "node/2467814290",
        "name": "Mundame",
        "place": "village",
        "source": "WRI_2005"
      },
      "geometry": {
        "type": "Point",
        "coordinates": [
          9.3152829,
          4.252668
        ]
      },
      "id": "node/2467814290"
    },
    {
      "type": "Feature",
      "properties": {
        "@id": "node/2467814292",
        "name": "Mundame",
        "place": "village",
        "source": "WRI_2005",
        "wikidata": "Q6935722"
      },
      "geometry": {
        "type": "Point",
        "coordinates": [
          9.521047,
          4.554633
        ]
      },
      "id": "node/2467814292"
    },
    {
      "type": "Feature",
      "properties": {
        "@id": "node/2467814293",
        "name": "Mundongo",
        "place": "village",
        "source": "WRI_2005"
      },
      "geometry": {
        "type": "Point",
        "coordinates": [
          9.1285454,
          4.4056054
        ]
      },
      "id": "node/2467814293"
    },
    {
      "type": "Feature",
      "properties": {
        "@id": "node/2467814294",
        "name": "Munyange",
        "place": "village",
        "source": "WRI_2005"
      },
      "geometry": {
        "type": "Point",
        "coordinates": [
          9.1177049,
          4.400418
        ]
      },
      "id": "node/2467814294"
    },
    {
      "type": "Feature",
      "properties": {
        "@id": "node/2467814296",
        "name": "Muydip",
        "place": "village",
        "source": "WRI_2005"
      },
      "geometry": {
        "type": "Point",
        "coordinates": [
          9.7436225,
          4.9747906
        ]
      },
      "id": "node/2467814296"
    },
    {
      "type": "Feature",
      "properties": {
        "@id": "node/2467814301",
        "name": "Mweli",
        "place": "village",
        "source": "WRI_2005"
      },
      "geometry": {
        "type": "Point",
        "coordinates": [
          9.1055841,
          4.3867089
        ]
      },
      "id": "node/2467814301"
    },
    {
      "type": "Feature",
      "properties": {
        "@id": "node/2467814304",
        "name": "Nake Bongwana",
        "place": "village",
        "source": "WRI_2005"
      },
      "geometry": {
        "type": "Point",
        "coordinates": [
          9.2836484,
          4.56592
        ]
      },
      "id": "node/2467814304"
    },
    {
      "type": "Feature",
      "properties": {
        "@id": "node/2467814310",
        "name": "Ndikolo",
        "place": "village",
        "source": "WRI_2005"
      },
      "geometry": {
        "type": "Point",
        "coordinates": [
          9.3805497,
          4.9361138
        ]
      },
      "id": "node/2467814310"
    },
    {
      "type": "Feature",
      "properties": {
        "@id": "node/2467814321",
        "name": "Ndoi Bakundu",
        "place": "village",
        "source": "WRI_2005"
      },
      "geometry": {
        "type": "Point",
        "coordinates": [
          9.4749154,
          4.9280058
        ]
      },
      "id": "node/2467814321"
    },
    {
      "type": "Feature",
      "properties": {
        "@id": "node/2467814369",
        "name": "Ndongo",
        "place": "village",
        "source": "WRI_2005"
      },
      "geometry": {
        "type": "Point",
        "coordinates": [
          9.3504933,
          4.0793004
        ]
      },
      "id": "node/2467814369"
    },
    {
      "type": "Feature",
      "properties": {
        "@id": "node/2467814372",
        "name": "Ndonone",
        "place": "village",
        "source": "WRI_2005"
      },
      "geometry": {
        "type": "Point",
        "coordinates": [
          9.2565598,
          4.8349863
        ]
      },
      "id": "node/2467814372"
    },
    {
      "type": "Feature",
      "properties": {
        "@id": "node/2467814380",
        "name": "Ndum",
        "place": "village",
        "source": "WRI_2005"
      },
      "geometry": {
        "type": "Point",
        "coordinates": [
          9.7096899,
          4.8749078
        ]
      },
      "id": "node/2467814380"
    },
    {
      "type": "Feature",
      "properties": {
        "@id": "node/2467814381",
        "name": "New Butu",
        "place": "village",
        "source": "WRI_2005"
      },
      "geometry": {
        "type": "Point",
        "coordinates": [
          9.3225533,
          4.7365974
        ]
      },
      "id": "node/2467814381"
    },
    {
      "type": "Feature",
      "properties": {
        "@id": "node/2467814383",
        "name": "New Difenda",
        "place": "village",
        "source": "WRI_2005"
      },
      "geometry": {
        "type": "Point",
        "coordinates": [
          9.3734597,
          4.9379655
        ]
      },
      "id": "node/2467814383"
    },
    {
      "type": "Feature",
      "properties": {
        "@id": "node/2467814385",
        "name": "Ngab",
        "place": "village",
        "source": "WRI_2005",
        "wikidata": "Q7021831"
      },
      "geometry": {
        "type": "Point",
        "coordinates": [
          9.6557466,
          4.7673335
        ]
      },
      "id": "node/2467814385"
    },
    {
      "type": "Feature",
      "properties": {
        "@id": "node/2467814388",
        "name": "Nganjo Bolende",
        "place": "village",
        "source": "WRI_2005"
      },
      "geometry": {
        "type": "Point",
        "coordinates": [
          9.1564872,
          4.5778298
        ]
      },
      "id": "node/2467814388"
    },
    {
      "type": "Feature",
      "properties": {
        "@id": "node/2467814389",
        "name": "Nganjo",
        "place": "village",
        "source": "WRI_2005"
      },
      "geometry": {
        "type": "Point",
        "coordinates": [
          9.1350985,
          4.571247
        ]
      },
      "id": "node/2467814389"
    },
    {
      "type": "Feature",
      "properties": {
        "@id": "node/2467814394",
        "name": "Ngombombeng",
        "place": "village",
        "source": "WRI_2005"
      },
      "geometry": {
        "type": "Point",
        "coordinates": [
          9.7071579,
          4.9045292
        ]
      },
      "id": "node/2467814394"
    },
    {
      "type": "Feature",
      "properties": {
        "@id": "node/2467814397",
        "name": "Ngongo",
        "place": "village",
        "source": "WRI_2005"
      },
      "geometry": {
        "type": "Point",
        "coordinates": [
          9.2267739,
          4.5461939
        ]
      },
      "id": "node/2467814397"
    },
    {
      "type": "Feature",
      "properties": {
        "@id": "node/2467814400",
        "name": "Njangassa I",
        "place": "village",
        "source": "WRI_2005"
      },
      "geometry": {
        "type": "Point",
        "coordinates": [
          8.9242473,
          4.3300586
        ]
      },
      "id": "node/2467814400"
    },
    {
      "type": "Feature",
      "properties": {
        "@id": "node/2467814415",
        "name": "Nlog",
        "place": "village",
        "source": "WRI_2005"
      },
      "geometry": {
        "type": "Point",
        "coordinates": [
          9.695442,
          4.8774947
        ]
      },
      "id": "node/2467814415"
    },
    {
      "type": "Feature",
      "properties": {
        "@id": "node/2467814422",
        "name": "Nsuke",
        "place": "village",
        "source": "WRI_2005"
      },
      "geometry": {
        "type": "Point",
        "coordinates": [
          9.6507372,
          4.7913864
        ]
      },
      "id": "node/2467814422"
    },
    {
      "type": "Feature",
      "properties": {
        "@id": "node/2467814430",
        "name": "Nyandong",
        "place": "village",
        "source": "WRI_2005"
      },
      "geometry": {
        "type": "Point",
        "coordinates": [
          9.574843,
          4.9650802
        ]
      },
      "id": "node/2467814430"
    },
    {
      "type": "Feature",
      "properties": {
        "@id": "node/2467814432",
        "name": "Nyasoso",
        "place": "village",
        "source": "WRI_2005"
      },
      "geometry": {
        "type": "Point",
        "coordinates": [
          9.6810771,
          4.8319451
        ]
      },
      "id": "node/2467814432"
    },
    {
      "type": "Feature",
      "properties": {
        "@id": "node/2467814435",
        "name": "Old Ifanga",
        "place": "village",
        "source": "WRI_2005"
      },
      "geometry": {
        "type": "Point",
        "coordinates": [
          9.2814302,
          4.9398569
        ]
      },
      "id": "node/2467814435"
    },
    {
      "type": "Feature",
      "properties": {
        "@id": "node/2467814436",
        "name": "Owe",
        "place": "village",
        "source": "WRI_2005"
      },
      "geometry": {
        "type": "Point",
        "coordinates": [
          9.3828914,
          4.294998
        ]
      },
      "id": "node/2467814436"
    },
    {
      "type": "Feature",
      "properties": {
        "@id": "node/2467814441",
        "name": "Pete",
        "place": "village",
        "source": "WRI_2005"
      },
      "geometry": {
        "type": "Point",
        "coordinates": [
          9.3647909,
          4.5377798
        ]
      },
      "id": "node/2467814441"
    },
    {
      "type": "Feature",
      "properties": {
        "@id": "node/2467814445",
        "name": "Powo Camp",
        "place": "village",
        "source": "WRI_2005"
      },
      "geometry": {
        "type": "Point",
        "coordinates": [
          9.3635559,
          4.2368939
        ]
      },
      "id": "node/2467814445"
    },
    {
      "type": "Feature",
      "properties": {
        "@id": "node/2467814447",
        "name": "Pungo",
        "place": "village",
        "source": "WRI_2005"
      },
      "geometry": {
        "type": "Point",
        "coordinates": [
          9.4004126,
          4.1125751
        ]
      },
      "id": "node/2467814447"
    },
    {
      "type": "Feature",
      "properties": {
        "@id": "node/2467814453",
        "name": "Sanje",
        "place": "village",
        "source": "WRI_2005"
      },
      "geometry": {
        "type": "Point",
        "coordinates": [
          8.9773224,
          4.2384891
        ]
      },
      "id": "node/2467814453"
    },
    {
      "type": "Feature",
      "properties": {
        "@id": "node/2467814454",
        "name": "Sasse",
        "place": "village",
        "source": "WRI_2005"
      },
      "geometry": {
        "type": "Point",
        "coordinates": [
          9.2274789,
          4.1140877
        ]
      },
      "id": "node/2467814454"
    },
    {
      "type": "Feature",
      "properties": {
        "@id": "node/2467814457",
        "name": "Saxoenhof",
        "place": "village",
        "source": "WRI_2005"
      },
      "geometry": {
        "type": "Point",
        "coordinates": [
          9.2152855,
          4.0969936
        ]
      },
      "id": "node/2467814457"
    },
    {
      "type": "Feature",
      "properties": {
        "@id": "node/2467814459",
        "name": "Small Ekombe",
        "place": "village",
        "source": "WRI_2005"
      },
      "geometry": {
        "type": "Point",
        "coordinates": [
          9.3873239,
          4.6114382
        ]
      },
      "id": "node/2467814459"
    },
    {
      "type": "Feature",
      "properties": {
        "@id": "node/2467814460",
        "name": "Small Massaka",
        "place": "village",
        "source": "WRI_2005"
      },
      "geometry": {
        "type": "Point",
        "coordinates": [
          9.2853643,
          4.8043595
        ]
      },
      "id": "node/2467814460"
    },
    {
      "type": "Feature",
      "properties": {
        "@id": "node/2467814462",
        "name": "Small Moundu",
        "place": "village",
        "source": "WRI_2005"
      },
      "geometry": {
        "type": "Point",
        "coordinates": [
          9.3941497,
          4.2477752
        ]
      },
      "id": "node/2467814462"
    },
    {
      "type": "Feature",
      "properties": {
        "@id": "node/2467814463",
        "name": "Small Ngwandi",
        "place": "village",
        "source": "WRI_2005"
      },
      "geometry": {
        "type": "Point",
        "coordinates": [
          9.2470998,
          4.717128
        ]
      },
      "id": "node/2467814463"
    },
    {
      "type": "Feature",
      "properties": {
        "@id": "node/2467814464",
        "name": "Small Ngwandi",
        "place": "village",
        "source": "WRI_2005"
      },
      "geometry": {
        "type": "Point",
        "coordinates": [
          9.2569691,
          4.7307956
        ]
      },
      "id": "node/2467814464"
    },
    {
      "type": "Feature",
      "properties": {
        "@id": "node/2467814466",
        "name": "Small Sopo",
        "place": "village",
        "source": "WRI_2005"
      },
      "geometry": {
        "type": "Point",
        "coordinates": [
          9.2528489,
          4.1241065
        ]
      },
      "id": "node/2467814466"
    },
    {
      "type": "Feature",
      "properties": {
        "@id": "node/2467814471",
        "name": "Sone",
        "place": "village",
        "source": "WRI_2005"
      },
      "geometry": {
        "type": "Point",
        "coordinates": [
          9.3887243,
          4.103438
        ]
      },
      "id": "node/2467814471"
    },
    {
      "type": "Feature",
      "properties": {
        "@id": "node/2467814476",
        "name": "Tamben",
        "place": "village",
        "source": "WRI_2005"
      },
      "geometry": {
        "type": "Point",
        "coordinates": [
          9.3438681,
          4.113794
        ]
      },
      "id": "node/2467814476"
    },
    {
      "type": "Feature",
      "properties": {
        "@id": "node/2467814478",
        "name": "Three Corners Bekondo",
        "place": "village",
        "source": "WRI_2005"
      },
      "geometry": {
        "type": "Point",
        "coordinates": [
          9.3216869,
          4.6593182
        ]
      },
      "id": "node/2467814478"
    },
    {
      "type": "Feature",
      "properties": {
        "@id": "node/2467814480",
        "name": "Tole",
        "place": "village",
        "source": "WRI_2005"
      },
      "geometry": {
        "type": "Point",
        "coordinates": [
          9.2458106,
          4.1149041
        ]
      },
      "id": "node/2467814480"
    },
    {
      "type": "Feature",
      "properties": {
        "@id": "node/2467814487",
        "name": "Weme",
        "place": "village",
        "source": "WRI_2005"
      },
      "geometry": {
        "type": "Point",
        "coordinates": [
          9.1899633,
          4.7756844
        ]
      },
      "id": "node/2467814487"
    },
    {
      "type": "Feature",
      "properties": {
        "@id": "node/2467814488",
        "name": "Weme",
        "place": "village",
        "source": "WRI_2005"
      },
      "geometry": {
        "type": "Point",
        "coordinates": [
          9.4581405,
          4.8841555
        ]
      },
      "id": "node/2467814488"
    },
    {
      "type": "Feature",
      "properties": {
        "@id": "node/2467814504",
        "name": "Yoke",
        "place": "village",
        "source": "WRI_2005"
      },
      "geometry": {
        "type": "Point",
        "coordinates": [
          9.4342381,
          4.3111695
        ]
      },
      "id": "node/2467814504"
    },
    {
      "type": "Feature",
      "properties": {
        "@id": "node/2467972958",
        "name": "Akwa Abatin",
        "place": "village",
        "source": "WRI_2005"
      },
      "geometry": {
        "type": "Point",
        "coordinates": [
          8.813246,
          4.5730096
        ]
      },
      "id": "node/2467972958"
    },
    {
      "type": "Feature",
      "properties": {
        "@id": "node/2467972959",
        "name": "Archibong",
        "place": "village",
        "source": "WRI_2005"
      },
      "geometry": {
        "type": "Point",
        "coordinates": [
          8.6189186,
          4.8142627
        ]
      },
      "id": "node/2467972959"
    },
    {
      "type": "Feature",
      "properties": {
        "@id": "node/2467972960",
        "name": "Atakpara",
        "place": "village",
        "source": "WRI_2005"
      },
      "geometry": {
        "type": "Point",
        "coordinates": [
          8.5869969,
          4.6143686
        ]
      },
      "id": "node/2467972960"
    },
    {
      "type": "Feature",
      "properties": {
        "@id": "node/2467972965",
        "name": "Babensi II",
        "place": "village",
        "population": "210",
        "source": "WRI_2005 and PNDP 2011"
      },
      "geometry": {
        "type": "Point",
        "coordinates": [
          9.396922,
          5.1229307
        ]
      },
      "id": "node/2467972965"
    },
    {
      "type": "Feature",
      "properties": {
        "@id": "node/2467972966",
        "name": "Babubok",
        "place": "village",
        "source": "WRI_2005"
      },
      "geometry": {
        "type": "Point",
        "coordinates": [
          9.6548886,
          5.1597093
        ]
      },
      "id": "node/2467972966"
    },
    {
      "type": "Feature",
      "properties": {
        "@id": "node/2467972967",
        "name": "Bakingili",
        "place": "village",
        "source": "WRI_2005",
        "wikidata": "Q24255492"
      },
      "geometry": {
        "type": "Point",
        "coordinates": [
          9.034012,
          4.065111
        ]
      },
      "id": "node/2467972967"
    },
    {
      "type": "Feature",
      "properties": {
        "@id": "node/2467972971",
        "name": "Bambe",
        "place": "village",
        "source": "WRI_2005"
      },
      "geometry": {
        "type": "Point",
        "coordinates": [
          9.6252038,
          5.2043133
        ]
      },
      "id": "node/2467972971"
    },
    {
      "type": "Feature",
      "properties": {
        "@id": "node/2467972978",
        "name": "Bareka",
        "place": "village",
        "source": "WRI_2005"
      },
      "geometry": {
        "type": "Point",
        "coordinates": [
          8.9281163,
          4.8567772
        ]
      },
      "id": "node/2467972978"
    },
    {
      "type": "Feature",
      "properties": {
        "@id": "node/2467972985",
        "name": "Bekoko",
        "place": "village",
        "source": "WRI_2005"
      },
      "geometry": {
        "type": "Point",
        "coordinates": [
          8.8545736,
          4.9236454
        ]
      },
      "id": "node/2467972985"
    },
    {
      "type": "Feature",
      "properties": {
        "@id": "node/2467972987",
        "name": "Beoko",
        "place": "village",
        "source": "WRI_2005"
      },
      "geometry": {
        "type": "Point",
        "coordinates": [
          8.9513154,
          4.8477647
        ]
      },
      "id": "node/2467972987"
    },
    {
      "type": "Feature",
      "properties": {
        "@id": "node/2467972988",
        "name": "Beokoma",
        "place": "village",
        "source": "WRI_2005"
      },
      "geometry": {
        "type": "Point",
        "coordinates": [
          9.0941993,
          4.8714309
        ]
      },
      "id": "node/2467972988"
    },
    {
      "type": "Feature",
      "properties": {
        "@id": "node/2467972989",
        "name": "Besingi",
        "place": "village",
        "source": "WRI_2005"
      },
      "geometry": {
        "type": "Point",
        "coordinates": [
          8.9195323,
          4.9122996
        ]
      },
      "id": "node/2467972989"
    },
    {
      "type": "Feature",
      "properties": {
        "@id": "node/2467972995",
        "name": "Big Ekom",
        "place": "village",
        "source": "WRI_2005"
      },
      "geometry": {
        "type": "Point",
        "coordinates": [
          8.632889,
          4.6898837
        ]
      },
      "id": "node/2467972995"
    },
    {
      "type": "Feature",
      "properties": {
        "@id": "node/2467973051",
        "name": "Blask Bush",
        "place": "village",
        "source": "WRI_2005"
      },
      "geometry": {
        "type": "Point",
        "coordinates": [
          8.8958818,
          4.640481
        ]
      },
      "id": "node/2467973051"
    },
    {
      "type": "Feature",
      "properties": {
        "@id": "node/2467973055",
        "name": "Boa Ngolo",
        "place": "village",
        "source": "WRI_2005"
      },
      "geometry": {
        "type": "Point",
        "coordinates": [
          8.9755352,
          4.805961
        ]
      },
      "id": "node/2467973055"
    },
    {
      "type": "Feature",
      "properties": {
        "@id": "node/2467973057",
        "name": "Boa Yenge",
        "place": "village",
        "source": "WRI_2005"
      },
      "geometry": {
        "type": "Point",
        "coordinates": [
          9.1165713,
          4.8679937
        ]
      },
      "id": "node/2467973057"
    },
    {
      "type": "Feature",
      "properties": {
        "@id": "node/2467973115",
        "name": "Bossunga",
        "place": "village",
        "source": "WRI_2005"
      },
      "geometry": {
        "type": "Point",
        "coordinates": [
          9.1308276,
          4.841891
        ]
      },
      "id": "node/2467973115"
    },
    {
      "type": "Feature",
      "properties": {
        "@id": "node/2467973149",
        "name": "Bweme",
        "place": "village",
        "source": "WRI_2005"
      },
      "geometry": {
        "type": "Point",
        "coordinates": [
          9.1463064,
          4.922991
        ]
      },
      "id": "node/2467973149"
    },
    {
      "type": "Feature",
      "properties": {
        "@id": "node/2467973170",
        "name": "Debundsha",
        "place": "village",
        "source": "WRI_2005"
      },
      "geometry": {
        "type": "Point",
        "coordinates": [
          8.9867033,
          4.1084252
        ]
      },
      "id": "node/2467973170"
    },
    {
      "type": "Feature",
      "properties": {
        "@id": "node/2467973174",
        "name": "Dibonda II",
        "place": "village",
        "source": "WRI_2005"
      },
      "geometry": {
        "type": "Point",
        "coordinates": [
          9.1553368,
          5.0774483
        ]
      },
      "id": "node/2467973174"
    },
    {
      "type": "Feature",
      "properties": {
        "@id": "node/2467973181",
        "name": "Dikome-Ngolo",
        "place": "village",
        "source": "WRI_2005"
      },
      "geometry": {
        "type": "Point",
        "coordinates": [
          9.1921639,
          5.0230236
        ]
      },
      "id": "node/2467973181"
    },
    {
      "type": "Feature",
      "properties": {
        "@id": "node/2467973184",
        "name": "Dikuma",
        "place": "village",
        "source": "WRI_2005"
      },
      "geometry": {
        "type": "Point",
        "coordinates": [
          9.0809984,
          4.8886255
        ]
      },
      "id": "node/2467973184"
    },
    {
      "type": "Feature",
      "properties": {
        "@id": "node/2467973196",
        "name": "Diombe",
        "place": "village",
        "source": "WRI_2005"
      },
      "geometry": {
        "type": "Point",
        "coordinates": [
          8.72995,
          4.6720136
        ]
      },
      "id": "node/2467973196"
    },
    {
      "type": "Feature",
      "properties": {
        "@id": "node/2467973250",
        "name": "Ebemi Bakundu",
        "place": "village",
        "source": "WRI_2005"
      },
      "geometry": {
        "type": "Point",
        "coordinates": [
          9.2852523,
          5.0089966
        ]
      },
      "id": "node/2467973250"
    },
    {
      "type": "Feature",
      "properties": {
        "@id": "node/2467973269",
        "name": "Ebémi II",
        "place": "village",
        "source": "WRI_2005"
      },
      "geometry": {
        "type": "Point",
        "coordinates": [
          9.3437521,
          5.0524971
        ]
      },
      "id": "node/2467973269"
    },
    {
      "type": "Feature",
      "properties": {
        "@id": "node/2467973279",
        "name": "Ekambeng",
        "place": "village",
        "source": "WRI_2005"
      },
      "geometry": {
        "type": "Point",
        "coordinates": [
          9.7874273,
          5.0624173
        ]
      },
      "id": "node/2467973279"
    },
    {
      "type": "Feature",
      "properties": {
        "@id": "node/2467973280",
        "name": "Ekanjok",
        "place": "village",
        "source": "WRI_2005"
      },
      "geometry": {
        "type": "Point",
        "coordinates": [
          9.6663013,
          5.1266745
        ]
      },
      "id": "node/2467973280"
    },
    {
      "type": "Feature",
      "properties": {
        "@id": "node/2467973288",
        "name": "Ekom Nchit",
        "place": "village",
        "source": "WRI_2005"
      },
      "geometry": {
        "type": "Point",
        "coordinates": [
          8.653403,
          4.6562166
        ]
      },
      "id": "node/2467973288"
    },
    {
      "type": "Feature",
      "properties": {
        "@id": "node/2467973319",
        "name": "Ekumbako",
        "place": "village",
        "source": "WRI_2005"
      },
      "geometry": {
        "type": "Point",
        "coordinates": [
          8.8736166,
          4.8985916
        ]
      },
      "id": "node/2467973319"
    },
    {
      "type": "Feature",
      "properties": {
        "@id": "node/2467973356",
        "name": "Enyandong",
        "place": "village",
        "source": "WRI_2005"
      },
      "geometry": {
        "type": "Point",
        "coordinates": [
          9.72266,
          5.1112458
        ]
      },
      "id": "node/2467973356"
    },
    {
      "type": "Feature",
      "properties": {
        "@id": "node/2467973387",
        "name": "Forisane I",
        "place": "village",
        "source": "WRI_2005"
      },
      "geometry": {
        "type": "Point",
        "coordinates": [
          8.6792275,
          4.5274529
        ]
      },
      "id": "node/2467973387"
    },
    {
      "type": "Feature",
      "properties": {
        "@id": "node/2467973390",
        "name": "Funge",
        "place": "village",
        "source": "WRI_2005"
      },
      "geometry": {
        "type": "Point",
        "coordinates": [
          8.9115247,
          4.7557436
        ]
      },
      "id": "node/2467973390"
    },
    {
      "type": "Feature",
      "properties": {
        "@id": "node/2467973412",
        "name": "Idabato",
        "place": "village"
      },
      "geometry": {
        "type": "Point",
        "coordinates": [
          8.5042929,
          4.5345608
        ]
      },
      "id": "node/2467973412"
    },
    {
      "type": "Feature",
      "properties": {
        "@id": "node/2467973413",
        "name": "Ikassa",
        "place": "village",
        "source": "WRI_2005",
        "wikidata": "Q25390018",
        "wikipedia": "fr:Ikassa"
      },
      "geometry": {
        "type": "Point",
        "coordinates": [
          8.844572,
          4.9279929
        ]
      },
      "id": "node/2467973413"
    },
    {
      "type": "Feature",
      "properties": {
        "@id": "node/2467973414",
        "name": "Ikoi",
        "place": "village",
        "source": "WRI_2005"
      },
      "geometry": {
        "type": "Point",
        "coordinates": [
          9.1587144,
          5.0232616
        ]
      },
      "id": "node/2467973414"
    },
    {
      "type": "Feature",
      "properties": {
        "@id": "node/2467973416",
        "name": "Iloani",
        "place": "village",
        "source": "WRI_2005"
      },
      "geometry": {
        "type": "Point",
        "coordinates": [
          8.9282474,
          4.5277255
        ]
      },
      "id": "node/2467973416"
    },
    {
      "type": "Feature",
      "properties": {
        "@id": "node/2467973417",
        "name": "Illor Balondo",
        "place": "village",
        "source": "WRI_2005",
        "wikidata": "Q56310445",
        "wikipedia": "fr:Illor Balondo"
      },
      "geometry": {
        "type": "Point",
        "coordinates": [
          8.9058637,
          4.805406
        ]
      },
      "id": "node/2467973417"
    },
    {
      "type": "Feature",
      "properties": {
        "@id": "node/2467973419",
        "name": "Ine Ekpai",
        "place": "village",
        "source": "WRI_2005"
      },
      "geometry": {
        "type": "Point",
        "coordinates": [
          8.8880723,
          4.556933
        ]
      },
      "id": "node/2467973419"
    },
    {
      "type": "Feature",
      "properties": {
        "@id": "node/2467973421",
        "name": "Isongo",
        "place": "village",
        "source": "WRI_2005"
      },
      "geometry": {
        "type": "Point",
        "coordinates": [
          9.0187903,
          4.0705859
        ]
      },
      "id": "node/2467973421"
    },
    {
      "type": "Feature",
      "properties": {
        "@id": "node/2467973424",
        "name": "Itoki",
        "place": "village",
        "source": "WRI_2005"
      },
      "geometry": {
        "type": "Point",
        "coordinates": [
          8.9417087,
          4.831801
        ]
      },
      "id": "node/2467973424"
    },
    {
      "type": "Feature",
      "properties": {
        "@id": "node/2467973425",
        "name": "Itoki",
        "place": "village",
        "source": "WRI_2005"
      },
      "geometry": {
        "type": "Point",
        "coordinates": [
          9.2550782,
          5.0125479
        ]
      },
      "id": "node/2467973425"
    },
    {
      "type": "Feature",
      "properties": {
        "@id": "node/2467973426",
        "name": "Iyombo",
        "place": "village",
        "source": "WRI_2005"
      },
      "geometry": {
        "type": "Point",
        "coordinates": [
          9.1349915,
          5.0057549
        ]
      },
      "id": "node/2467973426"
    },
    {
      "type": "Feature",
      "properties": {
        "@id": "node/2467973427",
        "name": "Jabane I",
        "place": "village",
        "source": "WRI_2005"
      },
      "geometry": {
        "type": "Point",
        "coordinates": [
          8.5196716,
          4.5524065
        ]
      },
      "id": "node/2467973427"
    },
    {
      "type": "Feature",
      "properties": {
        "@id": "node/2467973434",
        "name": "Kilikile",
        "place": "village",
        "source": "WRI_2005"
      },
      "geometry": {
        "type": "Point",
        "coordinates": [
          9.1544112,
          5.0514828
        ]
      },
      "id": "node/2467973434"
    },
    {
      "type": "Feature",
      "properties": {
        "@id": "node/2467973436",
        "name": "Kita",
        "place": "village",
        "source": "WRI_2005"
      },
      "geometry": {
        "type": "Point",
        "coordinates": [
          8.9734525,
          4.6268179
        ]
      },
      "id": "node/2467973436"
    },
    {
      "type": "Feature",
      "properties": {
        "@id": "node/2467973441",
        "name": "Komba a Miyangadu",
        "place": "village",
        "source": "WRI_2005"
      },
      "geometry": {
        "type": "Point",
        "coordinates": [
          8.5951058,
          4.6319449
        ]
      },
      "id": "node/2467973441"
    },
    {
      "type": "Feature",
      "properties": {
        "@id": "node/2467973442",
        "name": "Kombo Abosukudu",
        "place": "village",
        "source": "WRI_2005"
      },
      "geometry": {
        "type": "Point",
        "coordinates": [
          8.8411523,
          4.5955002
        ]
      },
      "id": "node/2467973442"
    },
    {
      "type": "Feature",
      "properties": {
        "@id": "node/2467973443",
        "name": "Kombo Adibo II",
        "place": "village",
        "source": "WRI_2005"
      },
      "geometry": {
        "type": "Point",
        "coordinates": [
          8.7681267,
          4.5361485
        ]
      },
      "id": "node/2467973443"
    },
    {
      "type": "Feature",
      "properties": {
        "@id": "node/2467973444",
        "name": "Kombo-Abedimo",
        "place": "village",
        "wikidata": "Q6428261"
      },
      "geometry": {
        "type": "Point",
        "coordinates": [
          8.5177375,
          4.6627617
        ]
      },
      "id": "node/2467973444"
    },
    {
      "type": "Feature",
      "properties": {
        "@id": "node/2467973445",
        "name": "Kombo a Janea",
        "place": "village",
        "source": "WRI_2005"
      },
      "geometry": {
        "type": "Point",
        "coordinates": [
          8.5549193,
          4.5963112
        ]
      },
      "id": "node/2467973445"
    },
    {
      "type": "Feature",
      "properties": {
        "@id": "node/2467973446",
        "name": "Kombo a Munja",
        "place": "village",
        "source": "WRI_2005"
      },
      "geometry": {
        "type": "Point",
        "coordinates": [
          8.565279,
          4.4948797
        ]
      },
      "id": "node/2467973446"
    },
    {
      "type": "Feature",
      "properties": {
        "@id": "node/2467973447",
        "name": "Kombo a Munja",
        "place": "village",
        "source": "WRI_2005"
      },
      "geometry": {
        "type": "Point",
        "coordinates": [
          8.539842,
          4.4986088
        ]
      },
      "id": "node/2467973447"
    },
    {
      "type": "Feature",
      "properties": {
        "@id": "node/2467973448",
        "name": "Kombo a Wase",
        "place": "village",
        "source": "WRI_2005"
      },
      "geometry": {
        "type": "Point",
        "coordinates": [
          8.560246,
          4.5590708
        ]
      },
      "id": "node/2467973448"
    },
    {
      "type": "Feature",
      "properties": {
        "@id": "node/2467973463",
        "name": "Kumbe Belondo",
        "place": "village",
        "source": "WRI_2005"
      },
      "geometry": {
        "type": "Point",
        "coordinates": [
          9.0401557,
          4.5910866
        ]
      },
      "id": "node/2467973463"
    },
    {
      "type": "Feature",
      "properties": {
        "@id": "node/2467973464",
        "name": "Kumbe",
        "place": "village",
        "source": "WRI_2005"
      },
      "geometry": {
        "type": "Point",
        "coordinates": [
          9.4098906,
          5.0452663
        ]
      },
      "id": "node/2467973464"
    },
    {
      "type": "Feature",
      "properties": {
        "@id": "node/2467973465",
        "name": "Kume-Kume",
        "place": "village",
        "source": "WRI_2005"
      },
      "geometry": {
        "type": "Point",
        "coordinates": [
          9.6916625,
          5.0854452
        ]
      },
      "id": "node/2467973465"
    },
    {
      "type": "Feature",
      "properties": {
        "@id": "node/2467973476",
        "name": "Lipenja Mukete",
        "place": "village",
        "source": "WRI_2005"
      },
      "geometry": {
        "type": "Point",
        "coordinates": [
          9.0987475,
          4.8396337
        ]
      },
      "id": "node/2467973476"
    },
    {
      "type": "Feature",
      "properties": {
        "@id": "node/2467973477",
        "name": "Lipenja",
        "place": "village",
        "source": "WRI_2005"
      },
      "geometry": {
        "type": "Point",
        "coordinates": [
          9.1096878,
          5.0817819
        ]
      },
      "id": "node/2467973477"
    },
    {
      "type": "Feature",
      "properties": {
        "@id": "node/2467973488",
        "name": "Madie",
        "place": "village",
        "source": "WRI_2005"
      },
      "geometry": {
        "type": "Point",
        "coordinates": [
          9.213561,
          5.0136382
        ]
      },
      "id": "node/2467973488"
    },
    {
      "type": "Feature",
      "properties": {
        "@id": "node/2467973501",
        "name": "Mandonde",
        "place": "village",
        "source": "WRI_2005"
      },
      "geometry": {
        "type": "Point",
        "coordinates": [
          8.788026,
          4.5562843
        ]
      },
      "id": "node/2467973501"
    },
    {
      "type": "Feature",
      "properties": {
        "@id": "node/2467973509",
        "name": "Manyet",
        "place": "village",
        "source": "WRI_2005"
      },
      "geometry": {
        "type": "Point",
        "coordinates": [
          9.789555,
          5.133125
        ]
      },
      "id": "node/2467973509"
    },
    {
      "type": "Feature",
      "properties": {
        "@id": "node/2467973511",
        "name": "Masore",
        "place": "village",
        "source": "WRI_2005"
      },
      "geometry": {
        "type": "Point",
        "coordinates": [
          8.994225,
          4.6563809
        ]
      },
      "id": "node/2467973511"
    },
    {
      "type": "Feature",
      "properties": {
        "@id": "node/2467973517",
        "name": "Matutu",
        "place": "village",
        "source": "WRI_2005"
      },
      "geometry": {
        "type": "Point",
        "coordinates": [
          8.9421657,
          4.5588907
        ]
      },
      "id": "node/2467973517"
    },
    {
      "type": "Feature",
      "properties": {
        "@id": "node/2467973518",
        "name": "Matutu",
        "place": "village",
        "source": "WRI_2005"
      },
      "geometry": {
        "type": "Point",
        "coordinates": [
          8.9509097,
          4.591889
        ]
      },
      "id": "node/2467973518"
    },
    {
      "type": "Feature",
      "properties": {
        "@id": "node/2467973521",
        "name": "Mbang",
        "place": "village",
        "source": "WRI_2005"
      },
      "geometry": {
        "type": "Point",
        "coordinates": [
          9.6289765,
          5.1257632
        ]
      },
      "id": "node/2467973521"
    },
    {
      "type": "Feature",
      "properties": {
        "@id": "node/2467973522",
        "name": "Mbange",
        "place": "village",
        "source": "WRI_2005"
      },
      "geometry": {
        "type": "Point",
        "coordinates": [
          9.1132023,
          4.8241418
        ]
      },
      "id": "node/2467973522"
    },
    {
      "type": "Feature",
      "properties": {
        "@id": "node/2467973528",
        "name": "Mbenmong",
        "place": "village",
        "source": "WRI_2005"
      },
      "geometry": {
        "type": "Point",
        "coordinates": [
          8.605024,
          4.8024216
        ]
      },
      "id": "node/2467973528"
    },
    {
      "type": "Feature",
      "properties": {
        "@id": "node/2467973529",
        "name": "Mbila",
        "place": "village",
        "source": "WRI_2005"
      },
      "geometry": {
        "type": "Point",
        "coordinates": [
          9.7625137,
          5.1423166
        ]
      },
      "id": "node/2467973529"
    },
    {
      "type": "Feature",
      "properties": {
        "@id": "node/2467973536",
        "name": "Mbonjo",
        "place": "village",
        "source": "WRI_2005"
      },
      "geometry": {
        "type": "Point",
        "coordinates": [
          8.7035503,
          4.5099713
        ]
      },
      "id": "node/2467973536"
    },
    {
      "type": "Feature",
      "properties": {
        "@id": "node/2467973537",
        "name": "Mbonjo",
        "place": "village",
        "source": "WRI_2005"
      },
      "geometry": {
        "type": "Point",
        "coordinates": [
          8.710002,
          4.5228448
        ]
      },
      "id": "node/2467973537"
    },
    {
      "type": "Feature",
      "properties": {
        "@id": "node/2467973538",
        "name": "Mbu",
        "place": "village",
        "source": "WRI_2005"
      },
      "geometry": {
        "type": "Point",
        "coordinates": [
          9.3202209,
          5.0402559
        ]
      },
      "id": "node/2467973538"
    },
    {
      "type": "Feature",
      "properties": {
        "@id": "node/2467973541",
        "name": "Meangwe",
        "place": "village",
        "source": "WRI_2005"
      },
      "geometry": {
        "type": "Point",
        "coordinates": [
          9.1389864,
          5.0445244
        ]
      },
      "id": "node/2467973541"
    },
    {
      "type": "Feature",
      "properties": {
        "@id": "node/2467973545",
        "name": "Meka",
        "place": "village",
        "source": "WRI_2005"
      },
      "geometry": {
        "type": "Point",
        "coordinates": [
          8.9404129,
          4.9227822
        ]
      },
      "id": "node/2467973545"
    },
    {
      "type": "Feature",
      "properties": {
        "@id": "node/2467973551",
        "name": "Meta",
        "place": "village",
        "source": "WRI_2005"
      },
      "geometry": {
        "type": "Point",
        "coordinates": [
          9.125549,
          4.8739006
        ]
      },
      "id": "node/2467973551"
    },
    {
      "type": "Feature",
      "properties": {
        "@id": "node/2467973556",
        "name": "Miangwe II",
        "place": "village",
        "source": "WRI_2005"
      },
      "geometry": {
        "type": "Point",
        "coordinates": [
          9.0039718,
          5.0664897
        ]
      },
      "id": "node/2467973556"
    },
    {
      "type": "Feature",
      "properties": {
        "@id": "node/2467973563",
        "name": "Mobinge",
        "place": "village",
        "source": "WRI_2005"
      },
      "geometry": {
        "type": "Point",
        "coordinates": [
          9.0780664,
          5.0554849
        ]
      },
      "id": "node/2467973563"
    },
    {
      "type": "Feature",
      "properties": {
        "@id": "node/2467973564",
        "name": "Moisanja",
        "place": "village",
        "source": "WRI_2005"
      },
      "geometry": {
        "type": "Point",
        "coordinates": [
          9.2505545,
          5.0855093
        ]
      },
      "id": "node/2467973564"
    },
    {
      "type": "Feature",
      "properties": {
        "@id": "node/2467973565",
        "name": "Moko",
        "place": "village",
        "source": "WRI_2005"
      },
      "geometry": {
        "type": "Point",
        "coordinates": [
          8.8949835,
          4.8662194
        ]
      },
      "id": "node/2467973565"
    },
    {
      "type": "Feature",
      "properties": {
        "@id": "node/2467973566",
        "name": "Mokoko",
        "place": "village",
        "source": "WRI_2005"
      },
      "geometry": {
        "type": "Point",
        "coordinates": [
          9.0456615,
          4.5425868
        ]
      },
      "id": "node/2467973566"
    },
    {
      "type": "Feature",
      "properties": {
        "@id": "node/2467973572",
        "name": "Mosongosele",
        "place": "village",
        "source": "WRI_2005"
      },
      "geometry": {
        "type": "Point",
        "coordinates": [
          8.7593284,
          4.9020197
        ]
      },
      "id": "node/2467973572"
    },
    {
      "type": "Feature",
      "properties": {
        "@id": "node/2467973574",
        "name": "Motindi",
        "place": "village",
        "source": "WRI_2005"
      },
      "geometry": {
        "type": "Point",
        "coordinates": [
          9.1198991,
          4.8906692
        ]
      },
      "id": "node/2467973574"
    },
    {
      "type": "Feature",
      "properties": {
        "@id": "node/2467973595",
        "name": "Nanja",
        "place": "village",
        "source": "WRI_2005"
      },
      "geometry": {
        "type": "Point",
        "coordinates": [
          8.6608871,
          4.6338485
        ]
      },
      "id": "node/2467973595"
    },
    {
      "type": "Feature",
      "properties": {
        "@id": "node/2467973596",
        "name": "Nawumse Wan",
        "place": "village",
        "source": "WRI_2005"
      },
      "geometry": {
        "type": "Point",
        "coordinates": [
          8.6465878,
          4.4875823
        ]
      },
      "id": "node/2467973596"
    },
    {
      "type": "Feature",
      "properties": {
        "@id": "node/2467973633",
        "name": "Ndung",
        "place": "village",
        "source": "WRI_2005"
      },
      "geometry": {
        "type": "Point",
        "coordinates": [
          9.8027844,
          5.0811893
        ]
      },
      "id": "node/2467973633"
    },
    {
      "type": "Feature",
      "properties": {
        "@id": "node/2467973639",
        "name": "New Madie",
        "place": "village",
        "source": "WRI_2005"
      },
      "geometry": {
        "type": "Point",
        "coordinates": [
          9.2202281,
          4.9873602
        ]
      },
      "id": "node/2467973639"
    },
    {
      "type": "Feature",
      "properties": {
        "@id": "node/2467973648",
        "name": "Ngolo Metuko",
        "place": "village",
        "source": "WRI_2005"
      },
      "geometry": {
        "type": "Point",
        "coordinates": [
          9.052161,
          4.6528337
        ]
      },
      "id": "node/2467973648"
    },
    {
      "type": "Feature",
      "properties": {
        "@id": "node/2467973672",
        "name": "Njonji",
        "place": "village",
        "source": "WRI_2005"
      },
      "geometry": {
        "type": "Point",
        "coordinates": [
          8.9909992,
          4.139219
        ]
      },
      "id": "node/2467973672"
    },
    {
      "type": "Feature",
      "properties": {
        "@id": "node/2467973677",
        "name": "Nkiko",
        "place": "village",
        "source": "WRI_2005"
      },
      "geometry": {
        "type": "Point",
        "coordinates": [
          9.8030666,
          5.089681
        ]
      },
      "id": "node/2467973677"
    },
    {
      "type": "Feature",
      "properties": {
        "@id": "node/2467973780",
        "name": "Nteho",
        "place": "village",
        "source": "WRI_2005"
      },
      "geometry": {
        "type": "Point",
        "coordinates": [
          9.7391113,
          5.1161869
        ]
      },
      "id": "node/2467973780"
    },
    {
      "type": "Feature",
      "properties": {
        "@id": "node/2467973792",
        "name": "Nyam",
        "place": "village",
        "source": "WRI_2005"
      },
      "geometry": {
        "type": "Point",
        "coordinates": [
          9.7989433,
          5.1009513
        ]
      },
      "id": "node/2467973792"
    },
    {
      "type": "Feature",
      "properties": {
        "@id": "node/2467973831",
        "name": "Sangre",
        "place": "village",
        "source": "WRI_2005"
      },
      "geometry": {
        "type": "Point",
        "coordinates": [
          8.6646554,
          4.5988584
        ]
      },
      "id": "node/2467973831"
    },
    {
      "type": "Feature",
      "properties": {
        "@id": "node/2467973845",
        "name": "Tibobili",
        "place": "village",
        "source": "WRI_2005"
      },
      "geometry": {
        "type": "Point",
        "coordinates": [
          8.5714736,
          4.7321646
        ]
      },
      "id": "node/2467973845"
    },
    {
      "type": "Feature",
      "properties": {
        "@id": "node/2467973846",
        "name": "Tikoro",
        "place": "village",
        "source": "WRI_2005"
      },
      "geometry": {
        "type": "Point",
        "coordinates": [
          8.7001941,
          4.7017091
        ]
      },
      "id": "node/2467973846"
    },
    {
      "type": "Feature",
      "properties": {
        "@id": "node/2467973856",
        "name": "Uzama",
        "place": "village",
        "source": "WRI_2005"
      },
      "geometry": {
        "type": "Point",
        "coordinates": [
          8.5523055,
          4.6817201
        ]
      },
      "id": "node/2467973856"
    },
    {
      "type": "Feature",
      "properties": {
        "@id": "node/2467973859",
        "name": "Weke",
        "place": "village",
        "source": "WRI_2005"
      },
      "geometry": {
        "type": "Point",
        "coordinates": [
          8.6695003,
          4.9521595
        ]
      },
      "id": "node/2467973859"
    },
    {
      "type": "Feature",
      "properties": {
        "@id": "node/2467973861",
        "name": "Wone",
        "place": "village",
        "source": "WRI_2005"
      },
      "geometry": {
        "type": "Point",
        "coordinates": [
          9.3948918,
          5.0545621
        ]
      },
      "id": "node/2467973861"
    },
    {
      "type": "Feature",
      "properties": {
        "@id": "node/2668090564",
        "name": "Idenau",
        "place": "village",
        "wikidata": "Q995172",
        "wikipedia": "Idenau"
      },
      "geometry": {
        "type": "Point",
        "coordinates": [
          8.9888285,
          4.2086289
        ]
      },
      "id": "node/2668090564"
    },
    {
      "type": "Feature",
      "properties": {
        "@id": "node/2668100003",
        "name": "Bokwango",
        "place": "village",
        "source": "WRI_2005"
      },
      "geometry": {
        "type": "Point",
        "coordinates": [
          9.2211932,
          4.1343413
        ]
      },
      "id": "node/2668100003"
    },
    {
      "type": "Feature",
      "properties": {
        "@id": "node/2669137473",
        "name": "Mundemba",
        "place": "town",
        "wikidata": "Q677694",
        "wikipedia": "en:Mundemba"
      },
      "geometry": {
        "type": "Point",
        "coordinates": [
          8.9093758,
          4.9690043
        ]
      },
      "id": "node/2669137473"
    },
    {
      "type": "Feature",
      "properties": {
        "@id": "node/2784182157",
        "name": "Botacantin",
        "place": "village"
      },
      "geometry": {
        "type": "Point",
        "coordinates": [
          9.1933035,
          4.0130454
        ]
      },
      "id": "node/2784182157"
    },
    {
      "type": "Feature",
      "properties": {
        "@id": "node/2925675956",
        "name": "Mamfé",
        "name:en": "Mamfe",
        "name:fr": "Mamfé",
        "place": "town",
        "wikidata": "Q1888230",
        "wikipedia": "fr:Mamfé"
      },
      "geometry": {
        "type": "Point",
        "coordinates": [
          9.315211,
          5.7527723
        ]
      },
      "id": "node/2925675956"
    },
    {
      "type": "Feature",
      "properties": {
        "@id": "node/3037751242",
        "name": "Ayaoke",
        "place": "village"
      },
      "geometry": {
        "type": "Point",
        "coordinates": [
          8.962448,
          5.7070001
        ]
      },
      "id": "node/3037751242"
    },
    {
      "type": "Feature",
      "properties": {
        "@id": "node/3037751243",
        "name": "Bachuo Akagbe",
        "place": "village",
        "wikidata": "Q25390100",
        "wikipedia": "fr:Bachuo Akagbe"
      },
      "geometry": {
        "type": "Point",
        "coordinates": [
          9.4377028,
          5.6895254
        ]
      },
      "id": "node/3037751243"
    },
    {
      "type": "Feature",
      "properties": {
        "@id": "node/3037751246",
        "name": "Bamusso",
        "place": "village",
        "wikidata": "Q4853554"
      },
      "geometry": {
        "type": "Point",
        "coordinates": [
          8.898869,
          4.458844
        ]
      },
      "id": "node/3037751246"
    },
    {
      "type": "Feature",
      "properties": {
        "@id": "node/3037751253",
        "name": "Bekora",
        "place": "village"
      },
      "geometry": {
        "type": "Point",
        "coordinates": [
          9.098901,
          4.6032761
        ]
      },
      "id": "node/3037751253"
    },
    {
      "type": "Feature",
      "properties": {
        "@id": "node/3037751254",
        "name": "Besongabang",
        "place": "village"
      },
      "geometry": {
        "type": "Point",
        "coordinates": [
          9.2851222,
          5.7004389
        ]
      },
      "id": "node/3037751254"
    },
    {
      "type": "Feature",
      "properties": {
        "@id": "node/3037751264",
        "name": "Bolifamba",
        "place": "village"
      },
      "geometry": {
        "type": "Point",
        "coordinates": [
          9.3024995,
          4.1479965
        ]
      },
      "id": "node/3037751264"
    },
    {
      "type": "Feature",
      "properties": {
        "@id": "node/3037751266",
        "name": "Bombele",
        "place": "village"
      },
      "geometry": {
        "type": "Point",
        "coordinates": [
          9.2727968,
          4.634821
        ]
      },
      "id": "node/3037751266"
    },
    {
      "type": "Feature",
      "properties": {
        "@id": "node/3037751267",
        "name": "Bomboko",
        "place": "village"
      },
      "geometry": {
        "type": "Point",
        "coordinates": [
          9.1295669,
          4.473025
        ]
      },
      "id": "node/3037751267"
    },
    {
      "type": "Feature",
      "properties": {
        "@id": "node/3037751268",
        "name": "Bonadikombo",
        "place": "village"
      },
      "geometry": {
        "type": "Point",
        "coordinates": [
          9.2241529,
          4.056648
        ]
      },
      "id": "node/3037751268"
    },
    {
      "type": "Feature",
      "properties": {
        "@id": "node/3037751271",
        "name": "Bonjongo",
        "place": "village",
        "wikidata": "Q25390411",
        "wikipedia": "fr:Bonjongo"
      },
      "geometry": {
        "type": "Point",
        "coordinates": [
          9.1764685,
          4.0659442
        ]
      },
      "id": "node/3037751271"
    },
    {
      "type": "Feature",
      "properties": {
        "@id": "node/3037751280",
        "name": "Dikome Balue",
        "place": "village"
      },
      "geometry": {
        "type": "Point",
        "coordinates": [
          9.3030001,
          4.71535
        ]
      },
      "id": "node/3037751280"
    },
    {
      "type": "Feature",
      "properties": {
        "@id": "node/3037751289",
        "name": "Ekombe Liongo",
        "place": "village"
      },
      "geometry": {
        "type": "Point",
        "coordinates": [
          9.1035569,
          4.500305
        ]
      },
      "id": "node/3037751289"
    },
    {
      "type": "Feature",
      "properties": {
        "@id": "node/3037751290",
        "name": "Ekombe Water Fall",
        "place": "village"
      },
      "geometry": {
        "type": "Point",
        "coordinates": [
          9.1535021,
          4.4815378
        ]
      },
      "id": "node/3037751290"
    },
    {
      "type": "Feature",
      "properties": {
        "@id": "node/3037751291",
        "name": "Ekombe",
        "place": "village"
      },
      "geometry": {
        "type": "Point",
        "coordinates": [
          9.35114,
          4.6058649
        ]
      },
      "id": "node/3037751291"
    },
    {
      "type": "Feature",
      "properties": {
        "@id": "node/3037751292",
        "name": "Ekondo-Titi",
        "name:de": "Ekondo-Titi",
        "name:fr": "Ekondo-Titi",
        "place": "town",
        "wikidata": "Q5350540",
        "wikipedia": "fr:Ekondo-Titi"
      },
      "geometry": {
        "type": "Point",
        "coordinates": [
          9.038286,
          4.6009434
        ]
      },
      "id": "node/3037751292"
    },
    {
      "type": "Feature",
      "properties": {
        "@id": "node/3037751293",
        "name": "Ekpor",
        "place": "village"
      },
      "geometry": {
        "type": "Point",
        "coordinates": [
          9.0587761,
          5.626458
        ]
      },
      "id": "node/3037751293"
    },
    {
      "type": "Feature",
      "properties": {
        "@id": "node/3037751306",
        "name": "Inokun",
        "place": "village"
      },
      "geometry": {
        "type": "Point",
        "coordinates": [
          8.9862998,
          5.703817
        ]
      },
      "id": "node/3037751306"
    },
    {
      "type": "Feature",
      "properties": {
        "@id": "node/3037751307",
        "name": "Isangele",
        "place": "village"
      },
      "geometry": {
        "type": "Point",
        "coordinates": [
          8.6778081,
          4.7773164
        ]
      },
      "id": "node/3037751307"
    },
    {
      "type": "Feature",
      "properties": {
        "@id": "node/3037751311",
        "filename": "no imagery",
        "name": "Kembong",
        "place": "village"
      },
      "geometry": {
        "type": "Point",
        "coordinates": [
          9.2643592,
          5.644526
        ]
      },
      "id": "node/3037751311"
    },
    {
      "type": "Feature",
      "properties": {
        "@id": "node/3037751315",
        "name": "Kombo Etindi",
        "place": "village"
      },
      "geometry": {
        "type": "Point",
        "coordinates": [
          8.7597731,
          4.6670306
        ]
      },
      "id": "node/3037751315"
    },
    {
      "type": "Feature",
      "properties": {
        "@id": "node/3037751316",
        "name": "Kombone Mission",
        "place": "village"
      },
      "geometry": {
        "type": "Point",
        "coordinates": [
          9.3464348,
          4.607151
        ]
      },
      "id": "node/3037751316"
    },
    {
      "type": "Feature",
      "properties": {
        "@id": "node/3037751317",
        "name": "Kombone",
        "place": "village"
      },
      "geometry": {
        "type": "Point",
        "coordinates": [
          9.325291,
          4.6014351
        ]
      },
      "id": "node/3037751317"
    },
    {
      "type": "Feature",
      "properties": {
        "@id": "node/3037751318",
        "name": "Kuke",
        "place": "village"
      },
      "geometry": {
        "type": "Point",
        "coordinates": [
          9.233005,
          4.451631
        ]
      },
      "id": "node/3037751318"
    },
    {
      "type": "Feature",
      "properties": {
        "@id": "node/3037751446",
        "name": "Upper Boando",
        "place": "village"
      },
      "geometry": {
        "type": "Point",
        "coordinates": [
          9.1500674,
          4.051894
        ]
      },
      "id": "node/3037751446"
    },
    {
      "type": "Feature",
      "properties": {
        "@id": "node/3037751447",
        "name": "Mbonbada",
        "place": "village"
      },
      "geometry": {
        "type": "Point",
        "coordinates": [
          9.260595,
          4.6492371
        ]
      },
      "id": "node/3037751447"
    },
    {
      "type": "Feature",
      "properties": {
        "@id": "node/3037751457",
        "name": "Mekanga",
        "place": "village"
      },
      "geometry": {
        "type": "Point",
        "coordinates": [
          9.4151001,
          4.292659
        ]
      },
      "id": "node/3037751457"
    },
    {
      "type": "Feature",
      "properties": {
        "@id": "node/3037751458",
        "name": "Mekanga",
        "place": "village"
      },
      "geometry": {
        "type": "Point",
        "coordinates": [
          9.4019548,
          4.3394571
        ]
      },
      "id": "node/3037751458"
    },
    {
      "type": "Feature",
      "properties": {
        "@id": "node/3037751474",
        "name": "Mofako",
        "place": "village"
      },
      "geometry": {
        "type": "Point",
        "coordinates": [
          9.3380321,
          4.6254211
        ]
      },
      "id": "node/3037751474"
    },
    {
      "type": "Feature",
      "properties": {
        "@id": "node/3037751475",
        "name": "Mokoko",
        "place": "village"
      },
      "geometry": {
        "type": "Point",
        "coordinates": [
          9.0639022,
          4.4916881
        ]
      },
      "id": "node/3037751475"
    },
    {
      "type": "Feature",
      "properties": {
        "@id": "node/3037751476",
        "name": "Molyko",
        "place": "village"
      },
      "geometry": {
        "type": "Point",
        "coordinates": [
          9.2805172,
          4.1591154
        ]
      },
      "id": "node/3037751476"
    },
    {
      "type": "Feature",
      "properties": {
        "@id": "node/3037751477",
        "name": "Mundengo",
        "place": "village"
      },
      "geometry": {
        "type": "Point",
        "coordinates": [
          9.1414732,
          4.4162091
        ]
      },
      "id": "node/3037751477"
    },
    {
      "type": "Feature",
      "properties": {
        "@id": "node/3037751492",
        "name": "Nfaitock",
        "place": "village"
      },
      "geometry": {
        "type": "Point",
        "coordinates": [
          9.4644605,
          5.417045
        ]
      },
      "id": "node/3037751492"
    },
    {
      "type": "Feature",
      "properties": {
        "@id": "node/3037751504",
        "alt_name": "Ottu",
        "name": "Otu",
        "place": "village",
        "wikidata": "Q60848735",
        "wikipedia": "fr:Otu"
      },
      "geometry": {
        "type": "Point",
        "coordinates": [
          8.8833893,
          5.7078712
        ]
      },
      "id": "node/3037751504"
    },
    {
      "type": "Feature",
      "properties": {
        "@id": "node/3037751505",
        "name": "Okoroba",
        "place": "village"
      },
      "geometry": {
        "type": "Point",
        "coordinates": [
          9.2591309,
          5.457996
        ]
      },
      "id": "node/3037751505"
    },
    {
      "type": "Feature",
      "properties": {
        "@id": "node/3037751507",
        "name": "Ossing",
        "place": "village"
      },
      "geometry": {
        "type": "Point",
        "coordinates": [
          9.2981797,
          5.6332846
        ]
      },
      "id": "node/3037751507"
    },
    {
      "type": "Feature",
      "properties": {
        "@id": "node/3037751528",
        "name": "Sumbe",
        "place": "village"
      },
      "geometry": {
        "type": "Point",
        "coordinates": [
          9.553131,
          5.490842
        ]
      },
      "id": "node/3037751528"
    },
    {
      "type": "Feature",
      "properties": {
        "@id": "node/3037843852",
        "name": "Babubok",
        "place": "village"
      },
      "geometry": {
        "type": "Point",
        "coordinates": [
          9.573786,
          5.250216
        ]
      },
      "id": "node/3037843852"
    },
    {
      "type": "Feature",
      "properties": {
        "@id": "node/3037843853",
        "name": "Bakundo Wone",
        "place": "village"
      },
      "geometry": {
        "type": "Point",
        "coordinates": [
          9.4092793,
          5.0432701
        ]
      },
      "id": "node/3037843853"
    },
    {
      "type": "Feature",
      "properties": {
        "@id": "node/3037843880",
        "name": "Ekanjon",
        "place": "village"
      },
      "geometry": {
        "type": "Point",
        "coordinates": [
          9.605453,
          5.2239701
        ]
      },
      "id": "node/3037843880"
    },
    {
      "type": "Feature",
      "properties": {
        "@id": "node/3037843884",
        "name": "Kokobouma",
        "place": "village"
      },
      "geometry": {
        "type": "Point",
        "coordinates": [
          9.404779,
          5.085904
        ]
      },
      "id": "node/3037843884"
    },
    {
      "type": "Feature",
      "properties": {
        "@id": "node/3037843885",
        "name": "Konye",
        "place": "village"
      },
      "geometry": {
        "type": "Point",
        "coordinates": [
          9.475062,
          4.9336217
        ]
      },
      "id": "node/3037843885"
    },
    {
      "type": "Feature",
      "properties": {
        "@id": "node/3037843892",
        "name": "Matoh",
        "place": "village"
      },
      "geometry": {
        "type": "Point",
        "coordinates": [
          9.424125,
          4.7429903
        ]
      },
      "id": "node/3037843892"
    },
    {
      "type": "Feature",
      "properties": {
        "@id": "node/3037843893",
        "name": "Mbouassom",
        "place": "village"
      },
      "geometry": {
        "type": "Point",
        "coordinates": [
          9.6050549,
          5.343795
        ]
      },
      "id": "node/3037843893"
    },
    {
      "type": "Feature",
      "properties": {
        "@id": "node/3037843900",
        "name": "Muabi",
        "place": "village"
      },
      "geometry": {
        "type": "Point",
        "coordinates": [
          9.8162482,
          5.062628
        ]
      },
      "id": "node/3037843900"
    },
    {
      "type": "Feature",
      "properties": {
        "@id": "node/3037843901",
        "name": "Mwangale",
        "place": "village"
      },
      "geometry": {
        "type": "Point",
        "coordinates": [
          9.2770279,
          5.179336
        ]
      },
      "id": "node/3037843901"
    },
    {
      "type": "Feature",
      "properties": {
        "@id": "node/3037843917",
        "name": "Wone",
        "place": "village"
      },
      "geometry": {
        "type": "Point",
        "coordinates": [
          9.381816,
          5.199099
        ]
      },
      "id": "node/3037843917"
    },
    {
      "type": "Feature",
      "properties": {
        "@id": "node/3040028725",
        "name": "Akwaya",
        "place": "town",
        "wikidata": "Q4702015"
      },
      "geometry": {
        "type": "Point",
        "coordinates": [
          9.5103401,
          6.3789074
        ]
      },
      "id": "node/3040028725"
    },
    {
      "type": "Feature",
      "properties": {
        "@id": "node/3143824483",
        "addr:city": "Bimbia",
        "name": "Dikolo",
        "place": "village"
      },
      "geometry": {
        "type": "Point",
        "coordinates": [
          9.2694393,
          3.9692259
        ]
      },
      "id": "node/3143824483"
    },
    {
      "type": "Feature",
      "properties": {
        "@id": "node/3675593358",
        "name": "Betayi",
        "place": "village",
        "source": "WRI_2005"
      },
      "geometry": {
        "type": "Point",
        "coordinates": [
          9.5222665,
          4.1705736
        ]
      },
      "id": "node/3675593358"
    },
    {
      "type": "Feature",
      "properties": {
        "@id": "node/3675593363",
        "name": "Bonagalo",
        "place": "village",
        "source": "WRI_2005"
      },
      "geometry": {
        "type": "Point",
        "coordinates": [
          9.5378741,
          4.1600305
        ]
      },
      "id": "node/3675593363"
    },
    {
      "type": "Feature",
      "properties": {
        "@id": "node/3675593364",
        "name": "Bonako",
        "place": "village",
        "source": "WRI_2005"
      },
      "geometry": {
        "type": "Point",
        "coordinates": [
          9.5445375,
          4.1083632
        ]
      },
      "id": "node/3675593364"
    },
    {
      "type": "Feature",
      "properties": {
        "@id": "node/3675593365",
        "name": "Bonamandja",
        "place": "village",
        "source": "WRI_2005"
      },
      "geometry": {
        "type": "Point",
        "coordinates": [
          9.5401152,
          4.1046549
        ]
      },
      "id": "node/3675593365"
    },
    {
      "type": "Feature",
      "properties": {
        "@id": "node/3675593371",
        "name": "Bonebanda",
        "place": "village",
        "source": "WRI_2005"
      },
      "geometry": {
        "type": "Point",
        "coordinates": [
          9.5297659,
          4.1616589
        ]
      },
      "id": "node/3675593371"
    },
    {
      "type": "Feature",
      "properties": {
        "@id": "node/3675593383",
        "name": "Djopongo",
        "place": "village",
        "source": "WRI_2005"
      },
      "geometry": {
        "type": "Point",
        "coordinates": [
          9.5080719,
          4.1940145
        ]
      },
      "id": "node/3675593383"
    },
    {
      "type": "Feature",
      "properties": {
        "@id": "node/3675593396",
        "name": "Mungo",
        "place": "village",
        "source": "WRI_2005"
      },
      "geometry": {
        "type": "Point",
        "coordinates": [
          9.5403891,
          4.1073483
        ]
      },
      "id": "node/3675593396"
    },
    {
      "type": "Feature",
      "properties": {
        "@id": "node/3675593416",
        "name": "Yundi",
        "place": "village",
        "source": "WRI_2005"
      },
      "geometry": {
        "type": "Point",
        "coordinates": [
          9.5366321,
          4.1493489
        ]
      },
      "id": "node/3675593416"
    },
    {
      "type": "Feature",
      "properties": {
        "@id": "node/3675593417",
        "name": "Yundi",
        "place": "village",
        "source": "WRI_2005"
      },
      "geometry": {
        "type": "Point",
        "coordinates": [
          9.5210489,
          4.1531856
        ]
      },
      "id": "node/3675593417"
    },
    {
      "type": "Feature",
      "properties": {
        "@id": "node/3694948795",
        "name": "Bokova",
        "place": "village"
      },
      "geometry": {
        "type": "Point",
        "coordinates": [
          9.2780796,
          4.1951481
        ]
      },
      "id": "node/3694948795"
    },
    {
      "type": "Feature",
      "properties": {
        "@id": "node/3696967037",
        "name": "Bitingui",
        "place": "village"
      },
      "geometry": {
        "type": "Point",
        "coordinates": [
          9.2807099,
          4.1742487
        ]
      },
      "id": "node/3696967037"
    },
    {
      "type": "Feature",
      "properties": {
        "@id": "node/3697055850",
        "name": "Mile 16",
        "place": "village"
      },
      "geometry": {
        "type": "Point",
        "coordinates": [
          9.3059618,
          4.1427084
        ]
      },
      "id": "node/3697055850"
    },
    {
      "type": "Feature",
      "properties": {
        "@id": "node/3704734954",
        "name": "Bulu",
        "place": "village"
      },
      "geometry": {
        "type": "Point",
        "coordinates": [
          9.3009848,
          4.1419026
        ]
      },
      "id": "node/3704734954"
    },
    {
      "type": "Feature",
      "properties": {
        "@id": "node/3779220046",
        "name": "Makobe",
        "place": "village",
        "source": "WRI_2005"
      },
      "geometry": {
        "type": "Point",
        "coordinates": [
          9.3922699,
          4.7795401
        ]
      },
      "id": "node/3779220046"
    },
    {
      "type": "Feature",
      "properties": {
        "@id": "node/3804379638",
        "name": "Alou",
        "place": "village"
      },
      "geometry": {
        "type": "Point",
        "coordinates": [
          9.939776,
          5.5258536
        ]
      },
      "id": "node/3804379638"
    },
    {
      "type": "Feature",
      "properties": {
        "@id": "node/3808420831",
        "name": "Mbatop",
        "place": "village"
      },
      "geometry": {
        "type": "Point",
        "coordinates": [
          9.2101972,
          5.6700343
        ]
      },
      "id": "node/3808420831"
    },
    {
      "type": "Feature",
      "properties": {
        "@id": "node/3810495662",
        "place": "village"
      },
      "geometry": {
        "type": "Point",
        "coordinates": [
          9.5940534,
          4.9778377
        ]
      },
      "id": "node/3810495662"
    },
    {
      "type": "Feature",
      "properties": {
        "@id": "node/3815655020",
        "clans": "upper balong",
        "clctn_diff": "the community dont have an access road to the village, no hospital, market. he is surranded bythe council forest and the korup national park",
        "cmposition": "indigeneous peoples",
        "difficulti": "no school, insufficent means to satisfied their base needs",
        "ethnc_grps": "upper balong",
        "lngs_spokn": "Bafou (kefou)",
        "name": "Baro",
        "place": "village",
        "pop_ad_fem": "30",
        "pop_ad_mal": "49",
        "pop_total": "139",
        "pov_perc": "insuficient means to satisfy ones need",
        "trad_org": "the chied is the head after the regend chief, the chief council,"
      },
      "geometry": {
        "type": "Point",
        "coordinates": [
          9.2122617,
          5.2843976
        ]
      },
      "id": "node/3815655020"
    },
    {
      "type": "Feature",
      "properties": {
        "@id": "node/3815663620",
        "clans": "Balou",
        "clctn_diff": "the land is reduice by the presence of SGSOC, limit acces to farm land, conflict with ayong village",
        "cmposition": "mixed",
        "difficulti": "limite access to farm land, insufficient mean to improve foot crop, comflict with the bakundu, they said they are not in nguti subdivision",
        "ethnc_grps": "Upper balong",
        "lngs_spokn": "kufu",
        "name": "Ayong",
        "place": "village",
        "pop_ad_fem": "88",
        "pop_ad_mal": "75",
        "pop_total": "276",
        "pov_perc": "insuficient meant to improve foot crops,no means to inlarge farms",
        "trad_org": "the chief,the chief council, the councelors, the town crier, the wemen and the youths"
      },
      "geometry": {
        "type": "Point",
        "coordinates": [
          9.3059088,
          5.2108224
        ]
      },
      "id": "node/3815663620"
    },
    {
      "type": "Feature",
      "properties": {
        "@id": "node/3815663621",
        "clans": "Oroko",
        "clctn_diff": "insuficient farm to market road, insuficient mean to improve food crop product, surface of land reduice by SGSOC",
        "cmposition": "mixed",
        "difficulti": "limite access to farm land, insufficient mean to improve foot crop, comflict with the main clan",
        "ethnc_grps": "Bakundu",
        "lngs_spokn": "iroko",
        "name": "Sambaliba",
        "place": "village",
        "pop_ad_fem": "33",
        "pop_ad_mal": "28",
        "pop_total": "88",
        "pov_perc": "insuficient meant to improve foot crops, inlarge farms",
        "trad_org": "the chief,the chief council, the councelors, the town crier, the wemen and the youths"
      },
      "geometry": {
        "type": "Point",
        "coordinates": [
          9.3108867,
          5.1548872
        ]
      },
      "id": "node/3815663621"
    },
    {
      "type": "Feature",
      "properties": {
        "@id": "node/3815663622",
        "clans": "upper balong",
        "clctn_diff": "land space is reduce, no farm to market road",
        "cmposition": "mixed",
        "difficulti": "mis understanding with the people of oder clan, conflict between the villagers and the neigbouring villages",
        "ethnc_grps": "hupper bbalong, bakundu, ngulu batanga, north west",
        "lngs_spokn": "bakoni, oroko",
        "name": "Sikam",
        "place": "village",
        "pop_ad_fem": "55",
        "pop_ad_mal": "51",
        "pop_total": "166",
        "pov_perc": "inhability to improve farm surface and eacrease food crops, no mean to value forest ressources",
        "trad_org": "the chief, town crier, the councelorscouncelors, the elderelder, the women and the youth"
      },
      "geometry": {
        "type": "Point",
        "coordinates": [
          9.2811726,
          5.186461
        ]
      },
      "id": "node/3815663622"
    },
    {
      "type": "Feature",
      "properties": {
        "@id": "node/3815670942",
        "clans": "MBAA",
        "clctn_diff": "some tablets was not functionning well",
        "cmposition": "indigeneous",
        "difficulti": "poverty, there is no farm to market road, animal distraction, low production of coacoa, lac offarm imput",
        "ethnc_grps": "Bassossi",
        "lngs_spokn": "bassossi",
        "name": "Ekenge",
        "place": "village",
        "pop_ad_fem": "180",
        "pop_ad_mal": "150",
        "pop_total": "371",
        "pov_perc": "One surce of income, difficulty to manage animal distruction",
        "trad_org": "1"
      },
      "geometry": {
        "type": "Point",
        "coordinates": [
          9.4171776,
          5.2830665
        ]
      },
      "id": "node/3815670942"
    },
    {
      "type": "Feature",
      "properties": {
        "@id": "node/3815670943",
        "clans": "upper balong",
        "clctn_diff": "they live on forest produces, they need to improve for better developed their selves",
        "cmposition": "indigenous peoples",
        "difficulti": "no major difficulties, they dont have much youth in the village",
        "ethnc_grps": "Obang",
        "lngs_spokn": "ejagham",
        "name": "Osirayip",
        "place": "village",
        "pop_ad_fem": "22",
        "pop_ad_mal": "29",
        "pop_total": "90",
        "pov_perc": "no means to satisfy my need",
        "trad_org": "the chief, the elders, the youth and the women"
      },
      "geometry": {
        "type": "Point",
        "coordinates": [
          9.3535412,
          5.3025152
        ]
      },
      "id": "node/3815670943"
    },
    {
      "type": "Feature",
      "properties": {
        "@id": "node/3815670944",
        "clans": "mbah",
        "clctn_diff": "Conflicts between neighbours on boundaries issues",
        "cmposition": "indigeneous people",
        "difficulti": "Most of the problems that they faced are mostly long distance to walk to harvest NTFPS and also they lack the technique to valorize their products, the bad state of roads, and the absence of farm to market roads",
        "ethnc_grps": "bassossi",
        "lngs_spokn": "mbah",
        "name": "ofrikpabi old",
        "place": "village",
        "pop_ad_fem": "43",
        "pop_ad_mal": "40",
        "pop_total": "108",
        "pov_perc": "no mean to improve food crops",
        "trad_org": "the chif is the head of the community folow by the chief council, the elders, the women association and the youth association"
      },
      "geometry": {
        "type": "Point",
        "coordinates": [
          9.3985539,
          5.2595325
        ]
      },
      "id": "node/3815670944"
    },
    {
      "type": "Feature",
      "properties": {
        "@id": "node/3815671598",
        "clans": "nguemegu",
        "clctn_diff": "bad road access to the village, no source of drinking water",
        "cmposition": "indigenous peoples",
        "difficulti": "the population have not much cooperate for the project, the ununity and the stubusness of some youth let us in serious insecurity duringthe projrct implementation",
        "ethnc_grps": "Bakossi",
        "lngs_spokn": "nguemengu",
        "name": "Badun",
        "place": "village",
        "pop_ad_fem": "600",
        "pop_ad_mal": "500",
        "pop_total": "1150",
        "population": "210",
        "pov_perc": "insuficient means to satisfied one s need",
        "source": "WRI_2005 and PNDP 2011",
        "trad_org": "the chief, the council, the youth and the women"
      },
      "geometry": {
        "type": "Point",
        "coordinates": [
          9.4369286,
          5.0978817
        ]
      },
      "id": "node/3815671598"
    },
    {
      "type": "Feature",
      "properties": {
        "@id": "node/3815671599",
        "clans": "mbah",
        "clctn_diff": "no road to farm to market",
        "cmposition": "mixed",
        "difficulti": "insuficient means to improve footcrops land",
        "ethnc_grps": "bassossi",
        "lngs_spokn": "mba",
        "name": "New Konye",
        "place": "village",
        "pop_ad_fem": "182",
        "pop_ad_mal": "170",
        "pop_total": "352"
      },
      "geometry": {
        "type": "Point",
        "coordinates": [
          9.4651817,
          5.1606211
        ]
      },
      "id": "node/3815671599"
    },
    {
      "type": "Feature",
      "properties": {
        "@id": "node/3815671600",
        "clans": "bakossi",
        "ethnc_grps": "Bakossi",
        "name": "Nongomadiba",
        "place": "village"
      },
      "geometry": {
        "type": "Point",
        "coordinates": [
          9.4447512,
          5.023627
        ]
      },
      "id": "node/3815671600"
    },
    {
      "type": "Feature",
      "properties": {
        "@id": "node/3815692557",
        "clans": "nguemenge",
        "cmposition": "indigenous peoples",
        "difficulti": "limit acess to land for food crops cultivation, no better farm to market rood",
        "ethnc_grps": "bakossi",
        "lngs_spokn": "bakossi",
        "name": "Bambe 1",
        "place": "village",
        "pop_ad_fem": "20",
        "pop_ad_mal": "22",
        "pop_total": "67",
        "pov_perc": "no means to satisfy one's need"
      },
      "geometry": {
        "type": "Point",
        "coordinates": [
          9.6106946,
          5.2209341
        ]
      },
      "id": "node/3815692557"
    },
    {
      "type": "Feature",
      "properties": {
        "@id": "node/3815692558",
        "clans": "nguemenge",
        "cmposition": "indigenous peoples",
        "difficulti": "limit acess to land for food crops cultivation, no better farm to market rood",
        "ethnc_grps": "bakossi",
        "lngs_spokn": "bakossi",
        "name": "Bambe 2",
        "place": "village",
        "pop_ad_fem": "35",
        "pop_ad_mal": "29",
        "pop_total": "99",
        "pov_perc": "no means to satisfy one's need",
        "trad_org": "the chief, the c"
      },
      "geometry": {
        "type": "Point",
        "coordinates": [
          9.619145,
          5.2075723
        ]
      },
      "id": "node/3815692558"
    },
    {
      "type": "Feature",
      "properties": {
        "@id": "node/3815692559",
        "clans": "nguemenge",
        "cmposition": "indigenous peoples",
        "difficulti": "limit acess to land for food crops cultivation, no better farm to market rood",
        "ethnc_grps": "bakossi",
        "lngs_spokn": "bakossi",
        "name": "Bambe 3",
        "place": "village",
        "pop_ad_fem": "35",
        "pop_ad_mal": "33",
        "pop_total": "98",
        "pov_perc": "no means to satisfy one's need"
      },
      "geometry": {
        "type": "Point",
        "coordinates": [
          9.6253542,
          5.1946058
        ]
      },
      "id": "node/3815692559"
    },
    {
      "type": "Feature",
      "properties": {
        "@id": "node/3815692560",
        "clans": "bassossi",
        "ethnc_grps": "Bassossi",
        "name": "Bombe Konye",
        "place": "village"
      },
      "geometry": {
        "type": "Point",
        "coordinates": [
          9.5415576,
          5.2300845
        ]
      },
      "id": "node/3815692560"
    },
    {
      "type": "Feature",
      "properties": {
        "@id": "node/3815692561",
        "clans": "Nguemengue",
        "clctn_diff": "Difficulty to cary foodcrops to market",
        "cmposition": "indigeneous peoples",
        "difficulti": "no health facility",
        "ethnc_grps": "Bakossi",
        "lngs_spokn": "Bakossi",
        "name": "Edi-Halle (Old town",
        "place": "village"
      },
      "geometry": {
        "type": "Point",
        "coordinates": [
          9.6238916,
          5.2170623
        ]
      },
      "id": "node/3815692561"
    },
    {
      "type": "Feature",
      "properties": {
        "@id": "node/3815692562",
        "clans": "Nguemengue",
        "cmposition": "indigeneous peoples",
        "difficulti": "no health facility",
        "ethnc_grps": "Bakossi",
        "lngs_spokn": "Bakossi",
        "name": "Muaziton",
        "place": "village",
        "pop_ad_fem": "45",
        "pop_ad_mal": "42",
        "pop_total": "117",
        "pov_perc": "no mark to sell or by food crops",
        "trad_org": "the chief, the elders, the youth group"
      },
      "geometry": {
        "type": "Point",
        "coordinates": [
          9.6295839,
          5.1957647
        ]
      },
      "id": "node/3815692562"
    },
    {
      "type": "Feature",
      "properties": {
        "@id": "node/3815692563",
        "clans": "bassossi",
        "clctn_diff": "no farm to market road",
        "cmposition": "mixed",
        "difficulti": "no farm to market road, no means to support farm work, no market to sel food crops",
        "ethnc_grps": "mba",
        "lngs_spokn": "mba",
        "name": "Ntale",
        "place": "village",
        "pop_ad_fem": "199",
        "pop_ad_mal": "194",
        "pop_total": "393",
        "pov_perc": "dont have market to sel food crops",
        "trad_org": "the chief, councelor, family head, and the youth"
      },
      "geometry": {
        "type": "Point",
        "coordinates": [
          9.5722644,
          5.2503312
        ]
      },
      "id": "node/3815692563"
    },
    {
      "type": "Feature",
      "properties": {
        "@id": "node/3815708657",
        "clans": "mbo",
        "ethnc_grps": "mbo",
        "name": "Etawang",
        "place": "village"
      },
      "geometry": {
        "type": "Point",
        "coordinates": [
          9.7578398,
          5.4411059
        ]
      },
      "id": "node/3815708657"
    },
    {
      "type": "Feature",
      "properties": {
        "@id": "node/3815708658",
        "clans": "lower mbo",
        "clctn_diff": "no road",
        "cmposition": "indigenous peoples",
        "difficulti": "difficulties to manipulate the GPS tablette",
        "ethnc_grps": "mbo",
        "lngs_spokn": "etodi",
        "name": "Etodi",
        "place": "village",
        "pop_ad_fem": "44",
        "pop_ad_mal": "52",
        "pop_total": "209",
        "pov_perc": "insuficient mean to increase farm land cultivation",
        "trad_org": "the chief, the notable, the youth and the women"
      },
      "geometry": {
        "type": "Point",
        "coordinates": [
          9.7568414,
          5.3711369
        ]
      },
      "id": "node/3815708658"
    },
    {
      "type": "Feature",
      "properties": {
        "@id": "node/3815708659",
        "clans": "mbo",
        "ethnc_grps": "mbo",
        "name": "Nzoa",
        "place": "village"
      },
      "geometry": {
        "type": "Point",
        "coordinates": [
          9.7481723,
          5.4310561
        ]
      },
      "id": "node/3815708659"
    },
    {
      "type": "Feature",
      "properties": {
        "@id": "node/3816762789",
        "clans": "mbo",
        "ethnc_grps": "mbo",
        "name": "Kamelumpe",
        "place": "village"
      },
      "geometry": {
        "type": "Point",
        "coordinates": [
          9.7217841,
          5.3478428
        ]
      },
      "id": "node/3816762789"
    },
    {
      "type": "Feature",
      "properties": {
        "@id": "node/3816774554",
        "clans": "mbo",
        "ethnc_grps": "mbo",
        "name": "Ehuyampe",
        "place": "village"
      },
      "geometry": {
        "type": "Point",
        "coordinates": [
          9.7603056,
          5.3390797
        ]
      },
      "id": "node/3816774554"
    },
    {
      "type": "Feature",
      "properties": {
        "@id": "node/3816774555",
        "clans": "mbo",
        "ethnc_grps": "mbo",
        "name": "Tabankwa",
        "place": "village"
      },
      "geometry": {
        "type": "Point",
        "coordinates": [
          9.7833594,
          5.343727
        ]
      },
      "id": "node/3816774555"
    },
    {
      "type": "Feature",
      "properties": {
        "@id": "node/3816783203",
        "clans": "mbo",
        "ethnc_grps": "mbo",
        "name": "Ekwenzo",
        "place": "village"
      },
      "geometry": {
        "type": "Point",
        "coordinates": [
          9.7503359,
          5.3044147
        ]
      },
      "id": "node/3816783203"
    },
    {
      "type": "Feature",
      "properties": {
        "@id": "node/3816795458",
        "clans": "upper nkong mbeng",
        "clctn_diff": "insufficient means to improve foot crops production",
        "cmposition": "bantu",
        "difficulti": "insufficient means to improve foot crops production",
        "ethnc_grps": "mbo",
        "lngs_spokn": "mbo",
        "name": "Dinte",
        "place": "village",
        "pop_ad_fem": "186",
        "pop_ad_mal": "208",
        "pop_total": "394",
        "pov_perc": "no means to satisfed our need every day",
        "trad_org": "the chief, the notables, the youth and the women group"
      },
      "geometry": {
        "type": "Point",
        "coordinates": [
          9.8471334,
          5.3609442
        ]
      },
      "id": "node/3816795458"
    },
    {
      "type": "Feature",
      "properties": {
        "@id": "node/3816795459",
        "clans": "mbo",
        "ethnc_grps": "mbo",
        "name": "Fonven lekwe",
        "place": "village"
      },
      "geometry": {
        "type": "Point",
        "coordinates": [
          9.8279326,
          5.3769593
        ]
      },
      "id": "node/3816795459"
    },
    {
      "type": "Feature",
      "properties": {
        "@id": "node/3816795460",
        "clans": "upper kong mbeng",
        "clctn_diff": "insuficient means to improve food crop",
        "cmposition": "bantu",
        "difficulti": "no farm to market road",
        "ethnc_grps": "Mbo",
        "lngs_spokn": "mbo",
        "name": "Mbetta",
        "place": "village",
        "pop_ad_fem": "247",
        "pop_ad_mal": "217",
        "pop_total": "518",
        "pov_perc": "insufficient mean to improve one's need",
        "trad_org": "the chief, the notable, the youth and the women"
      },
      "geometry": {
        "type": "Point",
        "coordinates": [
          9.8379328,
          5.364821
        ]
      },
      "id": "node/3816795460"
    },
    {
      "type": "Feature",
      "properties": {
        "@id": "node/3816800857",
        "clans": "upper kongho mbo",
        "clctn_diff": "bad road access",
        "cmposition": "bantu",
        "difficulti": "the accessibility to the various point of the communities activities is not and easy task due to the landscape of the area",
        "ethnc_grps": "Mbo",
        "lngs_spokn": "mbo",
        "name": "Lebeh",
        "place": "village",
        "pop_ad_fem": "188",
        "pop_ad_mal": "160",
        "pop_total": "192",
        "pov_perc": "unsuficient means to satisfy one's need",
        "trad_org": "The chief, the notable, the mens group and the women group"
      },
      "geometry": {
        "type": "Point",
        "coordinates": [
          9.8711749,
          5.3913578
        ]
      },
      "id": "node/3816800857"
    },
    {
      "type": "Feature",
      "properties": {
        "@id": "node/3816800858",
        "clans": "Upper Nkongho Mbo",
        "clctn_diff": "bad road access, no electricity, much hilling area",
        "cmposition": "bantu",
        "difficulti": "the area is having to much hill",
        "ethnc_grps": "Mbo",
        "lngs_spokn": "Mbo",
        "name": "Njungo",
        "place": "village",
        "pop_ad_fem": "736",
        "pop_ad_mal": "842",
        "pop_total": "1578",
        "pov_perc": "inhability to satisfy our need",
        "trad_org": "The Chief, the the notable, the traditional council, te women group and the elite"
      },
      "geometry": {
        "type": "Point",
        "coordinates": [
          9.8730913,
          5.3799379
        ]
      },
      "id": "node/3816800858"
    },
    {
      "type": "Feature",
      "properties": {
        "@id": "node/3823264261",
        "name": "Fontem",
        "place": "town",
        "wikidata": "Q9261275"
      },
      "geometry": {
        "type": "Point",
        "coordinates": [
          9.8556623,
          5.4885236
        ]
      },
      "id": "node/3823264261"
    },
    {
      "type": "Feature",
      "properties": {
        "@id": "node/3955875197",
        "name": "Barah",
        "place": "village"
      },
      "geometry": {
        "type": "Point",
        "coordinates": [
          9.727958,
          5.5130065
        ]
      },
      "id": "node/3955875197"
    },
    {
      "type": "Feature",
      "properties": {
        "@id": "node/4026009120",
        "name": "Ebanga",
        "place": "village"
      },
      "geometry": {
        "type": "Point",
        "coordinates": [
          9.3914002,
          5.2075139
        ]
      },
      "id": "node/4026009120"
    },
    {
      "type": "Feature",
      "properties": {
        "@id": "node/4244287920",
        "name": "Egbemoh",
        "place": "village",
        "population": "42",
        "wikidata": "Q60848773",
        "wikipedia": "fr:Egbemoh"
      },
      "geometry": {
        "type": "Point",
        "coordinates": [
          9.5574502,
          5.7488028
        ]
      },
      "id": "node/4244287920"
    },
    {
      "type": "Feature",
      "properties": {
        "@id": "node/4248194088",
        "name": "Bakumba",
        "place": "village",
        "population": "560"
      },
      "geometry": {
        "type": "Point",
        "coordinates": [
          9.5771326,
          5.8308393
        ]
      },
      "id": "node/4248194088"
    },
    {
      "type": "Feature",
      "properties": {
        "@id": "node/4248197269",
        "name": "Ayukaba",
        "place": "village"
      },
      "geometry": {
        "type": "Point",
        "coordinates": [
          9.6040726,
          5.8771555
        ]
      },
      "id": "node/4248197269"
    },
    {
      "type": "Feature",
      "properties": {
        "@id": "node/4248236834",
        "name": "Ombe",
        "place": "village"
      },
      "geometry": {
        "type": "Point",
        "coordinates": [
          9.627365,
          5.859354
        ]
      },
      "id": "node/4248236834"
    },
    {
      "type": "Feature",
      "properties": {
        "@id": "node/4248280867",
        "name": "Adjeli",
        "place": "village",
        "wikidata": "Q60848798",
        "wikipedia": "fr:Adjeli"
      },
      "geometry": {
        "type": "Point",
        "coordinates": [
          9.6432648,
          5.8422493
        ]
      },
      "id": "node/4248280867"
    },
    {
      "type": "Feature",
      "properties": {
        "@id": "node/4248281786",
        "name": "Chinda",
        "place": "village"
      },
      "geometry": {
        "type": "Point",
        "coordinates": [
          9.6544474,
          5.8323377
        ]
      },
      "id": "node/4248281786"
    },
    {
      "type": "Feature",
      "properties": {
        "@id": "node/4260358557",
        "name": "Besubia",
        "place": "village"
      },
      "geometry": {
        "type": "Point",
        "coordinates": [
          9.618746,
          5.8706167
        ]
      },
      "id": "node/4260358557"
    },
    {
      "type": "Feature",
      "properties": {
        "@id": "node/4296134474",
        "name": "Amebisu",
        "place": "village"
      },
      "geometry": {
        "type": "Point",
        "coordinates": [
          9.5597716,
          5.8967722
        ]
      },
      "id": "node/4296134474"
    },
    {
      "type": "Feature",
      "properties": {
        "@id": "node/4305871333",
        "name": "Mantah I",
        "place": "village"
      },
      "geometry": {
        "type": "Point",
        "coordinates": [
          9.6036001,
          5.9501927
        ]
      },
      "id": "node/4305871333"
    },
    {
      "type": "Feature",
      "properties": {
        "@id": "node/4305890496",
        "name": "Batambe",
        "place": "village"
      },
      "geometry": {
        "type": "Point",
        "coordinates": [
          9.6017271,
          5.958603
        ]
      },
      "id": "node/4305890496"
    },
    {
      "type": "Feature",
      "properties": {
        "@id": "node/4305921560",
        "name": "Mantah II",
        "place": "village"
      },
      "geometry": {
        "type": "Point",
        "coordinates": [
          9.6013394,
          5.9757912
        ]
      },
      "id": "node/4305921560"
    },
    {
      "type": "Feature",
      "properties": {
        "@id": "node/4336659949",
        "name": "Moshie",
        "place": "village",
        "population": "800"
      },
      "geometry": {
        "type": "Point",
        "coordinates": [
          9.7346887,
          5.7387966
        ]
      },
      "id": "node/4336659949"
    },
    {
      "type": "Feature",
      "properties": {
        "@id": "node/4336663937",
        "name": "Numba Batoh",
        "place": "village",
        "population": "375"
      },
      "geometry": {
        "type": "Point",
        "coordinates": [
          9.7033585,
          5.7957944
        ]
      },
      "id": "node/4336663937"
    },
    {
      "type": "Feature",
      "properties": {
        "@id": "node/4338082619",
        "name": "Numba Afu",
        "place": "village",
        "population": "220"
      },
      "geometry": {
        "type": "Point",
        "coordinates": [
          9.7185331,
          5.8233776
        ]
      },
      "id": "node/4338082619"
    },
    {
      "type": "Feature",
      "properties": {
        "@id": "node/4344862557",
        "name": "Numba Ati",
        "place": "village"
      },
      "geometry": {
        "type": "Point",
        "coordinates": [
          9.7169641,
          5.828032
        ]
      },
      "id": "node/4344862557"
    },
    {
      "type": "Feature",
      "properties": {
        "@id": "node/4475673526",
        "name": "New Town Barombi",
        "place": "village",
        "population": "2500"
      },
      "geometry": {
        "type": "Point",
        "coordinates": [
          9.2794968,
          4.4972864
        ]
      },
      "id": "node/4475673526"
    },
    {
      "type": "Feature",
      "properties": {
        "@id": "node/4496741555",
        "name": "Mbakwa Supe",
        "place": "village"
      },
      "geometry": {
        "type": "Point",
        "coordinates": [
          9.4192033,
          5.0128157
        ]
      },
      "id": "node/4496741555"
    },
    {
      "type": "Feature",
      "properties": {
        "@id": "node/4713742636",
        "name": "Talangaye",
        "place": "village"
      },
      "geometry": {
        "type": "Point",
        "coordinates": [
          9.3822474,
          5.14555
        ]
      },
      "id": "node/4713742636"
    },
    {
      "type": "Feature",
      "properties": {
        "@id": "node/4713744384",
        "name": "Ekita",
        "place": "village"
      },
      "geometry": {
        "type": "Point",
        "coordinates": [
          9.3869037,
          5.1389677
        ]
      },
      "id": "node/4713744384"
    },
    {
      "type": "Feature",
      "properties": {
        "@id": "node/4742790493",
        "name": "Akwen",
        "place": "village"
      },
      "geometry": {
        "type": "Point",
        "coordinates": [
          9.0652455,
          5.7570445
        ]
      },
      "id": "node/4742790493"
    },
    {
      "type": "Feature",
      "properties": {
        "@id": "node/4786365757",
        "name": "Bokwa II",
        "place": "village"
      },
      "geometry": {
        "type": "Point",
        "coordinates": [
          9.7259312,
          5.7416925
        ]
      },
      "id": "node/4786365757"
    },
    {
      "type": "Feature",
      "properties": {
        "@id": "node/4786370551",
        "name": "Mbeme",
        "place": "village"
      },
      "geometry": {
        "type": "Point",
        "coordinates": [
          9.7208374,
          5.7441013
        ]
      },
      "id": "node/4786370551"
    },
    {
      "type": "Feature",
      "properties": {
        "@id": "node/5288005865",
        "name": "Dadi",
        "place": "village",
        "wikidata": "Q56311570",
        "wikipedia": "fr:Dadi (Akwaya)"
      },
      "geometry": {
        "type": "Point",
        "coordinates": [
          9.0857958,
          5.996151
        ]
      },
      "id": "node/5288005865"
    },
    {
      "type": "Feature",
      "properties": {
        "@id": "node/5719497957",
        "place": "village"
      },
      "geometry": {
        "type": "Point",
        "coordinates": [
          9.1409886,
          4.458964
        ]
      },
      "id": "node/5719497957"
    },
    {
      "type": "Feature",
      "properties": {
        "@id": "node/5773233799",
        "fixme": "name",
        "place": "village"
      },
      "geometry": {
        "type": "Point",
        "coordinates": [
          8.5552704,
          4.5443189
        ]
      },
      "id": "node/5773233799"
    },
    {
      "type": "Feature",
      "properties": {
        "@id": "node/5773233800",
        "fixme": "name",
        "place": "village"
      },
      "geometry": {
        "type": "Point",
        "coordinates": [
          8.5592937,
          4.5151849
        ]
      },
      "id": "node/5773233800"
    },
    {
      "type": "Feature",
      "properties": {
        "@id": "node/5773233801",
        "fixme": "name",
        "place": "village"
      },
      "geometry": {
        "type": "Point",
        "coordinates": [
          8.5512466,
          4.5120317
        ]
      },
      "id": "node/5773233801"
    },
    {
      "type": "Feature",
      "properties": {
        "@id": "node/5773233802",
        "fixme": "name",
        "place": "village"
      },
      "geometry": {
        "type": "Point",
        "coordinates": [
          8.5540795,
          4.5143827
        ]
      },
      "id": "node/5773233802"
    },
    {
      "type": "Feature",
      "properties": {
        "@id": "node/5773233803",
        "fixme": "name",
        "place": "village"
      },
      "geometry": {
        "type": "Point",
        "coordinates": [
          8.5683382,
          4.5380623
        ]
      },
      "id": "node/5773233803"
    },
    {
      "type": "Feature",
      "properties": {
        "@id": "node/5773398310",
        "place": "village"
      },
      "geometry": {
        "type": "Point",
        "coordinates": [
          8.7008393,
          4.8522922
        ]
      },
      "id": "node/5773398310"
    },
    {
      "type": "Feature",
      "properties": {
        "@id": "node/5773399363",
        "place": "village"
      },
      "geometry": {
        "type": "Point",
        "coordinates": [
          8.5694379,
          4.7918781
        ]
      },
      "id": "node/5773399363"
    },
    {
      "type": "Feature",
      "properties": {
        "@id": "node/6950811962",
        "name": "Tafu",
        "place": "village"
      },
      "geometry": {
        "type": "Point",
        "coordinates": [
          9.5467758,
          5.7674347
        ]
      },
      "id": "node/6950811962"
    },
    {
      "type": "Feature",
      "properties": {
        "@id": "node/7600812530",
        "place": "village"
      },
      "geometry": {
        "type": "Point",
        "coordinates": [
          9.4746405,
          4.1166003
        ]
      },
      "id": "node/7600812530"
    },
    {
      "type": "Feature",
      "properties": {
        "@id": "node/7618292039",
        "name": "Matene",
        "place": "village"
      },
      "geometry": {
        "type": "Point",
        "coordinates": [
          9.3564355,
          6.2688026
        ]
      },
      "id": "node/7618292039"
    },
    {
      "type": "Feature",
      "properties": {
        "@id": "node/7618292040",
        "name": "Kalumo",
        "place": "village"
      },
      "geometry": {
        "type": "Point",
        "coordinates": [
          9.4216883,
          6.3090016
        ]
      },
      "id": "node/7618292040"
    },
    {
      "type": "Feature",
      "properties": {
        "@id": "node/7618312534",
        "name": "Ngale",
        "name:fr": "Ngale",
        "place": "village"
      },
      "geometry": {
        "type": "Point",
        "coordinates": [
          9.4732833,
          6.428279
        ]
      },
      "id": "node/7618312534"
    },
    {
      "type": "Feature",
      "properties": {
        "@id": "node/7618330151",
        "name": "Obonyi III",
        "place": "village"
      },
      "geometry": {
        "type": "Point",
        "coordinates": [
          9.2868,
          6.1297434
        ]
      },
      "id": "node/7618330151"
    },
    {
      "type": "Feature",
      "properties": {
        "@id": "node/7618330152",
        "name": "Obonyi I",
        "place": "village"
      },
      "geometry": {
        "type": "Point",
        "coordinates": [
          9.2585671,
          6.1313382
        ]
      },
      "id": "node/7618330152"
    },
    {
      "type": "Feature",
      "properties": {
        "@id": "node/8196345827",
        "place": "village"
      },
      "geometry": {
        "type": "Point",
        "coordinates": [
          9.3478525,
          6.022463
        ]
      },
      "id": "node/8196345827"
    },
    {
      "type": "Feature",
      "properties": {
        "@id": "node/8241481977",
        "name": "Nsanakang",
        "place": "village",
        "wikidata": "Q60848703",
        "wikipedia": "fr:Nsanakang"
      },
      "geometry": {
        "type": "Point",
        "coordinates": [
          8.9789057,
          5.8818796
        ]
      },
      "id": "node/8241481977"
    },
    {
      "type": "Feature",
      "properties": {
        "@id": "node/8378179042",
        "name": "Muabing",
        "place": "village"
      },
      "geometry": {
        "type": "Point",
        "coordinates": [
          9.7438645,
          5.0408481
        ]
      },
      "id": "node/8378179042"
    },
    {
      "type": "Feature",
      "properties": {
        "@id": "node/8380094092",
        "name": "Elum",
        "place": "village",
        "source": "WRI_2005"
      },
      "geometry": {
        "type": "Point",
        "coordinates": [
          9.7449553,
          5.0420808
        ]
      },
      "id": "node/8380094092"
    },
    {
      "type": "Feature",
      "properties": {
        "@id": "node/8432399871",
        "place": "village"
      },
      "geometry": {
        "type": "Point",
        "coordinates": [
          8.6041456,
          4.6996271
        ]
      },
      "id": "node/8432399871"
    },
    {
      "type": "Feature",
      "properties": {
        "@id": "node/8432399872",
        "name": "Ifunia",
        "place": "village"
      },
      "geometry": {
        "type": "Point",
        "coordinates": [
          8.5848927,
          4.7013245
        ]
      },
      "id": "node/8432399872"
    },
    {
      "type": "Feature",
      "properties": {
        "@id": "node/8432399885",
        "name": "Kilina",
        "place": "village"
      },
      "geometry": {
        "type": "Point",
        "coordinates": [
          8.5979176,
          4.7305338
        ]
      },
      "id": "node/8432399885"
    },
    {
      "type": "Feature",
      "properties": {
        "@id": "node/8432399886",
        "place": "village"
      },
      "geometry": {
        "type": "Point",
        "coordinates": [
          8.5675228,
          4.7312662
        ]
      },
      "id": "node/8432399886"
    },
    {
      "type": "Feature",
      "properties": {
        "@id": "node/8432399893",
        "place": "village"
      },
      "geometry": {
        "type": "Point",
        "coordinates": [
          8.5519499,
          4.7450538
        ]
      },
      "id": "node/8432399893"
    },
    {
      "type": "Feature",
      "properties": {
        "@id": "node/8432399895",
        "place": "village"
      },
      "geometry": {
        "type": "Point",
        "coordinates": [
          8.5515609,
          4.7505014
        ]
      },
      "id": "node/8432399895"
    },
    {
      "type": "Feature",
      "properties": {
        "@id": "node/8432399896",
        "place": "village"
      },
      "geometry": {
        "type": "Point",
        "coordinates": [
          8.5540259,
          4.756243
        ]
      },
      "id": "node/8432399896"
    },
    {
      "type": "Feature",
      "properties": {
        "@id": "node/8554148551",
        "name": "Enyenge",
        "place": "village"
      },
      "geometry": {
        "type": "Point",
        "coordinates": [
          8.9396012,
          4.2583553
        ]
      },
      "id": "node/8554148551"
    },
    {
      "type": "Feature",
      "properties": {
        "@id": "node/8747669095",
        "name": "Menji",
        "place": "village"
      },
      "geometry": {
        "type": "Point",
        "coordinates": [
          9.8508508,
          5.4890756
        ]
      },
      "id": "node/8747669095"
    },
    {
      "type": "Feature",
      "properties": {
        "@id": "node/8762788071",
        "place": "village"
      },
      "geometry": {
        "type": "Point",
        "coordinates": [
          8.7192041,
          4.7671026
        ]
      },
      "id": "node/8762788071"
    },
    {
      "type": "Feature",
      "properties": {
        "@id": "node/8762806346",
        "alt_name": "Mbulu Camp",
        "alt_name:fr": "Mbulu Camp",
        "name": "Bulu Camp",
        "name:fr": "Bulu Camp",
        "place": "village",
        "wikidata": "Q109017726",
        "wikipedia": "fr:Bulu Camp"
      },
      "geometry": {
        "type": "Point",
        "coordinates": [
          8.8649596,
          4.9310901
        ]
      },
      "id": "node/8762806346"
    },
    {
      "type": "Feature",
      "properties": {
        "@id": "node/8762841158",
        "name": "Manja",
        "place": "village",
        "wikidata": "Q28040744",
        "wikipedia": "fr:Manja (Mundemba)"
      },
      "geometry": {
        "type": "Point",
        "coordinates": [
          8.9181666,
          4.980398
        ]
      },
      "id": "node/8762841158"
    },
    {
      "type": "Feature",
      "properties": {
        "@id": "node/8762864117",
        "name": "Lobe Estate",
        "place": "village"
      },
      "geometry": {
        "type": "Point",
        "coordinates": [
          9.0774249,
          4.6005689
        ]
      },
      "id": "node/8762864117"
    },
    {
      "type": "Feature",
      "properties": {
        "@id": "node/8764855191",
        "place": "village"
      },
      "geometry": {
        "type": "Point",
        "coordinates": [
          8.8414227,
          4.7220815
        ]
      },
      "id": "node/8764855191"
    },
    {
      "type": "Feature",
      "properties": {
        "@id": "node/8764869917",
        "place": "village"
      },
      "geometry": {
        "type": "Point",
        "coordinates": [
          8.8279537,
          4.6516251
        ]
      },
      "id": "node/8764869917"
    },
    {
      "type": "Feature",
      "properties": {
        "@id": "node/8764869918",
        "place": "village"
      },
      "geometry": {
        "type": "Point",
        "coordinates": [
          8.816667,
          4.6251892
        ]
      },
      "id": "node/8764869918"
    },
    {
      "type": "Feature",
      "properties": {
        "@id": "node/10810832366",
        "name": "Mboko I",
        "place": "village"
      },
      "geometry": {
        "type": "Point",
        "coordinates": [
          9.2951095,
          3.972491
        ]
      },
      "id": "node/10810832366"
    },
    {
      "type": "Feature",
      "properties": {
        "@id": "node/10810870955",
        "name": "Bonjo",
        "place": "village"
      },
      "geometry": {
        "type": "Point",
        "coordinates": [
          9.216789,
          3.9948494
        ]
      },
      "id": "node/10810870955"
    },
    {
      "type": "Feature",
      "properties": {
        "@id": "node/10810870956",
        "name": "King William Town",
        "place": "village"
      },
      "geometry": {
        "type": "Point",
        "coordinates": [
          9.2502254,
          3.9541725
        ]
      },
      "id": "node/10810870956"
    },
    {
      "type": "Feature",
      "properties": {
        "@id": "node/10824366233",
        "name": "Muakwe",
        "place": "village"
      },
      "geometry": {
        "type": "Point",
        "coordinates": [
          9.7730342,
          5.1091304
        ]
      },
      "id": "node/10824366233"
    },
    {
      "type": "Feature",
      "properties": {
        "@id": "node/11018751757",
        "name": "Toko",
        "place": "town"
      },
      "geometry": {
        "type": "Point",
        "coordinates": [
          9.1344451,
          5.0451616
        ]
      },
      "id": "node/11018751757"
    }
  ]
}