{
  "type": "FeatureCollection",
  "generator": "overpass-turbo",
  "copyright": "The data included in this document is from www.openstreetmap.org. The data is made available under ODbL.",
  "timestamp": "2025-08-22T19:52:02Z",
  "features": [
    {
      "type": "Feature",
      "properties": {
        "@id": "node/251273478",
        "name": "Campo",
        "name:es": "Campo",
        "place": "town",
        "rank": "0",
        "wikidata": "Q1100812"
      },
      "geometry": {
        "type": "Point",
        "coordinates": [
          9.8299258,
          2.3779586
        ]
      },
      "id": "node/251273478"
    },
    {
      "type": "Feature",
      "properties": {
        "@id": "node/251375289",
        "name": "Bipindi",
        "note": "rank=0 car commune",
        "place": "town",
        "rank": "0",
        "wikidata": "Q4915448"
      },
      "geometry": {
        "type": "Point",
        "coordinates": [
          10.4112806,
          3.0779049
        ]
      },
      "id": "node/251375289"
    },
    {
      "type": "Feature",
      "properties": {
        "@id": "node/251696527",
        "name": "Djoum",
        "note": "rank=0 car commune",
        "place": "town",
        "rank": "0",
        "wikidata": "Q3033077"
      },
      "geometry": {
        "type": "Point",
        "coordinates": [
          12.6780673,
          2.6722719
        ]
      },
      "id": "node/251696527"
    },
    {
      "type": "Feature",
      "properties": {
        "@id": "node/251697783",
        "name": "Meyomessi",
        "note": "rank=0 car commune",
        "place": "town",
        "rank": "0",
        "wikidata": "Q6826542"
      },
      "geometry": {
        "type": "Point",
        "coordinates": [
          12.206767,
          2.816982
        ]
      },
      "id": "node/251697783"
    },
    {
      "type": "Feature",
      "properties": {
        "@id": "node/252566641",
        "name": "Mintom II",
        "place": "town",
        "wikidata": "Q6869679",
        "wikipedia": "fr:Mintom"
      },
      "geometry": {
        "type": "Point",
        "coordinates": [
          13.2869588,
          2.6952455
        ]
      },
      "id": "node/252566641"
    },
    {
      "type": "Feature",
      "properties": {
        "@id": "node/331134393",
        "name": "Kribi",
        "name:ru": "Криби",
        "note": "rank=0 car prefecture",
        "place": "city",
        "rank": "0",
        "wikidata": "Q997121",
        "wikipedia": "en:Kribi"
      },
      "geometry": {
        "type": "Point",
        "coordinates": [
          9.9126989,
          2.9434098
        ]
      },
      "id": "node/331134393"
    },
    {
      "type": "Feature",
      "properties": {
        "@id": "way/767974933",
        "landuse": "residential",
        "name": "Onon 1",
        "place": "village",
        "@geometry": "center"
      },
      "geometry": {
        "type": "Point",
        "coordinates": [
          12.4580451,
          2.395166
        ]
      },
      "id": "way/767974933"
    },
    {
      "type": "Feature",
      "properties": {
        "@id": "node/921137780",
        "name": "Mindimi",
        "place": "village"
      },
      "geometry": {
        "type": "Point",
        "coordinates": [
          12.4480581,
          3.452191
        ]
      },
      "id": "node/921137780"
    },
    {
      "type": "Feature",
      "properties": {
        "@id": "node/921144061",
        "name": "Nlobessé",
        "place": "village",
        "source": "geonames.org"
      },
      "geometry": {
        "type": "Point",
        "coordinates": [
          12.4272529,
          3.11889
        ]
      },
      "id": "node/921144061"
    },
    {
      "type": "Feature",
      "properties": {
        "@id": "node/921144583",
        "name": "Biba",
        "place": "village",
        "source": "geonames.org"
      },
      "geometry": {
        "type": "Point",
        "coordinates": [
          12.1215779,
          3.3172158
        ]
      },
      "id": "node/921144583"
    },
    {
      "type": "Feature",
      "properties": {
        "@id": "node/921217193",
        "name": "Mékas",
        "place": "village"
      },
      "geometry": {
        "type": "Point",
        "coordinates": [
          12.5259271,
          3.1752422
        ]
      },
      "id": "node/921217193"
    },
    {
      "type": "Feature",
      "properties": {
        "@id": "node/926085634",
        "name": "Ngoazik",
        "place": "village"
      },
      "geometry": {
        "type": "Point",
        "coordinates": [
          11.3061646,
          2.2956368
        ]
      },
      "id": "node/926085634"
    },
    {
      "type": "Feature",
      "properties": {
        "@id": "node/928411132",
        "name": "Abang Minko'o",
        "place": "village"
      },
      "geometry": {
        "type": "Point",
        "coordinates": [
          11.4471783,
          2.3002728
        ]
      },
      "id": "node/928411132"
    },
    {
      "type": "Feature",
      "properties": {
        "@id": "node/928411196",
        "name": "Ntemsi",
        "place": "village",
        "source": "WRI_2005"
      },
      "geometry": {
        "type": "Point",
        "coordinates": [
          11.4403349,
          2.309904
        ]
      },
      "id": "node/928411196"
    },
    {
      "type": "Feature",
      "properties": {
        "@id": "node/928414329",
        "alt_name": "Ngoulémakong",
        "name": "Ngoulemakong",
        "note": "rank=0 car commune",
        "place": "town",
        "rank": "0"
      },
      "geometry": {
        "type": "Point",
        "coordinates": [
          11.4222498,
          3.081121
        ]
      },
      "id": "node/928414329"
    },
    {
      "type": "Feature",
      "properties": {
        "@id": "node/928414346",
        "name": "Mengong",
        "note": "rank=0 car commune",
        "place": "town",
        "rank": "0",
        "wikidata": "Q6817020"
      },
      "geometry": {
        "type": "Point",
        "coordinates": [
          11.400536,
          2.9367436
        ]
      },
      "id": "node/928414346"
    },
    {
      "type": "Feature",
      "properties": {
        "@id": "node/928414928",
        "admin_level": "4",
        "capital": "4",
        "name": "Ebolowa",
        "name:en": "Ebolowa",
        "name:ko": "에볼로와",
        "name:ru": "Эболова",
        "note": "rank=0 car préfeccture",
        "place": "city",
        "population": "641000",
        "rank": "0",
        "wikidata": "Q910616",
        "wikipedia": "en:Ebolowa"
      },
      "geometry": {
        "type": "Point",
        "coordinates": [
          11.1516632,
          2.919384
        ]
      },
      "id": "node/928414928"
    },
    {
      "type": "Feature",
      "properties": {
        "@id": "node/943248746",
        "name": "Sangmélima",
        "note": "rank=0 car prefecture",
        "place": "city",
        "rank": "0",
        "wikidata": "Q2708780",
        "wikipedia": "en:Sangmélima"
      },
      "geometry": {
        "type": "Point",
        "coordinates": [
          11.975646,
          2.936176
        ]
      },
      "id": "node/943248746"
    },
    {
      "type": "Feature",
      "properties": {
        "@id": "node/2094926787",
        "name": "Néméyong",
        "place": "village"
      },
      "geometry": {
        "type": "Point",
        "coordinates": [
          11.3929908,
          2.9256621
        ]
      },
      "id": "node/2094926787"
    },
    {
      "type": "Feature",
      "properties": {
        "@id": "node/2101805815",
        "name": "Mvengue",
        "note": "rank=0 car commune",
        "place": "town",
        "rank": "0",
        "surface": "paved",
        "wikidata": "Q6944577"
      },
      "geometry": {
        "type": "Point",
        "coordinates": [
          10.9716645,
          3.2879253
        ]
      },
      "id": "node/2101805815"
    },
    {
      "type": "Feature",
      "properties": {
        "@id": "node/2101830082",
        "name": "Ebom",
        "place": "village"
      },
      "geometry": {
        "type": "Point",
        "coordinates": [
          11.0521653,
          3.2884728
        ]
      },
      "id": "node/2101830082"
    },
    {
      "type": "Feature",
      "properties": {
        "@id": "node/2146722069",
        "name": "Mabiogo",
        "place": "village"
      },
      "geometry": {
        "type": "Point",
        "coordinates": [
          9.8688563,
          2.2993696
        ]
      },
      "id": "node/2146722069"
    },
    {
      "type": "Feature",
      "properties": {
        "@id": "node/2154279555",
        "name": "Djom",
        "place": "village"
      },
      "geometry": {
        "type": "Point",
        "coordinates": [
          11.1418559,
          3.1472619
        ]
      },
      "id": "node/2154279555"
    },
    {
      "type": "Feature",
      "properties": {
        "@id": "node/2183412258",
        "name": "Ngoyang",
        "place": "village",
        "population": "100"
      },
      "geometry": {
        "type": "Point",
        "coordinates": [
          10.7567022,
          3.3454171
        ]
      },
      "id": "node/2183412258"
    },
    {
      "type": "Feature",
      "properties": {
        "@id": "node/2313461690",
        "name": "Nsimi",
        "place": "village"
      },
      "geometry": {
        "type": "Point",
        "coordinates": [
          11.823995,
          3.1660722
        ]
      },
      "id": "node/2313461690"
    },
    {
      "type": "Feature",
      "properties": {
        "@id": "node/2363063920",
        "name": "Bernbé",
        "place": "village"
      },
      "geometry": {
        "type": "Point",
        "coordinates": [
          11.3334371,
          2.9709855
        ]
      },
      "id": "node/2363063920"
    },
    {
      "type": "Feature",
      "properties": {
        "@id": "node/2389528325",
        "name": "Aboulou",
        "place": "village",
        "source": "WRI_2005"
      },
      "geometry": {
        "type": "Point",
        "coordinates": [
          12.0553332,
          2.2983717
        ]
      },
      "id": "node/2389528325"
    },
    {
      "type": "Feature",
      "properties": {
        "@id": "node/2389528482",
        "name": "Oveng",
        "name:fr": "Oveng",
        "place": "town"
      },
      "geometry": {
        "type": "Point",
        "coordinates": [
          12.2601387,
          2.421027
        ]
      },
      "id": "node/2389528482"
    },
    {
      "type": "Feature",
      "properties": {
        "@id": "node/2389531776",
        "name": "Olamzé",
        "note": "rank=0 car commune",
        "place": "town",
        "rank": "0"
      },
      "geometry": {
        "type": "Point",
        "coordinates": [
          11.0907626,
          2.211514
        ]
      },
      "id": "node/2389531776"
    },
    {
      "type": "Feature",
      "properties": {
        "@id": "node/2389748185",
        "alt_name": "Akom 2",
        "name": "Akom II",
        "note": "rank=0 car commune",
        "place": "town",
        "rank": "0",
        "wikidata": "Q2829114"
      },
      "geometry": {
        "type": "Point",
        "coordinates": [
          10.5443068,
          2.8132905
        ]
      },
      "id": "node/2389748185"
    },
    {
      "type": "Feature",
      "properties": {
        "@id": "node/2411931751",
        "name": "Akon",
        "place": "village",
        "source": "WRI_2005"
      },
      "geometry": {
        "type": "Point",
        "coordinates": [
          11.9779442,
          2.9436491
        ]
      },
      "id": "node/2411931751"
    },
    {
      "type": "Feature",
      "properties": {
        "@id": "node/2424738953",
        "name": "Ma'an",
        "note": "rank=0 car ville frontalière importante",
        "place": "town",
        "rank": "0",
        "wikidata": "Q3273390"
      },
      "geometry": {
        "type": "Point",
        "coordinates": [
          10.6292459,
          2.3715993
        ]
      },
      "id": "node/2424738953"
    },
    {
      "type": "Feature",
      "properties": {
        "@id": "node/2434068886",
        "designation": "Village",
        "name": "Dzeng",
        "note": "position approximative",
        "place": "village",
        "source": "Wv"
      },
      "geometry": {
        "type": "Point",
        "coordinates": [
          11.1164219,
          3.0146715
        ]
      },
      "id": "node/2434068886"
    },
    {
      "type": "Feature",
      "properties": {
        "@id": "node/2434071764",
        "designation": "town",
        "name": "Ngomedzap",
        "note": "position approximative",
        "place": "town",
        "source": "wv"
      },
      "geometry": {
        "type": "Point",
        "coordinates": [
          11.9213068,
          3.3325149
        ]
      },
      "id": "node/2434071764"
    },
    {
      "type": "Feature",
      "properties": {
        "@id": "node/2444189618",
        "name": "Meyiboto",
        "place": "village"
      },
      "geometry": {
        "type": "Point",
        "coordinates": [
          13.2899116,
          2.7020065
        ]
      },
      "id": "node/2444189618"
    },
    {
      "type": "Feature",
      "properties": {
        "@id": "node/2444194134",
        "name": "Mbouma",
        "place": "village"
      },
      "geometry": {
        "type": "Point",
        "coordinates": [
          13.0807413,
          2.7337357
        ]
      },
      "id": "node/2444194134"
    },
    {
      "type": "Feature",
      "properties": {
        "@id": "node/2454064952",
        "name": "Biwong-Bulu",
        "note": "rank=0 car commune",
        "place": "town",
        "rank": "0",
        "source": "ateba wv"
      },
      "geometry": {
        "type": "Point",
        "coordinates": [
          11.0754555,
          2.8725885
        ]
      },
      "id": "node/2454064952"
    },
    {
      "type": "Feature",
      "properties": {
        "@id": "node/2454068089",
        "name": "Nkoulemakong",
        "note": "position approximative",
        "place": "village",
        "source": "ATEBA WV"
      },
      "geometry": {
        "type": "Point",
        "coordinates": [
          11.1032647,
          2.861316
        ]
      },
      "id": "node/2454068089"
    },
    {
      "type": "Feature",
      "properties": {
        "@id": "node/2460662486",
        "name": "Abam",
        "place": "village",
        "source": "WRI_2005"
      },
      "geometry": {
        "type": "Point",
        "coordinates": [
          10.8483971,
          3.2449222
        ]
      },
      "id": "node/2460662486"
    },
    {
      "type": "Feature",
      "properties": {
        "@id": "node/2460662488",
        "name": "Abang Bétel",
        "place": "village",
        "source": "WRI_2005"
      },
      "geometry": {
        "type": "Point",
        "coordinates": [
          11.0415802,
          2.6014481
        ]
      },
      "id": "node/2460662488"
    },
    {
      "type": "Feature",
      "properties": {
        "@id": "node/2460662489",
        "name": "Abang",
        "place": "village",
        "source": "WRI_2005"
      },
      "geometry": {
        "type": "Point",
        "coordinates": [
          11.1318295,
          2.934723
        ]
      },
      "id": "node/2460662489"
    },
    {
      "type": "Feature",
      "properties": {
        "@id": "node/2460662490",
        "name": "Abem",
        "place": "village",
        "source": "WRI_2005"
      },
      "geometry": {
        "type": "Point",
        "coordinates": [
          10.4118598,
          2.4206484
        ]
      },
      "id": "node/2460662490"
    },
    {
      "type": "Feature",
      "properties": {
        "@id": "node/2460662491",
        "name": "Abiete",
        "place": "village",
        "source": "WRI_2005"
      },
      "geometry": {
        "type": "Point",
        "coordinates": [
          10.5081167,
          2.9335386
        ]
      },
      "id": "node/2460662491"
    },
    {
      "type": "Feature",
      "properties": {
        "@id": "node/2460662492",
        "name": "Abiete",
        "place": "village",
        "source": "WRI_2005"
      },
      "geometry": {
        "type": "Point",
        "coordinates": [
          11.2567353,
          3.097781
        ]
      },
      "id": "node/2460662492"
    },
    {
      "type": "Feature",
      "properties": {
        "@id": "node/2460662494",
        "name": "Abomvomba",
        "place": "village",
        "source": "WRI_2005"
      },
      "geometry": {
        "type": "Point",
        "coordinates": [
          10.9075666,
          2.7917539
        ]
      },
      "id": "node/2460662494"
    },
    {
      "type": "Feature",
      "properties": {
        "@id": "node/2460662495",
        "name": "About",
        "place": "village",
        "source": "WRI_2005"
      },
      "geometry": {
        "type": "Point",
        "coordinates": [
          11.2156685,
          2.9058378
        ]
      },
      "id": "node/2460662495"
    },
    {
      "type": "Feature",
      "properties": {
        "@id": "node/2460662498",
        "name": "Abouta",
        "place": "village",
        "source": "WRI_2005"
      },
      "geometry": {
        "type": "Point",
        "coordinates": [
          11.0727225,
          2.673452
        ]
      },
      "id": "node/2460662498"
    },
    {
      "type": "Feature",
      "properties": {
        "@id": "node/2460662502",
        "name": "Adjap Biyeng",
        "place": "village",
        "source": "WRI_2005"
      },
      "geometry": {
        "type": "Point",
        "coordinates": [
          11.1230466,
          2.9690979
        ]
      },
      "id": "node/2460662502"
    },
    {
      "type": "Feature",
      "properties": {
        "@id": "node/2460662505",
        "name": "Adjap Essawo",
        "place": "village",
        "source": "WRI_2005"
      },
      "geometry": {
        "type": "Point",
        "coordinates": [
          10.8598854,
          3.0375087
        ]
      },
      "id": "node/2460662505"
    },
    {
      "type": "Feature",
      "properties": {
        "@id": "node/2460662509",
        "name": "Adjap Essaébondan",
        "place": "village",
        "source": "WRI_2005"
      },
      "geometry": {
        "type": "Point",
        "coordinates": [
          11.0536405,
          2.9482776
        ]
      },
      "id": "node/2460662509"
    },
    {
      "type": "Feature",
      "properties": {
        "@id": "node/2460662513",
        "name": "Adjap",
        "place": "village",
        "source": "WRI_2005"
      },
      "geometry": {
        "type": "Point",
        "coordinates": [
          11.3371414,
          2.6060268
        ]
      },
      "id": "node/2460662513"
    },
    {
      "type": "Feature",
      "properties": {
        "@id": "node/2460662518",
        "name": "Adjap",
        "place": "village",
        "source": "WRI_2005"
      },
      "geometry": {
        "type": "Point",
        "coordinates": [
          11.2248352,
          2.7506595
        ]
      },
      "id": "node/2460662518"
    },
    {
      "type": "Feature",
      "properties": {
        "@id": "node/2460662523",
        "name": "Adjap",
        "place": "village",
        "source": "WRI_2005"
      },
      "geometry": {
        "type": "Point",
        "coordinates": [
          10.1920135,
          2.8152763
        ]
      },
      "id": "node/2460662523"
    },
    {
      "type": "Feature",
      "properties": {
        "@id": "node/2460662528",
        "name": "Adjap",
        "place": "village",
        "source": "WRI_2005"
      },
      "geometry": {
        "type": "Point",
        "coordinates": [
          11.3167006,
          2.8683902
        ]
      },
      "id": "node/2460662528"
    },
    {
      "type": "Feature",
      "properties": {
        "@id": "node/2460662531",
        "name": "Adjap",
        "place": "village",
        "source": "WRI_2005"
      },
      "geometry": {
        "type": "Point",
        "coordinates": [
          11.2461018,
          2.9027502
        ]
      },
      "id": "node/2460662531"
    },
    {
      "type": "Feature",
      "properties": {
        "@id": "node/2460662540",
        "name": "Adjap-Bané",
        "place": "village",
        "source": "WRI_2005"
      },
      "geometry": {
        "type": "Point",
        "coordinates": [
          11.1235398,
          3.1063752
        ]
      },
      "id": "node/2460662540"
    },
    {
      "type": "Feature",
      "properties": {
        "@id": "node/2460662548",
        "name": "Adjap-Fong",
        "place": "village",
        "source": "WRI_2005"
      },
      "geometry": {
        "type": "Point",
        "coordinates": [
          11.1302531,
          3.0692882
        ]
      },
      "id": "node/2460662548"
    },
    {
      "type": "Feature",
      "properties": {
        "@id": "node/2460662562",
        "name": "Afan Essokyé",
        "place": "village",
        "source": "WRI_2005"
      },
      "geometry": {
        "type": "Point",
        "coordinates": [
          9.9766846,
          2.3810149
        ]
      },
      "id": "node/2460662562"
    },
    {
      "type": "Feature",
      "properties": {
        "@id": "node/2460662566",
        "name": "Afan",
        "place": "village",
        "source": "WRI_2005"
      },
      "geometry": {
        "type": "Point",
        "coordinates": [
          10.8375067,
          2.6340845
        ]
      },
      "id": "node/2460662566"
    },
    {
      "type": "Feature",
      "properties": {
        "@id": "node/2460662570",
        "name": "Afan",
        "place": "village",
        "source": "WRI_2005"
      },
      "geometry": {
        "type": "Point",
        "coordinates": [
          10.8263441,
          2.6419472
        ]
      },
      "id": "node/2460662570"
    },
    {
      "type": "Feature",
      "properties": {
        "@id": "node/2460662575",
        "name": "Afanengong Yessok",
        "place": "village",
        "source": "WRI_2005"
      },
      "geometry": {
        "type": "Point",
        "coordinates": [
          11.2063365,
          2.7699092
        ]
      },
      "id": "node/2460662575"
    },
    {
      "type": "Feature",
      "properties": {
        "@id": "node/2460662578",
        "name": "Afanéngong Adjap",
        "place": "village",
        "source": "WRI_2005"
      },
      "geometry": {
        "type": "Point",
        "coordinates": [
          11.0591267,
          2.9333499
        ]
      },
      "id": "node/2460662578"
    },
    {
      "type": "Feature",
      "properties": {
        "@id": "node/2460662585",
        "name": "Afanéngong Evele",
        "place": "village",
        "source": "WRI_2005"
      },
      "geometry": {
        "type": "Point",
        "coordinates": [
          11.0631646,
          2.930147
        ]
      },
      "id": "node/2460662585"
    },
    {
      "type": "Feature",
      "properties": {
        "@id": "node/2460662591",
        "name": "Afenan",
        "place": "village",
        "source": "WRI_2005"
      },
      "geometry": {
        "type": "Point",
        "coordinates": [
          11.3402963,
          2.4597986
        ]
      },
      "id": "node/2460662591"
    },
    {
      "type": "Feature",
      "properties": {
        "@id": "node/2460662599",
        "name": "Akak Essatolo",
        "place": "village",
        "source": "WRI_2005"
      },
      "geometry": {
        "type": "Point",
        "coordinates": [
          11.101549,
          2.9410324
        ]
      },
      "id": "node/2460662599"
    },
    {
      "type": "Feature",
      "properties": {
        "@id": "node/2460662605",
        "name": "Akak Métom",
        "place": "village",
        "source": "WRI_2005"
      },
      "geometry": {
        "type": "Point",
        "coordinates": [
          11.1029784,
          2.5083605
        ]
      },
      "id": "node/2460662605"
    },
    {
      "type": "Feature",
      "properties": {
        "@id": "node/2460662612",
        "name": "Akak Yévol",
        "place": "village",
        "source": "WRI_2005"
      },
      "geometry": {
        "type": "Point",
        "coordinates": [
          11.234535,
          2.8829662
        ]
      },
      "id": "node/2460662612"
    },
    {
      "type": "Feature",
      "properties": {
        "@id": "node/2460662626",
        "name": "Akam Messi",
        "place": "village",
        "source": "WRI_2005"
      },
      "geometry": {
        "type": "Point",
        "coordinates": [
          11.3304033,
          2.595521
        ]
      },
      "id": "node/2460662626"
    },
    {
      "type": "Feature",
      "properties": {
        "@id": "node/2460662632",
        "name": "Akie",
        "place": "village",
        "source": "WRI_2005"
      },
      "geometry": {
        "type": "Point",
        "coordinates": [
          11.0539067,
          3.1752813
        ]
      },
      "id": "node/2460662632"
    },
    {
      "type": "Feature",
      "properties": {
        "@id": "node/2460662640",
        "name": "Akina",
        "place": "village",
        "source": "WRI_2005"
      },
      "geometry": {
        "type": "Point",
        "coordinates": [
          11.0728344,
          2.5165701
        ]
      },
      "id": "node/2460662640"
    },
    {
      "type": "Feature",
      "properties": {
        "@id": "node/2460662646",
        "name": "Ako'okas",
        "place": "village",
        "source": "WRI_2005"
      },
      "geometry": {
        "type": "Point",
        "coordinates": [
          11.272089,
          2.7230283
        ]
      },
      "id": "node/2460662646"
    },
    {
      "type": "Feature",
      "properties": {
        "@id": "node/2460662652",
        "name": "Akok",
        "place": "village",
        "source": "WRI_2005"
      },
      "geometry": {
        "type": "Point",
        "coordinates": [
          11.2475286,
          2.7365727
        ]
      },
      "id": "node/2460662652"
    },
    {
      "type": "Feature",
      "properties": {
        "@id": "node/2460662658",
        "name": "Akok",
        "place": "village",
        "source": "WRI_2005"
      },
      "geometry": {
        "type": "Point",
        "coordinates": [
          10.2802024,
          2.7870959
        ]
      },
      "id": "node/2460662658"
    },
    {
      "type": "Feature",
      "properties": {
        "@id": "node/2460662672",
        "name": "Akom Bikak",
        "place": "village",
        "source": "WRI_2005"
      },
      "geometry": {
        "type": "Point",
        "coordinates": [
          11.2919395,
          2.4169945
        ]
      },
      "id": "node/2460662672"
    },
    {
      "type": "Feature",
      "properties": {
        "@id": "node/2460662675",
        "name": "Akom",
        "place": "village",
        "source": "WRI_2005"
      },
      "geometry": {
        "type": "Point",
        "coordinates": [
          10.4918321,
          2.4392565
        ]
      },
      "id": "node/2460662675"
    },
    {
      "type": "Feature",
      "properties": {
        "@id": "node/2460662679",
        "name": "Akom",
        "place": "village",
        "source": "WRI_2005"
      },
      "geometry": {
        "type": "Point",
        "coordinates": [
          11.3478925,
          2.6238505
        ]
      },
      "id": "node/2460662679"
    },
    {
      "type": "Feature",
      "properties": {
        "@id": "node/2460662685",
        "name": "Akom",
        "place": "village",
        "source": "WRI_2005"
      },
      "geometry": {
        "type": "Point",
        "coordinates": [
          11.2982852,
          2.7870786
        ]
      },
      "id": "node/2460662685"
    },
    {
      "type": "Feature",
      "properties": {
        "@id": "node/2460662691",
        "name": "Akom",
        "place": "village",
        "source": "WRI_2005"
      },
      "geometry": {
        "type": "Point",
        "coordinates": [
          11.0488382,
          2.9426683
        ]
      },
      "id": "node/2460662691"
    },
    {
      "type": "Feature",
      "properties": {
        "@id": "node/2460662707",
        "name": "Akonékyé",
        "place": "village",
        "source": "WRI_2005"
      },
      "geometry": {
        "type": "Point",
        "coordinates": [
          11.1715787,
          2.4861352
        ]
      },
      "id": "node/2460662707"
    },
    {
      "type": "Feature",
      "properties": {
        "@id": "node/2460662713",
        "name": "Akoulouzok",
        "place": "village",
        "source": "WRI_2005"
      },
      "geometry": {
        "type": "Point",
        "coordinates": [
          11.2901522,
          2.3899546
        ]
      },
      "id": "node/2460662713"
    },
    {
      "type": "Feature",
      "properties": {
        "@id": "node/2460662721",
        "name": "Alde",
        "place": "village",
        "source": "WRI_2005"
      },
      "geometry": {
        "type": "Point",
        "coordinates": [
          10.9086414,
          3.2775582
        ]
      },
      "id": "node/2460662721"
    },
    {
      "type": "Feature",
      "properties": {
        "@id": "node/2460662727",
        "name": "Alen",
        "place": "village",
        "source": "WRI_2005"
      },
      "geometry": {
        "type": "Point",
        "coordinates": [
          10.5891941,
          2.3741641
        ]
      },
      "id": "node/2460662727"
    },
    {
      "type": "Feature",
      "properties": {
        "@id": "node/2460662737",
        "name": "Alen",
        "place": "village",
        "source": "WRI_2005"
      },
      "geometry": {
        "type": "Point",
        "coordinates": [
          11.1131709,
          2.784026
        ]
      },
      "id": "node/2460662737"
    },
    {
      "type": "Feature",
      "properties": {
        "@id": "node/2460662743",
        "name": "Aloum I",
        "place": "village",
        "source": "WRI_2005"
      },
      "geometry": {
        "type": "Point",
        "coordinates": [
          10.4046223,
          2.385661
        ]
      },
      "id": "node/2460662743"
    },
    {
      "type": "Feature",
      "properties": {
        "@id": "node/2460662748",
        "name": "Aloum II",
        "place": "village",
        "source": "WRI_2005"
      },
      "geometry": {
        "type": "Point",
        "coordinates": [
          10.5842623,
          2.2814658
        ]
      },
      "id": "node/2460662748"
    },
    {
      "type": "Feature",
      "properties": {
        "@id": "node/2460662752",
        "name": "Aloum II",
        "place": "village",
        "source": "WRI_2005"
      },
      "geometry": {
        "type": "Point",
        "coordinates": [
          10.7170368,
          2.7632501
        ]
      },
      "id": "node/2460662752"
    },
    {
      "type": "Feature",
      "properties": {
        "@id": "node/2460662756",
        "name": "Aloum II",
        "place": "village",
        "source": "WRI_2005"
      },
      "geometry": {
        "type": "Point",
        "coordinates": [
          10.6905689,
          2.7751653
        ]
      },
      "id": "node/2460662756"
    },
    {
      "type": "Feature",
      "properties": {
        "@id": "node/2460662760",
        "name": "Aloum Yémveng",
        "place": "village",
        "source": "WRI_2005"
      },
      "geometry": {
        "type": "Point",
        "coordinates": [
          10.9573316,
          2.97262
        ]
      },
      "id": "node/2460662760"
    },
    {
      "type": "Feature",
      "properties": {
        "@id": "node/2460662764",
        "name": "Aloum",
        "place": "village",
        "source": "WRI_2005"
      },
      "geometry": {
        "type": "Point",
        "coordinates": [
          10.7228353,
          2.8121203
        ]
      },
      "id": "node/2460662764"
    },
    {
      "type": "Feature",
      "properties": {
        "@id": "node/2460662768",
        "name": "Aloum",
        "place": "village",
        "source": "WRI_2005"
      },
      "geometry": {
        "type": "Point",
        "coordinates": [
          10.717546,
          2.8166357
        ]
      },
      "id": "node/2460662768"
    },
    {
      "type": "Feature",
      "properties": {
        "@id": "node/2460662772",
        "name": "Amvam",
        "place": "village",
        "source": "WRI_2005"
      },
      "geometry": {
        "type": "Point",
        "coordinates": [
          11.2552618,
          2.7332105
        ]
      },
      "id": "node/2460662772"
    },
    {
      "type": "Feature",
      "properties": {
        "@id": "node/2460662776",
        "name": "Amvan",
        "place": "village",
        "source": "WRI_2005"
      },
      "geometry": {
        "type": "Point",
        "coordinates": [
          11.0788305,
          2.9295565
        ]
      },
      "id": "node/2460662776"
    },
    {
      "type": "Feature",
      "properties": {
        "@id": "node/2460662779",
        "name": "Ando'o",
        "place": "village",
        "source": "WRI_2005"
      },
      "geometry": {
        "type": "Point",
        "coordinates": [
          11.090152,
          2.8795866
        ]
      },
      "id": "node/2460662779"
    },
    {
      "type": "Feature",
      "properties": {
        "@id": "node/2460662783",
        "name": "Ando'o",
        "place": "village",
        "source": "WRI_2005"
      },
      "geometry": {
        "type": "Point",
        "coordinates": [
          11.3686592,
          2.9849993
        ]
      },
      "id": "node/2460662783"
    },
    {
      "type": "Feature",
      "properties": {
        "@id": "node/2460662787",
        "name": "Andok",
        "place": "village",
        "source": "WRI_2005"
      },
      "geometry": {
        "type": "Point",
        "coordinates": [
          11.0258145,
          2.2475413
        ]
      },
      "id": "node/2460662787"
    },
    {
      "type": "Feature",
      "properties": {
        "@id": "node/2460662791",
        "name": "Andom",
        "place": "village",
        "source": "WRI_2005"
      },
      "geometry": {
        "type": "Point",
        "coordinates": [
          11.163974,
          2.5100935
        ]
      },
      "id": "node/2460662791"
    },
    {
      "type": "Feature",
      "properties": {
        "@id": "node/2460662795",
        "name": "Andong",
        "place": "village",
        "source": "WRI_2005"
      },
      "geometry": {
        "type": "Point",
        "coordinates": [
          11.3833014,
          2.3541327
        ]
      },
      "id": "node/2460662795"
    },
    {
      "type": "Feature",
      "properties": {
        "@id": "node/2460662799",
        "name": "Angalé",
        "place": "village",
        "source": "WRI_2005"
      },
      "geometry": {
        "type": "Point",
        "coordinates": [
          10.7798762,
          2.3236088
        ]
      },
      "id": "node/2460662799"
    },
    {
      "type": "Feature",
      "properties": {
        "@id": "node/2460662803",
        "name": "Angalé",
        "place": "village",
        "source": "WRI_2005"
      },
      "geometry": {
        "type": "Point",
        "coordinates": [
          10.0858353,
          2.8437669
        ]
      },
      "id": "node/2460662803"
    },
    {
      "type": "Feature",
      "properties": {
        "@id": "node/2460662804",
        "name": "Angbwek",
        "place": "village",
        "source": "WRI_2005"
      },
      "geometry": {
        "type": "Point",
        "coordinates": [
          10.9126364,
          3.0215782
        ]
      },
      "id": "node/2460662804"
    },
    {
      "type": "Feature",
      "properties": {
        "@id": "node/2460662806",
        "name": "Assam",
        "place": "village",
        "source": "WRI_2005"
      },
      "geometry": {
        "type": "Point",
        "coordinates": [
          10.8798079,
          2.3378979
        ]
      },
      "id": "node/2460662806"
    },
    {
      "type": "Feature",
      "properties": {
        "@id": "node/2460662810",
        "name": "Assandjik",
        "place": "village",
        "source": "WRI_2005"
      },
      "geometry": {
        "type": "Point",
        "coordinates": [
          11.345107,
          2.3777674
        ]
      },
      "id": "node/2460662810"
    },
    {
      "type": "Feature",
      "properties": {
        "@id": "node/2460662814",
        "name": "Asseng",
        "place": "village",
        "source": "WRI_2005"
      },
      "geometry": {
        "type": "Point",
        "coordinates": [
          10.5288518,
          2.4269536
        ]
      },
      "id": "node/2460662814"
    },
    {
      "type": "Feature",
      "properties": {
        "@id": "node/2460662818",
        "name": "Asso'osseng",
        "place": "village",
        "source": "WRI_2005"
      },
      "geometry": {
        "type": "Point",
        "coordinates": [
          11.1405761,
          2.8354327
        ]
      },
      "id": "node/2460662818"
    },
    {
      "type": "Feature",
      "properties": {
        "@id": "node/2460662822",
        "name": "Assok I",
        "place": "village",
        "source": "WRI_2005"
      },
      "geometry": {
        "type": "Point",
        "coordinates": [
          10.4354681,
          2.7902327
        ]
      },
      "id": "node/2460662822"
    },
    {
      "type": "Feature",
      "properties": {
        "@id": "node/2460662825",
        "name": "Assok II",
        "place": "village",
        "source": "WRI_2005"
      },
      "geometry": {
        "type": "Point",
        "coordinates": [
          10.5709717,
          3.0523847
        ]
      },
      "id": "node/2460662825"
    },
    {
      "type": "Feature",
      "properties": {
        "@id": "node/2460662829",
        "name": "Ata'a Ntem",
        "place": "village",
        "source": "WRI_2005"
      },
      "geometry": {
        "type": "Point",
        "coordinates": [
          11.0553584,
          2.2544523
        ]
      },
      "id": "node/2460662829"
    },
    {
      "type": "Feature",
      "properties": {
        "@id": "node/2460662833",
        "name": "Ating",
        "place": "village",
        "source": "WRI_2005"
      },
      "geometry": {
        "type": "Point",
        "coordinates": [
          11.1224579,
          3.0605459
        ]
      },
      "id": "node/2460662833"
    },
    {
      "type": "Feature",
      "properties": {
        "@id": "node/2460662836",
        "name": "Ato'oveng",
        "place": "village",
        "source": "WRI_2005"
      },
      "geometry": {
        "type": "Point",
        "coordinates": [
          11.3382906,
          2.9712098
        ]
      },
      "id": "node/2460662836"
    },
    {
      "type": "Feature",
      "properties": {
        "@id": "node/2460662840",
        "name": "Atog Boga",
        "place": "village",
        "source": "WRI_2005"
      },
      "geometry": {
        "type": "Point",
        "coordinates": [
          10.4863257,
          3.2962816
        ]
      },
      "id": "node/2460662840"
    },
    {
      "type": "Feature",
      "properties": {
        "@id": "node/2460662845",
        "name": "Aveng Abaé",
        "place": "village",
        "source": "WRI_2005"
      },
      "geometry": {
        "type": "Point",
        "coordinates": [
          11.357897,
          2.3732631
        ]
      },
      "id": "node/2460662845"
    },
    {
      "type": "Feature",
      "properties": {
        "@id": "node/2460662849",
        "name": "Avoulsobo",
        "place": "village",
        "source": "WRI_2005"
      },
      "geometry": {
        "type": "Point",
        "coordinates": [
          11.0596419,
          2.7287225
        ]
      },
      "id": "node/2460662849"
    },
    {
      "type": "Feature",
      "properties": {
        "@id": "node/2460662856",
        "name": "Aya'amang",
        "place": "village",
        "source": "WRI_2005"
      },
      "geometry": {
        "type": "Point",
        "coordinates": [
          10.4480934,
          2.369925
        ]
      },
      "id": "node/2460662856"
    },
    {
      "type": "Feature",
      "properties": {
        "@id": "node/2460662858",
        "name": "Azem",
        "place": "village",
        "source": "WRI_2005"
      },
      "geometry": {
        "type": "Point",
        "coordinates": [
          11.1154525,
          2.8763845
        ]
      },
      "id": "node/2460662858"
    },
    {
      "type": "Feature",
      "properties": {
        "@id": "node/2460662859",
        "name": "Bandévouri",
        "place": "village",
        "source": "WRI_2005"
      },
      "geometry": {
        "type": "Point",
        "coordinates": [
          10.2052955,
          3.0601965
        ]
      },
      "id": "node/2460662859"
    },
    {
      "type": "Feature",
      "properties": {
        "@id": "node/2460662860",
        "name": "Bebambwé",
        "place": "village",
        "source": "WRI_2005"
      },
      "geometry": {
        "type": "Point",
        "coordinates": [
          9.9693351,
          3.0522897
        ]
      },
      "id": "node/2460662860"
    },
    {
      "type": "Feature",
      "properties": {
        "@id": "node/2460662861",
        "name": "Bekwé",
        "place": "village",
        "source": "WRI_2005"
      },
      "geometry": {
        "type": "Point",
        "coordinates": [
          10.771433,
          2.1930409
        ]
      },
      "id": "node/2460662861"
    },
    {
      "type": "Feature",
      "properties": {
        "@id": "node/2460662862",
        "name": "Bengandwé",
        "place": "village",
        "source": "WRI_2005"
      },
      "geometry": {
        "type": "Point",
        "coordinates": [
          9.9032926,
          2.929901
        ]
      },
      "id": "node/2460662862"
    },
    {
      "type": "Feature",
      "properties": {
        "@id": "node/2460662863",
        "name": "Biba I",
        "place": "village",
        "source": "WRI_2005"
      },
      "geometry": {
        "type": "Point",
        "coordinates": [
          11.1069434,
          2.7757565
        ]
      },
      "id": "node/2460662863"
    },
    {
      "type": "Feature",
      "properties": {
        "@id": "node/2460662864",
        "name": "Biba II",
        "place": "village",
        "source": "WRI_2005"
      },
      "geometry": {
        "type": "Point",
        "coordinates": [
          11.0958242,
          2.762871
        ]
      },
      "id": "node/2460662864"
    },
    {
      "type": "Feature",
      "properties": {
        "@id": "node/2460662865",
        "name": "Biba",
        "place": "village",
        "source": "WRI_2005"
      },
      "geometry": {
        "type": "Point",
        "coordinates": [
          11.3151871,
          2.7872566
        ]
      },
      "id": "node/2460662865"
    },
    {
      "type": "Feature",
      "properties": {
        "@id": "node/2460662867",
        "name": "Bibia",
        "place": "village",
        "source": "WRI_2005"
      },
      "geometry": {
        "type": "Point",
        "coordinates": [
          10.707172,
          3.232992
        ]
      },
      "id": "node/2460662867"
    },
    {
      "type": "Feature",
      "properties": {
        "@id": "node/2460662868",
        "name": "Bibindi",
        "place": "village",
        "source": "WRI_2005"
      },
      "geometry": {
        "type": "Point",
        "coordinates": [
          10.4025815,
          3.0162448
        ]
      },
      "id": "node/2460662868"
    },
    {
      "type": "Feature",
      "properties": {
        "@id": "node/2460662869",
        "name": "Bibondi",
        "place": "village",
        "source": "WRI_2005"
      },
      "geometry": {
        "type": "Point",
        "coordinates": [
          10.66047,
          3.279895
        ]
      },
      "id": "node/2460662869"
    },
    {
      "type": "Feature",
      "properties": {
        "@id": "node/2460662870",
        "name": "Biboulemam",
        "place": "village",
        "source": "WRI_2005"
      },
      "geometry": {
        "type": "Point",
        "coordinates": [
          10.6784419,
          2.7861813
        ]
      },
      "id": "node/2460662870"
    },
    {
      "type": "Feature",
      "properties": {
        "@id": "node/2460662871",
        "name": "Biboulemam",
        "place": "village",
        "source": "WRI_2005"
      },
      "geometry": {
        "type": "Point",
        "coordinates": [
          10.6644318,
          2.8111918
        ]
      },
      "id": "node/2460662871"
    },
    {
      "type": "Feature",
      "properties": {
        "@id": "node/2460662872",
        "name": "Biboulemam",
        "place": "village",
        "source": "WRI_2005"
      },
      "geometry": {
        "type": "Point",
        "coordinates": [
          11.2568765,
          2.8799802
        ]
      },
      "id": "node/2460662872"
    },
    {
      "type": "Feature",
      "properties": {
        "@id": "node/2460662873",
        "name": "Bidjap",
        "place": "village",
        "source": "WRI_2005"
      },
      "geometry": {
        "type": "Point",
        "coordinates": [
          10.7024243,
          2.4374627
        ]
      },
      "id": "node/2460662873"
    },
    {
      "type": "Feature",
      "properties": {
        "@id": "node/2460662874",
        "name": "Bidou I",
        "place": "village",
        "source": "WRI_2005"
      },
      "geometry": {
        "type": "Point",
        "coordinates": [
          10.1033634,
          3.0198061
        ]
      },
      "id": "node/2460662874"
    },
    {
      "type": "Feature",
      "properties": {
        "@id": "node/2460662875",
        "name": "Bidou II",
        "place": "village",
        "source": "WRI_2005"
      },
      "geometry": {
        "type": "Point",
        "coordinates": [
          9.9942275,
          2.8588629
        ]
      },
      "id": "node/2460662875"
    },
    {
      "type": "Feature",
      "properties": {
        "@id": "node/2460662876",
        "name": "Bidou III",
        "place": "village",
        "source": "WRI_2005"
      },
      "geometry": {
        "type": "Point",
        "coordinates": [
          10.0053264,
          2.8556957
        ]
      },
      "id": "node/2460662876"
    },
    {
      "type": "Feature",
      "properties": {
        "@id": "node/2460662877",
        "name": "Bifa",
        "place": "village",
        "source": "WRI_2005"
      },
      "geometry": {
        "type": "Point",
        "coordinates": [
          10.2183969,
          2.7303154
        ]
      },
      "id": "node/2460662877"
    },
    {
      "type": "Feature",
      "properties": {
        "@id": "node/2460662878",
        "name": "Bikoka",
        "place": "village",
        "source": "WRI_2005"
      },
      "geometry": {
        "type": "Point",
        "coordinates": [
          10.693566,
          3.2645413
        ]
      },
      "id": "node/2460662878"
    },
    {
      "type": "Feature",
      "properties": {
        "@id": "node/2460662879",
        "name": "Bikon",
        "place": "village",
        "source": "WRI_2005"
      },
      "geometry": {
        "type": "Point",
        "coordinates": [
          11.2562131,
          2.4109708
        ]
      },
      "id": "node/2460662879"
    },
    {
      "type": "Feature",
      "properties": {
        "@id": "node/2460662880",
        "name": "Bikop",
        "place": "village",
        "source": "WRI_2005"
      },
      "geometry": {
        "type": "Point",
        "coordinates": [
          10.56111,
          2.8838914
        ]
      },
      "id": "node/2460662880"
    },
    {
      "type": "Feature",
      "properties": {
        "@id": "node/2460662881",
        "name": "Bikou'ou",
        "place": "village",
        "source": "WRI_2005"
      },
      "geometry": {
        "type": "Point",
        "coordinates": [
          10.9483319,
          2.844588
        ]
      },
      "id": "node/2460662881"
    },
    {
      "type": "Feature",
      "properties": {
        "@id": "node/2460662882",
        "name": "Bikouba",
        "place": "village",
        "source": "WRI_2005"
      },
      "geometry": {
        "type": "Point",
        "coordinates": [
          10.8363639,
          3.149775
        ]
      },
      "id": "node/2460662882"
    },
    {
      "type": "Feature",
      "properties": {
        "@id": "node/2460662883",
        "name": "Bikoui",
        "place": "village",
        "source": "WRI_2005"
      },
      "geometry": {
        "type": "Point",
        "coordinates": [
          10.7321038,
          3.2251505
        ]
      },
      "id": "node/2460662883"
    },
    {
      "type": "Feature",
      "properties": {
        "@id": "node/2460662884",
        "name": "Bikpwae",
        "place": "village",
        "source": "WRI_2005"
      },
      "geometry": {
        "type": "Point",
        "coordinates": [
          11.2077922,
          2.8304312
        ]
      },
      "id": "node/2460662884"
    },
    {
      "type": "Feature",
      "properties": {
        "@id": "node/2460662885",
        "name": "Bikpwaé",
        "place": "village",
        "source": "WRI_2005"
      },
      "geometry": {
        "type": "Point",
        "coordinates": [
          11.2864415,
          2.6747263
        ]
      },
      "id": "node/2460662885"
    },
    {
      "type": "Feature",
      "properties": {
        "@id": "node/2460662886",
        "name": "Bilon",
        "place": "village",
        "source": "WRI_2005"
      },
      "geometry": {
        "type": "Point",
        "coordinates": [
          11.1594126,
          2.9385697
        ]
      },
      "id": "node/2460662886"
    },
    {
      "type": "Feature",
      "properties": {
        "@id": "node/2460662887",
        "name": "Bindameyos",
        "place": "village",
        "source": "WRI_2005"
      },
      "geometry": {
        "type": "Point",
        "coordinates": [
          11.3021933,
          2.5759932
        ]
      },
      "id": "node/2460662887"
    },
    {
      "type": "Feature",
      "properties": {
        "@id": "node/2460662888",
        "name": "Bindem",
        "place": "village",
        "source": "WRI_2005"
      },
      "geometry": {
        "type": "Point",
        "coordinates": [
          10.8126932,
          2.7137783
        ]
      },
      "id": "node/2460662888"
    },
    {
      "type": "Feature",
      "properties": {
        "@id": "node/2460662889",
        "name": "Bindom",
        "place": "village",
        "source": "WRI_2005"
      },
      "geometry": {
        "type": "Point",
        "coordinates": [
          10.7985269,
          2.2093484
        ]
      },
      "id": "node/2460662889"
    },
    {
      "type": "Feature",
      "properties": {
        "@id": "node/2460662890",
        "name": "Bingong",
        "place": "village",
        "source": "WRI_2005"
      },
      "geometry": {
        "type": "Point",
        "coordinates": [
          11.3115769,
          2.1977346
        ]
      },
      "id": "node/2460662890"
    },
    {
      "type": "Feature",
      "properties": {
        "@id": "node/2460662891",
        "name": "Binyina",
        "place": "village",
        "source": "WRI_2005"
      },
      "geometry": {
        "type": "Point",
        "coordinates": [
          10.8787376,
          3.0153057
        ]
      },
      "id": "node/2460662891"
    },
    {
      "type": "Feature",
      "properties": {
        "@id": "node/2460662892",
        "name": "Bipaga I",
        "place": "village",
        "source": "WRI_2005"
      },
      "geometry": {
        "type": "Point",
        "coordinates": [
          9.9898889,
          3.0978333
        ]
      },
      "id": "node/2460662892"
    },
    {
      "type": "Feature",
      "properties": {
        "@id": "node/2460662893",
        "name": "Bipaga II",
        "place": "village",
        "source": "WRI_2005"
      },
      "geometry": {
        "type": "Point",
        "coordinates": [
          10.0191889,
          3.1442766
        ]
      },
      "id": "node/2460662893"
    },
    {
      "type": "Feature",
      "properties": {
        "@id": "node/2460662896",
        "name": "Bissobinlam",
        "place": "village",
        "source": "WRI_2005"
      },
      "geometry": {
        "type": "Point",
        "coordinates": [
          11.3312863,
          2.6508616
        ]
      },
      "id": "node/2460662896"
    },
    {
      "type": "Feature",
      "properties": {
        "@id": "node/2460662897",
        "name": "Bissok",
        "place": "village",
        "source": "WRI_2005"
      },
      "geometry": {
        "type": "Point",
        "coordinates": [
          11.1813518,
          2.9447221
        ]
      },
      "id": "node/2460662897"
    },
    {
      "type": "Feature",
      "properties": {
        "@id": "node/2460662898",
        "name": "Bitandé Assok",
        "place": "village",
        "source": "WRI_2005"
      },
      "geometry": {
        "type": "Point",
        "coordinates": [
          9.9502035,
          2.372117
        ]
      },
      "id": "node/2460662898"
    },
    {
      "type": "Feature",
      "properties": {
        "@id": "node/2460662899",
        "name": "Biton",
        "place": "village",
        "source": "WRI_2005"
      },
      "geometry": {
        "type": "Point",
        "coordinates": [
          10.8923907,
          2.7894005
        ]
      },
      "id": "node/2460662899"
    },
    {
      "type": "Feature",
      "properties": {
        "@id": "node/2460662900",
        "name": "Bitoto",
        "place": "village",
        "source": "WRI_2005"
      },
      "geometry": {
        "type": "Point",
        "coordinates": [
          10.6710342,
          2.3987584
        ]
      },
      "id": "node/2460662900"
    },
    {
      "type": "Feature",
      "properties": {
        "@id": "node/2460662901",
        "name": "Bityili I",
        "place": "village",
        "source": "WRI_2005"
      },
      "geometry": {
        "type": "Point",
        "coordinates": [
          11.1863056,
          2.9526285
        ]
      },
      "id": "node/2460662901"
    },
    {
      "type": "Feature",
      "properties": {
        "@id": "node/2460662902",
        "name": "Bityili II",
        "place": "village",
        "source": "WRI_2005"
      },
      "geometry": {
        "type": "Point",
        "coordinates": [
          11.1996496,
          2.9473226
        ]
      },
      "id": "node/2460662902"
    },
    {
      "type": "Feature",
      "properties": {
        "@id": "node/2460662903",
        "name": "Bivae",
        "place": "village",
        "source": "WRI_2005"
      },
      "geometry": {
        "type": "Point",
        "coordinates": [
          11.1386286,
          2.1966156
        ]
      },
      "id": "node/2460662903"
    },
    {
      "type": "Feature",
      "properties": {
        "@id": "node/2460662906",
        "name": "Biyan",
        "place": "village",
        "source": "WRI_2005"
      },
      "geometry": {
        "type": "Point",
        "coordinates": [
          10.7949811,
          2.496137
        ]
      },
      "id": "node/2460662906"
    },
    {
      "type": "Feature",
      "properties": {
        "@id": "node/2460662907",
        "name": "Biyeyem",
        "place": "village",
        "source": "WRI_2005"
      },
      "geometry": {
        "type": "Point",
        "coordinates": [
          11.1406744,
          2.848082
        ]
      },
      "id": "node/2460662907"
    },
    {
      "type": "Feature",
      "properties": {
        "@id": "node/2460662908",
        "name": "Biyii",
        "place": "village",
        "source": "WRI_2005"
      },
      "geometry": {
        "type": "Point",
        "coordinates": [
          11.1971238,
          2.4419769
        ]
      },
      "id": "node/2460662908"
    },
    {
      "type": "Feature",
      "properties": {
        "@id": "node/2460662910",
        "name": "Boussibelika",
        "place": "village",
        "source": "WRI_2005"
      },
      "geometry": {
        "type": "Point",
        "coordinates": [
          9.8736086,
          2.7306202
        ]
      },
      "id": "node/2460662910"
    },
    {
      "type": "Feature",
      "properties": {
        "@id": "node/2460662913",
        "name": "Dombé",
        "place": "village",
        "source": "WRI_2005"
      },
      "geometry": {
        "type": "Point",
        "coordinates": [
          9.9243667,
          2.9504064
        ]
      },
      "id": "node/2460662913"
    },
    {
      "type": "Feature",
      "properties": {
        "@id": "node/2460662914",
        "name": "Doum Essamebenga",
        "place": "village",
        "source": "WRI_2005"
      },
      "geometry": {
        "type": "Point",
        "coordinates": [
          9.9374863,
          2.3719907
        ]
      },
      "id": "node/2460662914"
    },
    {
      "type": "Feature",
      "properties": {
        "@id": "node/2460662915",
        "name": "Doum Essmendjang",
        "place": "village",
        "source": "WRI_2005"
      },
      "geometry": {
        "type": "Point",
        "coordinates": [
          9.8281855,
          2.5214619
        ]
      },
      "id": "node/2460662915"
    },
    {
      "type": "Feature",
      "properties": {
        "@id": "node/2460662916",
        "name": "Doum Ola",
        "place": "village",
        "source": "WRI_2005"
      },
      "geometry": {
        "type": "Point",
        "coordinates": [
          11.3404955,
          3.1023171
        ]
      },
      "id": "node/2460662916"
    },
    {
      "type": "Feature",
      "properties": {
        "@id": "node/2460662917",
        "name": "Ebemewomen",
        "place": "village",
        "source": "WRI_2005"
      },
      "geometry": {
        "type": "Point",
        "coordinates": [
          11.2139072,
          3.0964681
        ]
      },
      "id": "node/2460662917"
    },
    {
      "type": "Feature",
      "properties": {
        "@id": "node/2460662918",
        "name": "Ebengon",
        "place": "village",
        "source": "WRI_2005"
      },
      "geometry": {
        "type": "Point",
        "coordinates": [
          11.1868113,
          2.2179804
        ]
      },
      "id": "node/2460662918"
    },
    {
      "type": "Feature",
      "properties": {
        "@id": "node/2460662920",
        "name": "Ebolakoun",
        "place": "village",
        "source": "WRI_2005"
      },
      "geometry": {
        "type": "Point",
        "coordinates": [
          11.2006919,
          2.8422727
        ]
      },
      "id": "node/2460662920"
    },
    {
      "type": "Feature",
      "properties": {
        "@id": "node/2460662921",
        "name": "Ebolowa Si",
        "place": "village",
        "source": "WRI_2005"
      },
      "geometry": {
        "type": "Point",
        "coordinates": [
          11.1391107,
          2.9099569
        ]
      },
      "id": "node/2460662921"
    },
    {
      "type": "Feature",
      "properties": {
        "@id": "node/2460662922",
        "name": "Ebouiyoé",
        "place": "village",
        "source": "WRI_2005"
      },
      "geometry": {
        "type": "Point",
        "coordinates": [
          9.9419023,
          3.0029476
        ]
      },
      "id": "node/2460662922"
    },
    {
      "type": "Feature",
      "properties": {
        "@id": "node/2460662923",
        "name": "Eboundja I",
        "place": "village",
        "source": "WRI_2005"
      },
      "geometry": {
        "type": "Point",
        "coordinates": [
          9.8915886,
          2.7982943
        ]
      },
      "id": "node/2460662923"
    },
    {
      "type": "Feature",
      "properties": {
        "@id": "node/2460662924",
        "name": "Eboundja II",
        "place": "village",
        "source": "WRI_2005"
      },
      "geometry": {
        "type": "Point",
        "coordinates": [
          9.8902762,
          2.8137982
        ]
      },
      "id": "node/2460662924"
    },
    {
      "type": "Feature",
      "properties": {
        "@id": "node/2460662925",
        "name": "Edomo",
        "place": "village",
        "source": "WRI_2005"
      },
      "geometry": {
        "type": "Point",
        "coordinates": [
          11.2839068,
          2.2637627
        ]
      },
      "id": "node/2460662925"
    },
    {
      "type": "Feature",
      "properties": {
        "@id": "node/2460662926",
        "name": "Edoum",
        "place": "village",
        "source": "WRI_2005"
      },
      "geometry": {
        "type": "Point",
        "coordinates": [
          10.9326942,
          2.8099346
        ]
      },
      "id": "node/2460662926"
    },
    {
      "type": "Feature",
      "properties": {
        "@id": "node/2460662927",
        "name": "Efoulan",
        "place": "village",
        "source": "WRI_2005"
      },
      "geometry": {
        "type": "Point",
        "coordinates": [
          10.2628514,
          2.7658035
        ]
      },
      "id": "node/2460662927"
    },
    {
      "type": "Feature",
      "properties": {
        "@id": "node/2460662928",
        "alt_name": "Efoulen;Efulan;Efulen",
        "name": "Efoulan",
        "note": "rank=0 car commune",
        "place": "town",
        "rank": "0",
        "source": "WRI_2005"
      },
      "geometry": {
        "type": "Point",
        "coordinates": [
          11.0237988,
          2.8611685
        ]
      },
      "id": "node/2460662928"
    },
    {
      "type": "Feature",
      "properties": {
        "@id": "node/2460662930",
        "name": "Ekombitié",
        "place": "village",
        "source": "WRI_2005"
      },
      "geometry": {
        "type": "Point",
        "coordinates": [
          11.3169705,
          3.0950204
        ]
      },
      "id": "node/2460662930"
    },
    {
      "type": "Feature",
      "properties": {
        "@id": "node/2460662931",
        "name": "Ekoumdoum",
        "place": "village",
        "source": "WRI_2005"
      },
      "geometry": {
        "type": "Point",
        "coordinates": [
          11.0680097,
          2.7415624
        ]
      },
      "id": "node/2460662931"
    },
    {
      "type": "Feature",
      "properties": {
        "@id": "node/2460662932",
        "name": "Ekoumedoum",
        "place": "village",
        "source": "WRI_2005"
      },
      "geometry": {
        "type": "Point",
        "coordinates": [
          11.0042448,
          2.5537056
        ]
      },
      "id": "node/2460662932"
    },
    {
      "type": "Feature",
      "properties": {
        "@id": "node/2460662933",
        "name": "Ekowong",
        "place": "village",
        "source": "WRI_2005"
      },
      "geometry": {
        "type": "Point",
        "coordinates": [
          10.5508546,
          2.8142585
        ]
      },
      "id": "node/2460662933"
    },
    {
      "type": "Feature",
      "properties": {
        "@id": "node/2460662934",
        "name": "Elon",
        "place": "village",
        "source": "WRI_2005"
      },
      "geometry": {
        "type": "Point",
        "coordinates": [
          11.0586121,
          2.6363321
        ]
      },
      "id": "node/2460662934"
    },
    {
      "type": "Feature",
      "properties": {
        "@id": "node/2460662935",
        "name": "Elon",
        "place": "village",
        "source": "WRI_2005"
      },
      "geometry": {
        "type": "Point",
        "coordinates": [
          10.7806195,
          2.8189307
        ]
      },
      "id": "node/2460662935"
    },
    {
      "type": "Feature",
      "properties": {
        "@id": "node/2460662936",
        "name": "Eminemvom",
        "place": "village",
        "source": "WRI_2005"
      },
      "geometry": {
        "type": "Point",
        "coordinates": [
          11.2733541,
          2.7980818
        ]
      },
      "id": "node/2460662936"
    },
    {
      "type": "Feature",
      "properties": {
        "@id": "node/2460662938",
        "name": "Engom I",
        "place": "village",
        "source": "WRI_2005"
      },
      "geometry": {
        "type": "Point",
        "coordinates": [
          11.0666858,
          2.8702768
        ]
      },
      "id": "node/2460662938"
    },
    {
      "type": "Feature",
      "properties": {
        "@id": "node/2460662939",
        "name": "Engom II",
        "place": "village",
        "source": "WRI_2005"
      },
      "geometry": {
        "type": "Point",
        "coordinates": [
          11.0495445,
          2.8581701
        ]
      },
      "id": "node/2460662939"
    },
    {
      "type": "Feature",
      "properties": {
        "@id": "node/2460662940",
        "name": "Engongom",
        "place": "village",
        "source": "WRI_2005"
      },
      "geometry": {
        "type": "Point",
        "coordinates": [
          11.1253627,
          3.0979518
        ]
      },
      "id": "node/2460662940"
    },
    {
      "type": "Feature",
      "properties": {
        "@id": "node/2460662941",
        "name": "Engonlozok",
        "place": "village",
        "source": "WRI_2005"
      },
      "geometry": {
        "type": "Point",
        "coordinates": [
          10.8476581,
          2.2043571
        ]
      },
      "id": "node/2460662941"
    },
    {
      "type": "Feature",
      "properties": {
        "@id": "node/2460662942",
        "name": "Enongal",
        "place": "village",
        "source": "WRI_2005"
      },
      "geometry": {
        "type": "Point",
        "coordinates": [
          11.1858412,
          2.8962907
        ]
      },
      "id": "node/2460662942"
    },
    {
      "type": "Feature",
      "properties": {
        "@id": "node/2460662943",
        "name": "Essakoé",
        "place": "village",
        "source": "WRI_2005"
      },
      "geometry": {
        "type": "Point",
        "coordinates": [
          11.1419861,
          2.8702832
        ]
      },
      "id": "node/2460662943"
    },
    {
      "type": "Feature",
      "properties": {
        "@id": "node/2460662944",
        "name": "Essingang",
        "place": "village",
        "source": "WRI_2005"
      },
      "geometry": {
        "type": "Point",
        "coordinates": [
          11.2908922,
          3.1099366
        ]
      },
      "id": "node/2460662944"
    },
    {
      "type": "Feature",
      "properties": {
        "@id": "node/2460662945",
        "name": "Essinguili",
        "place": "village",
        "source": "WRI_2005"
      },
      "geometry": {
        "type": "Point",
        "coordinates": [
          11.1846375,
          2.9089167
        ]
      },
      "id": "node/2460662945"
    },
    {
      "type": "Feature",
      "properties": {
        "@id": "node/2460662946",
        "name": "Eves",
        "place": "village",
        "source": "WRI_2005"
      },
      "geometry": {
        "type": "Point",
        "coordinates": [
          11.1067971,
          2.9352929
        ]
      },
      "id": "node/2460662946"
    },
    {
      "type": "Feature",
      "properties": {
        "@id": "node/2460662947",
        "name": "Evouzok",
        "place": "village",
        "source": "WRI_2005"
      },
      "geometry": {
        "type": "Point",
        "coordinates": [
          10.5222401,
          2.2943095
        ]
      },
      "id": "node/2460662947"
    },
    {
      "type": "Feature",
      "properties": {
        "@id": "node/2460662948",
        "name": "Eyek",
        "place": "village",
        "source": "WRI_2005"
      },
      "geometry": {
        "type": "Point",
        "coordinates": [
          11.2225967,
          2.7637955
        ]
      },
      "id": "node/2460662948"
    },
    {
      "type": "Feature",
      "properties": {
        "@id": "node/2460662949",
        "name": "Eyinantoum",
        "place": "village",
        "source": "WRI_2005"
      },
      "geometry": {
        "type": "Point",
        "coordinates": [
          11.1443349,
          2.2361835
        ]
      },
      "id": "node/2460662949"
    },
    {
      "type": "Feature",
      "properties": {
        "@id": "node/2460662950",
        "name": "Fe'eyop",
        "place": "village",
        "source": "WRI_2005"
      },
      "geometry": {
        "type": "Point",
        "coordinates": [
          11.2330988,
          2.7406925
        ]
      },
      "id": "node/2460662950"
    },
    {
      "type": "Feature",
      "properties": {
        "@id": "node/2460662951",
        "name": "Fenda",
        "place": "village",
        "source": "WRI_2005"
      },
      "geometry": {
        "type": "Point",
        "coordinates": [
          10.4076829,
          2.8061022
        ]
      },
      "id": "node/2460662951"
    },
    {
      "type": "Feature",
      "properties": {
        "@id": "node/2460662952",
        "alt_name": "Fifinda 1; Fifinda I",
        "name": "Fifinda I",
        "note": "rank=0 car commune",
        "place": "town",
        "rank": "0",
        "source": "WRI_2005"
      },
      "geometry": {
        "type": "Point",
        "coordinates": [
          10.0262363,
          3.2291998
        ]
      },
      "id": "node/2460662952"
    },
    {
      "type": "Feature",
      "properties": {
        "@id": "node/2460662953",
        "name": "Fifinda II",
        "place": "village",
        "source": "WRI_2005"
      },
      "geometry": {
        "type": "Point",
        "coordinates": [
          10.0263364,
          3.2005955
        ]
      },
      "id": "node/2460662953"
    },
    {
      "type": "Feature",
      "properties": {
        "@id": "node/2460662954",
        "name": "Foulassi I",
        "place": "village",
        "source": "WRI_2005"
      },
      "geometry": {
        "type": "Point",
        "coordinates": [
          10.9425932,
          2.8183199
        ]
      },
      "id": "node/2460662954"
    },
    {
      "type": "Feature",
      "properties": {
        "@id": "node/2460662955",
        "name": "Foulassi I",
        "place": "village",
        "source": "WRI_2005"
      },
      "geometry": {
        "type": "Point",
        "coordinates": [
          10.9374053,
          2.8258677
        ]
      },
      "id": "node/2460662955"
    },
    {
      "type": "Feature",
      "properties": {
        "@id": "node/2460662956",
        "name": "Gouap",
        "place": "village",
        "source": "WRI_2005"
      },
      "geometry": {
        "type": "Point",
        "coordinates": [
          10.2870924,
          3.2171117
        ]
      },
      "id": "node/2460662956"
    },
    {
      "type": "Feature",
      "properties": {
        "@id": "node/2460662957",
        "alt_name": "Luma;Louma",
        "name": "Grand Batanga I",
        "place": "village"
      },
      "geometry": {
        "type": "Point",
        "coordinates": [
          9.8877222,
          2.8567153
        ]
      },
      "id": "node/2460662957"
    },
    {
      "type": "Feature",
      "properties": {
        "@id": "node/2460662958",
        "alt_name": "Bongahélé",
        "name": "Grand Batanga II",
        "place": "village"
      },
      "geometry": {
        "type": "Point",
        "coordinates": [
          9.885254,
          2.8452495
        ]
      },
      "id": "node/2460662958"
    },
    {
      "type": "Feature",
      "properties": {
        "@id": "node/2460662959",
        "name": "Grand Zambi",
        "place": "village",
        "source": "WRI_2005"
      },
      "geometry": {
        "type": "Point",
        "coordinates": [
          10.3115165,
          3.0556176
        ]
      },
      "id": "node/2460662959"
    },
    {
      "type": "Feature",
      "properties": {
        "@id": "node/2460662960",
        "name": "Kama",
        "place": "village",
        "source": "WRI_2005"
      },
      "geometry": {
        "type": "Point",
        "coordinates": [
          11.1665403,
          3.1191189
        ]
      },
      "id": "node/2460662960"
    },
    {
      "type": "Feature",
      "properties": {
        "@id": "node/2460662962",
        "name": "Ke'eke",
        "place": "village",
        "source": "WRI_2005"
      },
      "geometry": {
        "type": "Point",
        "coordinates": [
          11.2830962,
          2.9169452
        ]
      },
      "id": "node/2460662962"
    },
    {
      "type": "Feature",
      "properties": {
        "@id": "node/2460662963",
        "name": "Konda Essaebeng",
        "place": "village",
        "source": "WRI_2005"
      },
      "geometry": {
        "type": "Point",
        "coordinates": [
          11.0879692,
          2.8713408
        ]
      },
      "id": "node/2460662963"
    },
    {
      "type": "Feature",
      "properties": {
        "@id": "node/2460662965",
        "name": "Konofonossi",
        "place": "village",
        "source": "WRI_2005"
      },
      "geometry": {
        "type": "Point",
        "coordinates": [
          11.3313553,
          2.2724161
        ]
      },
      "id": "node/2460662965"
    },
    {
      "type": "Feature",
      "properties": {
        "@id": "node/2460662968",
        "name": "Koungoulou Biyeng",
        "place": "village",
        "source": "WRI_2005"
      },
      "geometry": {
        "type": "Point",
        "coordinates": [
          11.1172306,
          2.9963413
        ]
      },
      "id": "node/2460662968"
    },
    {
      "type": "Feature",
      "properties": {
        "@id": "node/2460662970",
        "name": "Koungoulou Ngoé",
        "place": "village",
        "source": "WRI_2005"
      },
      "geometry": {
        "type": "Point",
        "coordinates": [
          11.3516365,
          2.8475179
        ]
      },
      "id": "node/2460662970"
    },
    {
      "type": "Feature",
      "properties": {
        "@id": "node/2460662972",
        "name": "Kwambo",
        "place": "village",
        "source": "WRI_2005"
      },
      "geometry": {
        "type": "Point",
        "coordinates": [
          10.370289,
          3.0727284
        ]
      },
      "id": "node/2460662972"
    },
    {
      "type": "Feature",
      "properties": {
        "@id": "node/2460662979",
        "alt_name": "Lendi",
        "name": "Lende",
        "place": "village",
        "source": "WRI_2005"
      },
      "geometry": {
        "type": "Point",
        "coordinates": [
          9.9313354,
          2.919009
        ]
      },
      "id": "node/2460662979"
    },
    {
      "type": "Feature",
      "properties": {
        "@id": "node/2460662981",
        "name": "Lobé",
        "place": "village",
        "source": "WRI_2005"
      },
      "geometry": {
        "type": "Point",
        "coordinates": [
          9.8924165,
          2.8788031
        ]
      },
      "id": "node/2460662981"
    },
    {
      "type": "Feature",
      "properties": {
        "@id": "node/2460662985",
        "name": "Lolabé",
        "place": "village",
        "source": "WRI_2005",
        "wikidata": "Q6668871"
      },
      "geometry": {
        "type": "Point",
        "coordinates": [
          9.8561965,
          2.683952
        ]
      },
      "id": "node/2460662985"
    },
    {
      "type": "Feature",
      "properties": {
        "@id": "node/2460662986",
        "name": "Londji",
        "place": "town",
        "source": "WRI_2005"
      },
      "geometry": {
        "type": "Point",
        "coordinates": [
          9.9737199,
          3.0830722
        ]
      },
      "id": "node/2460662986"
    },
    {
      "type": "Feature",
      "properties": {
        "@id": "node/2460662988",
        "name": "Loo Biyeng",
        "place": "village",
        "source": "WRI_2005"
      },
      "geometry": {
        "type": "Point",
        "coordinates": [
          11.123263,
          2.9596089
        ]
      },
      "id": "node/2460662988"
    },
    {
      "type": "Feature",
      "properties": {
        "@id": "node/2460662989",
        "name": "Ma'amezam",
        "place": "village",
        "source": "WRI_2005"
      },
      "geometry": {
        "type": "Point",
        "coordinates": [
          11.1900958,
          2.7771503
        ]
      },
      "id": "node/2460662989"
    },
    {
      "type": "Feature",
      "properties": {
        "@id": "node/2460662990",
        "name": "Ma'an",
        "place": "village",
        "source": "WRI_2005"
      },
      "geometry": {
        "type": "Point",
        "coordinates": [
          11.0471293,
          2.2561508
        ]
      },
      "id": "node/2460662990"
    },
    {
      "type": "Feature",
      "properties": {
        "@id": "node/2460662992",
        "name": "Maan Meyin",
        "place": "village",
        "population": "1000",
        "source": "WRI_2005"
      },
      "geometry": {
        "type": "Point",
        "coordinates": [
          10.7828749,
          3.064162
        ]
      },
      "id": "node/2460662992"
    },
    {
      "type": "Feature",
      "properties": {
        "@id": "node/2460662993",
        "name": "Maamenyin",
        "place": "village",
        "source": "WRI_2005"
      },
      "geometry": {
        "type": "Point",
        "coordinates": [
          11.0464327,
          3.0518342
        ]
      },
      "id": "node/2460662993"
    },
    {
      "type": "Feature",
      "properties": {
        "@id": "node/2460662994",
        "name": "Mabenanga",
        "place": "village",
        "source": "WRI_2005"
      },
      "geometry": {
        "type": "Point",
        "coordinates": [
          9.901674,
          2.8782443
        ]
      },
      "id": "node/2460662994"
    },
    {
      "type": "Feature",
      "properties": {
        "@id": "node/2460662995",
        "name": "Madang I",
        "place": "village",
        "source": "WRI_2005"
      },
      "geometry": {
        "type": "Point",
        "coordinates": [
          10.755004,
          3.2866315
        ]
      },
      "id": "node/2460662995"
    },
    {
      "type": "Feature",
      "properties": {
        "@id": "node/2460662996",
        "name": "Madang II",
        "place": "village",
        "source": "WRI_2005"
      },
      "geometry": {
        "type": "Point",
        "coordinates": [
          10.7474855,
          3.3093273
        ]
      },
      "id": "node/2460662996"
    },
    {
      "type": "Feature",
      "properties": {
        "@id": "node/2460662997",
        "name": "Madoungou",
        "place": "village",
        "source": "WRI_2005"
      },
      "geometry": {
        "type": "Point",
        "coordinates": [
          10.3312076,
          3.0660537
        ]
      },
      "id": "node/2460662997"
    },
    {
      "type": "Feature",
      "properties": {
        "@id": "node/2460662998",
        "name": "Mahale",
        "place": "village",
        "source": "WRI_2005"
      },
      "geometry": {
        "type": "Point",
        "coordinates": [
          9.9146134,
          2.974233
        ]
      },
      "id": "node/2460662998"
    },
    {
      "type": "Feature",
      "properties": {
        "@id": "node/2460662999",
        "name": "Makouré I",
        "place": "village",
        "source": "WRI_2005"
      },
      "geometry": {
        "type": "Point",
        "coordinates": [
          10.1354155,
          3.0534231
        ]
      },
      "id": "node/2460662999"
    },
    {
      "type": "Feature",
      "properties": {
        "@id": "node/2460663000",
        "name": "Makouré II",
        "place": "village",
        "source": "WRI_2005"
      },
      "geometry": {
        "type": "Point",
        "coordinates": [
          10.1612543,
          3.0488749
        ]
      },
      "id": "node/2460663000"
    },
    {
      "type": "Feature",
      "properties": {
        "@id": "node/2460663001",
        "name": "Manganda",
        "place": "village",
        "source": "WRI_2005"
      },
      "geometry": {
        "type": "Point",
        "coordinates": [
          11.0392375,
          3.2114957
        ]
      },
      "id": "node/2460663001"
    },
    {
      "type": "Feature",
      "properties": {
        "@id": "node/2460663002",
        "name": "Mbako'o",
        "place": "village",
        "source": "WRI_2005"
      },
      "geometry": {
        "type": "Point",
        "coordinates": [
          11.2046245,
          2.8100969
        ]
      },
      "id": "node/2460663002"
    },
    {
      "type": "Feature",
      "properties": {
        "@id": "node/2460663003",
        "name": "Mbango",
        "place": "village",
        "source": "WRI_2005"
      },
      "geometry": {
        "type": "Point",
        "coordinates": [
          10.786628,
          3.2247918
        ]
      },
      "id": "node/2460663003"
    },
    {
      "type": "Feature",
      "properties": {
        "@id": "node/2460663004",
        "name": "Mbedoumsi",
        "place": "village",
        "source": "WRI_2005"
      },
      "geometry": {
        "type": "Point",
        "coordinates": [
          11.0785326,
          2.1947437
        ]
      },
      "id": "node/2460663004"
    },
    {
      "type": "Feature",
      "properties": {
        "@id": "node/2460663005",
        "name": "Mbeka'a",
        "place": "village",
        "source": "WRI_2005"
      },
      "geometry": {
        "type": "Point",
        "coordinates": [
          9.9000631,
          2.8882003
        ]
      },
      "id": "node/2460663005"
    },
    {
      "type": "Feature",
      "properties": {
        "@id": "node/2460663006",
        "name": "Mbekaa I",
        "place": "village",
        "source": "WRI_2005"
      },
      "geometry": {
        "type": "Point",
        "coordinates": [
          11.2966195,
          3.0878736
        ]
      },
      "id": "node/2460663006"
    },
    {
      "type": "Feature",
      "properties": {
        "@id": "node/2460663007",
        "name": "Mbekomo",
        "place": "village",
        "source": "WRI_2005"
      },
      "geometry": {
        "type": "Point",
        "coordinates": [
          10.8662868,
          2.6066881
        ]
      },
      "id": "node/2460663007"
    },
    {
      "type": "Feature",
      "properties": {
        "@id": "node/2460663008",
        "name": "Mbendji",
        "place": "village",
        "source": "WRI_2005"
      },
      "geometry": {
        "type": "Point",
        "coordinates": [
          9.8257132,
          2.5482717
        ]
      },
      "id": "node/2460663008"
    },
    {
      "type": "Feature",
      "properties": {
        "@id": "node/2460663010",
        "name": "Mbilntangan",
        "place": "village",
        "source": "WRI_2005"
      },
      "geometry": {
        "type": "Point",
        "coordinates": [
          11.2155661,
          2.7701439
        ]
      },
      "id": "node/2460663010"
    },
    {
      "type": "Feature",
      "properties": {
        "@id": "node/2460663011",
        "name": "Mbo'abang",
        "place": "village",
        "source": "WRI_2005"
      },
      "geometry": {
        "type": "Point",
        "coordinates": [
          11.3577237,
          2.9831193
        ]
      },
      "id": "node/2460663011"
    },
    {
      "type": "Feature",
      "properties": {
        "@id": "node/2460663012",
        "name": "Mbolomam",
        "place": "village",
        "source": "WRI_2005"
      },
      "geometry": {
        "type": "Point",
        "coordinates": [
          11.2158232,
          2.3613459
        ]
      },
      "id": "node/2460663012"
    },
    {
      "type": "Feature",
      "properties": {
        "@id": "node/2460663013",
        "name": "Mbondo",
        "place": "village",
        "source": "WRI_2005"
      },
      "geometry": {
        "type": "Point",
        "coordinates": [
          11.327448,
          2.9162368
        ]
      },
      "id": "node/2460663013"
    },
    {
      "type": "Feature",
      "properties": {
        "@id": "node/2460663014",
        "name": "Mbong",
        "place": "village",
        "source": "WRI_2005"
      },
      "geometry": {
        "type": "Point",
        "coordinates": [
          10.9983269,
          2.958962
        ]
      },
      "id": "node/2460663014"
    },
    {
      "type": "Feature",
      "properties": {
        "@id": "node/2460663015",
        "name": "Mboro",
        "place": "village",
        "source": "WRI_2005"
      },
      "geometry": {
        "type": "Point",
        "coordinates": [
          9.8603261,
          2.7164205
        ]
      },
      "id": "node/2460663015"
    },
    {
      "type": "Feature",
      "properties": {
        "@id": "node/2460663016",
        "name": "Mbourango'a",
        "place": "village",
        "source": "WRI_2005"
      },
      "geometry": {
        "type": "Point",
        "coordinates": [
          10.680023,
          2.1951398
        ]
      },
      "id": "node/2460663016"
    },
    {
      "type": "Feature",
      "properties": {
        "@id": "node/2460663017",
        "name": "Mbout",
        "place": "village",
        "source": "WRI_2005"
      },
      "geometry": {
        "type": "Point",
        "coordinates": [
          11.0869803,
          2.7621642
        ]
      },
      "id": "node/2460663017"
    },
    {
      "type": "Feature",
      "properties": {
        "@id": "node/2460663018",
        "name": "Mbé-Biyii",
        "place": "village",
        "source": "WRI_2005"
      },
      "geometry": {
        "type": "Point",
        "coordinates": [
          11.0602791,
          2.200556
        ]
      },
      "id": "node/2460663018"
    },
    {
      "type": "Feature",
      "properties": {
        "@id": "node/2460663019",
        "name": "Mebang",
        "place": "village",
        "source": "WRI_2005"
      },
      "geometry": {
        "type": "Point",
        "coordinates": [
          10.9323018,
          2.3233934
        ]
      },
      "id": "node/2460663019"
    },
    {
      "type": "Feature",
      "properties": {
        "@id": "node/2460663020",
        "name": "Mebaé",
        "place": "village",
        "source": "WRI_2005"
      },
      "geometry": {
        "type": "Point",
        "coordinates": [
          11.1196722,
          2.9486956
        ]
      },
      "id": "node/2460663020"
    },
    {
      "type": "Feature",
      "properties": {
        "@id": "node/2460663021",
        "name": "Mebem",
        "place": "village",
        "source": "WRI_2005"
      },
      "geometry": {
        "type": "Point",
        "coordinates": [
          10.939595,
          2.9864949
        ]
      },
      "id": "node/2460663021"
    },
    {
      "type": "Feature",
      "properties": {
        "@id": "node/2460663023",
        "name": "Medjabambon",
        "place": "village",
        "source": "WRI_2005"
      },
      "geometry": {
        "type": "Point",
        "coordinates": [
          10.4958382,
          2.9402281
        ]
      },
      "id": "node/2460663023"
    },
    {
      "type": "Feature",
      "properties": {
        "@id": "node/2460663024",
        "name": "Mefane",
        "place": "village",
        "source": "WRI_2005"
      },
      "geometry": {
        "type": "Point",
        "coordinates": [
          10.5590483,
          2.9031914
        ]
      },
      "id": "node/2460663024"
    },
    {
      "type": "Feature",
      "properties": {
        "@id": "node/2460663025",
        "name": "Mefo",
        "place": "village",
        "source": "WRI_2005"
      },
      "geometry": {
        "type": "Point",
        "coordinates": [
          10.8142975,
          2.8036999
        ]
      },
      "id": "node/2460663025"
    },
    {
      "type": "Feature",
      "properties": {
        "@id": "node/2460663026",
        "name": "Mefo",
        "place": "village",
        "source": "WRI_2005"
      },
      "geometry": {
        "type": "Point",
        "coordinates": [
          10.7706242,
          2.8245137
        ]
      },
      "id": "node/2460663026"
    },
    {
      "type": "Feature",
      "properties": {
        "@id": "node/2460663027",
        "name": "Mefoup",
        "place": "village",
        "source": "WRI_2005"
      },
      "geometry": {
        "type": "Point",
        "coordinates": [
          11.3477373,
          2.2332744
        ]
      },
      "id": "node/2460663027"
    },
    {
      "type": "Feature",
      "properties": {
        "@id": "node/2460663028",
        "name": "Mefoup",
        "place": "village",
        "source": "WRI_2005"
      },
      "geometry": {
        "type": "Point",
        "coordinates": [
          11.0607717,
          2.7138768
        ]
      },
      "id": "node/2460663028"
    },
    {
      "type": "Feature",
      "properties": {
        "@id": "node/2460663029",
        "name": "Meka'a I",
        "place": "village",
        "source": "WRI_2005"
      },
      "geometry": {
        "type": "Point",
        "coordinates": [
          10.9185544,
          2.8987409
        ]
      },
      "id": "node/2460663029"
    },
    {
      "type": "Feature",
      "properties": {
        "@id": "node/2460663030",
        "name": "Meka'a Minkoumou",
        "place": "village",
        "source": "WRI_2005"
      },
      "geometry": {
        "type": "Point",
        "coordinates": [
          10.9542073,
          2.227869
        ]
      },
      "id": "node/2460663030"
    },
    {
      "type": "Feature",
      "properties": {
        "@id": "node/2460663031",
        "name": "Mekalat Biyeng",
        "place": "village",
        "source": "WRI_2005"
      },
      "geometry": {
        "type": "Point",
        "coordinates": [
          11.1372253,
          2.9556129
        ]
      },
      "id": "node/2460663031"
    },
    {
      "type": "Feature",
      "properties": {
        "@id": "node/2460663032",
        "name": "Mekalat Yemveng",
        "place": "village",
        "source": "WRI_2005"
      },
      "geometry": {
        "type": "Point",
        "coordinates": [
          11.1696349,
          2.9347341
        ]
      },
      "id": "node/2460663032"
    },
    {
      "type": "Feature",
      "properties": {
        "@id": "node/2460663033",
        "name": "Mekaman",
        "place": "village",
        "source": "WRI_2005"
      },
      "geometry": {
        "type": "Point",
        "coordinates": [
          11.2986966,
          2.3791723
        ]
      },
      "id": "node/2460663033"
    },
    {
      "type": "Feature",
      "properties": {
        "@id": "node/2460663034",
        "name": "Meko Ossi I",
        "place": "village",
        "source": "WRI_2005"
      },
      "geometry": {
        "type": "Point",
        "coordinates": [
          11.1198018,
          2.2241595
        ]
      },
      "id": "node/2460663034"
    },
    {
      "type": "Feature",
      "properties": {
        "@id": "node/2460663035",
        "name": "Meko Ossi II",
        "place": "village",
        "source": "WRI_2005"
      },
      "geometry": {
        "type": "Point",
        "coordinates": [
          11.1159302,
          2.2204475
        ]
      },
      "id": "node/2460663035"
    },
    {
      "type": "Feature",
      "properties": {
        "@id": "node/2460663036",
        "name": "Meko'Omengona",
        "place": "village",
        "source": "WRI_2005"
      },
      "geometry": {
        "type": "Point",
        "coordinates": [
          11.1753031,
          2.2518723
        ]
      },
      "id": "node/2460663036"
    },
    {
      "type": "Feature",
      "properties": {
        "@id": "node/2460663037",
        "name": "Mekok",
        "place": "village",
        "source": "WRI_2005"
      },
      "geometry": {
        "type": "Point",
        "coordinates": [
          10.8519625,
          2.5102454
        ]
      },
      "id": "node/2460663037"
    },
    {
      "type": "Feature",
      "properties": {
        "@id": "node/2460663038",
        "name": "Mekomo I",
        "place": "village",
        "source": "WRI_2005"
      },
      "geometry": {
        "type": "Point",
        "coordinates": [
          11.2614521,
          2.203546
        ]
      },
      "id": "node/2460663038"
    },
    {
      "type": "Feature",
      "properties": {
        "@id": "node/2460663040",
        "name": "Mekomo",
        "place": "village",
        "source": "WRI_2005"
      },
      "geometry": {
        "type": "Point",
        "coordinates": [
          10.9919011,
          2.2343951
        ]
      },
      "id": "node/2460663040"
    },
    {
      "type": "Feature",
      "properties": {
        "@id": "node/2460663041",
        "name": "Mekomo",
        "place": "village",
        "source": "WRI_2005"
      },
      "geometry": {
        "type": "Point",
        "coordinates": [
          11.3641552,
          2.3608712
        ]
      },
      "id": "node/2460663041"
    },
    {
      "type": "Feature",
      "properties": {
        "@id": "node/2460663042",
        "name": "Mekomo",
        "place": "village",
        "source": "WRI_2005"
      },
      "geometry": {
        "type": "Point",
        "coordinates": [
          11.3423221,
          2.6322799
        ]
      },
      "id": "node/2460663042"
    },
    {
      "type": "Feature",
      "properties": {
        "@id": "node/2460663043",
        "name": "Mekondom",
        "place": "village",
        "source": "WRI_2005"
      },
      "geometry": {
        "type": "Point",
        "coordinates": [
          10.5053163,
          2.2722114
        ]
      },
      "id": "node/2460663043"
    },
    {
      "type": "Feature",
      "properties": {
        "@id": "node/2460663044",
        "name": "Mekoé",
        "place": "village",
        "source": "WRI_2005"
      },
      "geometry": {
        "type": "Point",
        "coordinates": [
          11.2523567,
          2.4192365
        ]
      },
      "id": "node/2460663044"
    },
    {
      "type": "Feature",
      "properties": {
        "@id": "node/2460663045",
        "alt_name": "Malaba",
        "name": "Melabe",
        "place": "village",
        "source": "WRI_2005"
      },
      "geometry": {
        "type": "Point",
        "coordinates": [
          9.8370552,
          2.4947555
        ]
      },
      "id": "node/2460663045"
    },
    {
      "type": "Feature",
      "properties": {
        "@id": "node/2460663046",
        "name": "Melan",
        "place": "village",
        "source": "WRI_2005"
      },
      "geometry": {
        "type": "Point",
        "coordinates": [
          10.8302502,
          3.0547274
        ]
      },
      "id": "node/2460663046"
    },
    {
      "type": "Feature",
      "properties": {
        "@id": "node/2460663047",
        "name": "Melen",
        "place": "village",
        "source": "WRI_2005"
      },
      "geometry": {
        "type": "Point",
        "coordinates": [
          10.4489653,
          2.4397145
        ]
      },
      "id": "node/2460663047"
    },
    {
      "type": "Feature",
      "properties": {
        "@id": "node/2460663050",
        "name": "Memvim",
        "place": "village",
        "source": "WRI_2005"
      },
      "geometry": {
        "type": "Point",
        "coordinates": [
          11.0981193,
          2.3439338
        ]
      },
      "id": "node/2460663050"
    },
    {
      "type": "Feature",
      "properties": {
        "@id": "node/2460663052",
        "name": "Mendjimi",
        "place": "village",
        "source": "WRI_2005"
      },
      "geometry": {
        "type": "Point",
        "coordinates": [
          11.3278691,
          2.4789108
        ]
      },
      "id": "node/2460663052"
    },
    {
      "type": "Feature",
      "properties": {
        "@id": "node/2460663053",
        "name": "Mendong",
        "place": "village",
        "source": "WRI_2005"
      },
      "geometry": {
        "type": "Point",
        "coordinates": [
          11.2647435,
          2.2602566
        ]
      },
      "id": "node/2460663053"
    },
    {
      "type": "Feature",
      "properties": {
        "@id": "node/2460663054",
        "name": "Mengbwa",
        "place": "village",
        "source": "WRI_2005"
      },
      "geometry": {
        "type": "Point",
        "coordinates": [
          11.2610297,
          3.0934683
        ]
      },
      "id": "node/2460663054"
    },
    {
      "type": "Feature",
      "properties": {
        "@id": "node/2460663055",
        "name": "Mengolé",
        "place": "village",
        "source": "WRI_2005"
      },
      "geometry": {
        "type": "Point",
        "coordinates": [
          10.8660867,
          3.1002098
        ]
      },
      "id": "node/2460663055"
    },
    {
      "type": "Feature",
      "properties": {
        "@id": "node/2460663056",
        "name": "Mengomo",
        "place": "village",
        "source": "WRI_2005"
      },
      "geometry": {
        "type": "Point",
        "coordinates": [
          11.0401916,
          2.5829062
        ]
      },
      "id": "node/2460663056"
    },
    {
      "type": "Feature",
      "properties": {
        "@id": "node/2460663058",
        "name": "Menya'a",
        "place": "village",
        "source": "WRI_2005"
      },
      "geometry": {
        "type": "Point",
        "coordinates": [
          11.0384518,
          2.859647
        ]
      },
      "id": "node/2460663058"
    },
    {
      "type": "Feature",
      "properties": {
        "@id": "node/2460663059",
        "name": "Messama I",
        "place": "village",
        "source": "WRI_2005"
      },
      "geometry": {
        "type": "Point",
        "coordinates": [
          10.8202702,
          2.7095357
        ]
      },
      "id": "node/2460663059"
    },
    {
      "type": "Feature",
      "properties": {
        "@id": "node/2460663060",
        "name": "Messama II",
        "place": "village",
        "source": "WRI_2005"
      },
      "geometry": {
        "type": "Point",
        "coordinates": [
          10.8280558,
          2.6957683
        ]
      },
      "id": "node/2460663060"
    },
    {
      "type": "Feature",
      "properties": {
        "@id": "node/2460663061",
        "name": "Messama III",
        "place": "village",
        "source": "WRI_2005"
      },
      "geometry": {
        "type": "Point",
        "coordinates": [
          10.826289,
          2.6775655
        ]
      },
      "id": "node/2460663061"
    },
    {
      "type": "Feature",
      "properties": {
        "@id": "node/2460663062",
        "name": "Messambe",
        "place": "village",
        "source": "WRI_2005"
      },
      "geometry": {
        "type": "Point",
        "coordinates": [
          10.6885632,
          2.9742558
        ]
      },
      "id": "node/2460663062"
    },
    {
      "type": "Feature",
      "properties": {
        "@id": "node/2460663063",
        "name": "Messok",
        "place": "village",
        "source": "WRI_2005"
      },
      "geometry": {
        "type": "Point",
        "coordinates": [
          11.3539503,
          3.0795308
        ]
      },
      "id": "node/2460663063"
    },
    {
      "type": "Feature",
      "properties": {
        "@id": "node/2460663064",
        "name": "Metet",
        "place": "village",
        "source": "WRI_2005"
      },
      "geometry": {
        "type": "Point",
        "coordinates": [
          11.3192674,
          2.2010565
        ]
      },
      "id": "node/2460663064"
    },
    {
      "type": "Feature",
      "properties": {
        "@id": "node/2460663065",
        "name": "Metondo",
        "place": "village",
        "source": "WRI_2005"
      },
      "geometry": {
        "type": "Point",
        "coordinates": [
          10.8126807,
          2.728827
        ]
      },
      "id": "node/2460663065"
    },
    {
      "type": "Feature",
      "properties": {
        "@id": "node/2460663066",
        "name": "Metyikpwale",
        "place": "village",
        "source": "WRI_2005"
      },
      "geometry": {
        "type": "Point",
        "coordinates": [
          11.1834959,
          2.8671588
        ]
      },
      "id": "node/2460663066"
    },
    {
      "type": "Feature",
      "properties": {
        "@id": "node/2460663067",
        "name": "Meyo Biboulou",
        "place": "town",
        "source": "WRI_2005"
      },
      "geometry": {
        "type": "Point",
        "coordinates": [
          11.0060544,
          2.1886442
        ]
      },
      "id": "node/2460663067"
    },
    {
      "type": "Feature",
      "properties": {
        "@id": "node/2460663068",
        "name": "Meyo Centre",
        "place": "village",
        "source": "WRI_2005"
      },
      "geometry": {
        "type": "Point",
        "coordinates": [
          11.0326993,
          2.5685708
        ]
      },
      "id": "node/2460663068"
    },
    {
      "type": "Feature",
      "properties": {
        "@id": "node/2460663069",
        "name": "Meyo Elie",
        "place": "village",
        "source": "WRI_2005"
      },
      "geometry": {
        "type": "Point",
        "coordinates": [
          11.2317554,
          2.4284195
        ]
      },
      "id": "node/2460663069"
    },
    {
      "type": "Feature",
      "properties": {
        "@id": "node/2460663070",
        "name": "Meyo Essakoé",
        "place": "village",
        "source": "WRI_2005"
      },
      "geometry": {
        "type": "Point",
        "coordinates": [
          11.0178998,
          2.8611952
        ]
      },
      "id": "node/2460663070"
    },
    {
      "type": "Feature",
      "properties": {
        "@id": "node/2460663072",
        "name": "Meyo Nyaka",
        "place": "village",
        "source": "WRI_2005"
      },
      "geometry": {
        "type": "Point",
        "coordinates": [
          11.302698,
          2.3136905
        ]
      },
      "id": "node/2460663072"
    },
    {
      "type": "Feature",
      "properties": {
        "@id": "node/2460663073",
        "name": "Meyos",
        "place": "village",
        "source": "WRI_2005"
      },
      "geometry": {
        "type": "Point",
        "coordinates": [
          11.2563598,
          2.8080073
        ]
      },
      "id": "node/2460663073"
    },
    {
      "type": "Feature",
      "properties": {
        "@id": "node/2460663074",
        "name": "Mfenadoum",
        "place": "village",
        "source": "WRI_2005"
      },
      "geometry": {
        "type": "Point",
        "coordinates": [
          11.0471039,
          2.5455998
        ]
      },
      "id": "node/2460663074"
    },
    {
      "type": "Feature",
      "properties": {
        "@id": "node/2460663075",
        "name": "Mfoua",
        "place": "village",
        "source": "WRI_2005"
      },
      "geometry": {
        "type": "Point",
        "coordinates": [
          10.8321486,
          2.3320707
        ]
      },
      "id": "node/2460663075"
    },
    {
      "type": "Feature",
      "properties": {
        "@id": "node/2460663077",
        "name": "Miangadjio",
        "place": "village",
        "source": "WRI_2005"
      },
      "geometry": {
        "type": "Point",
        "coordinates": [
          9.9571752,
          2.8958388
        ]
      },
      "id": "node/2460663077"
    },
    {
      "type": "Feature",
      "properties": {
        "@id": "node/2460663078",
        "name": "Mimba'a",
        "place": "village",
        "source": "WRI_2005"
      },
      "geometry": {
        "type": "Point",
        "coordinates": [
          11.0608269,
          2.6537957
        ]
      },
      "id": "node/2460663078"
    },
    {
      "type": "Feature",
      "properties": {
        "@id": "node/2460663079",
        "name": "Mimbemenga",
        "place": "village",
        "source": "WRI_2005"
      },
      "geometry": {
        "type": "Point",
        "coordinates": [
          11.1997183,
          2.228225
        ]
      },
      "id": "node/2460663079"
    },
    {
      "type": "Feature",
      "properties": {
        "@id": "node/2460663080",
        "alt_name": "Mimbe Mi Ngal",
        "name": "Mimbomingal",
        "place": "village",
        "source": "WRI_2005"
      },
      "geometry": {
        "type": "Point",
        "coordinates": [
          10.9053469,
          3.04018
        ]
      },
      "id": "node/2460663080"
    },
    {
      "type": "Feature",
      "properties": {
        "@id": "node/2460663082",
        "name": "Mindimioveng",
        "place": "village",
        "source": "WRI_2005"
      },
      "geometry": {
        "type": "Point",
        "coordinates": [
          11.0546313,
          2.630811
        ]
      },
      "id": "node/2460663082"
    },
    {
      "type": "Feature",
      "properties": {
        "@id": "node/2460663083",
        "name": "Minkan Mengalé",
        "place": "village",
        "source": "WRI_2005"
      },
      "geometry": {
        "type": "Point",
        "coordinates": [
          10.7503322,
          2.4924718
        ]
      },
      "id": "node/2460663083"
    },
    {
      "type": "Feature",
      "properties": {
        "@id": "node/2460663084",
        "name": "Minkan",
        "place": "village",
        "source": "WRI_2005"
      },
      "geometry": {
        "type": "Point",
        "coordinates": [
          10.9897979,
          2.3249769
        ]
      },
      "id": "node/2460663084"
    },
    {
      "type": "Feature",
      "properties": {
        "@id": "node/2460663085",
        "name": "Minkan",
        "place": "village",
        "source": "WRI_2005"
      },
      "geometry": {
        "type": "Point",
        "coordinates": [
          10.662919,
          2.9858602
        ]
      },
      "id": "node/2460663085"
    },
    {
      "type": "Feature",
      "properties": {
        "@id": "node/2460663086",
        "name": "Minkan",
        "place": "village",
        "source": "WRI_2005"
      },
      "geometry": {
        "type": "Point",
        "coordinates": [
          10.9115058,
          3.0140788
        ]
      },
      "id": "node/2460663086"
    },
    {
      "type": "Feature",
      "properties": {
        "@id": "node/2460663087",
        "name": "Minkan",
        "place": "village",
        "source": "WRI_2005"
      },
      "geometry": {
        "type": "Point",
        "coordinates": [
          11.1480025,
          3.1420073
        ]
      },
      "id": "node/2460663087"
    },
    {
      "type": "Feature",
      "properties": {
        "@id": "node/2460663088",
        "name": "Minko",
        "place": "village",
        "source": "WRI_2005"
      },
      "geometry": {
        "type": "Point",
        "coordinates": [
          10.3848518,
          2.3390609
        ]
      },
      "id": "node/2460663088"
    },
    {
      "type": "Feature",
      "properties": {
        "@id": "node/2460663089",
        "name": "Minkok",
        "place": "village",
        "source": "WRI_2005"
      },
      "geometry": {
        "type": "Point",
        "coordinates": [
          11.3219834,
          2.6591838
        ]
      },
      "id": "node/2460663089"
    },
    {
      "type": "Feature",
      "properties": {
        "@id": "node/2460663090",
        "name": "Minkok",
        "place": "village",
        "source": "WRI_2005"
      },
      "geometry": {
        "type": "Point",
        "coordinates": [
          11.1769767,
          2.991238
        ]
      },
      "id": "node/2460663090"
    },
    {
      "type": "Feature",
      "properties": {
        "@id": "node/2460663092",
        "name": "Minsele",
        "place": "village",
        "source": "WRI_2005"
      },
      "geometry": {
        "type": "Point",
        "coordinates": [
          11.1396621,
          2.3516278
        ]
      },
      "id": "node/2460663092"
    },
    {
      "type": "Feature",
      "properties": {
        "@id": "node/2460663093",
        "name": "Minto Fang",
        "place": "village",
        "source": "WRI_2005"
      },
      "geometry": {
        "type": "Point",
        "coordinates": [
          11.3037978,
          2.6647777
        ]
      },
      "id": "node/2460663093"
    },
    {
      "type": "Feature",
      "properties": {
        "@id": "node/2460663094",
        "name": "Minto",
        "place": "village",
        "source": "WRI_2005"
      },
      "geometry": {
        "type": "Point",
        "coordinates": [
          10.9093641,
          3.0314017
        ]
      },
      "id": "node/2460663094"
    },
    {
      "type": "Feature",
      "properties": {
        "@id": "node/2460663095",
        "name": "Mintom",
        "name:es": "Mintom",
        "place": "village",
        "source": "WRI_2005"
      },
      "geometry": {
        "type": "Point",
        "coordinates": [
          9.8394119,
          2.3772506
        ]
      },
      "id": "node/2460663095"
    },
    {
      "type": "Feature",
      "properties": {
        "@id": "node/2460663096",
        "name": "Mintom",
        "place": "village",
        "source": "WRI_2005"
      },
      "geometry": {
        "type": "Point",
        "coordinates": [
          10.9765267,
          2.9735824
        ]
      },
      "id": "node/2460663096"
    },
    {
      "type": "Feature",
      "properties": {
        "@id": "node/2460663097",
        "name": "Minyin",
        "place": "village",
        "source": "WRI_2005"
      },
      "geometry": {
        "type": "Point",
        "coordinates": [
          11.305346,
          2.374669
        ]
      },
      "id": "node/2460663097"
    },
    {
      "type": "Feature",
      "properties": {
        "@id": "node/2460663098",
        "name": "Minyon",
        "place": "village",
        "source": "WRI_2005"
      },
      "geometry": {
        "type": "Point",
        "coordinates": [
          11.2128666,
          2.2511016
        ]
      },
      "id": "node/2460663098"
    },
    {
      "type": "Feature",
      "properties": {
        "@id": "node/2460663099",
        "name": "Monenlam",
        "place": "village",
        "source": "WRI_2005"
      },
      "geometry": {
        "type": "Point",
        "coordinates": [
          11.1148099,
          2.8863108
        ]
      },
      "id": "node/2460663099"
    },
    {
      "type": "Feature",
      "properties": {
        "@id": "node/2460663101",
        "name": "Mougué",
        "place": "village",
        "source": "WRI_2005"
      },
      "geometry": {
        "type": "Point",
        "coordinates": [
          10.6183658,
          3.224019
        ]
      },
      "id": "node/2460663101"
    },
    {
      "type": "Feature",
      "properties": {
        "@id": "node/2460663104",
        "name": "Moungué",
        "place": "village",
        "source": "WRI_2005"
      },
      "geometry": {
        "type": "Point",
        "coordinates": [
          10.32822,
          3.1707841
        ]
      },
      "id": "node/2460663104"
    },
    {
      "type": "Feature",
      "properties": {
        "@id": "node/2460663108",
        "alt_name": "Mpalla",
        "name": "Mpala",
        "place": "village",
        "source": "WRI_2005"
      },
      "geometry": {
        "type": "Point",
        "coordinates": [
          9.9555012,
          3.0110112
        ]
      },
      "id": "node/2460663108"
    },
    {
      "type": "Feature",
      "properties": {
        "@id": "node/2460663112",
        "name": "Mpango",
        "place": "village",
        "source": "WRI_2005"
      },
      "geometry": {
        "type": "Point",
        "coordinates": [
          9.9119872,
          2.9301423
        ]
      },
      "id": "node/2460663112"
    },
    {
      "type": "Feature",
      "properties": {
        "@id": "node/2460663116",
        "name": "Mpolongwé I",
        "place": "village",
        "source": "WRI_2005"
      },
      "geometry": {
        "type": "Point",
        "coordinates": [
          9.9570656,
          3.0136162
        ]
      },
      "id": "node/2460663116"
    },
    {
      "type": "Feature",
      "properties": {
        "@id": "node/2460663117",
        "name": "Mpolongwé II",
        "place": "village",
        "source": "WRI_2005"
      },
      "geometry": {
        "type": "Point",
        "coordinates": [
          9.9720917,
          3.0285421
        ]
      },
      "id": "node/2460663117"
    },
    {
      "type": "Feature",
      "properties": {
        "@id": "node/2460663118",
        "name": "Mvam Yétom",
        "place": "village",
        "source": "WRI_2005"
      },
      "geometry": {
        "type": "Point",
        "coordinates": [
          11.0764678,
          2.7457653
        ]
      },
      "id": "node/2460663118"
    },
    {
      "type": "Feature",
      "properties": {
        "@id": "node/2460663119",
        "name": "Mvam",
        "place": "village",
        "source": "WRI_2005"
      },
      "geometry": {
        "type": "Point",
        "coordinates": [
          11.1546933,
          2.8807611
        ]
      },
      "id": "node/2460663119"
    },
    {
      "type": "Feature",
      "properties": {
        "@id": "node/2460663120",
        "name": "Mvamedjap",
        "place": "village",
        "source": "WRI_2005"
      },
      "geometry": {
        "type": "Point",
        "coordinates": [
          11.3453574,
          3.093906
        ]
      },
      "id": "node/2460663120"
    },
    {
      "type": "Feature",
      "properties": {
        "@id": "node/2460663121",
        "name": "Mvengué II",
        "place": "village",
        "source": "WRI_2005"
      },
      "geometry": {
        "type": "Point",
        "coordinates": [
          10.9826435,
          3.2958107
        ]
      },
      "id": "node/2460663121"
    },
    {
      "type": "Feature",
      "properties": {
        "@id": "node/2460663122",
        "name": "Mvengué III",
        "place": "village",
        "source": "WRI_2005"
      },
      "geometry": {
        "type": "Point",
        "coordinates": [
          11.0187262,
          3.2942951
        ]
      },
      "id": "node/2460663122"
    },
    {
      "type": "Feature",
      "properties": {
        "@id": "node/2460663123",
        "name": "Mvi'i",
        "place": "village",
        "source": "WRI_2005"
      },
      "geometry": {
        "type": "Point",
        "coordinates": [
          11.2399119,
          2.9460686
        ]
      },
      "id": "node/2460663123"
    },
    {
      "type": "Feature",
      "properties": {
        "@id": "node/2460663124",
        "name": "Mvi'ilimengalé",
        "place": "village",
        "source": "WRI_2005"
      },
      "geometry": {
        "type": "Point",
        "coordinates": [
          10.5441471,
          2.4048584
        ]
      },
      "id": "node/2460663124"
    },
    {
      "type": "Feature",
      "properties": {
        "@id": "node/2460663125",
        "name": "Mvila Yevol",
        "place": "village",
        "source": "WRI_2005"
      },
      "geometry": {
        "type": "Point",
        "coordinates": [
          11.0209867,
          2.9653155
        ]
      },
      "id": "node/2460663125"
    },
    {
      "type": "Feature",
      "properties": {
        "@id": "node/2460663126",
        "name": "Mvila",
        "place": "village",
        "source": "WRI_2005"
      },
      "geometry": {
        "type": "Point",
        "coordinates": [
          11.0607248,
          2.8684058
        ]
      },
      "id": "node/2460663126"
    },
    {
      "type": "Feature",
      "properties": {
        "@id": "node/2460663127",
        "name": "Mvoula",
        "place": "village",
        "source": "WRI_2005"
      },
      "geometry": {
        "type": "Point",
        "coordinates": [
          11.1874447,
          2.8554335
        ]
      },
      "id": "node/2460663127"
    },
    {
      "type": "Feature",
      "properties": {
        "@id": "node/2460663128",
        "name": "Mvoutedoum",
        "place": "village",
        "source": "WRI_2005"
      },
      "geometry": {
        "type": "Point",
        "coordinates": [
          11.1760588,
          2.9827964
        ]
      },
      "id": "node/2460663128"
    },
    {
      "type": "Feature",
      "properties": {
        "@id": "node/2460663129",
        "name": "Mébandé",
        "place": "village",
        "source": "WRI_2005"
      },
      "geometry": {
        "type": "Point",
        "coordinates": [
          10.8548352,
          3.1207942
        ]
      },
      "id": "node/2460663129"
    },
    {
      "type": "Feature",
      "properties": {
        "@id": "node/2460663130",
        "name": "Mébaé",
        "place": "village",
        "source": "WRI_2005"
      },
      "geometry": {
        "type": "Point",
        "coordinates": [
          11.1367519,
          2.963434
        ]
      },
      "id": "node/2460663130"
    },
    {
      "type": "Feature",
      "properties": {
        "@id": "node/2460663132",
        "name": "Mékom",
        "place": "village",
        "source": "WRI_2005"
      },
      "geometry": {
        "type": "Point",
        "coordinates": [
          11.3076838,
          3.1101139
        ]
      },
      "id": "node/2460663132"
    },
    {
      "type": "Feature",
      "properties": {
        "@id": "node/2460663133",
        "name": "Mélangué I",
        "place": "village",
        "source": "WRI_2005"
      },
      "geometry": {
        "type": "Point",
        "coordinates": [
          11.1120031,
          3.0255077
        ]
      },
      "id": "node/2460663133"
    },
    {
      "type": "Feature",
      "properties": {
        "@id": "node/2460663134",
        "name": "Mélangué II",
        "place": "village",
        "source": "WRI_2005"
      },
      "geometry": {
        "type": "Point",
        "coordinates": [
          11.0578767,
          3.0304469
        ]
      },
      "id": "node/2460663134"
    },
    {
      "type": "Feature",
      "properties": {
        "@id": "node/2460663135",
        "name": "Mélangué II",
        "place": "village",
        "source": "WRI_2005"
      },
      "geometry": {
        "type": "Point",
        "coordinates": [
          10.8250987,
          3.1809704
        ]
      },
      "id": "node/2460663135"
    },
    {
      "type": "Feature",
      "properties": {
        "@id": "node/2460663136",
        "name": "Mélangué III",
        "place": "village",
        "source": "WRI_2005"
      },
      "geometry": {
        "type": "Point",
        "coordinates": [
          10.9571819,
          3.1293911
        ]
      },
      "id": "node/2460663136"
    },
    {
      "type": "Feature",
      "properties": {
        "@id": "node/2460663137",
        "name": "Mélangué",
        "place": "village",
        "source": "WRI_2005"
      },
      "geometry": {
        "type": "Point",
        "coordinates": [
          10.9362869,
          3.1099373
        ]
      },
      "id": "node/2460663137"
    },
    {
      "type": "Feature",
      "properties": {
        "@id": "node/2460663138",
        "name": "Mélen",
        "place": "village",
        "source": "WRI_2005"
      },
      "geometry": {
        "type": "Point",
        "coordinates": [
          10.455025,
          3.2774242
        ]
      },
      "id": "node/2460663138"
    },
    {
      "type": "Feature",
      "properties": {
        "@id": "node/2460663139",
        "name": "Métet",
        "place": "village",
        "source": "WRI_2005"
      },
      "geometry": {
        "type": "Point",
        "coordinates": [
          11.0145865,
          3.0717566
        ]
      },
      "id": "node/2460663139"
    },
    {
      "type": "Feature",
      "properties": {
        "@id": "node/2460663140",
        "alt_name": "Nabora",
        "name": "Nabaro",
        "place": "village"
      },
      "geometry": {
        "type": "Point",
        "coordinates": [
          9.918091,
          2.9191562
        ]
      },
      "id": "node/2460663140"
    },
    {
      "type": "Feature",
      "properties": {
        "@id": "node/2460663141",
        "name": "Nadontembé",
        "place": "village",
        "source": "WRI_2005"
      },
      "geometry": {
        "type": "Point",
        "coordinates": [
          9.9449491,
          2.9082872
        ]
      },
      "id": "node/2460663141"
    },
    {
      "type": "Feature",
      "properties": {
        "@id": "node/2460663142",
        "name": "Nalea",
        "place": "village",
        "source": "WRI_2005"
      },
      "geometry": {
        "type": "Point",
        "coordinates": [
          9.9747727,
          2.8845558
        ]
      },
      "id": "node/2460663142"
    },
    {
      "type": "Feature",
      "properties": {
        "@id": "node/2460663143",
        "name": "Nangadjango",
        "place": "village",
        "source": "WRI_2005"
      },
      "geometry": {
        "type": "Point",
        "coordinates": [
          9.9003853,
          2.9147541
        ]
      },
      "id": "node/2460663143"
    },
    {
      "type": "Feature",
      "properties": {
        "@id": "node/2460663156",
        "name": "Ndengue",
        "place": "village",
        "source": "WRI_2005"
      },
      "geometry": {
        "type": "Point",
        "coordinates": [
          11.1257533,
          2.7978202
        ]
      },
      "id": "node/2460663156"
    },
    {
      "type": "Feature",
      "properties": {
        "@id": "node/2460663161",
        "name": "Ndjafop",
        "place": "village",
        "source": "WRI_2005"
      },
      "geometry": {
        "type": "Point",
        "coordinates": [
          11.2104713,
          2.8151915
        ]
      },
      "id": "node/2460663161"
    },
    {
      "type": "Feature",
      "properties": {
        "@id": "node/2460663163",
        "name": "Ndjantom",
        "place": "village",
        "source": "WRI_2005"
      },
      "geometry": {
        "type": "Point",
        "coordinates": [
          10.9818074,
          2.966631
        ]
      },
      "id": "node/2460663163"
    },
    {
      "type": "Feature",
      "properties": {
        "@id": "node/2460663167",
        "name": "Ndjazeng",
        "place": "village",
        "source": "WRI_2005"
      },
      "geometry": {
        "type": "Point",
        "coordinates": [
          10.9067793,
          2.5338494
        ]
      },
      "id": "node/2460663167"
    },
    {
      "type": "Feature",
      "properties": {
        "@id": "node/2460663170",
        "name": "Ndjibo",
        "place": "village",
        "source": "WRI_2005"
      },
      "geometry": {
        "type": "Point",
        "coordinates": [
          9.9234694,
          2.9824867
        ]
      },
      "id": "node/2460663170"
    },
    {
      "type": "Feature",
      "properties": {
        "@id": "node/2460663175",
        "name": "Ndjom-Bané",
        "place": "village",
        "source": "WRI_2005"
      },
      "geometry": {
        "type": "Point",
        "coordinates": [
          11.1633473,
          3.1468542
        ]
      },
      "id": "node/2460663175"
    },
    {
      "type": "Feature",
      "properties": {
        "@id": "node/2460663181",
        "name": "Ndoua",
        "place": "village",
        "source": "WRI_2005"
      },
      "geometry": {
        "type": "Point",
        "coordinates": [
          10.258307,
          3.049416
        ]
      },
      "id": "node/2460663181"
    },
    {
      "type": "Feature",
      "properties": {
        "@id": "node/2460663188",
        "name": "Ndoumalé",
        "place": "village",
        "source": "WRI_2005"
      },
      "geometry": {
        "type": "Point",
        "coordinates": [
          9.9074697,
          2.8607863
        ]
      },
      "id": "node/2460663188"
    },
    {
      "type": "Feature",
      "properties": {
        "@id": "node/2460663196",
        "name": "Ngalan I",
        "place": "village",
        "source": "WRI_2005"
      },
      "geometry": {
        "type": "Point",
        "coordinates": [
          11.1221419,
          2.9410616
        ]
      },
      "id": "node/2460663196"
    },
    {
      "type": "Feature",
      "properties": {
        "@id": "node/2460663203",
        "name": "Ngalan II",
        "place": "village",
        "source": "WRI_2005"
      },
      "geometry": {
        "type": "Point",
        "coordinates": [
          11.029579,
          2.950224
        ]
      },
      "id": "node/2460663203"
    },
    {
      "type": "Feature",
      "properties": {
        "@id": "node/2460663212",
        "name": "Ngalan III",
        "place": "village",
        "source": "WRI_2005"
      },
      "geometry": {
        "type": "Point",
        "coordinates": [
          11.2217253,
          2.8068759
        ]
      },
      "id": "node/2460663212"
    },
    {
      "type": "Feature",
      "properties": {
        "@id": "node/2460663219",
        "name": "Ngankié",
        "place": "village",
        "source": "WRI_2005"
      },
      "geometry": {
        "type": "Point",
        "coordinates": [
          11.2614842,
          2.3677088
        ]
      },
      "id": "node/2460663219"
    },
    {
      "type": "Feature",
      "properties": {
        "@id": "node/2460663224",
        "name": "Ngat",
        "place": "village",
        "source": "WRI_2005"
      },
      "geometry": {
        "type": "Point",
        "coordinates": [
          10.9292517,
          2.9970426
        ]
      },
      "id": "node/2460663224"
    },
    {
      "type": "Feature",
      "properties": {
        "@id": "node/2460663231",
        "name": "Ngbwa Akom",
        "place": "village",
        "source": "WRI_2005"
      },
      "geometry": {
        "type": "Point",
        "coordinates": [
          11.0304443,
          2.3269191
        ]
      },
      "id": "node/2460663231"
    },
    {
      "type": "Feature",
      "properties": {
        "@id": "node/2460663238",
        "name": "Ngoakele",
        "place": "village",
        "source": "WRI_2005"
      },
      "geometry": {
        "type": "Point",
        "coordinates": [
          11.2123318,
          3.0506764
        ]
      },
      "id": "node/2460663238"
    },
    {
      "type": "Feature",
      "properties": {
        "@id": "node/2460663241",
        "name": "Ngoazip II",
        "place": "village",
        "source": "WRI_2005"
      },
      "geometry": {
        "type": "Point",
        "coordinates": [
          10.9899991,
          3.0907139
        ]
      },
      "id": "node/2460663241"
    },
    {
      "type": "Feature",
      "properties": {
        "@id": "node/2460663242",
        "name": "Ngoazip",
        "place": "village",
        "source": "WRI_2005"
      },
      "geometry": {
        "type": "Point",
        "coordinates": [
          11.0158421,
          3.055579
        ]
      },
      "id": "node/2460663242"
    },
    {
      "type": "Feature",
      "properties": {
        "@id": "node/2460663254",
        "name": "Ngok",
        "place": "village",
        "source": "WRI_2005"
      },
      "geometry": {
        "type": "Point",
        "coordinates": [
          11.3583283,
          3.0836808
        ]
      },
      "id": "node/2460663254"
    },
    {
      "type": "Feature",
      "properties": {
        "@id": "node/2460663258",
        "name": "Ngom Adjap",
        "place": "village",
        "source": "WRI_2005"
      },
      "geometry": {
        "type": "Point",
        "coordinates": [
          11.1675318,
          2.4981452
        ]
      },
      "id": "node/2460663258"
    },
    {
      "type": "Feature",
      "properties": {
        "@id": "node/2460663262",
        "name": "Ngom Essaobam",
        "place": "village",
        "source": "WRI_2005"
      },
      "geometry": {
        "type": "Point",
        "coordinates": [
          11.2971497,
          2.5490184
        ]
      },
      "id": "node/2460663262"
    },
    {
      "type": "Feature",
      "properties": {
        "@id": "node/2460663266",
        "name": "Ngom",
        "place": "village",
        "source": "WRI_2005"
      },
      "geometry": {
        "type": "Point",
        "coordinates": [
          11.1776889,
          2.4541272
        ]
      },
      "id": "node/2460663266"
    },
    {
      "type": "Feature",
      "properties": {
        "@id": "node/2460663270",
        "name": "Ngon",
        "place": "village",
        "source": "WRI_2005"
      },
      "geometry": {
        "type": "Point",
        "coordinates": [
          10.6963485,
          2.8189342
        ]
      },
      "id": "node/2460663270"
    },
    {
      "type": "Feature",
      "properties": {
        "@id": "node/2460663274",
        "name": "Ngonebok",
        "place": "village",
        "source": "WRI_2005"
      },
      "geometry": {
        "type": "Point",
        "coordinates": [
          10.8910909,
          2.9963565
        ]
      },
      "id": "node/2460663274"
    },
    {
      "type": "Feature",
      "properties": {
        "@id": "node/2460663278",
        "name": "Ngovayang I",
        "place": "town",
        "source": "WRI_2005"
      },
      "geometry": {
        "type": "Point",
        "coordinates": [
          10.6044064,
          3.2153254
        ]
      },
      "id": "node/2460663278"
    },
    {
      "type": "Feature",
      "properties": {
        "@id": "node/2460663282",
        "name": "Nguet",
        "place": "village",
        "source": "WRI_2005"
      },
      "geometry": {
        "type": "Point",
        "coordinates": [
          11.2568462,
          2.9535748
        ]
      },
      "id": "node/2460663282"
    },
    {
      "type": "Feature",
      "properties": {
        "@id": "node/2460663286",
        "name": "Njabilobé",
        "place": "village",
        "source": "WRI_2005"
      },
      "geometry": {
        "type": "Point",
        "coordinates": [
          10.3479708,
          2.8097825
        ]
      },
      "id": "node/2460663286"
    },
    {
      "type": "Feature",
      "properties": {
        "@id": "node/2460663289",
        "name": "Nkan",
        "place": "village",
        "source": "WRI_2005"
      },
      "geometry": {
        "type": "Point",
        "coordinates": [
          11.2160481,
          2.255343
        ]
      },
      "id": "node/2460663289"
    },
    {
      "type": "Feature",
      "properties": {
        "@id": "node/2460663293",
        "name": "Nkan",
        "place": "village",
        "source": "WRI_2005"
      },
      "geometry": {
        "type": "Point",
        "coordinates": [
          11.0546139,
          2.5232977
        ]
      },
      "id": "node/2460663293"
    },
    {
      "type": "Feature",
      "properties": {
        "@id": "node/2460663297",
        "name": "Nkan",
        "place": "village",
        "source": "WRI_2005"
      },
      "geometry": {
        "type": "Point",
        "coordinates": [
          11.2211259,
          2.9521145
        ]
      },
      "id": "node/2460663297"
    },
    {
      "type": "Feature",
      "properties": {
        "@id": "node/2460663300",
        "alt_name": "Nkoa Adjap",
        "name": "Nko'adjap",
        "place": "village",
        "source": "WRI_2005"
      },
      "geometry": {
        "type": "Point",
        "coordinates": [
          9.9470475,
          2.3734395
        ]
      },
      "id": "node/2460663300"
    },
    {
      "type": "Feature",
      "properties": {
        "@id": "node/2460663304",
        "name": "Nko'adjap",
        "place": "village",
        "source": "WRI_2005"
      },
      "geometry": {
        "type": "Point",
        "coordinates": [
          10.9688786,
          2.9676287
        ]
      },
      "id": "node/2460663304"
    },
    {
      "type": "Feature",
      "properties": {
        "@id": "node/2460663308",
        "name": "Nko'olong",
        "place": "village",
        "source": "WRI_2005"
      },
      "geometry": {
        "type": "Point",
        "coordinates": [
          10.0203648,
          2.8546102
        ]
      },
      "id": "node/2460663308"
    },
    {
      "type": "Feature",
      "properties": {
        "@id": "node/2460663312",
        "name": "Nko'ondo'o",
        "place": "village",
        "source": "WRI_2005"
      },
      "geometry": {
        "type": "Point",
        "coordinates": [
          10.8916883,
          2.5297248
        ]
      },
      "id": "node/2460663312"
    },
    {
      "type": "Feature",
      "properties": {
        "@id": "node/2460663316",
        "name": "Nko'ovos II",
        "place": "village",
        "source": "WRI_2005"
      },
      "geometry": {
        "type": "Point",
        "coordinates": [
          11.3530719,
          2.9244252
        ]
      },
      "id": "node/2460663316"
    },
    {
      "type": "Feature",
      "properties": {
        "@id": "node/2460663320",
        "name": "Nko'ovos II",
        "place": "village",
        "source": "WRI_2005"
      },
      "geometry": {
        "type": "Point",
        "coordinates": [
          11.3594674,
          2.9294214
        ]
      },
      "id": "node/2460663320"
    },
    {
      "type": "Feature",
      "properties": {
        "@id": "node/2460663332",
        "alt_name": "Nkoemvone",
        "name": "Nko'émvon",
        "place": "village",
        "source": "WRI_2005"
      },
      "geometry": {
        "type": "Point",
        "coordinates": [
          11.1331319,
          2.8167468
        ]
      },
      "id": "node/2460663332"
    },
    {
      "type": "Feature",
      "properties": {
        "@id": "node/2460663336",
        "name": "Nko'étyé",
        "place": "village",
        "source": "WRI_2005"
      },
      "geometry": {
        "type": "Point",
        "coordinates": [
          11.2911399,
          2.8696581
        ]
      },
      "id": "node/2460663336"
    },
    {
      "type": "Feature",
      "properties": {
        "@id": "node/2460663340",
        "name": "Nkoadjedjo",
        "place": "village",
        "source": "WRI_2005"
      },
      "geometry": {
        "type": "Point",
        "coordinates": [
          11.0301836,
          2.6148945
        ]
      },
      "id": "node/2460663340"
    },
    {
      "type": "Feature",
      "properties": {
        "@id": "node/2460663345",
        "name": "Nkoambé",
        "place": "village",
        "source": "WRI_2005"
      },
      "geometry": {
        "type": "Point",
        "coordinates": [
          11.015696,
          3.1850852
        ]
      },
      "id": "node/2460663345"
    },
    {
      "type": "Feature",
      "properties": {
        "@id": "node/2460663353",
        "name": "Nkol Efoulan",
        "place": "village",
        "source": "WRI_2005"
      },
      "geometry": {
        "type": "Point",
        "coordinates": [
          11.2983771,
          2.4442553
        ]
      },
      "id": "node/2460663353"
    },
    {
      "type": "Feature",
      "properties": {
        "@id": "node/2460663357",
        "name": "Nkolabouk",
        "place": "village",
        "source": "WRI_2005"
      },
      "geometry": {
        "type": "Point",
        "coordinates": [
          11.3468779,
          2.7914418
        ]
      },
      "id": "node/2460663357"
    },
    {
      "type": "Feature",
      "properties": {
        "@id": "node/2460663360",
        "name": "Nkolamougou",
        "place": "village",
        "source": "WRI_2005"
      },
      "geometry": {
        "type": "Point",
        "coordinates": [
          11.175465,
          3.1389906
        ]
      },
      "id": "node/2460663360"
    },
    {
      "type": "Feature",
      "properties": {
        "@id": "node/2460663364",
        "name": "Nkolandom",
        "place": "village",
        "source": "WRI_2005"
      },
      "geometry": {
        "type": "Point",
        "coordinates": [
          11.1680981,
          2.8092917
        ]
      },
      "id": "node/2460663364"
    },
    {
      "type": "Feature",
      "properties": {
        "@id": "node/2460663368",
        "name": "Nkolatom",
        "place": "village",
        "source": "WRI_2005"
      },
      "geometry": {
        "type": "Point",
        "coordinates": [
          10.8579831,
          3.2622054
        ]
      },
      "id": "node/2460663368"
    },
    {
      "type": "Feature",
      "properties": {
        "@id": "node/2460663377",
        "name": "Nkolbewo'o",
        "place": "village",
        "source": "WRI_2005"
      },
      "geometry": {
        "type": "Point",
        "coordinates": [
          10.7951611,
          2.8029767
        ]
      },
      "id": "node/2460663377"
    },
    {
      "type": "Feature",
      "properties": {
        "@id": "node/2460663381",
        "name": "Nkolbewo'o",
        "place": "village",
        "source": "WRI_2005"
      },
      "geometry": {
        "type": "Point",
        "coordinates": [
          10.5235521,
          2.8062254
        ]
      },
      "id": "node/2460663381"
    },
    {
      "type": "Feature",
      "properties": {
        "@id": "node/2460663389",
        "name": "Nkolebityé",
        "place": "village",
        "source": "WRI_2005"
      },
      "geometry": {
        "type": "Point",
        "coordinates": [
          11.3837001,
          2.8732489
        ]
      },
      "id": "node/2460663389"
    },
    {
      "type": "Feature",
      "properties": {
        "@id": "node/2460663394",
        "name": "Nkolemvon",
        "place": "village",
        "source": "WRI_2005"
      },
      "geometry": {
        "type": "Point",
        "coordinates": [
          11.2214227,
          2.7530625
        ]
      },
      "id": "node/2460663394"
    },
    {
      "type": "Feature",
      "properties": {
        "@id": "node/2460663398",
        "name": "Nkolmefoutada'a",
        "place": "village",
        "source": "WRI_2005"
      },
      "geometry": {
        "type": "Point",
        "coordinates": [
          10.8968917,
          2.798943
        ]
      },
      "id": "node/2460663398"
    },
    {
      "type": "Feature",
      "properties": {
        "@id": "node/2460663412",
        "name": "Nkolmendim",
        "place": "village",
        "source": "WRI_2005"
      },
      "geometry": {
        "type": "Point",
        "coordinates": [
          11.0697107,
          3.2049037
        ]
      },
      "id": "node/2460663412"
    },
    {
      "type": "Feature",
      "properties": {
        "@id": "node/2460663416",
        "name": "Nkolnkeng",
        "place": "village",
        "source": "WRI_2005"
      },
      "geometry": {
        "type": "Point",
        "coordinates": [
          11.0898046,
          3.1520494
        ]
      },
      "id": "node/2460663416"
    },
    {
      "type": "Feature",
      "properties": {
        "@id": "node/2460663420",
        "name": "Nkolo I",
        "place": "village",
        "source": "WRI_2005"
      },
      "geometry": {
        "type": "Point",
        "coordinates": [
          10.2675398,
          3.2232289
        ]
      },
      "id": "node/2460663420"
    },
    {
      "type": "Feature",
      "properties": {
        "@id": "node/2460663424",
        "name": "Nkolonyié",
        "place": "village",
        "source": "WRI_2005"
      },
      "geometry": {
        "type": "Point",
        "coordinates": [
          11.1279524,
          3.151307
        ]
      },
      "id": "node/2460663424"
    },
    {
      "type": "Feature",
      "properties": {
        "@id": "node/2460663428",
        "name": "Nkoloveng",
        "place": "village",
        "source": "WRI_2005"
      },
      "geometry": {
        "type": "Point",
        "coordinates": [
          10.734032,
          2.8160462
        ]
      },
      "id": "node/2460663428"
    },
    {
      "type": "Feature",
      "properties": {
        "@id": "node/2460663432",
        "name": "Nkol}nyeng",
        "place": "village",
        "source": "WRI_2005"
      },
      "geometry": {
        "type": "Point",
        "coordinates": [
          10.9232006,
          2.8050664
        ]
      },
      "id": "node/2460663432"
    },
    {
      "type": "Feature",
      "properties": {
        "@id": "node/2460663436",
        "name": "Nkomelen",
        "place": "village",
        "source": "WRI_2005"
      },
      "geometry": {
        "type": "Point",
        "coordinates": [
          11.0544356,
          2.6179701
        ]
      },
      "id": "node/2460663436"
    },
    {
      "type": "Feature",
      "properties": {
        "@id": "node/2460663439",
        "name": "Nkondongo",
        "place": "village",
        "source": "WRI_2005"
      },
      "geometry": {
        "type": "Point",
        "coordinates": [
          11.3278258,
          2.6569186
        ]
      },
      "id": "node/2460663439"
    },
    {
      "type": "Feature",
      "properties": {
        "@id": "node/2460663440",
        "name": "Nkong Adjom",
        "place": "village",
        "source": "WRI_2005"
      },
      "geometry": {
        "type": "Point",
        "coordinates": [
          11.1843858,
          2.7911895
        ]
      },
      "id": "node/2460663440"
    },
    {
      "type": "Feature",
      "properties": {
        "@id": "node/2460663441",
        "name": "Nkong Edjom",
        "place": "village",
        "source": "WRI_2005"
      },
      "geometry": {
        "type": "Point",
        "coordinates": [
          11.2675026,
          2.8746884
        ]
      },
      "id": "node/2460663441"
    },
    {
      "type": "Feature",
      "properties": {
        "@id": "node/2460663444",
        "name": "Nkonmekak",
        "place": "village",
        "source": "WRI_2005"
      },
      "geometry": {
        "type": "Point",
        "coordinates": [
          10.5089761,
          2.7967649
        ]
      },
      "id": "node/2460663444"
    },
    {
      "type": "Feature",
      "properties": {
        "@id": "node/2460663445",
        "name": "Nkoroveng",
        "place": "village",
        "source": "WRI_2005"
      },
      "geometry": {
        "type": "Point",
        "coordinates": [
          11.0557338,
          2.5335955
        ]
      },
      "id": "node/2460663445"
    },
    {
      "type": "Feature",
      "properties": {
        "@id": "node/2460663446",
        "name": "Nkoulounganga",
        "place": "village",
        "source": "WRI_2005"
      },
      "geometry": {
        "type": "Point",
        "coordinates": [
          11.0714907,
          3.2738518
        ]
      },
      "id": "node/2460663446"
    },
    {
      "type": "Feature",
      "properties": {
        "@id": "node/2460663447",
        "name": "Nkoumékeké",
        "place": "village",
        "source": "WRI_2005"
      },
      "geometry": {
        "type": "Point",
        "coordinates": [
          11.2598731,
          2.3614709
        ]
      },
      "id": "node/2460663447"
    },
    {
      "type": "Feature",
      "properties": {
        "@id": "node/2460663448",
        "name": "Nkowaébaé II",
        "place": "village",
        "source": "WRI_2005"
      },
      "geometry": {
        "type": "Point",
        "coordinates": [
          11.336726,
          2.6385746
        ]
      },
      "id": "node/2460663448"
    },
    {
      "type": "Feature",
      "properties": {
        "@id": "node/2460663449",
        "name": "Nkoémvon",
        "place": "village",
        "source": "WRI_2005"
      },
      "geometry": {
        "type": "Point",
        "coordinates": [
          11.0970226,
          3.0214777
        ]
      },
      "id": "node/2460663449"
    },
    {
      "type": "Feature",
      "properties": {
        "@id": "node/2460663450",
        "name": "Nkpaévolé",
        "place": "village",
        "source": "WRI_2005"
      },
      "geometry": {
        "type": "Point",
        "coordinates": [
          10.9742808,
          2.5405978
        ]
      },
      "id": "node/2460663450"
    },
    {
      "type": "Feature",
      "properties": {
        "@id": "node/2460663451",
        "name": "Nkwambwé II",
        "place": "village",
        "source": "WRI_2005"
      },
      "geometry": {
        "type": "Point",
        "coordinates": [
          10.8095088,
          3.3012041
        ]
      },
      "id": "node/2460663451"
    },
    {
      "type": "Feature",
      "properties": {
        "@id": "node/2460663452",
        "name": "Nlendé Dibé",
        "place": "village",
        "source": "WRI_2005"
      },
      "geometry": {
        "type": "Point",
        "coordinates": [
          9.8816067,
          2.7731892
        ]
      },
      "id": "node/2460663452"
    },
    {
      "type": "Feature",
      "properties": {
        "@id": "node/2460663453",
        "name": "Nlono",
        "place": "village",
        "source": "WRI_2005"
      },
      "geometry": {
        "type": "Point",
        "coordinates": [
          11.3945686,
          2.3410756
        ]
      },
      "id": "node/2460663453"
    },
    {
      "type": "Feature",
      "properties": {
        "@id": "node/2460663454",
        "name": "Nlozok",
        "place": "village",
        "source": "WRI_2005"
      },
      "geometry": {
        "type": "Point",
        "coordinates": [
          10.0557896,
          2.8549178
        ]
      },
      "id": "node/2460663454"
    },
    {
      "type": "Feature",
      "properties": {
        "@id": "node/2460663455",
        "name": "Nnemeyong",
        "place": "village",
        "source": "WRI_2005"
      },
      "geometry": {
        "type": "Point",
        "coordinates": [
          10.606977,
          2.8065477
        ]
      },
      "id": "node/2460663455"
    },
    {
      "type": "Feature",
      "properties": {
        "@id": "node/2460663456",
        "name": "Nn}lefoup",
        "place": "village",
        "source": "WRI_2005"
      },
      "geometry": {
        "type": "Point",
        "coordinates": [
          10.7601425,
          2.820171
        ]
      },
      "id": "node/2460663456"
    },
    {
      "type": "Feature",
      "properties": {
        "@id": "node/2460663457",
        "name": "Nnémeyong",
        "place": "village",
        "source": "WRI_2005"
      },
      "geometry": {
        "type": "Point",
        "coordinates": [
          10.4631636,
          2.446903
        ]
      },
      "id": "node/2460663457"
    },
    {
      "type": "Feature",
      "properties": {
        "@id": "node/2460663459",
        "name": "Nnézam",
        "place": "village",
        "source": "WRI_2005"
      },
      "geometry": {
        "type": "Point",
        "coordinates": [
          11.0667432,
          2.6947671
        ]
      },
      "id": "node/2460663459"
    },
    {
      "type": "Feature",
      "properties": {
        "@id": "node/2460663463",
        "name": "Nnézam",
        "place": "village",
        "source": "WRI_2005"
      },
      "geometry": {
        "type": "Point",
        "coordinates": [
          11.2970662,
          2.960245
        ]
      },
      "id": "node/2460663463"
    },
    {
      "type": "Feature",
      "properties": {
        "@id": "node/2460663480",
        "name": "Nsakoua",
        "place": "village",
        "source": "WRI_2005"
      },
      "geometry": {
        "type": "Point",
        "coordinates": [
          11.3137034,
          2.5852318
        ]
      },
      "id": "node/2460663480"
    },
    {
      "type": "Feature",
      "properties": {
        "@id": "node/2460663481",
        "name": "Nsam",
        "place": "village",
        "source": "WRI_2005"
      },
      "geometry": {
        "type": "Point",
        "coordinates": [
          10.9472891,
          3.2741174
        ]
      },
      "id": "node/2460663481"
    },
    {
      "type": "Feature",
      "properties": {
        "@id": "node/2460663483",
        "name": "Nsana",
        "place": "village",
        "source": "WRI_2005"
      },
      "geometry": {
        "type": "Point",
        "coordinates": [
          11.2444184,
          2.2680478
        ]
      },
      "id": "node/2460663483"
    },
    {
      "type": "Feature",
      "properties": {
        "@id": "node/2460663486",
        "name": "Nsangbwang",
        "place": "village",
        "source": "WRI_2005"
      },
      "geometry": {
        "type": "Point",
        "coordinates": [
          11.2774225,
          2.2582528
        ]
      },
      "id": "node/2460663486"
    },
    {
      "type": "Feature",
      "properties": {
        "@id": "node/2460663490",
        "name": "Nsengou",
        "place": "village",
        "source": "WRI_2005"
      },
      "geometry": {
        "type": "Point",
        "coordinates": [
          10.5927369,
          2.1957882
        ]
      },
      "id": "node/2460663490"
    },
    {
      "type": "Feature",
      "properties": {
        "@id": "node/2460663492",
        "name": "Nsessoum",
        "place": "village",
        "source": "WRI_2005"
      },
      "geometry": {
        "type": "Point",
        "coordinates": [
          11.1141767,
          2.5165535
        ]
      },
      "id": "node/2460663492"
    },
    {
      "type": "Feature",
      "properties": {
        "@id": "node/2460663494",
        "name": "Nsomessok",
        "place": "village",
        "source": "WRI_2005"
      },
      "geometry": {
        "type": "Point",
        "coordinates": [
          10.7541747,
          2.3313578
        ]
      },
      "id": "node/2460663494"
    },
    {
      "type": "Feature",
      "properties": {
        "@id": "node/2460663495",
        "name": "Nsébito",
        "place": "village",
        "source": "WRI_2005"
      },
      "geometry": {
        "type": "Point",
        "coordinates": [
          10.4761721,
          2.4466522
        ]
      },
      "id": "node/2460663495"
    },
    {
      "type": "Feature",
      "properties": {
        "@id": "node/2460663496",
        "name": "Nsélang",
        "place": "village",
        "source": "WRI_2005"
      },
      "geometry": {
        "type": "Point",
        "coordinates": [
          11.3754216,
          2.4610689
        ]
      },
      "id": "node/2460663496"
    },
    {
      "type": "Feature",
      "properties": {
        "@id": "node/2460663497",
        "name": "Nsélang",
        "place": "village",
        "source": "WRI_2005"
      },
      "geometry": {
        "type": "Point",
        "coordinates": [
          11.3264414,
          2.4682063
        ]
      },
      "id": "node/2460663497"
    },
    {
      "type": "Feature",
      "properties": {
        "@id": "node/2460663498",
        "name": "Ntyilok",
        "place": "village",
        "source": "WRI_2005"
      },
      "geometry": {
        "type": "Point",
        "coordinates": [
          11.3319492,
          2.8474567
        ]
      },
      "id": "node/2460663498"
    },
    {
      "type": "Feature",
      "properties": {
        "@id": "node/2460663499",
        "name": "Nyabitandé",
        "place": "village",
        "source": "WRI_2005"
      },
      "geometry": {
        "type": "Point",
        "coordinates": [
          10.5175042,
          2.8435408
        ]
      },
      "id": "node/2460663499"
    },
    {
      "type": "Feature",
      "properties": {
        "@id": "node/2460663501",
        "name": "Nyangong",
        "place": "town",
        "source": "WRI_2005"
      },
      "geometry": {
        "type": "Point",
        "coordinates": [
          10.7554831,
          2.967118
        ]
      },
      "id": "node/2460663501"
    },
    {
      "type": "Feature",
      "properties": {
        "@id": "node/2460663502",
        "name": "Nyazanga",
        "place": "village",
        "source": "WRI_2005"
      },
      "geometry": {
        "type": "Point",
        "coordinates": [
          11.0624607,
          2.6648091
        ]
      },
      "id": "node/2460663502"
    },
    {
      "type": "Feature",
      "properties": {
        "@id": "node/2460663505",
        "name": "Nyazo'o I",
        "place": "village",
        "source": "WRI_2005"
      },
      "geometry": {
        "type": "Point",
        "coordinates": [
          10.8910346,
          3.0651137
        ]
      },
      "id": "node/2460663505"
    },
    {
      "type": "Feature",
      "properties": {
        "@id": "node/2460663509",
        "name": "Nyep-Bané",
        "place": "village",
        "source": "WRI_2005"
      },
      "geometry": {
        "type": "Point",
        "coordinates": [
          11.0666119,
          3.1730072
        ]
      },
      "id": "node/2460663509"
    },
    {
      "type": "Feature",
      "properties": {
        "@id": "node/2460663512",
        "name": "Nyiemeyong",
        "place": "village",
        "source": "WRI_2005"
      },
      "geometry": {
        "type": "Point",
        "coordinates": [
          11.3768457,
          3.0729196
        ]
      },
      "id": "node/2460663512"
    },
    {
      "type": "Feature",
      "properties": {
        "@id": "node/2460663515",
        "name": "Nyiemeyong",
        "place": "village",
        "source": "WRI_2005"
      },
      "geometry": {
        "type": "Point",
        "coordinates": [
          11.3742957,
          3.078872
        ]
      },
      "id": "node/2460663515"
    },
    {
      "type": "Feature",
      "properties": {
        "@id": "node/2460663519",
        "name": "Nyézam",
        "place": "village",
        "source": "WRI_2005"
      },
      "geometry": {
        "type": "Point",
        "coordinates": [
          11.1860422,
          2.4432498
        ]
      },
      "id": "node/2460663519"
    },
    {
      "type": "Feature",
      "properties": {
        "@id": "node/2460663522",
        "name": "Némeyong II",
        "place": "village",
        "source": "WRI_2005"
      },
      "geometry": {
        "type": "Point",
        "coordinates": [
          11.3397921,
          2.9256971
        ]
      },
      "id": "node/2460663522"
    },
    {
      "type": "Feature",
      "properties": {
        "@id": "node/2460663525",
        "name": "Némeyong",
        "place": "village",
        "source": "WRI_2005"
      },
      "geometry": {
        "type": "Point",
        "coordinates": [
          11.2357982,
          2.9011083
        ]
      },
      "id": "node/2460663525"
    },
    {
      "type": "Feature",
      "properties": {
        "@id": "node/2460663529",
        "name": "Obang I",
        "place": "village",
        "source": "WRI_2005"
      },
      "geometry": {
        "type": "Point",
        "coordinates": [
          11.2259284,
          3.0662154
        ]
      },
      "id": "node/2460663529"
    },
    {
      "type": "Feature",
      "properties": {
        "@id": "node/2460663531",
        "name": "Obang II",
        "place": "village",
        "source": "WRI_2005"
      },
      "geometry": {
        "type": "Point",
        "coordinates": [
          11.2398121,
          3.0786683
        ]
      },
      "id": "node/2460663531"
    },
    {
      "type": "Feature",
      "properties": {
        "@id": "node/2460663532",
        "name": "Obang",
        "place": "village",
        "source": "WRI_2005"
      },
      "geometry": {
        "type": "Point",
        "coordinates": [
          11.0790965,
          2.2195949
        ]
      },
      "id": "node/2460663532"
    },
    {
      "type": "Feature",
      "properties": {
        "@id": "node/2460663540",
        "name": "Okong",
        "place": "village",
        "source": "WRI_2005"
      },
      "geometry": {
        "type": "Point",
        "coordinates": [
          10.9381904,
          2.5300848
        ]
      },
      "id": "node/2460663540"
    },
    {
      "type": "Feature",
      "properties": {
        "@id": "node/2460663554",
        "name": "Olang Lée",
        "place": "village",
        "source": "WRI_2005"
      },
      "geometry": {
        "type": "Point",
        "coordinates": [
          11.1808046,
          2.2169403
        ]
      },
      "id": "node/2460663554"
    },
    {
      "type": "Feature",
      "properties": {
        "@id": "node/2460663557",
        "name": "Olang",
        "place": "village",
        "source": "WRI_2005"
      },
      "geometry": {
        "type": "Point",
        "coordinates": [
          11.1572391,
          2.2065143
        ]
      },
      "id": "node/2460663557"
    },
    {
      "type": "Feature",
      "properties": {
        "@id": "node/2460663561",
        "name": "Olem",
        "place": "village",
        "source": "WRI_2005"
      },
      "geometry": {
        "type": "Point",
        "coordinates": [
          10.2482344,
          2.7482167
        ]
      },
      "id": "node/2460663561"
    },
    {
      "type": "Feature",
      "properties": {
        "@id": "node/2460663564",
        "name": "Olem",
        "place": "village",
        "source": "WRI_2005"
      },
      "geometry": {
        "type": "Point",
        "coordinates": [
          11.0711577,
          2.9349948
        ]
      },
      "id": "node/2460663564"
    },
    {
      "type": "Feature",
      "properties": {
        "@id": "node/2460663567",
        "name": "Ondong Adjap",
        "place": "town",
        "source": "WRI_2005"
      },
      "geometry": {
        "type": "Point",
        "coordinates": [
          10.8491709,
          3.1398129
        ]
      },
      "id": "node/2460663567"
    },
    {
      "type": "Feature",
      "properties": {
        "@id": "node/2460663578",
        "name": "Otelé",
        "place": "village",
        "source": "WRI_2005"
      },
      "geometry": {
        "type": "Point",
        "coordinates": [
          11.3579361,
          2.6195935
        ]
      },
      "id": "node/2460663578"
    },
    {
      "type": "Feature",
      "properties": {
        "@id": "node/2460663584",
        "name": "Oveng",
        "place": "village",
        "source": "WRI_2005"
      },
      "geometry": {
        "type": "Point",
        "coordinates": [
          10.9852149,
          2.5438164
        ]
      },
      "id": "node/2460663584"
    },
    {
      "type": "Feature",
      "properties": {
        "@id": "node/2460663588",
        "name": "Oveng",
        "place": "village",
        "source": "WRI_2005"
      },
      "geometry": {
        "type": "Point",
        "coordinates": [
          11.0663011,
          2.7276112
        ]
      },
      "id": "node/2460663588"
    },
    {
      "type": "Feature",
      "properties": {
        "@id": "node/2460663591",
        "name": "Oveng",
        "place": "village",
        "source": "WRI_2005"
      },
      "geometry": {
        "type": "Point",
        "coordinates": [
          11.1110692,
          3.0415858
        ]
      },
      "id": "node/2460663591"
    },
    {
      "type": "Feature",
      "properties": {
        "@id": "node/2460663595",
        "name": "Oveng",
        "place": "village",
        "source": "WRI_2005"
      },
      "geometry": {
        "type": "Point",
        "coordinates": [
          11.3067307,
          3.0912174
        ]
      },
      "id": "node/2460663595"
    },
    {
      "type": "Feature",
      "properties": {
        "@id": "node/2460663598",
        "name": "Pama",
        "place": "village",
        "source": "WRI_2005"
      },
      "geometry": {
        "type": "Point",
        "coordinates": [
          10.0775409,
          3.279931
        ]
      },
      "id": "node/2460663598"
    },
    {
      "type": "Feature",
      "properties": {
        "@id": "node/2460663610",
        "name": "Petit Zambi",
        "place": "village",
        "source": "WRI_2005"
      },
      "geometry": {
        "type": "Point",
        "coordinates": [
          10.2826163,
          3.0570713
        ]
      },
      "id": "node/2460663610"
    },
    {
      "type": "Feature",
      "properties": {
        "@id": "node/2460663613",
        "name": "Pongo",
        "place": "village",
        "source": "WRI_2005"
      },
      "geometry": {
        "type": "Point",
        "coordinates": [
          9.9808929,
          2.8793776
        ]
      },
      "id": "node/2460663613"
    },
    {
      "type": "Feature",
      "properties": {
        "@id": "node/2460663615",
        "name": "Sabali",
        "place": "village",
        "source": "WRI_2005"
      },
      "geometry": {
        "type": "Point",
        "coordinates": [
          10.7351101,
          3.2487577
        ]
      },
      "id": "node/2460663615"
    },
    {
      "type": "Feature",
      "properties": {
        "@id": "node/2460663616",
        "name": "Seng",
        "place": "village",
        "source": "WRI_2005"
      },
      "geometry": {
        "type": "Point",
        "coordinates": [
          11.3117707,
          2.9143713
        ]
      },
      "id": "node/2460663616"
    },
    {
      "type": "Feature",
      "properties": {
        "@id": "node/2460663617",
        "name": "Sidjakon",
        "place": "village",
        "source": "WRI_2005"
      },
      "geometry": {
        "type": "Point",
        "coordinates": [
          10.8392065,
          2.8071736
        ]
      },
      "id": "node/2460663617"
    },
    {
      "type": "Feature",
      "properties": {
        "@id": "node/2460663620",
        "name": "Sidjakon",
        "place": "village",
        "source": "WRI_2005"
      },
      "geometry": {
        "type": "Point",
        "coordinates": [
          10.8479393,
          2.8122741
        ]
      },
      "id": "node/2460663620"
    },
    {
      "type": "Feature",
      "properties": {
        "@id": "node/2460663627",
        "name": "Son",
        "place": "village",
        "source": "WRI_2005"
      },
      "geometry": {
        "type": "Point",
        "coordinates": [
          10.8981919,
          2.323469
        ]
      },
      "id": "node/2460663627"
    },
    {
      "type": "Feature",
      "properties": {
        "@id": "node/2460663631",
        "name": "Sonkot",
        "place": "village",
        "source": "WRI_2005"
      },
      "geometry": {
        "type": "Point",
        "coordinates": [
          11.0081973,
          2.8616232
        ]
      },
      "id": "node/2460663631"
    },
    {
      "type": "Feature",
      "properties": {
        "@id": "node/2460663635",
        "name": "Sonkwari",
        "place": "village",
        "source": "WRI_2005"
      },
      "geometry": {
        "type": "Point",
        "coordinates": [
          9.9825172,
          3.0855289
        ]
      },
      "id": "node/2460663635"
    },
    {
      "type": "Feature",
      "properties": {
        "@id": "node/2460663639",
        "name": "Sonkwé",
        "place": "village",
        "source": "WRI_2005"
      },
      "geometry": {
        "type": "Point",
        "coordinates": [
          11.32561,
          2.7983274
        ]
      },
      "id": "node/2460663639"
    },
    {
      "type": "Feature",
      "properties": {
        "@id": "node/2460663646",
        "name": "Soumou",
        "place": "village",
        "source": "WRI_2005"
      },
      "geometry": {
        "type": "Point",
        "coordinates": [
          11.3285021,
          3.1002644
        ]
      },
      "id": "node/2460663646"
    },
    {
      "type": "Feature",
      "properties": {
        "@id": "node/2460663650",
        "name": "Tcha'assono",
        "place": "village",
        "source": "WRI_2005"
      },
      "geometry": {
        "type": "Point",
        "coordinates": [
          10.7227523,
          2.4497322
        ]
      },
      "id": "node/2460663650"
    },
    {
      "type": "Feature",
      "properties": {
        "@id": "node/2460663663",
        "name": "Tchangué",
        "place": "village",
        "source": "WRI_2005"
      },
      "geometry": {
        "type": "Point",
        "coordinates": [
          10.9548936,
          2.9830103
        ]
      },
      "id": "node/2460663663"
    },
    {
      "type": "Feature",
      "properties": {
        "@id": "node/2460663668",
        "name": "Tchangué",
        "place": "village",
        "source": "WRI_2005"
      },
      "geometry": {
        "type": "Point",
        "coordinates": [
          10.4014476,
          3.0327471
        ]
      },
      "id": "node/2460663668"
    },
    {
      "type": "Feature",
      "properties": {
        "@id": "node/2460663671",
        "name": "Tchengue",
        "place": "village",
        "source": "WRI_2005"
      },
      "geometry": {
        "type": "Point",
        "coordinates": [
          10.5644829,
          2.8643103
        ]
      },
      "id": "node/2460663671"
    },
    {
      "type": "Feature",
      "properties": {
        "@id": "node/2460663679",
        "name": "Toko",
        "place": "village",
        "source": "WRI_2005"
      },
      "geometry": {
        "type": "Point",
        "coordinates": [
          10.4785952,
          2.9542353
        ]
      },
      "id": "node/2460663679"
    },
    {
      "type": "Feature",
      "properties": {
        "@id": "node/2460663683",
        "name": "Toko",
        "place": "village",
        "source": "WRI_2005"
      },
      "geometry": {
        "type": "Point",
        "coordinates": [
          10.4734571,
          2.9653221
        ]
      },
      "id": "node/2460663683"
    },
    {
      "type": "Feature",
      "properties": {
        "@id": "node/2460663686",
        "name": "Tom",
        "place": "village",
        "source": "WRI_2005"
      },
      "geometry": {
        "type": "Point",
        "coordinates": [
          10.5118706,
          2.4379087
        ]
      },
      "id": "node/2460663686"
    },
    {
      "type": "Feature",
      "properties": {
        "@id": "node/2460663690",
        "name": "Abamenyoum",
        "place": "village",
        "source": "WRI_2005"
      },
      "geometry": {
        "type": "Point",
        "coordinates": [
          9.8378465,
          2.399141
        ]
      },
      "id": "node/2460663690"
    },
    {
      "type": "Feature",
      "properties": {
        "@id": "node/2460663695",
        "name": "Too",
        "place": "village",
        "source": "WRI_2005"
      },
      "geometry": {
        "type": "Point",
        "coordinates": [
          11.278532,
          2.3274484
        ]
      },
      "id": "node/2460663695"
    },
    {
      "type": "Feature",
      "properties": {
        "@id": "node/2460663699",
        "name": "Too",
        "place": "village",
        "source": "WRI_2005"
      },
      "geometry": {
        "type": "Point",
        "coordinates": [
          11.4066927,
          2.3369711
        ]
      },
      "id": "node/2460663699"
    },
    {
      "type": "Feature",
      "properties": {
        "@id": "node/2460663704",
        "name": "Too",
        "place": "village",
        "source": "WRI_2005"
      },
      "geometry": {
        "type": "Point",
        "coordinates": [
          11.2038434,
          2.3384336
        ]
      },
      "id": "node/2460663704"
    },
    {
      "type": "Feature",
      "properties": {
        "@id": "node/2460663707",
        "name": "Too",
        "place": "village",
        "source": "WRI_2005"
      },
      "geometry": {
        "type": "Point",
        "coordinates": [
          11.3066309,
          2.444567
        ]
      },
      "id": "node/2460663707"
    },
    {
      "type": "Feature",
      "properties": {
        "@id": "node/2460663717",
        "name": "Vema",
        "place": "village",
        "source": "WRI_2005"
      },
      "geometry": {
        "type": "Point",
        "coordinates": [
          11.2905446,
          2.692777
        ]
      },
      "id": "node/2460663717"
    },
    {
      "type": "Feature",
      "properties": {
        "@id": "node/2460663719",
        "name": "Wom",
        "place": "village",
        "source": "WRI_2005"
      },
      "geometry": {
        "type": "Point",
        "coordinates": [
          11.1193919,
          3.2064066
        ]
      },
      "id": "node/2460663719"
    },
    {
      "type": "Feature",
      "properties": {
        "@id": "node/2460663723",
        "name": "Yama",
        "place": "village",
        "source": "WRI_2005"
      },
      "geometry": {
        "type": "Point",
        "coordinates": [
          11.2726502,
          2.3430188
        ]
      },
      "id": "node/2460663723"
    },
    {
      "type": "Feature",
      "properties": {
        "@id": "node/2460663726",
        "name": "Yama",
        "place": "village",
        "source": "WRI_2005"
      },
      "geometry": {
        "type": "Point",
        "coordinates": [
          11.2291817,
          2.3584202
        ]
      },
      "id": "node/2460663726"
    },
    {
      "type": "Feature",
      "properties": {
        "@id": "node/2460663729",
        "name": "Yem Essakoy",
        "place": "village",
        "source": "WRI_2005"
      },
      "geometry": {
        "type": "Point",
        "coordinates": [
          10.7830198,
          2.9534505
        ]
      },
      "id": "node/2460663729"
    },
    {
      "type": "Feature",
      "properties": {
        "@id": "node/2460663733",
        "name": "Yem Ndong",
        "place": "village",
        "source": "WRI_2005"
      },
      "geometry": {
        "type": "Point",
        "coordinates": [
          11.0309896,
          2.8597839
        ]
      },
      "id": "node/2460663733"
    },
    {
      "type": "Feature",
      "properties": {
        "@id": "node/2460663737",
        "name": "Yem",
        "place": "village",
        "source": "WRI_2005"
      },
      "geometry": {
        "type": "Point",
        "coordinates": [
          11.1342595,
          3.0803628
        ]
      },
      "id": "node/2460663737"
    },
    {
      "type": "Feature",
      "properties": {
        "@id": "node/2460663741",
        "name": "Yos Ma'an",
        "place": "village",
        "source": "WRI_2005"
      },
      "geometry": {
        "type": "Point",
        "coordinates": [
          11.3137329,
          2.4519635
        ]
      },
      "id": "node/2460663741"
    },
    {
      "type": "Feature",
      "properties": {
        "@id": "node/2460663744",
        "name": "Yos",
        "place": "village",
        "source": "WRI_2005"
      },
      "geometry": {
        "type": "Point",
        "coordinates": [
          11.07579,
          2.2337685
        ]
      },
      "id": "node/2460663744"
    },
    {
      "type": "Feature",
      "properties": {
        "@id": "node/2460663748",
        "name": "Zalom",
        "place": "village",
        "source": "WRI_2005"
      },
      "geometry": {
        "type": "Point",
        "coordinates": [
          10.9685429,
          2.5416807
        ]
      },
      "id": "node/2460663748"
    },
    {
      "type": "Feature",
      "properties": {
        "@id": "node/2460663755",
        "name": "Zingui",
        "place": "village",
        "source": "WRI_2005"
      },
      "geometry": {
        "type": "Point",
        "coordinates": [
          10.1884414,
          2.7668537
        ]
      },
      "id": "node/2460663755"
    },
    {
      "type": "Feature",
      "properties": {
        "@id": "node/2460663758",
        "name": "Zingui",
        "place": "village",
        "source": "WRI_2005"
      },
      "geometry": {
        "type": "Point",
        "coordinates": [
          10.94972,
          2.8344301
        ]
      },
      "id": "node/2460663758"
    },
    {
      "type": "Feature",
      "properties": {
        "@id": "node/2460663770",
        "name": "Zingui",
        "place": "village",
        "source": "WRI_2005"
      },
      "geometry": {
        "type": "Point",
        "coordinates": [
          10.9612588,
          2.843132
        ]
      },
      "id": "node/2460663770"
    },
    {
      "type": "Feature",
      "properties": {
        "@id": "node/2460663774",
        "name": "Zouameyong",
        "place": "village",
        "source": "WRI_2005"
      },
      "geometry": {
        "type": "Point",
        "coordinates": [
          10.8160866,
          2.7572022
        ]
      },
      "id": "node/2460663774"
    },
    {
      "type": "Feature",
      "properties": {
        "@id": "node/2460663778",
        "name": "Zouameyong",
        "place": "village",
        "source": "WRI_2005"
      },
      "geometry": {
        "type": "Point",
        "coordinates": [
          11.2010319,
          2.890741
        ]
      },
      "id": "node/2460663778"
    },
    {
      "type": "Feature",
      "properties": {
        "@id": "node/2460663782",
        "name": "Ébodjé",
        "place": "village",
        "source": "WRI_2005"
      },
      "geometry": {
        "type": "Point",
        "coordinates": [
          9.8252117,
          2.5649654
        ]
      },
      "id": "node/2460663782"
    },
    {
      "type": "Feature",
      "properties": {
        "@id": "node/2460663786",
        "name": "Ébom Essawo",
        "place": "village",
        "source": "WRI_2005"
      },
      "geometry": {
        "type": "Point",
        "coordinates": [
          10.7082042,
          3.0734173
        ]
      },
      "id": "node/2460663786"
    },
    {
      "type": "Feature",
      "properties": {
        "@id": "node/2460663789",
        "name": "Ébomé",
        "place": "village",
        "source": "WRI_2005"
      },
      "geometry": {
        "type": "Point",
        "coordinates": [
          9.9032854,
          2.9088251
        ]
      },
      "id": "node/2460663789"
    },
    {
      "type": "Feature",
      "properties": {
        "@id": "node/2460663793",
        "name": "Édoudouma",
        "place": "village",
        "source": "WRI_2005"
      },
      "geometry": {
        "type": "Point",
        "coordinates": [
          10.1304869,
          2.8141581
        ]
      },
      "id": "node/2460663793"
    },
    {
      "type": "Feature",
      "properties": {
        "@id": "node/2460663797",
        "name": "Ékeke",
        "place": "village",
        "source": "WRI_2005"
      },
      "geometry": {
        "type": "Point",
        "coordinates": [
          10.9197515,
          2.3248728
        ]
      },
      "id": "node/2460663797"
    },
    {
      "type": "Feature",
      "properties": {
        "@id": "node/2460663800",
        "name": "Élon",
        "place": "village",
        "source": "WRI_2005"
      },
      "geometry": {
        "type": "Point",
        "coordinates": [
          10.2364133,
          2.8070691
        ]
      },
      "id": "node/2460663800"
    },
    {
      "type": "Feature",
      "properties": {
        "@id": "node/2460663803",
        "name": "Élon",
        "place": "village",
        "source": "WRI_2005"
      },
      "geometry": {
        "type": "Point",
        "coordinates": [
          10.025243,
          3.169939
        ]
      },
      "id": "node/2460663803"
    },
    {
      "type": "Feature",
      "properties": {
        "@id": "node/2460663807",
        "name": "Élon",
        "place": "village",
        "source": "WRI_2005"
      },
      "geometry": {
        "type": "Point",
        "coordinates": [
          10.8221349,
          3.2020117
        ]
      },
      "id": "node/2460663807"
    },
    {
      "type": "Feature",
      "properties": {
        "@id": "node/2460663812",
        "name": "Éngundjang",
        "place": "village",
        "source": "WRI_2005"
      },
      "geometry": {
        "type": "Point",
        "coordinates": [
          10.6593511,
          2.3454754
        ]
      },
      "id": "node/2460663812"
    },
    {
      "type": "Feature",
      "properties": {
        "@id": "node/2460663815",
        "name": "Étondé Fang",
        "place": "village",
        "source": "WRI_2005"
      },
      "geometry": {
        "type": "Point",
        "coordinates": [
          9.835921,
          2.4071432
        ]
      },
      "id": "node/2460663815"
    },
    {
      "type": "Feature",
      "properties": {
        "@id": "node/2460663819",
        "name": "Évolé",
        "place": "village",
        "source": "WRI_2005"
      },
      "geometry": {
        "type": "Point",
        "coordinates": [
          10.8168505,
          2.3303111
        ]
      },
      "id": "node/2460663819"
    },
    {
      "type": "Feature",
      "properties": {
        "@id": "node/2460695180",
        "name": "Awanda",
        "place": "village",
        "source": "WRI_2005"
      },
      "geometry": {
        "type": "Point",
        "coordinates": [
          10.9755519,
          3.3569093
        ]
      },
      "id": "node/2460695180"
    },
    {
      "type": "Feature",
      "properties": {
        "@id": "node/2460695185",
        "name": "Awonda",
        "place": "village",
        "source": "WRI_2005"
      },
      "geometry": {
        "type": "Point",
        "coordinates": [
          10.9558293,
          3.3422002
        ]
      },
      "id": "node/2460695185"
    },
    {
      "type": "Feature",
      "properties": {
        "@id": "node/2460695214",
        "name": "Bikoué I",
        "place": "village",
        "source": "WRI_2005"
      },
      "geometry": {
        "type": "Point",
        "coordinates": [
          10.8532308,
          3.3225019
        ]
      },
      "id": "node/2460695214"
    },
    {
      "type": "Feature",
      "properties": {
        "@id": "node/2460695218",
        "name": "Bikoué II",
        "place": "village",
        "source": "WRI_2005"
      },
      "geometry": {
        "type": "Point",
        "coordinates": [
          10.8868014,
          3.3213431
        ]
      },
      "id": "node/2460695218"
    },
    {
      "type": "Feature",
      "properties": {
        "@id": "node/2460695230",
        "name": "Bivouba",
        "place": "village",
        "source": "WRI_2005"
      },
      "geometry": {
        "type": "Point",
        "coordinates": [
          10.0966841,
          3.3303802
        ]
      },
      "id": "node/2460695230"
    },
    {
      "type": "Feature",
      "properties": {
        "@id": "node/2460695248",
        "name": "Dikobé",
        "place": "village",
        "source": "WRI_2005"
      },
      "geometry": {
        "type": "Point",
        "coordinates": [
          10.0259454,
          3.3241987
        ]
      },
      "id": "node/2460695248"
    },
    {
      "type": "Feature",
      "properties": {
        "@id": "node/2460695258",
        "name": "Déhané",
        "old_name": "Dihani",
        "place": "village"
      },
      "geometry": {
        "type": "Point",
        "coordinates": [
          10.0833551,
          3.4913565
        ]
      },
      "id": "node/2460695258"
    },
    {
      "type": "Feature",
      "properties": {
        "@id": "node/2460695260",
        "name": "Ebayega",
        "place": "village",
        "source": "WRI_2005"
      },
      "geometry": {
        "type": "Point",
        "coordinates": [
          10.9908251,
          3.36284
        ]
      },
      "id": "node/2460695260"
    },
    {
      "type": "Feature",
      "properties": {
        "@id": "node/2460695261",
        "name": "Ebayega",
        "place": "village",
        "source": "WRI_2005"
      },
      "geometry": {
        "type": "Point",
        "coordinates": [
          11.0162225,
          3.3739397
        ]
      },
      "id": "node/2460695261"
    },
    {
      "type": "Feature",
      "properties": {
        "@id": "node/2460695263",
        "name": "Ebondi",
        "place": "village",
        "source": "WRI_2005"
      },
      "geometry": {
        "type": "Point",
        "coordinates": [
          10.1611036,
          3.4568184
        ]
      },
      "id": "node/2460695263"
    },
    {
      "type": "Feature",
      "properties": {
        "@id": "node/2460695294",
        "name": "Kpwa",
        "place": "village",
        "source": "WRI_2005"
      },
      "geometry": {
        "type": "Point",
        "coordinates": [
          10.5136611,
          3.3249607
        ]
      },
      "id": "node/2460695294"
    },
    {
      "type": "Feature",
      "properties": {
        "@id": "node/2460695300",
        "name": "Lepahé",
        "place": "village",
        "source": "WRI_2005"
      },
      "geometry": {
        "type": "Point",
        "coordinates": [
          10.1104418,
          3.5172303
        ]
      },
      "id": "node/2460695300"
    },
    {
      "type": "Feature",
      "properties": {
        "@id": "node/2460695378",
        "name": "Mbébé",
        "place": "village",
        "source": "WRI_2005"
      },
      "geometry": {
        "type": "Point",
        "coordinates": [
          10.1205362,
          3.4083722
        ]
      },
      "id": "node/2460695378"
    },
    {
      "type": "Feature",
      "properties": {
        "@id": "node/2460695379",
        "name": "Melombo",
        "place": "village",
        "source": "WRI_2005"
      },
      "geometry": {
        "type": "Point",
        "coordinates": [
          10.6050827,
          3.3574627
        ]
      },
      "id": "node/2460695379"
    },
    {
      "type": "Feature",
      "properties": {
        "@id": "node/2460695380",
        "name": "Melondo",
        "place": "village",
        "source": "WRI_2005"
      },
      "geometry": {
        "type": "Point",
        "coordinates": [
          10.5363471,
          3.3562655
        ]
      },
      "id": "node/2460695380"
    },
    {
      "type": "Feature",
      "properties": {
        "@id": "node/2460695381",
        "name": "Memboké",
        "place": "village",
        "source": "WRI_2005"
      },
      "geometry": {
        "type": "Point",
        "coordinates": [
          10.1723721,
          3.3600405
        ]
      },
      "id": "node/2460695381"
    },
    {
      "type": "Feature",
      "properties": {
        "@id": "node/2460695384",
        "name": "Mimbala",
        "place": "village",
        "source": "WRI_2005"
      },
      "geometry": {
        "type": "Point",
        "coordinates": [
          10.5295569,
          3.3314493
        ]
      },
      "id": "node/2460695384"
    },
    {
      "type": "Feature",
      "properties": {
        "@id": "node/2460695385",
        "name": "Minkam I",
        "place": "village",
        "source": "WRI_2005"
      },
      "geometry": {
        "type": "Point",
        "coordinates": [
          10.9320838,
          3.3169025
        ]
      },
      "id": "node/2460695385"
    },
    {
      "type": "Feature",
      "properties": {
        "@id": "node/2460695386",
        "name": "Minkam II",
        "place": "village",
        "source": "WRI_2005"
      },
      "geometry": {
        "type": "Point",
        "coordinates": [
          10.9140298,
          3.3119927
        ]
      },
      "id": "node/2460695386"
    },
    {
      "type": "Feature",
      "properties": {
        "@id": "node/2460695470",
        "name": "Okarobélé",
        "place": "village",
        "source": "WRI_2005"
      },
      "geometry": {
        "type": "Point",
        "coordinates": [
          11.0214378,
          3.3956594
        ]
      },
      "id": "node/2460695470"
    },
    {
      "type": "Feature",
      "properties": {
        "@id": "node/2460695540",
        "name": "Song Mahi",
        "place": "village",
        "source": "WRI_2005"
      },
      "geometry": {
        "type": "Point",
        "coordinates": [
          10.5363575,
          3.3790381
        ]
      },
      "id": "node/2460695540"
    },
    {
      "type": "Feature",
      "properties": {
        "@id": "node/2460695599",
        "name": "Yalependa",
        "place": "village",
        "source": "WRI_2005"
      },
      "geometry": {
        "type": "Point",
        "coordinates": [
          10.1400123,
          3.4259677
        ]
      },
      "id": "node/2460695599"
    },
    {
      "type": "Feature",
      "properties": {
        "@id": "node/2460695635",
        "name": "Élogbatindi",
        "place": "town",
        "source": "WRI_2005"
      },
      "geometry": {
        "type": "Point",
        "coordinates": [
          10.1279569,
          3.4400905
        ]
      },
      "id": "node/2460695635"
    },
    {
      "type": "Feature",
      "properties": {
        "@id": "node/2460906988",
        "name": "Ababendom",
        "place": "village",
        "source": "WRI_2005"
      },
      "geometry": {
        "type": "Point",
        "coordinates": [
          12.2884898,
          3.1218017
        ]
      },
      "id": "node/2460906988"
    },
    {
      "type": "Feature",
      "properties": {
        "@id": "node/2460906989",
        "name": "Ababendoman",
        "place": "village",
        "source": "WRI_2005"
      },
      "geometry": {
        "type": "Point",
        "coordinates": [
          11.5459782,
          2.4971127
        ]
      },
      "id": "node/2460906989"
    },
    {
      "type": "Feature",
      "properties": {
        "@id": "node/2460906990",
        "name": "Ababendoman",
        "place": "village",
        "source": "WRI_2005"
      },
      "geometry": {
        "type": "Point",
        "coordinates": [
          11.6918645,
          2.6596749
        ]
      },
      "id": "node/2460906990"
    },
    {
      "type": "Feature",
      "properties": {
        "@id": "node/2460906991",
        "name": "Ababita",
        "place": "village",
        "source": "WRI_2005"
      },
      "geometry": {
        "type": "Point",
        "coordinates": [
          11.6365424,
          2.9950326
        ]
      },
      "id": "node/2460906991"
    },
    {
      "type": "Feature",
      "properties": {
        "@id": "node/2460906997",
        "name": "Abang Minko'o",
        "place": "village",
        "source": "WRI_2005"
      },
      "geometry": {
        "type": "Point",
        "coordinates": [
          11.4364044,
          2.3239283
        ]
      },
      "id": "node/2460906997"
    },
    {
      "type": "Feature",
      "properties": {
        "@id": "node/2460906998",
        "name": "Abang",
        "place": "village",
        "source": "WRI_2005"
      },
      "geometry": {
        "type": "Point",
        "coordinates": [
          11.6282595,
          2.4536419
        ]
      },
      "id": "node/2460906998"
    },
    {
      "type": "Feature",
      "properties": {
        "@id": "node/2460907003",
        "name": "Abangok",
        "place": "village",
        "source": "WRI_2005"
      },
      "geometry": {
        "type": "Point",
        "coordinates": [
          11.84294,
          3.2991965
        ]
      },
      "id": "node/2460907003"
    },
    {
      "type": "Feature",
      "properties": {
        "@id": "node/2460907004",
        "name": "Abek",
        "place": "village",
        "source": "WRI_2005"
      },
      "geometry": {
        "type": "Point",
        "coordinates": [
          12.2882398,
          2.430049
        ]
      },
      "id": "node/2460907004"
    },
    {
      "type": "Feature",
      "properties": {
        "@id": "node/2460907006",
        "name": "Abiete Yendjock",
        "place": "village",
        "source": "WRI_2005"
      },
      "geometry": {
        "type": "Point",
        "coordinates": [
          11.503201,
          2.7354586
        ]
      },
      "id": "node/2460907006"
    },
    {
      "type": "Feature",
      "properties": {
        "@id": "node/2460907012",
        "name": "Aboumezok",
        "place": "village",
        "source": "WRI_2005"
      },
      "geometry": {
        "type": "Point",
        "coordinates": [
          11.7901455,
          2.3505064
        ]
      },
      "id": "node/2460907012"
    },
    {
      "type": "Feature",
      "properties": {
        "@id": "node/2460907013",
        "name": "Adjap II",
        "place": "village",
        "source": "WRI_2005"
      },
      "geometry": {
        "type": "Point",
        "coordinates": [
          11.498994,
          2.5409725
        ]
      },
      "id": "node/2460907013"
    },
    {
      "type": "Feature",
      "properties": {
        "@id": "node/2460907014",
        "name": "Adjap",
        "place": "village",
        "source": "WRI_2005"
      },
      "geometry": {
        "type": "Point",
        "coordinates": [
          12.3259568,
          2.4463905
        ]
      },
      "id": "node/2460907014"
    },
    {
      "type": "Feature",
      "properties": {
        "@id": "node/2460907015",
        "name": "Adjap",
        "place": "village",
        "source": "WRI_2005"
      },
      "geometry": {
        "type": "Point",
        "coordinates": [
          11.7038459,
          2.6486942
        ]
      },
      "id": "node/2460907015"
    },
    {
      "type": "Feature",
      "properties": {
        "@id": "node/2460907016",
        "name": "Adjap",
        "place": "village",
        "source": "WRI_2005"
      },
      "geometry": {
        "type": "Point",
        "coordinates": [
          11.8362577,
          2.7743645
        ]
      },
      "id": "node/2460907016"
    },
    {
      "type": "Feature",
      "properties": {
        "@id": "node/2460907020",
        "name": "Adoum",
        "place": "village",
        "source": "WRI_2005"
      },
      "geometry": {
        "type": "Point",
        "coordinates": [
          11.806997,
          2.58026
        ]
      },
      "id": "node/2460907020"
    },
    {
      "type": "Feature",
      "properties": {
        "@id": "node/2460907021",
        "name": "Adoum",
        "place": "village",
        "source": "WRI_2005"
      },
      "geometry": {
        "type": "Point",
        "coordinates": [
          11.9531154,
          2.5851722
        ]
      },
      "id": "node/2460907021"
    },
    {
      "type": "Feature",
      "properties": {
        "@id": "node/2460907025",
        "name": "Afamba",
        "place": "village",
        "source": "WRI_2005"
      },
      "geometry": {
        "type": "Point",
        "coordinates": [
          12.0749884,
          2.8113939
        ]
      },
      "id": "node/2460907025"
    },
    {
      "type": "Feature",
      "properties": {
        "@id": "node/2460907027",
        "name": "Afan",
        "place": "village",
        "source": "WRI_2005"
      },
      "geometry": {
        "type": "Point",
        "coordinates": [
          11.9119741,
          2.4563685
        ]
      },
      "id": "node/2460907027"
    },
    {
      "type": "Feature",
      "properties": {
        "@id": "node/2460907028",
        "name": "Ajap",
        "place": "village",
        "source": "WRI_2005"
      },
      "geometry": {
        "type": "Point",
        "coordinates": [
          11.4940957,
          2.4155841
        ]
      },
      "id": "node/2460907028"
    },
    {
      "type": "Feature",
      "properties": {
        "@id": "node/2460907029",
        "name": "Akak",
        "place": "village",
        "source": "WRI_2005"
      },
      "geometry": {
        "type": "Point",
        "coordinates": [
          11.7631155,
          2.3673589
        ]
      },
      "id": "node/2460907029"
    },
    {
      "type": "Feature",
      "properties": {
        "@id": "node/2460907030",
        "name": "Akak",
        "place": "village",
        "source": "WRI_2005"
      },
      "geometry": {
        "type": "Point",
        "coordinates": [
          11.889319,
          2.9558936
        ]
      },
      "id": "node/2460907030"
    },
    {
      "type": "Feature",
      "properties": {
        "@id": "node/2460907034",
        "name": "Akam Bitam",
        "place": "village",
        "source": "WRI_2005"
      },
      "geometry": {
        "type": "Point",
        "coordinates": [
          11.4771076,
          2.3432673
        ]
      },
      "id": "node/2460907034"
    },
    {
      "type": "Feature",
      "properties": {
        "@id": "node/2460907035",
        "name": "Akam II",
        "place": "village",
        "source": "WRI_2005"
      },
      "geometry": {
        "type": "Point",
        "coordinates": [
          12.524974,
          3.4097432
        ]
      },
      "id": "node/2460907035"
    },
    {
      "type": "Feature",
      "properties": {
        "@id": "node/2460907036",
        "name": "Akam",
        "place": "village",
        "source": "WRI_2005"
      },
      "geometry": {
        "type": "Point",
        "coordinates": [
          11.8219811,
          2.3446494
        ]
      },
      "id": "node/2460907036"
    },
    {
      "type": "Feature",
      "properties": {
        "@id": "node/2460907038",
        "name": "Ako'Oloui",
        "place": "village",
        "source": "WRI_2005"
      },
      "geometry": {
        "type": "Point",
        "coordinates": [
          11.9079761,
          2.89532
        ]
      },
      "id": "node/2460907038"
    },
    {
      "type": "Feature",
      "properties": {
        "@id": "node/2460907039",
        "name": "Ako'o",
        "place": "village",
        "source": "WRI_2005"
      },
      "geometry": {
        "type": "Point",
        "coordinates": [
          12.0525666,
          2.9574226
        ]
      },
      "id": "node/2460907039"
    },
    {
      "type": "Feature",
      "properties": {
        "@id": "node/2460907040",
        "name": "Ako'ossi",
        "place": "village",
        "source": "WRI_2005"
      },
      "geometry": {
        "type": "Point",
        "coordinates": [
          11.8015042,
          3.2330309
        ]
      },
      "id": "node/2460907040"
    },
    {
      "type": "Feature",
      "properties": {
        "@id": "node/2460907041",
        "name": "Akoa'afan",
        "place": "village",
        "source": "WRI_2005"
      },
      "geometry": {
        "type": "Point",
        "coordinates": [
          12.2953958,
          3.1558261
        ]
      },
      "id": "node/2460907041"
    },
    {
      "type": "Feature",
      "properties": {
        "@id": "node/2460907042",
        "name": "Akoabas",
        "place": "village",
        "source": "WRI_2005"
      },
      "geometry": {
        "type": "Point",
        "coordinates": [
          12.0971506,
          2.3575198
        ]
      },
      "id": "node/2460907042"
    },
    {
      "type": "Feature",
      "properties": {
        "@id": "node/2460907045",
        "name": "Akok",
        "place": "village",
        "source": "WRI_2005"
      },
      "geometry": {
        "type": "Point",
        "coordinates": [
          12.3259775,
          3.076344
        ]
      },
      "id": "node/2460907045"
    },
    {
      "type": "Feature",
      "properties": {
        "@id": "node/2460907046",
        "name": "Akok",
        "place": "village",
        "source": "WRI_2005"
      },
      "geometry": {
        "type": "Point",
        "coordinates": [
          11.825049,
          3.2303084
        ]
      },
      "id": "node/2460907046"
    },
    {
      "type": "Feature",
      "properties": {
        "@id": "node/2460907049",
        "name": "Akom",
        "place": "village",
        "source": "WRI_2005"
      },
      "geometry": {
        "type": "Point",
        "coordinates": [
          12.2443405,
          2.4623887
        ]
      },
      "id": "node/2460907049"
    },
    {
      "type": "Feature",
      "properties": {
        "@id": "node/2460907050",
        "name": "Akom",
        "place": "village",
        "source": "WRI_2005"
      },
      "geometry": {
        "type": "Point",
        "coordinates": [
          11.8251023,
          2.5636217
        ]
      },
      "id": "node/2460907050"
    },
    {
      "type": "Feature",
      "properties": {
        "@id": "node/2460907051",
        "name": "Akom-Ndong",
        "place": "village",
        "source": "WRI_2005"
      },
      "geometry": {
        "type": "Point",
        "coordinates": [
          12.4917471,
          2.7649389
        ]
      },
      "id": "node/2460907051"
    },
    {
      "type": "Feature",
      "properties": {
        "@id": "node/2460907052",
        "name": "Akom",
        "place": "village",
        "source": "WRI_2005"
      },
      "geometry": {
        "type": "Point",
        "coordinates": [
          12.3571814,
          3.0398722
        ]
      },
      "id": "node/2460907052"
    },
    {
      "type": "Feature",
      "properties": {
        "@id": "node/2460907054",
        "name": "Akomendibi",
        "place": "village",
        "source": "WRI_2005"
      },
      "geometry": {
        "type": "Point",
        "coordinates": [
          12.0280459,
          3.0408373
        ]
      },
      "id": "node/2460907054"
    },
    {
      "type": "Feature",
      "properties": {
        "@id": "node/2460907055",
        "name": "Akomessing",
        "place": "village",
        "source": "WRI_2005"
      },
      "geometry": {
        "type": "Point",
        "coordinates": [
          11.7065256,
          2.9374089
        ]
      },
      "id": "node/2460907055"
    },
    {
      "type": "Feature",
      "properties": {
        "@id": "node/2460907064",
        "name": "Akpwaé",
        "place": "village",
        "source": "WRI_2005"
      },
      "geometry": {
        "type": "Point",
        "coordinates": [
          11.5768089,
          2.705162
        ]
      },
      "id": "node/2460907064"
    },
    {
      "type": "Feature",
      "properties": {
        "@id": "node/2460907066",
        "name": "Alen Essaéla'an",
        "place": "village",
        "source": "WRI_2005"
      },
      "geometry": {
        "type": "Point",
        "coordinates": [
          11.9181122,
          2.4735281
        ]
      },
      "id": "node/2460907066"
    },
    {
      "type": "Feature",
      "properties": {
        "@id": "node/2460907067",
        "name": "Alen Yemekak",
        "place": "village",
        "source": "WRI_2005"
      },
      "geometry": {
        "type": "Point",
        "coordinates": [
          11.913389,
          2.4956938
        ]
      },
      "id": "node/2460907067"
    },
    {
      "type": "Feature",
      "properties": {
        "@id": "node/2460907068",
        "name": "Alen",
        "place": "village",
        "source": "WRI_2005"
      },
      "geometry": {
        "type": "Point",
        "coordinates": [
          12.1242759,
          3.2054391
        ]
      },
      "id": "node/2460907068"
    },
    {
      "type": "Feature",
      "properties": {
        "@id": "node/2460907069",
        "name": "Alombo",
        "place": "village",
        "source": "WRI_2005"
      },
      "geometry": {
        "type": "Point",
        "coordinates": [
          11.7473771,
          2.3732114
        ]
      },
      "id": "node/2460907069"
    },
    {
      "type": "Feature",
      "properties": {
        "@id": "node/2460907070",
        "name": "Alotom",
        "place": "village",
        "source": "WRI_2005"
      },
      "geometry": {
        "type": "Point",
        "coordinates": [
          11.6761126,
          2.6745033
        ]
      },
      "id": "node/2460907070"
    },
    {
      "type": "Feature",
      "properties": {
        "@id": "node/2460907071",
        "name": "Alouma",
        "place": "village",
        "source": "WRI_2005"
      },
      "geometry": {
        "type": "Point",
        "coordinates": [
          11.8452352,
          2.787
        ]
      },
      "id": "node/2460907071"
    },
    {
      "type": "Feature",
      "properties": {
        "@id": "node/2460907072",
        "name": "Alouma",
        "place": "village",
        "source": "WRI_2005"
      },
      "geometry": {
        "type": "Point",
        "coordinates": [
          11.9958055,
          3.1279169
        ]
      },
      "id": "node/2460907072"
    },
    {
      "type": "Feature",
      "properties": {
        "@id": "node/2460907075",
        "name": "Amvom",
        "place": "village",
        "source": "WRI_2005"
      },
      "geometry": {
        "type": "Point",
        "coordinates": [
          11.9273859,
          2.4162344
        ]
      },
      "id": "node/2460907075"
    },
    {
      "type": "Feature",
      "properties": {
        "@id": "node/2460907076",
        "name": "Amvom",
        "place": "village",
        "source": "WRI_2005"
      },
      "geometry": {
        "type": "Point",
        "coordinates": [
          12.2448648,
          3.0359634
        ]
      },
      "id": "node/2460907076"
    },
    {
      "type": "Feature",
      "properties": {
        "@id": "node/2460907079",
        "name": "Ando'o",
        "place": "village",
        "source": "WRI_2005"
      },
      "geometry": {
        "type": "Point",
        "coordinates": [
          12.3783116,
          3.5024088
        ]
      },
      "id": "node/2460907079"
    },
    {
      "type": "Feature",
      "properties": {
        "@id": "node/2460907080",
        "name": "Andom",
        "place": "village",
        "source": "WRI_2005"
      },
      "geometry": {
        "type": "Point",
        "coordinates": [
          12.3202542,
          3.1419036
        ]
      },
      "id": "node/2460907080"
    },
    {
      "type": "Feature",
      "properties": {
        "@id": "node/2460907084",
        "name": "Andoung",
        "place": "village",
        "source": "WRI_2005"
      },
      "geometry": {
        "type": "Point",
        "coordinates": [
          12.3566565,
          2.4589304
        ]
      },
      "id": "node/2460907084"
    },
    {
      "type": "Feature",
      "properties": {
        "@id": "node/2460907086",
        "name": "Angongui",
        "place": "village",
        "source": "WRI_2005"
      },
      "geometry": {
        "type": "Point",
        "coordinates": [
          11.7171789,
          3.266874
        ]
      },
      "id": "node/2460907086"
    },
    {
      "type": "Feature",
      "properties": {
        "@id": "node/2460907087",
        "name": "Angongué",
        "place": "village",
        "source": "WRI_2005"
      },
      "geometry": {
        "type": "Point",
        "coordinates": [
          11.9551687,
          3.2094567
        ]
      },
      "id": "node/2460907087"
    },
    {
      "type": "Feature",
      "properties": {
        "@id": "node/2460907088",
        "name": "Anyoungan",
        "place": "village",
        "source": "WRI_2005"
      },
      "geometry": {
        "type": "Point",
        "coordinates": [
          12.2029805,
          3.1780582
        ]
      },
      "id": "node/2460907088"
    },
    {
      "type": "Feature",
      "properties": {
        "@id": "node/2460907089",
        "name": "Anyoungom",
        "place": "village",
        "source": "WRI_2005"
      },
      "geometry": {
        "type": "Point",
        "coordinates": [
          12.413035,
          2.4195186
        ]
      },
      "id": "node/2460907089"
    },
    {
      "type": "Feature",
      "properties": {
        "@id": "node/2460907090",
        "name": "Assam",
        "place": "village",
        "source": "WRI_2005"
      },
      "geometry": {
        "type": "Point",
        "coordinates": [
          11.6439851,
          3.1573039
        ]
      },
      "id": "node/2460907090"
    },
    {
      "type": "Feature",
      "properties": {
        "@id": "node/2460907093",
        "name": "Assok",
        "place": "village",
        "source": "WRI_2005"
      },
      "geometry": {
        "type": "Point",
        "coordinates": [
          11.490559,
          2.5461525
        ]
      },
      "id": "node/2460907093"
    },
    {
      "type": "Feature",
      "properties": {
        "@id": "node/2460907094",
        "name": "Assok",
        "place": "village",
        "source": "WRI_2005"
      },
      "geometry": {
        "type": "Point",
        "coordinates": [
          11.7908418,
          2.5857262
        ]
      },
      "id": "node/2460907094"
    },
    {
      "type": "Feature",
      "properties": {
        "@id": "node/2460907095",
        "name": "Assok",
        "place": "village",
        "source": "WRI_2005"
      },
      "geometry": {
        "type": "Point",
        "coordinates": [
          11.9154028,
          2.7626856
        ]
      },
      "id": "node/2460907095"
    },
    {
      "type": "Feature",
      "properties": {
        "@id": "node/2460907096",
        "name": "Assok",
        "place": "village",
        "source": "WRI_2005"
      },
      "geometry": {
        "type": "Point",
        "coordinates": [
          12.2389116,
          3.3003291
        ]
      },
      "id": "node/2460907096"
    },
    {
      "type": "Feature",
      "properties": {
        "@id": "node/2460907098",
        "name": "Assok",
        "place": "village",
        "source": "WRI_2005"
      },
      "geometry": {
        "type": "Point",
        "coordinates": [
          12.4880862,
          3.4061874
        ]
      },
      "id": "node/2460907098"
    },
    {
      "type": "Feature",
      "properties": {
        "@id": "node/2460907099",
        "name": "Atong",
        "place": "village",
        "source": "WRI_2005"
      },
      "geometry": {
        "type": "Point",
        "coordinates": [
          11.7283022,
          2.3929181
        ]
      },
      "id": "node/2460907099"
    },
    {
      "type": "Feature",
      "properties": {
        "@id": "node/2460907102",
        "name": "Atoui",
        "place": "village",
        "source": "WRI_2005"
      },
      "geometry": {
        "type": "Point",
        "coordinates": [
          11.5253536,
          2.9670529
        ]
      },
      "id": "node/2460907102"
    },
    {
      "type": "Feature",
      "properties": {
        "@id": "node/2460907103",
        "name": "Atout",
        "place": "village",
        "source": "WRI_2005"
      },
      "geometry": {
        "type": "Point",
        "coordinates": [
          12.0759481,
          3.1444305
        ]
      },
      "id": "node/2460907103"
    },
    {
      "type": "Feature",
      "properties": {
        "@id": "node/2460907105",
        "name": "Avebe Esse",
        "place": "village",
        "source": "WRI_2005"
      },
      "geometry": {
        "type": "Point",
        "coordinates": [
          11.7618236,
          2.9814722
        ]
      },
      "id": "node/2460907105"
    },
    {
      "type": "Feature",
      "properties": {
        "@id": "node/2460907106",
        "name": "Avoo",
        "place": "village",
        "source": "WRI_2005"
      },
      "geometry": {
        "type": "Point",
        "coordinates": [
          11.7384931,
          2.977825
        ]
      },
      "id": "node/2460907106"
    },
    {
      "type": "Feature",
      "properties": {
        "@id": "node/2460907107",
        "name": "Avébé",
        "place": "village",
        "source": "WRI_2005"
      },
      "geometry": {
        "type": "Point",
        "coordinates": [
          12.1646344,
          2.7609981
        ]
      },
      "id": "node/2460907107"
    },
    {
      "type": "Feature",
      "properties": {
        "@id": "node/2460907108",
        "name": "Avébé",
        "place": "village",
        "source": "WRI_2005"
      },
      "geometry": {
        "type": "Point",
        "coordinates": [
          12.0054851,
          2.9263683
        ]
      },
      "id": "node/2460907108"
    },
    {
      "type": "Feature",
      "properties": {
        "@id": "node/2460907116",
        "name": "Awoan",
        "place": "village",
        "source": "WRI_2005"
      },
      "geometry": {
        "type": "Point",
        "coordinates": [
          11.9639983,
          2.9189413
        ]
      },
      "id": "node/2460907116"
    },
    {
      "type": "Feature",
      "properties": {
        "@id": "node/2460907120",
        "name": "Awout",
        "place": "village",
        "source": "WRI_2005"
      },
      "geometry": {
        "type": "Point",
        "coordinates": [
          11.8527847,
          3.2506976
        ]
      },
      "id": "node/2460907120"
    },
    {
      "type": "Feature",
      "properties": {
        "@id": "node/2460907127",
        "name": "Ayené",
        "place": "village",
        "source": "WRI_2005"
      },
      "geometry": {
        "type": "Point",
        "coordinates": [
          12.2846071,
          3.160997
        ]
      },
      "id": "node/2460907127"
    },
    {
      "type": "Feature",
      "properties": {
        "@id": "node/2460907133",
        "name": "Ayinamba",
        "place": "village",
        "source": "WRI_2005"
      },
      "geometry": {
        "type": "Point",
        "coordinates": [
          11.7631371,
          2.7063331
        ]
      },
      "id": "node/2460907133"
    },
    {
      "type": "Feature",
      "properties": {
        "@id": "node/2460907136",
        "name": "Azem",
        "place": "village",
        "source": "WRI_2005"
      },
      "geometry": {
        "type": "Point",
        "coordinates": [
          12.1579294,
          2.7747709
        ]
      },
      "id": "node/2460907136"
    },
    {
      "type": "Feature",
      "properties": {
        "@id": "node/2460907156",
        "name": "Banga",
        "place": "village",
        "source": "WRI_2005"
      },
      "geometry": {
        "type": "Point",
        "coordinates": [
          11.7080306,
          3.2002437
        ]
      },
      "id": "node/2460907156"
    },
    {
      "type": "Feature",
      "properties": {
        "@id": "node/2460907159",
        "name": "Bekaka",
        "place": "village",
        "source": "WRI_2005"
      },
      "geometry": {
        "type": "Point",
        "coordinates": [
          11.6857858,
          3.0318521
        ]
      },
      "id": "node/2460907159"
    },
    {
      "type": "Feature",
      "properties": {
        "@id": "node/2460907168",
        "name": "Bengbis I",
        "place": "village",
        "source": "WRI_2005"
      },
      "geometry": {
        "type": "Point",
        "coordinates": [
          12.4204138,
          3.4435499
        ]
      },
      "id": "node/2460907168"
    },
    {
      "type": "Feature",
      "properties": {
        "@id": "node/2460907170",
        "name": "Bengbis II",
        "place": "village",
        "source": "WRI_2005"
      },
      "geometry": {
        "type": "Point",
        "coordinates": [
          12.3849444,
          3.446555
        ]
      },
      "id": "node/2460907170"
    },
    {
      "type": "Feature",
      "properties": {
        "@id": "node/2460907171",
        "name": "Benvoungou",
        "place": "village",
        "source": "WRI_2005"
      },
      "geometry": {
        "type": "Point",
        "coordinates": [
          11.8069934,
          2.9017713
        ]
      },
      "id": "node/2460907171"
    },
    {
      "type": "Feature",
      "properties": {
        "@id": "node/2460907173",
        "name": "Biba Yezoum",
        "place": "village",
        "source": "WRI_2005"
      },
      "geometry": {
        "type": "Point",
        "coordinates": [
          12.2794704,
          3.1608709
        ]
      },
      "id": "node/2460907173"
    },
    {
      "type": "Feature",
      "properties": {
        "@id": "node/2460907174",
        "name": "Biba Yévol",
        "place": "village",
        "source": "WRI_2005"
      },
      "geometry": {
        "type": "Point",
        "coordinates": [
          11.7057972,
          2.7779085
        ]
      },
      "id": "node/2460907174"
    },
    {
      "type": "Feature",
      "properties": {
        "@id": "node/2460907175",
        "name": "Biba",
        "place": "village",
        "source": "WRI_2005"
      },
      "geometry": {
        "type": "Point",
        "coordinates": [
          12.0966803,
          3.2944572
        ]
      },
      "id": "node/2460907175"
    },
    {
      "type": "Feature",
      "properties": {
        "@id": "node/2460907178",
        "name": "Bibae",
        "place": "village",
        "source": "WRI_2005"
      },
      "geometry": {
        "type": "Point",
        "coordinates": [
          11.8726528,
          3.2600752
        ]
      },
      "id": "node/2460907178"
    },
    {
      "type": "Feature",
      "properties": {
        "@id": "node/2460907179",
        "name": "Bibas",
        "place": "village",
        "source": "WRI_2005"
      },
      "geometry": {
        "type": "Point",
        "coordinates": [
          12.2873103,
          3.2080713
        ]
      },
      "id": "node/2460907179"
    },
    {
      "type": "Feature",
      "properties": {
        "@id": "node/2460907180",
        "name": "Bibe",
        "place": "village",
        "source": "WRI_2005"
      },
      "geometry": {
        "type": "Point",
        "coordinates": [
          11.8315855,
          3.2331089
        ]
      },
      "id": "node/2460907180"
    },
    {
      "type": "Feature",
      "properties": {
        "@id": "node/2460907181",
        "name": "Bibinda",
        "place": "village",
        "source": "WRI_2005"
      },
      "geometry": {
        "type": "Point",
        "coordinates": [
          12.4621627,
          3.5175058
        ]
      },
      "id": "node/2460907181"
    },
    {
      "type": "Feature",
      "properties": {
        "@id": "node/2460907182",
        "name": "Biboulemam",
        "place": "village",
        "source": "WRI_2005"
      },
      "geometry": {
        "type": "Point",
        "coordinates": [
          11.59326,
          2.480313
        ]
      },
      "id": "node/2460907182"
    },
    {
      "type": "Feature",
      "properties": {
        "@id": "node/2460907183",
        "name": "Biboulemam",
        "place": "village",
        "source": "WRI_2005"
      },
      "geometry": {
        "type": "Point",
        "coordinates": [
          11.7679257,
          2.7221366
        ]
      },
      "id": "node/2460907183"
    },
    {
      "type": "Feature",
      "properties": {
        "@id": "node/2460907184",
        "name": "Biboulemam",
        "place": "village",
        "source": "WRI_2005"
      },
      "geometry": {
        "type": "Point",
        "coordinates": [
          11.9281725,
          3.2198908
        ]
      },
      "id": "node/2460907184"
    },
    {
      "type": "Feature",
      "properties": {
        "@id": "node/2460907185",
        "name": "Bibouloumam",
        "place": "village",
        "source": "WRI_2005"
      },
      "geometry": {
        "type": "Point",
        "coordinates": [
          12.0297023,
          3.095398
        ]
      },
      "id": "node/2460907185"
    },
    {
      "type": "Feature",
      "properties": {
        "@id": "node/2460907186",
        "name": "Bibouloumam",
        "place": "village",
        "source": "WRI_2005"
      },
      "geometry": {
        "type": "Point",
        "coordinates": [
          12.2209812,
          3.1835934
        ]
      },
      "id": "node/2460907186"
    },
    {
      "type": "Feature",
      "properties": {
        "@id": "node/2460907187",
        "name": "Bidjom",
        "place": "village",
        "source": "WRI_2005"
      },
      "geometry": {
        "type": "Point",
        "coordinates": [
          12.0124331,
          2.9154372
        ]
      },
      "id": "node/2460907187"
    },
    {
      "type": "Feature",
      "properties": {
        "@id": "node/2460907188",
        "name": "Bidjong",
        "place": "village",
        "source": "WRI_2005"
      },
      "geometry": {
        "type": "Point",
        "coordinates": [
          12.3054356,
          3.1312077
        ]
      },
      "id": "node/2460907188"
    },
    {
      "type": "Feature",
      "properties": {
        "@id": "node/2460907191",
        "name": "Bifot",
        "place": "village",
        "source": "WRI_2005"
      },
      "geometry": {
        "type": "Point",
        "coordinates": [
          12.3801352,
          2.4502776
        ]
      },
      "id": "node/2460907191"
    },
    {
      "type": "Feature",
      "properties": {
        "@id": "node/2460907193",
        "name": "Bikak",
        "place": "village",
        "source": "WRI_2005"
      },
      "geometry": {
        "type": "Point",
        "coordinates": [
          11.4221923,
          2.4626084
        ]
      },
      "id": "node/2460907193"
    },
    {
      "type": "Feature",
      "properties": {
        "@id": "node/2460907194",
        "name": "Bikobo",
        "place": "village",
        "source": "WRI_2005"
      },
      "geometry": {
        "type": "Point",
        "coordinates": [
          11.6619297,
          3.0164318
        ]
      },
      "id": "node/2460907194"
    },
    {
      "type": "Feature",
      "properties": {
        "@id": "node/2460907196",
        "name": "Bikoko",
        "place": "village",
        "source": "WRI_2005"
      },
      "geometry": {
        "type": "Point",
        "coordinates": [
          12.1191967,
          3.2155216
        ]
      },
      "id": "node/2460907196"
    },
    {
      "type": "Feature",
      "properties": {
        "@id": "node/2460907200",
        "name": "Bikong",
        "place": "village",
        "source": "WRI_2005"
      },
      "geometry": {
        "type": "Point",
        "coordinates": [
          11.7529601,
          2.6212215
        ]
      },
      "id": "node/2460907200"
    },
    {
      "type": "Feature",
      "properties": {
        "@id": "node/2460907201",
        "name": "Bikop",
        "place": "village",
        "source": "WRI_2005"
      },
      "geometry": {
        "type": "Point",
        "coordinates": [
          11.4348306,
          3.1120299
        ]
      },
      "id": "node/2460907201"
    },
    {
      "type": "Feature",
      "properties": {
        "@id": "node/2460907203",
        "name": "Bikou'ou",
        "place": "village",
        "source": "WRI_2005"
      },
      "geometry": {
        "type": "Point",
        "coordinates": [
          11.9909626,
          2.3730346
        ]
      },
      "id": "node/2460907203"
    },
    {
      "type": "Feature",
      "properties": {
        "@id": "node/2460907204",
        "name": "Bikoula",
        "place": "village",
        "source": "WRI_2005"
      },
      "geometry": {
        "type": "Point",
        "coordinates": [
          12.4180961,
          2.8110983
        ]
      },
      "id": "node/2460907204"
    },
    {
      "type": "Feature",
      "properties": {
        "@id": "node/2460907207",
        "name": "Bilessi",
        "place": "village",
        "source": "WRI_2005"
      },
      "geometry": {
        "type": "Point",
        "coordinates": [
          11.4519881,
          2.3404009
        ]
      },
      "id": "node/2460907207"
    },
    {
      "type": "Feature",
      "properties": {
        "@id": "node/2460907210",
        "name": "Bingong",
        "place": "village",
        "source": "WRI_2005"
      },
      "geometry": {
        "type": "Point",
        "coordinates": [
          12.1585868,
          3.1084716
        ]
      },
      "id": "node/2460907210"
    },
    {
      "type": "Feature",
      "properties": {
        "@id": "node/2460907211",
        "name": "Bingou Boulou",
        "place": "village",
        "source": "WRI_2005"
      },
      "geometry": {
        "type": "Point",
        "coordinates": [
          11.9489778,
          3.1759666
        ]
      },
      "id": "node/2460907211"
    },
    {
      "type": "Feature",
      "properties": {
        "@id": "node/2460907212",
        "name": "Binyenyalé",
        "place": "village",
        "source": "WRI_2005"
      },
      "geometry": {
        "type": "Point",
        "coordinates": [
          11.4341035,
          3.0983908
        ]
      },
      "id": "node/2460907212"
    },
    {
      "type": "Feature",
      "properties": {
        "@id": "node/2460907213",
        "name": "Bissam",
        "place": "village",
        "source": "WRI_2005"
      },
      "geometry": {
        "type": "Point",
        "coordinates": [
          11.525152,
          2.5217237
        ]
      },
      "id": "node/2460907213"
    },
    {
      "type": "Feature",
      "properties": {
        "@id": "node/2460907215",
        "name": "Bissobinlam",
        "place": "village",
        "source": "WRI_2005"
      },
      "geometry": {
        "type": "Point",
        "coordinates": [
          11.5605594,
          2.3635102
        ]
      },
      "id": "node/2460907215"
    },
    {
      "type": "Feature",
      "properties": {
        "@id": "node/2460907216",
        "name": "Bissono",
        "place": "village",
        "source": "WRI_2005"
      },
      "geometry": {
        "type": "Point",
        "coordinates": [
          11.5548614,
          2.4899267
        ]
      },
      "id": "node/2460907216"
    },
    {
      "type": "Feature",
      "properties": {
        "@id": "node/2460907217",
        "name": "Bissoo",
        "place": "village",
        "source": "WRI_2005"
      },
      "geometry": {
        "type": "Point",
        "coordinates": [
          12.005711,
          3.2466371
        ]
      },
      "id": "node/2460907217"
    },
    {
      "type": "Feature",
      "properties": {
        "@id": "node/2460907218",
        "name": "Bitche",
        "place": "village",
        "source": "WRI_2005"
      },
      "geometry": {
        "type": "Point",
        "coordinates": [
          12.0459276,
          2.3747206
        ]
      },
      "id": "node/2460907218"
    },
    {
      "type": "Feature",
      "properties": {
        "@id": "node/2460907219",
        "name": "Bite'eboé",
        "place": "village",
        "source": "WRI_2005"
      },
      "geometry": {
        "type": "Point",
        "coordinates": [
          12.0470242,
          3.261091
        ]
      },
      "id": "node/2460907219"
    },
    {
      "type": "Feature",
      "properties": {
        "@id": "node/2460907220",
        "name": "Bitet",
        "place": "village",
        "source": "WRI_2005"
      },
      "geometry": {
        "type": "Point",
        "coordinates": [
          11.4951528,
          2.3394441
        ]
      },
      "id": "node/2460907220"
    },
    {
      "type": "Feature",
      "properties": {
        "@id": "node/2460907225",
        "name": "Bityé",
        "place": "village",
        "source": "WRI_2005"
      },
      "geometry": {
        "type": "Point",
        "coordinates": [
          12.3581052,
          3.0090191
        ]
      },
      "id": "node/2460907225"
    },
    {
      "type": "Feature",
      "properties": {
        "@id": "node/2460907226",
        "name": "Biyan",
        "place": "village",
        "source": "WRI_2005"
      },
      "geometry": {
        "type": "Point",
        "coordinates": [
          11.6725692,
          2.9922376
        ]
      },
      "id": "node/2460907226"
    },
    {
      "type": "Feature",
      "properties": {
        "@id": "node/2460907227",
        "name": "Biyan",
        "place": "village",
        "source": "WRI_2005"
      },
      "geometry": {
        "type": "Point",
        "coordinates": [
          11.9464072,
          3.2001076
        ]
      },
      "id": "node/2460907227"
    },
    {
      "type": "Feature",
      "properties": {
        "@id": "node/2460907229",
        "name": "Biyebe",
        "place": "village",
        "source": "WRI_2005"
      },
      "geometry": {
        "type": "Point",
        "coordinates": [
          12.1848131,
          3.2704778
        ]
      },
      "id": "node/2460907229"
    },
    {
      "type": "Feature",
      "properties": {
        "@id": "node/2460907249",
        "name": "Mellen-Boulou",
        "place": "village",
        "source": "WRI_2005"
      },
      "geometry": {
        "type": "Point",
        "coordinates": [
          12.5459108,
          2.775924
        ]
      },
      "id": "node/2460907249"
    },
    {
      "type": "Feature",
      "properties": {
        "@id": "node/2460907267",
        "name": "Djeng",
        "place": "village",
        "source": "WRI_2005"
      },
      "geometry": {
        "type": "Point",
        "coordinates": [
          12.4674132,
          3.5825372
        ]
      },
      "id": "node/2460907267"
    },
    {
      "type": "Feature",
      "properties": {
        "@id": "node/2460907270",
        "name": "Doum",
        "place": "village",
        "source": "WRI_2005"
      },
      "geometry": {
        "type": "Point",
        "coordinates": [
          11.6899358,
          3.1278029
        ]
      },
      "id": "node/2460907270"
    },
    {
      "type": "Feature",
      "properties": {
        "@id": "node/2460907273",
        "name": "Douma",
        "place": "village",
        "source": "WRI_2005"
      },
      "geometry": {
        "type": "Point",
        "coordinates": [
          12.3327964,
          3.5040054
        ]
      },
      "id": "node/2460907273"
    },
    {
      "type": "Feature",
      "properties": {
        "@id": "node/2460907277",
        "name": "Doumambang",
        "place": "village",
        "source": "WRI_2005"
      },
      "geometry": {
        "type": "Point",
        "coordinates": [
          12.1964115,
          3.0384038
        ]
      },
      "id": "node/2460907277"
    },
    {
      "type": "Feature",
      "properties": {
        "@id": "node/2460907279",
        "name": "Doumba'azok",
        "place": "village",
        "source": "WRI_2005"
      },
      "geometry": {
        "type": "Point",
        "coordinates": [
          11.4143354,
          2.7561956
        ]
      },
      "id": "node/2460907279"
    },
    {
      "type": "Feature",
      "properties": {
        "@id": "node/2460907280",
        "name": "Doumbenyan",
        "place": "village",
        "source": "WRI_2005"
      },
      "geometry": {
        "type": "Point",
        "coordinates": [
          12.3906726,
          3.3958341
        ]
      },
      "id": "node/2460907280"
    },
    {
      "type": "Feature",
      "properties": {
        "@id": "node/2460907281",
        "name": "Doungou",
        "place": "village",
        "source": "WRI_2005"
      },
      "geometry": {
        "type": "Point",
        "coordinates": [
          11.4674668,
          2.9696115
        ]
      },
      "id": "node/2460907281"
    },
    {
      "type": "Feature",
      "properties": {
        "@id": "node/2460907282",
        "name": "Doungou",
        "place": "village",
        "source": "WRI_2005"
      },
      "geometry": {
        "type": "Point",
        "coordinates": [
          11.4559055,
          2.9687815
        ]
      },
      "id": "node/2460907282"
    },
    {
      "type": "Feature",
      "properties": {
        "@id": "node/2460907283",
        "alt_name": "Kpwe",
        "name": "Dpoué",
        "place": "village",
        "source": "WRI_2005"
      },
      "geometry": {
        "type": "Point",
        "coordinates": [
          12.2233327,
          2.9687198
        ]
      },
      "id": "node/2460907283"
    },
    {
      "type": "Feature",
      "properties": {
        "@id": "node/2460907293",
        "name": "Ebae",
        "place": "village",
        "source": "WRI_2005"
      },
      "geometry": {
        "type": "Point",
        "coordinates": [
          11.4120924,
          2.5993512
        ]
      },
      "id": "node/2460907293"
    },
    {
      "type": "Feature",
      "properties": {
        "@id": "node/2460907297",
        "name": "Ebambina I",
        "place": "village",
        "source": "WRI_2005"
      },
      "geometry": {
        "type": "Point",
        "coordinates": [
          11.8986145,
          3.3810654
        ]
      },
      "id": "node/2460907297"
    },
    {
      "type": "Feature",
      "properties": {
        "@id": "node/2460907301",
        "name": "Ebambina II",
        "place": "village",
        "source": "WRI_2005"
      },
      "geometry": {
        "type": "Point",
        "coordinates": [
          11.8877812,
          3.3711448
        ]
      },
      "id": "node/2460907301"
    },
    {
      "type": "Feature",
      "properties": {
        "@id": "node/2460907313",
        "name": "Ebang",
        "place": "village",
        "source": "WRI_2005"
      },
      "geometry": {
        "type": "Point",
        "coordinates": [
          12.3523085,
          3.0581712
        ]
      },
      "id": "node/2460907313"
    },
    {
      "type": "Feature",
      "properties": {
        "@id": "node/2460907317",
        "name": "Ebap",
        "place": "village",
        "source": "WRI_2005"
      },
      "geometry": {
        "type": "Point",
        "coordinates": [
          11.4339457,
          2.9613335
        ]
      },
      "id": "node/2460907317"
    },
    {
      "type": "Feature",
      "properties": {
        "@id": "node/2460907320",
        "name": "Ebap",
        "place": "village",
        "source": "WRI_2005"
      },
      "geometry": {
        "type": "Point",
        "coordinates": [
          11.4396104,
          2.9614218
        ]
      },
      "id": "node/2460907320"
    },
    {
      "type": "Feature",
      "properties": {
        "@id": "node/2460907323",
        "name": "Ebay",
        "place": "village",
        "source": "WRI_2005"
      },
      "geometry": {
        "type": "Point",
        "coordinates": [
          11.6173066,
          3.1484043
        ]
      },
      "id": "node/2460907323"
    },
    {
      "type": "Feature",
      "properties": {
        "@id": "node/2460907326",
        "name": "Ebaé",
        "place": "village",
        "source": "WRI_2005"
      },
      "geometry": {
        "type": "Point",
        "coordinates": [
          11.433449,
          2.5919082
        ]
      },
      "id": "node/2460907326"
    },
    {
      "type": "Feature",
      "properties": {
        "@id": "node/2460907329",
        "name": "Ebezom",
        "place": "village",
        "source": "WRI_2005"
      },
      "geometry": {
        "type": "Point",
        "coordinates": [
          12.0596357,
          3.2648308
        ]
      },
      "id": "node/2460907329"
    },
    {
      "type": "Feature",
      "properties": {
        "@id": "node/2460907336",
        "name": "Ebodoumo",
        "place": "village",
        "source": "WRI_2005"
      },
      "geometry": {
        "type": "Point",
        "coordinates": [
          12.4816459,
          3.5987979
        ]
      },
      "id": "node/2460907336"
    },
    {
      "type": "Feature",
      "properties": {
        "@id": "node/2460907339",
        "name": "Ebolakoundu",
        "place": "village",
        "source": "WRI_2005"
      },
      "geometry": {
        "type": "Point",
        "coordinates": [
          12.2219641,
          3.2433287
        ]
      },
      "id": "node/2460907339"
    },
    {
      "type": "Feature",
      "properties": {
        "@id": "node/2460907345",
        "name": "Ebolboum",
        "place": "village",
        "source": "WRI_2005"
      },
      "geometry": {
        "type": "Point",
        "coordinates": [
          11.4972438,
          3.0652448
        ]
      },
      "id": "node/2460907345"
    },
    {
      "type": "Feature",
      "properties": {
        "@id": "node/2460907352",
        "name": "Ebolobola",
        "place": "village",
        "source": "WRI_2005"
      },
      "geometry": {
        "type": "Point",
        "coordinates": [
          11.3921776,
          2.9100205
        ]
      },
      "id": "node/2460907352"
    },
    {
      "type": "Feature",
      "properties": {
        "@id": "node/2460907355",
        "name": "Ebom",
        "place": "village",
        "source": "WRI_2005"
      },
      "geometry": {
        "type": "Point",
        "coordinates": [
          11.5703571,
          2.3768814
        ]
      },
      "id": "node/2460907355"
    },
    {
      "type": "Feature",
      "properties": {
        "@id": "node/2460907356",
        "name": "Eboman",
        "place": "village",
        "source": "WRI_2005"
      },
      "geometry": {
        "type": "Point",
        "coordinates": [
          12.1615439,
          2.4024782
        ]
      },
      "id": "node/2460907356"
    },
    {
      "type": "Feature",
      "properties": {
        "@id": "node/2460907357",
        "name": "Eboman",
        "place": "village",
        "source": "WRI_2005"
      },
      "geometry": {
        "type": "Point",
        "coordinates": [
          11.90987,
          2.4460587
        ]
      },
      "id": "node/2460907357"
    },
    {
      "type": "Feature",
      "properties": {
        "@id": "node/2460907358",
        "name": "Eboman",
        "place": "village",
        "source": "WRI_2005"
      },
      "geometry": {
        "type": "Point",
        "coordinates": [
          11.7215792,
          2.7457832
        ]
      },
      "id": "node/2460907358"
    },
    {
      "type": "Feature",
      "properties": {
        "@id": "node/2460907364",
        "name": "Ebotenkou",
        "place": "village",
        "source": "WRI_2005"
      },
      "geometry": {
        "type": "Point",
        "coordinates": [
          11.7087524,
          3.1563887
        ]
      },
      "id": "node/2460907364"
    },
    {
      "type": "Feature",
      "properties": {
        "@id": "node/2460907366",
        "name": "Ebozi",
        "place": "village",
        "source": "WRI_2005"
      },
      "geometry": {
        "type": "Point",
        "coordinates": [
          11.4580905,
          2.4483951
        ]
      },
      "id": "node/2460907366"
    },
    {
      "type": "Feature",
      "properties": {
        "@id": "node/2460907367",
        "name": "Edjom",
        "place": "village",
        "source": "WRI_2005"
      },
      "geometry": {
        "type": "Point",
        "coordinates": [
          12.3565861,
          3.0228031
        ]
      },
      "id": "node/2460907367"
    },
    {
      "type": "Feature",
      "properties": {
        "@id": "node/2460907371",
        "name": "Efot",
        "place": "village",
        "source": "WRI_2005"
      },
      "geometry": {
        "type": "Point",
        "coordinates": [
          11.429114,
          2.952605
        ]
      },
      "id": "node/2460907371"
    },
    {
      "type": "Feature",
      "properties": {
        "@id": "node/2460907372",
        "name": "Efoulan I",
        "place": "village",
        "source": "WRI_2005"
      },
      "geometry": {
        "type": "Point",
        "coordinates": [
          12.2402971,
          3.229304
        ]
      },
      "id": "node/2460907372"
    },
    {
      "type": "Feature",
      "properties": {
        "@id": "node/2460907373",
        "name": "Efoulan II",
        "place": "village",
        "source": "WRI_2005"
      },
      "geometry": {
        "type": "Point",
        "coordinates": [
          12.2605834,
          3.2230515
        ]
      },
      "id": "node/2460907373"
    },
    {
      "type": "Feature",
      "properties": {
        "@id": "node/2460907374",
        "name": "Efoulan II",
        "place": "village",
        "source": "WRI_2005"
      },
      "geometry": {
        "type": "Point",
        "coordinates": [
          12.1341361,
          3.2684706
        ]
      },
      "id": "node/2460907374"
    },
    {
      "type": "Feature",
      "properties": {
        "@id": "node/2460907376",
        "name": "Efoulan",
        "place": "village",
        "source": "WRI_2005"
      },
      "geometry": {
        "type": "Point",
        "coordinates": [
          11.6017347,
          2.8162095
        ]
      },
      "id": "node/2460907376"
    },
    {
      "type": "Feature",
      "properties": {
        "@id": "node/2460907379",
        "name": "Efoulan",
        "place": "village",
        "source": "WRI_2005"
      },
      "geometry": {
        "type": "Point",
        "coordinates": [
          11.8955032,
          3.1295487
        ]
      },
      "id": "node/2460907379"
    },
    {
      "type": "Feature",
      "properties": {
        "@id": "node/2460907382",
        "name": "Efoulan",
        "place": "village",
        "source": "WRI_2005"
      },
      "geometry": {
        "type": "Point",
        "coordinates": [
          12.3288012,
          3.2251396
        ]
      },
      "id": "node/2460907382"
    },
    {
      "type": "Feature",
      "properties": {
        "@id": "node/2460907397",
        "name": "Ekok",
        "place": "village",
        "source": "WRI_2005"
      },
      "geometry": {
        "type": "Point",
        "coordinates": [
          12.3913262,
          3.2432317
        ]
      },
      "id": "node/2460907397"
    },
    {
      "type": "Feature",
      "properties": {
        "@id": "node/2460907403",
        "name": "Ekombité",
        "place": "village",
        "source": "WRI_2005"
      },
      "geometry": {
        "type": "Point",
        "coordinates": [
          11.8337108,
          3.114738
        ]
      },
      "id": "node/2460907403"
    },
    {
      "type": "Feature",
      "properties": {
        "@id": "node/2460907407",
        "name": "Ekombité",
        "place": "village",
        "source": "WRI_2005"
      },
      "geometry": {
        "type": "Point",
        "coordinates": [
          11.7503954,
          2.6699809
        ]
      },
      "id": "node/2460907407"
    },
    {
      "type": "Feature",
      "properties": {
        "@id": "node/2460907408",
        "name": "Ekong",
        "place": "village",
        "source": "WRI_2005"
      },
      "geometry": {
        "type": "Point",
        "coordinates": [
          12.1426916,
          3.1554389
        ]
      },
      "id": "node/2460907408"
    },
    {
      "type": "Feature",
      "properties": {
        "@id": "node/2460907413",
        "name": "Ekoumdoum",
        "place": "village",
        "source": "WRI_2005"
      },
      "geometry": {
        "type": "Point",
        "coordinates": [
          11.7863477,
          2.9517412
        ]
      },
      "id": "node/2460907413"
    },
    {
      "type": "Feature",
      "properties": {
        "@id": "node/2460907417",
        "name": "Ekowondo",
        "place": "village",
        "source": "WRI_2005"
      },
      "geometry": {
        "type": "Point",
        "coordinates": [
          11.3935804,
          3.0709926
        ]
      },
      "id": "node/2460907417"
    },
    {
      "type": "Feature",
      "properties": {
        "@id": "node/2460907418",
        "name": "Ekowong",
        "place": "village",
        "source": "WRI_2005"
      },
      "geometry": {
        "type": "Point",
        "coordinates": [
          11.9102883,
          2.5156422
        ]
      },
      "id": "node/2460907418"
    },
    {
      "type": "Feature",
      "properties": {
        "@id": "node/2460907419",
        "name": "Ekowong",
        "place": "village",
        "source": "WRI_2005"
      },
      "geometry": {
        "type": "Point",
        "coordinates": [
          12.1866129,
          2.5212604
        ]
      },
      "id": "node/2460907419"
    },
    {
      "type": "Feature",
      "properties": {
        "@id": "node/2460907421",
        "name": "Elom",
        "place": "village",
        "source": "WRI_2005"
      },
      "geometry": {
        "type": "Point",
        "coordinates": [
          12.1735015,
          2.7225302
        ]
      },
      "id": "node/2460907421"
    },
    {
      "type": "Feature",
      "properties": {
        "@id": "node/2460907422",
        "name": "Elon",
        "place": "village",
        "source": "WRI_2005"
      },
      "geometry": {
        "type": "Point",
        "coordinates": [
          11.620513,
          2.6760418
        ]
      },
      "id": "node/2460907422"
    },
    {
      "type": "Feature",
      "properties": {
        "@id": "node/2460907423",
        "name": "Elon",
        "place": "village",
        "source": "WRI_2005"
      },
      "geometry": {
        "type": "Point",
        "coordinates": [
          11.5907499,
          3.1377833
        ]
      },
      "id": "node/2460907423"
    },
    {
      "type": "Feature",
      "properties": {
        "@id": "node/2460907425",
        "name": "Eminemvom",
        "place": "village",
        "source": "WRI_2005"
      },
      "geometry": {
        "type": "Point",
        "coordinates": [
          11.7769421,
          2.9655291
        ]
      },
      "id": "node/2460907425"
    },
    {
      "type": "Feature",
      "properties": {
        "@id": "node/2460907428",
        "name": "Emvieng",
        "place": "village",
        "source": "WRI_2005"
      },
      "geometry": {
        "type": "Point",
        "coordinates": [
          12.3558953,
          2.8134735
        ]
      },
      "id": "node/2460907428"
    },
    {
      "type": "Feature",
      "properties": {
        "@id": "node/2460907430",
        "name": "Emvonga",
        "place": "village",
        "source": "WRI_2005"
      },
      "geometry": {
        "type": "Point",
        "coordinates": [
          11.9022262,
          3.2071343
        ]
      },
      "id": "node/2460907430"
    },
    {
      "type": "Feature",
      "properties": {
        "@id": "node/2460907431",
        "name": "Endam I",
        "place": "village",
        "source": "WRI_2005"
      },
      "geometry": {
        "type": "Point",
        "coordinates": [
          11.4453334,
          2.9775352
        ]
      },
      "id": "node/2460907431"
    },
    {
      "type": "Feature",
      "properties": {
        "@id": "node/2460907432",
        "name": "Endam",
        "place": "village",
        "source": "WRI_2005"
      },
      "geometry": {
        "type": "Point",
        "coordinates": [
          12.2226501,
          3.0500187
        ]
      },
      "id": "node/2460907432"
    },
    {
      "type": "Feature",
      "properties": {
        "@id": "node/2460907433",
        "name": "Endam",
        "place": "village",
        "source": "WRI_2005"
      },
      "geometry": {
        "type": "Point",
        "coordinates": [
          12.3061402,
          3.4647674
        ]
      },
      "id": "node/2460907433"
    },
    {
      "type": "Feature",
      "properties": {
        "@id": "node/2460907434",
        "name": "Endameyos",
        "place": "village",
        "source": "WRI_2005"
      },
      "geometry": {
        "type": "Point",
        "coordinates": [
          11.749134,
          2.7400885
        ]
      },
      "id": "node/2460907434"
    },
    {
      "type": "Feature",
      "properties": {
        "@id": "node/2460907438",
        "name": "Endon",
        "place": "village",
        "source": "WRI_2005"
      },
      "geometry": {
        "type": "Point",
        "coordinates": [
          12.1839636,
          2.396518
        ]
      },
      "id": "node/2460907438"
    },
    {
      "type": "Feature",
      "properties": {
        "@id": "node/2460907440",
        "name": "Engas",
        "place": "village",
        "source": "WRI_2005"
      },
      "geometry": {
        "type": "Point",
        "coordinates": [
          11.7679436,
          2.910364
        ]
      },
      "id": "node/2460907440"
    },
    {
      "type": "Feature",
      "properties": {
        "@id": "node/2460907441",
        "name": "Engas",
        "place": "village",
        "source": "WRI_2005"
      },
      "geometry": {
        "type": "Point",
        "coordinates": [
          11.7596056,
          2.9148348
        ]
      },
      "id": "node/2460907441"
    },
    {
      "type": "Feature",
      "properties": {
        "@id": "node/2460907443",
        "name": "Engoudouk",
        "place": "village",
        "source": "WRI_2005"
      },
      "geometry": {
        "type": "Point",
        "coordinates": [
          11.9466886,
          3.3974515
        ]
      },
      "id": "node/2460907443"
    },
    {
      "type": "Feature",
      "properties": {
        "@id": "node/2460907445",
        "name": "Enyeng",
        "place": "village",
        "source": "WRI_2005"
      },
      "geometry": {
        "type": "Point",
        "coordinates": [
          11.6245705,
          2.9861686
        ]
      },
      "id": "node/2460907445"
    },
    {
      "type": "Feature",
      "properties": {
        "@id": "node/2460907446",
        "name": "Enyeng",
        "place": "village",
        "source": "WRI_2005"
      },
      "geometry": {
        "type": "Point",
        "coordinates": [
          11.5559103,
          3.0698889
        ]
      },
      "id": "node/2460907446"
    },
    {
      "type": "Feature",
      "properties": {
        "@id": "node/2460907447",
        "name": "Enyeng",
        "place": "village",
        "source": "WRI_2005"
      },
      "geometry": {
        "type": "Point",
        "coordinates": [
          11.8637569,
          3.4038396
        ]
      },
      "id": "node/2460907447"
    },
    {
      "type": "Feature",
      "properties": {
        "@id": "node/2460907448",
        "name": "Esam",
        "place": "village",
        "source": "WRI_2005"
      },
      "geometry": {
        "type": "Point",
        "coordinates": [
          12.1564281,
          2.9921344
        ]
      },
      "id": "node/2460907448"
    },
    {
      "type": "Feature",
      "properties": {
        "@id": "node/2460907449",
        "name": "Esangmvout",
        "place": "village",
        "source": "WRI_2005"
      },
      "geometry": {
        "type": "Point",
        "coordinates": [
          12.2718939,
          2.8255632
        ]
      },
      "id": "node/2460907449"
    },
    {
      "type": "Feature",
      "properties": {
        "@id": "node/2460907450",
        "name": "Esong",
        "place": "village",
        "source": "WRI_2005"
      },
      "geometry": {
        "type": "Point",
        "coordinates": [
          12.2936754,
          2.8243308
        ]
      },
      "id": "node/2460907450"
    },
    {
      "type": "Feature",
      "properties": {
        "@id": "node/2460907451",
        "name": "Essa",
        "place": "village",
        "source": "WRI_2005"
      },
      "geometry": {
        "type": "Point",
        "coordinates": [
          11.7581897,
          3.1845885
        ]
      },
      "id": "node/2460907451"
    },
    {
      "type": "Feature",
      "properties": {
        "@id": "node/2460907459",
        "name": "Essam",
        "place": "village",
        "source": "WRI_2005"
      },
      "geometry": {
        "type": "Point",
        "coordinates": [
          12.2783442,
          2.4270904
        ]
      },
      "id": "node/2460907459"
    },
    {
      "type": "Feature",
      "properties": {
        "@id": "node/2460907461",
        "name": "Essam",
        "place": "village",
        "source": "WRI_2005"
      },
      "geometry": {
        "type": "Point",
        "coordinates": [
          11.6956532,
          2.6645541
        ]
      },
      "id": "node/2460907461"
    },
    {
      "type": "Feature",
      "properties": {
        "@id": "node/2460907467",
        "name": "Essamenkou",
        "place": "village",
        "source": "WRI_2005"
      },
      "geometry": {
        "type": "Point",
        "coordinates": [
          12.334179,
          2.4528101
        ]
      },
      "id": "node/2460907467"
    },
    {
      "type": "Feature",
      "properties": {
        "@id": "node/2460907471",
        "name": "Essangong",
        "place": "village",
        "source": "WRI_2005"
      },
      "geometry": {
        "type": "Point",
        "coordinates": [
          11.5331079,
          2.8543567
        ]
      },
      "id": "node/2460907471"
    },
    {
      "type": "Feature",
      "properties": {
        "@id": "node/2460907473",
        "name": "Esselafan",
        "place": "village",
        "source": "WRI_2005"
      },
      "geometry": {
        "type": "Point",
        "coordinates": [
          11.924825,
          3.2984603
        ]
      },
      "id": "node/2460907473"
    },
    {
      "type": "Feature",
      "properties": {
        "@id": "node/2460907477",
        "name": "Essessana",
        "place": "village",
        "source": "WRI_2005"
      },
      "geometry": {
        "type": "Point",
        "coordinates": [
          11.4018029,
          2.96267
        ]
      },
      "id": "node/2460907477"
    },
    {
      "type": "Feature",
      "properties": {
        "@id": "node/2460907487",
        "name": "Essessana",
        "place": "village",
        "source": "WRI_2005"
      },
      "geometry": {
        "type": "Point",
        "coordinates": [
          11.3993113,
          2.973433
        ]
      },
      "id": "node/2460907487"
    },
    {
      "type": "Feature",
      "properties": {
        "@id": "node/2460907490",
        "name": "Essodjap",
        "place": "village",
        "source": "WRI_2005"
      },
      "geometry": {
        "type": "Point",
        "coordinates": [
          11.4689055,
          2.5646522
        ]
      },
      "id": "node/2460907490"
    },
    {
      "type": "Feature",
      "properties": {
        "@id": "node/2460907492",
        "name": "Esson",
        "place": "village",
        "source": "WRI_2005"
      },
      "geometry": {
        "type": "Point",
        "coordinates": [
          12.1755043,
          3.1623463
        ]
      },
      "id": "node/2460907492"
    },
    {
      "type": "Feature",
      "properties": {
        "@id": "node/2460907495",
        "name": "Esson",
        "place": "village",
        "source": "WRI_2005"
      },
      "geometry": {
        "type": "Point",
        "coordinates": [
          11.9710743,
          3.2190182
        ]
      },
      "id": "node/2460907495"
    },
    {
      "type": "Feature",
      "properties": {
        "@id": "node/2460907502",
        "name": "Essong",
        "place": "village",
        "source": "WRI_2005"
      },
      "geometry": {
        "type": "Point",
        "coordinates": [
          12.1577248,
          3.2389566
        ]
      },
      "id": "node/2460907502"
    },
    {
      "type": "Feature",
      "properties": {
        "@id": "node/2460907511",
        "name": "Eton",
        "place": "village",
        "source": "WRI_2005"
      },
      "geometry": {
        "type": "Point",
        "coordinates": [
          12.2395058,
          3.1962337
        ]
      },
      "id": "node/2460907511"
    },
    {
      "type": "Feature",
      "properties": {
        "@id": "node/2460907514",
        "name": "Etoto",
        "place": "village",
        "source": "WRI_2005"
      },
      "geometry": {
        "type": "Point",
        "coordinates": [
          11.8973485,
          3.2720258
        ]
      },
      "id": "node/2460907514"
    },
    {
      "type": "Feature",
      "properties": {
        "@id": "node/2460907517",
        "name": "Evindissi I",
        "place": "village",
        "source": "WRI_2005"
      },
      "geometry": {
        "type": "Point",
        "coordinates": [
          11.977659,
          3.0431473
        ]
      },
      "id": "node/2460907517"
    },
    {
      "type": "Feature",
      "properties": {
        "@id": "node/2460907521",
        "name": "Evindissi II",
        "place": "village",
        "source": "WRI_2005"
      },
      "geometry": {
        "type": "Point",
        "coordinates": [
          11.8967322,
          3.1177575
        ]
      },
      "id": "node/2460907521"
    },
    {
      "type": "Feature",
      "properties": {
        "@id": "node/2460907524",
        "name": "Evindissi",
        "place": "village",
        "source": "WRI_2005"
      },
      "geometry": {
        "type": "Point",
        "coordinates": [
          11.6345594,
          2.4479819
        ]
      },
      "id": "node/2460907524"
    },
    {
      "type": "Feature",
      "properties": {
        "@id": "node/2460907531",
        "name": "Evindissii",
        "place": "village",
        "source": "WRI_2005"
      },
      "geometry": {
        "type": "Point",
        "coordinates": [
          12.4358012,
          3.3337931
        ]
      },
      "id": "node/2460907531"
    },
    {
      "type": "Feature",
      "properties": {
        "@id": "node/2460907535",
        "name": "Ewolemimbang",
        "place": "village",
        "source": "WRI_2005"
      },
      "geometry": {
        "type": "Point",
        "coordinates": [
          11.7545148,
          3.0153657
        ]
      },
      "id": "node/2460907535"
    },
    {
      "type": "Feature",
      "properties": {
        "@id": "node/2460907545",
        "name": "Ewolombama",
        "place": "village",
        "source": "WRI_2005"
      },
      "geometry": {
        "type": "Point",
        "coordinates": [
          12.2766826,
          3.3538793
        ]
      },
      "id": "node/2460907545"
    },
    {
      "type": "Feature",
      "properties": {
        "@id": "node/2460907549",
        "name": "Ewot",
        "place": "village",
        "source": "WRI_2005"
      },
      "geometry": {
        "type": "Point",
        "coordinates": [
          12.4121581,
          3.3838675
        ]
      },
      "id": "node/2460907549"
    },
    {
      "type": "Feature",
      "properties": {
        "@id": "node/2460907552",
        "name": "Eye'e",
        "place": "village",
        "source": "WRI_2005"
      },
      "geometry": {
        "type": "Point",
        "coordinates": [
          11.8649793,
          2.7891644
        ]
      },
      "id": "node/2460907552"
    },
    {
      "type": "Feature",
      "properties": {
        "@id": "node/2460907569",
        "name": "Fibot",
        "place": "village",
        "source": "WRI_2005"
      },
      "geometry": {
        "type": "Point",
        "coordinates": [
          11.9019849,
          3.4147045
        ]
      },
      "id": "node/2460907569"
    },
    {
      "type": "Feature",
      "properties": {
        "@id": "node/2460907571",
        "name": "Fon",
        "place": "village",
        "source": "WRI_2005"
      },
      "geometry": {
        "type": "Point",
        "coordinates": [
          11.4892381,
          3.1337358
        ]
      },
      "id": "node/2460907571"
    },
    {
      "type": "Feature",
      "properties": {
        "@id": "node/2460907574",
        "name": "Foulassi",
        "place": "village",
        "source": "WRI_2005"
      },
      "geometry": {
        "type": "Point",
        "coordinates": [
          12.2951357,
          3.1279677
        ]
      },
      "id": "node/2460907574"
    },
    {
      "type": "Feature",
      "properties": {
        "@id": "node/2460907579",
        "name": "Kaan",
        "place": "village",
        "source": "WRI_2005"
      },
      "geometry": {
        "type": "Point",
        "coordinates": [
          11.0633338,
          3.3196909
        ]
      },
      "id": "node/2460907579"
    },
    {
      "type": "Feature",
      "properties": {
        "@id": "node/2460907582",
        "name": "Kaka",
        "place": "village",
        "source": "WRI_2005"
      },
      "geometry": {
        "type": "Point",
        "coordinates": [
          12.1578774,
          3.1052356
        ]
      },
      "id": "node/2460907582"
    },
    {
      "type": "Feature",
      "properties": {
        "@id": "node/2460907584",
        "name": "Kalé",
        "place": "village",
        "source": "WRI_2005"
      },
      "geometry": {
        "type": "Point",
        "coordinates": [
          12.3365449,
          3.0669681
        ]
      },
      "id": "node/2460907584"
    },
    {
      "type": "Feature",
      "properties": {
        "@id": "node/2460907586",
        "name": "Kam",
        "place": "village",
        "source": "WRI_2005"
      },
      "geometry": {
        "type": "Point",
        "coordinates": [
          12.4295428,
          3.3185182
        ]
      },
      "id": "node/2460907586"
    },
    {
      "type": "Feature",
      "properties": {
        "@id": "node/2460907595",
        "name": "Kamélon",
        "place": "village",
        "source": "WRI_2005"
      },
      "geometry": {
        "type": "Point",
        "coordinates": [
          12.0214057,
          2.90625
        ]
      },
      "id": "node/2460907595"
    },
    {
      "type": "Feature",
      "properties": {
        "@id": "node/2460907608",
        "name": "Koalaa",
        "place": "village",
        "source": "WRI_2005"
      },
      "geometry": {
        "type": "Point",
        "coordinates": [
          11.0663869,
          3.354751
        ]
      },
      "id": "node/2460907608"
    },
    {
      "type": "Feature",
      "properties": {
        "@id": "node/2460907617",
        "name": "Kombé",
        "place": "village",
        "source": "WRI_2005"
      },
      "geometry": {
        "type": "Point",
        "coordinates": [
          11.950886,
          3.0514362
        ]
      },
      "id": "node/2460907617"
    },
    {
      "type": "Feature",
      "properties": {
        "@id": "node/2460907622",
        "name": "Kondébisse",
        "place": "village",
        "source": "WRI_2005"
      },
      "geometry": {
        "type": "Point",
        "coordinates": [
          11.7114766,
          3.2394849
        ]
      },
      "id": "node/2460907622"
    },
    {
      "type": "Feature",
      "properties": {
        "@id": "node/2460907624",
        "name": "Foulassi",
        "place": "village",
        "source": "WRI_2005"
      },
      "geometry": {
        "type": "Point",
        "coordinates": [
          11.9555851,
          2.9789059
        ]
      },
      "id": "node/2460907624"
    },
    {
      "type": "Feature",
      "properties": {
        "@id": "node/2460907627",
        "name": "Kondémeyos",
        "place": "village",
        "source": "WRI_2005"
      },
      "geometry": {
        "type": "Point",
        "coordinates": [
          11.9640711,
          2.9841503
        ]
      },
      "id": "node/2460907627"
    },
    {
      "type": "Feature",
      "properties": {
        "@id": "node/2460907630",
        "name": "Kondémeyos",
        "place": "village",
        "source": "WRI_2005"
      },
      "geometry": {
        "type": "Point",
        "coordinates": [
          11.8563857,
          3.2850671
        ]
      },
      "id": "node/2460907630"
    },
    {
      "type": "Feature",
      "properties": {
        "@id": "node/2460907633",
        "name": "Kongo",
        "place": "village",
        "source": "WRI_2005"
      },
      "geometry": {
        "type": "Point",
        "coordinates": [
          12.1768278,
          2.7976016
        ]
      },
      "id": "node/2460907633"
    },
    {
      "type": "Feature",
      "properties": {
        "@id": "node/2460907636",
        "name": "Koum Yetotan",
        "place": "village",
        "source": "WRI_2005"
      },
      "geometry": {
        "type": "Point",
        "coordinates": [
          12.1796187,
          3.0931757
        ]
      },
      "id": "node/2460907636"
    },
    {
      "type": "Feature",
      "properties": {
        "@id": "node/2460907646",
        "name": "Koum",
        "place": "village",
        "source": "WRI_2005"
      },
      "geometry": {
        "type": "Point",
        "coordinates": [
          12.0666893,
          2.9689237
        ]
      },
      "id": "node/2460907646"
    },
    {
      "type": "Feature",
      "properties": {
        "@id": "node/2460907652",
        "name": "Kouma",
        "place": "village",
        "source": "WRI_2005"
      },
      "geometry": {
        "type": "Point",
        "coordinates": [
          11.6419334,
          3.1498039
        ]
      },
      "id": "node/2460907652"
    },
    {
      "type": "Feature",
      "properties": {
        "@id": "node/2460907655",
        "name": "Koumangold",
        "place": "village",
        "source": "WRI_2005"
      },
      "geometry": {
        "type": "Point",
        "coordinates": [
          12.3859534,
          3.2388311
        ]
      },
      "id": "node/2460907655"
    },
    {
      "type": "Feature",
      "properties": {
        "@id": "node/2460907661",
        "name": "Koungoulou",
        "place": "village",
        "source": "WRI_2005"
      },
      "geometry": {
        "type": "Point",
        "coordinates": [
          11.7780096,
          2.7360388
        ]
      },
      "id": "node/2460907661"
    },
    {
      "type": "Feature",
      "properties": {
        "@id": "node/2460907664",
        "name": "Koungoulou",
        "place": "village",
        "source": "WRI_2005"
      },
      "geometry": {
        "type": "Point",
        "coordinates": [
          11.4079571,
          2.9399887
        ]
      },
      "id": "node/2460907664"
    },
    {
      "type": "Feature",
      "properties": {
        "@id": "node/2460907680",
        "name": "Lobé",
        "place": "village",
        "source": "WRI_2005"
      },
      "geometry": {
        "type": "Point",
        "coordinates": [
          11.5947981,
          2.6801671
        ]
      },
      "id": "node/2460907680"
    },
    {
      "type": "Feature",
      "properties": {
        "@id": "node/2460907686",
        "name": "Loum",
        "place": "village",
        "source": "WRI_2005"
      },
      "geometry": {
        "type": "Point",
        "coordinates": [
          11.5454759,
          2.9795024
        ]
      },
      "id": "node/2460907686"
    },
    {
      "type": "Feature",
      "properties": {
        "@id": "node/2460907697",
        "name": "Loum",
        "place": "village",
        "source": "WRI_2005"
      },
      "geometry": {
        "type": "Point",
        "coordinates": [
          11.6342133,
          3.0882769
        ]
      },
      "id": "node/2460907697"
    },
    {
      "type": "Feature",
      "properties": {
        "@id": "node/2460907701",
        "name": "Loum",
        "place": "village",
        "source": "WRI_2005"
      },
      "geometry": {
        "type": "Point",
        "coordinates": [
          12.1091577,
          3.2333901
        ]
      },
      "id": "node/2460907701"
    },
    {
      "type": "Feature",
      "properties": {
        "@id": "node/2460907710",
        "name": "Ma'an",
        "place": "village",
        "source": "WRI_2005"
      },
      "geometry": {
        "type": "Point",
        "coordinates": [
          11.4041883,
          2.4610594
        ]
      },
      "id": "node/2460907710"
    },
    {
      "type": "Feature",
      "properties": {
        "@id": "node/2460907714",
        "name": "Ma'anmemvim",
        "place": "village",
        "source": "WRI_2005"
      },
      "geometry": {
        "type": "Point",
        "coordinates": [
          11.7615141,
          2.9933663
        ]
      },
      "id": "node/2460907714"
    },
    {
      "type": "Feature",
      "properties": {
        "@id": "node/2460907717",
        "name": "Ma'anmenyin",
        "place": "village",
        "source": "WRI_2005"
      },
      "geometry": {
        "type": "Point",
        "coordinates": [
          11.7604633,
          3.0031515
        ]
      },
      "id": "node/2460907717"
    },
    {
      "type": "Feature",
      "properties": {
        "@id": "node/2460907730",
        "name": "Mamenyé",
        "place": "village",
        "source": "WRI_2005"
      },
      "geometry": {
        "type": "Point",
        "coordinates": [
          11.4525066,
          2.7601391
        ]
      },
      "id": "node/2460907730"
    },
    {
      "type": "Feature",
      "properties": {
        "@id": "node/2460907741",
        "name": "Mang",
        "place": "village",
        "source": "WRI_2005"
      },
      "geometry": {
        "type": "Point",
        "coordinates": [
          11.7023571,
          2.4107269
        ]
      },
      "id": "node/2460907741"
    },
    {
      "type": "Feature",
      "properties": {
        "@id": "node/2460907751",
        "name": "Mang",
        "place": "village",
        "source": "WRI_2005"
      },
      "geometry": {
        "type": "Point",
        "coordinates": [
          11.3934575,
          2.7705635
        ]
      },
      "id": "node/2460907751"
    },
    {
      "type": "Feature",
      "properties": {
        "@id": "node/2460907754",
        "name": "Mang",
        "place": "village",
        "source": "WRI_2005"
      },
      "geometry": {
        "type": "Point",
        "coordinates": [
          12.0115627,
          2.9212785
        ]
      },
      "id": "node/2460907754"
    },
    {
      "type": "Feature",
      "properties": {
        "@id": "node/2460907772",
        "name": "Mbaanlam",
        "place": "village",
        "source": "WRI_2005"
      },
      "geometry": {
        "type": "Point",
        "coordinates": [
          12.1764905,
          3.298891
        ]
      },
      "id": "node/2460907772"
    },
    {
      "type": "Feature",
      "properties": {
        "@id": "node/2460907783",
        "name": "Mbam Essaobom",
        "place": "village",
        "source": "WRI_2005"
      },
      "geometry": {
        "type": "Point",
        "coordinates": [
          11.5672566,
          2.3977068
        ]
      },
      "id": "node/2460907783"
    },
    {
      "type": "Feature",
      "properties": {
        "@id": "node/2460907785",
        "name": "Mbamang",
        "place": "village",
        "source": "WRI_2005"
      },
      "geometry": {
        "type": "Point",
        "coordinates": [
          12.1991261,
          3.0963905
        ]
      },
      "id": "node/2460907785"
    },
    {
      "type": "Feature",
      "properties": {
        "@id": "node/2460907786",
        "name": "Mbamba",
        "place": "village",
        "source": "WRI_2005"
      },
      "geometry": {
        "type": "Point",
        "coordinates": [
          12.2339246,
          3.036919
        ]
      },
      "id": "node/2460907786"
    },
    {
      "type": "Feature",
      "properties": {
        "@id": "node/2460907787",
        "name": "Mbame",
        "place": "village",
        "source": "WRI_2005"
      },
      "geometry": {
        "type": "Point",
        "coordinates": [
          12.226708,
          3.1122394
        ]
      },
      "id": "node/2460907787"
    },
    {
      "type": "Feature",
      "properties": {
        "@id": "node/2460907800",
        "name": "Mbe'élon",
        "place": "village",
        "source": "WRI_2005"
      },
      "geometry": {
        "type": "Point",
        "coordinates": [
          12.2492313,
          3.2603427
        ]
      },
      "id": "node/2460907800"
    },
    {
      "type": "Feature",
      "properties": {
        "@id": "node/2460907803",
        "name": "Mbedoumou",
        "place": "village",
        "source": "WRI_2005"
      },
      "geometry": {
        "type": "Point",
        "coordinates": [
          11.9599323,
          3.3579992
        ]
      },
      "id": "node/2460907803"
    },
    {
      "type": "Feature",
      "properties": {
        "@id": "node/2460907805",
        "name": "Mbekaa",
        "place": "village",
        "source": "WRI_2005"
      },
      "geometry": {
        "type": "Point",
        "coordinates": [
          11.4868066,
          3.0984556
        ]
      },
      "id": "node/2460907805"
    },
    {
      "type": "Feature",
      "properties": {
        "@id": "node/2460907808",
        "name": "Mbeli'i",
        "place": "village",
        "source": "WRI_2005"
      },
      "geometry": {
        "type": "Point",
        "coordinates": [
          11.9891288,
          2.9266847
        ]
      },
      "id": "node/2460907808"
    },
    {
      "type": "Feature",
      "properties": {
        "@id": "node/2460907824",
        "name": "Mbiélémé",
        "place": "village",
        "source": "WRI_2005"
      },
      "geometry": {
        "type": "Point",
        "coordinates": [
          12.2155015,
          2.8297742
        ]
      },
      "id": "node/2460907824"
    },
    {
      "type": "Feature",
      "properties": {
        "@id": "node/2460907825",
        "name": "Mbom",
        "place": "village",
        "source": "WRI_2005"
      },
      "geometry": {
        "type": "Point",
        "coordinates": [
          12.0370663,
          2.9514707
        ]
      },
      "id": "node/2460907825"
    },
    {
      "type": "Feature",
      "properties": {
        "@id": "node/2460907826",
        "name": "Mbometa'a",
        "place": "village",
        "source": "WRI_2005"
      },
      "geometry": {
        "type": "Point",
        "coordinates": [
          12.3017941,
          3.4463956
        ]
      },
      "id": "node/2460907826"
    },
    {
      "type": "Feature",
      "properties": {
        "@id": "node/2460907827",
        "name": "Mbong",
        "place": "village",
        "source": "WRI_2005"
      },
      "geometry": {
        "type": "Point",
        "coordinates": [
          11.76612,
          2.3552471
        ]
      },
      "id": "node/2460907827"
    },
    {
      "type": "Feature",
      "properties": {
        "@id": "node/2460907828",
        "name": "Mboum",
        "place": "village",
        "source": "WRI_2005"
      },
      "geometry": {
        "type": "Point",
        "coordinates": [
          12.4676275,
          3.518744
        ]
      },
      "id": "node/2460907828"
    },
    {
      "type": "Feature",
      "properties": {
        "@id": "node/2460907829",
        "name": "Mboun",
        "place": "village",
        "source": "WRI_2005"
      },
      "geometry": {
        "type": "Point",
        "coordinates": [
          11.9385673,
          2.9016097
        ]
      },
      "id": "node/2460907829"
    },
    {
      "type": "Feature",
      "properties": {
        "@id": "node/2460907832",
        "name": "Mbounezok",
        "place": "village",
        "source": "WRI_2005"
      },
      "geometry": {
        "type": "Point",
        "coordinates": [
          11.7164486,
          2.7597266
        ]
      },
      "id": "node/2460907832"
    },
    {
      "type": "Feature",
      "properties": {
        "@id": "node/2460907838",
        "name": "Mbémang",
        "place": "village",
        "source": "WRI_2005"
      },
      "geometry": {
        "type": "Point",
        "coordinates": [
          11.4395009,
          2.7562556
        ]
      },
      "id": "node/2460907838"
    },
    {
      "type": "Feature",
      "properties": {
        "@id": "node/2460907841",
        "name": "Meba",
        "place": "village",
        "source": "WRI_2005"
      },
      "geometry": {
        "type": "Point",
        "coordinates": [
          11.8864877,
          3.3001375
        ]
      },
      "id": "node/2460907841"
    },
    {
      "type": "Feature",
      "properties": {
        "@id": "node/2460907848",
        "name": "Mebame",
        "place": "village",
        "source": "WRI_2005"
      },
      "geometry": {
        "type": "Point",
        "coordinates": [
          12.2874904,
          3.2133535
        ]
      },
      "id": "node/2460907848"
    },
    {
      "type": "Feature",
      "properties": {
        "@id": "node/2460907849",
        "name": "Mebang",
        "place": "village",
        "source": "WRI_2005"
      },
      "geometry": {
        "type": "Point",
        "coordinates": [
          12.0971853,
          2.3242131
        ]
      },
      "id": "node/2460907849"
    },
    {
      "type": "Feature",
      "properties": {
        "@id": "node/2460907850",
        "name": "Mebang",
        "place": "village",
        "source": "WRI_2005"
      },
      "geometry": {
        "type": "Point",
        "coordinates": [
          11.9668043,
          3.3386376
        ]
      },
      "id": "node/2460907850"
    },
    {
      "type": "Feature",
      "properties": {
        "@id": "node/2460907851",
        "name": "Mebassa",
        "place": "village",
        "source": "WRI_2005"
      },
      "geometry": {
        "type": "Point",
        "coordinates": [
          12.2157559,
          2.4783074
        ]
      },
      "id": "node/2460907851"
    },
    {
      "type": "Feature",
      "properties": {
        "@id": "node/2460907853",
        "name": "Mebe Ntem",
        "place": "village",
        "source": "WRI_2005"
      },
      "geometry": {
        "type": "Point",
        "coordinates": [
          11.5300608,
          2.3170223
        ]
      },
      "id": "node/2460907853"
    },
    {
      "type": "Feature",
      "properties": {
        "@id": "node/2460907856",
        "name": "Mebem",
        "place": "village",
        "source": "WRI_2005"
      },
      "geometry": {
        "type": "Point",
        "coordinates": [
          12.0330472,
          3.0604511
        ]
      },
      "id": "node/2460907856"
    },
    {
      "type": "Feature",
      "properties": {
        "@id": "node/2460907857",
        "name": "Mebemenko",
        "place": "village",
        "source": "WRI_2005"
      },
      "geometry": {
        "type": "Point",
        "coordinates": [
          11.9501221,
          2.907292
        ]
      },
      "id": "node/2460907857"
    },
    {
      "type": "Feature",
      "properties": {
        "@id": "node/2460907860",
        "name": "Mebo'o",
        "place": "village",
        "source": "WRI_2005"
      },
      "geometry": {
        "type": "Point",
        "coordinates": [
          11.7305678,
          2.6571606
        ]
      },
      "id": "node/2460907860"
    },
    {
      "type": "Feature",
      "properties": {
        "@id": "node/2460907861",
        "name": "Mebomo",
        "place": "village",
        "source": "WRI_2005"
      },
      "geometry": {
        "type": "Point",
        "coordinates": [
          12.2754018,
          3.4502282
        ]
      },
      "id": "node/2460907861"
    },
    {
      "type": "Feature",
      "properties": {
        "@id": "node/2460907863",
        "name": "Mebosso",
        "place": "village",
        "source": "WRI_2005"
      },
      "geometry": {
        "type": "Point",
        "coordinates": [
          11.8758211,
          2.3158536
        ]
      },
      "id": "node/2460907863"
    },
    {
      "type": "Feature",
      "properties": {
        "@id": "node/2460907868",
        "name": "Medjeme",
        "place": "village",
        "source": "WRI_2005"
      },
      "geometry": {
        "type": "Point",
        "coordinates": [
          11.7909541,
          2.7586548
        ]
      },
      "id": "node/2460907868"
    },
    {
      "type": "Feature",
      "properties": {
        "@id": "node/2460907869",
        "name": "Medjounou",
        "place": "village",
        "source": "WRI_2005"
      },
      "geometry": {
        "type": "Point",
        "coordinates": [
          11.6028272,
          2.3883626
        ]
      },
      "id": "node/2460907869"
    },
    {
      "type": "Feature",
      "properties": {
        "@id": "node/2460907872",
        "name": "Mefo",
        "place": "village",
        "source": "WRI_2005"
      },
      "geometry": {
        "type": "Point",
        "coordinates": [
          11.9700865,
          2.9638778
        ]
      },
      "id": "node/2460907872"
    },
    {
      "type": "Feature",
      "properties": {
        "@id": "node/2460907874",
        "name": "Meka'a",
        "place": "village",
        "source": "WRI_2005"
      },
      "geometry": {
        "type": "Point",
        "coordinates": [
          11.5390259,
          2.4213147
        ]
      },
      "id": "node/2460907874"
    },
    {
      "type": "Feature",
      "properties": {
        "@id": "node/2460907875",
        "name": "Meka'a",
        "place": "village",
        "source": "WRI_2005"
      },
      "geometry": {
        "type": "Point",
        "coordinates": [
          11.6878228,
          2.9585864
        ]
      },
      "id": "node/2460907875"
    },
    {
      "type": "Feature",
      "properties": {
        "@id": "node/2460907876",
        "name": "Meka'a",
        "place": "village",
        "source": "WRI_2005"
      },
      "geometry": {
        "type": "Point",
        "coordinates": [
          11.6832691,
          2.9678659
        ]
      },
      "id": "node/2460907876"
    },
    {
      "type": "Feature",
      "properties": {
        "@id": "node/2460907878",
        "name": "Mekalat",
        "place": "village",
        "source": "WRI_2005"
      },
      "geometry": {
        "type": "Point",
        "coordinates": [
          11.9868629,
          3.2229747
        ]
      },
      "id": "node/2460907878"
    },
    {
      "type": "Feature",
      "properties": {
        "@id": "node/2460907879",
        "name": "Mekamemvom",
        "place": "village",
        "source": "WRI_2005"
      },
      "geometry": {
        "type": "Point",
        "coordinates": [
          11.4098234,
          2.9425778
        ]
      },
      "id": "node/2460907879"
    },
    {
      "type": "Feature",
      "properties": {
        "@id": "node/2460907880",
        "name": "Mekamemvom",
        "place": "village",
        "source": "WRI_2005"
      },
      "geometry": {
        "type": "Point",
        "coordinates": [
          11.419202,
          2.9477937
        ]
      },
      "id": "node/2460907880"
    },
    {
      "type": "Feature",
      "properties": {
        "@id": "node/2460907881",
        "name": "Mekin",
        "place": "village",
        "source": "WRI_2005"
      },
      "geometry": {
        "type": "Point",
        "coordinates": [
          12.4000607,
          3.2569621
        ]
      },
      "id": "node/2460907881"
    },
    {
      "type": "Feature",
      "properties": {
        "@id": "node/2460907882",
        "name": "Meko'assi",
        "place": "village",
        "source": "WRI_2005"
      },
      "geometry": {
        "type": "Point",
        "coordinates": [
          11.422038,
          2.3297757
        ]
      },
      "id": "node/2460907882"
    },
    {
      "type": "Feature",
      "properties": {
        "@id": "node/2460907883",
        "name": "Mekok",
        "place": "village",
        "source": "WRI_2005"
      },
      "geometry": {
        "type": "Point",
        "coordinates": [
          11.4632783,
          2.5727069
        ]
      },
      "id": "node/2460907883"
    },
    {
      "type": "Feature",
      "properties": {
        "@id": "node/2460907884",
        "name": "Mekom",
        "place": "village",
        "source": "WRI_2005"
      },
      "geometry": {
        "type": "Point",
        "coordinates": [
          11.8404953,
          2.8858337
        ]
      },
      "id": "node/2460907884"
    },
    {
      "type": "Feature",
      "properties": {
        "@id": "node/2460907885",
        "name": "Mekomo Yendam",
        "place": "village",
        "source": "WRI_2005"
      },
      "geometry": {
        "type": "Point",
        "coordinates": [
          11.9701293,
          2.8718505
        ]
      },
      "id": "node/2460907885"
    },
    {
      "type": "Feature",
      "properties": {
        "@id": "node/2460907886",
        "name": "Mekomo",
        "place": "village",
        "source": "WRI_2005"
      },
      "geometry": {
        "type": "Point",
        "coordinates": [
          12.3648448,
          3.2389808
        ]
      },
      "id": "node/2460907886"
    },
    {
      "type": "Feature",
      "properties": {
        "@id": "node/2460907889",
        "name": "Mekpaé",
        "place": "village",
        "source": "WRI_2005"
      },
      "geometry": {
        "type": "Point",
        "coordinates": [
          12.0121615,
          3.0595609
        ]
      },
      "id": "node/2460907889"
    },
    {
      "type": "Feature",
      "properties": {
        "@id": "node/2460907890",
        "name": "Melan",
        "place": "village",
        "source": "WRI_2005"
      },
      "geometry": {
        "type": "Point",
        "coordinates": [
          11.62612,
          2.6849002
        ]
      },
      "id": "node/2460907890"
    },
    {
      "type": "Feature",
      "properties": {
        "@id": "node/2460907891",
        "name": "Melan",
        "place": "village",
        "source": "WRI_2005"
      },
      "geometry": {
        "type": "Point",
        "coordinates": [
          11.570088,
          2.9884217
        ]
      },
      "id": "node/2460907891"
    },
    {
      "type": "Feature",
      "properties": {
        "@id": "node/2460907892",
        "name": "Melan",
        "place": "village",
        "source": "WRI_2005"
      },
      "geometry": {
        "type": "Point",
        "coordinates": [
          12.1653476,
          3.1588805
        ]
      },
      "id": "node/2460907892"
    },
    {
      "type": "Feature",
      "properties": {
        "@id": "node/2460907894",
        "name": "Melen",
        "place": "village",
        "source": "WRI_2005"
      },
      "geometry": {
        "type": "Point",
        "coordinates": [
          12.5343416,
          2.7777338
        ]
      },
      "id": "node/2460907894"
    },
    {
      "type": "Feature",
      "properties": {
        "@id": "node/2460907897",
        "name": "Melok",
        "place": "village",
        "source": "WRI_2005"
      },
      "geometry": {
        "type": "Point",
        "coordinates": [
          12.292925,
          3.0541125
        ]
      },
      "id": "node/2460907897"
    },
    {
      "type": "Feature",
      "properties": {
        "@id": "node/2460907898",
        "name": "Melomébaé",
        "place": "village",
        "source": "WRI_2005"
      },
      "geometry": {
        "type": "Point",
        "coordinates": [
          11.8186227,
          3.359461
        ]
      },
      "id": "node/2460907898"
    },
    {
      "type": "Feature",
      "properties": {
        "@id": "node/2460907899",
        "name": "Melondo",
        "place": "village",
        "source": "WRI_2005"
      },
      "geometry": {
        "type": "Point",
        "coordinates": [
          12.4875168,
          3.4628598
        ]
      },
      "id": "node/2460907899"
    },
    {
      "type": "Feature",
      "properties": {
        "@id": "node/2460907900",
        "name": "Memgame",
        "place": "village",
        "source": "WRI_2005"
      },
      "geometry": {
        "type": "Point",
        "coordinates": [
          11.8466175,
          2.3357166
        ]
      },
      "id": "node/2460907900"
    },
    {
      "type": "Feature",
      "properties": {
        "@id": "node/2460907902",
        "name": "Memvae",
        "place": "village",
        "source": "WRI_2005"
      },
      "geometry": {
        "type": "Point",
        "coordinates": [
          12.3398211,
          2.9709913
        ]
      },
      "id": "node/2460907902"
    },
    {
      "type": "Feature",
      "properties": {
        "@id": "node/2460907903",
        "name": "Mendimtsogo",
        "place": "village",
        "source": "WRI_2005"
      },
      "geometry": {
        "type": "Point",
        "coordinates": [
          11.5185063,
          3.0556304
        ]
      },
      "id": "node/2460907903"
    },
    {
      "type": "Feature",
      "properties": {
        "@id": "node/2460907905",
        "name": "Mendo'o",
        "place": "village",
        "source": "WRI_2005"
      },
      "geometry": {
        "type": "Point",
        "coordinates": [
          12.2728277,
          3.1177729
        ]
      },
      "id": "node/2460907905"
    },
    {
      "type": "Feature",
      "properties": {
        "@id": "node/2460907907",
        "name": "Mendong",
        "place": "village",
        "source": "WRI_2005"
      },
      "geometry": {
        "type": "Point",
        "coordinates": [
          11.8640424,
          3.0999602
        ]
      },
      "id": "node/2460907907"
    },
    {
      "type": "Feature",
      "properties": {
        "@id": "node/2460907908",
        "name": "Mengama",
        "place": "village",
        "source": "WRI_2005"
      },
      "geometry": {
        "type": "Point",
        "coordinates": [
          11.5535448,
          2.349978
        ]
      },
      "id": "node/2460907908"
    },
    {
      "type": "Feature",
      "properties": {
        "@id": "node/2460907912",
        "name": "Mengbwa",
        "place": "village",
        "source": "WRI_2005"
      },
      "geometry": {
        "type": "Point",
        "coordinates": [
          11.8061416,
          3.1865552
        ]
      },
      "id": "node/2460907912"
    },
    {
      "type": "Feature",
      "properties": {
        "@id": "node/2460907915",
        "name": "Mengom",
        "place": "village",
        "source": "WRI_2005"
      },
      "geometry": {
        "type": "Point",
        "coordinates": [
          12.2041762,
          3.2583594
        ]
      },
      "id": "node/2460907915"
    },
    {
      "type": "Feature",
      "properties": {
        "@id": "node/2460907918",
        "name": "Mengon",
        "place": "village",
        "source": "WRI_2005"
      },
      "geometry": {
        "type": "Point",
        "coordinates": [
          12.2416002,
          3.0054154
        ]
      },
      "id": "node/2460907918"
    },
    {
      "type": "Feature",
      "properties": {
        "@id": "node/2460907924",
        "name": "Mengue",
        "place": "village",
        "source": "WRI_2005"
      },
      "geometry": {
        "type": "Point",
        "coordinates": [
          11.966824,
          2.8356616
        ]
      },
      "id": "node/2460907924"
    },
    {
      "type": "Feature",
      "properties": {
        "@id": "node/2460907933",
        "name": "Messak",
        "place": "village",
        "source": "WRI_2005"
      },
      "geometry": {
        "type": "Point",
        "coordinates": [
          12.0335569,
          2.7799878
        ]
      },
      "id": "node/2460907933"
    },
    {
      "type": "Feature",
      "properties": {
        "@id": "node/2460907937",
        "name": "Messam",
        "place": "village",
        "source": "WRI_2005"
      },
      "geometry": {
        "type": "Point",
        "coordinates": [
          11.7971371,
          3.3035544
        ]
      },
      "id": "node/2460907937"
    },
    {
      "type": "Feature",
      "properties": {
        "@id": "node/2460907940",
        "name": "Messambe",
        "place": "village",
        "source": "WRI_2005"
      },
      "geometry": {
        "type": "Point",
        "coordinates": [
          11.6138665,
          2.8155769
        ]
      },
      "id": "node/2460907940"
    },
    {
      "type": "Feature",
      "properties": {
        "@id": "node/2460907943",
        "name": "Messe",
        "place": "village",
        "source": "WRI_2005"
      },
      "geometry": {
        "type": "Point",
        "coordinates": [
          12.5074715,
          3.5420948
        ]
      },
      "id": "node/2460907943"
    },
    {
      "type": "Feature",
      "properties": {
        "@id": "node/2460907946",
        "name": "Messeng",
        "place": "village",
        "source": "WRI_2005"
      },
      "geometry": {
        "type": "Point",
        "coordinates": [
          12.4267893,
          3.3801296
        ]
      },
      "id": "node/2460907946"
    },
    {
      "type": "Feature",
      "properties": {
        "@id": "node/2460907955",
        "name": "Messok",
        "place": "village",
        "source": "WRI_2005"
      },
      "geometry": {
        "type": "Point",
        "coordinates": [
          12.2732743,
          3.1996382
        ]
      },
      "id": "node/2460907955"
    },
    {
      "type": "Feature",
      "properties": {
        "@id": "node/2460907958",
        "name": "Messé",
        "place": "village",
        "source": "WRI_2005"
      },
      "geometry": {
        "type": "Point",
        "coordinates": [
          12.4734501,
          3.5011943
        ]
      },
      "id": "node/2460907958"
    },
    {
      "type": "Feature",
      "properties": {
        "@id": "node/2460907964",
        "name": "Metiep",
        "place": "village",
        "source": "WRI_2005"
      },
      "geometry": {
        "type": "Point",
        "coordinates": [
          11.5809157,
          2.9935601
        ]
      },
      "id": "node/2460907964"
    },
    {
      "type": "Feature",
      "properties": {
        "@id": "node/2460907967",
        "name": "Metom",
        "place": "village",
        "source": "WRI_2005"
      },
      "geometry": {
        "type": "Point",
        "coordinates": [
          12.4569911,
          3.3830207
        ]
      },
      "id": "node/2460907967"
    },
    {
      "type": "Feature",
      "properties": {
        "@id": "node/2460907970",
        "name": "Metyikpwale",
        "place": "village",
        "source": "WRI_2005"
      },
      "geometry": {
        "type": "Point",
        "coordinates": [
          11.4915571,
          2.8534559
        ]
      },
      "id": "node/2460907970"
    },
    {
      "type": "Feature",
      "properties": {
        "@id": "node/2460907973",
        "name": "Meukaa",
        "place": "village",
        "source": "WRI_2005"
      },
      "geometry": {
        "type": "Point",
        "coordinates": [
          12.0160356,
          2.7716632
        ]
      },
      "id": "node/2460907973"
    },
    {
      "type": "Feature",
      "properties": {
        "@id": "node/2460907976",
        "name": "Meulok",
        "place": "village",
        "source": "WRI_2005"
      },
      "geometry": {
        "type": "Point",
        "coordinates": [
          12.0840998,
          2.8116433
        ]
      },
      "id": "node/2460907976"
    },
    {
      "type": "Feature",
      "properties": {
        "@id": "node/2460907979",
        "name": "Meusok",
        "place": "village",
        "source": "WRI_2005"
      },
      "geometry": {
        "type": "Point",
        "coordinates": [
          12.2460581,
          2.8301073
        ]
      },
      "id": "node/2460907979"
    },
    {
      "type": "Feature",
      "properties": {
        "@id": "node/2460907987",
        "name": "Mevous",
        "place": "village",
        "source": "WRI_2005"
      },
      "geometry": {
        "type": "Point",
        "coordinates": [
          11.4445326,
          2.5858198
        ]
      },
      "id": "node/2460907987"
    },
    {
      "type": "Feature",
      "properties": {
        "@id": "node/2460907990",
        "name": "Meyiboto",
        "place": "village",
        "source": "WRI_2005"
      },
      "geometry": {
        "type": "Point",
        "coordinates": [
          11.8257948,
          3.1392404
        ]
      },
      "id": "node/2460907990"
    },
    {
      "type": "Feature",
      "properties": {
        "@id": "node/2460907993",
        "name": "Meyila",
        "place": "village",
        "source": "WRI_2005"
      },
      "geometry": {
        "type": "Point",
        "coordinates": [
          11.8626059,
          3.1895684
        ]
      },
      "id": "node/2460907993"
    },
    {
      "type": "Feature",
      "properties": {
        "@id": "node/2460907996",
        "name": "Meyo",
        "place": "village",
        "source": "WRI_2005"
      },
      "geometry": {
        "type": "Point",
        "coordinates": [
          11.9358095,
          2.9590493
        ]
      },
      "id": "node/2460907996"
    },
    {
      "type": "Feature",
      "properties": {
        "@id": "node/2460908002",
        "name": "Meyomadjom",
        "place": "village",
        "source": "WRI_2005"
      },
      "geometry": {
        "type": "Point",
        "coordinates": [
          11.9620956,
          2.780717
        ]
      },
      "id": "node/2460908002"
    },
    {
      "type": "Feature",
      "properties": {
        "@id": "node/2460908004",
        "name": "Meyomakot",
        "place": "village",
        "source": "WRI_2005"
      },
      "geometry": {
        "type": "Point",
        "coordinates": [
          12.2746222,
          3.0252151
        ]
      },
      "id": "node/2460908004"
    },
    {
      "type": "Feature",
      "properties": {
        "@id": "node/2460908010",
        "name": "Meyos",
        "place": "village",
        "source": "WRI_2005"
      },
      "geometry": {
        "type": "Point",
        "coordinates": [
          11.690427,
          2.4147735
        ]
      },
      "id": "node/2460908010"
    },
    {
      "type": "Feature",
      "properties": {
        "@id": "node/2460908013",
        "name": "Meyos",
        "place": "village",
        "source": "WRI_2005"
      },
      "geometry": {
        "type": "Point",
        "coordinates": [
          12.137211,
          2.7812972
        ]
      },
      "id": "node/2460908013"
    },
    {
      "type": "Feature",
      "properties": {
        "@id": "node/2460908016",
        "name": "Meyos",
        "place": "village",
        "source": "WRI_2005"
      },
      "geometry": {
        "type": "Point",
        "coordinates": [
          11.7295516,
          2.9189905
        ]
      },
      "id": "node/2460908016"
    },
    {
      "type": "Feature",
      "properties": {
        "@id": "node/2460908020",
        "name": "Meyos",
        "place": "village",
        "source": "WRI_2005"
      },
      "geometry": {
        "type": "Point",
        "coordinates": [
          11.9558239,
          3.0328272
        ]
      },
      "id": "node/2460908020"
    },
    {
      "type": "Feature",
      "properties": {
        "@id": "node/2460908023",
        "name": "Meyos",
        "place": "village",
        "source": "WRI_2005"
      },
      "geometry": {
        "type": "Point",
        "coordinates": [
          12.2462265,
          3.1736894
        ]
      },
      "id": "node/2460908023"
    },
    {
      "type": "Feature",
      "properties": {
        "@id": "node/2460908027",
        "name": "Meyos",
        "place": "village",
        "source": "WRI_2005"
      },
      "geometry": {
        "type": "Point",
        "coordinates": [
          12.2274185,
          3.1907965
        ]
      },
      "id": "node/2460908027"
    },
    {
      "type": "Feature",
      "properties": {
        "@id": "node/2460908030",
        "name": "Meyos",
        "place": "village",
        "source": "WRI_2005"
      },
      "geometry": {
        "type": "Point",
        "coordinates": [
          12.1777569,
          3.2572484
        ]
      },
      "id": "node/2460908030"
    },
    {
      "type": "Feature",
      "properties": {
        "@id": "node/2460908033",
        "name": "Meza I",
        "place": "village",
        "source": "WRI_2005"
      },
      "geometry": {
        "type": "Point",
        "coordinates": [
          12.1821905,
          3.1681046
        ]
      },
      "id": "node/2460908033"
    },
    {
      "type": "Feature",
      "properties": {
        "@id": "node/2460908037",
        "name": "Meza II",
        "place": "village",
        "source": "WRI_2005"
      },
      "geometry": {
        "type": "Point",
        "coordinates": [
          12.187768,
          3.1706005
        ]
      },
      "id": "node/2460908037"
    },
    {
      "type": "Feature",
      "properties": {
        "@id": "node/2460908040",
        "name": "Mezesse",
        "place": "village",
        "source": "WRI_2005"
      },
      "geometry": {
        "type": "Point",
        "coordinates": [
          12.1476873,
          2.966545
        ]
      },
      "id": "node/2460908040"
    },
    {
      "type": "Feature",
      "properties": {
        "@id": "node/2460908048",
        "name": "Mfouladja",
        "place": "village",
        "source": "WRI_2005"
      },
      "geometry": {
        "type": "Point",
        "coordinates": [
          12.0304918,
          3.0707431
        ]
      },
      "id": "node/2460908048"
    },
    {
      "type": "Feature",
      "properties": {
        "@id": "node/2460908049",
        "name": "Mfouladja",
        "place": "village",
        "source": "WRI_2005"
      },
      "geometry": {
        "type": "Point",
        "coordinates": [
          11.8099795,
          3.1752175
        ]
      },
      "id": "node/2460908049"
    },
    {
      "type": "Feature",
      "properties": {
        "@id": "node/2460908050",
        "name": "Mfouloveng",
        "place": "village",
        "source": "WRI_2005"
      },
      "geometry": {
        "type": "Point",
        "coordinates": [
          11.8806221,
          3.0894612
        ]
      },
      "id": "node/2460908050"
    },
    {
      "type": "Feature",
      "properties": {
        "@id": "node/2460908052",
        "name": "Mimbang",
        "place": "village",
        "source": "WRI_2005"
      },
      "geometry": {
        "type": "Point",
        "coordinates": [
          12.0667246,
          2.8241796
        ]
      },
      "id": "node/2460908052"
    },
    {
      "type": "Feature",
      "properties": {
        "@id": "node/2460908053",
        "name": "Mimbang",
        "place": "village",
        "source": "WRI_2005"
      },
      "geometry": {
        "type": "Point",
        "coordinates": [
          12.1555772,
          3.2317522
        ]
      },
      "id": "node/2460908053"
    },
    {
      "type": "Feature",
      "properties": {
        "@id": "node/2460908054",
        "name": "Mimbang",
        "place": "village",
        "source": "WRI_2005"
      },
      "geometry": {
        "type": "Point",
        "coordinates": [
          12.4700679,
          3.4028182
        ]
      },
      "id": "node/2460908054"
    },
    {
      "type": "Feature",
      "properties": {
        "@id": "node/2460908057",
        "name": "Mimbo",
        "place": "village",
        "source": "WRI_2005"
      },
      "geometry": {
        "type": "Point",
        "coordinates": [
          11.9586661,
          2.9949548
        ]
      },
      "id": "node/2460908057"
    },
    {
      "type": "Feature",
      "properties": {
        "@id": "node/2460908070",
        "name": "Minkang II",
        "place": "village",
        "source": "WRI_2005"
      },
      "geometry": {
        "type": "Point",
        "coordinates": [
          12.0986726,
          2.8102447
        ]
      },
      "id": "node/2460908070"
    },
    {
      "type": "Feature",
      "properties": {
        "@id": "node/2460908074",
        "name": "Minko",
        "place": "village",
        "source": "WRI_2005"
      },
      "geometry": {
        "type": "Point",
        "coordinates": [
          12.3289788,
          3.081702
        ]
      },
      "id": "node/2460908074"
    },
    {
      "type": "Feature",
      "properties": {
        "@id": "node/2460908080",
        "name": "Minkok",
        "place": "village",
        "source": "WRI_2005"
      },
      "geometry": {
        "type": "Point",
        "coordinates": [
          11.4772428,
          2.430327
        ]
      },
      "id": "node/2460908080"
    },
    {
      "type": "Feature",
      "properties": {
        "@id": "node/2460908083",
        "name": "Minkok",
        "place": "village",
        "source": "WRI_2005"
      },
      "geometry": {
        "type": "Point",
        "coordinates": [
          11.4142475,
          3.0429023
        ]
      },
      "id": "node/2460908083"
    },
    {
      "type": "Feature",
      "properties": {
        "@id": "node/2460908095",
        "name": "Minkongo",
        "place": "village",
        "source": "WRI_2005"
      },
      "geometry": {
        "type": "Point",
        "coordinates": [
          11.8921876,
          2.5129088
        ]
      },
      "id": "node/2460908095"
    },
    {
      "type": "Feature",
      "properties": {
        "@id": "node/2460908098",
        "name": "Minkono",
        "place": "village",
        "source": "WRI_2005"
      },
      "geometry": {
        "type": "Point",
        "coordinates": [
          12.1733437,
          2.7469726
        ]
      },
      "id": "node/2460908098"
    },
    {
      "type": "Feature",
      "properties": {
        "@id": "node/2460908101",
        "name": "Minkoumou",
        "place": "village",
        "source": "WRI_2005"
      },
      "geometry": {
        "type": "Point",
        "coordinates": [
          11.9623398,
          2.3977248
        ]
      },
      "id": "node/2460908101"
    },
    {
      "type": "Feature",
      "properties": {
        "@id": "node/2460908103",
        "name": "Minkoumou",
        "place": "village",
        "source": "WRI_2005"
      },
      "geometry": {
        "type": "Point",
        "coordinates": [
          11.9471712,
          3.2443678
        ]
      },
      "id": "node/2460908103"
    },
    {
      "type": "Feature",
      "properties": {
        "@id": "node/2460908104",
        "name": "Minkpwaémioveng",
        "place": "village",
        "source": "WRI_2005"
      },
      "geometry": {
        "type": "Point",
        "coordinates": [
          11.8639024,
          2.943456
        ]
      },
      "id": "node/2460908104"
    },
    {
      "type": "Feature",
      "properties": {
        "@id": "node/2460908105",
        "name": "Minkpwele",
        "place": "village",
        "source": "WRI_2005"
      },
      "geometry": {
        "type": "Point",
        "coordinates": [
          11.4401672,
          2.8686143
        ]
      },
      "id": "node/2460908105"
    },
    {
      "type": "Feature",
      "properties": {
        "@id": "node/2460908106",
        "name": "Minla'a",
        "place": "village",
        "source": "WRI_2005"
      },
      "geometry": {
        "type": "Point",
        "coordinates": [
          12.3911661,
          3.510254
        ]
      },
      "id": "node/2460908106"
    },
    {
      "type": "Feature",
      "properties": {
        "@id": "node/2460908107",
        "name": "Minla'a",
        "place": "village",
        "source": "WRI_2005"
      },
      "geometry": {
        "type": "Point",
        "coordinates": [
          12.4825553,
          3.6616553
        ]
      },
      "id": "node/2460908107"
    },
    {
      "type": "Feature",
      "properties": {
        "@id": "node/2460908109",
        "name": "Minlamizibi",
        "place": "village",
        "source": "WRI_2005"
      },
      "geometry": {
        "type": "Point",
        "coordinates": [
          11.4114325,
          2.991607
        ]
      },
      "id": "node/2460908109"
    },
    {
      "type": "Feature",
      "properties": {
        "@id": "node/2460908111",
        "name": "Minlamizibi",
        "place": "village",
        "source": "WRI_2005"
      },
      "geometry": {
        "type": "Point",
        "coordinates": [
          11.4185467,
          3.0057763
        ]
      },
      "id": "node/2460908111"
    },
    {
      "type": "Feature",
      "properties": {
        "@id": "node/2460908113",
        "name": "Minlangmissi",
        "place": "village",
        "source": "WRI_2005"
      },
      "geometry": {
        "type": "Point",
        "coordinates": [
          11.8192785,
          2.7556029
        ]
      },
      "id": "node/2460908113"
    },
    {
      "type": "Feature",
      "properties": {
        "@id": "node/2460908115",
        "name": "Mintima",
        "place": "village",
        "source": "WRI_2005"
      },
      "geometry": {
        "type": "Point",
        "coordinates": [
          12.3487862,
          2.9760549
        ]
      },
      "id": "node/2460908115"
    },
    {
      "type": "Feature",
      "properties": {
        "@id": "node/2460908117",
        "name": "Minto'o",
        "place": "village",
        "source": "WRI_2005"
      },
      "geometry": {
        "type": "Point",
        "coordinates": [
          11.9860213,
          2.7717338
        ]
      },
      "id": "node/2460908117"
    },
    {
      "type": "Feature",
      "properties": {
        "@id": "node/2460908119",
        "name": "Mintyaminyoumin",
        "place": "village",
        "source": "WRI_2005"
      },
      "geometry": {
        "type": "Point",
        "coordinates": [
          12.0224245,
          3.0090204
        ]
      },
      "id": "node/2460908119"
    },
    {
      "type": "Feature",
      "properties": {
        "@id": "node/2460908125",
        "name": "Momebili",
        "place": "village",
        "source": "WRI_2005"
      },
      "geometry": {
        "type": "Point",
        "coordinates": [
          11.7233058,
          2.7605842
        ]
      },
      "id": "node/2460908125"
    },
    {
      "type": "Feature",
      "properties": {
        "@id": "node/2460908126",
        "name": "Momebili",
        "place": "village",
        "source": "WRI_2005"
      },
      "geometry": {
        "type": "Point",
        "coordinates": [
          11.8301046,
          2.8922696
        ]
      },
      "id": "node/2460908126"
    },
    {
      "type": "Feature",
      "properties": {
        "@id": "node/2460908127",
        "name": "Monavebe",
        "place": "village",
        "source": "WRI_2005"
      },
      "geometry": {
        "type": "Point",
        "coordinates": [
          11.9659412,
          2.923521
        ]
      },
      "id": "node/2460908127"
    },
    {
      "type": "Feature",
      "properties": {
        "@id": "node/2460908128",
        "name": "Monebikong",
        "place": "village",
        "source": "WRI_2005"
      },
      "geometry": {
        "type": "Point",
        "coordinates": [
          11.7620735,
          2.6089313
        ]
      },
      "id": "node/2460908128"
    },
    {
      "type": "Feature",
      "properties": {
        "@id": "node/2460908129",
        "name": "Moneko I",
        "place": "village",
        "source": "WRI_2005"
      },
      "geometry": {
        "type": "Point",
        "coordinates": [
          11.7415554,
          3.0369681
        ]
      },
      "id": "node/2460908129"
    },
    {
      "type": "Feature",
      "properties": {
        "@id": "node/2460908130",
        "name": "Moneko II",
        "place": "village",
        "source": "WRI_2005"
      },
      "geometry": {
        "type": "Point",
        "coordinates": [
          11.7528483,
          3.0338404
        ]
      },
      "id": "node/2460908130"
    },
    {
      "type": "Feature",
      "properties": {
        "@id": "node/2460908131",
        "name": "Moneko III",
        "place": "village",
        "source": "WRI_2005"
      },
      "geometry": {
        "type": "Point",
        "coordinates": [
          11.7547234,
          3.0264226
        ]
      },
      "id": "node/2460908131"
    },
    {
      "type": "Feature",
      "properties": {
        "@id": "node/2460908133",
        "name": "Monennam",
        "place": "village",
        "source": "WRI_2005"
      },
      "geometry": {
        "type": "Point",
        "coordinates": [
          11.9695161,
          3.2447677
        ]
      },
      "id": "node/2460908133"
    },
    {
      "type": "Feature",
      "properties": {
        "@id": "node/2460908134",
        "name": "Monékowong",
        "place": "village",
        "source": "WRI_2005"
      },
      "geometry": {
        "type": "Point",
        "coordinates": [
          11.8881902,
          2.5247866
        ]
      },
      "id": "node/2460908134"
    },
    {
      "type": "Feature",
      "properties": {
        "@id": "node/2460908135",
        "name": "Mvaamedjap Fong",
        "place": "village",
        "source": "WRI_2005"
      },
      "geometry": {
        "type": "Point",
        "coordinates": [
          11.5808823,
          3.059666
        ]
      },
      "id": "node/2460908135"
    },
    {
      "type": "Feature",
      "properties": {
        "@id": "node/2460908136",
        "name": "Mvam",
        "place": "village",
        "source": "WRI_2005"
      },
      "geometry": {
        "type": "Point",
        "coordinates": [
          12.2338272,
          2.3842547
        ]
      },
      "id": "node/2460908136"
    },
    {
      "type": "Feature",
      "properties": {
        "@id": "node/2460908137",
        "name": "Mvam",
        "place": "village",
        "source": "WRI_2005"
      },
      "geometry": {
        "type": "Point",
        "coordinates": [
          12.2570008,
          2.4288067
        ]
      },
      "id": "node/2460908137"
    },
    {
      "type": "Feature",
      "properties": {
        "@id": "node/2460908139",
        "name": "Mvanebisson",
        "place": "village",
        "source": "WRI_2005"
      },
      "geometry": {
        "type": "Point",
        "coordinates": [
          12.1761082,
          3.0233985
        ]
      },
      "id": "node/2460908139"
    },
    {
      "type": "Feature",
      "properties": {
        "@id": "node/2460908140",
        "name": "Mvangue",
        "place": "village",
        "source": "WRI_2005"
      },
      "geometry": {
        "type": "Point",
        "coordinates": [
          11.5053302,
          2.9652546
        ]
      },
      "id": "node/2460908140"
    },
    {
      "type": "Feature",
      "properties": {
        "@id": "node/2460908141",
        "name": "Mvangue",
        "place": "village",
        "source": "WRI_2005"
      },
      "geometry": {
        "type": "Point",
        "coordinates": [
          11.5004904,
          2.9703479
        ]
      },
      "id": "node/2460908141"
    },
    {
      "type": "Feature",
      "properties": {
        "@id": "node/2460908142",
        "name": "Mvia",
        "place": "village",
        "source": "WRI_2005"
      },
      "geometry": {
        "type": "Point",
        "coordinates": [
          12.2520144,
          3.046233
        ]
      },
      "id": "node/2460908142"
    },
    {
      "type": "Feature",
      "properties": {
        "@id": "node/2460908143",
        "name": "Mvo'obela",
        "place": "village",
        "source": "WRI_2005"
      },
      "geometry": {
        "type": "Point",
        "coordinates": [
          12.2414308,
          3.2817427
        ]
      },
      "id": "node/2460908143"
    },
    {
      "type": "Feature",
      "properties": {
        "@id": "node/2460908144",
        "name": "Mvo'ofon",
        "place": "village",
        "source": "WRI_2005"
      },
      "geometry": {
        "type": "Point",
        "coordinates": [
          11.8910258,
          2.9623503
        ]
      },
      "id": "node/2460908144"
    },
    {
      "type": "Feature",
      "properties": {
        "@id": "node/2460908146",
        "name": "Mvoman",
        "place": "village",
        "source": "WRI_2005"
      },
      "geometry": {
        "type": "Point",
        "coordinates": [
          11.3773457,
          2.6066692
        ]
      },
      "id": "node/2460908146"
    },
    {
      "type": "Feature",
      "properties": {
        "@id": "node/2460908147",
        "name": "Mvomeka'a",
        "place": "village",
        "source": "WRI_2005",
        "wikidata": "Q1956263"
      },
      "geometry": {
        "type": "Point",
        "coordinates": [
          12.2625923,
          3.1165182
        ]
      },
      "id": "node/2460908147"
    },
    {
      "type": "Feature",
      "properties": {
        "@id": "node/2460908148",
        "name": "Mvong",
        "place": "village",
        "source": "WRI_2005"
      },
      "geometry": {
        "type": "Point",
        "coordinates": [
          11.6495399,
          2.7975715
        ]
      },
      "id": "node/2460908148"
    },
    {
      "type": "Feature",
      "properties": {
        "@id": "node/2460908149",
        "name": "Mvoula",
        "place": "village",
        "source": "WRI_2005"
      },
      "geometry": {
        "type": "Point",
        "coordinates": [
          11.5889826,
          2.8509725
        ]
      },
      "id": "node/2460908149"
    },
    {
      "type": "Feature",
      "properties": {
        "@id": "node/2460908150",
        "name": "Mvoutessi I",
        "place": "village",
        "source": "WRI_2005"
      },
      "geometry": {
        "type": "Point",
        "coordinates": [
          11.7858895,
          3.2205094
        ]
      },
      "id": "node/2460908150"
    },
    {
      "type": "Feature",
      "properties": {
        "@id": "node/2460908152",
        "name": "Mvoutessi",
        "place": "village",
        "source": "WRI_2005"
      },
      "geometry": {
        "type": "Point",
        "coordinates": [
          11.7934326,
          3.2639987
        ]
      },
      "id": "node/2460908152"
    },
    {
      "type": "Feature",
      "properties": {
        "@id": "node/2460908154",
        "name": "Mébem",
        "place": "village",
        "source": "WRI_2005"
      },
      "geometry": {
        "type": "Point",
        "coordinates": [
          12.1593559,
          2.6655345
        ]
      },
      "id": "node/2460908154"
    },
    {
      "type": "Feature",
      "properties": {
        "@id": "node/2460908155",
        "name": "Mébemenko",
        "place": "village",
        "source": "WRI_2005"
      },
      "geometry": {
        "type": "Point",
        "coordinates": [
          12.1667983,
          2.5515151
        ]
      },
      "id": "node/2460908155"
    },
    {
      "type": "Feature",
      "properties": {
        "@id": "node/2460908156",
        "name": "Médoum",
        "place": "village",
        "source": "WRI_2005"
      },
      "geometry": {
        "type": "Point",
        "coordinates": [
          11.4221913,
          2.8707901
        ]
      },
      "id": "node/2460908156"
    },
    {
      "type": "Feature",
      "properties": {
        "@id": "node/2460908157",
        "name": "Mékok",
        "place": "village",
        "source": "WRI_2005"
      },
      "geometry": {
        "type": "Point",
        "coordinates": [
          12.3103281,
          2.8205886
        ]
      },
      "id": "node/2460908157"
    },
    {
      "type": "Feature",
      "properties": {
        "@id": "node/2460908158",
        "name": "Mékomo",
        "place": "village",
        "source": "WRI_2005"
      },
      "geometry": {
        "type": "Point",
        "coordinates": [
          12.1276417,
          2.9667
        ]
      },
      "id": "node/2460908158"
    },
    {
      "type": "Feature",
      "properties": {
        "@id": "node/2460908159",
        "name": "Mélen",
        "place": "village",
        "source": "WRI_2005"
      },
      "geometry": {
        "type": "Point",
        "coordinates": [
          11.9310849,
          3.0889938
        ]
      },
      "id": "node/2460908159"
    },
    {
      "type": "Feature",
      "properties": {
        "@id": "node/2460908162",
        "name": "Métet",
        "place": "village",
        "source": "WRI_2005"
      },
      "geometry": {
        "type": "Point",
        "coordinates": [
          12.0178984,
          2.9689025
        ]
      },
      "id": "node/2460908162"
    },
    {
      "type": "Feature",
      "properties": {
        "@id": "node/2460908163",
        "name": "Métet",
        "place": "village",
        "source": "WRI_2005"
      },
      "geometry": {
        "type": "Point",
        "coordinates": [
          12.021959,
          2.9945122
        ]
      },
      "id": "node/2460908163"
    },
    {
      "type": "Feature",
      "properties": {
        "@id": "node/2460908169",
        "name": "Nden",
        "place": "village",
        "source": "WRI_2005"
      },
      "geometry": {
        "type": "Point",
        "coordinates": [
          11.9611955,
          3.1794273
        ]
      },
      "id": "node/2460908169"
    },
    {
      "type": "Feature",
      "properties": {
        "@id": "node/2460908170",
        "name": "Ndeng",
        "place": "village",
        "source": "WRI_2005"
      },
      "geometry": {
        "type": "Point",
        "coordinates": [
          11.554679,
          2.9769876
        ]
      },
      "id": "node/2460908170"
    },
    {
      "type": "Feature",
      "properties": {
        "@id": "node/2460908171",
        "name": "Ndeng",
        "place": "village",
        "source": "WRI_2005"
      },
      "geometry": {
        "type": "Point",
        "coordinates": [
          11.5549793,
          2.9846528
        ]
      },
      "id": "node/2460908171"
    },
    {
      "type": "Feature",
      "properties": {
        "@id": "node/2460908173",
        "name": "Ndibissong",
        "place": "village",
        "source": "WRI_2005"
      },
      "geometry": {
        "type": "Point",
        "coordinates": [
          12.3476136,
          3.1858638
        ]
      },
      "id": "node/2460908173"
    },
    {
      "type": "Feature",
      "properties": {
        "@id": "node/2460908176",
        "name": "Ndja",
        "place": "village",
        "source": "WRI_2005"
      },
      "geometry": {
        "type": "Point",
        "coordinates": [
          12.398265,
          2.4364083
        ]
      },
      "id": "node/2460908176"
    },
    {
      "type": "Feature",
      "properties": {
        "@id": "node/2460908177",
        "name": "Ndjana",
        "place": "village",
        "source": "WRI_2005"
      },
      "geometry": {
        "type": "Point",
        "coordinates": [
          11.4005702,
          2.8618751
        ]
      },
      "id": "node/2460908177"
    },
    {
      "type": "Feature",
      "properties": {
        "@id": "node/2460908181",
        "name": "Ndjikom",
        "place": "village",
        "source": "WRI_2005"
      },
      "geometry": {
        "type": "Point",
        "coordinates": [
          12.367053,
          3.0579393
        ]
      },
      "id": "node/2460908181"
    },
    {
      "type": "Feature",
      "properties": {
        "@id": "node/2460908182",
        "name": "Ndjom Essaman",
        "place": "village",
        "source": "WRI_2005"
      },
      "geometry": {
        "type": "Point",
        "coordinates": [
          11.7037156,
          3.0284161
        ]
      },
      "id": "node/2460908182"
    },
    {
      "type": "Feature",
      "properties": {
        "@id": "node/2460908183",
        "name": "Ndjom Yemvak",
        "place": "village",
        "source": "WRI_2005"
      },
      "geometry": {
        "type": "Point",
        "coordinates": [
          11.941764,
          3.0733796
        ]
      },
      "id": "node/2460908183"
    },
    {
      "type": "Feature",
      "properties": {
        "@id": "node/2460908184",
        "name": "Ndjom-Esse",
        "place": "village",
        "source": "WRI_2005"
      },
      "geometry": {
        "type": "Point",
        "coordinates": [
          12.1759028,
          2.9593885
        ]
      },
      "id": "node/2460908184"
    },
    {
      "type": "Feature",
      "properties": {
        "@id": "node/2460908186",
        "alt_name": "Ndjanton",
        "name": "Ndjontom",
        "place": "village",
        "source": "WRI_2005"
      },
      "geometry": {
        "type": "Point",
        "coordinates": [
          12.0245116,
          2.8994021
        ]
      },
      "id": "node/2460908186"
    },
    {
      "type": "Feature",
      "properties": {
        "@id": "node/2460908187",
        "name": "Ndjélé",
        "place": "village",
        "source": "WRI_2005"
      },
      "geometry": {
        "type": "Point",
        "coordinates": [
          12.1746016,
          2.7049449
        ]
      },
      "id": "node/2460908187"
    },
    {
      "type": "Feature",
      "properties": {
        "@id": "node/2460908188",
        "name": "Ndonkol",
        "place": "village",
        "source": "WRI_2005"
      },
      "geometry": {
        "type": "Point",
        "coordinates": [
          12.1169437,
          3.1503835
        ]
      },
      "id": "node/2460908188"
    },
    {
      "type": "Feature",
      "properties": {
        "@id": "node/2460908189",
        "name": "Ndoundou",
        "place": "village",
        "source": "WRI_2005"
      },
      "geometry": {
        "type": "Point",
        "coordinates": [
          12.4467592,
          3.56008
        ]
      },
      "id": "node/2460908189"
    },
    {
      "type": "Feature",
      "properties": {
        "@id": "node/2460908193",
        "name": "Ndélé",
        "place": "village",
        "source": "WRI_2005"
      },
      "geometry": {
        "type": "Point",
        "coordinates": [
          11.9421306,
          3.3064725
        ]
      },
      "id": "node/2460908193"
    },
    {
      "type": "Feature",
      "properties": {
        "@id": "node/2460908194",
        "name": "Nemeyong III",
        "place": "village",
        "source": "WRI_2005"
      },
      "geometry": {
        "type": "Point",
        "coordinates": [
          11.5928259,
          2.9924442
        ]
      },
      "id": "node/2460908194"
    },
    {
      "type": "Feature",
      "properties": {
        "@id": "node/2460908196",
        "name": "Nezam",
        "place": "village",
        "source": "WRI_2005"
      },
      "geometry": {
        "type": "Point",
        "coordinates": [
          12.1011544,
          2.6096553
        ]
      },
      "id": "node/2460908196"
    },
    {
      "type": "Feature",
      "properties": {
        "@id": "node/2460908198",
        "name": "Ngam",
        "place": "village",
        "source": "WRI_2005"
      },
      "geometry": {
        "type": "Point",
        "coordinates": [
          11.7308221,
          2.3799374
        ]
      },
      "id": "node/2460908198"
    },
    {
      "type": "Feature",
      "properties": {
        "@id": "node/2460908199",
        "name": "Ngam",
        "place": "village",
        "source": "WRI_2005"
      },
      "geometry": {
        "type": "Point",
        "coordinates": [
          11.8859514,
          2.7717629
        ]
      },
      "id": "node/2460908199"
    },
    {
      "type": "Feature",
      "properties": {
        "@id": "node/2460908200",
        "name": "Ngam",
        "place": "village",
        "source": "WRI_2005"
      },
      "geometry": {
        "type": "Point",
        "coordinates": [
          11.9655103,
          2.9738974
        ]
      },
      "id": "node/2460908200"
    },
    {
      "type": "Feature",
      "properties": {
        "@id": "node/2460908202",
        "name": "Ngan",
        "place": "village",
        "source": "WRI_2005"
      },
      "geometry": {
        "type": "Point",
        "coordinates": [
          11.8732865,
          2.8910234
        ]
      },
      "id": "node/2460908202"
    },
    {
      "type": "Feature",
      "properties": {
        "@id": "node/2460908203",
        "name": "Nganga",
        "place": "village",
        "source": "WRI_2005"
      },
      "geometry": {
        "type": "Point",
        "coordinates": [
          12.2649716,
          2.9372317
        ]
      },
      "id": "node/2460908203"
    },
    {
      "type": "Feature",
      "properties": {
        "@id": "node/2460908204",
        "name": "Ngat",
        "place": "village",
        "source": "WRI_2005"
      },
      "geometry": {
        "type": "Point",
        "coordinates": [
          12.2463468,
          3.091716
        ]
      },
      "id": "node/2460908204"
    },
    {
      "type": "Feature",
      "properties": {
        "@id": "node/2460908205",
        "name": "Ngat",
        "place": "village",
        "source": "WRI_2005"
      },
      "geometry": {
        "type": "Point",
        "coordinates": [
          12.1205078,
          3.244825
        ]
      },
      "id": "node/2460908205"
    },
    {
      "type": "Feature",
      "properties": {
        "@id": "node/2460908208",
        "name": "Ngbandam",
        "place": "village",
        "source": "WRI_2005"
      },
      "geometry": {
        "type": "Point",
        "coordinates": [
          12.2128076,
          3.049012
        ]
      },
      "id": "node/2460908208"
    },
    {
      "type": "Feature",
      "properties": {
        "@id": "node/2460908209",
        "name": "Ngbwassa",
        "place": "village",
        "source": "WRI_2005"
      },
      "geometry": {
        "type": "Point",
        "coordinates": [
          12.5056781,
          2.4095637
        ]
      },
      "id": "node/2460908209"
    },
    {
      "type": "Feature",
      "properties": {
        "@id": "node/2460908211",
        "name": "Ngoassee",
        "place": "village",
        "source": "WRI_2005"
      },
      "geometry": {
        "type": "Point",
        "coordinates": [
          12.1370718,
          3.2533426
        ]
      },
      "id": "node/2460908211"
    },
    {
      "type": "Feature",
      "properties": {
        "@id": "node/2460908212",
        "name": "Ngobissong",
        "place": "village",
        "source": "WRI_2005"
      },
      "geometry": {
        "type": "Point",
        "coordinates": [
          12.4602121,
          3.4789856
        ]
      },
      "id": "node/2460908212"
    },
    {
      "type": "Feature",
      "properties": {
        "@id": "node/2460908214",
        "name": "Ngolbang",
        "place": "village",
        "source": "WRI_2005"
      },
      "geometry": {
        "type": "Point",
        "coordinates": [
          11.8174021,
          3.3160354
        ]
      },
      "id": "node/2460908214"
    },
    {
      "type": "Feature",
      "properties": {
        "@id": "node/2460908215",
        "name": "Ngom",
        "place": "village",
        "source": "WRI_2005"
      },
      "geometry": {
        "type": "Point",
        "coordinates": [
          12.0300086,
          3.0858615
        ]
      },
      "id": "node/2460908215"
    },
    {
      "type": "Feature",
      "properties": {
        "@id": "node/2460908217",
        "name": "Ngomeden",
        "place": "village",
        "source": "WRI_2005"
      },
      "geometry": {
        "type": "Point",
        "coordinates": [
          11.8123092,
          2.5722719
        ]
      },
      "id": "node/2460908217"
    },
    {
      "type": "Feature",
      "properties": {
        "@id": "node/2460908218",
        "name": "Ngomeden",
        "place": "village",
        "source": "WRI_2005"
      },
      "geometry": {
        "type": "Point",
        "coordinates": [
          11.410596,
          2.7667893
        ]
      },
      "id": "node/2460908218"
    },
    {
      "type": "Feature",
      "properties": {
        "@id": "node/2460908219",
        "name": "Ngomeyop",
        "place": "village",
        "source": "WRI_2005"
      },
      "geometry": {
        "type": "Point",
        "coordinates": [
          11.7906407,
          2.8998712
        ]
      },
      "id": "node/2460908219"
    },
    {
      "type": "Feature",
      "properties": {
        "@id": "node/2460908220",
        "name": "Ngomébae",
        "place": "village",
        "source": "WRI_2005"
      },
      "geometry": {
        "type": "Point",
        "coordinates": [
          11.7557233,
          2.7321172
        ]
      },
      "id": "node/2460908220"
    },
    {
      "type": "Feature",
      "properties": {
        "@id": "node/2460908221",
        "name": "Ngon",
        "place": "village",
        "source": "WRI_2005"
      },
      "geometry": {
        "type": "Point",
        "coordinates": [
          11.6086731,
          2.6695787
        ]
      },
      "id": "node/2460908221"
    },
    {
      "type": "Feature",
      "properties": {
        "@id": "node/2460908222",
        "name": "Ngon",
        "place": "village",
        "source": "WRI_2005"
      },
      "geometry": {
        "type": "Point",
        "coordinates": [
          11.9550887,
          3.0134028
        ]
      },
      "id": "node/2460908222"
    },
    {
      "type": "Feature",
      "properties": {
        "@id": "node/2460908223",
        "name": "Ngonébeme",
        "place": "village",
        "source": "WRI_2005"
      },
      "geometry": {
        "type": "Point",
        "coordinates": [
          12.2633595,
          3.4703389
        ]
      },
      "id": "node/2460908223"
    },
    {
      "type": "Feature",
      "properties": {
        "@id": "node/2460908227",
        "name": "Ngoudjieng",
        "place": "village",
        "source": "WRI_2005"
      },
      "geometry": {
        "type": "Point",
        "coordinates": [
          12.1880868,
          2.5075411
        ]
      },
      "id": "node/2460908227"
    },
    {
      "type": "Feature",
      "properties": {
        "@id": "node/2460908228",
        "name": "Ngougoumou II",
        "place": "village",
        "source": "WRI_2005"
      },
      "geometry": {
        "type": "Point",
        "coordinates": [
          11.7264502,
          3.1614837
        ]
      },
      "id": "node/2460908228"
    },
    {
      "type": "Feature",
      "properties": {
        "@id": "node/2460908231",
        "name": "Ngoulemekong",
        "place": "village",
        "source": "WRI_2005"
      },
      "geometry": {
        "type": "Point",
        "coordinates": [
          11.9563297,
          2.9142026
        ]
      },
      "id": "node/2460908231"
    },
    {
      "type": "Feature",
      "properties": {
        "@id": "node/2460908239",
        "name": "Ngounayos",
        "place": "village",
        "source": "WRI_2005"
      },
      "geometry": {
        "type": "Point",
        "coordinates": [
          12.4820908,
          3.4212028
        ]
      },
      "id": "node/2460908239"
    },
    {
      "type": "Feature",
      "properties": {
        "@id": "node/2460908240",
        "name": "Ngoundou",
        "place": "village",
        "source": "WRI_2005"
      },
      "geometry": {
        "type": "Point",
        "coordinates": [
          12.1453972,
          3.2153807
        ]
      },
      "id": "node/2460908240"
    },
    {
      "type": "Feature",
      "properties": {
        "@id": "node/2460908241",
        "name": "Ngoungoumou",
        "place": "village",
        "source": "WRI_2005"
      },
      "geometry": {
        "type": "Point",
        "coordinates": [
          11.7426587,
          2.9824538
        ]
      },
      "id": "node/2460908241"
    },
    {
      "type": "Feature",
      "properties": {
        "@id": "node/2460908242",
        "name": "Ngoungoumou",
        "place": "village",
        "source": "WRI_2005"
      },
      "geometry": {
        "type": "Point",
        "coordinates": [
          11.7608276,
          3.1447648
        ]
      },
      "id": "node/2460908242"
    },
    {
      "type": "Feature",
      "properties": {
        "@id": "node/2460908245",
        "name": "Nkay",
        "place": "village",
        "source": "WRI_2005"
      },
      "geometry": {
        "type": "Point",
        "coordinates": [
          12.3328062,
          3.0702942
        ]
      },
      "id": "node/2460908245"
    },
    {
      "type": "Feature",
      "properties": {
        "@id": "node/2460908246",
        "name": "Nkengou",
        "place": "village",
        "source": "WRI_2005"
      },
      "geometry": {
        "type": "Point",
        "coordinates": [
          11.7820538,
          2.5980137
        ]
      },
      "id": "node/2460908246"
    },
    {
      "type": "Feature",
      "properties": {
        "@id": "node/2460908247",
        "name": "Nkilzok",
        "place": "village",
        "source": "WRI_2005"
      },
      "geometry": {
        "type": "Point",
        "coordinates": [
          11.9517115,
          3.3467585
        ]
      },
      "id": "node/2460908247"
    },
    {
      "type": "Feature",
      "properties": {
        "@id": "node/2460908249",
        "name": "Nko",
        "place": "village",
        "source": "WRI_2005"
      },
      "geometry": {
        "type": "Point",
        "coordinates": [
          12.5988463,
          2.7539145
        ]
      },
      "id": "node/2460908249"
    },
    {
      "type": "Feature",
      "properties": {
        "@id": "node/2460908250",
        "name": "Nko",
        "place": "village",
        "source": "WRI_2005"
      },
      "geometry": {
        "type": "Point",
        "coordinates": [
          11.9231251,
          2.9593345
        ]
      },
      "id": "node/2460908250"
    },
    {
      "type": "Feature",
      "properties": {
        "@id": "node/2460908251",
        "name": "Nko",
        "place": "village",
        "source": "WRI_2005"
      },
      "geometry": {
        "type": "Point",
        "coordinates": [
          12.3213033,
          3.0763072
        ]
      },
      "id": "node/2460908251"
    },
    {
      "type": "Feature",
      "properties": {
        "@id": "node/2460908252",
        "name": "Nko'adjap I",
        "place": "village",
        "source": "WRI_2005"
      },
      "geometry": {
        "type": "Point",
        "coordinates": [
          11.3841273,
          2.6073442
        ]
      },
      "id": "node/2460908252"
    },
    {
      "type": "Feature",
      "properties": {
        "@id": "node/2460908253",
        "name": "Nko'adjap II",
        "place": "village",
        "source": "WRI_2005"
      },
      "geometry": {
        "type": "Point",
        "coordinates": [
          11.5109608,
          2.5300609
        ]
      },
      "id": "node/2460908253"
    },
    {
      "type": "Feature",
      "properties": {
        "@id": "node/2460908254",
        "name": "Nko'olong",
        "place": "village",
        "source": "WRI_2005"
      },
      "geometry": {
        "type": "Point",
        "coordinates": [
          11.5219998,
          2.4182669
        ]
      },
      "id": "node/2460908254"
    },
    {
      "type": "Feature",
      "properties": {
        "@id": "node/2460908255",
        "name": "Nko'ontonda",
        "place": "village",
        "source": "WRI_2005"
      },
      "geometry": {
        "type": "Point",
        "coordinates": [
          12.2008156,
          3.2783309
        ]
      },
      "id": "node/2460908255"
    },
    {
      "type": "Feature",
      "properties": {
        "@id": "node/2460908259",
        "name": "Nkobiyo",
        "place": "village",
        "source": "WRI_2005"
      },
      "geometry": {
        "type": "Point",
        "coordinates": [
          11.4738741,
          2.4263602
        ]
      },
      "id": "node/2460908259"
    },
    {
      "type": "Feature",
      "properties": {
        "@id": "node/2460908260",
        "name": "Nkol",
        "place": "village",
        "source": "WRI_2005"
      },
      "geometry": {
        "type": "Point",
        "coordinates": [
          11.4764864,
          3.126128
        ]
      },
      "id": "node/2460908260"
    },
    {
      "type": "Feature",
      "properties": {
        "@id": "node/2460908262",
        "name": "Nkolafendek",
        "place": "village",
        "source": "WRI_2005"
      },
      "geometry": {
        "type": "Point",
        "coordinates": [
          12.5217959,
          2.7740958
        ]
      },
      "id": "node/2460908262"
    },
    {
      "type": "Feature",
      "properties": {
        "@id": "node/2460908273",
        "name": "Nkolenyeng",
        "place": "village",
        "source": "WRI_2005"
      },
      "geometry": {
        "type": "Point",
        "coordinates": [
          11.7669594,
          2.6893941
        ]
      },
      "id": "node/2460908273"
    },
    {
      "type": "Feature",
      "properties": {
        "@id": "node/2460908274",
        "name": "Nkolessas",
        "place": "village",
        "source": "WRI_2005"
      },
      "geometry": {
        "type": "Point",
        "coordinates": [
          12.0647958,
          3.2512095
        ]
      },
      "id": "node/2460908274"
    },
    {
      "type": "Feature",
      "properties": {
        "@id": "node/2460908275",
        "name": "Nkoleyop",
        "place": "village",
        "source": "WRI_2005"
      },
      "geometry": {
        "type": "Point",
        "coordinates": [
          12.03287,
          3.1109021
        ]
      },
      "id": "node/2460908275"
    },
    {
      "type": "Feature",
      "properties": {
        "@id": "node/2460908276",
        "name": "Nkolezom",
        "place": "village",
        "source": "WRI_2005"
      },
      "geometry": {
        "type": "Point",
        "coordinates": [
          11.6509788,
          2.6870262
        ]
      },
      "id": "node/2460908276"
    },
    {
      "type": "Feature",
      "properties": {
        "@id": "node/2460908277",
        "name": "Nkolfong",
        "place": "village",
        "source": "WRI_2005"
      },
      "geometry": {
        "type": "Point",
        "coordinates": [
          11.9130855,
          3.1597821
        ]
      },
      "id": "node/2460908277"
    },
    {
      "type": "Feature",
      "properties": {
        "@id": "node/2460908278",
        "name": "Nkolkas",
        "place": "village",
        "source": "WRI_2005"
      },
      "geometry": {
        "type": "Point",
        "coordinates": [
          11.9819929,
          3.3578496
        ]
      },
      "id": "node/2460908278"
    },
    {
      "type": "Feature",
      "properties": {
        "@id": "node/2460908282",
        "name": "Nkolmekaé",
        "place": "village",
        "source": "WRI_2005"
      },
      "geometry": {
        "type": "Point",
        "coordinates": [
          12.4413527,
          3.3537907
        ]
      },
      "id": "node/2460908282"
    },
    {
      "type": "Feature",
      "properties": {
        "@id": "node/2460908284",
        "name": "Nkolmekok",
        "place": "village",
        "source": "WRI_2005"
      },
      "geometry": {
        "type": "Point",
        "coordinates": [
          12.1627781,
          2.7691755
        ]
      },
      "id": "node/2460908284"
    },
    {
      "type": "Feature",
      "properties": {
        "@id": "node/2460908285",
        "name": "Nkolmekom",
        "place": "village",
        "source": "WRI_2005"
      },
      "geometry": {
        "type": "Point",
        "coordinates": [
          11.763603,
          3.1963819
        ]
      },
      "id": "node/2460908285"
    },
    {
      "type": "Feature",
      "properties": {
        "@id": "node/2460908290",
        "name": "Nkolmveng",
        "place": "village",
        "source": "WRI_2005"
      },
      "geometry": {
        "type": "Point",
        "coordinates": [
          11.9209277,
          3.2279398
        ]
      },
      "id": "node/2460908290"
    },
    {
      "type": "Feature",
      "properties": {
        "@id": "node/2460908291",
        "name": "Nkolmveng",
        "place": "village",
        "source": "WRI_2005"
      },
      "geometry": {
        "type": "Point",
        "coordinates": [
          11.911399,
          3.2367626
        ]
      },
      "id": "node/2460908291"
    },
    {
      "type": "Feature",
      "properties": {
        "@id": "node/2460908292",
        "name": "Nkolnanga",
        "place": "village",
        "source": "WRI_2005"
      },
      "geometry": {
        "type": "Point",
        "coordinates": [
          11.8288359,
          3.1316032
        ]
      },
      "id": "node/2460908292"
    },
    {
      "type": "Feature",
      "properties": {
        "@id": "node/2460908293",
        "name": "Nkolngbwa",
        "place": "village",
        "source": "WRI_2005"
      },
      "geometry": {
        "type": "Point",
        "coordinates": [
          11.841586,
          2.9429179
        ]
      },
      "id": "node/2460908293"
    },
    {
      "type": "Feature",
      "properties": {
        "@id": "node/2460908314",
        "name": "Nkolotou'outou",
        "place": "village",
        "source": "WRI_2005"
      },
      "geometry": {
        "type": "Point",
        "coordinates": [
          12.0259732,
          3.0774031
        ]
      },
      "id": "node/2460908314"
    },
    {
      "type": "Feature",
      "properties": {
        "@id": "node/2460908319",
        "name": "Nkoléban",
        "place": "village",
        "source": "WRI_2005"
      },
      "geometry": {
        "type": "Point",
        "coordinates": [
          11.5356946,
          2.7083636
        ]
      },
      "id": "node/2460908319"
    },
    {
      "type": "Feature",
      "properties": {
        "@id": "node/2460908321",
        "name": "Nkolébengue",
        "place": "village",
        "source": "WRI_2005"
      },
      "geometry": {
        "type": "Point",
        "coordinates": [
          11.5458291,
          2.9733007
        ]
      },
      "id": "node/2460908321"
    },
    {
      "type": "Feature",
      "properties": {
        "@id": "node/2460908323",
        "name": "Nkolékon",
        "place": "village",
        "source": "WRI_2005"
      },
      "geometry": {
        "type": "Point",
        "coordinates": [
          11.5155249,
          2.3406524
        ]
      },
      "id": "node/2460908323"
    },
    {
      "type": "Feature",
      "properties": {
        "@id": "node/2460908324",
        "name": "Nkoléndam",
        "place": "village",
        "source": "WRI_2005"
      },
      "geometry": {
        "type": "Point",
        "coordinates": [
          12.2127847,
          3.2875293
        ]
      },
      "id": "node/2460908324"
    },
    {
      "type": "Feature",
      "properties": {
        "@id": "node/2460908325",
        "name": "Nkolényeng",
        "place": "village",
        "source": "WRI_2005"
      },
      "geometry": {
        "type": "Point",
        "coordinates": [
          11.9195897,
          2.4254964
        ]
      },
      "id": "node/2460908325"
    },
    {
      "type": "Feature",
      "properties": {
        "@id": "node/2460908326",
        "name": "Nkolényeng",
        "place": "village",
        "source": "WRI_2005"
      },
      "geometry": {
        "type": "Point",
        "coordinates": [
          12.5837353,
          2.4292366
        ]
      },
      "id": "node/2460908326"
    },
    {
      "type": "Feature",
      "properties": {
        "@id": "node/2460908327",
        "name": "Nkolényeng",
        "place": "village",
        "source": "WRI_2005"
      },
      "geometry": {
        "type": "Point",
        "coordinates": [
          11.5290544,
          2.7162724
        ]
      },
      "id": "node/2460908327"
    },
    {
      "type": "Feature",
      "properties": {
        "@id": "node/2460908328",
        "name": "Nkolésse",
        "place": "village",
        "source": "WRI_2005"
      },
      "geometry": {
        "type": "Point",
        "coordinates": [
          11.7303778,
          2.9730732
        ]
      },
      "id": "node/2460908328"
    },
    {
      "type": "Feature",
      "properties": {
        "@id": "node/2460908330",
        "name": "Nkomeyos",
        "place": "village",
        "source": "WRI_2005"
      },
      "geometry": {
        "type": "Point",
        "coordinates": [
          11.9646576,
          2.8098398
        ]
      },
      "id": "node/2460908330"
    },
    {
      "type": "Feature",
      "properties": {
        "@id": "node/2460908331",
        "name": "Nkomo",
        "place": "village",
        "source": "WRI_2005"
      },
      "geometry": {
        "type": "Point",
        "coordinates": [
          11.8620787,
          2.5343791
        ]
      },
      "id": "node/2460908331"
    },
    {
      "type": "Feature",
      "properties": {
        "@id": "node/2460908332",
        "name": "Nkomo",
        "place": "village",
        "source": "WRI_2005"
      },
      "geometry": {
        "type": "Point",
        "coordinates": [
          12.0648509,
          3.2356474
        ]
      },
      "id": "node/2460908332"
    },
    {
      "type": "Feature",
      "properties": {
        "@id": "node/2460908333",
        "name": "Nkon",
        "place": "village",
        "source": "WRI_2005"
      },
      "geometry": {
        "type": "Point",
        "coordinates": [
          11.5147216,
          2.7268647
        ]
      },
      "id": "node/2460908333"
    },
    {
      "type": "Feature",
      "properties": {
        "@id": "node/2460908334",
        "name": "Nkon",
        "place": "village",
        "source": "WRI_2005"
      },
      "geometry": {
        "type": "Point",
        "coordinates": [
          11.4930504,
          2.7291635
        ]
      },
      "id": "node/2460908334"
    },
    {
      "type": "Feature",
      "properties": {
        "@id": "node/2460908336",
        "name": "Nkong",
        "place": "village",
        "source": "WRI_2005"
      },
      "geometry": {
        "type": "Point",
        "coordinates": [
          12.6059477,
          2.7511382
        ]
      },
      "id": "node/2460908336"
    },
    {
      "type": "Feature",
      "properties": {
        "@id": "node/2460908338",
        "name": "Nkongmedjap",
        "place": "village",
        "source": "WRI_2005"
      },
      "geometry": {
        "type": "Point",
        "coordinates": [
          11.3887172,
          2.7816708
        ]
      },
      "id": "node/2460908338"
    },
    {
      "type": "Feature",
      "properties": {
        "@id": "node/2460908345",
        "name": "Nkonmekak",
        "place": "village",
        "source": "WRI_2005"
      },
      "geometry": {
        "type": "Point",
        "coordinates": [
          12.141197,
          3.1980705
        ]
      },
      "id": "node/2460908345"
    },
    {
      "type": "Feature",
      "properties": {
        "@id": "node/2460908346",
        "name": "Nkono",
        "place": "village",
        "source": "WRI_2005"
      },
      "geometry": {
        "type": "Point",
        "coordinates": [
          12.4350633,
          2.4056647
        ]
      },
      "id": "node/2460908346"
    },
    {
      "type": "Feature",
      "properties": {
        "@id": "node/2460908349",
        "name": "Nkoumadjap I",
        "place": "village",
        "source": "WRI_2005"
      },
      "geometry": {
        "type": "Point",
        "coordinates": [
          11.6599367,
          3.106002
        ]
      },
      "id": "node/2460908349"
    },
    {
      "type": "Feature",
      "properties": {
        "@id": "node/2460908350",
        "name": "Nkoumadjap I",
        "place": "village",
        "source": "WRI_2005"
      },
      "geometry": {
        "type": "Point",
        "coordinates": [
          11.9487204,
          3.1858392
        ]
      },
      "id": "node/2460908350"
    },
    {
      "type": "Feature",
      "properties": {
        "@id": "node/2460908351",
        "name": "Nkoumadjap II",
        "place": "village",
        "source": "WRI_2005"
      },
      "geometry": {
        "type": "Point",
        "coordinates": [
          11.6762372,
          3.116447
        ]
      },
      "id": "node/2460908351"
    },
    {
      "type": "Feature",
      "properties": {
        "@id": "node/2460908352",
        "name": "Nkoumadjap II",
        "place": "village",
        "source": "WRI_2005"
      },
      "geometry": {
        "type": "Point",
        "coordinates": [
          11.9521787,
          3.1963414
        ]
      },
      "id": "node/2460908352"
    },
    {
      "type": "Feature",
      "properties": {
        "@id": "node/2460908353",
        "name": "Nkoumadjap III",
        "place": "village",
        "source": "WRI_2005"
      },
      "geometry": {
        "type": "Point",
        "coordinates": [
          12.1284099,
          3.351703
        ]
      },
      "id": "node/2460908353"
    },
    {
      "type": "Feature",
      "properties": {
        "@id": "node/2460908354",
        "name": "Nkoundé",
        "place": "village",
        "source": "WRI_2005"
      },
      "geometry": {
        "type": "Point",
        "coordinates": [
          12.0256745,
          2.9785942
        ]
      },
      "id": "node/2460908354"
    },
    {
      "type": "Feature",
      "properties": {
        "@id": "node/2460908355",
        "name": "Nkout",
        "place": "village",
        "source": "WRI_2005"
      },
      "geometry": {
        "type": "Point",
        "coordinates": [
          12.2890596,
          3.0397573
        ]
      },
      "id": "node/2460908355"
    },
    {
      "type": "Feature",
      "properties": {
        "@id": "node/2460908356",
        "name": "Nkout",
        "place": "village",
        "source": "WRI_2005"
      },
      "geometry": {
        "type": "Point",
        "coordinates": [
          11.8531438,
          3.1104007
        ]
      },
      "id": "node/2460908356"
    },
    {
      "type": "Feature",
      "properties": {
        "@id": "node/2460908357",
        "name": "Nkout",
        "place": "village",
        "source": "WRI_2005"
      },
      "geometry": {
        "type": "Point",
        "coordinates": [
          12.0656626,
          3.135717
        ]
      },
      "id": "node/2460908357"
    },
    {
      "type": "Feature",
      "properties": {
        "@id": "node/2460908361",
        "name": "Nkpwang",
        "place": "village",
        "source": "WRI_2005"
      },
      "geometry": {
        "type": "Point",
        "coordinates": [
          11.9566866,
          3.0481557
        ]
      },
      "id": "node/2460908361"
    },
    {
      "type": "Feature",
      "properties": {
        "@id": "node/2460908362",
        "name": "Nkpwaébaé I",
        "place": "village",
        "source": "WRI_2005"
      },
      "geometry": {
        "type": "Point",
        "coordinates": [
          11.4637864,
          2.7501238
        ]
      },
      "id": "node/2460908362"
    },
    {
      "type": "Feature",
      "properties": {
        "@id": "node/2460908363",
        "name": "Nlanyop",
        "place": "village",
        "source": "WRI_2005"
      },
      "geometry": {
        "type": "Point",
        "coordinates": [
          11.6621228,
          3.0917842
        ]
      },
      "id": "node/2460908363"
    },
    {
      "type": "Feature",
      "properties": {
        "@id": "node/2460908364",
        "name": "Nlanyop",
        "place": "village",
        "source": "WRI_2005"
      },
      "geometry": {
        "type": "Point",
        "coordinates": [
          11.9417491,
          3.2517433
        ]
      },
      "id": "node/2460908364"
    },
    {
      "type": "Feature",
      "properties": {
        "@id": "node/2460908365",
        "name": "Nloubessa Boulou",
        "place": "village",
        "source": "WRI_2005"
      },
      "geometry": {
        "type": "Point",
        "coordinates": [
          11.6636941,
          2.7811208
        ]
      },
      "id": "node/2460908365"
    },
    {
      "type": "Feature",
      "properties": {
        "@id": "node/2460908366",
        "name": "Nloubessa Fang",
        "place": "village",
        "source": "WRI_2005"
      },
      "geometry": {
        "type": "Point",
        "coordinates": [
          11.4219376,
          2.5890586
        ]
      },
      "id": "node/2460908366"
    },
    {
      "type": "Feature",
      "properties": {
        "@id": "node/2460908367",
        "name": "Nloup",
        "place": "village",
        "source": "WRI_2005"
      },
      "geometry": {
        "type": "Point",
        "coordinates": [
          11.9549676,
          3.0021448
        ]
      },
      "id": "node/2460908367"
    },
    {
      "type": "Feature",
      "properties": {
        "@id": "node/2460908368",
        "name": "Nnemeyong I",
        "place": "village",
        "source": "WRI_2005"
      },
      "geometry": {
        "type": "Point",
        "coordinates": [
          12.3036552,
          3.1473416
        ]
      },
      "id": "node/2460908368"
    },
    {
      "type": "Feature",
      "properties": {
        "@id": "node/2460908369",
        "name": "Nnémeyong",
        "place": "village",
        "source": "WRI_2005"
      },
      "geometry": {
        "type": "Point",
        "coordinates": [
          11.9131173,
          2.4714142
        ]
      },
      "id": "node/2460908369"
    },
    {
      "type": "Feature",
      "properties": {
        "@id": "node/2460908370",
        "name": "Nremeyong II",
        "place": "village",
        "source": "WRI_2005"
      },
      "geometry": {
        "type": "Point",
        "coordinates": [
          12.2551511,
          3.17458
        ]
      },
      "id": "node/2460908370"
    },
    {
      "type": "Feature",
      "properties": {
        "@id": "node/2460908374",
        "name": "Nselang",
        "place": "village",
        "source": "WRI_2005"
      },
      "geometry": {
        "type": "Point",
        "coordinates": [
          11.5805721,
          2.8450764
        ]
      },
      "id": "node/2460908374"
    },
    {
      "type": "Feature",
      "properties": {
        "@id": "node/2460908375",
        "name": "Nsendom",
        "place": "village",
        "source": "WRI_2005"
      },
      "geometry": {
        "type": "Point",
        "coordinates": [
          11.535041,
          2.5104401
        ]
      },
      "id": "node/2460908375"
    },
    {
      "type": "Feature",
      "properties": {
        "@id": "node/2460908377",
        "name": "Nsimalen II",
        "place": "village",
        "source": "WRI_2005"
      },
      "geometry": {
        "type": "Point",
        "coordinates": [
          11.858456,
          3.1050529
        ]
      },
      "id": "node/2460908377"
    },
    {
      "type": "Feature",
      "properties": {
        "@id": "node/2460908378",
        "name": "Nsimalen",
        "place": "village",
        "source": "WRI_2005"
      },
      "geometry": {
        "type": "Point",
        "coordinates": [
          11.9201315,
          3.0897123
        ]
      },
      "id": "node/2460908378"
    },
    {
      "type": "Feature",
      "properties": {
        "@id": "node/2460908382",
        "name": "Nsélang",
        "place": "village",
        "source": "WRI_2005"
      },
      "geometry": {
        "type": "Point",
        "coordinates": [
          11.8116078,
          2.9519177
        ]
      },
      "id": "node/2460908382"
    },
    {
      "type": "Feature",
      "properties": {
        "@id": "node/2460908387",
        "name": "Ntoumba",
        "place": "village",
        "source": "WRI_2005"
      },
      "geometry": {
        "type": "Point",
        "coordinates": [
          11.4122847,
          3.0226052
        ]
      },
      "id": "node/2460908387"
    },
    {
      "type": "Feature",
      "properties": {
        "@id": "node/2460908388",
        "name": "Ntoutakoung",
        "place": "village",
        "source": "WRI_2005"
      },
      "geometry": {
        "type": "Point",
        "coordinates": [
          11.9064267,
          3.0948675
        ]
      },
      "id": "node/2460908388"
    },
    {
      "type": "Feature",
      "properties": {
        "@id": "node/2460908389",
        "name": "Nvamvende",
        "place": "village",
        "source": "WRI_2005"
      },
      "geometry": {
        "type": "Point",
        "coordinates": [
          11.4860968,
          3.0805316
        ]
      },
      "id": "node/2460908389"
    },
    {
      "type": "Feature",
      "properties": {
        "@id": "node/2460908391",
        "name": "Nyabibété",
        "place": "village",
        "source": "WRI_2005"
      },
      "geometry": {
        "type": "Point",
        "coordinates": [
          12.5723343,
          2.759432
        ]
      },
      "id": "node/2460908391"
    },
    {
      "type": "Feature",
      "properties": {
        "@id": "node/2460908393",
        "name": "Nyazanga",
        "place": "village",
        "source": "WRI_2005"
      },
      "geometry": {
        "type": "Point",
        "coordinates": [
          11.5711563,
          2.4840534
        ]
      },
      "id": "node/2460908393"
    },
    {
      "type": "Feature",
      "properties": {
        "@id": "node/2460908394",
        "name": "Nyazanga",
        "place": "village",
        "source": "WRI_2005"
      },
      "geometry": {
        "type": "Point",
        "coordinates": [
          12.0471908,
          2.8309013
        ]
      },
      "id": "node/2460908394"
    },
    {
      "type": "Feature",
      "properties": {
        "@id": "node/2460908395",
        "name": "Nyengue",
        "place": "village",
        "source": "WRI_2005"
      },
      "geometry": {
        "type": "Point",
        "coordinates": [
          11.5287245,
          2.9612379
        ]
      },
      "id": "node/2460908395"
    },
    {
      "type": "Feature",
      "properties": {
        "@id": "node/2460908401",
        "name": "Nélefoup",
        "place": "village",
        "source": "WRI_2005"
      },
      "geometry": {
        "type": "Point",
        "coordinates": [
          11.7572586,
          2.6269224
        ]
      },
      "id": "node/2460908401"
    },
    {
      "type": "Feature",
      "properties": {
        "@id": "node/2460908405",
        "name": "Némeyong",
        "place": "village",
        "source": "WRI_2005"
      },
      "geometry": {
        "type": "Point",
        "coordinates": [
          11.545399,
          2.9567291
        ]
      },
      "id": "node/2460908405"
    },
    {
      "type": "Feature",
      "properties": {
        "@id": "node/2460908408",
        "name": "Néméyong",
        "place": "village",
        "source": "WRI_2005"
      },
      "geometry": {
        "type": "Point",
        "coordinates": [
          12.3211073,
          2.9633301
        ]
      },
      "id": "node/2460908408"
    },
    {
      "type": "Feature",
      "properties": {
        "@id": "node/2460908429",
        "name": "Oding",
        "place": "village",
        "source": "WRI_2005"
      },
      "geometry": {
        "type": "Point",
        "coordinates": [
          12.4544454,
          2.7675909
        ]
      },
      "id": "node/2460908429"
    },
    {
      "type": "Feature",
      "properties": {
        "@id": "node/2460908439",
        "name": "Okodé",
        "place": "village",
        "source": "WRI_2005"
      },
      "geometry": {
        "type": "Point",
        "coordinates": [
          11.9184845,
          3.4066855
        ]
      },
      "id": "node/2460908439"
    },
    {
      "type": "Feature",
      "properties": {
        "@id": "node/2460908446",
        "name": "Okpweng Ngoé",
        "place": "village",
        "source": "WRI_2005"
      },
      "geometry": {
        "type": "Point",
        "coordinates": [
          11.610431,
          2.4634934
        ]
      },
      "id": "node/2460908446"
    },
    {
      "type": "Feature",
      "properties": {
        "@id": "node/2460908449",
        "name": "Okpweng",
        "place": "village",
        "source": "WRI_2005"
      },
      "geometry": {
        "type": "Point",
        "coordinates": [
          11.5577094,
          2.8469753
        ]
      },
      "id": "node/2460908449"
    },
    {
      "type": "Feature",
      "properties": {
        "@id": "node/2460908453",
        "name": "Olembe",
        "place": "village",
        "source": "WRI_2005"
      },
      "geometry": {
        "type": "Point",
        "coordinates": [
          12.4525888,
          3.5666664
        ]
      },
      "id": "node/2460908453"
    },
    {
      "type": "Feature",
      "properties": {
        "@id": "node/2460908455",
        "name": "Olong",
        "place": "village",
        "source": "WRI_2005"
      },
      "geometry": {
        "type": "Point",
        "coordinates": [
          12.0489196,
          3.1203356
        ]
      },
      "id": "node/2460908455"
    },
    {
      "type": "Feature",
      "properties": {
        "@id": "node/2460908459",
        "name": "Ondondo",
        "place": "village",
        "source": "WRI_2005"
      },
      "geometry": {
        "type": "Point",
        "coordinates": [
          11.6665114,
          2.6731177
        ]
      },
      "id": "node/2460908459"
    },
    {
      "type": "Feature",
      "properties": {
        "@id": "node/2460908460",
        "name": "Ondondo",
        "place": "village",
        "source": "WRI_2005"
      },
      "geometry": {
        "type": "Point",
        "coordinates": [
          12.0329184,
          3.1027305
        ]
      },
      "id": "node/2460908460"
    },
    {
      "type": "Feature",
      "properties": {
        "@id": "node/2460908463",
        "name": "Ongol",
        "place": "village",
        "source": "WRI_2005"
      },
      "geometry": {
        "type": "Point",
        "coordinates": [
          11.4718334,
          2.7411465
        ]
      },
      "id": "node/2460908463"
    },
    {
      "type": "Feature",
      "properties": {
        "@id": "node/2460908464",
        "name": "Ongolzok",
        "place": "village",
        "source": "WRI_2005"
      },
      "geometry": {
        "type": "Point",
        "coordinates": [
          12.3746029,
          3.4937822
        ]
      },
      "id": "node/2460908464"
    },
    {
      "type": "Feature",
      "properties": {
        "@id": "node/2460908465",
        "name": "Ongongo",
        "place": "village",
        "source": "WRI_2005"
      },
      "geometry": {
        "type": "Point",
        "coordinates": [
          11.6701715,
          3.1651871
        ]
      },
      "id": "node/2460908465"
    },
    {
      "type": "Feature",
      "properties": {
        "@id": "node/2460908466",
        "name": "Ongongoo",
        "place": "village",
        "source": "WRI_2005"
      },
      "geometry": {
        "type": "Point",
        "coordinates": [
          12.2105898,
          3.1789128
        ]
      },
      "id": "node/2460908466"
    },
    {
      "type": "Feature",
      "properties": {
        "@id": "node/2460908467",
        "name": "Onon",
        "place": "village",
        "source": "WRI_2005"
      },
      "geometry": {
        "type": "Point",
        "coordinates": [
          12.4579607,
          2.3952475
        ]
      },
      "id": "node/2460908467"
    },
    {
      "type": "Feature",
      "properties": {
        "@id": "node/2460908473",
        "name": "Otontyam",
        "place": "village",
        "source": "WRI_2005"
      },
      "geometry": {
        "type": "Point",
        "coordinates": [
          11.8148351,
          3.1694397
        ]
      },
      "id": "node/2460908473"
    },
    {
      "type": "Feature",
      "properties": {
        "@id": "node/2460908475",
        "name": "Otou",
        "place": "village",
        "source": "WRI_2005"
      },
      "geometry": {
        "type": "Point",
        "coordinates": [
          11.8615974,
          2.3289017
        ]
      },
      "id": "node/2460908475"
    },
    {
      "type": "Feature",
      "properties": {
        "@id": "node/2460908477",
        "name": "Oveng Yémevong",
        "place": "village",
        "source": "WRI_2005"
      },
      "geometry": {
        "type": "Point",
        "coordinates": [
          11.8300476,
          2.9557444
        ]
      },
      "id": "node/2460908477"
    },
    {
      "type": "Feature",
      "properties": {
        "@id": "node/2460908478",
        "name": "Oveng",
        "note": "rank=0 car commune",
        "place": "town",
        "rank": "0",
        "source": "WRI_2005"
      },
      "geometry": {
        "type": "Point",
        "coordinates": [
          11.6771939,
          2.9857791
        ]
      },
      "id": "node/2460908478"
    },
    {
      "type": "Feature",
      "properties": {
        "@id": "node/2460908479",
        "name": "Oveng",
        "place": "village",
        "source": "WRI_2005"
      },
      "geometry": {
        "type": "Point",
        "coordinates": [
          11.7230238,
          3.0342041
        ]
      },
      "id": "node/2460908479"
    },
    {
      "type": "Feature",
      "properties": {
        "@id": "node/2460908480",
        "name": "Oveng",
        "place": "village",
        "source": "WRI_2005"
      },
      "geometry": {
        "type": "Point",
        "coordinates": [
          11.9019021,
          3.1059897
        ]
      },
      "id": "node/2460908480"
    },
    {
      "type": "Feature",
      "properties": {
        "@id": "node/2460908481",
        "name": "Oveng",
        "place": "village",
        "source": "WRI_2005"
      },
      "geometry": {
        "type": "Point",
        "coordinates": [
          11.735671,
          3.1317575
        ]
      },
      "id": "node/2460908481"
    },
    {
      "type": "Feature",
      "properties": {
        "@id": "node/2460908482",
        "name": "Oveng",
        "place": "village",
        "source": "WRI_2005"
      },
      "geometry": {
        "type": "Point",
        "coordinates": [
          11.8664475,
          3.2727111
        ]
      },
      "id": "node/2460908482"
    },
    {
      "type": "Feature",
      "properties": {
        "@id": "node/2460908483",
        "name": "Ovensi",
        "place": "village",
        "source": "WRI_2005"
      },
      "geometry": {
        "type": "Point",
        "coordinates": [
          12.131073,
          3.1915721
        ]
      },
      "id": "node/2460908483"
    },
    {
      "type": "Feature",
      "properties": {
        "@id": "node/2460908484",
        "name": "Oyak",
        "place": "village",
        "source": "WRI_2005"
      },
      "geometry": {
        "type": "Point",
        "coordinates": [
          11.6856926,
          3.1651059
        ]
      },
      "id": "node/2460908484"
    },
    {
      "type": "Feature",
      "properties": {
        "@id": "node/2460908485",
        "name": "Samari",
        "place": "village",
        "source": "WRI_2005"
      },
      "geometry": {
        "type": "Point",
        "coordinates": [
          12.3435059,
          3.0603301
        ]
      },
      "id": "node/2460908485"
    },
    {
      "type": "Feature",
      "properties": {
        "@id": "node/2460908486",
        "name": "Sas",
        "place": "village",
        "source": "WRI_2005"
      },
      "geometry": {
        "type": "Point",
        "coordinates": [
          11.9347809,
          2.7696719
        ]
      },
      "id": "node/2460908486"
    },
    {
      "type": "Feature",
      "properties": {
        "@id": "node/2460908493",
        "name": "Tatching",
        "place": "village",
        "source": "WRI_2005"
      },
      "geometry": {
        "type": "Point",
        "coordinates": [
          12.2476211,
          2.9410235
        ]
      },
      "id": "node/2460908493"
    },
    {
      "type": "Feature",
      "properties": {
        "@id": "node/2460908494",
        "name": "Tekmo",
        "place": "village",
        "source": "WRI_2005"
      },
      "geometry": {
        "type": "Point",
        "coordinates": [
          12.0894243,
          3.1480085
        ]
      },
      "id": "node/2460908494"
    },
    {
      "type": "Feature",
      "properties": {
        "@id": "node/2460908495",
        "name": "Teng II",
        "place": "village",
        "source": "WRI_2005"
      },
      "geometry": {
        "type": "Point",
        "coordinates": [
          12.2862094,
          3.3801109
        ]
      },
      "id": "node/2460908495"
    },
    {
      "type": "Feature",
      "properties": {
        "@id": "node/2460908497",
        "name": "Ting",
        "place": "village",
        "source": "WRI_2005"
      },
      "geometry": {
        "type": "Point",
        "coordinates": [
          11.8739605,
          3.2248924
        ]
      },
      "id": "node/2460908497"
    },
    {
      "type": "Feature",
      "properties": {
        "@id": "node/2460908503",
        "name": "Tsizok",
        "place": "village",
        "source": "WRI_2005"
      },
      "geometry": {
        "type": "Point",
        "coordinates": [
          12.3077931,
          3.4379343
        ]
      },
      "id": "node/2460908503"
    },
    {
      "type": "Feature",
      "properties": {
        "@id": "node/2460908505",
        "name": "Yekombo",
        "place": "village",
        "source": "WRI_2005"
      },
      "geometry": {
        "type": "Point",
        "coordinates": [
          12.1492687,
          3.1573425
        ]
      },
      "id": "node/2460908505"
    },
    {
      "type": "Feature",
      "properties": {
        "@id": "node/2460908506",
        "name": "Yem Yémfek",
        "place": "village",
        "source": "WRI_2005"
      },
      "geometry": {
        "type": "Point",
        "coordinates": [
          11.5684955,
          2.9793907
        ]
      },
      "id": "node/2460908506"
    },
    {
      "type": "Feature",
      "properties": {
        "@id": "node/2460908507",
        "name": "Yem",
        "place": "village",
        "source": "WRI_2005"
      },
      "geometry": {
        "type": "Point",
        "coordinates": [
          11.733283,
          3.171181
        ]
      },
      "id": "node/2460908507"
    },
    {
      "type": "Feature",
      "properties": {
        "@id": "node/2460908508",
        "name": "Yem",
        "place": "village",
        "source": "WRI_2005"
      },
      "geometry": {
        "type": "Point",
        "coordinates": [
          12.1064103,
          3.3059891
        ]
      },
      "id": "node/2460908508"
    },
    {
      "type": "Feature",
      "properties": {
        "@id": "node/2460908510",
        "name": "Yemeyeme I",
        "place": "village",
        "source": "WRI_2005"
      },
      "geometry": {
        "type": "Point",
        "coordinates": [
          12.2625879,
          3.4800526
        ]
      },
      "id": "node/2460908510"
    },
    {
      "type": "Feature",
      "properties": {
        "@id": "node/2460908511",
        "name": "Yemeyeme II",
        "place": "village",
        "source": "WRI_2005"
      },
      "geometry": {
        "type": "Point",
        "coordinates": [
          12.3352403,
          3.4205495
        ]
      },
      "id": "node/2460908511"
    },
    {
      "type": "Feature",
      "properties": {
        "@id": "node/2460908513",
        "name": "Yop",
        "place": "village",
        "source": "WRI_2005"
      },
      "geometry": {
        "type": "Point",
        "coordinates": [
          11.4157027,
          3.0619383
        ]
      },
      "id": "node/2460908513"
    },
    {
      "type": "Feature",
      "properties": {
        "@id": "node/2460908515",
        "name": "Yos",
        "place": "village",
        "source": "WRI_2005"
      },
      "geometry": {
        "type": "Point",
        "coordinates": [
          12.2342155,
          2.98516
        ]
      },
      "id": "node/2460908515"
    },
    {
      "type": "Feature",
      "properties": {
        "@id": "node/2460908516",
        "name": "Yékomba",
        "place": "village",
        "source": "WRI_2005"
      },
      "geometry": {
        "type": "Point",
        "coordinates": [
          12.2959311,
          3.4020616
        ]
      },
      "id": "node/2460908516"
    },
    {
      "type": "Feature",
      "properties": {
        "@id": "node/2460908518",
        "name": "Zeléngang",
        "place": "village",
        "source": "WRI_2005"
      },
      "geometry": {
        "type": "Point",
        "coordinates": [
          12.2531426,
          3.3416347
        ]
      },
      "id": "node/2460908518"
    },
    {
      "type": "Feature",
      "properties": {
        "@id": "node/2460908520",
        "name": "Zo'ebefam",
        "place": "village",
        "source": "WRI_2005"
      },
      "geometry": {
        "type": "Point",
        "coordinates": [
          11.8322696,
          2.5735207
        ]
      },
      "id": "node/2460908520"
    },
    {
      "type": "Feature",
      "properties": {
        "@id": "node/2460908521",
        "name": "Zo'ébefam",
        "place": "village",
        "source": "WRI_2005"
      },
      "geometry": {
        "type": "Point",
        "coordinates": [
          11.7184887,
          2.7679261
        ]
      },
      "id": "node/2460908521"
    },
    {
      "type": "Feature",
      "properties": {
        "@id": "node/2460908525",
        "name": "Zoetele",
        "place": "village",
        "source": "WRI_2005"
      },
      "geometry": {
        "type": "Point",
        "coordinates": [
          11.8024734,
          3.19886
        ]
      },
      "id": "node/2460908525"
    },
    {
      "type": "Feature",
      "properties": {
        "@id": "node/2460908527",
        "name": "Zouameyong",
        "place": "village",
        "source": "WRI_2005"
      },
      "geometry": {
        "type": "Point",
        "coordinates": [
          11.9793227,
          3.1696146
        ]
      },
      "id": "node/2460908527"
    },
    {
      "type": "Feature",
      "properties": {
        "@id": "node/2460908528",
        "name": "Zouameyong",
        "place": "village",
        "source": "WRI_2005"
      },
      "geometry": {
        "type": "Point",
        "coordinates": [
          12.2456149,
          3.3202173
        ]
      },
      "id": "node/2460908528"
    },
    {
      "type": "Feature",
      "properties": {
        "@id": "node/2460908530",
        "name": "Zouloubot",
        "place": "village",
        "source": "WRI_2005"
      },
      "geometry": {
        "type": "Point",
        "coordinates": [
          11.8486256,
          3.1835769
        ]
      },
      "id": "node/2460908530"
    },
    {
      "type": "Feature",
      "properties": {
        "@id": "node/2460908531",
        "name": "Zoum",
        "place": "village",
        "source": "WRI_2005"
      },
      "geometry": {
        "type": "Point",
        "coordinates": [
          11.9408856,
          3.0617265
        ]
      },
      "id": "node/2460908531"
    },
    {
      "type": "Feature",
      "properties": {
        "@id": "node/2460908532",
        "name": "Zoumeyoo",
        "place": "village",
        "source": "WRI_2005"
      },
      "geometry": {
        "type": "Point",
        "coordinates": [
          12.3444587,
          3.2104722
        ]
      },
      "id": "node/2460908532"
    },
    {
      "type": "Feature",
      "properties": {
        "@id": "node/2460908533",
        "name": "Zoébefam",
        "place": "village",
        "source": "WRI_2005"
      },
      "geometry": {
        "type": "Point",
        "coordinates": [
          11.7016863,
          2.9551121
        ]
      },
      "id": "node/2460908533"
    },
    {
      "type": "Feature",
      "properties": {
        "@id": "node/2460908534",
        "name": "Zoétélé",
        "place": "village",
        "source": "WRI_2005"
      },
      "geometry": {
        "type": "Point",
        "coordinates": [
          12.1298316,
          2.3878077
        ]
      },
      "id": "node/2460908534"
    },
    {
      "type": "Feature",
      "properties": {
        "@id": "node/2461069249",
        "name": "Lolodorf",
        "note": "rank=0 car commune",
        "place": "town",
        "rank": "0",
        "wikidata": "Q324195"
      },
      "geometry": {
        "type": "Point",
        "coordinates": [
          10.7279641,
          3.2340753
        ]
      },
      "id": "node/2461069249"
    },
    {
      "type": "Feature",
      "properties": {
        "@id": "node/2461915707",
        "name": "Aboélone",
        "place": "village",
        "source": "WRI_2005"
      },
      "geometry": {
        "type": "Point",
        "coordinates": [
          12.6420164,
          2.6965339
        ]
      },
      "id": "node/2461915707"
    },
    {
      "type": "Feature",
      "properties": {
        "@id": "node/2461915718",
        "name": "Akom-Zamane",
        "place": "village",
        "source": "WRI_2005"
      },
      "geometry": {
        "type": "Point",
        "coordinates": [
          12.7116134,
          2.6716901
        ]
      },
      "id": "node/2461915718"
    },
    {
      "type": "Feature",
      "properties": {
        "@id": "node/2461915719",
        "name": "Akomvoo",
        "place": "village",
        "source": "WRI_2005"
      },
      "geometry": {
        "type": "Point",
        "coordinates": [
          13.0713116,
          2.7266542
        ]
      },
      "id": "node/2461915719"
    },
    {
      "type": "Feature",
      "properties": {
        "@id": "node/2461915720",
        "name": "Akonetyé",
        "place": "village",
        "source": "WRI_2005"
      },
      "geometry": {
        "type": "Point",
        "coordinates": [
          13.003462,
          2.7007458
        ]
      },
      "id": "node/2461915720"
    },
    {
      "type": "Feature",
      "properties": {
        "@id": "node/2461915721",
        "name": "Akonotangan",
        "place": "village",
        "source": "WRI_2005"
      },
      "geometry": {
        "type": "Point",
        "coordinates": [
          12.7106665,
          2.3621354
        ]
      },
      "id": "node/2461915721"
    },
    {
      "type": "Feature",
      "properties": {
        "@id": "node/2461915722",
        "name": "Akontangan",
        "place": "village",
        "source": "WRI_2005"
      },
      "geometry": {
        "type": "Point",
        "coordinates": [
          13.2888144,
          2.5726534
        ]
      },
      "id": "node/2461915722"
    },
    {
      "type": "Feature",
      "properties": {
        "@id": "node/2461915732",
        "name": "Alati",
        "place": "village",
        "source": "WRI_2005"
      },
      "geometry": {
        "type": "Point",
        "coordinates": [
          13.404088,
          2.1978057
        ]
      },
      "id": "node/2461915732"
    },
    {
      "type": "Feature",
      "properties": {
        "@id": "node/2461915733",
        "name": "Alop",
        "place": "village",
        "source": "WRI_2005"
      },
      "geometry": {
        "type": "Point",
        "coordinates": [
          13.0375637,
          2.7187948
        ]
      },
      "id": "node/2461915733"
    },
    {
      "type": "Feature",
      "properties": {
        "@id": "node/2461915764",
        "name": "Aveubé",
        "place": "village",
        "source": "WRI_2005"
      },
      "geometry": {
        "type": "Point",
        "coordinates": [
          12.9086967,
          2.6881211
        ]
      },
      "id": "node/2461915764"
    },
    {
      "type": "Feature",
      "properties": {
        "@id": "node/2461915767",
        "name": "Avobengon",
        "place": "village",
        "source": "WRI_2005"
      },
      "geometry": {
        "type": "Point",
        "coordinates": [
          12.879976,
          2.6692382
        ]
      },
      "id": "node/2461915767"
    },
    {
      "type": "Feature",
      "properties": {
        "@id": "node/2461915778",
        "name": "Ayéné",
        "place": "village",
        "source": "WRI_2005"
      },
      "geometry": {
        "type": "Point",
        "coordinates": [
          12.6718281,
          2.5519509
        ]
      },
      "id": "node/2461915778"
    },
    {
      "type": "Feature",
      "properties": {
        "@id": "node/2461915820",
        "name": "Bi",
        "place": "village",
        "source": "WRI_2005"
      },
      "geometry": {
        "type": "Point",
        "coordinates": [
          13.3556837,
          2.7819372
        ]
      },
      "id": "node/2461915820"
    },
    {
      "type": "Feature",
      "properties": {
        "@id": "node/2461915830",
        "name": "Bindom",
        "place": "village",
        "source": "WRI_2005"
      },
      "geometry": {
        "type": "Point",
        "coordinates": [
          13.2273197,
          2.683186
        ]
      },
      "id": "node/2461915830"
    },
    {
      "type": "Feature",
      "properties": {
        "@id": "node/2461915831",
        "name": "Bindoumba",
        "place": "village",
        "source": "WRI_2005"
      },
      "geometry": {
        "type": "Point",
        "coordinates": [
          12.6755007,
          2.4912369
        ]
      },
      "id": "node/2461915831"
    },
    {
      "type": "Feature",
      "properties": {
        "@id": "node/2461915905",
        "name": "Djop",
        "place": "village",
        "source": "WRI_2005"
      },
      "geometry": {
        "type": "Point",
        "coordinates": [
          12.661045,
          2.6008297
        ]
      },
      "id": "node/2461915905"
    },
    {
      "type": "Feature",
      "properties": {
        "@id": "node/2461915909",
        "name": "Djouze",
        "place": "village",
        "source": "WRI_2005"
      },
      "geometry": {
        "type": "Point",
        "coordinates": [
          12.6330407,
          2.726964
        ]
      },
      "id": "node/2461915909"
    },
    {
      "type": "Feature",
      "properties": {
        "@id": "node/2461915922",
        "name": "Doum I",
        "place": "village",
        "source": "WRI_2005"
      },
      "geometry": {
        "type": "Point",
        "coordinates": [
          12.6616571,
          2.5825353
        ]
      },
      "id": "node/2461915922"
    },
    {
      "type": "Feature",
      "properties": {
        "@id": "node/2461915923",
        "name": "Doum II",
        "place": "village",
        "source": "WRI_2005"
      },
      "geometry": {
        "type": "Point",
        "coordinates": [
          12.6615363,
          2.5744538
        ]
      },
      "id": "node/2461915923"
    },
    {
      "type": "Feature",
      "properties": {
        "@id": "node/2461915938",
        "name": "Efoulan",
        "place": "village",
        "source": "WRI_2005"
      },
      "geometry": {
        "type": "Point",
        "coordinates": [
          12.7715389,
          2.6498981
        ]
      },
      "id": "node/2461915938"
    },
    {
      "type": "Feature",
      "properties": {
        "@id": "node/2461915946",
        "name": "Elleng",
        "place": "village",
        "source": "WRI_2005"
      },
      "geometry": {
        "type": "Point",
        "coordinates": [
          12.7332847,
          2.6595702
        ]
      },
      "id": "node/2461915946"
    },
    {
      "type": "Feature",
      "properties": {
        "@id": "node/2461915947",
        "name": "Endengé",
        "place": "village",
        "source": "WRI_2005"
      },
      "geometry": {
        "type": "Point",
        "coordinates": [
          12.6436064,
          2.6851362
        ]
      },
      "id": "node/2461915947"
    },
    {
      "type": "Feature",
      "properties": {
        "@id": "node/2461915949",
        "name": "Esingili",
        "place": "village",
        "source": "WRI_2005"
      },
      "geometry": {
        "type": "Point",
        "coordinates": [
          13.0510719,
          2.7212923
        ]
      },
      "id": "node/2461915949"
    },
    {
      "type": "Feature",
      "properties": {
        "@id": "node/2461915953",
        "name": "Essong",
        "place": "village",
        "source": "WRI_2005"
      },
      "geometry": {
        "type": "Point",
        "coordinates": [
          12.6610561,
          2.5234179
        ]
      },
      "id": "node/2461915953"
    },
    {
      "type": "Feature",
      "properties": {
        "@id": "node/2461915993",
        "name": "Kana",
        "place": "village",
        "source": "WRI_2005"
      },
      "geometry": {
        "type": "Point",
        "coordinates": [
          13.3923815,
          2.2078251
        ]
      },
      "id": "node/2461915993"
    },
    {
      "type": "Feature",
      "properties": {
        "@id": "node/2461916035",
        "name": "Koungoulou",
        "place": "village",
        "source": "WRI_2005"
      },
      "geometry": {
        "type": "Point",
        "coordinates": [
          13.1294642,
          2.69746
        ]
      },
      "id": "node/2461916035"
    },
    {
      "type": "Feature",
      "properties": {
        "@id": "node/2461916083",
        "name": "Lélé",
        "place": "village",
        "source": "WRI_2005",
        "wikidata": "Q6710973"
      },
      "geometry": {
        "type": "Point",
        "coordinates": [
          13.3249946,
          2.2894473
        ]
      },
      "id": "node/2461916083"
    },
    {
      "type": "Feature",
      "properties": {
        "@id": "node/2461916198",
        "alt_name": "Mboméla",
        "name": "Mboméka",
        "place": "village",
        "source": "WRI_2005"
      },
      "geometry": {
        "type": "Point",
        "coordinates": [
          13.0583034,
          2.724818
        ]
      },
      "id": "node/2461916198"
    },
    {
      "type": "Feature",
      "properties": {
        "@id": "node/2461916218",
        "name": "Meban",
        "place": "village",
        "source": "WRI_2005"
      },
      "geometry": {
        "type": "Point",
        "coordinates": [
          12.6889657,
          2.4594189
        ]
      },
      "id": "node/2461916218"
    },
    {
      "type": "Feature",
      "properties": {
        "@id": "node/2461916224",
        "name": "Mekotto",
        "place": "village",
        "source": "WRI_2005"
      },
      "geometry": {
        "type": "Point",
        "coordinates": [
          13.1006359,
          2.7227651
        ]
      },
      "id": "node/2461916224"
    },
    {
      "type": "Feature",
      "properties": {
        "@id": "node/2461916249",
        "name": "Meyos-Obam",
        "place": "village",
        "source": "WRI_2005"
      },
      "geometry": {
        "type": "Point",
        "coordinates": [
          12.7378314,
          2.6539372
        ]
      },
      "id": "node/2461916249"
    },
    {
      "type": "Feature",
      "properties": {
        "@id": "node/2461916250",
        "name": "Mfem",
        "place": "village",
        "source": "WRI_2005"
      },
      "geometry": {
        "type": "Point",
        "coordinates": [
          12.6705816,
          2.5421862
        ]
      },
      "id": "node/2461916250"
    },
    {
      "type": "Feature",
      "properties": {
        "@id": "node/2461916254",
        "name": "Miatta",
        "place": "village",
        "source": "WRI_2005"
      },
      "geometry": {
        "type": "Point",
        "coordinates": [
          12.6278085,
          2.7319747
        ]
      },
      "id": "node/2461916254"
    },
    {
      "type": "Feature",
      "properties": {
        "@id": "node/2461916264",
        "name": "Mendoung",
        "place": "village",
        "source": "WRI_2005"
      },
      "geometry": {
        "type": "Point",
        "coordinates": [
          12.7631105,
          2.655244
        ]
      },
      "id": "node/2461916264"
    },
    {
      "type": "Feature",
      "properties": {
        "@id": "node/2461916270",
        "name": "Minko'o",
        "place": "village",
        "source": "WRI_2005"
      },
      "geometry": {
        "type": "Point",
        "coordinates": [
          12.6601935,
          2.6348803
        ]
      },
      "id": "node/2461916270"
    },
    {
      "type": "Feature",
      "properties": {
        "@id": "node/2461916271",
        "name": "Minkongmésang",
        "place": "village",
        "source": "WRI_2005"
      },
      "geometry": {
        "type": "Point",
        "coordinates": [
          12.9963272,
          2.7066106
        ]
      },
      "id": "node/2461916271"
    },
    {
      "type": "Feature",
      "properties": {
        "@id": "node/2461916313",
        "name": "Mélen-Zamane",
        "place": "village",
        "source": "WRI_2005"
      },
      "geometry": {
        "type": "Point",
        "coordinates": [
          13.0282568,
          2.7123863
        ]
      },
      "id": "node/2461916313"
    },
    {
      "type": "Feature",
      "properties": {
        "@id": "node/2461916314",
        "name": "Mésam",
        "place": "village",
        "source": "WRI_2005"
      },
      "geometry": {
        "type": "Point",
        "coordinates": [
          12.9637748,
          2.7149169
        ]
      },
      "id": "node/2461916314"
    },
    {
      "type": "Feature",
      "properties": {
        "@id": "node/2461916317",
        "name": "Méyos Méla",
        "place": "village",
        "source": "WRI_2005"
      },
      "geometry": {
        "type": "Point",
        "coordinates": [
          12.951688,
          2.7139629
        ]
      },
      "id": "node/2461916317"
    },
    {
      "type": "Feature",
      "properties": {
        "@id": "node/2461916336",
        "name": "Ndoumdoum",
        "place": "village",
        "source": "WRI_2005"
      },
      "geometry": {
        "type": "Point",
        "coordinates": [
          13.2862574,
          2.609444
        ]
      },
      "id": "node/2461916336"
    },
    {
      "type": "Feature",
      "properties": {
        "@id": "node/2461916386",
        "name": "Nkan",
        "place": "village",
        "source": "WRI_2005"
      },
      "geometry": {
        "type": "Point",
        "coordinates": [
          12.6739632,
          2.6615011
        ]
      },
      "id": "node/2461916386"
    },
    {
      "type": "Feature",
      "properties": {
        "@id": "node/2461916394",
        "name": "Nkolomboula",
        "place": "village",
        "source": "WRI_2005"
      },
      "geometry": {
        "type": "Point",
        "coordinates": [
          13.3319808,
          2.7072805
        ]
      },
      "id": "node/2461916394"
    },
    {
      "type": "Feature",
      "properties": {
        "@id": "node/2461916443",
        "name": "Okpweng",
        "place": "village",
        "source": "WRI_2005"
      },
      "geometry": {
        "type": "Point",
        "coordinates": [
          12.618124,
          2.4271995
        ]
      },
      "id": "node/2461916443"
    },
    {
      "type": "Feature",
      "properties": {
        "@id": "node/2461916444",
        "name": "Ottong-Mbong",
        "place": "village",
        "source": "WRI_2005"
      },
      "geometry": {
        "type": "Point",
        "coordinates": [
          12.8419152,
          2.6711921
        ]
      },
      "id": "node/2461916444"
    },
    {
      "type": "Feature",
      "properties": {
        "@id": "node/2461916524",
        "name": "Yen",
        "place": "village",
        "source": "WRI_2005"
      },
      "geometry": {
        "type": "Point",
        "coordinates": [
          12.6693672,
          2.4353106
        ]
      },
      "id": "node/2461916524"
    },
    {
      "type": "Feature",
      "properties": {
        "@id": "node/2461916535",
        "name": "Zo'Otou 1",
        "place": "village",
        "source": "WRI_2005"
      },
      "geometry": {
        "type": "Point",
        "coordinates": [
          13.1647732,
          2.6842153
        ]
      },
      "id": "node/2461916535"
    },
    {
      "type": "Feature",
      "properties": {
        "@id": "node/2461916536",
        "name": "Zoetou II",
        "place": "village",
        "source": "WRI_2005"
      },
      "geometry": {
        "type": "Point",
        "coordinates": [
          13.3608724,
          2.7572479
        ]
      },
      "id": "node/2461916536"
    },
    {
      "type": "Feature",
      "properties": {
        "@id": "node/2461916537",
        "name": "Zoula",
        "place": "village",
        "source": "WRI_2005"
      },
      "geometry": {
        "type": "Point",
        "coordinates": [
          13.3830039,
          2.2144961
        ]
      },
      "id": "node/2461916537"
    },
    {
      "type": "Feature",
      "properties": {
        "@id": "node/2461916544",
        "name": "Zoulaméyong",
        "place": "village",
        "source": "WRI_2005"
      },
      "geometry": {
        "type": "Point",
        "coordinates": [
          13.3414663,
          2.716873
        ]
      },
      "id": "node/2461916544"
    },
    {
      "type": "Feature",
      "properties": {
        "@id": "node/2461916545",
        "name": "Zoulaméyong",
        "place": "village",
        "source": "WRI_2005"
      },
      "geometry": {
        "type": "Point",
        "coordinates": [
          13.3586751,
          2.772651
        ]
      },
      "id": "node/2461916545"
    },
    {
      "type": "Feature",
      "properties": {
        "@id": "node/2461916547",
        "name": "Zoebefam",
        "place": "village",
        "source": "WRI_2005"
      },
      "geometry": {
        "type": "Point",
        "coordinates": [
          13.3490057,
          2.7329647
        ]
      },
      "id": "node/2461916547"
    },
    {
      "type": "Feature",
      "properties": {
        "@id": "node/2461916549",
        "name": "Zé",
        "place": "village",
        "source": "WRI_2005"
      },
      "geometry": {
        "type": "Point",
        "coordinates": [
          13.3022896,
          2.7089235
        ]
      },
      "id": "node/2461916549"
    },
    {
      "type": "Feature",
      "properties": {
        "@id": "node/2788768913",
        "name": "Eboudavaé",
        "place": "village"
      },
      "geometry": {
        "type": "Point",
        "coordinates": [
          9.9657903,
          3.1145119
        ]
      },
      "id": "node/2788768913"
    },
    {
      "type": "Feature",
      "properties": {
        "@id": "node/3037750531",
        "name": "Aboelon",
        "place": "village"
      },
      "geometry": {
        "type": "Point",
        "coordinates": [
          11.8433009,
          2.643217
        ]
      },
      "id": "node/3037750531"
    },
    {
      "type": "Feature",
      "properties": {
        "@id": "node/3037750532",
        "name": "Adjou'ou",
        "place": "village"
      },
      "geometry": {
        "type": "Point",
        "coordinates": [
          11.3687392,
          2.2713349
        ]
      },
      "id": "node/3037750532"
    },
    {
      "type": "Feature",
      "properties": {
        "@id": "node/3037751233",
        "name": "Akak",
        "place": "village"
      },
      "geometry": {
        "type": "Point",
        "coordinates": [
          9.9649529,
          2.376353
        ]
      },
      "id": "node/3037751233"
    },
    {
      "type": "Feature",
      "properties": {
        "@id": "node/3037751234",
        "alt_name": "Aconangui",
        "alt_name:es": "Aconangui",
        "name": "Akonangui",
        "name:es": "Akonangui",
        "place": "village"
      },
      "geometry": {
        "type": "Point",
        "coordinates": [
          11.3422249,
          2.2133447
        ]
      },
      "id": "node/3037751234"
    },
    {
      "type": "Feature",
      "properties": {
        "@id": "node/3037751235",
        "name": "Akountangane",
        "place": "village"
      },
      "geometry": {
        "type": "Point",
        "coordinates": [
          12.6604869,
          2.6181288
        ]
      },
      "id": "node/3037751235"
    },
    {
      "type": "Feature",
      "properties": {
        "@id": "node/3037751237",
        "name": "Andjek I",
        "place": "village"
      },
      "geometry": {
        "type": "Point",
        "coordinates": [
          11.8580141,
          2.6333071
        ]
      },
      "id": "node/3037751237"
    },
    {
      "type": "Feature",
      "properties": {
        "@id": "node/3037751238",
        "name": "Andjek Ii",
        "place": "village"
      },
      "geometry": {
        "type": "Point",
        "coordinates": [
          11.872003,
          2.625079
        ]
      },
      "id": "node/3037751238"
    },
    {
      "type": "Feature",
      "properties": {
        "@id": "node/3037751239",
        "name": "Andjek Iii",
        "place": "village"
      },
      "geometry": {
        "type": "Point",
        "coordinates": [
          11.8867028,
          2.617916
        ]
      },
      "id": "node/3037751239"
    },
    {
      "type": "Feature",
      "properties": {
        "@id": "node/3037751240",
        "name": "Andjek Iv",
        "place": "village"
      },
      "geometry": {
        "type": "Point",
        "coordinates": [
          11.8925381,
          2.6153821
        ]
      },
      "id": "node/3037751240"
    },
    {
      "type": "Feature",
      "properties": {
        "@id": "node/3037751241",
        "name": "Ata'antem",
        "place": "village"
      },
      "geometry": {
        "type": "Point",
        "coordinates": [
          11.0400642,
          2.2529039
        ]
      },
      "id": "node/3037751241"
    },
    {
      "type": "Feature",
      "properties": {
        "@id": "node/3037751256",
        "name": "Bile Bila",
        "place": "village"
      },
      "geometry": {
        "type": "Point",
        "coordinates": [
          11.1198949,
          2.177662
        ]
      },
      "id": "node/3037751256"
    },
    {
      "type": "Feature",
      "properties": {
        "@id": "node/3037751257",
        "name": "Bilik Bi Yama",
        "place": "village"
      },
      "geometry": {
        "type": "Point",
        "coordinates": [
          11.2357487,
          2.3551022
        ]
      },
      "id": "node/3037751257"
    },
    {
      "type": "Feature",
      "properties": {
        "@id": "node/3037751258",
        "name": "Bimengue",
        "place": "village"
      },
      "geometry": {
        "type": "Point",
        "coordinates": [
          11.774356,
          2.6836863
        ]
      },
      "id": "node/3037751258"
    },
    {
      "type": "Feature",
      "properties": {
        "@id": "node/3037751262",
        "name": "Biyii",
        "place": "village"
      },
      "geometry": {
        "type": "Point",
        "coordinates": [
          11.055065,
          2.2070101
        ]
      },
      "id": "node/3037751262"
    },
    {
      "type": "Feature",
      "properties": {
        "@id": "node/3037751286",
        "name": "Doum",
        "place": "village"
      },
      "geometry": {
        "type": "Point",
        "coordinates": [
          12.6618142,
          2.589471
        ]
      },
      "id": "node/3037751286"
    },
    {
      "type": "Feature",
      "properties": {
        "@id": "node/3037751288",
        "name": "Ebinemeyong",
        "place": "village"
      },
      "geometry": {
        "type": "Point",
        "coordinates": [
          10.3544292,
          2.4177108
        ]
      },
      "id": "node/3037751288"
    },
    {
      "type": "Feature",
      "properties": {
        "@id": "node/3037751294",
        "name": "Endengue",
        "place": "village"
      },
      "geometry": {
        "type": "Point",
        "coordinates": [
          12.0853375,
          2.6080222
        ]
      },
      "id": "node/3037751294"
    },
    {
      "type": "Feature",
      "properties": {
        "@id": "node/3037751439",
        "name": "Mbe",
        "place": "village"
      },
      "geometry": {
        "type": "Point",
        "coordinates": [
          11.067858,
          2.196576
        ]
      },
      "id": "node/3037751439"
    },
    {
      "type": "Feature",
      "properties": {
        "@id": "node/3037751454",
        "name": "Mebo'ongoe",
        "place": "village"
      },
      "geometry": {
        "type": "Point",
        "coordinates": [
          11.977722,
          2.586821
        ]
      },
      "id": "node/3037751454"
    },
    {
      "type": "Feature",
      "properties": {
        "@id": "node/3037751455",
        "name": "Medjo Koumou",
        "place": "village"
      },
      "geometry": {
        "type": "Point",
        "coordinates": [
          11.1118252,
          2.197184
        ]
      },
      "id": "node/3037751455"
    },
    {
      "type": "Feature",
      "properties": {
        "@id": "node/3037751456",
        "name": "Meka'a",
        "place": "village"
      },
      "geometry": {
        "type": "Point",
        "coordinates": [
          11.082074,
          2.214567
        ]
      },
      "id": "node/3037751456"
    },
    {
      "type": "Feature",
      "properties": {
        "@id": "node/3037751459",
        "name": "Mekomo II",
        "place": "village"
      },
      "geometry": {
        "type": "Point",
        "coordinates": [
          11.2418447,
          2.2146196
        ]
      },
      "id": "node/3037751459"
    },
    {
      "type": "Feature",
      "properties": {
        "@id": "node/3037751460",
        "name": "Melen",
        "place": "village"
      },
      "geometry": {
        "type": "Point",
        "coordinates": [
          12.6639129,
          2.612596
        ]
      },
      "id": "node/3037751460"
    },
    {
      "type": "Feature",
      "properties": {
        "@id": "node/3037751463",
        "name": "Messi Messi",
        "place": "village"
      },
      "geometry": {
        "type": "Point",
        "coordinates": [
          11.4974251,
          2.3088711
        ]
      },
      "id": "node/3037751463"
    },
    {
      "type": "Feature",
      "properties": {
        "@id": "node/3037751464",
        "name": "Metou",
        "place": "village"
      },
      "geometry": {
        "type": "Point",
        "coordinates": [
          11.1942537,
          2.2368272
        ]
      },
      "id": "node/3037751464"
    },
    {
      "type": "Feature",
      "properties": {
        "@id": "node/3037751465",
        "name": "Meyo Nkoulou",
        "place": "village"
      },
      "geometry": {
        "type": "Point",
        "coordinates": [
          11.3427754,
          2.2721058
        ]
      },
      "id": "node/3037751465"
    },
    {
      "type": "Feature",
      "properties": {
        "@id": "node/3037751466",
        "name": "Meyontem",
        "place": "village"
      },
      "geometry": {
        "type": "Point",
        "coordinates": [
          10.6029859,
          2.3600688
        ]
      },
      "id": "node/3037751466"
    },
    {
      "type": "Feature",
      "properties": {
        "@id": "node/3037751467",
        "name": "Mfoulekok",
        "place": "village"
      },
      "geometry": {
        "type": "Point",
        "coordinates": [
          11.1845182,
          2.3511751
        ]
      },
      "id": "node/3037751467"
    },
    {
      "type": "Feature",
      "properties": {
        "@id": "node/3037751470",
        "name": "Mintyene I",
        "place": "village"
      },
      "geometry": {
        "type": "Point",
        "coordinates": [
          11.8047949,
          2.68114
        ]
      },
      "id": "node/3037751470"
    },
    {
      "type": "Feature",
      "properties": {
        "@id": "node/3037751471",
        "name": "Mintyene Ii",
        "place": "village"
      },
      "geometry": {
        "type": "Point",
        "coordinates": [
          11.818242,
          2.6713411
        ]
      },
      "id": "node/3037751471"
    },
    {
      "type": "Feature",
      "properties": {
        "@id": "node/3037751478",
        "name": "Mvangan",
        "note": "rank=0 car commune",
        "place": "town",
        "rank": "0",
        "wikidata": "Q12698639"
      },
      "geometry": {
        "type": "Point",
        "coordinates": [
          11.740054,
          2.6563456
        ]
      },
      "id": "node/3037751478"
    },
    {
      "type": "Feature",
      "properties": {
        "@id": "node/3037751479",
        "name": "Mveazoum",
        "place": "village"
      },
      "geometry": {
        "type": "Point",
        "coordinates": [
          12.0366389,
          2.607414
        ]
      },
      "id": "node/3037751479"
    },
    {
      "type": "Feature",
      "properties": {
        "@id": "node/3037751480",
        "name": "Mvini",
        "place": "village"
      },
      "geometry": {
        "type": "Point",
        "coordinates": [
          10.1042791,
          2.37295
        ]
      },
      "id": "node/3037751480"
    },
    {
      "type": "Feature",
      "properties": {
        "@id": "node/3037751485",
        "name": "Ndanga I",
        "place": "village"
      },
      "geometry": {
        "type": "Point",
        "coordinates": [
          12.0041392,
          2.592983
        ]
      },
      "id": "node/3037751485"
    },
    {
      "type": "Feature",
      "properties": {
        "@id": "node/3037751486",
        "name": "Ndanga Ii",
        "place": "village"
      },
      "geometry": {
        "type": "Point",
        "coordinates": [
          12.010905,
          2.601116
        ]
      },
      "id": "node/3037751486"
    },
    {
      "type": "Feature",
      "properties": {
        "@id": "node/3037751488",
        "name": "Ndick",
        "place": "village"
      },
      "geometry": {
        "type": "Point",
        "coordinates": [
          11.907,
          2.6102791
        ]
      },
      "id": "node/3037751488"
    },
    {
      "type": "Feature",
      "properties": {
        "@id": "node/3037751489",
        "name": "Ndong",
        "place": "village"
      },
      "geometry": {
        "type": "Point",
        "coordinates": [
          11.088284,
          2.32721
        ]
      },
      "id": "node/3037751489"
    },
    {
      "type": "Feature",
      "properties": {
        "@id": "node/3037751499",
        "name": "Nkine Vele",
        "place": "village"
      },
      "geometry": {
        "type": "Point",
        "coordinates": [
          11.0940599,
          2.211964
        ]
      },
      "id": "node/3037751499"
    },
    {
      "type": "Feature",
      "properties": {
        "@id": "node/3037751500",
        "alt_name": "Nko'elon",
        "name": "Nkol Elon",
        "place": "village"
      },
      "geometry": {
        "type": "Point",
        "coordinates": [
          10.04377,
          2.3964639
        ]
      },
      "id": "node/3037751500"
    },
    {
      "type": "Feature",
      "properties": {
        "@id": "node/3037751501",
        "name": "Nsezang",
        "place": "village"
      },
      "geometry": {
        "type": "Point",
        "coordinates": [
          11.1864517,
          2.2154397
        ]
      },
      "id": "node/3037751501"
    },
    {
      "type": "Feature",
      "properties": {
        "@id": "node/3037751503",
        "alt_name": "Nyabizan",
        "name": "Nyabessan",
        "place": "village"
      },
      "geometry": {
        "type": "Point",
        "coordinates": [
          10.3962844,
          2.4080801
        ]
      },
      "id": "node/3037751503"
    },
    {
      "type": "Feature",
      "properties": {
        "@id": "node/3037751506",
        "name": "Ongozok",
        "place": "village"
      },
      "geometry": {
        "type": "Point",
        "coordinates": [
          11.2024147,
          2.2479019
        ]
      },
      "id": "node/3037751506"
    },
    {
      "type": "Feature",
      "properties": {
        "@id": "node/3037751510",
        "name": "Oveng",
        "place": "village",
        "wikidata": "Q7113345"
      },
      "geometry": {
        "type": "Point",
        "coordinates": [
          11.122256,
          2.337213
        ]
      },
      "id": "node/3037751510"
    },
    {
      "type": "Feature",
      "properties": {
        "@id": "node/3037751511",
        "name": "Oyem I",
        "place": "village"
      },
      "geometry": {
        "type": "Point",
        "coordinates": [
          12.0742391,
          2.602064
        ]
      },
      "id": "node/3037751511"
    },
    {
      "type": "Feature",
      "properties": {
        "@id": "node/3037751512",
        "name": "Oyem Ii",
        "place": "village"
      },
      "geometry": {
        "type": "Point",
        "coordinates": [
          12.0625582,
          2.6081101
        ]
      },
      "id": "node/3037751512"
    },
    {
      "type": "Feature",
      "properties": {
        "@id": "node/3037751634",
        "name": "Zaminkan",
        "place": "village"
      },
      "geometry": {
        "type": "Point",
        "coordinates": [
          11.2502419,
          2.3553371
        ]
      },
      "id": "node/3037751634"
    },
    {
      "type": "Feature",
      "properties": {
        "@id": "node/3037843851",
        "name": "Assok",
        "place": "village"
      },
      "geometry": {
        "type": "Point",
        "coordinates": [
          10.5792728,
          3.0596719
        ]
      },
      "id": "node/3037843851"
    },
    {
      "type": "Feature",
      "properties": {
        "@id": "node/3037843864",
        "name": "Bera",
        "place": "village"
      },
      "geometry": {
        "type": "Point",
        "coordinates": [
          10.1954133,
          3.2952891
        ]
      },
      "id": "node/3037843864"
    },
    {
      "type": "Feature",
      "properties": {
        "@id": "node/3037843872",
        "alt_name": "Bongwana",
        "name": "Bongouana",
        "place": "village"
      },
      "geometry": {
        "type": "Point",
        "coordinates": [
          10.4192445,
          3.0585794
        ]
      },
      "id": "node/3037843872"
    },
    {
      "type": "Feature",
      "properties": {
        "@id": "node/3037843878",
        "name": "Ebiminbang",
        "place": "village"
      },
      "geometry": {
        "type": "Point",
        "coordinates": [
          10.463486,
          3.042716
        ]
      },
      "id": "node/3037843878"
    },
    {
      "type": "Feature",
      "properties": {
        "@id": "node/3037843883",
        "name": "Nsimalen",
        "place": "village"
      },
      "geometry": {
        "type": "Point",
        "coordinates": [
          10.0830374,
          3.2997636
        ]
      },
      "id": "node/3037843883"
    },
    {
      "type": "Feature",
      "properties": {
        "@id": "node/3037843889",
        "name": "Malomba",
        "place": "village"
      },
      "geometry": {
        "type": "Point",
        "coordinates": [
          10.4264039,
          2.989125
        ]
      },
      "id": "node/3037843889"
    },
    {
      "type": "Feature",
      "properties": {
        "@id": "node/3037843894",
        "name": "Melen",
        "place": "village"
      },
      "geometry": {
        "type": "Point",
        "coordinates": [
          10.5267481,
          3.0495469
        ]
      },
      "id": "node/3037843894"
    },
    {
      "type": "Feature",
      "properties": {
        "@id": "node/3037843895",
        "name": "Mémèl I",
        "place": "village"
      },
      "geometry": {
        "type": "Point",
        "coordinates": [
          10.3913067,
          3.1335698
        ]
      },
      "id": "node/3037843895"
    },
    {
      "type": "Feature",
      "properties": {
        "@id": "node/3037843909",
        "name": "Nsola",
        "place": "village"
      },
      "geometry": {
        "type": "Point",
        "coordinates": [
          10.4325908,
          3.2400749
        ]
      },
      "id": "node/3037843909"
    },
    {
      "type": "Feature",
      "properties": {
        "@id": "node/3037843911",
        "alt_name": "Nyé été;Nyé'été",
        "name": "Niété",
        "note": "rank=0 car commune",
        "place": "town",
        "rank": "0"
      },
      "geometry": {
        "type": "Point",
        "coordinates": [
          10.0570812,
          2.7152674
        ]
      },
      "id": "node/3037843911"
    },
    {
      "type": "Feature",
      "properties": {
        "@id": "node/3037843916",
        "name": "Tyngo",
        "place": "village"
      },
      "geometry": {
        "type": "Point",
        "coordinates": [
          10.400252,
          3.051809
        ]
      },
      "id": "node/3037843916"
    },
    {
      "type": "Feature",
      "properties": {
        "@id": "node/3106691013",
        "name": "Mabenanga",
        "place": "village",
        "source": "IGN"
      },
      "geometry": {
        "type": "Point",
        "coordinates": [
          9.9532297,
          2.8066165
        ]
      },
      "id": "node/3106691013"
    },
    {
      "type": "Feature",
      "properties": {
        "@id": "node/3276336634",
        "name": "Nkôlsabe",
        "place": "village"
      },
      "geometry": {
        "type": "Point",
        "coordinates": [
          12.5241108,
          3.2406642
        ]
      },
      "id": "node/3276336634"
    },
    {
      "type": "Feature",
      "properties": {
        "@id": "node/3502571565",
        "name": "Idolo",
        "place": "village"
      },
      "geometry": {
        "type": "Point",
        "coordinates": [
          9.9384709,
          3.1776008
        ]
      },
      "id": "node/3502571565"
    },
    {
      "type": "Feature",
      "properties": {
        "@id": "node/3502571566",
        "name": "Ondja",
        "place": "village"
      },
      "geometry": {
        "type": "Point",
        "coordinates": [
          9.9340164,
          3.1902144
        ]
      },
      "id": "node/3502571566"
    },
    {
      "type": "Feature",
      "properties": {
        "@id": "node/3502579019",
        "name": "Nyengueloukan",
        "place": "village"
      },
      "geometry": {
        "type": "Point",
        "coordinates": [
          9.974968,
          3.067438
        ]
      },
      "id": "node/3502579019"
    },
    {
      "type": "Feature",
      "properties": {
        "@id": "node/3629279714",
        "name": "Mangongo",
        "place": "village"
      },
      "geometry": {
        "type": "Point",
        "coordinates": [
          9.9578,
          3.15565
        ]
      },
      "id": "node/3629279714"
    },
    {
      "type": "Feature",
      "properties": {
        "@id": "node/3813705810",
        "name": "Medjang",
        "place": "village",
        "source": "WRI_2005"
      },
      "geometry": {
        "type": "Point",
        "coordinates": [
          12.3099608,
          2.4293719
        ]
      },
      "id": "node/3813705810"
    },
    {
      "type": "Feature",
      "properties": {
        "@id": "node/4349819114",
        "name": "Lohendje",
        "place": "village"
      },
      "geometry": {
        "type": "Point",
        "coordinates": [
          9.8507237,
          2.6595383
        ]
      },
      "id": "node/4349819114"
    },
    {
      "type": "Feature",
      "properties": {
        "@id": "node/4352831937",
        "name": "Odin Oto",
        "place": "village"
      },
      "geometry": {
        "type": "Point",
        "coordinates": [
          10.8053311,
          2.7584196
        ]
      },
      "id": "node/4352831937"
    },
    {
      "type": "Feature",
      "properties": {
        "@id": "node/4402548218",
        "name": "Bengbis",
        "note": "rank=0 car commune",
        "place": "town",
        "rank": "0",
        "wikidata": "Q4887722"
      },
      "geometry": {
        "type": "Point",
        "coordinates": [
          12.446328,
          3.444016
        ]
      },
      "id": "node/4402548218"
    },
    {
      "type": "Feature",
      "properties": {
        "@id": "node/4471512098",
        "name": "Mveng",
        "place": "village",
        "source": "WRI_2005"
      },
      "geometry": {
        "type": "Point",
        "coordinates": [
          12.6213003,
          2.7495659
        ]
      },
      "id": "node/4471512098"
    },
    {
      "type": "Feature",
      "properties": {
        "@id": "node/4713333268",
        "name": "Lokoundjé",
        "place": "village"
      },
      "geometry": {
        "type": "Point",
        "coordinates": [
          9.9294428,
          3.2130265
        ]
      },
      "id": "node/4713333268"
    },
    {
      "type": "Feature",
      "properties": {
        "@id": "node/5020556894",
        "name": "Bissombo",
        "place": "village"
      },
      "geometry": {
        "type": "Point",
        "coordinates": [
          12.4726931,
          3.2827389
        ]
      },
      "id": "node/5020556894"
    },
    {
      "type": "Feature",
      "properties": {
        "@id": "node/5020577548",
        "name": "Ngalemedjap",
        "place": "village"
      },
      "geometry": {
        "type": "Point",
        "coordinates": [
          12.4686134,
          3.3357047
        ]
      },
      "id": "node/5020577548"
    },
    {
      "type": "Feature",
      "properties": {
        "@id": "node/5020577549",
        "name": "Nyabizou",
        "place": "village"
      },
      "geometry": {
        "type": "Point",
        "coordinates": [
          12.4663603,
          3.3177321
        ]
      },
      "id": "node/5020577549"
    },
    {
      "type": "Feature",
      "properties": {
        "@id": "node/5020577834",
        "name": "Nsimalen",
        "place": "village"
      },
      "geometry": {
        "type": "Point",
        "coordinates": [
          12.5254869,
          3.2359407
        ]
      },
      "id": "node/5020577834"
    },
    {
      "type": "Feature",
      "properties": {
        "@id": "node/5020577835",
        "name": "Nkôlembambe",
        "place": "village"
      },
      "geometry": {
        "type": "Point",
        "coordinates": [
          12.5235341,
          3.2501658
        ]
      },
      "id": "node/5020577835"
    },
    {
      "type": "Feature",
      "properties": {
        "@id": "node/5020577836",
        "name": "Nkoumbadjap",
        "place": "village"
      },
      "geometry": {
        "type": "Point",
        "coordinates": [
          12.511003,
          3.2562713
        ]
      },
      "id": "node/5020577836"
    },
    {
      "type": "Feature",
      "properties": {
        "@id": "node/5020577848",
        "name": "Nyabizou",
        "place": "village"
      },
      "geometry": {
        "type": "Point",
        "coordinates": [
          12.4351287,
          3.2803398
        ]
      },
      "id": "node/5020577848"
    },
    {
      "type": "Feature",
      "properties": {
        "@id": "node/5020577850",
        "name": "Biton",
        "place": "village"
      },
      "geometry": {
        "type": "Point",
        "coordinates": [
          12.4953818,
          3.2613914
        ]
      },
      "id": "node/5020577850"
    },
    {
      "type": "Feature",
      "properties": {
        "@id": "node/5020592713",
        "name": "Meka'a",
        "place": "village"
      },
      "geometry": {
        "type": "Point",
        "coordinates": [
          12.5255083,
          3.1842875
        ]
      },
      "id": "node/5020592713"
    },
    {
      "type": "Feature",
      "properties": {
        "@id": "node/5020592714",
        "name": "Nyabizou",
        "place": "village"
      },
      "geometry": {
        "type": "Point",
        "coordinates": [
          12.5294243,
          3.208529
        ]
      },
      "id": "node/5020592714"
    },
    {
      "type": "Feature",
      "properties": {
        "@id": "node/5020592715",
        "name": "Mimbi",
        "place": "village"
      },
      "geometry": {
        "type": "Point",
        "coordinates": [
          12.5274395,
          3.2214154
        ]
      },
      "id": "node/5020592715"
    },
    {
      "type": "Feature",
      "properties": {
        "@id": "node/5020592716",
        "name": "Mimbi",
        "place": "village"
      },
      "geometry": {
        "type": "Point",
        "coordinates": [
          12.5243818,
          3.203248
        ]
      },
      "id": "node/5020592716"
    },
    {
      "type": "Feature",
      "properties": {
        "@id": "node/5024012300",
        "name": "Akom Ndong",
        "place": "village"
      },
      "geometry": {
        "type": "Point",
        "coordinates": [
          12.4438421,
          3.1260388
        ]
      },
      "id": "node/5024012300"
    },
    {
      "type": "Feature",
      "properties": {
        "@id": "node/5024012301",
        "name": "Mvo'é",
        "place": "village"
      },
      "geometry": {
        "type": "Point",
        "coordinates": [
          12.485286,
          3.142265
        ]
      },
      "id": "node/5024012301"
    },
    {
      "type": "Feature",
      "properties": {
        "@id": "node/5024012302",
        "name": "Nkolando'a",
        "place": "village"
      },
      "geometry": {
        "type": "Point",
        "coordinates": [
          12.4916482,
          3.1499219
        ]
      },
      "id": "node/5024012302"
    },
    {
      "type": "Feature",
      "properties": {
        "@id": "node/5024012303",
        "name": "Koungoulou",
        "place": "village"
      },
      "geometry": {
        "type": "Point",
        "coordinates": [
          12.5051773,
          3.1593918
        ]
      },
      "id": "node/5024012303"
    },
    {
      "type": "Feature",
      "properties": {
        "@id": "node/5024012304",
        "name": "Nkoulaze",
        "place": "village"
      },
      "geometry": {
        "type": "Point",
        "coordinates": [
          12.4706625,
          3.1426159
        ]
      },
      "id": "node/5024012304"
    },
    {
      "type": "Feature",
      "properties": {
        "@id": "node/5366476934",
        "name": "Bidjouka",
        "place": "village"
      },
      "geometry": {
        "type": "Point",
        "coordinates": [
          10.4877591,
          3.1284107
        ]
      },
      "id": "node/5366476934"
    },
    {
      "type": "Feature",
      "properties": {
        "@id": "node/5398666286",
        "name": "Akom I",
        "place": "village"
      },
      "geometry": {
        "type": "Point",
        "coordinates": [
          10.1126575,
          2.8209727
        ]
      },
      "id": "node/5398666286"
    },
    {
      "type": "Feature",
      "properties": {
        "@id": "node/5926170100",
        "name": "Meyomessala",
        "note": "rank=0 car commune",
        "place": "town",
        "rank": "0"
      },
      "geometry": {
        "type": "Point",
        "coordinates": [
          12.2449034,
          3.1077807
        ]
      },
      "id": "node/5926170100"
    },
    {
      "type": "Feature",
      "properties": {
        "@id": "node/5933289685",
        "name": "Biwong-Bulu",
        "place": "village"
      },
      "geometry": {
        "type": "Point",
        "coordinates": [
          11.3656864,
          2.7868395
        ]
      },
      "id": "node/5933289685"
    },
    {
      "type": "Feature",
      "properties": {
        "@id": "node/5933637899",
        "alt_name": "Biwong-Bané",
        "name": "Biwong-Bane",
        "note": "rank=0 car commune",
        "place": "town",
        "rank": "0"
      },
      "geometry": {
        "type": "Point",
        "coordinates": [
          11.1474438,
          3.1272918
        ]
      },
      "id": "node/5933637899"
    },
    {
      "type": "Feature",
      "properties": {
        "@id": "node/5935908915",
        "name": "Efoulan",
        "place": "village",
        "source": "WRI_2005"
      },
      "geometry": {
        "type": "Point",
        "coordinates": [
          10.9191415,
          3.0022433
        ]
      },
      "id": "node/5935908915"
    },
    {
      "type": "Feature",
      "properties": {
        "@id": "node/5950413482",
        "name": "Zoétélé",
        "note": "rank=0 car commune",
        "place": "town",
        "rank": "0",
        "wikidata": "Q3576213"
      },
      "geometry": {
        "type": "Point",
        "coordinates": [
          11.886517,
          3.2507046
        ]
      },
      "id": "node/5950413482"
    },
    {
      "type": "Feature",
      "properties": {
        "@id": "node/5953049892",
        "name": "Bokombé",
        "note": "Bokombé est le village chef lieu de la commune de Campo",
        "place": "village"
      },
      "geometry": {
        "type": "Point",
        "coordinates": [
          9.8278485,
          2.3779724
        ]
      },
      "id": "node/5953049892"
    },
    {
      "type": "Feature",
      "properties": {
        "@id": "node/5953392168",
        "name": "Kyé-Ossi",
        "name:es": "Kié-Osi",
        "place": "town",
        "rank": "0",
        "wikidata": "Q6459366"
      },
      "geometry": {
        "type": "Point",
        "coordinates": [
          11.3373408,
          2.1853309
        ]
      },
      "id": "node/5953392168"
    },
    {
      "type": "Feature",
      "properties": {
        "@id": "node/6322613478",
        "name": "Lambi",
        "place": "village"
      },
      "geometry": {
        "type": "Point",
        "coordinates": [
          10.4388589,
          3.0947795
        ]
      },
      "id": "node/6322613478"
    },
    {
      "type": "Feature",
      "properties": {
        "@id": "node/6322673302",
        "name": "Mangouma",
        "place": "village",
        "population": "100"
      },
      "geometry": {
        "type": "Point",
        "coordinates": [
          10.694477,
          3.2348704
        ]
      },
      "id": "node/6322673302"
    },
    {
      "type": "Feature",
      "properties": {
        "@id": "node/6322690344",
        "name": "Fouernguier",
        "place": "village",
        "population": "100"
      },
      "geometry": {
        "type": "Point",
        "coordinates": [
          10.7582921,
          3.3794685
        ]
      },
      "id": "node/6322690344"
    },
    {
      "type": "Feature",
      "properties": {
        "@id": "node/6782492665",
        "name": "Bemba II",
        "place": "village"
      },
      "geometry": {
        "type": "Point",
        "coordinates": [
          13.3536672,
          2.7458227
        ]
      },
      "id": "node/6782492665"
    },
    {
      "type": "Feature",
      "properties": {
        "@id": "node/6782492679",
        "name": "Meyos",
        "place": "village"
      },
      "geometry": {
        "type": "Point",
        "coordinates": [
          13.3473238,
          2.7250165
        ]
      },
      "id": "node/6782492679"
    },
    {
      "type": "Feature",
      "properties": {
        "@id": "node/6782492680",
        "name": "Nkolefia",
        "place": "village"
      },
      "geometry": {
        "type": "Point",
        "coordinates": [
          13.3458191,
          2.7211611
        ]
      },
      "id": "node/6782492680"
    },
    {
      "type": "Feature",
      "properties": {
        "@id": "node/7018939912",
        "alt_name": "Mbiguiligui",
        "name": "Mbikiliki",
        "place": "village"
      },
      "geometry": {
        "type": "Point",
        "coordinates": [
          10.5588054,
          3.1786527
        ]
      },
      "id": "node/7018939912"
    },
    {
      "type": "Feature",
      "properties": {
        "@id": "node/7018939913",
        "name": "Bikalla",
        "place": "village"
      },
      "geometry": {
        "type": "Point",
        "coordinates": [
          10.5776668,
          3.1934463
        ]
      },
      "id": "node/7018939913"
    },
    {
      "type": "Feature",
      "properties": {
        "@id": "node/7018939919",
        "name": "Bingambo",
        "place": "village"
      },
      "geometry": {
        "type": "Point",
        "coordinates": [
          10.6585192,
          3.2294279
        ]
      },
      "id": "node/7018939919"
    },
    {
      "type": "Feature",
      "properties": {
        "@id": "node/7018939920",
        "name": "Mvilé",
        "place": "village"
      },
      "geometry": {
        "type": "Point",
        "coordinates": [
          10.5969143,
          3.2095252
        ]
      },
      "id": "node/7018939920"
    },
    {
      "type": "Feature",
      "properties": {
        "@id": "node/7018984287",
        "name": "Ngovayang III",
        "place": "village"
      },
      "geometry": {
        "type": "Point",
        "coordinates": [
          10.6541419,
          3.2447671
        ]
      },
      "id": "node/7018984287"
    },
    {
      "type": "Feature",
      "properties": {
        "@id": "node/7018984288",
        "name": "Ngovayang II",
        "place": "village"
      },
      "geometry": {
        "type": "Point",
        "coordinates": [
          10.6155824,
          3.2381044
        ]
      },
      "id": "node/7018984288"
    },
    {
      "type": "Feature",
      "properties": {
        "@id": "node/7643963196",
        "name": "Bahondo",
        "old_name": "Petit Batanga",
        "place": "village"
      },
      "geometry": {
        "type": "Point",
        "coordinates": [
          9.9072782,
          3.2521232
        ]
      },
      "id": "node/7643963196"
    },
    {
      "type": "Feature",
      "properties": {
        "@id": "node/7643963201",
        "name": "Petit Batanga",
        "place": "village"
      },
      "geometry": {
        "type": "Point",
        "coordinates": [
          10.011903,
          3.3174429
        ]
      },
      "id": "node/7643963201"
    },
    {
      "type": "Feature",
      "properties": {
        "@id": "node/7787798364",
        "name": "Oyem",
        "place": "village"
      },
      "geometry": {
        "type": "Point",
        "coordinates": [
          12.5376106,
          3.4154691
        ]
      },
      "id": "node/7787798364"
    },
    {
      "type": "Feature",
      "properties": {
        "@id": "node/7787798365",
        "name": "Akam II",
        "place": "village"
      },
      "geometry": {
        "type": "Point",
        "coordinates": [
          12.5216889,
          3.4062319
        ]
      },
      "id": "node/7787798365"
    },
    {
      "type": "Feature",
      "properties": {
        "@id": "node/7791871972",
        "name": "Zoulabot",
        "place": "village"
      },
      "geometry": {
        "type": "Point",
        "coordinates": [
          13.263875,
          2.6759302
        ]
      },
      "id": "node/7791871972"
    },
    {
      "type": "Feature",
      "properties": {
        "@id": "node/7824489894",
        "name": "Djamanmoni",
        "place": "village"
      },
      "geometry": {
        "type": "Point",
        "coordinates": [
          9.9464223,
          3.1535775
        ]
      },
      "id": "node/7824489894"
    },
    {
      "type": "Feature",
      "properties": {
        "@id": "node/8077559222",
        "name": "Bemba I",
        "place": "village"
      },
      "geometry": {
        "type": "Point",
        "coordinates": [
          13.3493113,
          2.7365529
        ]
      },
      "id": "node/8077559222"
    },
    {
      "type": "Feature",
      "properties": {
        "@id": "node/8399452480",
        "name": "Nkout",
        "place": "village"
      },
      "geometry": {
        "type": "Point",
        "coordinates": [
          12.4498486,
          3.3694642
        ]
      },
      "id": "node/8399452480"
    },
    {
      "type": "Feature",
      "properties": {
        "@id": "node/8399452629",
        "name": "Mvakoua",
        "place": "village"
      },
      "geometry": {
        "type": "Point",
        "coordinates": [
          12.4698686,
          3.4133807
        ]
      },
      "id": "node/8399452629"
    },
    {
      "type": "Feature",
      "properties": {
        "@id": "node/8399452630",
        "name": "Nkolando",
        "place": "village"
      },
      "geometry": {
        "type": "Point",
        "coordinates": [
          12.4846744,
          3.4420986
        ]
      },
      "id": "node/8399452630"
    },
    {
      "type": "Feature",
      "properties": {
        "@id": "node/8399452631",
        "name": "Yanda",
        "place": "village"
      },
      "geometry": {
        "type": "Point",
        "coordinates": [
          12.4528098,
          3.4362726
        ]
      },
      "id": "node/8399452631"
    },
    {
      "type": "Feature",
      "properties": {
        "@id": "node/8426924611",
        "name": "Ndongok",
        "place": "village"
      },
      "geometry": {
        "type": "Point",
        "coordinates": [
          10.0869298,
          3.3153329
        ]
      },
      "id": "node/8426924611"
    },
    {
      "type": "Feature",
      "properties": {
        "@id": "node/8426924612",
        "name": "Dabounga",
        "place": "village"
      },
      "geometry": {
        "type": "Point",
        "coordinates": [
          10.0452161,
          3.3489002
        ]
      },
      "id": "node/8426924612"
    },
    {
      "type": "Feature",
      "properties": {
        "@id": "node/8749952222",
        "name": "Campo Beach",
        "name:es": "Playa Campo",
        "place": "village"
      },
      "geometry": {
        "type": "Point",
        "coordinates": [
          9.8248643,
          2.3513897
        ]
      },
      "id": "node/8749952222"
    },
    {
      "type": "Feature",
      "properties": {
        "@id": "node/9289735586",
        "name": "Nkolakiba",
        "place": "village"
      },
      "geometry": {
        "type": "Point",
        "coordinates": [
          12.3504996,
          3.1017675
        ]
      },
      "id": "node/9289735586"
    },
    {
      "type": "Feature",
      "properties": {
        "@id": "node/9300567279",
        "name": "Ma'an",
        "place": "village"
      },
      "geometry": {
        "type": "Point",
        "coordinates": [
          9.986186,
          2.3818234
        ]
      },
      "id": "node/9300567279"
    },
    {
      "type": "Feature",
      "properties": {
        "@id": "node/9300567280",
        "name": "Nazareth",
        "place": "village"
      },
      "geometry": {
        "type": "Point",
        "coordinates": [
          9.88103,
          2.3202998
        ]
      },
      "id": "node/9300567280"
    },
    {
      "type": "Feature",
      "properties": {
        "@id": "node/9327065161",
        "name": "Assok",
        "place": "village"
      },
      "geometry": {
        "type": "Point",
        "coordinates": [
          13.2875025,
          2.6564008
        ]
      },
      "id": "node/9327065161"
    },
    {
      "type": "Feature",
      "properties": {
        "@id": "node/9327555476",
        "name": "Djeue",
        "place": "village"
      },
      "geometry": {
        "type": "Point",
        "coordinates": [
          13.4041786,
          2.592382
        ]
      },
      "id": "node/9327555476"
    },
    {
      "type": "Feature",
      "properties": {
        "@id": "node/9428426742",
        "name": "Mbanga",
        "place": "village"
      },
      "geometry": {
        "type": "Point",
        "coordinates": [
          9.8404241,
          2.4159648
        ]
      },
      "id": "node/9428426742"
    },
    {
      "type": "Feature",
      "properties": {
        "@id": "node/9428426743",
        "name": "Étondé",
        "place": "village"
      },
      "geometry": {
        "type": "Point",
        "coordinates": [
          9.8489749,
          2.4297605
        ]
      },
      "id": "node/9428426743"
    },
    {
      "type": "Feature",
      "properties": {
        "@id": "node/9428426744",
        "name": "Tondéfon",
        "place": "village",
        "source": "WRI_2005"
      },
      "geometry": {
        "type": "Point",
        "coordinates": [
          9.8334074,
          2.3876334
        ]
      },
      "id": "node/9428426744"
    },
    {
      "type": "Feature",
      "properties": {
        "@id": "node/9428551151",
        "name": "Likado",
        "place": "village"
      },
      "geometry": {
        "type": "Point",
        "coordinates": [
          9.8338312,
          2.5860156
        ]
      },
      "id": "node/9428551151"
    },
    {
      "type": "Feature",
      "properties": {
        "@id": "node/9428551156",
        "name": "Pandé",
        "place": "village"
      },
      "geometry": {
        "type": "Point",
        "coordinates": [
          9.8249531,
          2.5244719
        ]
      },
      "id": "node/9428551156"
    },
    {
      "type": "Feature",
      "properties": {
        "@id": "node/9428551157",
        "name": "Nko'Olong",
        "place": "village"
      },
      "geometry": {
        "type": "Point",
        "coordinates": [
          9.8339868,
          2.5086299
        ]
      },
      "id": "node/9428551157"
    },
    {
      "type": "Feature",
      "properties": {
        "@id": "node/9428551158",
        "name": "Bwendjo",
        "place": "village"
      },
      "geometry": {
        "type": "Point",
        "coordinates": [
          9.8301887,
          2.5139464
        ]
      },
      "id": "node/9428551158"
    },
    {
      "type": "Feature",
      "properties": {
        "@id": "node/9428551194",
        "name": "Otou",
        "place": "village"
      },
      "geometry": {
        "type": "Point",
        "coordinates": [
          9.8345661,
          2.5009662
        ]
      },
      "id": "node/9428551194"
    },
    {
      "type": "Feature",
      "properties": {
        "@id": "node/9428551195",
        "name": "Afan",
        "place": "village"
      },
      "geometry": {
        "type": "Point",
        "coordinates": [
          9.8429668,
          2.4522063
        ]
      },
      "id": "node/9428551195"
    },
    {
      "type": "Feature",
      "properties": {
        "@id": "node/9428562938",
        "name": "Zong",
        "place": "village"
      },
      "geometry": {
        "type": "Point",
        "coordinates": [
          9.8436749,
          2.4417927
        ]
      },
      "id": "node/9428562938"
    },
    {
      "type": "Feature",
      "properties": {
        "@id": "node/9428562940",
        "name": "Ipono",
        "place": "village"
      },
      "geometry": {
        "type": "Point",
        "coordinates": [
          9.8445332,
          2.3322016
        ]
      },
      "id": "node/9428562940"
    },
    {
      "type": "Feature",
      "properties": {
        "@id": "node/9428584241",
        "name": "Mbodé",
        "place": "village"
      },
      "geometry": {
        "type": "Point",
        "coordinates": [
          9.8780179,
          2.749812
        ]
      },
      "id": "node/9428584241"
    },
    {
      "type": "Feature",
      "properties": {
        "@id": "node/9428584280",
        "name": "Biyo",
        "place": "village"
      },
      "geometry": {
        "type": "Point",
        "coordinates": [
          9.8420763,
          2.6168614
        ]
      },
      "id": "node/9428584280"
    },
    {
      "type": "Feature",
      "properties": {
        "@id": "node/9428593498",
        "name": "Ikéiké",
        "place": "village"
      },
      "geometry": {
        "type": "Point",
        "coordinates": [
          9.8875773,
          2.8609742
        ]
      },
      "id": "node/9428593498"
    },
    {
      "type": "Feature",
      "properties": {
        "@id": "node/9428603892",
        "name": "Eboungangomo",
        "place": "village"
      },
      "geometry": {
        "type": "Point",
        "coordinates": [
          9.9230844,
          2.8262448
        ]
      },
      "id": "node/9428603892"
    },
    {
      "type": "Feature",
      "properties": {
        "@id": "node/9623908223",
        "place": "village"
      },
      "geometry": {
        "type": "Point",
        "coordinates": [
          12.4554665,
          3.3052016
        ]
      },
      "id": "node/9623908223"
    },
    {
      "type": "Feature",
      "properties": {
        "@id": "node/10075323945",
        "name": "Meka'a",
        "place": "village"
      },
      "geometry": {
        "type": "Point",
        "coordinates": [
          12.4504602,
          3.5833996
        ]
      },
      "id": "node/10075323945"
    },
    {
      "type": "Feature",
      "properties": {
        "@id": "node/10075323946",
        "name": "Djeng",
        "place": "village"
      },
      "geometry": {
        "type": "Point",
        "coordinates": [
          12.5045711,
          3.5838172
        ]
      },
      "id": "node/10075323946"
    },
    {
      "type": "Feature",
      "properties": {
        "@id": "node/10075323948",
        "name": "Ngoafemekong",
        "place": "village"
      },
      "geometry": {
        "type": "Point",
        "coordinates": [
          12.5129932,
          3.5869385
        ]
      },
      "id": "node/10075323948"
    },
    {
      "type": "Feature",
      "properties": {
        "@id": "node/10075334287",
        "name": "Ekoutou",
        "place": "village"
      },
      "geometry": {
        "type": "Point",
        "coordinates": [
          12.5100267,
          3.5503652
        ]
      },
      "id": "node/10075334287"
    },
    {
      "type": "Feature",
      "properties": {
        "@id": "node/10201843257",
        "name": "Bilok",
        "place": "village"
      },
      "geometry": {
        "type": "Point",
        "coordinates": [
          11.2224269,
          2.4384216
        ]
      },
      "id": "node/10201843257"
    },
    {
      "type": "Feature",
      "properties": {
        "@id": "node/10203570493",
        "name": "Evindissi",
        "place": "village"
      },
      "geometry": {
        "type": "Point",
        "coordinates": [
          10.9359455,
          2.5096804
        ]
      },
      "id": "node/10203570493"
    },
    {
      "type": "Feature",
      "properties": {
        "@id": "node/10209575421",
        "name": "Bossiki",
        "place": "village"
      },
      "geometry": {
        "type": "Point",
        "coordinates": [
          9.9323648,
          2.9599968
        ]
      },
      "id": "node/10209575421"
    },
    {
      "type": "Feature",
      "properties": {
        "@id": "node/10209575422",
        "name": "Ngoy",
        "place": "village"
      },
      "geometry": {
        "type": "Point",
        "coordinates": [
          9.9122161,
          2.9587271
        ]
      },
      "id": "node/10209575422"
    },
    {
      "type": "Feature",
      "properties": {
        "@id": "node/10209575423",
        "name": "Élabe",
        "place": "village"
      },
      "geometry": {
        "type": "Point",
        "coordinates": [
          9.92773,
          2.9916524
        ]
      },
      "id": "node/10209575423"
    },
    {
      "type": "Feature",
      "properties": {
        "@id": "node/10209601926",
        "name": "Bikondo",
        "place": "village"
      },
      "geometry": {
        "type": "Point",
        "coordinates": [
          9.9558985,
          2.9762506
        ]
      },
      "id": "node/10209601926"
    },
    {
      "type": "Feature",
      "properties": {
        "@id": "node/10216723952",
        "name": "Loumdi",
        "place": "village"
      },
      "geometry": {
        "type": "Point",
        "coordinates": [
          9.9665844,
          2.8892305
        ]
      },
      "id": "node/10216723952"
    },
    {
      "type": "Feature",
      "properties": {
        "@id": "node/10581633911",
        "name": "Ambam",
        "note": "rank=0 car ville frontalière importante",
        "place": "city",
        "rank": "0",
        "wikidata": "Q2841553",
        "wikipedia": "fr:Ambam"
      },
      "geometry": {
        "type": "Point",
        "coordinates": [
          11.2669194,
          2.3850714
        ]
      },
      "id": "node/10581633911"
    },
    {
      "type": "Feature",
      "properties": {
        "@id": "node/10655540072",
        "name": "Akombinyeng",
        "place": "village"
      },
      "geometry": {
        "type": "Point",
        "coordinates": [
          12.6562285,
          2.6746764
        ]
      },
      "id": "node/10655540072"
    },
    {
      "type": "Feature",
      "properties": {
        "@id": "node/10655557814",
        "name": "Akak",
        "place": "village"
      },
      "geometry": {
        "type": "Point",
        "coordinates": [
          12.7248341,
          2.6611298
        ]
      },
      "id": "node/10655557814"
    },
    {
      "type": "Feature",
      "properties": {
        "@id": "node/10655557816",
        "name": "Amvam",
        "place": "village"
      },
      "geometry": {
        "type": "Point",
        "coordinates": [
          12.8093559,
          2.6547128
        ]
      },
      "id": "node/10655557816"
    },
    {
      "type": "Feature",
      "properties": {
        "@id": "node/10655778532",
        "name": "Bidjom",
        "place": "village"
      },
      "geometry": {
        "type": "Point",
        "coordinates": [
          12.0306784,
          2.8450134
        ]
      },
      "id": "node/10655778532"
    },
    {
      "type": "Feature",
      "properties": {
        "@id": "node/10655778533",
        "name": "Melan",
        "place": "village"
      },
      "geometry": {
        "type": "Point",
        "coordinates": [
          12.1673316,
          2.8064097
        ]
      },
      "id": "node/10655778533"
    },
    {
      "type": "Feature",
      "properties": {
        "@id": "node/10655778534",
        "name": "Ndong-Ebae",
        "place": "village"
      },
      "geometry": {
        "type": "Point",
        "coordinates": [
          12.4501169,
          2.7842275
        ]
      },
      "id": "node/10655778534"
    },
    {
      "type": "Feature",
      "properties": {
        "@id": "node/10661075003",
        "name": "Nsa",
        "place": "village"
      },
      "geometry": {
        "type": "Point",
        "coordinates": [
          11.2963647,
          2.2756153
        ]
      },
      "id": "node/10661075003"
    },
    {
      "type": "Feature",
      "properties": {
        "@id": "node/10673184808",
        "name": "Bilolo",
        "place": "village"
      },
      "geometry": {
        "type": "Point",
        "coordinates": [
          9.9789548,
          2.9828024
        ]
      },
      "id": "node/10673184808"
    },
    {
      "type": "Feature",
      "properties": {
        "@id": "node/10673184810",
        "name": "Bissiang",
        "place": "village"
      },
      "geometry": {
        "type": "Point",
        "coordinates": [
          10.0184905,
          2.9994844
        ]
      },
      "id": "node/10673184810"
    },
    {
      "type": "Feature",
      "properties": {
        "@id": "node/10673184811",
        "name": "Mpolongo",
        "place": "village"
      },
      "geometry": {
        "type": "Point",
        "coordinates": [
          10.0612879,
          3.0094271
        ]
      },
      "id": "node/10673184811"
    },
    {
      "type": "Feature",
      "properties": {
        "@id": "node/10673219234",
        "name": "Doum",
        "place": "village"
      },
      "geometry": {
        "type": "Point",
        "coordinates": [
          10.4188478,
          2.9939345
        ]
      },
      "id": "node/10673219234"
    },
    {
      "type": "Feature",
      "properties": {
        "@id": "node/10673219235",
        "name": "Bibole",
        "place": "village"
      },
      "geometry": {
        "type": "Point",
        "coordinates": [
          10.4123354,
          3.001488
        ]
      },
      "id": "node/10673219235"
    },
    {
      "type": "Feature",
      "properties": {
        "@id": "node/10673226728",
        "name": "Bella",
        "place": "village"
      },
      "geometry": {
        "type": "Point",
        "coordinates": [
          10.2109763,
          3.2536366
        ]
      },
      "id": "node/10673226728"
    },
    {
      "type": "Feature",
      "properties": {
        "@id": "node/10712227574",
        "name": "Ndambélé",
        "place": "village"
      },
      "geometry": {
        "type": "Point",
        "coordinates": [
          10.3958869,
          3.1011236
        ]
      },
      "id": "node/10712227574"
    },
    {
      "type": "Feature",
      "properties": {
        "@id": "node/10712227575",
        "name": "Mémèl II",
        "place": "village"
      },
      "geometry": {
        "type": "Point",
        "coordinates": [
          10.3889894,
          3.178867
        ]
      },
      "id": "node/10712227575"
    },
    {
      "type": "Feature",
      "properties": {
        "@id": "node/10712275461",
        "name": "Melangbé",
        "place": "village"
      },
      "geometry": {
        "type": "Point",
        "coordinates": [
          10.719502,
          3.2040192
        ]
      },
      "id": "node/10712275461"
    },
    {
      "type": "Feature",
      "properties": {
        "@id": "node/10712275462",
        "name": "Minkougou",
        "place": "village"
      },
      "geometry": {
        "type": "Point",
        "coordinates": [
          10.8759177,
          3.2432996
        ]
      },
      "id": "node/10712275462"
    },
    {
      "type": "Feature",
      "properties": {
        "@id": "node/10712275463",
        "name": "Efon",
        "place": "village"
      },
      "geometry": {
        "type": "Point",
        "coordinates": [
          10.8938885,
          3.2478949
        ]
      },
      "id": "node/10712275463"
    },
    {
      "type": "Feature",
      "properties": {
        "@id": "node/10712275464",
        "name": "Koubizik",
        "place": "village"
      },
      "geometry": {
        "type": "Point",
        "coordinates": [
          10.8420896,
          3.237676
        ]
      },
      "id": "node/10712275464"
    },
    {
      "type": "Feature",
      "properties": {
        "@id": "node/10712275465",
        "name": "Bangola",
        "place": "village"
      },
      "geometry": {
        "type": "Point",
        "coordinates": [
          10.8839321,
          3.0779091
        ]
      },
      "id": "node/10712275465"
    },
    {
      "type": "Feature",
      "properties": {
        "@id": "node/10712275466",
        "name": "Bigballi",
        "place": "village"
      },
      "geometry": {
        "type": "Point",
        "coordinates": [
          10.744071,
          3.2365619
        ]
      },
      "id": "node/10712275466"
    },
    {
      "type": "Feature",
      "properties": {
        "@id": "node/10712275467",
        "name": "Mill",
        "place": "village"
      },
      "geometry": {
        "type": "Point",
        "coordinates": [
          10.7437277,
          3.2622269
        ]
      },
      "id": "node/10712275467"
    },
    {
      "type": "Feature",
      "properties": {
        "@id": "node/10824222704",
        "name": "Doum",
        "place": "village"
      },
      "geometry": {
        "type": "Point",
        "coordinates": [
          13.252548,
          2.6702127
        ]
      },
      "id": "node/10824222704"
    },
    {
      "type": "Feature",
      "properties": {
        "@id": "node/10842005347",
        "name": "Mbongo",
        "place": "village"
      },
      "geometry": {
        "type": "Point",
        "coordinates": [
          10.1506161,
          3.4041863
        ]
      },
      "id": "node/10842005347"
    },
    {
      "type": "Feature",
      "properties": {
        "@id": "node/10842005348",
        "name": "Mekwora",
        "place": "village"
      },
      "geometry": {
        "type": "Point",
        "coordinates": [
          10.1020253,
          3.3742302
        ]
      },
      "id": "node/10842005348"
    },
    {
      "type": "Feature",
      "properties": {
        "@id": "node/10842005351",
        "name": "Nsahé",
        "place": "village"
      },
      "geometry": {
        "type": "Point",
        "coordinates": [
          10.1137197,
          3.4781139
        ]
      },
      "id": "node/10842005351"
    },
    {
      "type": "Feature",
      "properties": {
        "@id": "node/10842005352",
        "name": "Bonguen",
        "place": "village"
      },
      "geometry": {
        "type": "Point",
        "coordinates": [
          10.1259827,
          3.4869703
        ]
      },
      "id": "node/10842005352"
    },
    {
      "type": "Feature",
      "properties": {
        "@id": "node/10842005353",
        "name": "Song Abwi",
        "place": "village"
      },
      "geometry": {
        "type": "Point",
        "coordinates": [
          10.1148462,
          3.5557086
        ]
      },
      "id": "node/10842005353"
    },
    {
      "type": "Feature",
      "properties": {
        "@id": "node/10842006659",
        "name": "Nkonmezan",
        "place": "village"
      },
      "geometry": {
        "type": "Point",
        "coordinates": [
          10.0984525,
          3.3453443
        ]
      },
      "id": "node/10842006659"
    },
    {
      "type": "Feature",
      "properties": {
        "@id": "node/10842006660",
        "name": "Alangok",
        "place": "village"
      },
      "geometry": {
        "type": "Point",
        "coordinates": [
          10.1032483,
          3.2840459
        ]
      },
      "id": "node/10842006660"
    },
    {
      "type": "Feature",
      "properties": {
        "@id": "node/10865469342",
        "place": "village"
      },
      "geometry": {
        "type": "Point",
        "coordinates": [
          11.0137242,
          2.187668
        ]
      },
      "id": "node/10865469342"
    },
    {
      "type": "Feature",
      "properties": {
        "@id": "node/10865469345",
        "place": "village"
      },
      "geometry": {
        "type": "Point",
        "coordinates": [
          10.9953082,
          2.2039746
        ]
      },
      "id": "node/10865469345"
    },
    {
      "type": "Feature",
      "properties": {
        "@id": "node/10865469346",
        "place": "village"
      },
      "geometry": {
        "type": "Point",
        "coordinates": [
          10.9967297,
          2.2010317
        ]
      },
      "id": "node/10865469346"
    },
    {
      "type": "Feature",
      "properties": {
        "@id": "node/10865469347",
        "place": "village"
      },
      "geometry": {
        "type": "Point",
        "coordinates": [
          11.0006404,
          2.1971883
        ]
      },
      "id": "node/10865469347"
    },
    {
      "type": "Feature",
      "properties": {
        "@id": "node/10865469348",
        "place": "village"
      },
      "geometry": {
        "type": "Point",
        "coordinates": [
          11.0210091,
          2.1914257
        ]
      },
      "id": "node/10865469348"
    },
    {
      "type": "Feature",
      "properties": {
        "@id": "node/10883184032",
        "name": "Zoe",
        "place": "village"
      },
      "geometry": {
        "type": "Point",
        "coordinates": [
          12.4348068,
          2.8041594
        ]
      },
      "id": "node/10883184032"
    },
    {
      "type": "Feature",
      "properties": {
        "@id": "node/10883184033",
        "name": "Mamene",
        "place": "village"
      },
      "geometry": {
        "type": "Point",
        "coordinates": [
          12.4277794,
          2.809721
        ]
      },
      "id": "node/10883184033"
    },
    {
      "type": "Feature",
      "properties": {
        "@id": "node/10883184034",
        "name": "Alouma",
        "place": "village"
      },
      "geometry": {
        "type": "Point",
        "coordinates": [
          12.3838234,
          2.8058739
        ]
      },
      "id": "node/10883184034"
    },
    {
      "type": "Feature",
      "properties": {
        "@id": "node/10883184035",
        "name": "Biba",
        "place": "village"
      },
      "geometry": {
        "type": "Point",
        "coordinates": [
          12.3682719,
          2.8106372
        ]
      },
      "id": "node/10883184035"
    },
    {
      "type": "Feature",
      "properties": {
        "@id": "node/10883184038",
        "name": "Nnemeyong",
        "place": "village"
      },
      "geometry": {
        "type": "Point",
        "coordinates": [
          12.1499348,
          2.8089708
        ]
      },
      "id": "node/10883184038"
    },
    {
      "type": "Feature",
      "properties": {
        "@id": "node/10883184039",
        "name": "Amvan",
        "place": "village"
      },
      "geometry": {
        "type": "Point",
        "coordinates": [
          12.123456,
          2.8105997
        ]
      },
      "id": "node/10883184039"
    },
    {
      "type": "Feature",
      "properties": {
        "@id": "node/10883184040",
        "name": "Mbom",
        "place": "village"
      },
      "geometry": {
        "type": "Point",
        "coordinates": [
          12.0518088,
          2.7836595
        ]
      },
      "id": "node/10883184040"
    },
    {
      "type": "Feature",
      "properties": {
        "@id": "node/10883184041",
        "name": "Mebem",
        "place": "village"
      },
      "geometry": {
        "type": "Point",
        "coordinates": [
          12.0691037,
          2.8193974
        ]
      },
      "id": "node/10883184041"
    },
    {
      "type": "Feature",
      "properties": {
        "@id": "node/10883184042",
        "name": "Meyovoundi",
        "place": "village"
      },
      "geometry": {
        "type": "Point",
        "coordinates": [
          12.0251584,
          2.8576523
        ]
      },
      "id": "node/10883184042"
    },
    {
      "type": "Feature",
      "properties": {
        "@id": "node/10883184043",
        "name": "Bekon",
        "place": "village"
      },
      "geometry": {
        "type": "Point",
        "coordinates": [
          12.0281947,
          2.8654211
        ]
      },
      "id": "node/10883184043"
    },
    {
      "type": "Feature",
      "properties": {
        "@id": "node/10883184044",
        "name": "Zoé",
        "place": "village"
      },
      "geometry": {
        "type": "Point",
        "coordinates": [
          12.0280981,
          2.8718289
        ]
      },
      "id": "node/10883184044"
    },
    {
      "type": "Feature",
      "properties": {
        "@id": "node/10883184049",
        "name": "Ngoasse",
        "place": "village"
      },
      "geometry": {
        "type": "Point",
        "coordinates": [
          12.0284843,
          2.8810226
        ]
      },
      "id": "node/10883184049"
    },
    {
      "type": "Feature",
      "properties": {
        "@id": "node/11006000299",
        "name": "Endalé",
        "place": "village"
      },
      "geometry": {
        "type": "Point",
        "coordinates": [
          12.487936,
          3.6199876
        ]
      },
      "id": "node/11006000299"
    },
    {
      "type": "Feature",
      "properties": {
        "@id": "node/11006000300",
        "name": "Bikanga",
        "place": "village"
      },
      "geometry": {
        "type": "Point",
        "coordinates": [
          12.4927908,
          3.6290996
        ]
      },
      "id": "node/11006000300"
    },
    {
      "type": "Feature",
      "properties": {
        "@id": "node/11006000301",
        "name": "Nlanyag",
        "place": "village"
      },
      "geometry": {
        "type": "Point",
        "coordinates": [
          12.4911439,
          3.6411345
        ]
      },
      "id": "node/11006000301"
    },
    {
      "type": "Feature",
      "properties": {
        "@id": "node/11006040590",
        "name": "Meyos",
        "place": "village"
      },
      "geometry": {
        "type": "Point",
        "coordinates": [
          12.3641574,
          3.4661625
        ]
      },
      "id": "node/11006040590"
    },
    {
      "type": "Feature",
      "properties": {
        "@id": "node/11006040591",
        "name": "Meba",
        "place": "village"
      },
      "geometry": {
        "type": "Point",
        "coordinates": [
          12.3637283,
          3.4563849
        ]
      },
      "id": "node/11006040591"
    },
    {
      "type": "Feature",
      "properties": {
        "@id": "node/11006040592",
        "name": "Nydangbassa",
        "place": "village"
      },
      "geometry": {
        "type": "Point",
        "coordinates": [
          12.3685026,
          3.4478817
        ]
      },
      "id": "node/11006040592"
    },
    {
      "type": "Feature",
      "properties": {
        "@id": "node/11010601709",
        "name": "Essaobam",
        "place": "village"
      },
      "geometry": {
        "type": "Point",
        "coordinates": [
          12.2896671,
          2.93111
        ]
      },
      "id": "node/11010601709"
    },
    {
      "type": "Feature",
      "properties": {
        "@id": "node/11010601710",
        "name": "Mbilemvom",
        "place": "village"
      },
      "geometry": {
        "type": "Point",
        "coordinates": [
          12.2578883,
          3.0364744
        ]
      },
      "id": "node/11010601710"
    },
    {
      "type": "Feature",
      "properties": {
        "@id": "node/11010601711",
        "name": "Mengueme",
        "place": "village"
      },
      "geometry": {
        "type": "Point",
        "coordinates": [
          12.2643471,
          3.016193
        ]
      },
      "id": "node/11010601711"
    },
    {
      "type": "Feature",
      "properties": {
        "@id": "node/11010601712",
        "name": "Keka",
        "place": "village"
      },
      "geometry": {
        "type": "Point",
        "coordinates": [
          12.1593439,
          2.9603021
        ]
      },
      "id": "node/11010601712"
    },
    {
      "type": "Feature",
      "properties": {
        "@id": "node/11010601713",
        "name": "Ele",
        "place": "village"
      },
      "geometry": {
        "type": "Point",
        "coordinates": [
          12.2123283,
          2.9645612
        ]
      },
      "id": "node/11010601713"
    },
    {
      "type": "Feature",
      "properties": {
        "@id": "node/11010624448",
        "name": "Lang",
        "place": "village"
      },
      "geometry": {
        "type": "Point",
        "coordinates": [
          12.3634815,
          3.0134984
        ]
      },
      "id": "node/11010624448"
    },
    {
      "type": "Feature",
      "properties": {
        "@id": "node/11010624449",
        "name": "Mven",
        "place": "village"
      },
      "geometry": {
        "type": "Point",
        "coordinates": [
          12.349062,
          2.9901524
        ]
      },
      "id": "node/11010624449"
    },
    {
      "type": "Feature",
      "properties": {
        "@id": "node/11010640330",
        "name": "Nkolmedim",
        "place": "village"
      },
      "geometry": {
        "type": "Point",
        "coordinates": [
          12.1746486,
          2.7417103
        ]
      },
      "id": "node/11010640330"
    },
    {
      "type": "Feature",
      "properties": {
        "@id": "node/11010640331",
        "name": "Mébenko",
        "place": "village"
      },
      "geometry": {
        "type": "Point",
        "coordinates": [
          12.16488,
          2.6916844
        ]
      },
      "id": "node/11010640331"
    },
    {
      "type": "Feature",
      "properties": {
        "@id": "node/11010640333",
        "name": "Nazare",
        "place": "village"
      },
      "geometry": {
        "type": "Point",
        "coordinates": [
          12.1143204,
          2.6294545
        ]
      },
      "id": "node/11010640333"
    },
    {
      "type": "Feature",
      "properties": {
        "@id": "node/11010640334",
        "name": "Befio",
        "place": "village"
      },
      "geometry": {
        "type": "Point",
        "coordinates": [
          12.183803,
          2.5413586
        ]
      },
      "id": "node/11010640334"
    },
    {
      "type": "Feature",
      "properties": {
        "@id": "node/11010640335",
        "name": "Bilizi",
        "place": "village"
      },
      "geometry": {
        "type": "Point",
        "coordinates": [
          12.1845406,
          2.5347749
        ]
      },
      "id": "node/11010640335"
    },
    {
      "type": "Feature",
      "properties": {
        "@id": "node/11010640339",
        "name": "Ako'obete",
        "place": "village"
      },
      "geometry": {
        "type": "Point",
        "coordinates": [
          12.1313524,
          2.5751262
        ]
      },
      "id": "node/11010640339"
    },
    {
      "type": "Feature",
      "properties": {
        "@id": "node/11010640340",
        "name": "Melen",
        "place": "village"
      },
      "geometry": {
        "type": "Point",
        "coordinates": [
          12.1542478,
          2.5695421
        ]
      },
      "id": "node/11010640340"
    },
    {
      "type": "Feature",
      "properties": {
        "@id": "node/11010640341",
        "name": "Mebemenko",
        "place": "village"
      },
      "geometry": {
        "type": "Point",
        "coordinates": [
          12.1016014,
          2.6030248
        ]
      },
      "id": "node/11010640341"
    },
    {
      "type": "Feature",
      "properties": {
        "@id": "node/11010640342",
        "name": "Abam",
        "place": "village"
      },
      "geometry": {
        "type": "Point",
        "coordinates": [
          12.0961082,
          2.6187048
        ]
      },
      "id": "node/11010640342"
    },
    {
      "type": "Feature",
      "properties": {
        "@id": "node/11010640343",
        "name": "Mbilemvom",
        "place": "village"
      },
      "geometry": {
        "type": "Point",
        "coordinates": [
          12.1511793,
          2.6530543
        ]
      },
      "id": "node/11010640343"
    },
    {
      "type": "Feature",
      "properties": {
        "@id": "node/11405496831",
        "name": "Sonessi",
        "place": "village"
      },
      "geometry": {
        "type": "Point",
        "coordinates": [
          11.5764624,
          3.1267502
        ]
      },
      "id": "node/11405496831"
    },
    {
      "type": "Feature",
      "properties": {
        "@id": "node/11405496832",
        "name": "Akoatala",
        "place": "village"
      },
      "geometry": {
        "type": "Point",
        "coordinates": [
          11.5550369,
          3.1168729
        ]
      },
      "id": "node/11405496832"
    },
    {
      "type": "Feature",
      "properties": {
        "@id": "node/11405496833",
        "name": "Ngomedjap",
        "place": "village"
      },
      "geometry": {
        "type": "Point",
        "coordinates": [
          11.5339386,
          3.1028763
        ]
      },
      "id": "node/11405496833"
    },
    {
      "type": "Feature",
      "properties": {
        "@id": "node/11405496835",
        "name": "Mbekaa I",
        "place": "village"
      },
      "geometry": {
        "type": "Point",
        "coordinates": [
          11.5130496,
          3.0984143
        ]
      },
      "id": "node/11405496835"
    },
    {
      "type": "Feature",
      "properties": {
        "@id": "node/11711595102",
        "name": "Mbikiliki",
        "place": "village",
        "population": "500"
      },
      "geometry": {
        "type": "Point",
        "coordinates": [
          10.5351998,
          3.1647081
        ]
      },
      "id": "node/11711595102"
    },
    {
      "type": "Feature",
      "properties": {
        "@id": "node/11772200974",
        "name": "Mekom I",
        "place": "village"
      },
      "geometry": {
        "type": "Point",
        "coordinates": [
          13.5012317,
          2.2330494
        ]
      },
      "id": "node/11772200974"
    },
    {
      "type": "Feature",
      "properties": {
        "@id": "node/11772201046",
        "name": "Mimba'a",
        "place": "village"
      },
      "geometry": {
        "type": "Point",
        "coordinates": [
          13.5169601,
          2.2427355
        ]
      },
      "id": "node/11772201046"
    },
    {
      "type": "Feature",
      "properties": {
        "@id": "node/11772201047",
        "name": "Lele",
        "place": "village"
      },
      "geometry": {
        "type": "Point",
        "coordinates": [
          13.4149396,
          2.3185872
        ]
      },
      "id": "node/11772201047"
    },
    {
      "type": "Feature",
      "properties": {
        "@id": "node/11772201065",
        "name": "Belle Ville",
        "place": "village"
      },
      "geometry": {
        "type": "Point",
        "coordinates": [
          13.350454,
          2.6057042
        ]
      },
      "id": "node/11772201065"
    },
    {
      "type": "Feature",
      "properties": {
        "@id": "node/11772201267",
        "name": "Akom",
        "place": "village"
      },
      "geometry": {
        "type": "Point",
        "coordinates": [
          13.3194121,
          2.6247588
        ]
      },
      "id": "node/11772201267"
    },
    {
      "type": "Feature",
      "properties": {
        "@id": "node/12112321831",
        "name": "Ando'o",
        "place": "village"
      },
      "geometry": {
        "type": "Point",
        "coordinates": [
          12.8336218,
          2.6699822
        ]
      },
      "id": "node/12112321831"
    },
    {
      "type": "Feature",
      "properties": {
        "@id": "node/12112351404",
        "name": "Nkolkoumou",
        "place": "village"
      },
      "geometry": {
        "type": "Point",
        "coordinates": [
          13.4001204,
          2.5615946
        ]
      },
      "id": "node/12112351404"
    }
  ]
}
