2024-12-07 00:53:45.967 [] INFO  - org.springframework.orm.jpa.LocalContainerEntityManagerFactoryBean - Closing JPA EntityManagerFactory for persistence unit 'default'
2024-12-07 00:53:46.465 [] INFO  - com.zaxxer.hikari.HikariDataSource - HikariPool-1 - Shutdown initiated...
2024-12-07 00:53:46.580 [] INFO  - com.zaxxer.hikari.HikariDataSource - HikariPool-1 - Shutdown completed.
2024-12-07 01:06:33.462 [] INFO  - org.ligot.afriyan.OngafriyanApplication - Starting OngafriyanApplication using Java 17.0.1 with PID 10748 (C:\Users\GLC\Documents\Project\Java\Formation\bizz\ongafriyan\target\classes started by GLC in C:\Users\GLC\Documents\Project\Java\Formation\bizz\ongafriyan)
2024-12-07 01:06:33.466 [] INFO  - org.ligot.afriyan.OngafriyanApplication - The following 1 profile is active: "dev"
2024-12-07 01:06:33.557 [] INFO  - org.springframework.boot.devtools.env.DevToolsPropertyDefaultsPostProcessor - Devtools property defaults active! Set 'spring.devtools.add-properties' to 'false' to disable
2024-12-07 01:06:33.558 [] INFO  - org.springframework.boot.devtools.env.DevToolsPropertyDefaultsPostProcessor - For additional web related logging consider setting the 'logging.level.web' property to 'DEBUG'
2024-12-07 01:06:36.203 [] INFO  - org.springframework.data.repository.config.RepositoryConfigurationDelegate - Bootstrapping Spring Data JPA repositories in DEFAULT mode.
2024-12-07 01:06:36.561 [] INFO  - org.springframework.data.repository.config.RepositoryConfigurationDelegate - Finished Spring Data repository scanning in 339 ms. Found 42 JPA repository interfaces.
2024-12-07 01:06:37.488 [] INFO  - org.springframework.boot.web.embedded.tomcat.TomcatWebServer - Tomcat initialized with port(s): 8087 (http)
2024-12-07 01:06:37.500 [] INFO  - org.apache.catalina.core.StandardService - Starting service [Tomcat]
2024-12-07 01:06:37.501 [] INFO  - org.apache.catalina.core.StandardEngine - Starting Servlet engine: [Apache Tomcat/10.1.10]
2024-12-07 01:06:37.579 [] INFO  - org.apache.catalina.core.ContainerBase.[Tomcat].[localhost].[/] - Initializing Spring embedded WebApplicationContext
2024-12-07 01:06:37.580 [] INFO  - org.springframework.boot.web.servlet.context.ServletWebServerApplicationContext - Root WebApplicationContext: initialization completed in 4021 ms
2024-12-07 01:06:37.954 [] INFO  - org.hibernate.jpa.internal.util.LogHelper - HHH000204: Processing PersistenceUnitInfo [name: default]
2024-12-07 01:06:38.036 [] INFO  - org.hibernate.Version - HHH000412: Hibernate ORM core version 6.2.5.Final
2024-12-07 01:06:38.039 [] INFO  - org.hibernate.cfg.Environment - HHH000406: Using bytecode reflection optimizer
2024-12-07 01:06:38.259 [] INFO  - org.hibernate.bytecode.internal.BytecodeProviderInitiator - HHH000021: Bytecode provider name : bytebuddy
2024-12-07 01:06:38.421 [] INFO  - org.springframework.orm.jpa.persistenceunit.SpringPersistenceUnitInfo - No LoadTimeWeaver setup: ignoring JPA class transformer
2024-12-07 01:06:38.440 [] INFO  - com.zaxxer.hikari.HikariDataSource - HikariPool-1 - Starting...
2024-12-07 01:06:38.663 [] INFO  - com.zaxxer.hikari.pool.HikariPool - HikariPool-1 - Added connection org.postgresql.jdbc.PgConnection@474bb217
2024-12-07 01:06:38.665 [] INFO  - com.zaxxer.hikari.HikariDataSource - HikariPool-1 - Start completed.
2024-12-07 01:06:39.346 [] INFO  - org.hibernate.bytecode.internal.BytecodeProviderInitiator - HHH000021: Bytecode provider name : bytebuddy
2024-12-07 01:06:40.408 [] INFO  - org.hibernate.metamodel.internal.EntityInstantiatorPojoStandard - HHH000182: No default (no-argument) constructor for class: org.ligot.afriyan.entities.UserConnect (class must be instantiated by Interceptor)
2024-12-07 01:06:40.950 [] INFO  - org.hibernate.engine.transaction.jta.platform.internal.JtaPlatformInitiator - HHH000490: Using JtaPlatform implementation: [org.hibernate.engine.transaction.jta.platform.internal.NoJtaPlatform]
2024-12-07 01:06:41.691 [] INFO  - org.springframework.orm.jpa.LocalContainerEntityManagerFactoryBean - Initialized JPA EntityManagerFactory for persistence unit 'default'
2024-12-07 01:06:42.122 [] INFO  - org.springframework.data.jpa.repository.query.QueryEnhancerFactory - Hibernate is in classpath; If applicable, HQL parser will be used.
2024-12-07 01:06:45.157 [] INFO  - org.springframework.boot.actuate.endpoint.web.EndpointLinksResolver - Exposing 1 endpoint(s) beneath base path '/actuator'
2024-12-07 01:06:45.255 [] INFO  - org.springframework.security.web.DefaultSecurityFilterChain - Will secure any request with [org.springframework.security.web.session.DisableEncodeUrlFilter@7a6f29ea, org.springframework.security.web.context.request.async.WebAsyncManagerIntegrationFilter@7076c08, org.springframework.security.web.context.SecurityContextHolderFilter@6219df13, org.springframework.security.web.header.HeaderWriterFilter@63eca8f4, org.springframework.security.web.authentication.logout.LogoutFilter@f0a0b72, org.ligot.afriyan.config.securities.JwtAuthenticationFilter@65c20f8f, org.springframework.security.web.savedrequest.RequestCacheAwareFilter@17e67d79, org.springframework.security.web.servletapi.SecurityContextHolderAwareRequestFilter@4ea94fac, org.springframework.security.web.authentication.AnonymousAuthenticationFilter@65d8b1de, org.springframework.security.web.session.SessionManagementFilter@191f1c98, org.springframework.security.web.access.ExceptionTranslationFilter@7427578f, org.springframework.security.web.access.intercept.AuthorizationFilter@beecf60]
2024-12-07 01:06:45.921 [] INFO  - org.springframework.boot.devtools.autoconfigure.OptionalLiveReloadServer - LiveReload server is running on port 35729
2024-12-07 01:06:46.027 [] INFO  - org.springframework.boot.web.embedded.tomcat.TomcatWebServer - Tomcat started on port(s): 8087 (http) with context path ''
2024-12-07 01:06:46.047 [] INFO  - org.ligot.afriyan.OngafriyanApplication - Started OngafriyanApplication in 13.082 seconds (process running for 14.399)
2024-12-07 01:06:46.651 [] INFO  - org.apache.catalina.core.ContainerBase.[Tomcat].[localhost].[/] - Initializing Spring DispatcherServlet 'dispatcherServlet'
2024-12-07 01:06:46.652 [] INFO  - org.springframework.web.servlet.DispatcherServlet - Initializing Servlet 'dispatcherServlet'
2024-12-07 01:06:46.654 [] INFO  - org.springframework.web.servlet.DispatcherServlet - Completed initialization in 2 ms
2024-12-07 01:21:23.104 [] INFO  - org.springframework.orm.jpa.LocalContainerEntityManagerFactoryBean - Closing JPA EntityManagerFactory for persistence unit 'default'
2024-12-07 01:21:23.108 [] INFO  - com.zaxxer.hikari.HikariDataSource - HikariPool-1 - Shutdown initiated...
2024-12-07 01:21:23.119 [] INFO  - com.zaxxer.hikari.HikariDataSource - HikariPool-1 - Shutdown completed.
2024-12-07 01:22:41.361 [] INFO  - org.ligot.afriyan.OngafriyanApplication - Starting OngafriyanApplication using Java 17.0.1 with PID 5844 (C:\Users\GLC\Documents\Project\Java\Formation\bizz\ongafriyan\target\classes started by GLC in C:\Users\GLC\Documents\Project\Java\Formation\bizz\ongafriyan)
2024-12-07 01:22:41.365 [] INFO  - org.ligot.afriyan.OngafriyanApplication - The following 1 profile is active: "dev"
2024-12-07 01:22:41.480 [] INFO  - org.springframework.boot.devtools.env.DevToolsPropertyDefaultsPostProcessor - Devtools property defaults active! Set 'spring.devtools.add-properties' to 'false' to disable
2024-12-07 01:22:41.481 [] INFO  - org.springframework.boot.devtools.env.DevToolsPropertyDefaultsPostProcessor - For additional web related logging consider setting the 'logging.level.web' property to 'DEBUG'
2024-12-07 01:22:43.786 [] INFO  - org.springframework.data.repository.config.RepositoryConfigurationDelegate - Bootstrapping Spring Data JPA repositories in DEFAULT mode.
2024-12-07 01:22:44.256 [] INFO  - org.springframework.data.repository.config.RepositoryConfigurationDelegate - Finished Spring Data repository scanning in 459 ms. Found 43 JPA repository interfaces.
2024-12-07 01:22:45.303 [] INFO  - org.springframework.boot.web.embedded.tomcat.TomcatWebServer - Tomcat initialized with port(s): 8087 (http)
2024-12-07 01:22:45.316 [] INFO  - org.apache.catalina.core.StandardService - Starting service [Tomcat]
2024-12-07 01:22:45.317 [] INFO  - org.apache.catalina.core.StandardEngine - Starting Servlet engine: [Apache Tomcat/10.1.10]
2024-12-07 01:22:45.417 [] INFO  - org.apache.catalina.core.ContainerBase.[Tomcat].[localhost].[/] - Initializing Spring embedded WebApplicationContext
2024-12-07 01:22:45.417 [] INFO  - org.springframework.boot.web.servlet.context.ServletWebServerApplicationContext - Root WebApplicationContext: initialization completed in 3935 ms
2024-12-07 01:22:45.868 [] INFO  - org.hibernate.jpa.internal.util.LogHelper - HHH000204: Processing PersistenceUnitInfo [name: default]
2024-12-07 01:22:45.945 [] INFO  - org.hibernate.Version - HHH000412: Hibernate ORM core version 6.2.5.Final
2024-12-07 01:22:45.948 [] INFO  - org.hibernate.cfg.Environment - HHH000406: Using bytecode reflection optimizer
2024-12-07 01:22:46.211 [] INFO  - org.hibernate.bytecode.internal.BytecodeProviderInitiator - HHH000021: Bytecode provider name : bytebuddy
2024-12-07 01:22:46.562 [] INFO  - org.springframework.orm.jpa.persistenceunit.SpringPersistenceUnitInfo - No LoadTimeWeaver setup: ignoring JPA class transformer
2024-12-07 01:22:46.584 [] INFO  - com.zaxxer.hikari.HikariDataSource - HikariPool-1 - Starting...
2024-12-07 01:22:46.877 [] INFO  - com.zaxxer.hikari.pool.HikariPool - HikariPool-1 - Added connection org.postgresql.jdbc.PgConnection@5b10e283
2024-12-07 01:22:46.883 [] INFO  - com.zaxxer.hikari.HikariDataSource - HikariPool-1 - Start completed.
2024-12-07 01:22:48.054 [] INFO  - org.hibernate.bytecode.internal.BytecodeProviderInitiator - HHH000021: Bytecode provider name : bytebuddy
2024-12-07 01:22:49.292 [] INFO  - org.hibernate.metamodel.internal.EntityInstantiatorPojoStandard - HHH000182: No default (no-argument) constructor for class: org.ligot.afriyan.entities.UserConnect (class must be instantiated by Interceptor)
2024-12-07 01:22:49.905 [] INFO  - org.hibernate.engine.transaction.jta.platform.internal.JtaPlatformInitiator - HHH000490: Using JtaPlatform implementation: [org.hibernate.engine.transaction.jta.platform.internal.NoJtaPlatform]
2024-12-07 01:22:50.733 [] INFO  - org.springframework.orm.jpa.LocalContainerEntityManagerFactoryBean - Initialized JPA EntityManagerFactory for persistence unit 'default'
2024-12-07 01:22:51.169 [] INFO  - org.springframework.data.jpa.repository.query.QueryEnhancerFactory - Hibernate is in classpath; If applicable, HQL parser will be used.
2024-12-07 01:22:56.006 [] INFO  - org.springframework.boot.actuate.endpoint.web.EndpointLinksResolver - Exposing 1 endpoint(s) beneath base path '/actuator'
2024-12-07 01:22:56.140 [] INFO  - org.springframework.security.web.DefaultSecurityFilterChain - Will secure any request with [org.springframework.security.web.session.DisableEncodeUrlFilter@20459373, org.springframework.security.web.context.request.async.WebAsyncManagerIntegrationFilter@7a1ee699, org.springframework.security.web.context.SecurityContextHolderFilter@c46fd58, org.springframework.security.web.header.HeaderWriterFilter@2ea32e7, org.springframework.security.web.authentication.logout.LogoutFilter@29c54de4, org.ligot.afriyan.config.securities.JwtAuthenticationFilter@5b32fd5d, org.springframework.security.web.savedrequest.RequestCacheAwareFilter@1de70e9f, org.springframework.security.web.servletapi.SecurityContextHolderAwareRequestFilter@737afdaf, org.springframework.security.web.authentication.AnonymousAuthenticationFilter@6baf4923, org.springframework.security.web.session.SessionManagementFilter@3ad25c4e, org.springframework.security.web.access.ExceptionTranslationFilter@66542bc0, org.springframework.security.web.access.intercept.AuthorizationFilter@71857082]
2024-12-07 01:22:56.891 [] INFO  - org.springframework.boot.devtools.autoconfigure.OptionalLiveReloadServer - LiveReload server is running on port 35729
2024-12-07 01:22:57.006 [] INFO  - org.springframework.boot.web.embedded.tomcat.TomcatWebServer - Tomcat started on port(s): 8087 (http) with context path ''
2024-12-07 01:22:57.027 [] INFO  - org.ligot.afriyan.OngafriyanApplication - Started OngafriyanApplication in 16.525 seconds (process running for 27.951)
2024-12-07 01:37:40.305 [] INFO  - org.springframework.orm.jpa.LocalContainerEntityManagerFactoryBean - Closing JPA EntityManagerFactory for persistence unit 'default'
2024-12-07 01:37:40.312 [] INFO  - com.zaxxer.hikari.HikariDataSource - HikariPool-1 - Shutdown initiated...
2024-12-07 01:37:40.322 [] INFO  - com.zaxxer.hikari.HikariDataSource - HikariPool-1 - Shutdown completed.
2024-12-07 01:40:26.050 [] INFO  - org.ligot.afriyan.OngafriyanApplication - Starting OngafriyanApplication using Java 17.0.1 with PID 4104 (C:\Users\GLC\Documents\Project\Java\Formation\bizz\ongafriyan\target\classes started by GLC in C:\Users\GLC\Documents\Project\Java\Formation\bizz\ongafriyan)
2024-12-07 01:40:26.054 [] INFO  - org.ligot.afriyan.OngafriyanApplication - The following 1 profile is active: "dev"
2024-12-07 01:40:26.151 [] INFO  - org.springframework.boot.devtools.env.DevToolsPropertyDefaultsPostProcessor - Devtools property defaults active! Set 'spring.devtools.add-properties' to 'false' to disable
2024-12-07 01:40:26.152 [] INFO  - org.springframework.boot.devtools.env.DevToolsPropertyDefaultsPostProcessor - For additional web related logging consider setting the 'logging.level.web' property to 'DEBUG'
2024-12-07 01:40:28.268 [] INFO  - org.springframework.data.repository.config.RepositoryConfigurationDelegate - Bootstrapping Spring Data JPA repositories in DEFAULT mode.
2024-12-07 01:40:28.634 [] INFO  - org.springframework.data.repository.config.RepositoryConfigurationDelegate - Finished Spring Data repository scanning in 348 ms. Found 43 JPA repository interfaces.
2024-12-07 01:40:29.545 [] INFO  - org.springframework.boot.web.embedded.tomcat.TomcatWebServer - Tomcat initialized with port(s): 8087 (http)
2024-12-07 01:40:29.554 [] INFO  - org.apache.catalina.core.StandardService - Starting service [Tomcat]
2024-12-07 01:40:29.555 [] INFO  - org.apache.catalina.core.StandardEngine - Starting Servlet engine: [Apache Tomcat/10.1.10]
2024-12-07 01:40:29.635 [] INFO  - org.apache.catalina.core.ContainerBase.[Tomcat].[localhost].[/] - Initializing Spring embedded WebApplicationContext
2024-12-07 01:40:29.636 [] INFO  - org.springframework.boot.web.servlet.context.ServletWebServerApplicationContext - Root WebApplicationContext: initialization completed in 3482 ms
2024-12-07 01:40:30.046 [] INFO  - org.hibernate.jpa.internal.util.LogHelper - HHH000204: Processing PersistenceUnitInfo [name: default]
2024-12-07 01:40:30.126 [] INFO  - org.hibernate.Version - HHH000412: Hibernate ORM core version 6.2.5.Final
2024-12-07 01:40:30.130 [] INFO  - org.hibernate.cfg.Environment - HHH000406: Using bytecode reflection optimizer
2024-12-07 01:40:30.326 [] INFO  - org.hibernate.bytecode.internal.BytecodeProviderInitiator - HHH000021: Bytecode provider name : bytebuddy
2024-12-07 01:40:30.486 [] INFO  - org.springframework.orm.jpa.persistenceunit.SpringPersistenceUnitInfo - No LoadTimeWeaver setup: ignoring JPA class transformer
2024-12-07 01:40:30.508 [] INFO  - com.zaxxer.hikari.HikariDataSource - HikariPool-1 - Starting...
2024-12-07 01:40:30.719 [] INFO  - com.zaxxer.hikari.pool.HikariPool - HikariPool-1 - Added connection org.postgresql.jdbc.PgConnection@12a169fc
2024-12-07 01:40:30.720 [] INFO  - com.zaxxer.hikari.HikariDataSource - HikariPool-1 - Start completed.
2024-12-07 01:40:31.382 [] INFO  - org.hibernate.bytecode.internal.BytecodeProviderInitiator - HHH000021: Bytecode provider name : bytebuddy
2024-12-07 01:40:32.464 [] INFO  - org.hibernate.metamodel.internal.EntityInstantiatorPojoStandard - HHH000182: No default (no-argument) constructor for class: org.ligot.afriyan.entities.UserConnect (class must be instantiated by Interceptor)
2024-12-07 01:40:33.006 [] INFO  - org.hibernate.engine.transaction.jta.platform.internal.JtaPlatformInitiator - HHH000490: Using JtaPlatform implementation: [org.hibernate.engine.transaction.jta.platform.internal.NoJtaPlatform]
2024-12-07 01:40:33.734 [] INFO  - org.springframework.orm.jpa.LocalContainerEntityManagerFactoryBean - Initialized JPA EntityManagerFactory for persistence unit 'default'
2024-12-07 01:40:34.165 [] INFO  - org.springframework.data.jpa.repository.query.QueryEnhancerFactory - Hibernate is in classpath; If applicable, HQL parser will be used.
2024-12-07 01:40:37.996 [] INFO  - org.springframework.boot.actuate.endpoint.web.EndpointLinksResolver - Exposing 1 endpoint(s) beneath base path '/actuator'
2024-12-07 01:40:38.095 [] INFO  - org.springframework.security.web.DefaultSecurityFilterChain - Will secure any request with [org.springframework.security.web.session.DisableEncodeUrlFilter@7d88bf3d, org.springframework.security.web.context.request.async.WebAsyncManagerIntegrationFilter@2552af98, org.springframework.security.web.context.SecurityContextHolderFilter@74af4ecd, org.springframework.security.web.header.HeaderWriterFilter@612d185c, org.springframework.security.web.authentication.logout.LogoutFilter@6703af86, org.ligot.afriyan.config.securities.JwtAuthenticationFilter@fbb130a, org.springframework.security.web.savedrequest.RequestCacheAwareFilter@66f3d040, org.springframework.security.web.servletapi.SecurityContextHolderAwareRequestFilter@37e9753e, org.springframework.security.web.authentication.AnonymousAuthenticationFilter@3322258a, org.springframework.security.web.session.SessionManagementFilter@1e03a80f, org.springframework.security.web.access.ExceptionTranslationFilter@54151ac5, org.springframework.security.web.access.intercept.AuthorizationFilter@2e2ed589]
2024-12-07 01:40:38.768 [] INFO  - org.springframework.boot.devtools.autoconfigure.OptionalLiveReloadServer - LiveReload server is running on port 35729
2024-12-07 01:40:38.896 [] INFO  - org.springframework.boot.web.embedded.tomcat.TomcatWebServer - Tomcat started on port(s): 8087 (http) with context path ''
2024-12-07 01:40:38.920 [] INFO  - org.ligot.afriyan.OngafriyanApplication - Started OngafriyanApplication in 13.389 seconds (process running for 15.109)
2024-12-07 01:40:39.348 [] INFO  - org.apache.catalina.core.ContainerBase.[Tomcat].[localhost].[/] - Initializing Spring DispatcherServlet 'dispatcherServlet'
2024-12-07 01:40:39.350 [] INFO  - org.springframework.web.servlet.DispatcherServlet - Initializing Servlet 'dispatcherServlet'
2024-12-07 01:40:39.353 [] INFO  - org.springframework.web.servlet.DispatcherServlet - Completed initialization in 3 ms
2024-12-07 02:04:03.397 [] INFO  - org.springframework.orm.jpa.LocalContainerEntityManagerFactoryBean - Closing JPA EntityManagerFactory for persistence unit 'default'
2024-12-07 02:04:03.402 [] INFO  - com.zaxxer.hikari.HikariDataSource - HikariPool-1 - Shutdown initiated...
2024-12-07 02:04:03.425 [] INFO  - com.zaxxer.hikari.HikariDataSource - HikariPool-1 - Shutdown completed.
2024-12-07 02:08:34.637 [] INFO  - org.ligot.afriyan.OngafriyanApplication - Starting OngafriyanApplication using Java 17.0.1 with PID 8796 (C:\Users\GLC\Documents\Project\Java\Formation\bizz\ongafriyan\target\classes started by GLC in C:\Users\GLC\Documents\Project\Java\Formation\bizz\ongafriyan)
2024-12-07 02:08:34.640 [] INFO  - org.ligot.afriyan.OngafriyanApplication - The following 1 profile is active: "dev"
2024-12-07 02:08:34.795 [] INFO  - org.springframework.boot.devtools.env.DevToolsPropertyDefaultsPostProcessor - Devtools property defaults active! Set 'spring.devtools.add-properties' to 'false' to disable
2024-12-07 02:08:34.796 [] INFO  - org.springframework.boot.devtools.env.DevToolsPropertyDefaultsPostProcessor - For additional web related logging consider setting the 'logging.level.web' property to 'DEBUG'
2024-12-07 02:08:50.244 [] INFO  - org.springframework.data.repository.config.RepositoryConfigurationDelegate - Bootstrapping Spring Data JPA repositories in DEFAULT mode.
2024-12-07 02:08:53.011 [] INFO  - org.springframework.data.repository.config.RepositoryConfigurationDelegate - Finished Spring Data repository scanning in 2689 ms. Found 43 JPA repository interfaces.
2024-12-07 02:09:00.842 [] INFO  - org.springframework.boot.web.embedded.tomcat.TomcatWebServer - Tomcat initialized with port(s): 8087 (http)
2024-12-07 02:09:00.907 [] INFO  - org.apache.catalina.core.StandardService - Starting service [Tomcat]
2024-12-07 02:09:00.908 [] INFO  - org.apache.catalina.core.StandardEngine - Starting Servlet engine: [Apache Tomcat/10.1.10]
2024-12-07 02:09:02.005 [] INFO  - org.apache.catalina.core.ContainerBase.[Tomcat].[localhost].[/] - Initializing Spring embedded WebApplicationContext
2024-12-07 02:09:02.006 [] INFO  - org.springframework.boot.web.servlet.context.ServletWebServerApplicationContext - Root WebApplicationContext: initialization completed in 27210 ms
2024-12-07 02:09:07.598 [] INFO  - org.hibernate.jpa.internal.util.LogHelper - HHH000204: Processing PersistenceUnitInfo [name: default]
2024-12-07 02:09:07.931 [] INFO  - org.hibernate.Version - HHH000412: Hibernate ORM core version 6.2.5.Final
2024-12-07 02:09:07.935 [] INFO  - org.hibernate.cfg.Environment - HHH000406: Using bytecode reflection optimizer
2024-12-07 02:09:08.189 [] INFO  - org.hibernate.bytecode.internal.BytecodeProviderInitiator - HHH000021: Bytecode provider name : bytebuddy
2024-12-07 02:09:10.867 [] INFO  - org.springframework.orm.jpa.persistenceunit.SpringPersistenceUnitInfo - No LoadTimeWeaver setup: ignoring JPA class transformer
2024-12-07 02:09:10.920 [] INFO  - com.zaxxer.hikari.HikariDataSource - HikariPool-1 - Starting...
2024-12-07 02:09:11.244 [] INFO  - com.zaxxer.hikari.pool.HikariPool - HikariPool-1 - Added connection org.postgresql.jdbc.PgConnection@25361521
2024-12-07 02:09:11.246 [] INFO  - com.zaxxer.hikari.HikariDataSource - HikariPool-1 - Start completed.
2024-12-07 02:09:19.278 [] INFO  - org.hibernate.bytecode.internal.BytecodeProviderInitiator - HHH000021: Bytecode provider name : bytebuddy
2024-12-07 02:09:26.820 [] INFO  - org.hibernate.metamodel.internal.EntityInstantiatorPojoStandard - HHH000182: No default (no-argument) constructor for class: org.ligot.afriyan.entities.UserConnect (class must be instantiated by Interceptor)
2024-12-07 02:09:30.501 [] INFO  - org.hibernate.engine.transaction.jta.platform.internal.JtaPlatformInitiator - HHH000490: Using JtaPlatform implementation: [org.hibernate.engine.transaction.jta.platform.internal.NoJtaPlatform]
2024-12-07 02:09:33.316 [] INFO  - org.springframework.orm.jpa.LocalContainerEntityManagerFactoryBean - Initialized JPA EntityManagerFactory for persistence unit 'default'
2024-12-07 02:09:37.755 [] INFO  - org.springframework.data.jpa.repository.query.QueryEnhancerFactory - Hibernate is in classpath; If applicable, HQL parser will be used.
2024-12-07 02:09:49.201 [] INFO  - org.springframework.boot.actuate.endpoint.web.EndpointLinksResolver - Exposing 1 endpoint(s) beneath base path '/actuator'
2024-12-07 02:09:49.341 [] INFO  - org.springframework.security.web.DefaultSecurityFilterChain - Will secure any request with [org.springframework.security.web.session.DisableEncodeUrlFilter@74fe9e04, org.springframework.security.web.context.request.async.WebAsyncManagerIntegrationFilter@47fb6844, org.springframework.security.web.context.SecurityContextHolderFilter@4424f88, org.springframework.security.web.header.HeaderWriterFilter@1955ede0, org.springframework.security.web.authentication.logout.LogoutFilter@1176d349, org.ligot.afriyan.config.securities.JwtAuthenticationFilter@53fe6bfe, org.springframework.security.web.savedrequest.RequestCacheAwareFilter@5f583ba9, org.springframework.security.web.servletapi.SecurityContextHolderAwareRequestFilter@77b1b074, org.springframework.security.web.authentication.AnonymousAuthenticationFilter@3f0deaf2, org.springframework.security.web.session.SessionManagementFilter@7a34d5d3, org.springframework.security.web.access.ExceptionTranslationFilter@73eb1596, org.springframework.security.web.access.intercept.AuthorizationFilter@586d601]
2024-12-07 02:09:53.094 [] INFO  - org.springframework.boot.devtools.autoconfigure.OptionalLiveReloadServer - LiveReload server is running on port 35729
2024-12-07 02:09:53.213 [] INFO  - org.springframework.boot.web.embedded.tomcat.TomcatWebServer - Tomcat started on port(s): 8087 (http) with context path ''
2024-12-07 02:09:53.235 [] INFO  - org.ligot.afriyan.OngafriyanApplication - Started OngafriyanApplication in 79.622 seconds (process running for 84.947)
2024-12-07 02:15:37.528 [] INFO  - org.apache.catalina.core.ContainerBase.[Tomcat].[localhost].[/] - Initializing Spring DispatcherServlet 'dispatcherServlet'
2024-12-07 02:15:37.556 [] INFO  - org.springframework.web.servlet.DispatcherServlet - Initializing Servlet 'dispatcherServlet'
2024-12-07 02:15:37.561 [] INFO  - org.springframework.web.servlet.DispatcherServlet - Completed initialization in 5 ms
2024-12-07 02:24:04.046 [] INFO  - org.springframework.orm.jpa.LocalContainerEntityManagerFactoryBean - Closing JPA EntityManagerFactory for persistence unit 'default'
2024-12-07 02:24:04.060 [] INFO  - com.zaxxer.hikari.HikariDataSource - HikariPool-1 - Shutdown initiated...
2024-12-07 02:24:04.092 [] INFO  - com.zaxxer.hikari.HikariDataSource - HikariPool-1 - Shutdown completed.
2024-12-07 02:31:48.746 [] INFO  - org.ligot.afriyan.OngafriyanApplication - Starting OngafriyanApplication using Java 17.0.1 with PID 9052 (C:\Users\GLC\Documents\Project\Java\Formation\bizz\ongafriyan\target\classes started by GLC in C:\Users\GLC\Documents\Project\Java\Formation\bizz\ongafriyan)
2024-12-07 02:31:48.750 [] INFO  - org.ligot.afriyan.OngafriyanApplication - The following 1 profile is active: "dev"
2024-12-07 02:31:48.967 [] INFO  - org.springframework.boot.devtools.env.DevToolsPropertyDefaultsPostProcessor - Devtools property defaults active! Set 'spring.devtools.add-properties' to 'false' to disable
2024-12-07 02:31:48.968 [] INFO  - org.springframework.boot.devtools.env.DevToolsPropertyDefaultsPostProcessor - For additional web related logging consider setting the 'logging.level.web' property to 'DEBUG'
2024-12-07 02:31:52.424 [] INFO  - org.springframework.data.repository.config.RepositoryConfigurationDelegate - Bootstrapping Spring Data JPA repositories in DEFAULT mode.
2024-12-07 02:31:52.993 [] INFO  - org.springframework.data.repository.config.RepositoryConfigurationDelegate - Finished Spring Data repository scanning in 552 ms. Found 43 JPA repository interfaces.
2024-12-07 02:31:54.157 [] INFO  - org.springframework.boot.web.embedded.tomcat.TomcatWebServer - Tomcat initialized with port(s): 8087 (http)
2024-12-07 02:31:54.172 [] INFO  - org.apache.catalina.core.StandardService - Starting service [Tomcat]
2024-12-07 02:31:54.173 [] INFO  - org.apache.catalina.core.StandardEngine - Starting Servlet engine: [Apache Tomcat/10.1.10]
2024-12-07 02:31:54.385 [] INFO  - org.apache.catalina.core.ContainerBase.[Tomcat].[localhost].[/] - Initializing Spring embedded WebApplicationContext
2024-12-07 02:31:54.387 [] INFO  - org.springframework.boot.web.servlet.context.ServletWebServerApplicationContext - Root WebApplicationContext: initialization completed in 5417 ms
2024-12-07 02:31:57.280 [] INFO  - org.hibernate.jpa.internal.util.LogHelper - HHH000204: Processing PersistenceUnitInfo [name: default]
2024-12-07 02:31:57.373 [] INFO  - org.hibernate.Version - HHH000412: Hibernate ORM core version 6.2.5.Final
2024-12-07 02:31:57.391 [] INFO  - org.hibernate.cfg.Environment - HHH000406: Using bytecode reflection optimizer
2024-12-07 02:31:57.766 [] INFO  - org.hibernate.bytecode.internal.BytecodeProviderInitiator - HHH000021: Bytecode provider name : bytebuddy
2024-12-07 02:31:58.063 [] INFO  - org.springframework.orm.jpa.persistenceunit.SpringPersistenceUnitInfo - No LoadTimeWeaver setup: ignoring JPA class transformer
2024-12-07 02:31:58.096 [] INFO  - com.zaxxer.hikari.HikariDataSource - HikariPool-1 - Starting...
2024-12-07 02:31:58.413 [] INFO  - com.zaxxer.hikari.pool.HikariPool - HikariPool-1 - Added connection org.postgresql.jdbc.PgConnection@5a7d8936
2024-12-07 02:31:58.415 [] INFO  - com.zaxxer.hikari.HikariDataSource - HikariPool-1 - Start completed.
2024-12-07 02:31:59.365 [] INFO  - org.hibernate.bytecode.internal.BytecodeProviderInitiator - HHH000021: Bytecode provider name : bytebuddy
2024-12-07 02:32:01.623 [] INFO  - org.hibernate.metamodel.internal.EntityInstantiatorPojoStandard - HHH000182: No default (no-argument) constructor for class: org.ligot.afriyan.entities.UserConnect (class must be instantiated by Interceptor)
2024-12-07 02:32:02.352 [] INFO  - org.hibernate.engine.transaction.jta.platform.internal.JtaPlatformInitiator - HHH000490: Using JtaPlatform implementation: [org.hibernate.engine.transaction.jta.platform.internal.NoJtaPlatform]
2024-12-07 02:32:03.177 [] INFO  - org.springframework.orm.jpa.LocalContainerEntityManagerFactoryBean - Initialized JPA EntityManagerFactory for persistence unit 'default'
2024-12-07 02:32:03.522 [] INFO  - org.springframework.data.jpa.repository.query.QueryEnhancerFactory - Hibernate is in classpath; If applicable, HQL parser will be used.
2024-12-07 02:32:08.700 [] INFO  - org.springframework.boot.actuate.endpoint.web.EndpointLinksResolver - Exposing 1 endpoint(s) beneath base path '/actuator'
2024-12-07 02:32:08.830 [] INFO  - org.springframework.security.web.DefaultSecurityFilterChain - Will secure any request with [org.springframework.security.web.session.DisableEncodeUrlFilter@53abe7c8, org.springframework.security.web.context.request.async.WebAsyncManagerIntegrationFilter@255ce4a3, org.springframework.security.web.context.SecurityContextHolderFilter@2bbb7801, org.springframework.security.web.header.HeaderWriterFilter@486a25f8, org.springframework.security.web.authentication.logout.LogoutFilter@7c19bb5a, org.ligot.afriyan.config.securities.JwtAuthenticationFilter@44175c79, org.springframework.security.web.savedrequest.RequestCacheAwareFilter@8b27621, org.springframework.security.web.servletapi.SecurityContextHolderAwareRequestFilter@3b23ecec, org.springframework.security.web.authentication.AnonymousAuthenticationFilter@6121b3d3, org.springframework.security.web.session.SessionManagementFilter@21ba620a, org.springframework.security.web.access.ExceptionTranslationFilter@22aa016, org.springframework.security.web.access.intercept.AuthorizationFilter@7bc1b816]
2024-12-07 02:32:09.592 [] INFO  - org.springframework.boot.devtools.autoconfigure.OptionalLiveReloadServer - LiveReload server is running on port 35729
2024-12-07 02:32:09.712 [] INFO  - org.springframework.boot.web.embedded.tomcat.TomcatWebServer - Tomcat started on port(s): 8087 (http) with context path ''
2024-12-07 02:32:09.735 [] INFO  - org.ligot.afriyan.OngafriyanApplication - Started OngafriyanApplication in 21.537 seconds (process running for 23.129)
2024-12-07 02:32:10.065 [] INFO  - org.apache.catalina.core.ContainerBase.[Tomcat].[localhost].[/] - Initializing Spring DispatcherServlet 'dispatcherServlet'
2024-12-07 02:32:10.068 [] INFO  - org.springframework.web.servlet.DispatcherServlet - Initializing Servlet 'dispatcherServlet'
2024-12-07 02:32:10.072 [] INFO  - org.springframework.web.servlet.DispatcherServlet - Completed initialization in 4 ms
2024-12-07 02:47:14.335 [] INFO  - org.springframework.orm.jpa.LocalContainerEntityManagerFactoryBean - Closing JPA EntityManagerFactory for persistence unit 'default'
2024-12-07 02:47:14.715 [] INFO  - com.zaxxer.hikari.HikariDataSource - HikariPool-1 - Shutdown initiated...
2024-12-07 02:47:15.071 [] INFO  - com.zaxxer.hikari.HikariDataSource - HikariPool-1 - Shutdown completed.
2024-12-07 02:58:51.026 [] INFO  - org.ligot.afriyan.OngafriyanApplication - Starting OngafriyanApplication using Java 17.0.1 with PID 20156 (C:\Users\GLC\Documents\Project\Java\Formation\bizz\ongafriyan\target\classes started by GLC in C:\Users\GLC\Documents\Project\Java\Formation\bizz\ongafriyan)
2024-12-07 02:58:51.029 [] INFO  - org.ligot.afriyan.OngafriyanApplication - The following 1 profile is active: "dev"
2024-12-07 02:58:51.124 [] INFO  - org.springframework.boot.devtools.env.DevToolsPropertyDefaultsPostProcessor - Devtools property defaults active! Set 'spring.devtools.add-properties' to 'false' to disable
2024-12-07 02:58:51.124 [] INFO  - org.springframework.boot.devtools.env.DevToolsPropertyDefaultsPostProcessor - For additional web related logging consider setting the 'logging.level.web' property to 'DEBUG'
2024-12-07 02:58:53.232 [] INFO  - org.springframework.data.repository.config.RepositoryConfigurationDelegate - Bootstrapping Spring Data JPA repositories in DEFAULT mode.
2024-12-07 02:58:53.604 [] INFO  - org.springframework.data.repository.config.RepositoryConfigurationDelegate - Finished Spring Data repository scanning in 360 ms. Found 43 JPA repository interfaces.
2024-12-07 02:58:54.655 [] INFO  - org.springframework.boot.web.embedded.tomcat.TomcatWebServer - Tomcat initialized with port(s): 8087 (http)
2024-12-07 02:58:54.672 [] INFO  - org.apache.catalina.core.StandardService - Starting service [Tomcat]
2024-12-07 02:58:54.672 [] INFO  - org.apache.catalina.core.StandardEngine - Starting Servlet engine: [Apache Tomcat/10.1.10]
2024-12-07 02:58:54.817 [] INFO  - org.apache.catalina.core.ContainerBase.[Tomcat].[localhost].[/] - Initializing Spring embedded WebApplicationContext
2024-12-07 02:58:54.819 [] INFO  - org.springframework.boot.web.servlet.context.ServletWebServerApplicationContext - Root WebApplicationContext: initialization completed in 3693 ms
2024-12-07 02:58:55.331 [] INFO  - org.hibernate.jpa.internal.util.LogHelper - HHH000204: Processing PersistenceUnitInfo [name: default]
2024-12-07 02:58:55.417 [] INFO  - org.hibernate.Version - HHH000412: Hibernate ORM core version 6.2.5.Final
2024-12-07 02:58:55.422 [] INFO  - org.hibernate.cfg.Environment - HHH000406: Using bytecode reflection optimizer
2024-12-07 02:58:55.623 [] INFO  - org.hibernate.bytecode.internal.BytecodeProviderInitiator - HHH000021: Bytecode provider name : bytebuddy
2024-12-07 02:58:55.808 [] INFO  - org.springframework.orm.jpa.persistenceunit.SpringPersistenceUnitInfo - No LoadTimeWeaver setup: ignoring JPA class transformer
2024-12-07 02:58:55.828 [] INFO  - com.zaxxer.hikari.HikariDataSource - HikariPool-1 - Starting...
2024-12-07 02:58:56.053 [] INFO  - com.zaxxer.hikari.pool.HikariPool - HikariPool-1 - Added connection org.postgresql.jdbc.PgConnection@56f1f485
2024-12-07 02:58:56.055 [] INFO  - com.zaxxer.hikari.HikariDataSource - HikariPool-1 - Start completed.
2024-12-07 02:58:56.743 [] INFO  - org.hibernate.bytecode.internal.BytecodeProviderInitiator - HHH000021: Bytecode provider name : bytebuddy
2024-12-07 02:58:57.761 [] INFO  - org.hibernate.metamodel.internal.EntityInstantiatorPojoStandard - HHH000182: No default (no-argument) constructor for class: org.ligot.afriyan.entities.UserConnect (class must be instantiated by Interceptor)
2024-12-07 02:58:58.310 [] INFO  - org.hibernate.engine.transaction.jta.platform.internal.JtaPlatformInitiator - HHH000490: Using JtaPlatform implementation: [org.hibernate.engine.transaction.jta.platform.internal.NoJtaPlatform]
2024-12-07 02:58:59.083 [] INFO  - org.springframework.orm.jpa.LocalContainerEntityManagerFactoryBean - Initialized JPA EntityManagerFactory for persistence unit 'default'
2024-12-07 02:58:59.742 [] INFO  - org.springframework.data.jpa.repository.query.QueryEnhancerFactory - Hibernate is in classpath; If applicable, HQL parser will be used.
2024-12-07 02:59:03.690 [] INFO  - org.springframework.boot.actuate.endpoint.web.EndpointLinksResolver - Exposing 1 endpoint(s) beneath base path '/actuator'
2024-12-07 02:59:03.785 [] INFO  - org.springframework.security.web.DefaultSecurityFilterChain - Will secure any request with [org.springframework.security.web.session.DisableEncodeUrlFilter@aae0999, org.springframework.security.web.context.request.async.WebAsyncManagerIntegrationFilter@9c8449b, org.springframework.security.web.context.SecurityContextHolderFilter@6c3646f5, org.springframework.security.web.header.HeaderWriterFilter@5aed29e2, org.springframework.security.web.authentication.logout.LogoutFilter@27ac72a1, org.ligot.afriyan.config.securities.JwtAuthenticationFilter@59873746, org.springframework.security.web.savedrequest.RequestCacheAwareFilter@25f120d9, org.springframework.security.web.servletapi.SecurityContextHolderAwareRequestFilter@2a005053, org.springframework.security.web.authentication.AnonymousAuthenticationFilter@cbe2dd5, org.springframework.security.web.session.SessionManagementFilter@2852cfd2, org.springframework.security.web.access.ExceptionTranslationFilter@21ba620a, org.springframework.security.web.access.intercept.AuthorizationFilter@55aac9ee]
2024-12-07 02:59:04.543 [] INFO  - org.springframework.boot.devtools.autoconfigure.OptionalLiveReloadServer - LiveReload server is running on port 35729
2024-12-07 02:59:04.658 [] INFO  - org.springframework.boot.web.embedded.tomcat.TomcatWebServer - Tomcat started on port(s): 8087 (http) with context path ''
2024-12-07 02:59:04.684 [] INFO  - org.ligot.afriyan.OngafriyanApplication - Started OngafriyanApplication in 14.202 seconds (process running for 16.068)
2024-12-07 02:59:05.130 [] INFO  - org.apache.catalina.core.ContainerBase.[Tomcat].[localhost].[/] - Initializing Spring DispatcherServlet 'dispatcherServlet'
2024-12-07 02:59:05.130 [] INFO  - org.springframework.web.servlet.DispatcherServlet - Initializing Servlet 'dispatcherServlet'
2024-12-07 02:59:05.133 [] INFO  - org.springframework.web.servlet.DispatcherServlet - Completed initialization in 3 ms
2024-12-07 05:18:55.299 [] INFO  - org.springframework.orm.jpa.LocalContainerEntityManagerFactoryBean - Closing JPA EntityManagerFactory for persistence unit 'default'
2024-12-07 05:18:55.378 [] INFO  - com.zaxxer.hikari.HikariDataSource - HikariPool-1 - Shutdown initiated...
2024-12-07 05:18:55.401 [] INFO  - com.zaxxer.hikari.HikariDataSource - HikariPool-1 - Shutdown completed.
2024-12-07 05:19:33.926 [] INFO  - org.ligot.afriyan.OngafriyanApplication - Starting OngafriyanApplication using Java 17.0.1 with PID 10620 (C:\Users\GLC\Documents\Project\Java\Formation\bizz\ongafriyan\target\classes started by GLC in C:\Users\GLC\Documents\Project\Java\Formation\bizz\ongafriyan)
2024-12-07 05:19:33.928 [] INFO  - org.ligot.afriyan.OngafriyanApplication - The following 1 profile is active: "dev"
2024-12-07 05:19:34.040 [] INFO  - org.springframework.boot.devtools.env.DevToolsPropertyDefaultsPostProcessor - Devtools property defaults active! Set 'spring.devtools.add-properties' to 'false' to disable
2024-12-07 05:19:34.041 [] INFO  - org.springframework.boot.devtools.env.DevToolsPropertyDefaultsPostProcessor - For additional web related logging consider setting the 'logging.level.web' property to 'DEBUG'
2024-12-07 05:19:37.092 [] INFO  - org.springframework.data.repository.config.RepositoryConfigurationDelegate - Bootstrapping Spring Data JPA repositories in DEFAULT mode.
2024-12-07 05:19:37.618 [] INFO  - org.springframework.data.repository.config.RepositoryConfigurationDelegate - Finished Spring Data repository scanning in 502 ms. Found 43 JPA repository interfaces.
2024-12-07 05:19:38.823 [] INFO  - org.springframework.boot.web.embedded.tomcat.TomcatWebServer - Tomcat initialized with port(s): 8087 (http)
2024-12-07 05:19:38.847 [] INFO  - org.apache.catalina.core.StandardService - Starting service [Tomcat]
2024-12-07 05:19:38.847 [] INFO  - org.apache.catalina.core.StandardEngine - Starting Servlet engine: [Apache Tomcat/10.1.10]
2024-12-07 05:19:38.962 [] INFO  - org.apache.catalina.core.ContainerBase.[Tomcat].[localhost].[/] - Initializing Spring embedded WebApplicationContext
2024-12-07 05:19:38.963 [] INFO  - org.springframework.boot.web.servlet.context.ServletWebServerApplicationContext - Root WebApplicationContext: initialization completed in 4921 ms
2024-12-07 05:19:39.398 [] INFO  - org.hibernate.jpa.internal.util.LogHelper - HHH000204: Processing PersistenceUnitInfo [name: default]
2024-12-07 05:19:39.491 [] INFO  - org.hibernate.Version - HHH000412: Hibernate ORM core version 6.2.5.Final
2024-12-07 05:19:39.496 [] INFO  - org.hibernate.cfg.Environment - HHH000406: Using bytecode reflection optimizer
2024-12-07 05:19:39.725 [] INFO  - org.hibernate.bytecode.internal.BytecodeProviderInitiator - HHH000021: Bytecode provider name : bytebuddy
2024-12-07 05:19:39.923 [] INFO  - org.springframework.orm.jpa.persistenceunit.SpringPersistenceUnitInfo - No LoadTimeWeaver setup: ignoring JPA class transformer
2024-12-07 05:19:39.948 [] INFO  - com.zaxxer.hikari.HikariDataSource - HikariPool-1 - Starting...
2024-12-07 05:19:40.196 [] INFO  - com.zaxxer.hikari.pool.HikariPool - HikariPool-1 - Added connection org.postgresql.jdbc.PgConnection@55205bd4
2024-12-07 05:19:40.198 [] INFO  - com.zaxxer.hikari.HikariDataSource - HikariPool-1 - Start completed.
2024-12-07 05:19:40.847 [] INFO  - org.hibernate.bytecode.internal.BytecodeProviderInitiator - HHH000021: Bytecode provider name : bytebuddy
2024-12-07 05:19:41.891 [] INFO  - org.hibernate.metamodel.internal.EntityInstantiatorPojoStandard - HHH000182: No default (no-argument) constructor for class: org.ligot.afriyan.entities.UserConnect (class must be instantiated by Interceptor)
2024-12-07 05:19:42.426 [] INFO  - org.hibernate.engine.transaction.jta.platform.internal.JtaPlatformInitiator - HHH000490: Using JtaPlatform implementation: [org.hibernate.engine.transaction.jta.platform.internal.NoJtaPlatform]
2024-12-07 05:19:43.154 [] INFO  - org.springframework.orm.jpa.LocalContainerEntityManagerFactoryBean - Initialized JPA EntityManagerFactory for persistence unit 'default'
2024-12-07 05:19:43.546 [] INFO  - org.springframework.data.jpa.repository.query.QueryEnhancerFactory - Hibernate is in classpath; If applicable, HQL parser will be used.
2024-12-07 05:19:46.702 [] INFO  - org.springframework.boot.actuate.endpoint.web.EndpointLinksResolver - Exposing 1 endpoint(s) beneath base path '/actuator'
2024-12-07 05:19:46.781 [] INFO  - org.springframework.security.web.DefaultSecurityFilterChain - Will secure any request with [org.springframework.security.web.session.DisableEncodeUrlFilter@d11b70e, org.springframework.security.web.context.request.async.WebAsyncManagerIntegrationFilter@5bcdcc3d, org.springframework.security.web.context.SecurityContextHolderFilter@4c0740e2, org.springframework.security.web.header.HeaderWriterFilter@73b4834, org.springframework.security.web.authentication.logout.LogoutFilter@438783dd, org.ligot.afriyan.config.securities.JwtAuthenticationFilter@1946bc89, org.springframework.security.web.savedrequest.RequestCacheAwareFilter@116f1a84, org.springframework.security.web.servletapi.SecurityContextHolderAwareRequestFilter@21ab4b1e, org.springframework.security.web.authentication.AnonymousAuthenticationFilter@5c7e04f0, org.springframework.security.web.session.SessionManagementFilter@3d88262e, org.springframework.security.web.access.ExceptionTranslationFilter@5dc3f40f, org.springframework.security.web.access.intercept.AuthorizationFilter@1949f861]
2024-12-07 05:19:47.332 [] INFO  - org.springframework.boot.devtools.autoconfigure.OptionalLiveReloadServer - LiveReload server is running on port 35729
2024-12-07 05:19:47.432 [] INFO  - org.springframework.boot.web.embedded.tomcat.TomcatWebServer - Tomcat started on port(s): 8087 (http) with context path ''
2024-12-07 05:19:47.451 [] INFO  - org.ligot.afriyan.OngafriyanApplication - Started OngafriyanApplication in 14.949 seconds (process running for 17.77)
2024-12-07 05:19:47.868 [] INFO  - org.apache.catalina.core.ContainerBase.[Tomcat].[localhost].[/] - Initializing Spring DispatcherServlet 'dispatcherServlet'
2024-12-07 05:19:47.869 [] INFO  - org.springframework.web.servlet.DispatcherServlet - Initializing Servlet 'dispatcherServlet'
2024-12-07 05:19:47.871 [] INFO  - org.springframework.web.servlet.DispatcherServlet - Completed initialization in 2 ms
2024-12-07 05:37:16.969 [] INFO  - org.springframework.orm.jpa.LocalContainerEntityManagerFactoryBean - Closing JPA EntityManagerFactory for persistence unit 'default'
2024-12-07 05:37:16.974 [] INFO  - com.zaxxer.hikari.HikariDataSource - HikariPool-1 - Shutdown initiated...
2024-12-07 05:37:17.033 [] INFO  - com.zaxxer.hikari.HikariDataSource - HikariPool-1 - Shutdown completed.
2024-12-07 05:37:34.108 [] INFO  - org.ligot.afriyan.OngafriyanApplication - Starting OngafriyanApplication using Java 17.0.1 with PID 7000 (C:\Users\GLC\Documents\Project\Java\Formation\bizz\ongafriyan\target\classes started by GLC in C:\Users\GLC\Documents\Project\Java\Formation\bizz\ongafriyan)
2024-12-07 05:37:34.111 [] INFO  - org.ligot.afriyan.OngafriyanApplication - The following 1 profile is active: "dev"
2024-12-07 05:37:34.198 [] INFO  - org.springframework.boot.devtools.env.DevToolsPropertyDefaultsPostProcessor - Devtools property defaults active! Set 'spring.devtools.add-properties' to 'false' to disable
2024-12-07 05:37:34.198 [] INFO  - org.springframework.boot.devtools.env.DevToolsPropertyDefaultsPostProcessor - For additional web related logging consider setting the 'logging.level.web' property to 'DEBUG'
2024-12-07 05:37:36.493 [] INFO  - org.springframework.data.repository.config.RepositoryConfigurationDelegate - Bootstrapping Spring Data JPA repositories in DEFAULT mode.
2024-12-07 05:37:36.943 [] INFO  - org.springframework.data.repository.config.RepositoryConfigurationDelegate - Finished Spring Data repository scanning in 439 ms. Found 43 JPA repository interfaces.
2024-12-07 05:37:37.944 [] INFO  - org.springframework.boot.web.embedded.tomcat.TomcatWebServer - Tomcat initialized with port(s): 8087 (http)
2024-12-07 05:37:37.956 [] INFO  - org.apache.catalina.core.StandardService - Starting service [Tomcat]
2024-12-07 05:37:37.956 [] INFO  - org.apache.catalina.core.StandardEngine - Starting Servlet engine: [Apache Tomcat/10.1.10]
2024-12-07 05:37:38.050 [] INFO  - org.apache.catalina.core.ContainerBase.[Tomcat].[localhost].[/] - Initializing Spring embedded WebApplicationContext
2024-12-07 05:37:38.051 [] INFO  - org.springframework.boot.web.servlet.context.ServletWebServerApplicationContext - Root WebApplicationContext: initialization completed in 3851 ms
2024-12-07 05:37:38.433 [] INFO  - org.hibernate.jpa.internal.util.LogHelper - HHH000204: Processing PersistenceUnitInfo [name: default]
2024-12-07 05:37:38.516 [] INFO  - org.hibernate.Version - HHH000412: Hibernate ORM core version 6.2.5.Final
2024-12-07 05:37:38.519 [] INFO  - org.hibernate.cfg.Environment - HHH000406: Using bytecode reflection optimizer
2024-12-07 05:37:38.688 [] INFO  - org.hibernate.bytecode.internal.BytecodeProviderInitiator - HHH000021: Bytecode provider name : bytebuddy
2024-12-07 05:37:38.873 [] INFO  - org.springframework.orm.jpa.persistenceunit.SpringPersistenceUnitInfo - No LoadTimeWeaver setup: ignoring JPA class transformer
2024-12-07 05:37:38.893 [] INFO  - com.zaxxer.hikari.HikariDataSource - HikariPool-1 - Starting...
2024-12-07 05:37:39.117 [] INFO  - com.zaxxer.hikari.pool.HikariPool - HikariPool-1 - Added connection org.postgresql.jdbc.PgConnection@21e7df21
2024-12-07 05:37:39.119 [] INFO  - com.zaxxer.hikari.HikariDataSource - HikariPool-1 - Start completed.
2024-12-07 05:37:41.454 [] INFO  - org.hibernate.bytecode.internal.BytecodeProviderInitiator - HHH000021: Bytecode provider name : bytebuddy
2024-12-07 05:37:43.019 [] INFO  - org.hibernate.metamodel.internal.EntityInstantiatorPojoStandard - HHH000182: No default (no-argument) constructor for class: org.ligot.afriyan.entities.UserConnect (class must be instantiated by Interceptor)
2024-12-07 05:37:43.709 [] INFO  - org.hibernate.engine.transaction.jta.platform.internal.JtaPlatformInitiator - HHH000490: Using JtaPlatform implementation: [org.hibernate.engine.transaction.jta.platform.internal.NoJtaPlatform]
2024-12-07 05:37:44.486 [] INFO  - org.springframework.orm.jpa.LocalContainerEntityManagerFactoryBean - Initialized JPA EntityManagerFactory for persistence unit 'default'
2024-12-07 05:37:44.803 [] INFO  - org.springframework.data.jpa.repository.query.QueryEnhancerFactory - Hibernate is in classpath; If applicable, HQL parser will be used.
2024-12-07 05:37:48.871 [] INFO  - org.springframework.boot.actuate.endpoint.web.EndpointLinksResolver - Exposing 1 endpoint(s) beneath base path '/actuator'
2024-12-07 05:37:48.968 [] INFO  - org.springframework.security.web.DefaultSecurityFilterChain - Will secure any request with [org.springframework.security.web.session.DisableEncodeUrlFilter@5bcdcc3d, org.springframework.security.web.context.request.async.WebAsyncManagerIntegrationFilter@5c7e04f0, org.springframework.security.web.context.SecurityContextHolderFilter@3042b61a, org.springframework.security.web.header.HeaderWriterFilter@3f622ccd, org.springframework.security.web.authentication.logout.LogoutFilter@16e85073, org.ligot.afriyan.config.securities.JwtAuthenticationFilter@3d8c5fc4, org.springframework.security.web.savedrequest.RequestCacheAwareFilter@21ab4b1e, org.springframework.security.web.servletapi.SecurityContextHolderAwareRequestFilter@575d0f99, org.springframework.security.web.authentication.AnonymousAuthenticationFilter@7ef1552a, org.springframework.security.web.session.SessionManagementFilter@483d2630, org.springframework.security.web.access.ExceptionTranslationFilter@2bc1ebd1, org.springframework.security.web.access.intercept.AuthorizationFilter@704eef43]
2024-12-07 05:37:49.604 [] INFO  - org.springframework.boot.devtools.autoconfigure.OptionalLiveReloadServer - LiveReload server is running on port 35729
2024-12-07 05:37:49.721 [] INFO  - org.springframework.boot.web.embedded.tomcat.TomcatWebServer - Tomcat started on port(s): 8087 (http) with context path ''
2024-12-07 05:37:49.746 [] INFO  - org.ligot.afriyan.OngafriyanApplication - Started OngafriyanApplication in 16.206 seconds (process running for 18.907)
2024-12-07 05:37:50.100 [] INFO  - org.apache.catalina.core.ContainerBase.[Tomcat].[localhost].[/] - Initializing Spring DispatcherServlet 'dispatcherServlet'
2024-12-07 05:37:50.100 [] INFO  - org.springframework.web.servlet.DispatcherServlet - Initializing Servlet 'dispatcherServlet'
2024-12-07 05:37:50.103 [] INFO  - org.springframework.web.servlet.DispatcherServlet - Completed initialization in 2 ms
2024-12-07 05:40:55.653 [] INFO  - org.springframework.orm.jpa.LocalContainerEntityManagerFactoryBean - Closing JPA EntityManagerFactory for persistence unit 'default'
2024-12-07 05:40:55.662 [] INFO  - com.zaxxer.hikari.HikariDataSource - HikariPool-1 - Shutdown initiated...
2024-12-07 05:40:55.699 [] INFO  - com.zaxxer.hikari.HikariDataSource - HikariPool-1 - Shutdown completed.
2024-12-07 05:41:21.009 [] INFO  - org.ligot.afriyan.OngafriyanApplication - Starting OngafriyanApplication using Java 17.0.1 with PID 21948 (C:\Users\GLC\Documents\Project\Java\Formation\bizz\ongafriyan\target\classes started by GLC in C:\Users\GLC\Documents\Project\Java\Formation\bizz\ongafriyan)
2024-12-07 05:41:21.012 [] INFO  - org.ligot.afriyan.OngafriyanApplication - The following 1 profile is active: "dev"
2024-12-07 05:41:21.095 [] INFO  - org.springframework.boot.devtools.env.DevToolsPropertyDefaultsPostProcessor - Devtools property defaults active! Set 'spring.devtools.add-properties' to 'false' to disable
2024-12-07 05:41:21.096 [] INFO  - org.springframework.boot.devtools.env.DevToolsPropertyDefaultsPostProcessor - For additional web related logging consider setting the 'logging.level.web' property to 'DEBUG'
2024-12-07 05:41:23.217 [] INFO  - org.springframework.data.repository.config.RepositoryConfigurationDelegate - Bootstrapping Spring Data JPA repositories in DEFAULT mode.
2024-12-07 05:41:23.579 [] INFO  - org.springframework.data.repository.config.RepositoryConfigurationDelegate - Finished Spring Data repository scanning in 349 ms. Found 43 JPA repository interfaces.
2024-12-07 05:41:24.472 [] INFO  - org.springframework.boot.web.embedded.tomcat.TomcatWebServer - Tomcat initialized with port(s): 8087 (http)
2024-12-07 05:41:24.484 [] INFO  - org.apache.catalina.core.StandardService - Starting service [Tomcat]
2024-12-07 05:41:24.485 [] INFO  - org.apache.catalina.core.StandardEngine - Starting Servlet engine: [Apache Tomcat/10.1.10]
2024-12-07 05:41:24.575 [] INFO  - org.apache.catalina.core.ContainerBase.[Tomcat].[localhost].[/] - Initializing Spring embedded WebApplicationContext
2024-12-07 05:41:24.576 [] INFO  - org.springframework.boot.web.servlet.context.ServletWebServerApplicationContext - Root WebApplicationContext: initialization completed in 3479 ms
2024-12-07 05:41:24.936 [] INFO  - org.hibernate.jpa.internal.util.LogHelper - HHH000204: Processing PersistenceUnitInfo [name: default]
2024-12-07 05:41:25.047 [] INFO  - org.hibernate.Version - HHH000412: Hibernate ORM core version 6.2.5.Final
2024-12-07 05:41:25.052 [] INFO  - org.hibernate.cfg.Environment - HHH000406: Using bytecode reflection optimizer
2024-12-07 05:41:25.308 [] INFO  - org.hibernate.bytecode.internal.BytecodeProviderInitiator - HHH000021: Bytecode provider name : bytebuddy
2024-12-07 05:41:25.540 [] INFO  - org.springframework.orm.jpa.persistenceunit.SpringPersistenceUnitInfo - No LoadTimeWeaver setup: ignoring JPA class transformer
2024-12-07 05:41:25.564 [] INFO  - com.zaxxer.hikari.HikariDataSource - HikariPool-1 - Starting...
2024-12-07 05:41:25.829 [] INFO  - com.zaxxer.hikari.pool.HikariPool - HikariPool-1 - Added connection org.postgresql.jdbc.PgConnection@1fd1a54b
2024-12-07 05:41:25.832 [] INFO  - com.zaxxer.hikari.HikariDataSource - HikariPool-1 - Start completed.
2024-12-07 05:41:26.519 [] INFO  - org.hibernate.bytecode.internal.BytecodeProviderInitiator - HHH000021: Bytecode provider name : bytebuddy
2024-12-07 05:41:27.653 [] INFO  - org.hibernate.metamodel.internal.EntityInstantiatorPojoStandard - HHH000182: No default (no-argument) constructor for class: org.ligot.afriyan.entities.UserConnect (class must be instantiated by Interceptor)
2024-12-07 05:41:28.180 [] INFO  - org.hibernate.engine.transaction.jta.platform.internal.JtaPlatformInitiator - HHH000490: Using JtaPlatform implementation: [org.hibernate.engine.transaction.jta.platform.internal.NoJtaPlatform]
2024-12-07 05:41:29.573 [] INFO  - org.springframework.orm.jpa.LocalContainerEntityManagerFactoryBean - Initialized JPA EntityManagerFactory for persistence unit 'default'
2024-12-07 05:41:38.415 [] INFO  - org.springframework.data.jpa.repository.query.QueryEnhancerFactory - Hibernate is in classpath; If applicable, HQL parser will be used.
2024-12-07 05:42:06.241 [] INFO  - org.springframework.boot.actuate.endpoint.web.EndpointLinksResolver - Exposing 1 endpoint(s) beneath base path '/actuator'
2024-12-07 05:42:06.373 [] INFO  - org.springframework.security.web.DefaultSecurityFilterChain - Will secure any request with [org.springframework.security.web.session.DisableEncodeUrlFilter@4a894055, org.springframework.security.web.context.request.async.WebAsyncManagerIntegrationFilter@44c61f28, org.springframework.security.web.context.SecurityContextHolderFilter@1cd1389d, org.springframework.security.web.header.HeaderWriterFilter@7da620d9, org.springframework.security.web.authentication.logout.LogoutFilter@76584829, org.ligot.afriyan.config.securities.JwtAuthenticationFilter@17adcf31, org.springframework.security.web.savedrequest.RequestCacheAwareFilter@13ac580c, org.springframework.security.web.servletapi.SecurityContextHolderAwareRequestFilter@7472977e, org.springframework.security.web.authentication.AnonymousAuthenticationFilter@5f19dd6f, org.springframework.security.web.session.SessionManagementFilter@26a3c66, org.springframework.security.web.access.ExceptionTranslationFilter@20f043c3, org.springframework.security.web.access.intercept.AuthorizationFilter@4838cf3b]
2024-12-07 05:42:11.667 [] INFO  - org.springframework.boot.devtools.autoconfigure.OptionalLiveReloadServer - LiveReload server is running on port 35729
2024-12-07 05:42:11.836 [] INFO  - org.springframework.boot.web.embedded.tomcat.TomcatWebServer - Tomcat started on port(s): 8087 (http) with context path ''
2024-12-07 05:42:11.869 [] INFO  - org.ligot.afriyan.OngafriyanApplication - Started OngafriyanApplication in 51.341 seconds (process running for 52.72)
2024-12-07 05:42:17.459 [] INFO  - org.apache.catalina.core.ContainerBase.[Tomcat].[localhost].[/] - Initializing Spring DispatcherServlet 'dispatcherServlet'
2024-12-07 05:42:17.460 [] INFO  - org.springframework.web.servlet.DispatcherServlet - Initializing Servlet 'dispatcherServlet'
2024-12-07 05:42:17.464 [] INFO  - org.springframework.web.servlet.DispatcherServlet - Completed initialization in 4 ms
2024-12-07 08:21:00.169 [] INFO  - org.springframework.orm.jpa.LocalContainerEntityManagerFactoryBean - Closing JPA EntityManagerFactory for persistence unit 'default'
2024-12-07 08:21:00.181 [] INFO  - com.zaxxer.hikari.HikariDataSource - HikariPool-1 - Shutdown initiated...
2024-12-07 08:21:00.196 [] INFO  - com.zaxxer.hikari.HikariDataSource - HikariPool-1 - Shutdown completed.
2024-12-07 08:21:16.953 [] INFO  - org.ligot.afriyan.OngafriyanApplication - Starting OngafriyanApplication using Java 17.0.1 with PID 17608 (C:\Users\GLC\Documents\Project\Java\Formation\bizz\ongafriyan\target\classes started by GLC in C:\Users\GLC\Documents\Project\Java\Formation\bizz\ongafriyan)
2024-12-07 08:21:16.956 [] INFO  - org.ligot.afriyan.OngafriyanApplication - The following 1 profile is active: "dev"
2024-12-07 08:21:17.058 [] INFO  - org.springframework.boot.devtools.env.DevToolsPropertyDefaultsPostProcessor - Devtools property defaults active! Set 'spring.devtools.add-properties' to 'false' to disable
2024-12-07 08:21:17.059 [] INFO  - org.springframework.boot.devtools.env.DevToolsPropertyDefaultsPostProcessor - For additional web related logging consider setting the 'logging.level.web' property to 'DEBUG'
2024-12-07 08:21:19.320 [] INFO  - org.springframework.data.repository.config.RepositoryConfigurationDelegate - Bootstrapping Spring Data JPA repositories in DEFAULT mode.
2024-12-07 08:21:19.706 [] INFO  - org.springframework.data.repository.config.RepositoryConfigurationDelegate - Finished Spring Data repository scanning in 374 ms. Found 43 JPA repository interfaces.
2024-12-07 08:21:21.027 [] INFO  - org.springframework.boot.web.embedded.tomcat.TomcatWebServer - Tomcat initialized with port(s): 8087 (http)
2024-12-07 08:21:21.042 [] INFO  - org.apache.catalina.core.StandardService - Starting service [Tomcat]
2024-12-07 08:21:21.043 [] INFO  - org.apache.catalina.core.StandardEngine - Starting Servlet engine: [Apache Tomcat/10.1.10]
2024-12-07 08:21:21.157 [] INFO  - org.apache.catalina.core.ContainerBase.[Tomcat].[localhost].[/] - Initializing Spring embedded WebApplicationContext
2024-12-07 08:21:21.158 [] INFO  - org.springframework.boot.web.servlet.context.ServletWebServerApplicationContext - Root WebApplicationContext: initialization completed in 4098 ms
2024-12-07 08:21:21.615 [] INFO  - org.hibernate.jpa.internal.util.LogHelper - HHH000204: Processing PersistenceUnitInfo [name: default]
2024-12-07 08:21:21.737 [] INFO  - org.hibernate.Version - HHH000412: Hibernate ORM core version 6.2.5.Final
2024-12-07 08:21:21.741 [] INFO  - org.hibernate.cfg.Environment - HHH000406: Using bytecode reflection optimizer
2024-12-07 08:21:22.310 [] INFO  - org.hibernate.bytecode.internal.BytecodeProviderInitiator - HHH000021: Bytecode provider name : bytebuddy
2024-12-07 08:21:22.494 [] INFO  - org.springframework.orm.jpa.persistenceunit.SpringPersistenceUnitInfo - No LoadTimeWeaver setup: ignoring JPA class transformer
2024-12-07 08:21:22.518 [] INFO  - com.zaxxer.hikari.HikariDataSource - HikariPool-1 - Starting...
2024-12-07 08:21:22.766 [] INFO  - com.zaxxer.hikari.pool.HikariPool - HikariPool-1 - Added connection org.postgresql.jdbc.PgConnection@1d26ce1c
2024-12-07 08:21:22.768 [] INFO  - com.zaxxer.hikari.HikariDataSource - HikariPool-1 - Start completed.
2024-12-07 08:21:23.411 [] INFO  - org.hibernate.bytecode.internal.BytecodeProviderInitiator - HHH000021: Bytecode provider name : bytebuddy
2024-12-07 08:21:24.495 [] INFO  - org.hibernate.metamodel.internal.EntityInstantiatorPojoStandard - HHH000182: No default (no-argument) constructor for class: org.ligot.afriyan.entities.UserConnect (class must be instantiated by Interceptor)
2024-12-07 08:21:25.028 [] INFO  - org.hibernate.engine.transaction.jta.platform.internal.JtaPlatformInitiator - HHH000490: Using JtaPlatform implementation: [org.hibernate.engine.transaction.jta.platform.internal.NoJtaPlatform]
2024-12-07 08:21:25.785 [] INFO  - org.springframework.orm.jpa.LocalContainerEntityManagerFactoryBean - Initialized JPA EntityManagerFactory for persistence unit 'default'
2024-12-07 08:21:26.113 [] INFO  - org.springframework.data.jpa.repository.query.QueryEnhancerFactory - Hibernate is in classpath; If applicable, HQL parser will be used.
2024-12-07 08:21:29.314 [] INFO  - org.springframework.boot.actuate.endpoint.web.EndpointLinksResolver - Exposing 1 endpoint(s) beneath base path '/actuator'
2024-12-07 08:21:29.401 [] INFO  - org.springframework.security.web.DefaultSecurityFilterChain - Will secure any request with [org.springframework.security.web.session.DisableEncodeUrlFilter@72fd4e53, org.springframework.security.web.context.request.async.WebAsyncManagerIntegrationFilter@38f9cc0e, org.springframework.security.web.context.SecurityContextHolderFilter@258d7486, org.springframework.security.web.header.HeaderWriterFilter@3182ef02, org.springframework.security.web.authentication.logout.LogoutFilter@3256a356, org.ligot.afriyan.config.securities.JwtAuthenticationFilter@213c8777, org.springframework.security.web.savedrequest.RequestCacheAwareFilter@6d67660f, org.springframework.security.web.servletapi.SecurityContextHolderAwareRequestFilter@543bc52d, org.springframework.security.web.authentication.AnonymousAuthenticationFilter@3eef5451, org.springframework.security.web.session.SessionManagementFilter@7e591214, org.springframework.security.web.access.ExceptionTranslationFilter@1792955e, org.springframework.security.web.access.intercept.AuthorizationFilter@2c5cd250]
2024-12-07 08:21:29.917 [] INFO  - org.springframework.boot.devtools.autoconfigure.OptionalLiveReloadServer - LiveReload server is running on port 35729
2024-12-07 08:21:30.026 [] INFO  - org.springframework.boot.web.embedded.tomcat.TomcatWebServer - Tomcat started on port(s): 8087 (http) with context path ''
2024-12-07 08:21:30.046 [] INFO  - org.ligot.afriyan.OngafriyanApplication - Started OngafriyanApplication in 13.725 seconds (process running for 15.202)
2024-12-07 08:21:30.432 [] INFO  - org.apache.catalina.core.ContainerBase.[Tomcat].[localhost].[/] - Initializing Spring DispatcherServlet 'dispatcherServlet'
2024-12-07 08:21:30.433 [] INFO  - org.springframework.web.servlet.DispatcherServlet - Initializing Servlet 'dispatcherServlet'
2024-12-07 08:21:30.435 [] INFO  - org.springframework.web.servlet.DispatcherServlet - Completed initialization in 2 ms
2024-12-07 09:26:44.115 [] INFO  - org.springframework.orm.jpa.LocalContainerEntityManagerFactoryBean - Closing JPA EntityManagerFactory for persistence unit 'default'
2024-12-07 09:26:44.123 [] INFO  - com.zaxxer.hikari.HikariDataSource - HikariPool-1 - Shutdown initiated...
2024-12-07 09:26:44.158 [] INFO  - com.zaxxer.hikari.HikariDataSource - HikariPool-1 - Shutdown completed.
2024-12-07 09:27:18.661 [] INFO  - org.ligot.afriyan.OngafriyanApplication - Starting OngafriyanApplication using Java 17.0.1 with PID 17112 (C:\Users\GLC\Documents\Project\Java\Formation\bizz\ongafriyan\target\classes started by GLC in C:\Users\GLC\Documents\Project\Java\Formation\bizz\ongafriyan)
2024-12-07 09:27:18.664 [] INFO  - org.ligot.afriyan.OngafriyanApplication - The following 1 profile is active: "dev"
2024-12-07 09:27:18.825 [] INFO  - org.springframework.boot.devtools.env.DevToolsPropertyDefaultsPostProcessor - Devtools property defaults active! Set 'spring.devtools.add-properties' to 'false' to disable
2024-12-07 09:27:18.826 [] INFO  - org.springframework.boot.devtools.env.DevToolsPropertyDefaultsPostProcessor - For additional web related logging consider setting the 'logging.level.web' property to 'DEBUG'
2024-12-07 09:27:22.470 [] INFO  - org.springframework.data.repository.config.RepositoryConfigurationDelegate - Bootstrapping Spring Data JPA repositories in DEFAULT mode.
2024-12-07 09:27:23.168 [] INFO  - org.springframework.data.repository.config.RepositoryConfigurationDelegate - Finished Spring Data repository scanning in 674 ms. Found 43 JPA repository interfaces.
2024-12-07 09:27:24.620 [] INFO  - org.springframework.boot.web.embedded.tomcat.TomcatWebServer - Tomcat initialized with port(s): 8087 (http)
2024-12-07 09:27:24.636 [] INFO  - org.apache.catalina.core.StandardService - Starting service [Tomcat]
2024-12-07 09:27:24.637 [] INFO  - org.apache.catalina.core.StandardEngine - Starting Servlet engine: [Apache Tomcat/10.1.10]
2024-12-07 09:27:24.802 [] INFO  - org.apache.catalina.core.ContainerBase.[Tomcat].[localhost].[/] - Initializing Spring embedded WebApplicationContext
2024-12-07 09:27:24.803 [] INFO  - org.springframework.boot.web.servlet.context.ServletWebServerApplicationContext - Root WebApplicationContext: initialization completed in 5976 ms
2024-12-07 09:27:25.298 [] INFO  - org.hibernate.jpa.internal.util.LogHelper - HHH000204: Processing PersistenceUnitInfo [name: default]
2024-12-07 09:27:25.424 [] INFO  - org.hibernate.Version - HHH000412: Hibernate ORM core version 6.2.5.Final
2024-12-07 09:27:25.429 [] INFO  - org.hibernate.cfg.Environment - HHH000406: Using bytecode reflection optimizer
2024-12-07 09:27:25.691 [] INFO  - org.hibernate.bytecode.internal.BytecodeProviderInitiator - HHH000021: Bytecode provider name : bytebuddy
2024-12-07 09:27:26.003 [] INFO  - org.springframework.orm.jpa.persistenceunit.SpringPersistenceUnitInfo - No LoadTimeWeaver setup: ignoring JPA class transformer
2024-12-07 09:27:26.036 [] INFO  - com.zaxxer.hikari.HikariDataSource - HikariPool-1 - Starting...
2024-12-07 09:27:28.270 [] INFO  - com.zaxxer.hikari.pool.HikariPool - HikariPool-1 - Added connection org.postgresql.jdbc.PgConnection@4b82f143
2024-12-07 09:27:28.272 [] INFO  - com.zaxxer.hikari.HikariDataSource - HikariPool-1 - Start completed.
2024-12-07 09:27:33.859 [] INFO  - org.hibernate.bytecode.internal.BytecodeProviderInitiator - HHH000021: Bytecode provider name : bytebuddy
2024-12-07 09:27:35.342 [] INFO  - org.hibernate.metamodel.internal.EntityInstantiatorPojoStandard - HHH000182: No default (no-argument) constructor for class: org.ligot.afriyan.entities.UserConnect (class must be instantiated by Interceptor)
2024-12-07 09:27:36.134 [] INFO  - org.hibernate.engine.transaction.jta.platform.internal.JtaPlatformInitiator - HHH000490: Using JtaPlatform implementation: [org.hibernate.engine.transaction.jta.platform.internal.NoJtaPlatform]
2024-12-07 09:28:09.209 [] INFO  - org.springframework.orm.jpa.LocalContainerEntityManagerFactoryBean - Initialized JPA EntityManagerFactory for persistence unit 'default'
2024-12-07 09:28:09.953 [] INFO  - org.springframework.data.jpa.repository.query.QueryEnhancerFactory - Hibernate is in classpath; If applicable, HQL parser will be used.
2024-12-07 09:28:18.069 [] INFO  - org.springframework.boot.actuate.endpoint.web.EndpointLinksResolver - Exposing 1 endpoint(s) beneath base path '/actuator'
2024-12-07 09:28:18.256 [] INFO  - org.springframework.security.web.DefaultSecurityFilterChain - Will secure any request with [org.springframework.security.web.session.DisableEncodeUrlFilter@69a9a21e, org.springframework.security.web.context.request.async.WebAsyncManagerIntegrationFilter@1603830b, org.springframework.security.web.context.SecurityContextHolderFilter@78000861, org.springframework.security.web.header.HeaderWriterFilter@5a033121, org.springframework.security.web.authentication.logout.LogoutFilter@407363ad, org.ligot.afriyan.config.securities.JwtAuthenticationFilter@3ca9bd3f, org.springframework.security.web.savedrequest.RequestCacheAwareFilter@635535bb, org.springframework.security.web.servletapi.SecurityContextHolderAwareRequestFilter@51189c5, org.springframework.security.web.authentication.AnonymousAuthenticationFilter@f278f42, org.springframework.security.web.session.SessionManagementFilter@57ecc1d1, org.springframework.security.web.access.ExceptionTranslationFilter@1790d02c, org.springframework.security.web.access.intercept.AuthorizationFilter@2dfb159]
2024-12-07 09:28:19.572 [] INFO  - org.springframework.boot.devtools.autoconfigure.OptionalLiveReloadServer - LiveReload server is running on port 35729
2024-12-07 09:28:19.742 [] INFO  - org.springframework.boot.web.embedded.tomcat.TomcatWebServer - Tomcat started on port(s): 8087 (http) with context path ''
2024-12-07 09:28:19.789 [] INFO  - org.ligot.afriyan.OngafriyanApplication - Started OngafriyanApplication in 61.857 seconds (process running for 63.689)
2024-12-07 09:28:20.263 [] INFO  - org.apache.catalina.core.ContainerBase.[Tomcat].[localhost].[/] - Initializing Spring DispatcherServlet 'dispatcherServlet'
2024-12-07 09:28:20.264 [] INFO  - org.springframework.web.servlet.DispatcherServlet - Initializing Servlet 'dispatcherServlet'
2024-12-07 09:28:20.267 [] INFO  - org.springframework.web.servlet.DispatcherServlet - Completed initialization in 3 ms
2024-12-07 09:29:08.358 [] INFO  - org.springframework.orm.jpa.LocalContainerEntityManagerFactoryBean - Closing JPA EntityManagerFactory for persistence unit 'default'
2024-12-07 09:29:08.365 [] INFO  - com.zaxxer.hikari.HikariDataSource - HikariPool-1 - Shutdown initiated...
2024-12-07 09:29:08.376 [] INFO  - com.zaxxer.hikari.HikariDataSource - HikariPool-1 - Shutdown completed.
2024-12-07 09:29:30.267 [] INFO  - org.ligot.afriyan.OngafriyanApplication - Starting OngafriyanApplication using Java 17.0.1 with PID 6188 (C:\Users\GLC\Documents\Project\Java\Formation\bizz\ongafriyan\target\classes started by GLC in C:\Users\GLC\Documents\Project\Java\Formation\bizz\ongafriyan)
2024-12-07 09:29:30.271 [] INFO  - org.ligot.afriyan.OngafriyanApplication - The following 1 profile is active: "dev"
2024-12-07 09:29:30.442 [] INFO  - org.springframework.boot.devtools.env.DevToolsPropertyDefaultsPostProcessor - Devtools property defaults active! Set 'spring.devtools.add-properties' to 'false' to disable
2024-12-07 09:29:30.444 [] INFO  - org.springframework.boot.devtools.env.DevToolsPropertyDefaultsPostProcessor - For additional web related logging consider setting the 'logging.level.web' property to 'DEBUG'
2024-12-07 09:29:33.843 [] INFO  - org.springframework.data.repository.config.RepositoryConfigurationDelegate - Bootstrapping Spring Data JPA repositories in DEFAULT mode.
2024-12-07 09:29:34.410 [] INFO  - org.springframework.data.repository.config.RepositoryConfigurationDelegate - Finished Spring Data repository scanning in 554 ms. Found 43 JPA repository interfaces.
2024-12-07 09:29:37.110 [] INFO  - org.springframework.boot.web.embedded.tomcat.TomcatWebServer - Tomcat initialized with port(s): 8087 (http)
2024-12-07 09:29:37.131 [] INFO  - org.apache.catalina.core.StandardService - Starting service [Tomcat]
2024-12-07 09:29:37.132 [] INFO  - org.apache.catalina.core.StandardEngine - Starting Servlet engine: [Apache Tomcat/10.1.10]
2024-12-07 09:29:37.294 [] INFO  - org.apache.catalina.core.ContainerBase.[Tomcat].[localhost].[/] - Initializing Spring embedded WebApplicationContext
2024-12-07 09:29:37.295 [] INFO  - org.springframework.boot.web.servlet.context.ServletWebServerApplicationContext - Root WebApplicationContext: initialization completed in 6848 ms
2024-12-07 09:29:37.884 [] INFO  - org.hibernate.jpa.internal.util.LogHelper - HHH000204: Processing PersistenceUnitInfo [name: default]
2024-12-07 09:29:38.032 [] INFO  - org.hibernate.Version - HHH000412: Hibernate ORM core version 6.2.5.Final
2024-12-07 09:29:38.042 [] INFO  - org.hibernate.cfg.Environment - HHH000406: Using bytecode reflection optimizer
2024-12-07 09:29:38.407 [] INFO  - org.hibernate.bytecode.internal.BytecodeProviderInitiator - HHH000021: Bytecode provider name : bytebuddy
2024-12-07 09:29:38.714 [] INFO  - org.springframework.orm.jpa.persistenceunit.SpringPersistenceUnitInfo - No LoadTimeWeaver setup: ignoring JPA class transformer
2024-12-07 09:29:38.761 [] INFO  - com.zaxxer.hikari.HikariDataSource - HikariPool-1 - Starting...
2024-12-07 09:29:40.041 [] INFO  - com.zaxxer.hikari.pool.HikariPool - HikariPool-1 - Added connection org.postgresql.jdbc.PgConnection@15a6c0a5
2024-12-07 09:29:40.043 [] INFO  - com.zaxxer.hikari.HikariDataSource - HikariPool-1 - Start completed.
2024-12-07 09:29:42.112 [] INFO  - org.hibernate.bytecode.internal.BytecodeProviderInitiator - HHH000021: Bytecode provider name : bytebuddy
2024-12-07 09:29:43.941 [] INFO  - org.hibernate.metamodel.internal.EntityInstantiatorPojoStandard - HHH000182: No default (no-argument) constructor for class: org.ligot.afriyan.entities.UserConnect (class must be instantiated by Interceptor)
2024-12-07 09:29:44.864 [] INFO  - org.hibernate.engine.transaction.jta.platform.internal.JtaPlatformInitiator - HHH000490: Using JtaPlatform implementation: [org.hibernate.engine.transaction.jta.platform.internal.NoJtaPlatform]
2024-12-07 09:30:16.823 [] INFO  - org.springframework.orm.jpa.LocalContainerEntityManagerFactoryBean - Initialized JPA EntityManagerFactory for persistence unit 'default'
2024-12-07 09:30:17.413 [] INFO  - org.springframework.data.jpa.repository.query.QueryEnhancerFactory - Hibernate is in classpath; If applicable, HQL parser will be used.
2024-12-07 09:30:22.291 [] INFO  - org.springframework.boot.actuate.endpoint.web.EndpointLinksResolver - Exposing 1 endpoint(s) beneath base path '/actuator'
2024-12-07 09:30:22.404 [] INFO  - org.springframework.security.web.DefaultSecurityFilterChain - Will secure any request with [org.springframework.security.web.session.DisableEncodeUrlFilter@58b8de11, org.springframework.security.web.context.request.async.WebAsyncManagerIntegrationFilter@665115d5, org.springframework.security.web.context.SecurityContextHolderFilter@4003d8f4, org.springframework.security.web.header.HeaderWriterFilter@4393ead8, org.springframework.security.web.authentication.logout.LogoutFilter@7427cffc, org.ligot.afriyan.config.securities.JwtAuthenticationFilter@bf22bf8, org.springframework.security.web.savedrequest.RequestCacheAwareFilter@5604df7e, org.springframework.security.web.servletapi.SecurityContextHolderAwareRequestFilter@508f6121, org.springframework.security.web.authentication.AnonymousAuthenticationFilter@1ddaa9ef, org.springframework.security.web.session.SessionManagementFilter@2bce58c9, org.springframework.security.web.access.ExceptionTranslationFilter@3331317, org.springframework.security.web.access.intercept.AuthorizationFilter@53edb744]
2024-12-07 09:30:23.165 [] INFO  - org.springframework.boot.devtools.autoconfigure.OptionalLiveReloadServer - LiveReload server is running on port 35729
2024-12-07 09:30:23.319 [] INFO  - org.springframework.boot.web.embedded.tomcat.TomcatWebServer - Tomcat started on port(s): 8087 (http) with context path ''
2024-12-07 09:30:23.350 [] INFO  - org.ligot.afriyan.OngafriyanApplication - Started OngafriyanApplication in 53.843 seconds (process running for 55.86)
2024-12-07 09:30:23.682 [] INFO  - org.apache.catalina.core.ContainerBase.[Tomcat].[localhost].[/] - Initializing Spring DispatcherServlet 'dispatcherServlet'
2024-12-07 09:30:23.682 [] INFO  - org.springframework.web.servlet.DispatcherServlet - Initializing Servlet 'dispatcherServlet'
2024-12-07 09:30:23.685 [] INFO  - org.springframework.web.servlet.DispatcherServlet - Completed initialization in 3 ms
2024-12-07 09:30:31.665 [] INFO  - org.springframework.orm.jpa.LocalContainerEntityManagerFactoryBean - Closing JPA EntityManagerFactory for persistence unit 'default'
2024-12-07 09:30:31.671 [] INFO  - com.zaxxer.hikari.HikariDataSource - HikariPool-1 - Shutdown initiated...
2024-12-07 09:30:31.933 [] INFO  - com.zaxxer.hikari.HikariDataSource - HikariPool-1 - Shutdown completed.
2024-12-07 09:31:22.398 [] INFO  - org.ligot.afriyan.OngafriyanApplication - Starting OngafriyanApplication using Java 17.0.1 with PID 5676 (C:\Users\GLC\Documents\Project\Java\Formation\bizz\ongafriyan\target\classes started by GLC in C:\Users\GLC\Documents\Project\Java\Formation\bizz\ongafriyan)
2024-12-07 09:31:22.402 [] INFO  - org.ligot.afriyan.OngafriyanApplication - The following 1 profile is active: "dev"
2024-12-07 09:31:27.877 [] INFO  - org.springframework.data.repository.config.RepositoryConfigurationDelegate - Bootstrapping Spring Data JPA repositories in DEFAULT mode.
2024-12-07 09:31:28.979 [] INFO  - org.springframework.data.repository.config.RepositoryConfigurationDelegate - Finished Spring Data repository scanning in 1046 ms. Found 43 JPA repository interfaces.
2024-12-07 09:33:47.796 [] INFO  - org.ligot.afriyan.OngafriyanApplication - Starting OngafriyanApplication using Java 17.0.1 with PID 10304 (C:\Users\GLC\Documents\Project\Java\Formation\bizz\ongafriyan\target\classes started by GLC in C:\Users\GLC\Documents\Project\Java\Formation\bizz\ongafriyan)
2024-12-07 09:33:47.798 [] INFO  - org.ligot.afriyan.OngafriyanApplication - The following 1 profile is active: "dev"
2024-12-07 09:33:47.883 [] INFO  - org.springframework.boot.devtools.env.DevToolsPropertyDefaultsPostProcessor - Devtools property defaults active! Set 'spring.devtools.add-properties' to 'false' to disable
2024-12-07 09:33:47.884 [] INFO  - org.springframework.boot.devtools.env.DevToolsPropertyDefaultsPostProcessor - For additional web related logging consider setting the 'logging.level.web' property to 'DEBUG'
2024-12-07 09:33:49.919 [] INFO  - org.springframework.data.repository.config.RepositoryConfigurationDelegate - Bootstrapping Spring Data JPA repositories in DEFAULT mode.
2024-12-07 09:33:50.280 [] INFO  - org.springframework.data.repository.config.RepositoryConfigurationDelegate - Finished Spring Data repository scanning in 351 ms. Found 43 JPA repository interfaces.
2024-12-07 09:33:51.130 [] INFO  - org.springframework.boot.web.embedded.tomcat.TomcatWebServer - Tomcat initialized with port(s): 8087 (http)
2024-12-07 09:33:51.143 [] INFO  - org.apache.catalina.core.StandardService - Starting service [Tomcat]
2024-12-07 09:33:51.144 [] INFO  - org.apache.catalina.core.StandardEngine - Starting Servlet engine: [Apache Tomcat/10.1.10]
2024-12-07 09:33:51.230 [] INFO  - org.apache.catalina.core.ContainerBase.[Tomcat].[localhost].[/] - Initializing Spring embedded WebApplicationContext
2024-12-07 09:33:51.230 [] INFO  - org.springframework.boot.web.servlet.context.ServletWebServerApplicationContext - Root WebApplicationContext: initialization completed in 3345 ms
2024-12-07 09:33:51.585 [] INFO  - org.hibernate.jpa.internal.util.LogHelper - HHH000204: Processing PersistenceUnitInfo [name: default]
2024-12-07 09:33:51.662 [] INFO  - org.hibernate.Version - HHH000412: Hibernate ORM core version 6.2.5.Final
2024-12-07 09:33:51.665 [] INFO  - org.hibernate.cfg.Environment - HHH000406: Using bytecode reflection optimizer
2024-12-07 09:33:51.826 [] INFO  - org.hibernate.bytecode.internal.BytecodeProviderInitiator - HHH000021: Bytecode provider name : bytebuddy
2024-12-07 09:33:51.973 [] INFO  - org.springframework.orm.jpa.persistenceunit.SpringPersistenceUnitInfo - No LoadTimeWeaver setup: ignoring JPA class transformer
2024-12-07 09:33:51.991 [] INFO  - com.zaxxer.hikari.HikariDataSource - HikariPool-1 - Starting...
2024-12-07 09:33:53.779 [] INFO  - com.zaxxer.hikari.pool.HikariPool - HikariPool-1 - Added connection org.postgresql.jdbc.PgConnection@553658dd
2024-12-07 09:33:53.782 [] INFO  - com.zaxxer.hikari.HikariDataSource - HikariPool-1 - Start completed.
2024-12-07 09:33:55.631 [] INFO  - org.hibernate.bytecode.internal.BytecodeProviderInitiator - HHH000021: Bytecode provider name : bytebuddy
2024-12-07 09:33:57.424 [] INFO  - org.hibernate.metamodel.internal.EntityInstantiatorPojoStandard - HHH000182: No default (no-argument) constructor for class: org.ligot.afriyan.entities.UserConnect (class must be instantiated by Interceptor)
2024-12-07 09:33:58.125 [] INFO  - org.hibernate.engine.transaction.jta.platform.internal.JtaPlatformInitiator - HHH000490: Using JtaPlatform implementation: [org.hibernate.engine.transaction.jta.platform.internal.NoJtaPlatform]
2024-12-07 09:34:01.390 [] INFO  - org.springframework.orm.jpa.LocalContainerEntityManagerFactoryBean - Initialized JPA EntityManagerFactory for persistence unit 'default'
2024-12-07 09:34:01.788 [] INFO  - org.springframework.data.jpa.repository.query.QueryEnhancerFactory - Hibernate is in classpath; If applicable, HQL parser will be used.
2024-12-07 09:34:05.110 [] INFO  - org.springframework.boot.actuate.endpoint.web.EndpointLinksResolver - Exposing 1 endpoint(s) beneath base path '/actuator'
2024-12-07 09:34:05.200 [] INFO  - org.springframework.security.web.DefaultSecurityFilterChain - Will secure any request with [org.springframework.security.web.session.DisableEncodeUrlFilter@3d601ae2, org.springframework.security.web.context.request.async.WebAsyncManagerIntegrationFilter@7f2cc66, org.springframework.security.web.context.SecurityContextHolderFilter@415257da, org.springframework.security.web.header.HeaderWriterFilter@3b09363, org.springframework.security.web.authentication.logout.LogoutFilter@49f5f18b, org.ligot.afriyan.config.securities.JwtAuthenticationFilter@14e3d690, org.springframework.security.web.savedrequest.RequestCacheAwareFilter@7975ed5d, org.springframework.security.web.servletapi.SecurityContextHolderAwareRequestFilter@3665f283, org.springframework.security.web.authentication.AnonymousAuthenticationFilter@12535ab8, org.springframework.security.web.session.SessionManagementFilter@2a07bd48, org.springframework.security.web.access.ExceptionTranslationFilter@365c6145, org.springframework.security.web.access.intercept.AuthorizationFilter@29a26141]
2024-12-07 09:34:05.882 [] INFO  - org.springframework.boot.devtools.autoconfigure.OptionalLiveReloadServer - LiveReload server is running on port 35729
2024-12-07 09:34:05.988 [] INFO  - org.springframework.boot.web.embedded.tomcat.TomcatWebServer - Tomcat started on port(s): 8087 (http) with context path ''
2024-12-07 09:34:06.011 [] INFO  - org.ligot.afriyan.OngafriyanApplication - Started OngafriyanApplication in 18.699 seconds (process running for 19.848)
2024-12-07 09:34:07.036 [] INFO  - org.apache.catalina.core.ContainerBase.[Tomcat].[localhost].[/] - Initializing Spring DispatcherServlet 'dispatcherServlet'
2024-12-07 09:34:07.036 [] INFO  - org.springframework.web.servlet.DispatcherServlet - Initializing Servlet 'dispatcherServlet'
2024-12-07 09:34:07.039 [] INFO  - org.springframework.web.servlet.DispatcherServlet - Completed initialization in 3 ms
2024-12-07 09:44:10.936 [] INFO  - org.springframework.orm.jpa.LocalContainerEntityManagerFactoryBean - Closing JPA EntityManagerFactory for persistence unit 'default'
2024-12-07 09:44:10.941 [] INFO  - com.zaxxer.hikari.HikariDataSource - HikariPool-1 - Shutdown initiated...
2024-12-07 09:44:10.944 [] INFO  - com.zaxxer.hikari.HikariDataSource - HikariPool-1 - Shutdown completed.
2024-12-07 09:45:08.156 [] INFO  - org.ligot.afriyan.OngafriyanApplication - Starting OngafriyanApplication using Java 17.0.1 with PID 4088 (C:\Users\GLC\Documents\Project\Java\Formation\bizz\ongafriyan\target\classes started by GLC in C:\Users\GLC\Documents\Project\Java\Formation\bizz\ongafriyan)
2024-12-07 09:45:08.160 [] INFO  - org.ligot.afriyan.OngafriyanApplication - The following 1 profile is active: "dev"
2024-12-07 09:45:10.949 [] INFO  - org.springframework.data.repository.config.RepositoryConfigurationDelegate - Bootstrapping Spring Data JPA repositories in DEFAULT mode.
2024-12-07 09:45:11.429 [] INFO  - org.springframework.data.repository.config.RepositoryConfigurationDelegate - Finished Spring Data repository scanning in 464 ms. Found 43 JPA repository interfaces.
2024-12-07 09:47:46.712 [] INFO  - org.ligot.afriyan.OngafriyanApplication - Starting OngafriyanApplication using Java 17.0.1 with PID 1088 (C:\Users\GLC\Documents\Project\Java\Formation\bizz\ongafriyan\target\classes started by GLC in C:\Users\GLC\Documents\Project\Java\Formation\bizz\ongafriyan)
2024-12-07 09:47:46.716 [] INFO  - org.ligot.afriyan.OngafriyanApplication - The following 1 profile is active: "dev"
2024-12-07 09:47:46.802 [] INFO  - org.springframework.boot.devtools.env.DevToolsPropertyDefaultsPostProcessor - Devtools property defaults active! Set 'spring.devtools.add-properties' to 'false' to disable
2024-12-07 09:47:46.803 [] INFO  - org.springframework.boot.devtools.env.DevToolsPropertyDefaultsPostProcessor - For additional web related logging consider setting the 'logging.level.web' property to 'DEBUG'
2024-12-07 09:47:48.786 [] INFO  - org.springframework.data.repository.config.RepositoryConfigurationDelegate - Bootstrapping Spring Data JPA repositories in DEFAULT mode.
2024-12-07 09:47:49.154 [] INFO  - org.springframework.data.repository.config.RepositoryConfigurationDelegate - Finished Spring Data repository scanning in 354 ms. Found 43 JPA repository interfaces.
2024-12-07 09:47:49.997 [] INFO  - org.springframework.boot.web.embedded.tomcat.TomcatWebServer - Tomcat initialized with port(s): 8087 (http)
2024-12-07 09:47:50.007 [] INFO  - org.apache.catalina.core.StandardService - Starting service [Tomcat]
2024-12-07 09:47:50.007 [] INFO  - org.apache.catalina.core.StandardEngine - Starting Servlet engine: [Apache Tomcat/10.1.10]
2024-12-07 09:47:50.082 [] INFO  - org.apache.catalina.core.ContainerBase.[Tomcat].[localhost].[/] - Initializing Spring embedded WebApplicationContext
2024-12-07 09:47:50.083 [] INFO  - org.springframework.boot.web.servlet.context.ServletWebServerApplicationContext - Root WebApplicationContext: initialization completed in 3278 ms
2024-12-07 09:47:50.433 [] INFO  - org.hibernate.jpa.internal.util.LogHelper - HHH000204: Processing PersistenceUnitInfo [name: default]
2024-12-07 09:47:50.509 [] INFO  - org.hibernate.Version - HHH000412: Hibernate ORM core version 6.2.5.Final
2024-12-07 09:47:50.511 [] INFO  - org.hibernate.cfg.Environment - HHH000406: Using bytecode reflection optimizer
2024-12-07 09:47:50.674 [] INFO  - org.hibernate.bytecode.internal.BytecodeProviderInitiator - HHH000021: Bytecode provider name : bytebuddy
2024-12-07 09:47:50.847 [] INFO  - org.springframework.orm.jpa.persistenceunit.SpringPersistenceUnitInfo - No LoadTimeWeaver setup: ignoring JPA class transformer
2024-12-07 09:47:50.868 [] INFO  - com.zaxxer.hikari.HikariDataSource - HikariPool-1 - Starting...
2024-12-07 09:47:52.285 [] INFO  - com.zaxxer.hikari.pool.HikariPool - HikariPool-1 - Added connection org.postgresql.jdbc.PgConnection@5f56766d
2024-12-07 09:47:52.287 [] INFO  - com.zaxxer.hikari.HikariDataSource - HikariPool-1 - Start completed.
2024-12-07 09:47:53.595 [] INFO  - org.hibernate.bytecode.internal.BytecodeProviderInitiator - HHH000021: Bytecode provider name : bytebuddy
2024-12-07 09:47:54.604 [] INFO  - org.hibernate.metamodel.internal.EntityInstantiatorPojoStandard - HHH000182: No default (no-argument) constructor for class: org.ligot.afriyan.entities.UserConnect (class must be instantiated by Interceptor)
2024-12-07 09:47:55.112 [] INFO  - org.hibernate.engine.transaction.jta.platform.internal.JtaPlatformInitiator - HHH000490: Using JtaPlatform implementation: [org.hibernate.engine.transaction.jta.platform.internal.NoJtaPlatform]
2024-12-07 09:47:56.013 [] INFO  - org.springframework.orm.jpa.LocalContainerEntityManagerFactoryBean - Initialized JPA EntityManagerFactory for persistence unit 'default'
2024-12-07 09:47:56.310 [] INFO  - org.springframework.data.jpa.repository.query.QueryEnhancerFactory - Hibernate is in classpath; If applicable, HQL parser will be used.
2024-12-07 09:47:59.393 [] INFO  - org.springframework.boot.actuate.endpoint.web.EndpointLinksResolver - Exposing 1 endpoint(s) beneath base path '/actuator'
2024-12-07 09:47:59.488 [] INFO  - org.springframework.security.web.DefaultSecurityFilterChain - Will secure any request with [org.springframework.security.web.session.DisableEncodeUrlFilter@3a81e6d8, org.springframework.security.web.context.request.async.WebAsyncManagerIntegrationFilter@5b4f1d2c, org.springframework.security.web.context.SecurityContextHolderFilter@351fbc54, org.springframework.security.web.header.HeaderWriterFilter@46fadfb, org.springframework.security.web.authentication.logout.LogoutFilter@62da05db, org.ligot.afriyan.config.securities.JwtAuthenticationFilter@4b731a2e, org.springframework.security.web.savedrequest.RequestCacheAwareFilter@5f5a4449, org.springframework.security.web.servletapi.SecurityContextHolderAwareRequestFilter@71f23d72, org.springframework.security.web.authentication.AnonymousAuthenticationFilter@469fa9c4, org.springframework.security.web.session.SessionManagementFilter@5d772b8b, org.springframework.security.web.access.ExceptionTranslationFilter@47bda528, org.springframework.security.web.access.intercept.AuthorizationFilter@42746b77]
2024-12-07 09:48:00.093 [] INFO  - org.springframework.boot.devtools.autoconfigure.OptionalLiveReloadServer - LiveReload server is running on port 35729
2024-12-07 09:48:00.189 [] INFO  - org.springframework.boot.web.embedded.tomcat.TomcatWebServer - Tomcat started on port(s): 8087 (http) with context path ''
2024-12-07 09:48:00.209 [] INFO  - org.ligot.afriyan.OngafriyanApplication - Started OngafriyanApplication in 14.031 seconds (process running for 15.57)
2024-12-07 09:48:00.683 [] INFO  - org.apache.catalina.core.ContainerBase.[Tomcat].[localhost].[/] - Initializing Spring DispatcherServlet 'dispatcherServlet'
2024-12-07 09:48:00.683 [] INFO  - org.springframework.web.servlet.DispatcherServlet - Initializing Servlet 'dispatcherServlet'
2024-12-07 09:48:00.686 [] INFO  - org.springframework.web.servlet.DispatcherServlet - Completed initialization in 3 ms
2024-12-07 09:48:40.248 [] INFO  - org.springframework.orm.jpa.LocalContainerEntityManagerFactoryBean - Closing JPA EntityManagerFactory for persistence unit 'default'
2024-12-07 09:48:40.253 [] INFO  - com.zaxxer.hikari.HikariDataSource - HikariPool-1 - Shutdown initiated...
2024-12-07 09:48:40.266 [] INFO  - com.zaxxer.hikari.HikariDataSource - HikariPool-1 - Shutdown completed.
2024-12-07 09:49:03.492 [] INFO  - org.ligot.afriyan.OngafriyanApplication - Starting OngafriyanApplication using Java 17.0.1 with PID 5460 (C:\Users\GLC\Documents\Project\Java\Formation\bizz\ongafriyan\target\classes started by GLC in C:\Users\GLC\Documents\Project\Java\Formation\bizz\ongafriyan)
2024-12-07 09:49:03.495 [] INFO  - org.ligot.afriyan.OngafriyanApplication - The following 1 profile is active: "dev"
2024-12-07 09:49:03.581 [] INFO  - org.springframework.boot.devtools.env.DevToolsPropertyDefaultsPostProcessor - Devtools property defaults active! Set 'spring.devtools.add-properties' to 'false' to disable
2024-12-07 09:49:03.581 [] INFO  - org.springframework.boot.devtools.env.DevToolsPropertyDefaultsPostProcessor - For additional web related logging consider setting the 'logging.level.web' property to 'DEBUG'
2024-12-07 09:49:05.888 [] INFO  - org.springframework.data.repository.config.RepositoryConfigurationDelegate - Bootstrapping Spring Data JPA repositories in DEFAULT mode.
2024-12-07 09:49:06.359 [] INFO  - org.springframework.data.repository.config.RepositoryConfigurationDelegate - Finished Spring Data repository scanning in 456 ms. Found 43 JPA repository interfaces.
2024-12-07 09:49:07.839 [] INFO  - org.springframework.boot.web.embedded.tomcat.TomcatWebServer - Tomcat initialized with port(s): 8087 (http)
2024-12-07 09:49:07.849 [] INFO  - org.apache.catalina.core.StandardService - Starting service [Tomcat]
2024-12-07 09:49:07.850 [] INFO  - org.apache.catalina.core.StandardEngine - Starting Servlet engine: [Apache Tomcat/10.1.10]
2024-12-07 09:49:07.925 [] INFO  - org.apache.catalina.core.ContainerBase.[Tomcat].[localhost].[/] - Initializing Spring embedded WebApplicationContext
2024-12-07 09:49:07.925 [] INFO  - org.springframework.boot.web.servlet.context.ServletWebServerApplicationContext - Root WebApplicationContext: initialization completed in 4343 ms
2024-12-07 09:49:08.269 [] INFO  - org.hibernate.jpa.internal.util.LogHelper - HHH000204: Processing PersistenceUnitInfo [name: default]
2024-12-07 09:49:08.339 [] INFO  - org.hibernate.Version - HHH000412: Hibernate ORM core version 6.2.5.Final
2024-12-07 09:49:08.344 [] INFO  - org.hibernate.cfg.Environment - HHH000406: Using bytecode reflection optimizer
2024-12-07 09:49:08.507 [] INFO  - org.hibernate.bytecode.internal.BytecodeProviderInitiator - HHH000021: Bytecode provider name : bytebuddy
2024-12-07 09:49:08.661 [] INFO  - org.springframework.orm.jpa.persistenceunit.SpringPersistenceUnitInfo - No LoadTimeWeaver setup: ignoring JPA class transformer
2024-12-07 09:49:08.681 [] INFO  - com.zaxxer.hikari.HikariDataSource - HikariPool-1 - Starting...
2024-12-07 09:49:08.914 [] INFO  - com.zaxxer.hikari.pool.HikariPool - HikariPool-1 - Added connection org.postgresql.jdbc.PgConnection@78a82c9e
2024-12-07 09:49:08.917 [] INFO  - com.zaxxer.hikari.HikariDataSource - HikariPool-1 - Start completed.
2024-12-07 09:49:09.524 [] INFO  - org.hibernate.bytecode.internal.BytecodeProviderInitiator - HHH000021: Bytecode provider name : bytebuddy
2024-12-07 09:49:10.571 [] INFO  - org.hibernate.metamodel.internal.EntityInstantiatorPojoStandard - HHH000182: No default (no-argument) constructor for class: org.ligot.afriyan.entities.UserConnect (class must be instantiated by Interceptor)
2024-12-07 09:49:11.117 [] INFO  - org.hibernate.engine.transaction.jta.platform.internal.JtaPlatformInitiator - HHH000490: Using JtaPlatform implementation: [org.hibernate.engine.transaction.jta.platform.internal.NoJtaPlatform]
2024-12-07 09:49:11.842 [] INFO  - org.springframework.orm.jpa.LocalContainerEntityManagerFactoryBean - Initialized JPA EntityManagerFactory for persistence unit 'default'
2024-12-07 09:49:12.130 [] INFO  - org.springframework.data.jpa.repository.query.QueryEnhancerFactory - Hibernate is in classpath; If applicable, HQL parser will be used.
2024-12-07 09:49:15.280 [] INFO  - org.springframework.boot.actuate.endpoint.web.EndpointLinksResolver - Exposing 1 endpoint(s) beneath base path '/actuator'
2024-12-07 09:49:15.359 [] INFO  - org.springframework.security.web.DefaultSecurityFilterChain - Will secure any request with [org.springframework.security.web.session.DisableEncodeUrlFilter@56c055f2, org.springframework.security.web.context.request.async.WebAsyncManagerIntegrationFilter@3afe2a4e, org.springframework.security.web.context.SecurityContextHolderFilter@749d47a7, org.springframework.security.web.header.HeaderWriterFilter@694e14b6, org.springframework.security.web.authentication.logout.LogoutFilter@105c441, org.ligot.afriyan.config.securities.JwtAuthenticationFilter@11531f20, org.springframework.security.web.savedrequest.RequestCacheAwareFilter@4ab49c47, org.springframework.security.web.servletapi.SecurityContextHolderAwareRequestFilter@68d4e42e, org.springframework.security.web.authentication.AnonymousAuthenticationFilter@28f94eda, org.springframework.security.web.session.SessionManagementFilter@7c957f55, org.springframework.security.web.access.ExceptionTranslationFilter@76fa827a, org.springframework.security.web.access.intercept.AuthorizationFilter@dac2fd3]
2024-12-07 09:49:15.985 [] INFO  - org.springframework.boot.devtools.autoconfigure.OptionalLiveReloadServer - LiveReload server is running on port 35729
2024-12-07 09:49:16.089 [] INFO  - org.springframework.boot.web.embedded.tomcat.TomcatWebServer - Tomcat started on port(s): 8087 (http) with context path ''
2024-12-07 09:49:16.108 [] INFO  - org.ligot.afriyan.OngafriyanApplication - Started OngafriyanApplication in 13.103 seconds (process running for 14.335)
2024-12-07 09:49:16.426 [] INFO  - org.apache.catalina.core.ContainerBase.[Tomcat].[localhost].[/] - Initializing Spring DispatcherServlet 'dispatcherServlet'
2024-12-07 09:49:16.426 [] INFO  - org.springframework.web.servlet.DispatcherServlet - Initializing Servlet 'dispatcherServlet'
2024-12-07 09:49:16.428 [] INFO  - org.springframework.web.servlet.DispatcherServlet - Completed initialization in 2 ms
2024-12-07 10:03:36.713 [] INFO  - org.springframework.orm.jpa.LocalContainerEntityManagerFactoryBean - Closing JPA EntityManagerFactory for persistence unit 'default'
2024-12-07 10:03:36.718 [] INFO  - com.zaxxer.hikari.HikariDataSource - HikariPool-1 - Shutdown initiated...
2024-12-07 10:03:36.735 [] INFO  - com.zaxxer.hikari.HikariDataSource - HikariPool-1 - Shutdown completed.
2024-12-07 10:04:03.403 [] INFO  - org.ligot.afriyan.OngafriyanApplication - Starting OngafriyanApplication using Java 17.0.1 with PID 10272 (C:\Users\GLC\Documents\Project\Java\Formation\bizz\ongafriyan\target\classes started by GLC in C:\Users\GLC\Documents\Project\Java\Formation\bizz\ongafriyan)
2024-12-07 10:04:03.407 [] INFO  - org.ligot.afriyan.OngafriyanApplication - The following 1 profile is active: "dev"
2024-12-07 10:04:03.524 [] INFO  - org.springframework.boot.devtools.env.DevToolsPropertyDefaultsPostProcessor - Devtools property defaults active! Set 'spring.devtools.add-properties' to 'false' to disable
2024-12-07 10:04:03.524 [] INFO  - org.springframework.boot.devtools.env.DevToolsPropertyDefaultsPostProcessor - For additional web related logging consider setting the 'logging.level.web' property to 'DEBUG'
2024-12-07 10:04:06.016 [] INFO  - org.springframework.data.repository.config.RepositoryConfigurationDelegate - Bootstrapping Spring Data JPA repositories in DEFAULT mode.
2024-12-07 10:04:06.461 [] INFO  - org.springframework.data.repository.config.RepositoryConfigurationDelegate - Finished Spring Data repository scanning in 433 ms. Found 43 JPA repository interfaces.
2024-12-07 10:04:07.555 [] INFO  - org.springframework.boot.web.embedded.tomcat.TomcatWebServer - Tomcat initialized with port(s): 8087 (http)
2024-12-07 10:04:07.568 [] INFO  - org.apache.catalina.core.StandardService - Starting service [Tomcat]
2024-12-07 10:04:07.569 [] INFO  - org.apache.catalina.core.StandardEngine - Starting Servlet engine: [Apache Tomcat/10.1.10]
2024-12-07 10:04:07.667 [] INFO  - org.apache.catalina.core.ContainerBase.[Tomcat].[localhost].[/] - Initializing Spring embedded WebApplicationContext
2024-12-07 10:04:07.668 [] INFO  - org.springframework.boot.web.servlet.context.ServletWebServerApplicationContext - Root WebApplicationContext: initialization completed in 4143 ms
2024-12-07 10:04:08.129 [] INFO  - org.hibernate.jpa.internal.util.LogHelper - HHH000204: Processing PersistenceUnitInfo [name: default]
2024-12-07 10:04:08.212 [] INFO  - org.hibernate.Version - HHH000412: Hibernate ORM core version 6.2.5.Final
2024-12-07 10:04:08.218 [] INFO  - org.hibernate.cfg.Environment - HHH000406: Using bytecode reflection optimizer
2024-12-07 10:04:08.459 [] INFO  - org.hibernate.bytecode.internal.BytecodeProviderInitiator - HHH000021: Bytecode provider name : bytebuddy
2024-12-07 10:04:08.649 [] INFO  - org.springframework.orm.jpa.persistenceunit.SpringPersistenceUnitInfo - No LoadTimeWeaver setup: ignoring JPA class transformer
2024-12-07 10:04:08.672 [] INFO  - com.zaxxer.hikari.HikariDataSource - HikariPool-1 - Starting...
2024-12-07 10:04:10.230 [] INFO  - com.zaxxer.hikari.pool.HikariPool - HikariPool-1 - Added connection org.postgresql.jdbc.PgConnection@28919988
2024-12-07 10:04:10.233 [] INFO  - com.zaxxer.hikari.HikariDataSource - HikariPool-1 - Start completed.
2024-12-07 10:04:11.602 [] INFO  - org.hibernate.bytecode.internal.BytecodeProviderInitiator - HHH000021: Bytecode provider name : bytebuddy
2024-12-07 10:04:12.779 [] INFO  - org.hibernate.metamodel.internal.EntityInstantiatorPojoStandard - HHH000182: No default (no-argument) constructor for class: org.ligot.afriyan.entities.UserConnect (class must be instantiated by Interceptor)
2024-12-07 10:04:13.379 [] INFO  - org.hibernate.engine.transaction.jta.platform.internal.JtaPlatformInitiator - HHH000490: Using JtaPlatform implementation: [org.hibernate.engine.transaction.jta.platform.internal.NoJtaPlatform]
2024-12-07 10:04:17.844 [] INFO  - org.springframework.orm.jpa.LocalContainerEntityManagerFactoryBean - Initialized JPA EntityManagerFactory for persistence unit 'default'
2024-12-07 10:04:18.261 [] INFO  - org.springframework.data.jpa.repository.query.QueryEnhancerFactory - Hibernate is in classpath; If applicable, HQL parser will be used.
2024-12-07 10:04:22.632 [] INFO  - org.springframework.boot.actuate.endpoint.web.EndpointLinksResolver - Exposing 1 endpoint(s) beneath base path '/actuator'
2024-12-07 10:04:22.774 [] INFO  - org.springframework.security.web.DefaultSecurityFilterChain - Will secure any request with [org.springframework.security.web.session.DisableEncodeUrlFilter@2ee3e65d, org.springframework.security.web.context.request.async.WebAsyncManagerIntegrationFilter@74d22e72, org.springframework.security.web.context.SecurityContextHolderFilter@79786a01, org.springframework.security.web.header.HeaderWriterFilter@131dfdfa, org.springframework.security.web.authentication.logout.LogoutFilter@4f56d52e, org.ligot.afriyan.config.securities.JwtAuthenticationFilter@37fd9204, org.springframework.security.web.savedrequest.RequestCacheAwareFilter@4f5c98e3, org.springframework.security.web.servletapi.SecurityContextHolderAwareRequestFilter@7d2ff0ee, org.springframework.security.web.authentication.AnonymousAuthenticationFilter@580320ea, org.springframework.security.web.session.SessionManagementFilter@4111412f, org.springframework.security.web.access.ExceptionTranslationFilter@699732fd, org.springframework.security.web.access.intercept.AuthorizationFilter@369d8ed5]
2024-12-07 10:04:23.774 [] INFO  - org.springframework.boot.devtools.autoconfigure.OptionalLiveReloadServer - LiveReload server is running on port 35729
2024-12-07 10:04:23.927 [] INFO  - org.springframework.boot.web.embedded.tomcat.TomcatWebServer - Tomcat started on port(s): 8087 (http) with context path ''
2024-12-07 10:04:23.953 [] INFO  - org.ligot.afriyan.OngafriyanApplication - Started OngafriyanApplication in 21.123 seconds (process running for 22.593)
2024-12-07 10:04:24.109 [] INFO  - org.apache.catalina.core.ContainerBase.[Tomcat].[localhost].[/] - Initializing Spring DispatcherServlet 'dispatcherServlet'
2024-12-07 10:04:24.110 [] INFO  - org.springframework.web.servlet.DispatcherServlet - Initializing Servlet 'dispatcherServlet'
2024-12-07 10:04:24.112 [] INFO  - org.springframework.web.servlet.DispatcherServlet - Completed initialization in 2 ms
2024-12-07 10:10:56.407 [] INFO  - org.springframework.orm.jpa.LocalContainerEntityManagerFactoryBean - Closing JPA EntityManagerFactory for persistence unit 'default'
2024-12-07 10:10:56.414 [] INFO  - com.zaxxer.hikari.HikariDataSource - HikariPool-1 - Shutdown initiated...
2024-12-07 10:10:56.481 [] INFO  - com.zaxxer.hikari.HikariDataSource - HikariPool-1 - Shutdown completed.
2024-12-07 10:11:01.842 [] INFO  - org.ligot.afriyan.OngafriyanApplication - Starting OngafriyanApplication using Java 17.0.1 with PID 13456 (C:\Users\GLC\Documents\Project\Java\Formation\bizz\ongafriyan\target\classes started by GLC in C:\Users\GLC\Documents\Project\Java\Formation\bizz\ongafriyan)
2024-12-07 10:11:01.845 [] INFO  - org.ligot.afriyan.OngafriyanApplication - The following 1 profile is active: "dev"
2024-12-07 10:11:01.927 [] INFO  - org.springframework.boot.devtools.env.DevToolsPropertyDefaultsPostProcessor - Devtools property defaults active! Set 'spring.devtools.add-properties' to 'false' to disable
2024-12-07 10:11:01.927 [] INFO  - org.springframework.boot.devtools.env.DevToolsPropertyDefaultsPostProcessor - For additional web related logging consider setting the 'logging.level.web' property to 'DEBUG'
2024-12-07 10:11:03.872 [] INFO  - org.springframework.data.repository.config.RepositoryConfigurationDelegate - Bootstrapping Spring Data JPA repositories in DEFAULT mode.
2024-12-07 10:11:04.238 [] INFO  - org.springframework.data.repository.config.RepositoryConfigurationDelegate - Finished Spring Data repository scanning in 355 ms. Found 43 JPA repository interfaces.
2024-12-07 10:11:05.044 [] INFO  - org.springframework.boot.web.embedded.tomcat.TomcatWebServer - Tomcat initialized with port(s): 8087 (http)
2024-12-07 10:11:05.053 [] INFO  - org.apache.catalina.core.StandardService - Starting service [Tomcat]
2024-12-07 10:11:05.054 [] INFO  - org.apache.catalina.core.StandardEngine - Starting Servlet engine: [Apache Tomcat/10.1.10]
2024-12-07 10:11:05.134 [] INFO  - org.apache.catalina.core.ContainerBase.[Tomcat].[localhost].[/] - Initializing Spring embedded WebApplicationContext
2024-12-07 10:11:05.134 [] INFO  - org.springframework.boot.web.servlet.context.ServletWebServerApplicationContext - Root WebApplicationContext: initialization completed in 3206 ms
2024-12-07 10:11:05.496 [] INFO  - org.hibernate.jpa.internal.util.LogHelper - HHH000204: Processing PersistenceUnitInfo [name: default]
2024-12-07 10:11:05.563 [] INFO  - org.hibernate.Version - HHH000412: Hibernate ORM core version 6.2.5.Final
2024-12-07 10:11:05.566 [] INFO  - org.hibernate.cfg.Environment - HHH000406: Using bytecode reflection optimizer
2024-12-07 10:11:05.718 [] INFO  - org.hibernate.bytecode.internal.BytecodeProviderInitiator - HHH000021: Bytecode provider name : bytebuddy
2024-12-07 10:11:05.875 [] INFO  - org.springframework.orm.jpa.persistenceunit.SpringPersistenceUnitInfo - No LoadTimeWeaver setup: ignoring JPA class transformer
2024-12-07 10:11:05.895 [] INFO  - com.zaxxer.hikari.HikariDataSource - HikariPool-1 - Starting...
2024-12-07 10:11:08.273 [] INFO  - com.zaxxer.hikari.pool.HikariPool - HikariPool-1 - Added connection org.postgresql.jdbc.PgConnection@581ca3e3
2024-12-07 10:11:08.275 [] INFO  - com.zaxxer.hikari.HikariDataSource - HikariPool-1 - Start completed.
2024-12-07 10:11:10.371 [] INFO  - org.hibernate.bytecode.internal.BytecodeProviderInitiator - HHH000021: Bytecode provider name : bytebuddy
2024-12-07 10:11:11.308 [] INFO  - org.hibernate.metamodel.internal.EntityInstantiatorPojoStandard - HHH000182: No default (no-argument) constructor for class: org.ligot.afriyan.entities.UserConnect (class must be instantiated by Interceptor)
2024-12-07 10:11:11.784 [] INFO  - org.hibernate.engine.transaction.jta.platform.internal.JtaPlatformInitiator - HHH000490: Using JtaPlatform implementation: [org.hibernate.engine.transaction.jta.platform.internal.NoJtaPlatform]
2024-12-07 10:11:12.807 [] INFO  - org.springframework.orm.jpa.LocalContainerEntityManagerFactoryBean - Initialized JPA EntityManagerFactory for persistence unit 'default'
2024-12-07 10:11:13.134 [] INFO  - org.springframework.data.jpa.repository.query.QueryEnhancerFactory - Hibernate is in classpath; If applicable, HQL parser will be used.
2024-12-07 10:11:16.159 [] INFO  - org.springframework.boot.actuate.endpoint.web.EndpointLinksResolver - Exposing 1 endpoint(s) beneath base path '/actuator'
2024-12-07 10:11:16.238 [] INFO  - org.springframework.security.web.DefaultSecurityFilterChain - Will secure any request with [org.springframework.security.web.session.DisableEncodeUrlFilter@790a391f, org.springframework.security.web.context.request.async.WebAsyncManagerIntegrationFilter@2689e141, org.springframework.security.web.context.SecurityContextHolderFilter@3a9f041e, org.springframework.security.web.header.HeaderWriterFilter@16771a7a, org.springframework.security.web.authentication.logout.LogoutFilter@2f36be9a, org.ligot.afriyan.config.securities.JwtAuthenticationFilter@5e00dfdb, org.springframework.security.web.savedrequest.RequestCacheAwareFilter@3e0f1ed8, org.springframework.security.web.servletapi.SecurityContextHolderAwareRequestFilter@1b67d802, org.springframework.security.web.authentication.AnonymousAuthenticationFilter@108c4ed1, org.springframework.security.web.session.SessionManagementFilter@715e6655, org.springframework.security.web.access.ExceptionTranslationFilter@4bc4f12f, org.springframework.security.web.access.intercept.AuthorizationFilter@66073b64]
2024-12-07 10:11:16.816 [] INFO  - org.springframework.boot.devtools.autoconfigure.OptionalLiveReloadServer - LiveReload server is running on port 35729
2024-12-07 10:11:16.913 [] INFO  - org.springframework.boot.web.embedded.tomcat.TomcatWebServer - Tomcat started on port(s): 8087 (http) with context path ''
2024-12-07 10:11:16.934 [] INFO  - org.ligot.afriyan.OngafriyanApplication - Started OngafriyanApplication in 15.574 seconds (process running for 16.812)
2024-12-07 10:11:17.283 [] INFO  - org.apache.catalina.core.ContainerBase.[Tomcat].[localhost].[/] - Initializing Spring DispatcherServlet 'dispatcherServlet'
2024-12-07 10:11:17.283 [] INFO  - org.springframework.web.servlet.DispatcherServlet - Initializing Servlet 'dispatcherServlet'
2024-12-07 10:11:17.287 [] INFO  - org.springframework.web.servlet.DispatcherServlet - Completed initialization in 4 ms
2024-12-07 11:30:24.543 [] INFO  - org.springframework.orm.jpa.LocalContainerEntityManagerFactoryBean - Closing JPA EntityManagerFactory for persistence unit 'default'
2024-12-07 11:30:24.709 [] INFO  - com.zaxxer.hikari.HikariDataSource - HikariPool-1 - Shutdown initiated...
2024-12-07 11:30:24.727 [] INFO  - com.zaxxer.hikari.HikariDataSource - HikariPool-1 - Shutdown completed.
2024-12-07 11:30:32.440 [] INFO  - org.ligot.afriyan.OngafriyanApplication - Starting OngafriyanApplication using Java 17.0.1 with PID 21664 (C:\Users\GLC\Documents\Project\Java\Formation\bizz\ongafriyan\target\classes started by GLC in C:\Users\GLC\Documents\Project\Java\Formation\bizz\ongafriyan)
2024-12-07 11:30:32.444 [] INFO  - org.ligot.afriyan.OngafriyanApplication - The following 1 profile is active: "dev"
2024-12-07 11:30:32.580 [] INFO  - org.springframework.boot.devtools.env.DevToolsPropertyDefaultsPostProcessor - Devtools property defaults active! Set 'spring.devtools.add-properties' to 'false' to disable
2024-12-07 11:30:32.580 [] INFO  - org.springframework.boot.devtools.env.DevToolsPropertyDefaultsPostProcessor - For additional web related logging consider setting the 'logging.level.web' property to 'DEBUG'
2024-12-07 11:30:35.696 [] INFO  - org.springframework.data.repository.config.RepositoryConfigurationDelegate - Bootstrapping Spring Data JPA repositories in DEFAULT mode.
2024-12-07 11:30:36.133 [] INFO  - org.springframework.data.repository.config.RepositoryConfigurationDelegate - Finished Spring Data repository scanning in 423 ms. Found 43 JPA repository interfaces.
2024-12-07 11:30:37.012 [] INFO  - org.springframework.boot.web.embedded.tomcat.TomcatWebServer - Tomcat initialized with port(s): 8087 (http)
2024-12-07 11:30:37.025 [] INFO  - org.apache.catalina.core.StandardService - Starting service [Tomcat]
2024-12-07 11:30:37.026 [] INFO  - org.apache.catalina.core.StandardEngine - Starting Servlet engine: [Apache Tomcat/10.1.10]
2024-12-07 11:30:37.123 [] INFO  - org.apache.catalina.core.ContainerBase.[Tomcat].[localhost].[/] - Initializing Spring embedded WebApplicationContext
2024-12-07 11:30:37.124 [] INFO  - org.springframework.boot.web.servlet.context.ServletWebServerApplicationContext - Root WebApplicationContext: initialization completed in 4543 ms
2024-12-07 11:30:37.474 [] INFO  - org.hibernate.jpa.internal.util.LogHelper - HHH000204: Processing PersistenceUnitInfo [name: default]
2024-12-07 11:30:37.558 [] INFO  - org.hibernate.Version - HHH000412: Hibernate ORM core version 6.2.5.Final
2024-12-07 11:30:37.563 [] INFO  - org.hibernate.cfg.Environment - HHH000406: Using bytecode reflection optimizer
2024-12-07 11:30:37.743 [] INFO  - org.hibernate.bytecode.internal.BytecodeProviderInitiator - HHH000021: Bytecode provider name : bytebuddy
2024-12-07 11:30:37.902 [] INFO  - org.springframework.orm.jpa.persistenceunit.SpringPersistenceUnitInfo - No LoadTimeWeaver setup: ignoring JPA class transformer
2024-12-07 11:30:37.922 [] INFO  - com.zaxxer.hikari.HikariDataSource - HikariPool-1 - Starting...
2024-12-07 11:30:40.300 [] INFO  - com.zaxxer.hikari.pool.HikariPool - HikariPool-1 - Added connection org.postgresql.jdbc.PgConnection@4a3c51fe
2024-12-07 11:30:40.303 [] INFO  - com.zaxxer.hikari.HikariDataSource - HikariPool-1 - Start completed.
2024-12-07 11:30:43.860 [] INFO  - org.hibernate.bytecode.internal.BytecodeProviderInitiator - HHH000021: Bytecode provider name : bytebuddy
2024-12-07 11:30:44.899 [] INFO  - org.hibernate.metamodel.internal.EntityInstantiatorPojoStandard - HHH000182: No default (no-argument) constructor for class: org.ligot.afriyan.entities.UserConnect (class must be instantiated by Interceptor)
2024-12-07 11:30:45.443 [] INFO  - org.hibernate.engine.transaction.jta.platform.internal.JtaPlatformInitiator - HHH000490: Using JtaPlatform implementation: [org.hibernate.engine.transaction.jta.platform.internal.NoJtaPlatform]
2024-12-07 11:30:52.443 [] INFO  - org.springframework.orm.jpa.LocalContainerEntityManagerFactoryBean - Initialized JPA EntityManagerFactory for persistence unit 'default'
2024-12-07 11:30:52.786 [] INFO  - org.springframework.data.jpa.repository.query.QueryEnhancerFactory - Hibernate is in classpath; If applicable, HQL parser will be used.
2024-12-07 11:30:55.959 [] INFO  - org.springframework.boot.actuate.endpoint.web.EndpointLinksResolver - Exposing 1 endpoint(s) beneath base path '/actuator'
2024-12-07 11:30:56.053 [] INFO  - org.springframework.security.web.DefaultSecurityFilterChain - Will secure any request with [org.springframework.security.web.session.DisableEncodeUrlFilter@47fecd5e, org.springframework.security.web.context.request.async.WebAsyncManagerIntegrationFilter@1d551e53, org.springframework.security.web.context.SecurityContextHolderFilter@6ec9637, org.springframework.security.web.header.HeaderWriterFilter@bc9e80a, org.springframework.security.web.authentication.logout.LogoutFilter@35aa43a, org.ligot.afriyan.config.securities.JwtAuthenticationFilter@567b9617, org.springframework.security.web.savedrequest.RequestCacheAwareFilter@52383206, org.springframework.security.web.servletapi.SecurityContextHolderAwareRequestFilter@2b7c784, org.springframework.security.web.authentication.AnonymousAuthenticationFilter@531693aa, org.springframework.security.web.session.SessionManagementFilter@1c82d29f, org.springframework.security.web.access.ExceptionTranslationFilter@6d5a50f5, org.springframework.security.web.access.intercept.AuthorizationFilter@41236a58]
2024-12-07 11:30:56.719 [] INFO  - org.springframework.boot.devtools.autoconfigure.OptionalLiveReloadServer - LiveReload server is running on port 35729
2024-12-07 11:30:56.851 [] INFO  - org.springframework.boot.web.embedded.tomcat.TomcatWebServer - Tomcat started on port(s): 8087 (http) with context path ''
2024-12-07 11:30:56.872 [] INFO  - org.ligot.afriyan.OngafriyanApplication - Started OngafriyanApplication in 25.247 seconds (process running for 26.718)
2024-12-07 11:30:57.266 [] INFO  - org.apache.catalina.core.ContainerBase.[Tomcat].[localhost].[/] - Initializing Spring DispatcherServlet 'dispatcherServlet'
2024-12-07 11:30:57.267 [] INFO  - org.springframework.web.servlet.DispatcherServlet - Initializing Servlet 'dispatcherServlet'
2024-12-07 11:30:57.269 [] INFO  - org.springframework.web.servlet.DispatcherServlet - Completed initialization in 2 ms
2024-12-07 11:32:55.343 [] INFO  - org.springframework.orm.jpa.LocalContainerEntityManagerFactoryBean - Closing JPA EntityManagerFactory for persistence unit 'default'
2024-12-07 11:32:55.349 [] INFO  - com.zaxxer.hikari.HikariDataSource - HikariPool-1 - Shutdown initiated...
2024-12-07 11:32:55.378 [] INFO  - com.zaxxer.hikari.HikariDataSource - HikariPool-1 - Shutdown completed.
2024-12-07 11:33:38.803 [] INFO  - org.ligot.afriyan.OngafriyanApplication - Starting OngafriyanApplication using Java 17.0.1 with PID 8412 (C:\Users\GLC\Documents\Project\Java\Formation\bizz\ongafriyan\target\classes started by GLC in C:\Users\GLC\Documents\Project\Java\Formation\bizz\ongafriyan)
2024-12-07 11:33:38.806 [] INFO  - org.ligot.afriyan.OngafriyanApplication - The following 1 profile is active: "dev"
2024-12-07 11:33:38.927 [] INFO  - org.springframework.boot.devtools.env.DevToolsPropertyDefaultsPostProcessor - Devtools property defaults active! Set 'spring.devtools.add-properties' to 'false' to disable
2024-12-07 11:33:38.927 [] INFO  - org.springframework.boot.devtools.env.DevToolsPropertyDefaultsPostProcessor - For additional web related logging consider setting the 'logging.level.web' property to 'DEBUG'
2024-12-07 11:33:41.210 [] INFO  - org.springframework.data.repository.config.RepositoryConfigurationDelegate - Bootstrapping Spring Data JPA repositories in DEFAULT mode.
2024-12-07 11:33:41.643 [] INFO  - org.springframework.data.repository.config.RepositoryConfigurationDelegate - Finished Spring Data repository scanning in 418 ms. Found 43 JPA repository interfaces.
2024-12-07 11:33:42.653 [] INFO  - org.springframework.boot.web.embedded.tomcat.TomcatWebServer - Tomcat initialized with port(s): 8087 (http)
2024-12-07 11:33:42.665 [] INFO  - org.apache.catalina.core.StandardService - Starting service [Tomcat]
2024-12-07 11:33:42.666 [] INFO  - org.apache.catalina.core.StandardEngine - Starting Servlet engine: [Apache Tomcat/10.1.10]
2024-12-07 11:33:42.792 [] INFO  - org.apache.catalina.core.ContainerBase.[Tomcat].[localhost].[/] - Initializing Spring embedded WebApplicationContext
2024-12-07 11:33:42.797 [] INFO  - org.springframework.boot.web.servlet.context.ServletWebServerApplicationContext - Root WebApplicationContext: initialization completed in 3869 ms
2024-12-07 11:33:43.205 [] INFO  - org.hibernate.jpa.internal.util.LogHelper - HHH000204: Processing PersistenceUnitInfo [name: default]
2024-12-07 11:33:43.303 [] INFO  - org.hibernate.Version - HHH000412: Hibernate ORM core version 6.2.5.Final
2024-12-07 11:33:43.307 [] INFO  - org.hibernate.cfg.Environment - HHH000406: Using bytecode reflection optimizer
2024-12-07 11:33:43.518 [] INFO  - org.hibernate.bytecode.internal.BytecodeProviderInitiator - HHH000021: Bytecode provider name : bytebuddy
2024-12-07 11:33:43.702 [] INFO  - org.springframework.orm.jpa.persistenceunit.SpringPersistenceUnitInfo - No LoadTimeWeaver setup: ignoring JPA class transformer
2024-12-07 11:33:43.730 [] INFO  - com.zaxxer.hikari.HikariDataSource - HikariPool-1 - Starting...
2024-12-07 11:33:47.101 [] INFO  - com.zaxxer.hikari.pool.HikariPool - HikariPool-1 - Added connection org.postgresql.jdbc.PgConnection@78422e15
2024-12-07 11:33:47.104 [] INFO  - com.zaxxer.hikari.HikariDataSource - HikariPool-1 - Start completed.
2024-12-07 11:33:52.655 [] INFO  - org.hibernate.bytecode.internal.BytecodeProviderInitiator - HHH000021: Bytecode provider name : bytebuddy
2024-12-07 11:33:53.871 [] INFO  - org.hibernate.metamodel.internal.EntityInstantiatorPojoStandard - HHH000182: No default (no-argument) constructor for class: org.ligot.afriyan.entities.UserConnect (class must be instantiated by Interceptor)
2024-12-07 11:33:54.496 [] INFO  - org.hibernate.engine.transaction.jta.platform.internal.JtaPlatformInitiator - HHH000490: Using JtaPlatform implementation: [org.hibernate.engine.transaction.jta.platform.internal.NoJtaPlatform]
2024-12-07 11:33:58.528 [] INFO  - org.springframework.orm.jpa.LocalContainerEntityManagerFactoryBean - Initialized JPA EntityManagerFactory for persistence unit 'default'
2024-12-07 11:33:58.913 [] INFO  - org.springframework.data.jpa.repository.query.QueryEnhancerFactory - Hibernate is in classpath; If applicable, HQL parser will be used.
2024-12-07 11:34:02.640 [] INFO  - org.springframework.boot.actuate.endpoint.web.EndpointLinksResolver - Exposing 1 endpoint(s) beneath base path '/actuator'
2024-12-07 11:34:02.741 [] INFO  - org.springframework.security.web.DefaultSecurityFilterChain - Will secure any request with [org.springframework.security.web.session.DisableEncodeUrlFilter@40052f04, org.springframework.security.web.context.request.async.WebAsyncManagerIntegrationFilter@48b7d799, org.springframework.security.web.context.SecurityContextHolderFilter@55fb5aeb, org.springframework.security.web.header.HeaderWriterFilter@2b7c784, org.springframework.security.web.authentication.logout.LogoutFilter@531693aa, org.ligot.afriyan.config.securities.JwtAuthenticationFilter@24635b1e, org.springframework.security.web.savedrequest.RequestCacheAwareFilter@6308bdc3, org.springframework.security.web.servletapi.SecurityContextHolderAwareRequestFilter@7ff72e7b, org.springframework.security.web.authentication.AnonymousAuthenticationFilter@78a660b4, org.springframework.security.web.session.SessionManagementFilter@7590707d, org.springframework.security.web.access.ExceptionTranslationFilter@cf0ba5f, org.springframework.security.web.access.intercept.AuthorizationFilter@6f2cf2d7]
2024-12-07 11:34:03.538 [] INFO  - org.springframework.boot.devtools.autoconfigure.OptionalLiveReloadServer - LiveReload server is running on port 35729
2024-12-07 11:34:03.668 [] INFO  - org.springframework.boot.web.embedded.tomcat.TomcatWebServer - Tomcat started on port(s): 8087 (http) with context path ''
2024-12-07 11:34:03.696 [] INFO  - org.ligot.afriyan.OngafriyanApplication - Started OngafriyanApplication in 25.717 seconds (process running for 27.606)
2024-12-07 11:34:04.127 [] INFO  - org.apache.catalina.core.ContainerBase.[Tomcat].[localhost].[/] - Initializing Spring DispatcherServlet 'dispatcherServlet'
2024-12-07 11:34:04.128 [] INFO  - org.springframework.web.servlet.DispatcherServlet - Initializing Servlet 'dispatcherServlet'
2024-12-07 11:34:04.131 [] INFO  - org.springframework.web.servlet.DispatcherServlet - Completed initialization in 2 ms
2024-12-07 12:31:40.648 [] INFO  - org.springframework.orm.jpa.LocalContainerEntityManagerFactoryBean - Closing JPA EntityManagerFactory for persistence unit 'default'
2024-12-07 12:31:40.737 [] INFO  - com.zaxxer.hikari.HikariDataSource - HikariPool-1 - Shutdown initiated...
2024-12-07 12:31:40.831 [] INFO  - com.zaxxer.hikari.HikariDataSource - HikariPool-1 - Shutdown completed.
2024-12-07 12:31:48.410 [] INFO  - org.ligot.afriyan.OngafriyanApplication - Starting OngafriyanApplication using Java 17.0.1 with PID 15340 (C:\Users\GLC\Documents\Project\Java\Formation\bizz\ongafriyan\target\classes started by GLC in C:\Users\GLC\Documents\Project\Java\Formation\bizz\ongafriyan)
2024-12-07 12:31:48.413 [] INFO  - org.ligot.afriyan.OngafriyanApplication - The following 1 profile is active: "dev"
2024-12-07 12:31:48.506 [] INFO  - org.springframework.boot.devtools.env.DevToolsPropertyDefaultsPostProcessor - Devtools property defaults active! Set 'spring.devtools.add-properties' to 'false' to disable
2024-12-07 12:31:48.506 [] INFO  - org.springframework.boot.devtools.env.DevToolsPropertyDefaultsPostProcessor - For additional web related logging consider setting the 'logging.level.web' property to 'DEBUG'
2024-12-07 12:31:50.688 [] INFO  - org.springframework.data.repository.config.RepositoryConfigurationDelegate - Bootstrapping Spring Data JPA repositories in DEFAULT mode.
2024-12-07 12:31:51.057 [] INFO  - org.springframework.data.repository.config.RepositoryConfigurationDelegate - Finished Spring Data repository scanning in 358 ms. Found 43 JPA repository interfaces.
2024-12-07 12:31:51.878 [] INFO  - org.springframework.boot.web.embedded.tomcat.TomcatWebServer - Tomcat initialized with port(s): 8087 (http)
2024-12-07 12:31:51.888 [] INFO  - org.apache.catalina.core.StandardService - Starting service [Tomcat]
2024-12-07 12:31:51.889 [] INFO  - org.apache.catalina.core.StandardEngine - Starting Servlet engine: [Apache Tomcat/10.1.10]
2024-12-07 12:31:51.969 [] INFO  - org.apache.catalina.core.ContainerBase.[Tomcat].[localhost].[/] - Initializing Spring embedded WebApplicationContext
2024-12-07 12:31:51.970 [] INFO  - org.springframework.boot.web.servlet.context.ServletWebServerApplicationContext - Root WebApplicationContext: initialization completed in 3463 ms
2024-12-07 12:31:52.307 [] INFO  - org.hibernate.jpa.internal.util.LogHelper - HHH000204: Processing PersistenceUnitInfo [name: default]
2024-12-07 12:31:52.388 [] INFO  - org.hibernate.Version - HHH000412: Hibernate ORM core version 6.2.5.Final
2024-12-07 12:31:52.391 [] INFO  - org.hibernate.cfg.Environment - HHH000406: Using bytecode reflection optimizer
2024-12-07 12:31:52.547 [] INFO  - org.hibernate.bytecode.internal.BytecodeProviderInitiator - HHH000021: Bytecode provider name : bytebuddy
2024-12-07 12:31:52.692 [] INFO  - org.springframework.orm.jpa.persistenceunit.SpringPersistenceUnitInfo - No LoadTimeWeaver setup: ignoring JPA class transformer
2024-12-07 12:31:52.710 [] INFO  - com.zaxxer.hikari.HikariDataSource - HikariPool-1 - Starting...
2024-12-07 12:31:53.967 [] INFO  - com.zaxxer.hikari.pool.HikariPool - HikariPool-1 - Added connection org.postgresql.jdbc.PgConnection@54fdb26d
2024-12-07 12:31:53.969 [] INFO  - com.zaxxer.hikari.HikariDataSource - HikariPool-1 - Start completed.
2024-12-07 12:31:55.274 [] INFO  - org.hibernate.bytecode.internal.BytecodeProviderInitiator - HHH000021: Bytecode provider name : bytebuddy
2024-12-07 12:31:56.230 [] INFO  - org.hibernate.metamodel.internal.EntityInstantiatorPojoStandard - HHH000182: No default (no-argument) constructor for class: org.ligot.afriyan.entities.UserConnect (class must be instantiated by Interceptor)
2024-12-07 12:31:56.710 [] INFO  - org.hibernate.engine.transaction.jta.platform.internal.JtaPlatformInitiator - HHH000490: Using JtaPlatform implementation: [org.hibernate.engine.transaction.jta.platform.internal.NoJtaPlatform]
2024-12-07 12:31:57.484 [] INFO  - org.springframework.orm.jpa.LocalContainerEntityManagerFactoryBean - Initialized JPA EntityManagerFactory for persistence unit 'default'
2024-12-07 12:31:57.776 [] INFO  - org.springframework.data.jpa.repository.query.QueryEnhancerFactory - Hibernate is in classpath; If applicable, HQL parser will be used.
2024-12-07 12:32:01.215 [] INFO  - org.springframework.boot.actuate.endpoint.web.EndpointLinksResolver - Exposing 1 endpoint(s) beneath base path '/actuator'
2024-12-07 12:32:01.300 [] INFO  - org.springframework.security.web.DefaultSecurityFilterChain - Will secure any request with [org.springframework.security.web.session.DisableEncodeUrlFilter@d7634f4, org.springframework.security.web.context.request.async.WebAsyncManagerIntegrationFilter@55d61fbd, org.springframework.security.web.context.SecurityContextHolderFilter@2532e926, org.springframework.security.web.header.HeaderWriterFilter@51b58e3a, org.springframework.security.web.authentication.logout.LogoutFilter@543726fa, org.ligot.afriyan.config.securities.JwtAuthenticationFilter@6a97ac46, org.springframework.security.web.savedrequest.RequestCacheAwareFilter@713dc80b, org.springframework.security.web.servletapi.SecurityContextHolderAwareRequestFilter@1e8fdba, org.springframework.security.web.authentication.AnonymousAuthenticationFilter@4c5c0222, org.springframework.security.web.session.SessionManagementFilter@47f5b394, org.springframework.security.web.access.ExceptionTranslationFilter@7ad37f1, org.springframework.security.web.access.intercept.AuthorizationFilter@17a9ea25]
2024-12-07 12:32:01.912 [] INFO  - org.springframework.boot.devtools.autoconfigure.OptionalLiveReloadServer - LiveReload server is running on port 35729
2024-12-07 12:32:02.011 [] INFO  - org.springframework.boot.web.embedded.tomcat.TomcatWebServer - Tomcat started on port(s): 8087 (http) with context path ''
2024-12-07 12:32:02.030 [] INFO  - org.ligot.afriyan.OngafriyanApplication - Started OngafriyanApplication in 14.134 seconds (process running for 15.378)
2024-12-07 12:32:02.343 [] INFO  - org.apache.catalina.core.ContainerBase.[Tomcat].[localhost].[/] - Initializing Spring DispatcherServlet 'dispatcherServlet'
2024-12-07 12:32:02.344 [] INFO  - org.springframework.web.servlet.DispatcherServlet - Initializing Servlet 'dispatcherServlet'
2024-12-07 12:32:02.348 [] INFO  - org.springframework.web.servlet.DispatcherServlet - Completed initialization in 3 ms
2024-12-07 12:33:19.773 [] INFO  - org.springframework.orm.jpa.LocalContainerEntityManagerFactoryBean - Closing JPA EntityManagerFactory for persistence unit 'default'
2024-12-07 12:33:19.781 [] INFO  - com.zaxxer.hikari.HikariDataSource - HikariPool-1 - Shutdown initiated...
2024-12-07 12:33:19.786 [] INFO  - com.zaxxer.hikari.HikariDataSource - HikariPool-1 - Shutdown completed.
2024-12-07 12:34:02.829 [] INFO  - org.ligot.afriyan.OngafriyanApplication - Starting OngafriyanApplication using Java 17.0.1 with PID 11788 (C:\Users\GLC\Documents\Project\Java\Formation\bizz\ongafriyan\target\classes started by GLC in C:\Users\GLC\Documents\Project\Java\Formation\bizz\ongafriyan)
2024-12-07 12:34:02.832 [] INFO  - org.ligot.afriyan.OngafriyanApplication - The following 1 profile is active: "dev"
2024-12-07 12:34:02.989 [] INFO  - org.springframework.boot.devtools.env.DevToolsPropertyDefaultsPostProcessor - Devtools property defaults active! Set 'spring.devtools.add-properties' to 'false' to disable
2024-12-07 12:34:02.990 [] INFO  - org.springframework.boot.devtools.env.DevToolsPropertyDefaultsPostProcessor - For additional web related logging consider setting the 'logging.level.web' property to 'DEBUG'
2024-12-07 12:34:05.392 [] INFO  - org.springframework.data.repository.config.RepositoryConfigurationDelegate - Bootstrapping Spring Data JPA repositories in DEFAULT mode.
2024-12-07 12:34:05.822 [] INFO  - org.springframework.data.repository.config.RepositoryConfigurationDelegate - Finished Spring Data repository scanning in 417 ms. Found 43 JPA repository interfaces.
2024-12-07 12:34:06.843 [] INFO  - org.springframework.boot.web.embedded.tomcat.TomcatWebServer - Tomcat initialized with port(s): 8087 (http)
2024-12-07 12:34:06.856 [] INFO  - org.apache.catalina.core.StandardService - Starting service [Tomcat]
2024-12-07 12:34:06.856 [] INFO  - org.apache.catalina.core.StandardEngine - Starting Servlet engine: [Apache Tomcat/10.1.10]
2024-12-07 12:34:06.947 [] INFO  - org.apache.catalina.core.ContainerBase.[Tomcat].[localhost].[/] - Initializing Spring embedded WebApplicationContext
2024-12-07 12:34:06.949 [] INFO  - org.springframework.boot.web.servlet.context.ServletWebServerApplicationContext - Root WebApplicationContext: initialization completed in 3958 ms
2024-12-07 12:34:07.385 [] INFO  - org.hibernate.jpa.internal.util.LogHelper - HHH000204: Processing PersistenceUnitInfo [name: default]
2024-12-07 12:34:07.461 [] INFO  - org.hibernate.Version - HHH000412: Hibernate ORM core version 6.2.5.Final
2024-12-07 12:34:07.465 [] INFO  - org.hibernate.cfg.Environment - HHH000406: Using bytecode reflection optimizer
2024-12-07 12:34:07.666 [] INFO  - org.hibernate.bytecode.internal.BytecodeProviderInitiator - HHH000021: Bytecode provider name : bytebuddy
2024-12-07 12:34:07.895 [] INFO  - org.springframework.orm.jpa.persistenceunit.SpringPersistenceUnitInfo - No LoadTimeWeaver setup: ignoring JPA class transformer
2024-12-07 12:34:07.923 [] INFO  - com.zaxxer.hikari.HikariDataSource - HikariPool-1 - Starting...
2024-12-07 12:34:09.227 [] INFO  - com.zaxxer.hikari.pool.HikariPool - HikariPool-1 - Added connection org.postgresql.jdbc.PgConnection@69d6aa53
2024-12-07 12:34:09.252 [] INFO  - com.zaxxer.hikari.HikariDataSource - HikariPool-1 - Start completed.
2024-12-07 12:34:10.743 [] INFO  - org.hibernate.bytecode.internal.BytecodeProviderInitiator - HHH000021: Bytecode provider name : bytebuddy
2024-12-07 12:34:11.957 [] INFO  - org.hibernate.metamodel.internal.EntityInstantiatorPojoStandard - HHH000182: No default (no-argument) constructor for class: org.ligot.afriyan.entities.UserConnect (class must be instantiated by Interceptor)
2024-12-07 12:34:12.580 [] INFO  - org.hibernate.engine.transaction.jta.platform.internal.JtaPlatformInitiator - HHH000490: Using JtaPlatform implementation: [org.hibernate.engine.transaction.jta.platform.internal.NoJtaPlatform]
2024-12-07 12:34:13.480 [] INFO  - org.springframework.orm.jpa.LocalContainerEntityManagerFactoryBean - Initialized JPA EntityManagerFactory for persistence unit 'default'
2024-12-07 12:34:13.969 [] INFO  - org.springframework.data.jpa.repository.query.QueryEnhancerFactory - Hibernate is in classpath; If applicable, HQL parser will be used.
2024-12-07 12:34:17.682 [] INFO  - org.springframework.boot.actuate.endpoint.web.EndpointLinksResolver - Exposing 1 endpoint(s) beneath base path '/actuator'
2024-12-07 12:34:17.773 [] INFO  - org.springframework.security.web.DefaultSecurityFilterChain - Will secure any request with [org.springframework.security.web.session.DisableEncodeUrlFilter@5bf264f9, org.springframework.security.web.context.request.async.WebAsyncManagerIntegrationFilter@4c1322e1, org.springframework.security.web.context.SecurityContextHolderFilter@1e8b6f84, org.springframework.security.web.header.HeaderWriterFilter@15babd8b, org.springframework.security.web.authentication.logout.LogoutFilter@5a55238b, org.ligot.afriyan.config.securities.JwtAuthenticationFilter@66f03683, org.springframework.security.web.savedrequest.RequestCacheAwareFilter@46cbda7f, org.springframework.security.web.servletapi.SecurityContextHolderAwareRequestFilter@5eec17a3, org.springframework.security.web.authentication.AnonymousAuthenticationFilter@59792628, org.springframework.security.web.session.SessionManagementFilter@7d10bca2, org.springframework.security.web.access.ExceptionTranslationFilter@29012f75, org.springframework.security.web.access.intercept.AuthorizationFilter@756c434d]
2024-12-07 12:34:18.514 [] INFO  - org.springframework.boot.devtools.autoconfigure.OptionalLiveReloadServer - LiveReload server is running on port 35729
2024-12-07 12:34:18.634 [] INFO  - org.springframework.boot.web.embedded.tomcat.TomcatWebServer - Tomcat started on port(s): 8087 (http) with context path ''
2024-12-07 12:34:18.659 [] INFO  - org.ligot.afriyan.OngafriyanApplication - Started OngafriyanApplication in 16.416 seconds (process running for 18.498)
2024-12-07 12:34:18.876 [] INFO  - org.apache.catalina.core.ContainerBase.[Tomcat].[localhost].[/] - Initializing Spring DispatcherServlet 'dispatcherServlet'
2024-12-07 12:34:18.876 [] INFO  - org.springframework.web.servlet.DispatcherServlet - Initializing Servlet 'dispatcherServlet'
2024-12-07 12:34:18.878 [] INFO  - org.springframework.web.servlet.DispatcherServlet - Completed initialization in 2 ms
2024-12-07 12:36:00.427 [] INFO  - org.springframework.orm.jpa.LocalContainerEntityManagerFactoryBean - Closing JPA EntityManagerFactory for persistence unit 'default'
2024-12-07 12:36:00.431 [] INFO  - com.zaxxer.hikari.HikariDataSource - HikariPool-1 - Shutdown initiated...
2024-12-07 12:36:00.666 [] INFO  - com.zaxxer.hikari.HikariDataSource - HikariPool-1 - Shutdown completed.
2024-12-07 12:36:08.756 [] INFO  - org.ligot.afriyan.OngafriyanApplication - Starting OngafriyanApplication using Java 17.0.1 with PID 11844 (C:\Users\GLC\Documents\Project\Java\Formation\bizz\ongafriyan\target\classes started by GLC in C:\Users\GLC\Documents\Project\Java\Formation\bizz\ongafriyan)
2024-12-07 12:36:08.759 [] INFO  - org.ligot.afriyan.OngafriyanApplication - The following 1 profile is active: "dev"
2024-12-07 12:36:08.870 [] INFO  - org.springframework.boot.devtools.env.DevToolsPropertyDefaultsPostProcessor - Devtools property defaults active! Set 'spring.devtools.add-properties' to 'false' to disable
2024-12-07 12:36:08.871 [] INFO  - org.springframework.boot.devtools.env.DevToolsPropertyDefaultsPostProcessor - For additional web related logging consider setting the 'logging.level.web' property to 'DEBUG'
2024-12-07 12:36:11.276 [] INFO  - org.springframework.data.repository.config.RepositoryConfigurationDelegate - Bootstrapping Spring Data JPA repositories in DEFAULT mode.
2024-12-07 12:36:11.713 [] INFO  - org.springframework.data.repository.config.RepositoryConfigurationDelegate - Finished Spring Data repository scanning in 423 ms. Found 43 JPA repository interfaces.
2024-12-07 12:36:12.776 [] INFO  - org.springframework.boot.web.embedded.tomcat.TomcatWebServer - Tomcat initialized with port(s): 8087 (http)
2024-12-07 12:36:12.791 [] INFO  - org.apache.catalina.core.StandardService - Starting service [Tomcat]
2024-12-07 12:36:12.791 [] INFO  - org.apache.catalina.core.StandardEngine - Starting Servlet engine: [Apache Tomcat/10.1.10]
2024-12-07 12:36:12.885 [] INFO  - org.apache.catalina.core.ContainerBase.[Tomcat].[localhost].[/] - Initializing Spring embedded WebApplicationContext
2024-12-07 12:36:12.886 [] INFO  - org.springframework.boot.web.servlet.context.ServletWebServerApplicationContext - Root WebApplicationContext: initialization completed in 4013 ms
2024-12-07 12:36:13.313 [] INFO  - org.hibernate.jpa.internal.util.LogHelper - HHH000204: Processing PersistenceUnitInfo [name: default]
2024-12-07 12:36:13.391 [] INFO  - org.hibernate.Version - HHH000412: Hibernate ORM core version 6.2.5.Final
2024-12-07 12:36:13.396 [] INFO  - org.hibernate.cfg.Environment - HHH000406: Using bytecode reflection optimizer
2024-12-07 12:36:13.704 [] INFO  - org.hibernate.bytecode.internal.BytecodeProviderInitiator - HHH000021: Bytecode provider name : bytebuddy
2024-12-07 12:36:13.993 [] INFO  - org.springframework.orm.jpa.persistenceunit.SpringPersistenceUnitInfo - No LoadTimeWeaver setup: ignoring JPA class transformer
2024-12-07 12:36:14.020 [] INFO  - com.zaxxer.hikari.HikariDataSource - HikariPool-1 - Starting...
2024-12-07 12:36:15.935 [] INFO  - com.zaxxer.hikari.pool.HikariPool - HikariPool-1 - Added connection org.postgresql.jdbc.PgConnection@69d6aa53
2024-12-07 12:36:15.937 [] INFO  - com.zaxxer.hikari.HikariDataSource - HikariPool-1 - Start completed.
2024-12-07 12:36:17.716 [] INFO  - org.hibernate.bytecode.internal.BytecodeProviderInitiator - HHH000021: Bytecode provider name : bytebuddy
2024-12-07 12:36:19.337 [] INFO  - org.hibernate.metamodel.internal.EntityInstantiatorPojoStandard - HHH000182: No default (no-argument) constructor for class: org.ligot.afriyan.entities.UserConnect (class must be instantiated by Interceptor)
2024-12-07 12:36:19.977 [] INFO  - org.hibernate.engine.transaction.jta.platform.internal.JtaPlatformInitiator - HHH000490: Using JtaPlatform implementation: [org.hibernate.engine.transaction.jta.platform.internal.NoJtaPlatform]
2024-12-07 12:36:21.946 [] INFO  - org.springframework.orm.jpa.LocalContainerEntityManagerFactoryBean - Initialized JPA EntityManagerFactory for persistence unit 'default'
2024-12-07 12:36:22.323 [] INFO  - org.springframework.data.jpa.repository.query.QueryEnhancerFactory - Hibernate is in classpath; If applicable, HQL parser will be used.
2024-12-07 12:36:26.060 [] INFO  - org.springframework.boot.actuate.endpoint.web.EndpointLinksResolver - Exposing 1 endpoint(s) beneath base path '/actuator'
2024-12-07 12:36:26.160 [] INFO  - org.springframework.security.web.DefaultSecurityFilterChain - Will secure any request with [org.springframework.security.web.session.DisableEncodeUrlFilter@5bf264f9, org.springframework.security.web.context.request.async.WebAsyncManagerIntegrationFilter@4c1322e1, org.springframework.security.web.context.SecurityContextHolderFilter@1e8b6f84, org.springframework.security.web.header.HeaderWriterFilter@15babd8b, org.springframework.security.web.authentication.logout.LogoutFilter@5a55238b, org.ligot.afriyan.config.securities.JwtAuthenticationFilter@2b911e38, org.springframework.security.web.savedrequest.RequestCacheAwareFilter@46cbda7f, org.springframework.security.web.servletapi.SecurityContextHolderAwareRequestFilter@5eec17a3, org.springframework.security.web.authentication.AnonymousAuthenticationFilter@59792628, org.springframework.security.web.session.SessionManagementFilter@7d10bca2, org.springframework.security.web.access.ExceptionTranslationFilter@29012f75, org.springframework.security.web.access.intercept.AuthorizationFilter@756c434d]
2024-12-07 12:36:26.940 [] INFO  - org.springframework.boot.devtools.autoconfigure.OptionalLiveReloadServer - LiveReload server is running on port 35729
2024-12-07 12:36:27.094 [] INFO  - org.springframework.boot.web.embedded.tomcat.TomcatWebServer - Tomcat started on port(s): 8087 (http) with context path ''
2024-12-07 12:36:27.118 [] INFO  - org.ligot.afriyan.OngafriyanApplication - Started OngafriyanApplication in 19.039 seconds (process running for 21.086)
2024-12-07 12:36:27.490 [] INFO  - org.apache.catalina.core.ContainerBase.[Tomcat].[localhost].[/] - Initializing Spring DispatcherServlet 'dispatcherServlet'
2024-12-07 12:36:27.491 [] INFO  - org.springframework.web.servlet.DispatcherServlet - Initializing Servlet 'dispatcherServlet'
2024-12-07 12:36:27.493 [] INFO  - org.springframework.web.servlet.DispatcherServlet - Completed initialization in 2 ms
2024-12-07 12:51:42.481 [] INFO  - org.springframework.orm.jpa.LocalContainerEntityManagerFactoryBean - Closing JPA EntityManagerFactory for persistence unit 'default'
2024-12-07 12:51:42.668 [] INFO  - com.zaxxer.hikari.HikariDataSource - HikariPool-1 - Shutdown initiated...
2024-12-07 12:51:42.870 [] INFO  - com.zaxxer.hikari.HikariDataSource - HikariPool-1 - Shutdown completed.
2024-12-07 12:52:33.875 [] INFO  - org.ligot.afriyan.OngafriyanApplication - Starting OngafriyanApplication using Java 17.0.1 with PID 20504 (C:\Users\GLC\Documents\Project\Java\Formation\bizz\ongafriyan\target\classes started by GLC in C:\Users\GLC\Documents\Project\Java\Formation\bizz\ongafriyan)
2024-12-07 12:52:33.878 [] INFO  - org.ligot.afriyan.OngafriyanApplication - The following 1 profile is active: "dev"
2024-12-07 12:52:33.960 [] INFO  - org.springframework.boot.devtools.env.DevToolsPropertyDefaultsPostProcessor - Devtools property defaults active! Set 'spring.devtools.add-properties' to 'false' to disable
2024-12-07 12:52:33.961 [] INFO  - org.springframework.boot.devtools.env.DevToolsPropertyDefaultsPostProcessor - For additional web related logging consider setting the 'logging.level.web' property to 'DEBUG'
2024-12-07 12:52:35.756 [] INFO  - org.springframework.data.repository.config.RepositoryConfigurationDelegate - Bootstrapping Spring Data JPA repositories in DEFAULT mode.
2024-12-07 12:52:36.089 [] INFO  - org.springframework.data.repository.config.RepositoryConfigurationDelegate - Finished Spring Data repository scanning in 321 ms. Found 43 JPA repository interfaces.
2024-12-07 12:52:36.890 [] INFO  - org.springframework.boot.web.embedded.tomcat.TomcatWebServer - Tomcat initialized with port(s): 8087 (http)
2024-12-07 12:52:36.901 [] INFO  - org.apache.catalina.core.StandardService - Starting service [Tomcat]
2024-12-07 12:52:36.901 [] INFO  - org.apache.catalina.core.StandardEngine - Starting Servlet engine: [Apache Tomcat/10.1.10]
2024-12-07 12:52:36.973 [] INFO  - org.apache.catalina.core.ContainerBase.[Tomcat].[localhost].[/] - Initializing Spring embedded WebApplicationContext
2024-12-07 12:52:36.973 [] INFO  - org.springframework.boot.web.servlet.context.ServletWebServerApplicationContext - Root WebApplicationContext: initialization completed in 3011 ms
2024-12-07 12:52:37.313 [] INFO  - org.hibernate.jpa.internal.util.LogHelper - HHH000204: Processing PersistenceUnitInfo [name: default]
2024-12-07 12:52:37.374 [] INFO  - org.hibernate.Version - HHH000412: Hibernate ORM core version 6.2.5.Final
2024-12-07 12:52:37.377 [] INFO  - org.hibernate.cfg.Environment - HHH000406: Using bytecode reflection optimizer
2024-12-07 12:52:37.533 [] INFO  - org.hibernate.bytecode.internal.BytecodeProviderInitiator - HHH000021: Bytecode provider name : bytebuddy
2024-12-07 12:52:37.688 [] INFO  - org.springframework.orm.jpa.persistenceunit.SpringPersistenceUnitInfo - No LoadTimeWeaver setup: ignoring JPA class transformer
2024-12-07 12:52:37.712 [] INFO  - com.zaxxer.hikari.HikariDataSource - HikariPool-1 - Starting...
2024-12-07 12:52:39.260 [] INFO  - com.zaxxer.hikari.pool.HikariPool - HikariPool-1 - Added connection org.postgresql.jdbc.PgConnection@70157315
2024-12-07 12:52:39.262 [] INFO  - com.zaxxer.hikari.HikariDataSource - HikariPool-1 - Start completed.
2024-12-07 12:52:40.802 [] INFO  - org.hibernate.bytecode.internal.BytecodeProviderInitiator - HHH000021: Bytecode provider name : bytebuddy
2024-12-07 12:52:41.869 [] INFO  - org.hibernate.metamodel.internal.EntityInstantiatorPojoStandard - HHH000182: No default (no-argument) constructor for class: org.ligot.afriyan.entities.UserConnect (class must be instantiated by Interceptor)
2024-12-07 12:52:42.345 [] INFO  - org.hibernate.engine.transaction.jta.platform.internal.JtaPlatformInitiator - HHH000490: Using JtaPlatform implementation: [org.hibernate.engine.transaction.jta.platform.internal.NoJtaPlatform]
2024-12-07 12:52:44.624 [] INFO  - org.springframework.orm.jpa.LocalContainerEntityManagerFactoryBean - Initialized JPA EntityManagerFactory for persistence unit 'default'
2024-12-07 12:52:44.931 [] INFO  - org.springframework.data.jpa.repository.query.QueryEnhancerFactory - Hibernate is in classpath; If applicable, HQL parser will be used.
2024-12-07 12:52:47.993 [] INFO  - org.springframework.boot.actuate.endpoint.web.EndpointLinksResolver - Exposing 1 endpoint(s) beneath base path '/actuator'
2024-12-07 12:52:48.076 [] INFO  - org.springframework.security.web.DefaultSecurityFilterChain - Will secure any request with [org.springframework.security.web.session.DisableEncodeUrlFilter@24bf8e15, org.springframework.security.web.context.request.async.WebAsyncManagerIntegrationFilter@6634900b, org.springframework.security.web.context.SecurityContextHolderFilter@736679f4, org.springframework.security.web.header.HeaderWriterFilter@15986170, org.springframework.security.web.authentication.logout.LogoutFilter@5f10b28c, org.ligot.afriyan.config.securities.JwtAuthenticationFilter@1b1c798d, org.springframework.security.web.savedrequest.RequestCacheAwareFilter@76661ae1, org.springframework.security.web.servletapi.SecurityContextHolderAwareRequestFilter@7b29ef6a, org.springframework.security.web.authentication.AnonymousAuthenticationFilter@4b27c776, org.springframework.security.web.session.SessionManagementFilter@4a0f59a4, org.springframework.security.web.access.ExceptionTranslationFilter@537c7dce, org.springframework.security.web.access.intercept.AuthorizationFilter@5e53934a]
2024-12-07 12:52:48.644 [] INFO  - org.springframework.boot.devtools.autoconfigure.OptionalLiveReloadServer - LiveReload server is running on port 35729
2024-12-07 12:52:48.760 [] INFO  - org.springframework.boot.web.embedded.tomcat.TomcatWebServer - Tomcat started on port(s): 8087 (http) with context path ''
2024-12-07 12:52:48.779 [] INFO  - org.ligot.afriyan.OngafriyanApplication - Started OngafriyanApplication in 15.373 seconds (process running for 16.469)
2024-12-07 12:52:49.342 [] INFO  - org.apache.catalina.core.ContainerBase.[Tomcat].[localhost].[/] - Initializing Spring DispatcherServlet 'dispatcherServlet'
2024-12-07 12:52:49.343 [] INFO  - org.springframework.web.servlet.DispatcherServlet - Initializing Servlet 'dispatcherServlet'
2024-12-07 12:52:49.345 [] INFO  - org.springframework.web.servlet.DispatcherServlet - Completed initialization in 2 ms
2024-12-07 12:55:00.164 [] INFO  - org.ligot.afriyan.OngafriyanApplication - Starting OngafriyanApplication using Java 17.0.1 with PID 12768 (C:\Users\GLC\Documents\Project\Java\Formation\bizz\ongafriyan\target\classes started by GLC in C:\Users\GLC\Documents\Project\Java\Formation\bizz\ongafriyan)
2024-12-07 12:55:00.167 [] INFO  - org.ligot.afriyan.OngafriyanApplication - The following 1 profile is active: "dev"
2024-12-07 12:55:00.287 [] INFO  - org.springframework.boot.devtools.env.DevToolsPropertyDefaultsPostProcessor - Devtools property defaults active! Set 'spring.devtools.add-properties' to 'false' to disable
2024-12-07 12:55:00.287 [] INFO  - org.springframework.boot.devtools.env.DevToolsPropertyDefaultsPostProcessor - For additional web related logging consider setting the 'logging.level.web' property to 'DEBUG'
2024-12-07 12:55:03.250 [] INFO  - org.springframework.data.repository.config.RepositoryConfigurationDelegate - Bootstrapping Spring Data JPA repositories in DEFAULT mode.
2024-12-07 12:55:03.704 [] INFO  - org.springframework.data.repository.config.RepositoryConfigurationDelegate - Finished Spring Data repository scanning in 436 ms. Found 43 JPA repository interfaces.
2024-12-07 12:55:04.759 [] INFO  - org.springframework.boot.web.embedded.tomcat.TomcatWebServer - Tomcat initialized with port(s): 8087 (http)
2024-12-07 12:55:04.771 [] INFO  - org.apache.catalina.core.StandardService - Starting service [Tomcat]
2024-12-07 12:55:04.772 [] INFO  - org.apache.catalina.core.StandardEngine - Starting Servlet engine: [Apache Tomcat/10.1.10]
2024-12-07 12:55:04.864 [] INFO  - org.apache.catalina.core.ContainerBase.[Tomcat].[localhost].[/] - Initializing Spring embedded WebApplicationContext
2024-12-07 12:55:04.864 [] INFO  - org.springframework.boot.web.servlet.context.ServletWebServerApplicationContext - Root WebApplicationContext: initialization completed in 4573 ms
2024-12-07 12:55:05.292 [] INFO  - org.hibernate.jpa.internal.util.LogHelper - HHH000204: Processing PersistenceUnitInfo [name: default]
2024-12-07 12:55:05.369 [] INFO  - org.hibernate.Version - HHH000412: Hibernate ORM core version 6.2.5.Final
2024-12-07 12:55:05.374 [] INFO  - org.hibernate.cfg.Environment - HHH000406: Using bytecode reflection optimizer
2024-12-07 12:55:05.583 [] INFO  - org.hibernate.bytecode.internal.BytecodeProviderInitiator - HHH000021: Bytecode provider name : bytebuddy
2024-12-07 12:55:05.838 [] INFO  - org.springframework.orm.jpa.persistenceunit.SpringPersistenceUnitInfo - No LoadTimeWeaver setup: ignoring JPA class transformer
2024-12-07 12:55:05.861 [] INFO  - com.zaxxer.hikari.HikariDataSource - HikariPool-1 - Starting...
2024-12-07 12:55:09.513 [] INFO  - com.zaxxer.hikari.pool.HikariPool - HikariPool-1 - Added connection org.postgresql.jdbc.PgConnection@4a3c51fe
2024-12-07 12:55:09.515 [] INFO  - com.zaxxer.hikari.HikariDataSource - HikariPool-1 - Start completed.
2024-12-07 12:55:17.370 [] INFO  - org.hibernate.bytecode.internal.BytecodeProviderInitiator - HHH000021: Bytecode provider name : bytebuddy
2024-12-07 12:55:21.844 [] INFO  - org.hibernate.metamodel.internal.EntityInstantiatorPojoStandard - HHH000182: No default (no-argument) constructor for class: org.ligot.afriyan.entities.UserConnect (class must be instantiated by Interceptor)
2024-12-07 12:55:22.474 [] INFO  - org.hibernate.engine.transaction.jta.platform.internal.JtaPlatformInitiator - HHH000490: Using JtaPlatform implementation: [org.hibernate.engine.transaction.jta.platform.internal.NoJtaPlatform]
2024-12-07 12:55:24.198 [] INFO  - org.springframework.orm.jpa.LocalContainerEntityManagerFactoryBean - Initialized JPA EntityManagerFactory for persistence unit 'default'
2024-12-07 12:55:24.596 [] INFO  - org.springframework.data.jpa.repository.query.QueryEnhancerFactory - Hibernate is in classpath; If applicable, HQL parser will be used.
2024-12-07 12:55:28.909 [] INFO  - org.springframework.boot.actuate.endpoint.web.EndpointLinksResolver - Exposing 1 endpoint(s) beneath base path '/actuator'
2024-12-07 12:55:29.017 [] INFO  - org.springframework.security.web.DefaultSecurityFilterChain - Will secure any request with [org.springframework.security.web.session.DisableEncodeUrlFilter@5806c17b, org.springframework.security.web.context.request.async.WebAsyncManagerIntegrationFilter@17d2e506, org.springframework.security.web.context.SecurityContextHolderFilter@764b3351, org.springframework.security.web.header.HeaderWriterFilter@1029e99a, org.springframework.security.web.authentication.logout.LogoutFilter@5d21f082, org.ligot.afriyan.config.securities.JwtAuthenticationFilter@4d08ba61, org.springframework.security.web.savedrequest.RequestCacheAwareFilter@2b0326e0, org.springframework.security.web.servletapi.SecurityContextHolderAwareRequestFilter@4fbfed0, org.springframework.security.web.authentication.AnonymousAuthenticationFilter@379556c7, org.springframework.security.web.session.SessionManagementFilter@7d94ca9c, org.springframework.security.web.access.ExceptionTranslationFilter@6f098c22, org.springframework.security.web.access.intercept.AuthorizationFilter@207dfcc9]
2024-12-07 12:55:29.773 [] INFO  - org.springframework.boot.devtools.autoconfigure.OptionalLiveReloadServer - LiveReload server is running on port 35729
2024-12-07 12:55:29.889 [] INFO  - org.springframework.boot.web.embedded.tomcat.TomcatWebServer - Tomcat started on port(s): 8087 (http) with context path ''
2024-12-07 12:55:29.914 [] INFO  - org.ligot.afriyan.OngafriyanApplication - Started OngafriyanApplication in 30.333 seconds (process running for 31.762)
2024-12-07 12:55:30.424 [] INFO  - org.apache.catalina.core.ContainerBase.[Tomcat].[localhost].[/] - Initializing Spring DispatcherServlet 'dispatcherServlet'
2024-12-07 12:55:30.424 [] INFO  - org.springframework.web.servlet.DispatcherServlet - Initializing Servlet 'dispatcherServlet'
2024-12-07 12:55:30.428 [] INFO  - org.springframework.web.servlet.DispatcherServlet - Completed initialization in 3 ms
2024-12-07 12:57:45.451 [] INFO  - org.ligot.afriyan.OngafriyanApplication - Starting OngafriyanApplication using Java 17.0.1 with PID 21692 (C:\Users\GLC\Documents\Project\Java\Formation\bizz\ongafriyan\target\classes started by GLC in C:\Users\GLC\Documents\Project\Java\Formation\bizz\ongafriyan)
2024-12-07 12:57:45.455 [] INFO  - org.ligot.afriyan.OngafriyanApplication - The following 1 profile is active: "dev"
2024-12-07 12:57:45.597 [] INFO  - org.springframework.boot.devtools.env.DevToolsPropertyDefaultsPostProcessor - Devtools property defaults active! Set 'spring.devtools.add-properties' to 'false' to disable
2024-12-07 12:57:45.597 [] INFO  - org.springframework.boot.devtools.env.DevToolsPropertyDefaultsPostProcessor - For additional web related logging consider setting the 'logging.level.web' property to 'DEBUG'
2024-12-07 12:57:48.350 [] INFO  - org.springframework.data.repository.config.RepositoryConfigurationDelegate - Bootstrapping Spring Data JPA repositories in DEFAULT mode.
2024-12-07 12:57:48.774 [] INFO  - org.springframework.data.repository.config.RepositoryConfigurationDelegate - Finished Spring Data repository scanning in 413 ms. Found 43 JPA repository interfaces.
2024-12-07 12:57:49.801 [] INFO  - org.springframework.boot.web.embedded.tomcat.TomcatWebServer - Tomcat initialized with port(s): 8087 (http)
2024-12-07 12:57:49.811 [] INFO  - org.apache.catalina.core.StandardService - Starting service [Tomcat]
2024-12-07 12:57:49.811 [] INFO  - org.apache.catalina.core.StandardEngine - Starting Servlet engine: [Apache Tomcat/10.1.10]
2024-12-07 12:57:49.904 [] INFO  - org.apache.catalina.core.ContainerBase.[Tomcat].[localhost].[/] - Initializing Spring embedded WebApplicationContext
2024-12-07 12:57:49.906 [] INFO  - org.springframework.boot.web.servlet.context.ServletWebServerApplicationContext - Root WebApplicationContext: initialization completed in 4308 ms
2024-12-07 12:57:50.324 [] INFO  - org.hibernate.jpa.internal.util.LogHelper - HHH000204: Processing PersistenceUnitInfo [name: default]
2024-12-07 12:57:50.403 [] INFO  - org.hibernate.Version - HHH000412: Hibernate ORM core version 6.2.5.Final
2024-12-07 12:57:50.406 [] INFO  - org.hibernate.cfg.Environment - HHH000406: Using bytecode reflection optimizer
2024-12-07 12:57:50.621 [] INFO  - org.hibernate.bytecode.internal.BytecodeProviderInitiator - HHH000021: Bytecode provider name : bytebuddy
2024-12-07 12:57:50.807 [] INFO  - org.springframework.orm.jpa.persistenceunit.SpringPersistenceUnitInfo - No LoadTimeWeaver setup: ignoring JPA class transformer
2024-12-07 12:57:50.832 [] INFO  - com.zaxxer.hikari.HikariDataSource - HikariPool-1 - Starting...
2024-12-07 12:57:54.072 [] INFO  - com.zaxxer.hikari.pool.HikariPool - HikariPool-1 - Added connection org.postgresql.jdbc.PgConnection@7580cc0a
2024-12-07 12:57:54.074 [] INFO  - com.zaxxer.hikari.HikariDataSource - HikariPool-1 - Start completed.
2024-12-07 12:57:55.658 [] INFO  - org.hibernate.bytecode.internal.BytecodeProviderInitiator - HHH000021: Bytecode provider name : bytebuddy
2024-12-07 12:57:56.872 [] INFO  - org.hibernate.metamodel.internal.EntityInstantiatorPojoStandard - HHH000182: No default (no-argument) constructor for class: org.ligot.afriyan.entities.UserConnect (class must be instantiated by Interceptor)
2024-12-07 12:57:57.499 [] INFO  - org.hibernate.engine.transaction.jta.platform.internal.JtaPlatformInitiator - HHH000490: Using JtaPlatform implementation: [org.hibernate.engine.transaction.jta.platform.internal.NoJtaPlatform]
2024-12-07 12:57:59.605 [] INFO  - org.springframework.orm.jpa.LocalContainerEntityManagerFactoryBean - Initialized JPA EntityManagerFactory for persistence unit 'default'
2024-12-07 12:57:59.970 [] INFO  - org.springframework.data.jpa.repository.query.QueryEnhancerFactory - Hibernate is in classpath; If applicable, HQL parser will be used.
2024-12-07 12:58:03.611 [] INFO  - org.springframework.boot.actuate.endpoint.web.EndpointLinksResolver - Exposing 1 endpoint(s) beneath base path '/actuator'
2024-12-07 12:58:03.708 [] INFO  - org.springframework.security.web.DefaultSecurityFilterChain - Will secure any request with [org.springframework.security.web.session.DisableEncodeUrlFilter@185fc138, org.springframework.security.web.context.request.async.WebAsyncManagerIntegrationFilter@6423db6e, org.springframework.security.web.context.SecurityContextHolderFilter@5e260182, org.springframework.security.web.header.HeaderWriterFilter@ffdba5b, org.springframework.security.web.authentication.logout.LogoutFilter@68e0bd51, org.ligot.afriyan.config.securities.JwtAuthenticationFilter@4a84d116, org.springframework.security.web.savedrequest.RequestCacheAwareFilter@3d90d9d, org.springframework.security.web.servletapi.SecurityContextHolderAwareRequestFilter@36770413, org.springframework.security.web.authentication.AnonymousAuthenticationFilter@3b999b49, org.springframework.security.web.session.SessionManagementFilter@6ff55540, org.springframework.security.web.access.ExceptionTranslationFilter@8475a81, org.springframework.security.web.access.intercept.AuthorizationFilter@294aa954]
2024-12-07 12:58:04.423 [] INFO  - org.springframework.boot.devtools.autoconfigure.OptionalLiveReloadServer - LiveReload server is running on port 35729
2024-12-07 12:58:04.542 [] INFO  - org.springframework.boot.web.embedded.tomcat.TomcatWebServer - Tomcat started on port(s): 8087 (http) with context path ''
2024-12-07 12:58:04.564 [] INFO  - org.ligot.afriyan.OngafriyanApplication - Started OngafriyanApplication in 19.683 seconds (process running for 21.098)
2024-12-07 12:58:05.194 [] INFO  - org.apache.catalina.core.ContainerBase.[Tomcat].[localhost].[/] - Initializing Spring DispatcherServlet 'dispatcherServlet'
2024-12-07 12:58:05.195 [] INFO  - org.springframework.web.servlet.DispatcherServlet - Initializing Servlet 'dispatcherServlet'
2024-12-07 12:58:05.198 [] INFO  - org.springframework.web.servlet.DispatcherServlet - Completed initialization in 3 ms
2024-12-07 13:00:15.420 [] INFO  - org.ligot.afriyan.OngafriyanApplication - Starting OngafriyanApplication using Java 17.0.1 with PID 18072 (C:\Users\GLC\Documents\Project\Java\Formation\bizz\ongafriyan\target\classes started by GLC in C:\Users\GLC\Documents\Project\Java\Formation\bizz\ongafriyan)
2024-12-07 13:00:15.423 [] INFO  - org.ligot.afriyan.OngafriyanApplication - The following 1 profile is active: "dev"
2024-12-07 13:00:15.731 [] INFO  - org.springframework.boot.devtools.env.DevToolsPropertyDefaultsPostProcessor - Devtools property defaults active! Set 'spring.devtools.add-properties' to 'false' to disable
2024-12-07 13:00:15.731 [] INFO  - org.springframework.boot.devtools.env.DevToolsPropertyDefaultsPostProcessor - For additional web related logging consider setting the 'logging.level.web' property to 'DEBUG'
2024-12-07 13:00:18.496 [] INFO  - org.springframework.data.repository.config.RepositoryConfigurationDelegate - Bootstrapping Spring Data JPA repositories in DEFAULT mode.
2024-12-07 13:00:18.993 [] INFO  - org.springframework.data.repository.config.RepositoryConfigurationDelegate - Finished Spring Data repository scanning in 485 ms. Found 43 JPA repository interfaces.
2024-12-07 13:00:20.128 [] INFO  - org.springframework.boot.web.embedded.tomcat.TomcatWebServer - Tomcat initialized with port(s): 8087 (http)
2024-12-07 13:00:20.153 [] INFO  - org.apache.catalina.core.StandardService - Starting service [Tomcat]
2024-12-07 13:00:20.154 [] INFO  - org.apache.catalina.core.StandardEngine - Starting Servlet engine: [Apache Tomcat/10.1.10]
2024-12-07 13:00:20.251 [] INFO  - org.apache.catalina.core.ContainerBase.[Tomcat].[localhost].[/] - Initializing Spring embedded WebApplicationContext
2024-12-07 13:00:20.251 [] INFO  - org.springframework.boot.web.servlet.context.ServletWebServerApplicationContext - Root WebApplicationContext: initialization completed in 4519 ms
2024-12-07 13:00:20.779 [] INFO  - org.hibernate.jpa.internal.util.LogHelper - HHH000204: Processing PersistenceUnitInfo [name: default]
2024-12-07 13:00:20.860 [] INFO  - org.hibernate.Version - HHH000412: Hibernate ORM core version 6.2.5.Final
2024-12-07 13:00:20.863 [] INFO  - org.hibernate.cfg.Environment - HHH000406: Using bytecode reflection optimizer
2024-12-07 13:00:21.070 [] INFO  - org.hibernate.bytecode.internal.BytecodeProviderInitiator - HHH000021: Bytecode provider name : bytebuddy
2024-12-07 13:00:21.572 [] INFO  - org.springframework.orm.jpa.persistenceunit.SpringPersistenceUnitInfo - No LoadTimeWeaver setup: ignoring JPA class transformer
2024-12-07 13:00:21.628 [] INFO  - com.zaxxer.hikari.HikariDataSource - HikariPool-1 - Starting...
2024-12-07 13:00:23.086 [] INFO  - com.zaxxer.hikari.pool.HikariPool - HikariPool-1 - Added connection org.postgresql.jdbc.PgConnection@346b9fc9
2024-12-07 13:00:23.089 [] INFO  - com.zaxxer.hikari.HikariDataSource - HikariPool-1 - Start completed.
2024-12-07 13:00:26.210 [] INFO  - org.hibernate.bytecode.internal.BytecodeProviderInitiator - HHH000021: Bytecode provider name : bytebuddy
2024-12-07 13:00:29.668 [] INFO  - org.hibernate.metamodel.internal.EntityInstantiatorPojoStandard - HHH000182: No default (no-argument) constructor for class: org.ligot.afriyan.entities.UserConnect (class must be instantiated by Interceptor)
2024-12-07 13:00:31.504 [] INFO  - org.hibernate.engine.transaction.jta.platform.internal.JtaPlatformInitiator - HHH000490: Using JtaPlatform implementation: [org.hibernate.engine.transaction.jta.platform.internal.NoJtaPlatform]
2024-12-07 13:00:32.557 [] INFO  - org.springframework.orm.jpa.LocalContainerEntityManagerFactoryBean - Initialized JPA EntityManagerFactory for persistence unit 'default'
2024-12-07 13:00:33.113 [] INFO  - org.springframework.data.jpa.repository.query.QueryEnhancerFactory - Hibernate is in classpath; If applicable, HQL parser will be used.
2024-12-07 13:00:37.661 [] INFO  - org.springframework.boot.actuate.endpoint.web.EndpointLinksResolver - Exposing 1 endpoint(s) beneath base path '/actuator'
2024-12-07 13:00:37.742 [] INFO  - org.springframework.security.web.DefaultSecurityFilterChain - Will secure any request with [org.springframework.security.web.session.DisableEncodeUrlFilter@73b25f2d, org.springframework.security.web.context.request.async.WebAsyncManagerIntegrationFilter@17a9ea25, org.springframework.security.web.context.SecurityContextHolderFilter@2bb3064, org.springframework.security.web.header.HeaderWriterFilter@7330be43, org.springframework.security.web.authentication.logout.LogoutFilter@c75f4c, org.ligot.afriyan.config.securities.JwtAuthenticationFilter@42ac7877, org.springframework.security.web.savedrequest.RequestCacheAwareFilter@2a12940e, org.springframework.security.web.servletapi.SecurityContextHolderAwareRequestFilter@7e51ce98, org.springframework.security.web.authentication.AnonymousAuthenticationFilter@df29c31, org.springframework.security.web.session.SessionManagementFilter@160a603f, org.springframework.security.web.access.ExceptionTranslationFilter@5a5d8300, org.springframework.security.web.access.intercept.AuthorizationFilter@34da14ba]
2024-12-07 13:00:38.375 [] INFO  - org.springframework.boot.devtools.autoconfigure.OptionalLiveReloadServer - LiveReload server is running on port 35729
2024-12-07 13:00:38.478 [] INFO  - org.springframework.boot.web.embedded.tomcat.TomcatWebServer - Tomcat started on port(s): 8087 (http) with context path ''
2024-12-07 13:00:38.498 [] INFO  - org.ligot.afriyan.OngafriyanApplication - Started OngafriyanApplication in 23.744 seconds (process running for 25.313)
2024-12-07 13:00:38.916 [] INFO  - org.apache.catalina.core.ContainerBase.[Tomcat].[localhost].[/] - Initializing Spring DispatcherServlet 'dispatcherServlet'
2024-12-07 13:00:38.917 [] INFO  - org.springframework.web.servlet.DispatcherServlet - Initializing Servlet 'dispatcherServlet'
2024-12-07 13:00:38.919 [] INFO  - org.springframework.web.servlet.DispatcherServlet - Completed initialization in 2 ms
2024-12-07 13:04:16.121 [] INFO  - org.ligot.afriyan.OngafriyanApplication - Starting OngafriyanApplication using Java 17.0.1 with PID 5832 (C:\Users\GLC\Documents\Project\Java\Formation\bizz\ongafriyan\target\classes started by GLC in C:\Users\GLC\Documents\Project\Java\Formation\bizz\ongafriyan)
2024-12-07 13:04:16.124 [] INFO  - org.ligot.afriyan.OngafriyanApplication - The following 1 profile is active: "dev"
2024-12-07 13:04:16.221 [] INFO  - org.springframework.boot.devtools.env.DevToolsPropertyDefaultsPostProcessor - Devtools property defaults active! Set 'spring.devtools.add-properties' to 'false' to disable
2024-12-07 13:04:16.221 [] INFO  - org.springframework.boot.devtools.env.DevToolsPropertyDefaultsPostProcessor - For additional web related logging consider setting the 'logging.level.web' property to 'DEBUG'
2024-12-07 13:04:18.448 [] INFO  - org.springframework.data.repository.config.RepositoryConfigurationDelegate - Bootstrapping Spring Data JPA repositories in DEFAULT mode.
2024-12-07 13:04:18.845 [] INFO  - org.springframework.data.repository.config.RepositoryConfigurationDelegate - Finished Spring Data repository scanning in 384 ms. Found 43 JPA repository interfaces.
2024-12-07 13:04:19.745 [] INFO  - org.springframework.boot.web.embedded.tomcat.TomcatWebServer - Tomcat initialized with port(s): 8087 (http)
2024-12-07 13:04:19.758 [] INFO  - org.apache.catalina.core.StandardService - Starting service [Tomcat]
2024-12-07 13:04:19.759 [] INFO  - org.apache.catalina.core.StandardEngine - Starting Servlet engine: [Apache Tomcat/10.1.10]
2024-12-07 13:04:19.859 [] INFO  - org.apache.catalina.core.ContainerBase.[Tomcat].[localhost].[/] - Initializing Spring embedded WebApplicationContext
2024-12-07 13:04:19.860 [] INFO  - org.springframework.boot.web.servlet.context.ServletWebServerApplicationContext - Root WebApplicationContext: initialization completed in 3638 ms
2024-12-07 13:04:20.242 [] INFO  - org.hibernate.jpa.internal.util.LogHelper - HHH000204: Processing PersistenceUnitInfo [name: default]
2024-12-07 13:04:20.325 [] INFO  - org.hibernate.Version - HHH000412: Hibernate ORM core version 6.2.5.Final
2024-12-07 13:04:20.328 [] INFO  - org.hibernate.cfg.Environment - HHH000406: Using bytecode reflection optimizer
2024-12-07 13:04:20.509 [] INFO  - org.hibernate.bytecode.internal.BytecodeProviderInitiator - HHH000021: Bytecode provider name : bytebuddy
2024-12-07 13:04:20.665 [] INFO  - org.springframework.orm.jpa.persistenceunit.SpringPersistenceUnitInfo - No LoadTimeWeaver setup: ignoring JPA class transformer
2024-12-07 13:04:20.685 [] INFO  - com.zaxxer.hikari.HikariDataSource - HikariPool-1 - Starting...
2024-12-07 13:04:22.980 [] INFO  - com.zaxxer.hikari.pool.HikariPool - HikariPool-1 - Added connection org.postgresql.jdbc.PgConnection@642be4c0
2024-12-07 13:04:22.982 [] INFO  - com.zaxxer.hikari.HikariDataSource - HikariPool-1 - Start completed.
2024-12-07 13:04:25.572 [] INFO  - org.hibernate.bytecode.internal.BytecodeProviderInitiator - HHH000021: Bytecode provider name : bytebuddy
2024-12-07 13:04:26.707 [] INFO  - org.hibernate.metamodel.internal.EntityInstantiatorPojoStandard - HHH000182: No default (no-argument) constructor for class: org.ligot.afriyan.entities.UserConnect (class must be instantiated by Interceptor)
2024-12-07 13:04:27.265 [] INFO  - org.hibernate.engine.transaction.jta.platform.internal.JtaPlatformInitiator - HHH000490: Using JtaPlatform implementation: [org.hibernate.engine.transaction.jta.platform.internal.NoJtaPlatform]
2024-12-07 13:04:29.195 [] INFO  - org.springframework.orm.jpa.LocalContainerEntityManagerFactoryBean - Initialized JPA EntityManagerFactory for persistence unit 'default'
2024-12-07 13:04:29.550 [] INFO  - org.springframework.data.jpa.repository.query.QueryEnhancerFactory - Hibernate is in classpath; If applicable, HQL parser will be used.
2024-12-07 13:04:32.978 [] INFO  - org.springframework.boot.actuate.endpoint.web.EndpointLinksResolver - Exposing 1 endpoint(s) beneath base path '/actuator'
2024-12-07 13:04:33.071 [] INFO  - org.springframework.security.web.DefaultSecurityFilterChain - Will secure any request with [org.springframework.security.web.session.DisableEncodeUrlFilter@f5daf38, org.springframework.security.web.context.request.async.WebAsyncManagerIntegrationFilter@756478b0, org.springframework.security.web.context.SecurityContextHolderFilter@5bf264f9, org.springframework.security.web.header.HeaderWriterFilter@2259e0df, org.springframework.security.web.authentication.logout.LogoutFilter@7ec50a0d, org.ligot.afriyan.config.securities.JwtAuthenticationFilter@6e55860, org.springframework.security.web.savedrequest.RequestCacheAwareFilter@59792628, org.springframework.security.web.servletapi.SecurityContextHolderAwareRequestFilter@1a85ddbf, org.springframework.security.web.authentication.AnonymousAuthenticationFilter@2601ed89, org.springframework.security.web.session.SessionManagementFilter@756c434d, org.springframework.security.web.access.ExceptionTranslationFilter@6f499375, org.springframework.security.web.access.intercept.AuthorizationFilter@1b6c25f6]
2024-12-07 13:04:33.746 [] INFO  - org.springframework.boot.devtools.autoconfigure.OptionalLiveReloadServer - LiveReload server is running on port 35729
2024-12-07 13:04:33.874 [] INFO  - org.springframework.boot.web.embedded.tomcat.TomcatWebServer - Tomcat started on port(s): 8087 (http) with context path ''
2024-12-07 13:04:33.895 [] INFO  - org.ligot.afriyan.OngafriyanApplication - Started OngafriyanApplication in 18.264 seconds (process running for 20.449)
2024-12-07 13:04:34.503 [] INFO  - org.apache.catalina.core.ContainerBase.[Tomcat].[localhost].[/] - Initializing Spring DispatcherServlet 'dispatcherServlet'
2024-12-07 13:04:34.504 [] INFO  - org.springframework.web.servlet.DispatcherServlet - Initializing Servlet 'dispatcherServlet'
2024-12-07 13:04:34.507 [] INFO  - org.springframework.web.servlet.DispatcherServlet - Completed initialization in 3 ms
2024-12-07 13:16:52.291 [] INFO  - org.springframework.orm.jpa.LocalContainerEntityManagerFactoryBean - Closing JPA EntityManagerFactory for persistence unit 'default'
2024-12-07 13:16:52.298 [] INFO  - com.zaxxer.hikari.HikariDataSource - HikariPool-1 - Shutdown initiated...
2024-12-07 13:16:52.313 [] INFO  - com.zaxxer.hikari.HikariDataSource - HikariPool-1 - Shutdown completed.
2024-12-07 13:17:29.091 [] INFO  - org.ligot.afriyan.OngafriyanApplication - Starting OngafriyanApplication using Java 17.0.1 with PID 1684 (C:\Users\GLC\Documents\Project\Java\Formation\bizz\ongafriyan\target\classes started by GLC in C:\Users\GLC\Documents\Project\Java\Formation\bizz\ongafriyan)
2024-12-07 13:17:29.094 [] INFO  - org.ligot.afriyan.OngafriyanApplication - The following 1 profile is active: "dev"
2024-12-07 13:17:29.197 [] INFO  - org.springframework.boot.devtools.env.DevToolsPropertyDefaultsPostProcessor - Devtools property defaults active! Set 'spring.devtools.add-properties' to 'false' to disable
2024-12-07 13:17:29.198 [] INFO  - org.springframework.boot.devtools.env.DevToolsPropertyDefaultsPostProcessor - For additional web related logging consider setting the 'logging.level.web' property to 'DEBUG'
2024-12-07 13:17:31.284 [] INFO  - org.springframework.data.repository.config.RepositoryConfigurationDelegate - Bootstrapping Spring Data JPA repositories in DEFAULT mode.
2024-12-07 13:17:31.646 [] INFO  - org.springframework.data.repository.config.RepositoryConfigurationDelegate - Finished Spring Data repository scanning in 350 ms. Found 43 JPA repository interfaces.
2024-12-07 13:17:32.443 [] INFO  - org.springframework.boot.web.embedded.tomcat.TomcatWebServer - Tomcat initialized with port(s): 8087 (http)
2024-12-07 13:17:32.458 [] INFO  - org.apache.catalina.core.StandardService - Starting service [Tomcat]
2024-12-07 13:17:32.458 [] INFO  - org.apache.catalina.core.StandardEngine - Starting Servlet engine: [Apache Tomcat/10.1.10]
2024-12-07 13:17:32.536 [] INFO  - org.apache.catalina.core.ContainerBase.[Tomcat].[localhost].[/] - Initializing Spring embedded WebApplicationContext
2024-12-07 13:17:32.537 [] INFO  - org.springframework.boot.web.servlet.context.ServletWebServerApplicationContext - Root WebApplicationContext: initialization completed in 3337 ms
2024-12-07 13:17:32.862 [] INFO  - org.hibernate.jpa.internal.util.LogHelper - HHH000204: Processing PersistenceUnitInfo [name: default]
2024-12-07 13:17:32.927 [] INFO  - org.hibernate.Version - HHH000412: Hibernate ORM core version 6.2.5.Final
2024-12-07 13:17:32.931 [] INFO  - org.hibernate.cfg.Environment - HHH000406: Using bytecode reflection optimizer
2024-12-07 13:17:33.110 [] INFO  - org.hibernate.bytecode.internal.BytecodeProviderInitiator - HHH000021: Bytecode provider name : bytebuddy
2024-12-07 13:17:33.262 [] INFO  - org.springframework.orm.jpa.persistenceunit.SpringPersistenceUnitInfo - No LoadTimeWeaver setup: ignoring JPA class transformer
2024-12-07 13:17:33.280 [] INFO  - com.zaxxer.hikari.HikariDataSource - HikariPool-1 - Starting...
2024-12-07 13:17:34.412 [] INFO  - com.zaxxer.hikari.pool.HikariPool - HikariPool-1 - Added connection org.postgresql.jdbc.PgConnection@509674c9
2024-12-07 13:17:34.414 [] INFO  - com.zaxxer.hikari.HikariDataSource - HikariPool-1 - Start completed.
2024-12-07 13:17:35.596 [] INFO  - org.hibernate.bytecode.internal.BytecodeProviderInitiator - HHH000021: Bytecode provider name : bytebuddy
2024-12-07 13:17:36.645 [] INFO  - org.hibernate.metamodel.internal.EntityInstantiatorPojoStandard - HHH000182: No default (no-argument) constructor for class: org.ligot.afriyan.entities.UserConnect (class must be instantiated by Interceptor)
2024-12-07 13:17:37.363 [] INFO  - org.hibernate.engine.transaction.jta.platform.internal.JtaPlatformInitiator - HHH000490: Using JtaPlatform implementation: [org.hibernate.engine.transaction.jta.platform.internal.NoJtaPlatform]
2024-12-07 13:17:38.353 [] INFO  - org.springframework.orm.jpa.LocalContainerEntityManagerFactoryBean - Initialized JPA EntityManagerFactory for persistence unit 'default'
2024-12-07 13:17:38.669 [] INFO  - org.springframework.data.jpa.repository.query.QueryEnhancerFactory - Hibernate is in classpath; If applicable, HQL parser will be used.
2024-12-07 13:17:41.686 [] INFO  - org.springframework.boot.actuate.endpoint.web.EndpointLinksResolver - Exposing 1 endpoint(s) beneath base path '/actuator'
2024-12-07 13:17:41.768 [] INFO  - org.springframework.security.web.DefaultSecurityFilterChain - Will secure any request with [org.springframework.security.web.session.DisableEncodeUrlFilter@7235d5d5, org.springframework.security.web.context.request.async.WebAsyncManagerIntegrationFilter@51ae8bec, org.springframework.security.web.context.SecurityContextHolderFilter@7df26b27, org.springframework.security.web.header.HeaderWriterFilter@2f66a3d6, org.springframework.security.web.authentication.logout.LogoutFilter@1c0da43e, org.ligot.afriyan.config.securities.JwtAuthenticationFilter@46a59877, org.springframework.security.web.savedrequest.RequestCacheAwareFilter@67169efa, org.springframework.security.web.servletapi.SecurityContextHolderAwareRequestFilter@578f82fc, org.springframework.security.web.authentication.AnonymousAuthenticationFilter@421681dd, org.springframework.security.web.session.SessionManagementFilter@23fe912d, org.springframework.security.web.access.ExceptionTranslationFilter@187ecbc7, org.springframework.security.web.access.intercept.AuthorizationFilter@65b8d017]
2024-12-07 13:17:42.351 [] INFO  - org.springframework.boot.devtools.autoconfigure.OptionalLiveReloadServer - LiveReload server is running on port 35729
2024-12-07 13:17:42.446 [] INFO  - org.springframework.boot.web.embedded.tomcat.TomcatWebServer - Tomcat started on port(s): 8087 (http) with context path ''
2024-12-07 13:17:42.465 [] INFO  - org.ligot.afriyan.OngafriyanApplication - Started OngafriyanApplication in 14.043 seconds (process running for 15.387)
2024-12-07 13:17:42.727 [] INFO  - org.apache.catalina.core.ContainerBase.[Tomcat].[localhost].[/] - Initializing Spring DispatcherServlet 'dispatcherServlet'
2024-12-07 13:17:42.728 [] INFO  - org.springframework.web.servlet.DispatcherServlet - Initializing Servlet 'dispatcherServlet'
2024-12-07 13:17:42.730 [] INFO  - org.springframework.web.servlet.DispatcherServlet - Completed initialization in 2 ms
2024-12-07 13:19:30.509 [] INFO  - org.springframework.orm.jpa.LocalContainerEntityManagerFactoryBean - Closing JPA EntityManagerFactory for persistence unit 'default'
2024-12-07 13:19:30.517 [] INFO  - com.zaxxer.hikari.HikariDataSource - HikariPool-1 - Shutdown initiated...
2024-12-07 13:19:30.523 [] INFO  - com.zaxxer.hikari.HikariDataSource - HikariPool-1 - Shutdown completed.
2024-12-07 13:20:13.782 [] INFO  - org.ligot.afriyan.OngafriyanApplication - Starting OngafriyanApplication using Java 17.0.1 with PID 18560 (C:\Users\GLC\Documents\Project\Java\Formation\bizz\ongafriyan\target\classes started by GLC in C:\Users\GLC\Documents\Project\Java\Formation\bizz\ongafriyan)
2024-12-07 13:20:13.787 [] INFO  - org.ligot.afriyan.OngafriyanApplication - The following 1 profile is active: "dev"
2024-12-07 13:20:18.998 [] INFO  - org.springframework.data.repository.config.RepositoryConfigurationDelegate - Bootstrapping Spring Data JPA repositories in DEFAULT mode.
2024-12-07 13:20:19.646 [] INFO  - org.springframework.data.repository.config.RepositoryConfigurationDelegate - Finished Spring Data repository scanning in 633 ms. Found 43 JPA repository interfaces.
2024-12-07 13:23:52.586 [] INFO  - org.ligot.afriyan.OngafriyanApplication - Starting OngafriyanApplication using Java 17.0.1 with PID 18388 (C:\Users\GLC\Documents\Project\Java\Formation\bizz\ongafriyan\target\classes started by GLC in C:\Users\GLC\Documents\Project\Java\Formation\bizz\ongafriyan)
2024-12-07 13:23:52.588 [] INFO  - org.ligot.afriyan.OngafriyanApplication - The following 1 profile is active: "dev"
2024-12-07 13:23:52.671 [] INFO  - org.springframework.boot.devtools.env.DevToolsPropertyDefaultsPostProcessor - Devtools property defaults active! Set 'spring.devtools.add-properties' to 'false' to disable
2024-12-07 13:23:52.671 [] INFO  - org.springframework.boot.devtools.env.DevToolsPropertyDefaultsPostProcessor - For additional web related logging consider setting the 'logging.level.web' property to 'DEBUG'
2024-12-07 13:23:54.600 [] INFO  - org.springframework.data.repository.config.RepositoryConfigurationDelegate - Bootstrapping Spring Data JPA repositories in DEFAULT mode.
2024-12-07 13:23:54.961 [] INFO  - org.springframework.data.repository.config.RepositoryConfigurationDelegate - Finished Spring Data repository scanning in 350 ms. Found 43 JPA repository interfaces.
2024-12-07 13:23:55.788 [] INFO  - org.springframework.boot.web.embedded.tomcat.TomcatWebServer - Tomcat initialized with port(s): 8087 (http)
2024-12-07 13:23:55.798 [] INFO  - org.apache.catalina.core.StandardService - Starting service [Tomcat]
2024-12-07 13:23:55.799 [] INFO  - org.apache.catalina.core.StandardEngine - Starting Servlet engine: [Apache Tomcat/10.1.10]
2024-12-07 13:23:55.870 [] INFO  - org.apache.catalina.core.ContainerBase.[Tomcat].[localhost].[/] - Initializing Spring embedded WebApplicationContext
2024-12-07 13:23:55.870 [] INFO  - org.springframework.boot.web.servlet.context.ServletWebServerApplicationContext - Root WebApplicationContext: initialization completed in 3198 ms
2024-12-07 13:23:56.214 [] INFO  - org.hibernate.jpa.internal.util.LogHelper - HHH000204: Processing PersistenceUnitInfo [name: default]
2024-12-07 13:23:56.283 [] INFO  - org.hibernate.Version - HHH000412: Hibernate ORM core version 6.2.5.Final
2024-12-07 13:23:56.286 [] INFO  - org.hibernate.cfg.Environment - HHH000406: Using bytecode reflection optimizer
2024-12-07 13:23:56.450 [] INFO  - org.hibernate.bytecode.internal.BytecodeProviderInitiator - HHH000021: Bytecode provider name : bytebuddy
2024-12-07 13:23:56.604 [] INFO  - org.springframework.orm.jpa.persistenceunit.SpringPersistenceUnitInfo - No LoadTimeWeaver setup: ignoring JPA class transformer
2024-12-07 13:23:56.622 [] INFO  - com.zaxxer.hikari.HikariDataSource - HikariPool-1 - Starting...
2024-12-07 13:23:57.731 [] INFO  - com.zaxxer.hikari.pool.HikariPool - HikariPool-1 - Added connection org.postgresql.jdbc.PgConnection@2848abb
2024-12-07 13:23:57.733 [] INFO  - com.zaxxer.hikari.HikariDataSource - HikariPool-1 - Start completed.
2024-12-07 13:23:58.826 [] INFO  - org.hibernate.bytecode.internal.BytecodeProviderInitiator - HHH000021: Bytecode provider name : bytebuddy
2024-12-07 13:23:59.792 [] INFO  - org.hibernate.metamodel.internal.EntityInstantiatorPojoStandard - HHH000182: No default (no-argument) constructor for class: org.ligot.afriyan.entities.UserConnect (class must be instantiated by Interceptor)
2024-12-07 13:24:00.309 [] INFO  - org.hibernate.engine.transaction.jta.platform.internal.JtaPlatformInitiator - HHH000490: Using JtaPlatform implementation: [org.hibernate.engine.transaction.jta.platform.internal.NoJtaPlatform]
2024-12-07 13:24:01.108 [] INFO  - org.springframework.orm.jpa.LocalContainerEntityManagerFactoryBean - Initialized JPA EntityManagerFactory for persistence unit 'default'
2024-12-07 13:24:01.693 [] INFO  - org.springframework.data.jpa.repository.query.QueryEnhancerFactory - Hibernate is in classpath; If applicable, HQL parser will be used.
2024-12-07 13:24:04.815 [] INFO  - org.springframework.boot.actuate.endpoint.web.EndpointLinksResolver - Exposing 1 endpoint(s) beneath base path '/actuator'
2024-12-07 13:24:04.894 [] INFO  - org.springframework.security.web.DefaultSecurityFilterChain - Will secure any request with [org.springframework.security.web.session.DisableEncodeUrlFilter@621743bb, org.springframework.security.web.context.request.async.WebAsyncManagerIntegrationFilter@68b07c99, org.springframework.security.web.context.SecurityContextHolderFilter@312615b6, org.springframework.security.web.header.HeaderWriterFilter@45c7ff93, org.springframework.security.web.authentication.logout.LogoutFilter@6d4c81ec, org.ligot.afriyan.config.securities.JwtAuthenticationFilter@7ad6967, org.springframework.security.web.savedrequest.RequestCacheAwareFilter@3c90cf09, org.springframework.security.web.servletapi.SecurityContextHolderAwareRequestFilter@5bd4b042, org.springframework.security.web.authentication.AnonymousAuthenticationFilter@7a52c85c, org.springframework.security.web.session.SessionManagementFilter@470434d1, org.springframework.security.web.access.ExceptionTranslationFilter@6e7699dc, org.springframework.security.web.access.intercept.AuthorizationFilter@5d5afeee]
2024-12-07 13:24:05.540 [] INFO  - org.springframework.boot.devtools.autoconfigure.OptionalLiveReloadServer - LiveReload server is running on port 35729
2024-12-07 13:24:05.641 [] INFO  - org.springframework.boot.web.embedded.tomcat.TomcatWebServer - Tomcat started on port(s): 8087 (http) with context path ''
2024-12-07 13:24:05.661 [] INFO  - org.ligot.afriyan.OngafriyanApplication - Started OngafriyanApplication in 13.569 seconds (process running for 15.295)
2024-12-07 13:24:05.966 [] INFO  - org.apache.catalina.core.ContainerBase.[Tomcat].[localhost].[/] - Initializing Spring DispatcherServlet 'dispatcherServlet'
2024-12-07 13:24:05.966 [] INFO  - org.springframework.web.servlet.DispatcherServlet - Initializing Servlet 'dispatcherServlet'
2024-12-07 13:24:05.969 [] INFO  - org.springframework.web.servlet.DispatcherServlet - Completed initialization in 2 ms
2024-12-07 13:27:10.891 [] INFO  - org.springframework.orm.jpa.LocalContainerEntityManagerFactoryBean - Closing JPA EntityManagerFactory for persistence unit 'default'
2024-12-07 13:27:10.899 [] INFO  - com.zaxxer.hikari.HikariDataSource - HikariPool-1 - Shutdown initiated...
2024-12-07 13:27:10.924 [] INFO  - com.zaxxer.hikari.HikariDataSource - HikariPool-1 - Shutdown completed.
2024-12-07 13:27:40.614 [] INFO  - org.ligot.afriyan.OngafriyanApplication - Starting OngafriyanApplication using Java 17.0.1 with PID 7824 (C:\Users\GLC\Documents\Project\Java\Formation\bizz\ongafriyan\target\classes started by GLC in C:\Users\GLC\Documents\Project\Java\Formation\bizz\ongafriyan)
2024-12-07 13:27:40.619 [] INFO  - org.ligot.afriyan.OngafriyanApplication - The following 1 profile is active: "dev"
2024-12-07 13:27:43.411 [] INFO  - org.springframework.data.repository.config.RepositoryConfigurationDelegate - Bootstrapping Spring Data JPA repositories in DEFAULT mode.
2024-12-07 13:27:43.914 [] INFO  - org.springframework.data.repository.config.RepositoryConfigurationDelegate - Finished Spring Data repository scanning in 483 ms. Found 43 JPA repository interfaces.
2024-12-07 13:28:39.838 [] INFO  - org.ligot.afriyan.OngafriyanApplication - Starting OngafriyanApplication using Java 17.0.1 with PID 20784 (C:\Users\GLC\Documents\Project\Java\Formation\bizz\ongafriyan\target\classes started by GLC in C:\Users\GLC\Documents\Project\Java\Formation\bizz\ongafriyan)
2024-12-07 13:28:39.841 [] INFO  - org.ligot.afriyan.OngafriyanApplication - The following 1 profile is active: "dev"
2024-12-07 13:28:39.925 [] INFO  - org.springframework.boot.devtools.env.DevToolsPropertyDefaultsPostProcessor - Devtools property defaults active! Set 'spring.devtools.add-properties' to 'false' to disable
2024-12-07 13:28:39.926 [] INFO  - org.springframework.boot.devtools.env.DevToolsPropertyDefaultsPostProcessor - For additional web related logging consider setting the 'logging.level.web' property to 'DEBUG'
2024-12-07 13:28:42.251 [] INFO  - org.springframework.data.repository.config.RepositoryConfigurationDelegate - Bootstrapping Spring Data JPA repositories in DEFAULT mode.
2024-12-07 13:28:42.692 [] INFO  - org.springframework.data.repository.config.RepositoryConfigurationDelegate - Finished Spring Data repository scanning in 429 ms. Found 43 JPA repository interfaces.
2024-12-07 13:28:43.906 [] INFO  - org.springframework.boot.web.embedded.tomcat.TomcatWebServer - Tomcat initialized with port(s): 8087 (http)
2024-12-07 13:28:43.920 [] INFO  - org.apache.catalina.core.StandardService - Starting service [Tomcat]
2024-12-07 13:28:43.921 [] INFO  - org.apache.catalina.core.StandardEngine - Starting Servlet engine: [Apache Tomcat/10.1.10]
2024-12-07 13:28:44.071 [] INFO  - org.apache.catalina.core.ContainerBase.[Tomcat].[localhost].[/] - Initializing Spring embedded WebApplicationContext
2024-12-07 13:28:44.072 [] INFO  - org.springframework.boot.web.servlet.context.ServletWebServerApplicationContext - Root WebApplicationContext: initialization completed in 4145 ms
2024-12-07 13:28:44.825 [] INFO  - org.hibernate.jpa.internal.util.LogHelper - HHH000204: Processing PersistenceUnitInfo [name: default]
2024-12-07 13:28:44.936 [] INFO  - org.hibernate.Version - HHH000412: Hibernate ORM core version 6.2.5.Final
2024-12-07 13:28:44.941 [] INFO  - org.hibernate.cfg.Environment - HHH000406: Using bytecode reflection optimizer
2024-12-07 13:28:45.296 [] INFO  - org.hibernate.bytecode.internal.BytecodeProviderInitiator - HHH000021: Bytecode provider name : bytebuddy
2024-12-07 13:28:45.546 [] INFO  - org.springframework.orm.jpa.persistenceunit.SpringPersistenceUnitInfo - No LoadTimeWeaver setup: ignoring JPA class transformer
2024-12-07 13:28:45.612 [] INFO  - com.zaxxer.hikari.HikariDataSource - HikariPool-1 - Starting...
2024-12-07 13:28:49.063 [] INFO  - com.zaxxer.hikari.pool.HikariPool - HikariPool-1 - Added connection org.postgresql.jdbc.PgConnection@4a3c51fe
2024-12-07 13:28:49.065 [] INFO  - com.zaxxer.hikari.HikariDataSource - HikariPool-1 - Start completed.
2024-12-07 13:28:50.615 [] INFO  - org.hibernate.bytecode.internal.BytecodeProviderInitiator - HHH000021: Bytecode provider name : bytebuddy
2024-12-07 13:28:51.568 [] INFO  - org.hibernate.metamodel.internal.EntityInstantiatorPojoStandard - HHH000182: No default (no-argument) constructor for class: org.ligot.afriyan.entities.UserConnect (class must be instantiated by Interceptor)
2024-12-07 13:28:52.051 [] INFO  - org.hibernate.engine.transaction.jta.platform.internal.JtaPlatformInitiator - HHH000490: Using JtaPlatform implementation: [org.hibernate.engine.transaction.jta.platform.internal.NoJtaPlatform]
2024-12-07 13:28:53.210 [] INFO  - org.springframework.orm.jpa.LocalContainerEntityManagerFactoryBean - Initialized JPA EntityManagerFactory for persistence unit 'default'
2024-12-07 13:28:53.538 [] INFO  - org.springframework.data.jpa.repository.query.QueryEnhancerFactory - Hibernate is in classpath; If applicable, HQL parser will be used.
2024-12-07 13:28:56.408 [] INFO  - org.springframework.boot.actuate.endpoint.web.EndpointLinksResolver - Exposing 1 endpoint(s) beneath base path '/actuator'
2024-12-07 13:28:56.495 [] INFO  - org.springframework.security.web.DefaultSecurityFilterChain - Will secure any request with [org.springframework.security.web.session.DisableEncodeUrlFilter@25455f9, org.springframework.security.web.context.request.async.WebAsyncManagerIntegrationFilter@4aafe39d, org.springframework.security.web.context.SecurityContextHolderFilter@2780c24b, org.springframework.security.web.header.HeaderWriterFilter@23dc1cb1, org.springframework.security.web.authentication.logout.LogoutFilter@764b3351, org.ligot.afriyan.config.securities.JwtAuthenticationFilter@4a656f9e, org.springframework.security.web.savedrequest.RequestCacheAwareFilter@160a603f, org.springframework.security.web.servletapi.SecurityContextHolderAwareRequestFilter@68e0bd51, org.springframework.security.web.authentication.AnonymousAuthenticationFilter@34da14ba, org.springframework.security.web.session.SessionManagementFilter@51b309d2, org.springframework.security.web.access.ExceptionTranslationFilter@1e500514, org.springframework.security.web.access.intercept.AuthorizationFilter@3ededdab]
2024-12-07 13:28:57.080 [] INFO  - org.springframework.boot.devtools.autoconfigure.OptionalLiveReloadServer - LiveReload server is running on port 35729
2024-12-07 13:28:57.174 [] INFO  - org.springframework.boot.web.embedded.tomcat.TomcatWebServer - Tomcat started on port(s): 8087 (http) with context path ''
2024-12-07 13:28:57.195 [] INFO  - org.ligot.afriyan.OngafriyanApplication - Started OngafriyanApplication in 17.905 seconds (process running for 19.814)
2024-12-07 13:28:57.442 [] INFO  - org.apache.catalina.core.ContainerBase.[Tomcat].[localhost].[/] - Initializing Spring DispatcherServlet 'dispatcherServlet'
2024-12-07 13:28:57.442 [] INFO  - org.springframework.web.servlet.DispatcherServlet - Initializing Servlet 'dispatcherServlet'
2024-12-07 13:28:57.446 [] INFO  - org.springframework.web.servlet.DispatcherServlet - Completed initialization in 4 ms
2024-12-07 13:33:04.894 [] INFO  - org.springframework.orm.jpa.LocalContainerEntityManagerFactoryBean - Closing JPA EntityManagerFactory for persistence unit 'default'
2024-12-07 13:33:04.900 [] INFO  - com.zaxxer.hikari.HikariDataSource - HikariPool-1 - Shutdown initiated...
2024-12-07 13:33:04.903 [] INFO  - com.zaxxer.hikari.HikariDataSource - HikariPool-1 - Shutdown completed.
