2025-01-14 10:17:02.811 [] INFO  - org.ligot.afriyan.OngafriyanApplication - Starting OngafriyanApplication using Java 17.0.1 with PID 5332 (C:\Users\GLC\Documents\Project\Java\Formation\bizz\ongafriyan\target\classes started by GLC in C:\Users\GLC\Documents\Project\Java\Formation\bizz\ongafriyan)
2025-01-14 10:17:02.817 [] INFO  - org.ligot.afriyan.OngafriyanApplication - The following 1 profile is active: "dev"
2025-01-14 10:17:02.940 [] INFO  - org.springframework.boot.devtools.env.DevToolsPropertyDefaultsPostProcessor - Devtools property defaults active! Set 'spring.devtools.add-properties' to 'false' to disable
2025-01-14 10:17:02.943 [] INFO  - org.springframework.boot.devtools.env.DevToolsPropertyDefaultsPostProcessor - For additional web related logging consider setting the 'logging.level.web' property to 'DEBUG'
2025-01-14 10:17:08.093 [] INFO  - org.springframework.data.repository.config.RepositoryConfigurationDelegate - Bootstrapping Spring Data JPA repositories in DEFAULT mode.
2025-01-14 10:17:09.809 [] INFO  - org.springframework.data.repository.config.RepositoryConfigurationDelegate - Finished Spring Data repository scanning in 1702 ms. Found 44 JPA repository interfaces.
2025-01-14 10:17:13.359 [] INFO  - org.springframework.boot.web.embedded.tomcat.TomcatWebServer - Tomcat initialized with port(s): 8087 (http)
2025-01-14 10:17:13.375 [] INFO  - org.apache.catalina.core.StandardService - Starting service [Tomcat]
2025-01-14 10:17:13.376 [] INFO  - org.apache.catalina.core.StandardEngine - Starting Servlet engine: [Apache Tomcat/10.1.10]
2025-01-14 10:17:13.476 [] INFO  - org.apache.catalina.core.ContainerBase.[Tomcat].[localhost].[/] - Initializing Spring embedded WebApplicationContext
2025-01-14 10:17:13.476 [] INFO  - org.springframework.boot.web.servlet.context.ServletWebServerApplicationContext - Root WebApplicationContext: initialization completed in 10530 ms
2025-01-14 10:17:13.937 [] INFO  - org.hibernate.jpa.internal.util.LogHelper - HHH000204: Processing PersistenceUnitInfo [name: default]
2025-01-14 10:17:14.046 [] INFO  - org.hibernate.Version - HHH000412: Hibernate ORM core version 6.2.5.Final
2025-01-14 10:17:14.053 [] INFO  - org.hibernate.cfg.Environment - HHH000406: Using bytecode reflection optimizer
2025-01-14 10:17:14.307 [] INFO  - org.hibernate.bytecode.internal.BytecodeProviderInitiator - HHH000021: Bytecode provider name : bytebuddy
2025-01-14 10:17:14.526 [] INFO  - org.springframework.orm.jpa.persistenceunit.SpringPersistenceUnitInfo - No LoadTimeWeaver setup: ignoring JPA class transformer
2025-01-14 10:17:14.559 [] INFO  - com.zaxxer.hikari.HikariDataSource - HikariPool-1 - Starting...
2025-01-14 10:17:14.858 [] INFO  - com.zaxxer.hikari.pool.HikariPool - HikariPool-1 - Added connection org.postgresql.jdbc.PgConnection@4efdc061
2025-01-14 10:17:14.860 [] INFO  - com.zaxxer.hikari.HikariDataSource - HikariPool-1 - Start completed.
2025-01-14 10:17:16.424 [] INFO  - org.hibernate.bytecode.internal.BytecodeProviderInitiator - HHH000021: Bytecode provider name : bytebuddy
2025-01-14 10:17:17.922 [] INFO  - org.hibernate.metamodel.internal.EntityInstantiatorPojoStandard - HHH000182: No default (no-argument) constructor for class: org.ligot.afriyan.entities.UserConnect (class must be instantiated by Interceptor)
2025-01-14 10:17:18.650 [] INFO  - org.hibernate.engine.transaction.jta.platform.internal.JtaPlatformInitiator - HHH000490: Using JtaPlatform implementation: [org.hibernate.engine.transaction.jta.platform.internal.NoJtaPlatform]
2025-01-14 10:17:19.449 [] INFO  - org.springframework.orm.jpa.LocalContainerEntityManagerFactoryBean - Initialized JPA EntityManagerFactory for persistence unit 'default'
2025-01-14 10:17:19.817 [] INFO  - org.springframework.data.jpa.repository.query.QueryEnhancerFactory - Hibernate is in classpath; If applicable, HQL parser will be used.
2025-01-14 10:17:24.040 [] INFO  - org.springframework.boot.actuate.endpoint.web.EndpointLinksResolver - Exposing 1 endpoint(s) beneath base path '/actuator'
2025-01-14 10:17:24.153 [] INFO  - org.springframework.security.web.DefaultSecurityFilterChain - Will secure any request with [org.springframework.security.web.session.DisableEncodeUrlFilter@7bd9e3fa, org.springframework.security.web.context.request.async.WebAsyncManagerIntegrationFilter@678e4f32, org.springframework.security.web.context.SecurityContextHolderFilter@141f81e, org.springframework.security.web.header.HeaderWriterFilter@618ae283, org.springframework.security.web.authentication.logout.LogoutFilter@50f922c0, org.ligot.afriyan.config.securities.JwtAuthenticationFilter@ad4866d, org.springframework.security.web.savedrequest.RequestCacheAwareFilter@8bb547e, org.springframework.security.web.servletapi.SecurityContextHolderAwareRequestFilter@61c96f38, org.springframework.security.web.authentication.AnonymousAuthenticationFilter@1eed11f0, org.springframework.security.web.session.SessionManagementFilter@5ba0e533, org.springframework.security.web.access.ExceptionTranslationFilter@307c9014, org.springframework.security.web.access.intercept.AuthorizationFilter@75cd20cb]
2025-01-14 10:17:25.111 [] INFO  - org.springframework.boot.devtools.autoconfigure.OptionalLiveReloadServer - LiveReload server is running on port 35729
2025-01-14 10:17:25.222 [] INFO  - org.springframework.boot.web.embedded.tomcat.TomcatWebServer - Tomcat started on port(s): 8087 (http) with context path ''
2025-01-14 10:17:25.244 [] INFO  - org.ligot.afriyan.OngafriyanApplication - Started OngafriyanApplication in 22.991 seconds (process running for 25.682)
2025-01-14 10:19:34.594 [] INFO  - org.apache.catalina.core.ContainerBase.[Tomcat].[localhost].[/] - Initializing Spring DispatcherServlet 'dispatcherServlet'
2025-01-14 10:19:34.595 [] INFO  - org.springframework.web.servlet.DispatcherServlet - Initializing Servlet 'dispatcherServlet'
2025-01-14 10:19:34.598 [] INFO  - org.springframework.web.servlet.DispatcherServlet - Completed initialization in 3 ms
2025-01-14 10:45:17.313 [] INFO  - org.springframework.orm.jpa.LocalContainerEntityManagerFactoryBean - Closing JPA EntityManagerFactory for persistence unit 'default'
2025-01-14 10:45:17.328 [] INFO  - com.zaxxer.hikari.HikariDataSource - HikariPool-1 - Shutdown initiated...
2025-01-14 10:45:17.346 [] INFO  - com.zaxxer.hikari.HikariDataSource - HikariPool-1 - Shutdown completed.
2025-01-14 10:45:29.991 [] INFO  - org.ligot.afriyan.OngafriyanApplication - Starting OngafriyanApplication using Java 17.0.1 with PID 7552 (C:\Users\GLC\Documents\Project\Java\Formation\bizz\ongafriyan\target\classes started by GLC in C:\Users\GLC\Documents\Project\Java\Formation\bizz\ongafriyan)
2025-01-14 10:45:29.993 [] INFO  - org.ligot.afriyan.OngafriyanApplication - The following 1 profile is active: "dev"
2025-01-14 10:45:30.080 [] INFO  - org.springframework.boot.devtools.env.DevToolsPropertyDefaultsPostProcessor - Devtools property defaults active! Set 'spring.devtools.add-properties' to 'false' to disable
2025-01-14 10:45:30.081 [] INFO  - org.springframework.boot.devtools.env.DevToolsPropertyDefaultsPostProcessor - For additional web related logging consider setting the 'logging.level.web' property to 'DEBUG'
2025-01-14 10:45:31.832 [] INFO  - org.springframework.data.repository.config.RepositoryConfigurationDelegate - Bootstrapping Spring Data JPA repositories in DEFAULT mode.
2025-01-14 10:45:32.183 [] INFO  - org.springframework.data.repository.config.RepositoryConfigurationDelegate - Finished Spring Data repository scanning in 341 ms. Found 44 JPA repository interfaces.
2025-01-14 10:45:32.987 [] INFO  - org.springframework.boot.web.embedded.tomcat.TomcatWebServer - Tomcat initialized with port(s): 8087 (http)
2025-01-14 10:45:32.997 [] INFO  - org.apache.catalina.core.StandardService - Starting service [Tomcat]
2025-01-14 10:45:32.998 [] INFO  - org.apache.catalina.core.StandardEngine - Starting Servlet engine: [Apache Tomcat/10.1.10]
2025-01-14 10:45:33.077 [] INFO  - org.apache.catalina.core.ContainerBase.[Tomcat].[localhost].[/] - Initializing Spring embedded WebApplicationContext
2025-01-14 10:45:33.078 [] INFO  - org.springframework.boot.web.servlet.context.ServletWebServerApplicationContext - Root WebApplicationContext: initialization completed in 2995 ms
2025-01-14 10:45:33.414 [] INFO  - org.hibernate.jpa.internal.util.LogHelper - HHH000204: Processing PersistenceUnitInfo [name: default]
2025-01-14 10:45:33.475 [] INFO  - org.hibernate.Version - HHH000412: Hibernate ORM core version 6.2.5.Final
2025-01-14 10:45:33.478 [] INFO  - org.hibernate.cfg.Environment - HHH000406: Using bytecode reflection optimizer
2025-01-14 10:45:33.642 [] INFO  - org.hibernate.bytecode.internal.BytecodeProviderInitiator - HHH000021: Bytecode provider name : bytebuddy
2025-01-14 10:45:33.786 [] INFO  - org.springframework.orm.jpa.persistenceunit.SpringPersistenceUnitInfo - No LoadTimeWeaver setup: ignoring JPA class transformer
2025-01-14 10:45:33.804 [] INFO  - com.zaxxer.hikari.HikariDataSource - HikariPool-1 - Starting...
2025-01-14 10:45:34.001 [] INFO  - com.zaxxer.hikari.pool.HikariPool - HikariPool-1 - Added connection org.postgresql.jdbc.PgConnection@39aa45d
2025-01-14 10:45:34.003 [] INFO  - com.zaxxer.hikari.HikariDataSource - HikariPool-1 - Start completed.
2025-01-14 10:45:34.591 [] INFO  - org.hibernate.bytecode.internal.BytecodeProviderInitiator - HHH000021: Bytecode provider name : bytebuddy
2025-01-14 10:45:35.599 [] INFO  - org.hibernate.metamodel.internal.EntityInstantiatorPojoStandard - HHH000182: No default (no-argument) constructor for class: org.ligot.afriyan.entities.UserConnect (class must be instantiated by Interceptor)
2025-01-14 10:45:36.068 [] INFO  - org.hibernate.engine.transaction.jta.platform.internal.JtaPlatformInitiator - HHH000490: Using JtaPlatform implementation: [org.hibernate.engine.transaction.jta.platform.internal.NoJtaPlatform]
2025-01-14 10:45:36.672 [] INFO  - org.springframework.orm.jpa.LocalContainerEntityManagerFactoryBean - Initialized JPA EntityManagerFactory for persistence unit 'default'
2025-01-14 10:45:36.960 [] INFO  - org.springframework.data.jpa.repository.query.QueryEnhancerFactory - Hibernate is in classpath; If applicable, HQL parser will be used.
2025-01-14 10:45:40.016 [] INFO  - org.springframework.boot.actuate.endpoint.web.EndpointLinksResolver - Exposing 1 endpoint(s) beneath base path '/actuator'
2025-01-14 10:45:40.100 [] INFO  - org.springframework.security.web.DefaultSecurityFilterChain - Will secure any request with [org.springframework.security.web.session.DisableEncodeUrlFilter@71bbeb79, org.springframework.security.web.context.request.async.WebAsyncManagerIntegrationFilter@4d52951f, org.springframework.security.web.context.SecurityContextHolderFilter@1d9509d0, org.springframework.security.web.header.HeaderWriterFilter@1acafd1a, org.springframework.security.web.authentication.logout.LogoutFilter@c48a62e, org.ligot.afriyan.config.securities.JwtAuthenticationFilter@516b637d, org.springframework.security.web.savedrequest.RequestCacheAwareFilter@69c49780, org.springframework.security.web.servletapi.SecurityContextHolderAwareRequestFilter@29b549b4, org.springframework.security.web.authentication.AnonymousAuthenticationFilter@6063eb32, org.springframework.security.web.session.SessionManagementFilter@73737418, org.springframework.security.web.access.ExceptionTranslationFilter@66f75a8, org.springframework.security.web.access.intercept.AuthorizationFilter@687a95e4]
2025-01-14 10:45:40.673 [] INFO  - org.springframework.boot.devtools.autoconfigure.OptionalLiveReloadServer - LiveReload server is running on port 35729
2025-01-14 10:45:40.767 [] INFO  - org.springframework.boot.web.embedded.tomcat.TomcatWebServer - Tomcat started on port(s): 8087 (http) with context path ''
2025-01-14 10:45:40.786 [] INFO  - org.ligot.afriyan.OngafriyanApplication - Started OngafriyanApplication in 11.239 seconds (process running for 12.507)
2025-01-14 10:45:41.379 [] INFO  - org.apache.catalina.core.ContainerBase.[Tomcat].[localhost].[/] - Initializing Spring DispatcherServlet 'dispatcherServlet'
2025-01-14 10:45:41.380 [] INFO  - org.springframework.web.servlet.DispatcherServlet - Initializing Servlet 'dispatcherServlet'
2025-01-14 10:45:41.385 [] INFO  - org.springframework.web.servlet.DispatcherServlet - Completed initialization in 3 ms
2025-01-14 10:46:09.105 [] INFO  - org.springframework.orm.jpa.LocalContainerEntityManagerFactoryBean - Closing JPA EntityManagerFactory for persistence unit 'default'
2025-01-14 10:46:09.108 [] INFO  - com.zaxxer.hikari.HikariDataSource - HikariPool-1 - Shutdown initiated...
2025-01-14 10:46:09.115 [] INFO  - com.zaxxer.hikari.HikariDataSource - HikariPool-1 - Shutdown completed.
2025-01-14 10:46:14.431 [] INFO  - org.ligot.afriyan.OngafriyanApplication - Starting OngafriyanApplication using Java 17.0.1 with PID 20964 (C:\Users\GLC\Documents\Project\Java\Formation\bizz\ongafriyan\target\classes started by GLC in C:\Users\GLC\Documents\Project\Java\Formation\bizz\ongafriyan)
2025-01-14 10:46:14.435 [] INFO  - org.ligot.afriyan.OngafriyanApplication - The following 1 profile is active: "dev"
2025-01-14 10:46:14.531 [] INFO  - org.springframework.boot.devtools.env.DevToolsPropertyDefaultsPostProcessor - Devtools property defaults active! Set 'spring.devtools.add-properties' to 'false' to disable
2025-01-14 10:46:14.531 [] INFO  - org.springframework.boot.devtools.env.DevToolsPropertyDefaultsPostProcessor - For additional web related logging consider setting the 'logging.level.web' property to 'DEBUG'
2025-01-14 10:46:16.603 [] INFO  - org.springframework.data.repository.config.RepositoryConfigurationDelegate - Bootstrapping Spring Data JPA repositories in DEFAULT mode.
2025-01-14 10:46:16.935 [] INFO  - org.springframework.data.repository.config.RepositoryConfigurationDelegate - Finished Spring Data repository scanning in 321 ms. Found 44 JPA repository interfaces.
2025-01-14 10:46:17.773 [] INFO  - org.springframework.boot.web.embedded.tomcat.TomcatWebServer - Tomcat initialized with port(s): 8087 (http)
2025-01-14 10:46:17.784 [] INFO  - org.apache.catalina.core.StandardService - Starting service [Tomcat]
2025-01-14 10:46:17.784 [] INFO  - org.apache.catalina.core.StandardEngine - Starting Servlet engine: [Apache Tomcat/10.1.10]
2025-01-14 10:46:17.857 [] INFO  - org.apache.catalina.core.ContainerBase.[Tomcat].[localhost].[/] - Initializing Spring embedded WebApplicationContext
2025-01-14 10:46:17.857 [] INFO  - org.springframework.boot.web.servlet.context.ServletWebServerApplicationContext - Root WebApplicationContext: initialization completed in 3325 ms
2025-01-14 10:46:18.199 [] INFO  - org.hibernate.jpa.internal.util.LogHelper - HHH000204: Processing PersistenceUnitInfo [name: default]
2025-01-14 10:46:18.260 [] INFO  - org.hibernate.Version - HHH000412: Hibernate ORM core version 6.2.5.Final
2025-01-14 10:46:18.263 [] INFO  - org.hibernate.cfg.Environment - HHH000406: Using bytecode reflection optimizer
2025-01-14 10:46:18.430 [] INFO  - org.hibernate.bytecode.internal.BytecodeProviderInitiator - HHH000021: Bytecode provider name : bytebuddy
2025-01-14 10:46:18.616 [] INFO  - org.springframework.orm.jpa.persistenceunit.SpringPersistenceUnitInfo - No LoadTimeWeaver setup: ignoring JPA class transformer
2025-01-14 10:46:18.637 [] INFO  - com.zaxxer.hikari.HikariDataSource - HikariPool-1 - Starting...
2025-01-14 10:46:18.853 [] INFO  - com.zaxxer.hikari.pool.HikariPool - HikariPool-1 - Added connection org.postgresql.jdbc.PgConnection@6dd4492b
2025-01-14 10:46:18.855 [] INFO  - com.zaxxer.hikari.HikariDataSource - HikariPool-1 - Start completed.
2025-01-14 10:46:19.435 [] INFO  - org.hibernate.bytecode.internal.BytecodeProviderInitiator - HHH000021: Bytecode provider name : bytebuddy
2025-01-14 10:46:20.420 [] INFO  - org.hibernate.metamodel.internal.EntityInstantiatorPojoStandard - HHH000182: No default (no-argument) constructor for class: org.ligot.afriyan.entities.UserConnect (class must be instantiated by Interceptor)
2025-01-14 10:46:20.900 [] INFO  - org.hibernate.engine.transaction.jta.platform.internal.JtaPlatformInitiator - HHH000490: Using JtaPlatform implementation: [org.hibernate.engine.transaction.jta.platform.internal.NoJtaPlatform]
2025-01-14 10:46:21.529 [] INFO  - org.springframework.orm.jpa.LocalContainerEntityManagerFactoryBean - Initialized JPA EntityManagerFactory for persistence unit 'default'
2025-01-14 10:46:21.839 [] INFO  - org.springframework.data.jpa.repository.query.QueryEnhancerFactory - Hibernate is in classpath; If applicable, HQL parser will be used.
2025-01-14 10:46:24.881 [] INFO  - org.springframework.boot.actuate.endpoint.web.EndpointLinksResolver - Exposing 1 endpoint(s) beneath base path '/actuator'
2025-01-14 10:46:24.970 [] INFO  - org.springframework.security.web.DefaultSecurityFilterChain - Will secure any request with [org.springframework.security.web.session.DisableEncodeUrlFilter@7910c519, org.springframework.security.web.context.request.async.WebAsyncManagerIntegrationFilter@44a894d3, org.springframework.security.web.context.SecurityContextHolderFilter@396f2270, org.springframework.security.web.header.HeaderWriterFilter@25680c5e, org.springframework.security.web.authentication.logout.LogoutFilter@e85cce, org.ligot.afriyan.config.securities.JwtAuthenticationFilter@47e4bcb, org.springframework.security.web.savedrequest.RequestCacheAwareFilter@29ecdc1, org.springframework.security.web.servletapi.SecurityContextHolderAwareRequestFilter@59b9d470, org.springframework.security.web.authentication.AnonymousAuthenticationFilter@16d36f78, org.springframework.security.web.session.SessionManagementFilter@1efcde1f, org.springframework.security.web.access.ExceptionTranslationFilter@49cc315d, org.springframework.security.web.access.intercept.AuthorizationFilter@7b18c3b3]
2025-01-14 10:46:25.552 [] INFO  - org.springframework.boot.devtools.autoconfigure.OptionalLiveReloadServer - LiveReload server is running on port 35729
2025-01-14 10:46:25.650 [] INFO  - org.springframework.boot.web.embedded.tomcat.TomcatWebServer - Tomcat started on port(s): 8087 (http) with context path ''
2025-01-14 10:46:25.669 [] INFO  - org.ligot.afriyan.OngafriyanApplication - Started OngafriyanApplication in 11.693 seconds (process running for 12.86)
2025-01-14 10:46:26.272 [] INFO  - org.apache.catalina.core.ContainerBase.[Tomcat].[localhost].[/] - Initializing Spring DispatcherServlet 'dispatcherServlet'
2025-01-14 10:46:26.272 [] INFO  - org.springframework.web.servlet.DispatcherServlet - Initializing Servlet 'dispatcherServlet'
2025-01-14 10:46:26.275 [] INFO  - org.springframework.web.servlet.DispatcherServlet - Completed initialization in 2 ms
2025-01-14 10:49:47.131 [] INFO  - org.springframework.orm.jpa.LocalContainerEntityManagerFactoryBean - Closing JPA EntityManagerFactory for persistence unit 'default'
2025-01-14 10:49:47.135 [] INFO  - com.zaxxer.hikari.HikariDataSource - HikariPool-1 - Shutdown initiated...
2025-01-14 10:49:47.143 [] INFO  - com.zaxxer.hikari.HikariDataSource - HikariPool-1 - Shutdown completed.
2025-01-14 10:49:54.202 [] INFO  - org.ligot.afriyan.OngafriyanApplication - Starting OngafriyanApplication using Java 17.0.1 with PID 18860 (C:\Users\GLC\Documents\Project\Java\Formation\bizz\ongafriyan\target\classes started by GLC in C:\Users\GLC\Documents\Project\Java\Formation\bizz\ongafriyan)
2025-01-14 10:49:54.206 [] INFO  - org.ligot.afriyan.OngafriyanApplication - The following 1 profile is active: "dev"
2025-01-14 10:49:54.304 [] INFO  - org.springframework.boot.devtools.env.DevToolsPropertyDefaultsPostProcessor - Devtools property defaults active! Set 'spring.devtools.add-properties' to 'false' to disable
2025-01-14 10:49:54.304 [] INFO  - org.springframework.boot.devtools.env.DevToolsPropertyDefaultsPostProcessor - For additional web related logging consider setting the 'logging.level.web' property to 'DEBUG'
2025-01-14 10:49:56.916 [] INFO  - org.springframework.data.repository.config.RepositoryConfigurationDelegate - Bootstrapping Spring Data JPA repositories in DEFAULT mode.
2025-01-14 10:49:57.308 [] INFO  - org.springframework.data.repository.config.RepositoryConfigurationDelegate - Finished Spring Data repository scanning in 380 ms. Found 44 JPA repository interfaces.
2025-01-14 10:49:58.539 [] INFO  - org.springframework.boot.web.embedded.tomcat.TomcatWebServer - Tomcat initialized with port(s): 8087 (http)
2025-01-14 10:49:58.551 [] INFO  - org.apache.catalina.core.StandardService - Starting service [Tomcat]
2025-01-14 10:49:58.551 [] INFO  - org.apache.catalina.core.StandardEngine - Starting Servlet engine: [Apache Tomcat/10.1.10]
2025-01-14 10:49:58.643 [] INFO  - org.apache.catalina.core.ContainerBase.[Tomcat].[localhost].[/] - Initializing Spring embedded WebApplicationContext
2025-01-14 10:49:58.644 [] INFO  - org.springframework.boot.web.servlet.context.ServletWebServerApplicationContext - Root WebApplicationContext: initialization completed in 4338 ms
2025-01-14 10:49:59.013 [] INFO  - org.hibernate.jpa.internal.util.LogHelper - HHH000204: Processing PersistenceUnitInfo [name: default]
2025-01-14 10:49:59.085 [] INFO  - org.hibernate.Version - HHH000412: Hibernate ORM core version 6.2.5.Final
2025-01-14 10:49:59.090 [] INFO  - org.hibernate.cfg.Environment - HHH000406: Using bytecode reflection optimizer
2025-01-14 10:49:59.277 [] INFO  - org.hibernate.bytecode.internal.BytecodeProviderInitiator - HHH000021: Bytecode provider name : bytebuddy
2025-01-14 10:49:59.460 [] INFO  - org.springframework.orm.jpa.persistenceunit.SpringPersistenceUnitInfo - No LoadTimeWeaver setup: ignoring JPA class transformer
2025-01-14 10:49:59.491 [] INFO  - com.zaxxer.hikari.HikariDataSource - HikariPool-1 - Starting...
2025-01-14 10:49:59.873 [] INFO  - com.zaxxer.hikari.pool.HikariPool - HikariPool-1 - Added connection org.postgresql.jdbc.PgConnection@523be1fd
2025-01-14 10:49:59.875 [] INFO  - com.zaxxer.hikari.HikariDataSource - HikariPool-1 - Start completed.
2025-01-14 10:50:01.108 [] INFO  - org.hibernate.bytecode.internal.BytecodeProviderInitiator - HHH000021: Bytecode provider name : bytebuddy
2025-01-14 10:50:02.375 [] INFO  - org.hibernate.metamodel.internal.EntityInstantiatorPojoStandard - HHH000182: No default (no-argument) constructor for class: org.ligot.afriyan.entities.UserConnect (class must be instantiated by Interceptor)
2025-01-14 10:50:03.004 [] INFO  - org.hibernate.engine.transaction.jta.platform.internal.JtaPlatformInitiator - HHH000490: Using JtaPlatform implementation: [org.hibernate.engine.transaction.jta.platform.internal.NoJtaPlatform]
2025-01-14 10:50:03.701 [] INFO  - org.springframework.orm.jpa.LocalContainerEntityManagerFactoryBean - Initialized JPA EntityManagerFactory for persistence unit 'default'
2025-01-14 10:50:04.026 [] INFO  - org.springframework.data.jpa.repository.query.QueryEnhancerFactory - Hibernate is in classpath; If applicable, HQL parser will be used.
2025-01-14 10:50:07.330 [] INFO  - org.springframework.boot.actuate.endpoint.web.EndpointLinksResolver - Exposing 1 endpoint(s) beneath base path '/actuator'
2025-01-14 10:50:07.423 [] INFO  - org.springframework.security.web.DefaultSecurityFilterChain - Will secure any request with [org.springframework.security.web.session.DisableEncodeUrlFilter@5e082d05, org.springframework.security.web.context.request.async.WebAsyncManagerIntegrationFilter@12bb4940, org.springframework.security.web.context.SecurityContextHolderFilter@76cecd9d, org.springframework.security.web.header.HeaderWriterFilter@2b0838e9, org.springframework.security.web.authentication.logout.LogoutFilter@61472612, org.ligot.afriyan.config.securities.JwtAuthenticationFilter@76d35722, org.springframework.security.web.savedrequest.RequestCacheAwareFilter@a24e9cc, org.springframework.security.web.servletapi.SecurityContextHolderAwareRequestFilter@3635fb23, org.springframework.security.web.authentication.AnonymousAuthenticationFilter@45018ae6, org.springframework.security.web.session.SessionManagementFilter@50ea43c0, org.springframework.security.web.access.ExceptionTranslationFilter@5e60b32b, org.springframework.security.web.access.intercept.AuthorizationFilter@157b2084]
2025-01-14 10:50:08.065 [] INFO  - org.springframework.boot.devtools.autoconfigure.OptionalLiveReloadServer - LiveReload server is running on port 35729
2025-01-14 10:50:08.172 [] INFO  - org.springframework.boot.web.embedded.tomcat.TomcatWebServer - Tomcat started on port(s): 8087 (http) with context path ''
2025-01-14 10:50:08.195 [] INFO  - org.ligot.afriyan.OngafriyanApplication - Started OngafriyanApplication in 14.516 seconds (process running for 16.035)
2025-01-14 10:50:08.700 [] INFO  - org.apache.catalina.core.ContainerBase.[Tomcat].[localhost].[/] - Initializing Spring DispatcherServlet 'dispatcherServlet'
2025-01-14 10:50:08.700 [] INFO  - org.springframework.web.servlet.DispatcherServlet - Initializing Servlet 'dispatcherServlet'
2025-01-14 10:50:08.704 [] INFO  - org.springframework.web.servlet.DispatcherServlet - Completed initialization in 3 ms
2025-01-14 10:51:53.734 [] INFO  - org.springframework.orm.jpa.LocalContainerEntityManagerFactoryBean - Closing JPA EntityManagerFactory for persistence unit 'default'
2025-01-14 10:51:53.738 [] INFO  - com.zaxxer.hikari.HikariDataSource - HikariPool-1 - Shutdown initiated...
2025-01-14 10:51:53.749 [] INFO  - com.zaxxer.hikari.HikariDataSource - HikariPool-1 - Shutdown completed.
2025-01-14 10:52:00.550 [] INFO  - org.ligot.afriyan.OngafriyanApplication - Starting OngafriyanApplication using Java 17.0.1 with PID 18852 (C:\Users\GLC\Documents\Project\Java\Formation\bizz\ongafriyan\target\classes started by GLC in C:\Users\GLC\Documents\Project\Java\Formation\bizz\ongafriyan)
2025-01-14 10:52:00.553 [] INFO  - org.ligot.afriyan.OngafriyanApplication - The following 1 profile is active: "dev"
2025-01-14 10:52:00.634 [] INFO  - org.springframework.boot.devtools.env.DevToolsPropertyDefaultsPostProcessor - Devtools property defaults active! Set 'spring.devtools.add-properties' to 'false' to disable
2025-01-14 10:52:00.635 [] INFO  - org.springframework.boot.devtools.env.DevToolsPropertyDefaultsPostProcessor - For additional web related logging consider setting the 'logging.level.web' property to 'DEBUG'
2025-01-14 10:52:02.615 [] INFO  - org.springframework.data.repository.config.RepositoryConfigurationDelegate - Bootstrapping Spring Data JPA repositories in DEFAULT mode.
2025-01-14 10:52:02.963 [] INFO  - org.springframework.data.repository.config.RepositoryConfigurationDelegate - Finished Spring Data repository scanning in 338 ms. Found 44 JPA repository interfaces.
2025-01-14 10:52:03.750 [] INFO  - org.springframework.boot.web.embedded.tomcat.TomcatWebServer - Tomcat initialized with port(s): 8087 (http)
2025-01-14 10:52:03.760 [] INFO  - org.apache.catalina.core.StandardService - Starting service [Tomcat]
2025-01-14 10:52:03.761 [] INFO  - org.apache.catalina.core.StandardEngine - Starting Servlet engine: [Apache Tomcat/10.1.10]
2025-01-14 10:52:03.834 [] INFO  - org.apache.catalina.core.ContainerBase.[Tomcat].[localhost].[/] - Initializing Spring embedded WebApplicationContext
2025-01-14 10:52:03.834 [] INFO  - org.springframework.boot.web.servlet.context.ServletWebServerApplicationContext - Root WebApplicationContext: initialization completed in 3198 ms
2025-01-14 10:52:04.214 [] INFO  - org.hibernate.jpa.internal.util.LogHelper - HHH000204: Processing PersistenceUnitInfo [name: default]
2025-01-14 10:52:04.292 [] INFO  - org.hibernate.Version - HHH000412: Hibernate ORM core version 6.2.5.Final
2025-01-14 10:52:04.296 [] INFO  - org.hibernate.cfg.Environment - HHH000406: Using bytecode reflection optimizer
2025-01-14 10:52:04.476 [] INFO  - org.hibernate.bytecode.internal.BytecodeProviderInitiator - HHH000021: Bytecode provider name : bytebuddy
2025-01-14 10:52:04.625 [] INFO  - org.springframework.orm.jpa.persistenceunit.SpringPersistenceUnitInfo - No LoadTimeWeaver setup: ignoring JPA class transformer
2025-01-14 10:52:04.645 [] INFO  - com.zaxxer.hikari.HikariDataSource - HikariPool-1 - Starting...
2025-01-14 10:52:04.850 [] INFO  - com.zaxxer.hikari.pool.HikariPool - HikariPool-1 - Added connection org.postgresql.jdbc.PgConnection@2e234b47
2025-01-14 10:52:04.852 [] INFO  - com.zaxxer.hikari.HikariDataSource - HikariPool-1 - Start completed.
2025-01-14 10:52:05.462 [] INFO  - org.hibernate.bytecode.internal.BytecodeProviderInitiator - HHH000021: Bytecode provider name : bytebuddy
2025-01-14 10:52:06.428 [] INFO  - org.hibernate.metamodel.internal.EntityInstantiatorPojoStandard - HHH000182: No default (no-argument) constructor for class: org.ligot.afriyan.entities.UserConnect (class must be instantiated by Interceptor)
2025-01-14 10:52:06.946 [] INFO  - org.hibernate.engine.transaction.jta.platform.internal.JtaPlatformInitiator - HHH000490: Using JtaPlatform implementation: [org.hibernate.engine.transaction.jta.platform.internal.NoJtaPlatform]
2025-01-14 10:52:07.570 [] INFO  - org.springframework.orm.jpa.LocalContainerEntityManagerFactoryBean - Initialized JPA EntityManagerFactory for persistence unit 'default'
2025-01-14 10:52:07.872 [] INFO  - org.springframework.data.jpa.repository.query.QueryEnhancerFactory - Hibernate is in classpath; If applicable, HQL parser will be used.
2025-01-14 10:52:10.795 [] INFO  - org.springframework.boot.actuate.endpoint.web.EndpointLinksResolver - Exposing 1 endpoint(s) beneath base path '/actuator'
2025-01-14 10:52:10.884 [] INFO  - org.springframework.security.web.DefaultSecurityFilterChain - Will secure any request with [org.springframework.security.web.session.DisableEncodeUrlFilter@624276e, org.springframework.security.web.context.request.async.WebAsyncManagerIntegrationFilter@77b957a5, org.springframework.security.web.context.SecurityContextHolderFilter@2d0a57ba, org.springframework.security.web.header.HeaderWriterFilter@3d9358c1, org.springframework.security.web.authentication.logout.LogoutFilter@74f88eee, org.ligot.afriyan.config.securities.JwtAuthenticationFilter@64f10c7f, org.springframework.security.web.savedrequest.RequestCacheAwareFilter@684d93e2, org.springframework.security.web.servletapi.SecurityContextHolderAwareRequestFilter@5c917fa, org.springframework.security.web.authentication.AnonymousAuthenticationFilter@dee4e23, org.springframework.security.web.session.SessionManagementFilter@7fad5e31, org.springframework.security.web.access.ExceptionTranslationFilter@5837ffd0, org.springframework.security.web.access.intercept.AuthorizationFilter@35489483]
2025-01-14 10:52:11.478 [] INFO  - org.springframework.boot.devtools.autoconfigure.OptionalLiveReloadServer - LiveReload server is running on port 35729
2025-01-14 10:52:11.573 [] INFO  - org.springframework.boot.web.embedded.tomcat.TomcatWebServer - Tomcat started on port(s): 8087 (http) with context path ''
2025-01-14 10:52:11.591 [] INFO  - org.ligot.afriyan.OngafriyanApplication - Started OngafriyanApplication in 11.493 seconds (process running for 12.671)
2025-01-14 10:52:11.893 [] INFO  - org.apache.catalina.core.ContainerBase.[Tomcat].[localhost].[/] - Initializing Spring DispatcherServlet 'dispatcherServlet'
2025-01-14 10:52:11.894 [] INFO  - org.springframework.web.servlet.DispatcherServlet - Initializing Servlet 'dispatcherServlet'
2025-01-14 10:52:11.898 [] INFO  - org.springframework.web.servlet.DispatcherServlet - Completed initialization in 4 ms
2025-01-14 10:54:53.403 [] INFO  - org.springframework.orm.jpa.LocalContainerEntityManagerFactoryBean - Closing JPA EntityManagerFactory for persistence unit 'default'
2025-01-14 10:54:53.412 [] INFO  - com.zaxxer.hikari.HikariDataSource - HikariPool-1 - Shutdown initiated...
2025-01-14 10:54:53.444 [] INFO  - com.zaxxer.hikari.HikariDataSource - HikariPool-1 - Shutdown completed.
2025-01-14 10:55:28.965 [] INFO  - org.ligot.afriyan.OngafriyanApplication - Starting OngafriyanApplication using Java 17.0.1 with PID 7280 (C:\Users\GLC\Documents\Project\Java\Formation\bizz\ongafriyan\target\classes started by GLC in C:\Users\GLC\Documents\Project\Java\Formation\bizz\ongafriyan)
2025-01-14 10:55:28.968 [] INFO  - org.ligot.afriyan.OngafriyanApplication - The following 1 profile is active: "dev"
2025-01-14 10:55:29.043 [] INFO  - org.springframework.boot.devtools.env.DevToolsPropertyDefaultsPostProcessor - Devtools property defaults active! Set 'spring.devtools.add-properties' to 'false' to disable
2025-01-14 10:55:29.044 [] INFO  - org.springframework.boot.devtools.env.DevToolsPropertyDefaultsPostProcessor - For additional web related logging consider setting the 'logging.level.web' property to 'DEBUG'
2025-01-14 10:55:30.913 [] INFO  - org.springframework.data.repository.config.RepositoryConfigurationDelegate - Bootstrapping Spring Data JPA repositories in DEFAULT mode.
2025-01-14 10:55:31.264 [] INFO  - org.springframework.data.repository.config.RepositoryConfigurationDelegate - Finished Spring Data repository scanning in 340 ms. Found 44 JPA repository interfaces.
2025-01-14 10:55:32.064 [] INFO  - org.springframework.boot.web.embedded.tomcat.TomcatWebServer - Tomcat initialized with port(s): 8087 (http)
2025-01-14 10:55:32.074 [] INFO  - org.apache.catalina.core.StandardService - Starting service [Tomcat]
2025-01-14 10:55:32.075 [] INFO  - org.apache.catalina.core.StandardEngine - Starting Servlet engine: [Apache Tomcat/10.1.10]
2025-01-14 10:55:32.156 [] INFO  - org.apache.catalina.core.ContainerBase.[Tomcat].[localhost].[/] - Initializing Spring embedded WebApplicationContext
2025-01-14 10:55:32.157 [] INFO  - org.springframework.boot.web.servlet.context.ServletWebServerApplicationContext - Root WebApplicationContext: initialization completed in 3112 ms
2025-01-14 10:55:32.503 [] INFO  - org.hibernate.jpa.internal.util.LogHelper - HHH000204: Processing PersistenceUnitInfo [name: default]
2025-01-14 10:55:32.569 [] INFO  - org.hibernate.Version - HHH000412: Hibernate ORM core version 6.2.5.Final
2025-01-14 10:55:32.572 [] INFO  - org.hibernate.cfg.Environment - HHH000406: Using bytecode reflection optimizer
2025-01-14 10:55:32.746 [] INFO  - org.hibernate.bytecode.internal.BytecodeProviderInitiator - HHH000021: Bytecode provider name : bytebuddy
2025-01-14 10:55:32.907 [] INFO  - org.springframework.orm.jpa.persistenceunit.SpringPersistenceUnitInfo - No LoadTimeWeaver setup: ignoring JPA class transformer
2025-01-14 10:55:32.926 [] INFO  - com.zaxxer.hikari.HikariDataSource - HikariPool-1 - Starting...
2025-01-14 10:55:33.138 [] INFO  - com.zaxxer.hikari.pool.HikariPool - HikariPool-1 - Added connection org.postgresql.jdbc.PgConnection@75b18cd3
2025-01-14 10:55:33.140 [] INFO  - com.zaxxer.hikari.HikariDataSource - HikariPool-1 - Start completed.
2025-01-14 10:55:33.810 [] INFO  - org.hibernate.bytecode.internal.BytecodeProviderInitiator - HHH000021: Bytecode provider name : bytebuddy
2025-01-14 10:55:34.779 [] INFO  - org.hibernate.metamodel.internal.EntityInstantiatorPojoStandard - HHH000182: No default (no-argument) constructor for class: org.ligot.afriyan.entities.UserConnect (class must be instantiated by Interceptor)
2025-01-14 10:55:35.274 [] INFO  - org.hibernate.engine.transaction.jta.platform.internal.JtaPlatformInitiator - HHH000490: Using JtaPlatform implementation: [org.hibernate.engine.transaction.jta.platform.internal.NoJtaPlatform]
2025-01-14 10:55:35.911 [] INFO  - org.springframework.orm.jpa.LocalContainerEntityManagerFactoryBean - Initialized JPA EntityManagerFactory for persistence unit 'default'
2025-01-14 10:55:36.214 [] INFO  - org.springframework.data.jpa.repository.query.QueryEnhancerFactory - Hibernate is in classpath; If applicable, HQL parser will be used.
2025-01-14 10:55:39.283 [] INFO  - org.springframework.boot.actuate.endpoint.web.EndpointLinksResolver - Exposing 1 endpoint(s) beneath base path '/actuator'
2025-01-14 10:55:39.369 [] INFO  - org.springframework.security.web.DefaultSecurityFilterChain - Will secure any request with [org.springframework.security.web.session.DisableEncodeUrlFilter@63f5b85e, org.springframework.security.web.context.request.async.WebAsyncManagerIntegrationFilter@524d141c, org.springframework.security.web.context.SecurityContextHolderFilter@719ba2b5, org.springframework.security.web.header.HeaderWriterFilter@1ff08451, org.springframework.security.web.authentication.logout.LogoutFilter@1e4f91bd, org.ligot.afriyan.config.securities.JwtAuthenticationFilter@6888274, org.springframework.security.web.savedrequest.RequestCacheAwareFilter@377d66f5, org.springframework.security.web.servletapi.SecurityContextHolderAwareRequestFilter@31ee1db1, org.springframework.security.web.authentication.AnonymousAuthenticationFilter@34b82006, org.springframework.security.web.session.SessionManagementFilter@5c4bb9d2, org.springframework.security.web.access.ExceptionTranslationFilter@31faefa5, org.springframework.security.web.access.intercept.AuthorizationFilter@19050195]
2025-01-14 10:55:40.026 [] INFO  - org.springframework.boot.devtools.autoconfigure.OptionalLiveReloadServer - LiveReload server is running on port 35729
2025-01-14 10:55:40.124 [] INFO  - org.springframework.boot.web.embedded.tomcat.TomcatWebServer - Tomcat started on port(s): 8087 (http) with context path ''
2025-01-14 10:55:40.145 [] INFO  - org.ligot.afriyan.OngafriyanApplication - Started OngafriyanApplication in 11.68 seconds (process running for 12.959)
2025-01-14 10:55:40.767 [] INFO  - org.apache.catalina.core.ContainerBase.[Tomcat].[localhost].[/] - Initializing Spring DispatcherServlet 'dispatcherServlet'
2025-01-14 10:55:40.768 [] INFO  - org.springframework.web.servlet.DispatcherServlet - Initializing Servlet 'dispatcherServlet'
2025-01-14 10:55:40.771 [] INFO  - org.springframework.web.servlet.DispatcherServlet - Completed initialization in 3 ms
2025-01-14 11:03:53.003 [] INFO  - org.springframework.orm.jpa.LocalContainerEntityManagerFactoryBean - Closing JPA EntityManagerFactory for persistence unit 'default'
2025-01-14 11:03:53.007 [] INFO  - com.zaxxer.hikari.HikariDataSource - HikariPool-1 - Shutdown initiated...
2025-01-14 11:03:53.015 [] INFO  - com.zaxxer.hikari.HikariDataSource - HikariPool-1 - Shutdown completed.
2025-01-14 11:03:59.918 [] INFO  - org.ligot.afriyan.OngafriyanApplication - Starting OngafriyanApplication using Java 17.0.1 with PID 1048 (C:\Users\GLC\Documents\Project\Java\Formation\bizz\ongafriyan\target\classes started by GLC in C:\Users\GLC\Documents\Project\Java\Formation\bizz\ongafriyan)
2025-01-14 11:03:59.921 [] INFO  - org.ligot.afriyan.OngafriyanApplication - The following 1 profile is active: "dev"
2025-01-14 11:04:00.001 [] INFO  - org.springframework.boot.devtools.env.DevToolsPropertyDefaultsPostProcessor - Devtools property defaults active! Set 'spring.devtools.add-properties' to 'false' to disable
2025-01-14 11:04:00.001 [] INFO  - org.springframework.boot.devtools.env.DevToolsPropertyDefaultsPostProcessor - For additional web related logging consider setting the 'logging.level.web' property to 'DEBUG'
2025-01-14 11:04:01.932 [] INFO  - org.springframework.data.repository.config.RepositoryConfigurationDelegate - Bootstrapping Spring Data JPA repositories in DEFAULT mode.
2025-01-14 11:04:02.278 [] INFO  - org.springframework.data.repository.config.RepositoryConfigurationDelegate - Finished Spring Data repository scanning in 332 ms. Found 44 JPA repository interfaces.
2025-01-14 11:04:03.062 [] INFO  - org.springframework.boot.web.embedded.tomcat.TomcatWebServer - Tomcat initialized with port(s): 8087 (http)
2025-01-14 11:04:03.072 [] INFO  - org.apache.catalina.core.StandardService - Starting service [Tomcat]
2025-01-14 11:04:03.072 [] INFO  - org.apache.catalina.core.StandardEngine - Starting Servlet engine: [Apache Tomcat/10.1.10]
2025-01-14 11:04:03.150 [] INFO  - org.apache.catalina.core.ContainerBase.[Tomcat].[localhost].[/] - Initializing Spring embedded WebApplicationContext
2025-01-14 11:04:03.151 [] INFO  - org.springframework.boot.web.servlet.context.ServletWebServerApplicationContext - Root WebApplicationContext: initialization completed in 3149 ms
2025-01-14 11:04:03.488 [] INFO  - org.hibernate.jpa.internal.util.LogHelper - HHH000204: Processing PersistenceUnitInfo [name: default]
2025-01-14 11:04:03.553 [] INFO  - org.hibernate.Version - HHH000412: Hibernate ORM core version 6.2.5.Final
2025-01-14 11:04:03.557 [] INFO  - org.hibernate.cfg.Environment - HHH000406: Using bytecode reflection optimizer
2025-01-14 11:04:03.724 [] INFO  - org.hibernate.bytecode.internal.BytecodeProviderInitiator - HHH000021: Bytecode provider name : bytebuddy
2025-01-14 11:04:03.877 [] INFO  - org.springframework.orm.jpa.persistenceunit.SpringPersistenceUnitInfo - No LoadTimeWeaver setup: ignoring JPA class transformer
2025-01-14 11:04:03.904 [] INFO  - com.zaxxer.hikari.HikariDataSource - HikariPool-1 - Starting...
2025-01-14 11:04:04.110 [] INFO  - com.zaxxer.hikari.pool.HikariPool - HikariPool-1 - Added connection org.postgresql.jdbc.PgConnection@6dd4492b
2025-01-14 11:04:04.112 [] INFO  - com.zaxxer.hikari.HikariDataSource - HikariPool-1 - Start completed.
2025-01-14 11:04:04.701 [] INFO  - org.hibernate.bytecode.internal.BytecodeProviderInitiator - HHH000021: Bytecode provider name : bytebuddy
2025-01-14 11:04:05.700 [] INFO  - org.hibernate.metamodel.internal.EntityInstantiatorPojoStandard - HHH000182: No default (no-argument) constructor for class: org.ligot.afriyan.entities.UserConnect (class must be instantiated by Interceptor)
2025-01-14 11:04:06.208 [] INFO  - org.hibernate.engine.transaction.jta.platform.internal.JtaPlatformInitiator - HHH000490: Using JtaPlatform implementation: [org.hibernate.engine.transaction.jta.platform.internal.NoJtaPlatform]
2025-01-14 11:04:06.819 [] INFO  - org.springframework.orm.jpa.LocalContainerEntityManagerFactoryBean - Initialized JPA EntityManagerFactory for persistence unit 'default'
2025-01-14 11:04:07.120 [] INFO  - org.springframework.data.jpa.repository.query.QueryEnhancerFactory - Hibernate is in classpath; If applicable, HQL parser will be used.
2025-01-14 11:04:10.093 [] INFO  - org.springframework.boot.actuate.endpoint.web.EndpointLinksResolver - Exposing 1 endpoint(s) beneath base path '/actuator'
2025-01-14 11:04:10.181 [] INFO  - org.springframework.security.web.DefaultSecurityFilterChain - Will secure any request with [org.springframework.security.web.session.DisableEncodeUrlFilter@494d26c4, org.springframework.security.web.context.request.async.WebAsyncManagerIntegrationFilter@731a3605, org.springframework.security.web.context.SecurityContextHolderFilter@1dcc8f33, org.springframework.security.web.header.HeaderWriterFilter@71031b78, org.springframework.security.web.authentication.logout.LogoutFilter@13b7653c, org.ligot.afriyan.config.securities.JwtAuthenticationFilter@6521f71a, org.springframework.security.web.savedrequest.RequestCacheAwareFilter@494eee8f, org.springframework.security.web.servletapi.SecurityContextHolderAwareRequestFilter@88c6182, org.springframework.security.web.authentication.AnonymousAuthenticationFilter@6d78070, org.springframework.security.web.session.SessionManagementFilter@701f007d, org.springframework.security.web.access.ExceptionTranslationFilter@7e637a9a, org.springframework.security.web.access.intercept.AuthorizationFilter@524d141c]
2025-01-14 11:04:10.802 [] INFO  - org.springframework.boot.devtools.autoconfigure.OptionalLiveReloadServer - LiveReload server is running on port 35729
2025-01-14 11:04:10.899 [] INFO  - org.springframework.boot.web.embedded.tomcat.TomcatWebServer - Tomcat started on port(s): 8087 (http) with context path ''
2025-01-14 11:04:10.923 [] INFO  - org.ligot.afriyan.OngafriyanApplication - Started OngafriyanApplication in 11.457 seconds (process running for 12.656)
2025-01-14 11:04:11.183 [] INFO  - org.apache.catalina.core.ContainerBase.[Tomcat].[localhost].[/] - Initializing Spring DispatcherServlet 'dispatcherServlet'
2025-01-14 11:04:11.184 [] INFO  - org.springframework.web.servlet.DispatcherServlet - Initializing Servlet 'dispatcherServlet'
2025-01-14 11:04:11.187 [] INFO  - org.springframework.web.servlet.DispatcherServlet - Completed initialization in 2 ms
2025-01-14 11:06:35.466 [] INFO  - org.springframework.orm.jpa.LocalContainerEntityManagerFactoryBean - Closing JPA EntityManagerFactory for persistence unit 'default'
2025-01-14 11:06:35.471 [] INFO  - com.zaxxer.hikari.HikariDataSource - HikariPool-1 - Shutdown initiated...
2025-01-14 11:06:35.478 [] INFO  - com.zaxxer.hikari.HikariDataSource - HikariPool-1 - Shutdown completed.
2025-01-14 11:06:42.120 [] INFO  - org.ligot.afriyan.OngafriyanApplication - Starting OngafriyanApplication using Java 17.0.1 with PID 9732 (C:\Users\GLC\Documents\Project\Java\Formation\bizz\ongafriyan\target\classes started by GLC in C:\Users\GLC\Documents\Project\Java\Formation\bizz\ongafriyan)
2025-01-14 11:06:42.123 [] INFO  - org.ligot.afriyan.OngafriyanApplication - The following 1 profile is active: "dev"
2025-01-14 11:06:42.209 [] INFO  - org.springframework.boot.devtools.env.DevToolsPropertyDefaultsPostProcessor - Devtools property defaults active! Set 'spring.devtools.add-properties' to 'false' to disable
2025-01-14 11:06:42.210 [] INFO  - org.springframework.boot.devtools.env.DevToolsPropertyDefaultsPostProcessor - For additional web related logging consider setting the 'logging.level.web' property to 'DEBUG'
2025-01-14 11:06:44.015 [] INFO  - org.springframework.data.repository.config.RepositoryConfigurationDelegate - Bootstrapping Spring Data JPA repositories in DEFAULT mode.
2025-01-14 11:06:44.367 [] INFO  - org.springframework.data.repository.config.RepositoryConfigurationDelegate - Finished Spring Data repository scanning in 341 ms. Found 44 JPA repository interfaces.
2025-01-14 11:06:45.151 [] INFO  - org.springframework.boot.web.embedded.tomcat.TomcatWebServer - Tomcat initialized with port(s): 8087 (http)
2025-01-14 11:06:45.162 [] INFO  - org.apache.catalina.core.StandardService - Starting service [Tomcat]
2025-01-14 11:06:45.162 [] INFO  - org.apache.catalina.core.StandardEngine - Starting Servlet engine: [Apache Tomcat/10.1.10]
2025-01-14 11:06:45.242 [] INFO  - org.apache.catalina.core.ContainerBase.[Tomcat].[localhost].[/] - Initializing Spring embedded WebApplicationContext
2025-01-14 11:06:45.243 [] INFO  - org.springframework.boot.web.servlet.context.ServletWebServerApplicationContext - Root WebApplicationContext: initialization completed in 3032 ms
2025-01-14 11:06:45.595 [] INFO  - org.hibernate.jpa.internal.util.LogHelper - HHH000204: Processing PersistenceUnitInfo [name: default]
2025-01-14 11:06:45.680 [] INFO  - org.hibernate.Version - HHH000412: Hibernate ORM core version 6.2.5.Final
2025-01-14 11:06:45.686 [] INFO  - org.hibernate.cfg.Environment - HHH000406: Using bytecode reflection optimizer
2025-01-14 11:06:45.853 [] INFO  - org.hibernate.bytecode.internal.BytecodeProviderInitiator - HHH000021: Bytecode provider name : bytebuddy
2025-01-14 11:06:46.022 [] INFO  - org.springframework.orm.jpa.persistenceunit.SpringPersistenceUnitInfo - No LoadTimeWeaver setup: ignoring JPA class transformer
2025-01-14 11:06:46.040 [] INFO  - com.zaxxer.hikari.HikariDataSource - HikariPool-1 - Starting...
2025-01-14 11:06:46.256 [] INFO  - com.zaxxer.hikari.pool.HikariPool - HikariPool-1 - Added connection org.postgresql.jdbc.PgConnection@477fa307
2025-01-14 11:06:46.258 [] INFO  - com.zaxxer.hikari.HikariDataSource - HikariPool-1 - Start completed.
2025-01-14 11:06:46.897 [] INFO  - org.hibernate.bytecode.internal.BytecodeProviderInitiator - HHH000021: Bytecode provider name : bytebuddy
2025-01-14 11:06:47.887 [] INFO  - org.hibernate.metamodel.internal.EntityInstantiatorPojoStandard - HHH000182: No default (no-argument) constructor for class: org.ligot.afriyan.entities.UserConnect (class must be instantiated by Interceptor)
2025-01-14 11:06:48.392 [] INFO  - org.hibernate.engine.transaction.jta.platform.internal.JtaPlatformInitiator - HHH000490: Using JtaPlatform implementation: [org.hibernate.engine.transaction.jta.platform.internal.NoJtaPlatform]
2025-01-14 11:06:49.010 [] INFO  - org.springframework.orm.jpa.LocalContainerEntityManagerFactoryBean - Initialized JPA EntityManagerFactory for persistence unit 'default'
2025-01-14 11:06:49.314 [] INFO  - org.springframework.data.jpa.repository.query.QueryEnhancerFactory - Hibernate is in classpath; If applicable, HQL parser will be used.
2025-01-14 11:06:52.323 [] INFO  - org.springframework.boot.actuate.endpoint.web.EndpointLinksResolver - Exposing 1 endpoint(s) beneath base path '/actuator'
2025-01-14 11:06:52.408 [] INFO  - org.springframework.security.web.DefaultSecurityFilterChain - Will secure any request with [org.springframework.security.web.session.DisableEncodeUrlFilter@7910c519, org.springframework.security.web.context.request.async.WebAsyncManagerIntegrationFilter@44a894d3, org.springframework.security.web.context.SecurityContextHolderFilter@396f2270, org.springframework.security.web.header.HeaderWriterFilter@25680c5e, org.springframework.security.web.authentication.logout.LogoutFilter@e85cce, org.ligot.afriyan.config.securities.JwtAuthenticationFilter@5e83fb6a, org.springframework.security.web.savedrequest.RequestCacheAwareFilter@29ecdc1, org.springframework.security.web.servletapi.SecurityContextHolderAwareRequestFilter@59b9d470, org.springframework.security.web.authentication.AnonymousAuthenticationFilter@16d36f78, org.springframework.security.web.session.SessionManagementFilter@1efcde1f, org.springframework.security.web.access.ExceptionTranslationFilter@49cc315d, org.springframework.security.web.access.intercept.AuthorizationFilter@7b18c3b3]
2025-01-14 11:06:53.075 [] INFO  - org.springframework.boot.devtools.autoconfigure.OptionalLiveReloadServer - LiveReload server is running on port 35729
2025-01-14 11:06:53.175 [] INFO  - org.springframework.boot.web.embedded.tomcat.TomcatWebServer - Tomcat started on port(s): 8087 (http) with context path ''
2025-01-14 11:06:53.193 [] INFO  - org.ligot.afriyan.OngafriyanApplication - Started OngafriyanApplication in 11.516 seconds (process running for 12.668)
2025-01-14 11:06:53.478 [] INFO  - org.apache.catalina.core.ContainerBase.[Tomcat].[localhost].[/] - Initializing Spring DispatcherServlet 'dispatcherServlet'
2025-01-14 11:06:53.479 [] INFO  - org.springframework.web.servlet.DispatcherServlet - Initializing Servlet 'dispatcherServlet'
2025-01-14 11:06:53.482 [] INFO  - org.springframework.web.servlet.DispatcherServlet - Completed initialization in 3 ms
2025-01-14 11:09:42.387 [] INFO  - org.ligot.afriyan.OngafriyanApplication - Starting OngafriyanApplication using Java 17.0.1 with PID 1832 (C:\Users\GLC\Documents\Project\Java\Formation\bizz\ongafriyan\target\classes started by GLC in C:\Users\GLC\Documents\Project\Java\Formation\bizz\ongafriyan)
2025-01-14 11:09:42.390 [] INFO  - org.ligot.afriyan.OngafriyanApplication - The following 1 profile is active: "dev"
2025-01-14 11:09:42.467 [] INFO  - org.springframework.boot.devtools.env.DevToolsPropertyDefaultsPostProcessor - Devtools property defaults active! Set 'spring.devtools.add-properties' to 'false' to disable
2025-01-14 11:09:42.468 [] INFO  - org.springframework.boot.devtools.env.DevToolsPropertyDefaultsPostProcessor - For additional web related logging consider setting the 'logging.level.web' property to 'DEBUG'
2025-01-14 11:09:44.279 [] INFO  - org.springframework.data.repository.config.RepositoryConfigurationDelegate - Bootstrapping Spring Data JPA repositories in DEFAULT mode.
2025-01-14 11:09:44.666 [] INFO  - org.springframework.data.repository.config.RepositoryConfigurationDelegate - Finished Spring Data repository scanning in 375 ms. Found 44 JPA repository interfaces.
2025-01-14 11:09:45.446 [] INFO  - org.springframework.boot.web.embedded.tomcat.TomcatWebServer - Tomcat initialized with port(s): 8087 (http)
2025-01-14 11:09:45.456 [] INFO  - org.apache.catalina.core.StandardService - Starting service [Tomcat]
2025-01-14 11:09:45.456 [] INFO  - org.apache.catalina.core.StandardEngine - Starting Servlet engine: [Apache Tomcat/10.1.10]
2025-01-14 11:09:45.537 [] INFO  - org.apache.catalina.core.ContainerBase.[Tomcat].[localhost].[/] - Initializing Spring embedded WebApplicationContext
2025-01-14 11:09:45.538 [] INFO  - org.springframework.boot.web.servlet.context.ServletWebServerApplicationContext - Root WebApplicationContext: initialization completed in 3070 ms
2025-01-14 11:09:45.875 [] INFO  - org.hibernate.jpa.internal.util.LogHelper - HHH000204: Processing PersistenceUnitInfo [name: default]
2025-01-14 11:09:45.939 [] INFO  - org.hibernate.Version - HHH000412: Hibernate ORM core version 6.2.5.Final
2025-01-14 11:09:45.942 [] INFO  - org.hibernate.cfg.Environment - HHH000406: Using bytecode reflection optimizer
2025-01-14 11:09:46.126 [] INFO  - org.hibernate.bytecode.internal.BytecodeProviderInitiator - HHH000021: Bytecode provider name : bytebuddy
2025-01-14 11:09:46.342 [] INFO  - org.springframework.orm.jpa.persistenceunit.SpringPersistenceUnitInfo - No LoadTimeWeaver setup: ignoring JPA class transformer
2025-01-14 11:09:46.359 [] INFO  - com.zaxxer.hikari.HikariDataSource - HikariPool-1 - Starting...
2025-01-14 11:09:46.561 [] INFO  - com.zaxxer.hikari.pool.HikariPool - HikariPool-1 - Added connection org.postgresql.jdbc.PgConnection@4a1dde87
2025-01-14 11:09:46.596 [] INFO  - com.zaxxer.hikari.HikariDataSource - HikariPool-1 - Start completed.
2025-01-14 11:09:47.214 [] INFO  - org.hibernate.bytecode.internal.BytecodeProviderInitiator - HHH000021: Bytecode provider name : bytebuddy
2025-01-14 11:09:48.186 [] INFO  - org.hibernate.metamodel.internal.EntityInstantiatorPojoStandard - HHH000182: No default (no-argument) constructor for class: org.ligot.afriyan.entities.UserConnect (class must be instantiated by Interceptor)
2025-01-14 11:09:48.691 [] INFO  - org.hibernate.engine.transaction.jta.platform.internal.JtaPlatformInitiator - HHH000490: Using JtaPlatform implementation: [org.hibernate.engine.transaction.jta.platform.internal.NoJtaPlatform]
2025-01-14 11:09:49.317 [] INFO  - org.springframework.orm.jpa.LocalContainerEntityManagerFactoryBean - Initialized JPA EntityManagerFactory for persistence unit 'default'
2025-01-14 11:09:49.634 [] INFO  - org.springframework.data.jpa.repository.query.QueryEnhancerFactory - Hibernate is in classpath; If applicable, HQL parser will be used.
2025-01-14 11:09:52.592 [] INFO  - org.springframework.boot.actuate.endpoint.web.EndpointLinksResolver - Exposing 1 endpoint(s) beneath base path '/actuator'
2025-01-14 11:09:52.671 [] INFO  - org.springframework.security.web.DefaultSecurityFilterChain - Will secure any request with [org.springframework.security.web.session.DisableEncodeUrlFilter@396f2270, org.springframework.security.web.context.request.async.WebAsyncManagerIntegrationFilter@411b1f64, org.springframework.security.web.context.SecurityContextHolderFilter@48111600, org.springframework.security.web.header.HeaderWriterFilter@f4e701c, org.springframework.security.web.authentication.logout.LogoutFilter@5cb92d97, org.ligot.afriyan.config.securities.JwtAuthenticationFilter@7c02a50c, org.springframework.security.web.savedrequest.RequestCacheAwareFilter@3da70f4b, org.springframework.security.web.servletapi.SecurityContextHolderAwareRequestFilter@1c2a1d41, org.springframework.security.web.authentication.AnonymousAuthenticationFilter@29ecdc1, org.springframework.security.web.session.SessionManagementFilter@7847a1d9, org.springframework.security.web.access.ExceptionTranslationFilter@475b0c89, org.springframework.security.web.access.intercept.AuthorizationFilter@1efcde1f]
2025-01-14 11:09:53.271 [] INFO  - org.springframework.boot.devtools.autoconfigure.OptionalLiveReloadServer - LiveReload server is running on port 35729
2025-01-14 11:09:53.368 [] INFO  - org.springframework.boot.web.embedded.tomcat.TomcatWebServer - Tomcat started on port(s): 8087 (http) with context path ''
2025-01-14 11:09:53.389 [] INFO  - org.ligot.afriyan.OngafriyanApplication - Started OngafriyanApplication in 11.471 seconds (process running for 12.668)
2025-01-14 11:09:53.654 [] INFO  - org.apache.catalina.core.ContainerBase.[Tomcat].[localhost].[/] - Initializing Spring DispatcherServlet 'dispatcherServlet'
2025-01-14 11:09:53.655 [] INFO  - org.springframework.web.servlet.DispatcherServlet - Initializing Servlet 'dispatcherServlet'
2025-01-14 11:09:53.658 [] INFO  - org.springframework.web.servlet.DispatcherServlet - Completed initialization in 3 ms
2025-01-14 11:14:27.113 [] INFO  - org.springframework.orm.jpa.LocalContainerEntityManagerFactoryBean - Closing JPA EntityManagerFactory for persistence unit 'default'
2025-01-14 11:14:27.120 [] INFO  - com.zaxxer.hikari.HikariDataSource - HikariPool-1 - Shutdown initiated...
2025-01-14 11:14:27.154 [] INFO  - com.zaxxer.hikari.HikariDataSource - HikariPool-1 - Shutdown completed.
2025-01-14 11:19:48.339 [] INFO  - org.ligot.afriyan.OngafriyanApplication - Starting OngafriyanApplication using Java 17.0.1 with PID 1200 (C:\Users\GLC\Documents\Project\Java\Formation\bizz\ongafriyan\target\classes started by GLC in C:\Users\GLC\Documents\Project\Java\Formation\bizz\ongafriyan)
2025-01-14 11:19:48.341 [] INFO  - org.ligot.afriyan.OngafriyanApplication - The following 1 profile is active: "dev"
2025-01-14 11:19:48.426 [] INFO  - org.springframework.boot.devtools.env.DevToolsPropertyDefaultsPostProcessor - Devtools property defaults active! Set 'spring.devtools.add-properties' to 'false' to disable
2025-01-14 11:19:48.426 [] INFO  - org.springframework.boot.devtools.env.DevToolsPropertyDefaultsPostProcessor - For additional web related logging consider setting the 'logging.level.web' property to 'DEBUG'
2025-01-14 11:19:50.240 [] INFO  - org.springframework.data.repository.config.RepositoryConfigurationDelegate - Bootstrapping Spring Data JPA repositories in DEFAULT mode.
2025-01-14 11:19:50.580 [] INFO  - org.springframework.data.repository.config.RepositoryConfigurationDelegate - Finished Spring Data repository scanning in 329 ms. Found 44 JPA repository interfaces.
2025-01-14 11:19:51.372 [] INFO  - org.springframework.boot.web.embedded.tomcat.TomcatWebServer - Tomcat initialized with port(s): 8087 (http)
2025-01-14 11:19:51.382 [] INFO  - org.apache.catalina.core.StandardService - Starting service [Tomcat]
2025-01-14 11:19:51.382 [] INFO  - org.apache.catalina.core.StandardEngine - Starting Servlet engine: [Apache Tomcat/10.1.10]
2025-01-14 11:19:51.458 [] INFO  - org.apache.catalina.core.ContainerBase.[Tomcat].[localhost].[/] - Initializing Spring embedded WebApplicationContext
2025-01-14 11:19:51.459 [] INFO  - org.springframework.boot.web.servlet.context.ServletWebServerApplicationContext - Root WebApplicationContext: initialization completed in 3032 ms
2025-01-14 11:19:51.810 [] INFO  - org.hibernate.jpa.internal.util.LogHelper - HHH000204: Processing PersistenceUnitInfo [name: default]
2025-01-14 11:19:51.873 [] INFO  - org.hibernate.Version - HHH000412: Hibernate ORM core version 6.2.5.Final
2025-01-14 11:19:51.877 [] INFO  - org.hibernate.cfg.Environment - HHH000406: Using bytecode reflection optimizer
2025-01-14 11:19:52.045 [] INFO  - org.hibernate.bytecode.internal.BytecodeProviderInitiator - HHH000021: Bytecode provider name : bytebuddy
2025-01-14 11:19:52.202 [] INFO  - org.springframework.orm.jpa.persistenceunit.SpringPersistenceUnitInfo - No LoadTimeWeaver setup: ignoring JPA class transformer
2025-01-14 11:19:52.226 [] INFO  - com.zaxxer.hikari.HikariDataSource - HikariPool-1 - Starting...
2025-01-14 11:19:52.470 [] INFO  - com.zaxxer.hikari.pool.HikariPool - HikariPool-1 - Added connection org.postgresql.jdbc.PgConnection@4a1dde87
2025-01-14 11:19:52.472 [] INFO  - com.zaxxer.hikari.HikariDataSource - HikariPool-1 - Start completed.
2025-01-14 11:19:53.079 [] INFO  - org.hibernate.bytecode.internal.BytecodeProviderInitiator - HHH000021: Bytecode provider name : bytebuddy
2025-01-14 11:19:54.277 [] INFO  - org.hibernate.metamodel.internal.EntityInstantiatorPojoStandard - HHH000182: No default (no-argument) constructor for class: org.ligot.afriyan.entities.UserConnect (class must be instantiated by Interceptor)
2025-01-14 11:19:54.868 [] INFO  - org.hibernate.engine.transaction.jta.platform.internal.JtaPlatformInitiator - HHH000490: Using JtaPlatform implementation: [org.hibernate.engine.transaction.jta.platform.internal.NoJtaPlatform]
2025-01-14 11:19:55.532 [] INFO  - org.springframework.orm.jpa.LocalContainerEntityManagerFactoryBean - Initialized JPA EntityManagerFactory for persistence unit 'default'
2025-01-14 11:19:55.832 [] INFO  - org.springframework.data.jpa.repository.query.QueryEnhancerFactory - Hibernate is in classpath; If applicable, HQL parser will be used.
2025-01-14 11:19:58.824 [] INFO  - org.springframework.boot.actuate.endpoint.web.EndpointLinksResolver - Exposing 1 endpoint(s) beneath base path '/actuator'
2025-01-14 11:19:58.911 [] INFO  - org.springframework.security.web.DefaultSecurityFilterChain - Will secure any request with [org.springframework.security.web.session.DisableEncodeUrlFilter@2bbe53c3, org.springframework.security.web.context.request.async.WebAsyncManagerIntegrationFilter@47f2171e, org.springframework.security.web.context.SecurityContextHolderFilter@25680c5e, org.springframework.security.web.header.HeaderWriterFilter@72e19e3a, org.springframework.security.web.authentication.logout.LogoutFilter@1b32097e, org.ligot.afriyan.config.securities.JwtAuthenticationFilter@409be81a, org.springframework.security.web.savedrequest.RequestCacheAwareFilter@32b4d010, org.springframework.security.web.servletapi.SecurityContextHolderAwareRequestFilter@27749644, org.springframework.security.web.authentication.AnonymousAuthenticationFilter@494f7c33, org.springframework.security.web.session.SessionManagementFilter@c867165, org.springframework.security.web.access.ExceptionTranslationFilter@278ed400, org.springframework.security.web.access.intercept.AuthorizationFilter@196ea9db]
2025-01-14 11:19:59.504 [] INFO  - org.springframework.boot.devtools.autoconfigure.OptionalLiveReloadServer - LiveReload server is running on port 35729
2025-01-14 11:19:59.601 [] INFO  - org.springframework.boot.web.embedded.tomcat.TomcatWebServer - Tomcat started on port(s): 8087 (http) with context path ''
2025-01-14 11:19:59.621 [] INFO  - org.ligot.afriyan.OngafriyanApplication - Started OngafriyanApplication in 11.726 seconds (process running for 12.939)
2025-01-14 11:20:00.177 [] INFO  - org.apache.catalina.core.ContainerBase.[Tomcat].[localhost].[/] - Initializing Spring DispatcherServlet 'dispatcherServlet'
2025-01-14 11:20:00.177 [] INFO  - org.springframework.web.servlet.DispatcherServlet - Initializing Servlet 'dispatcherServlet'
2025-01-14 11:20:00.180 [] INFO  - org.springframework.web.servlet.DispatcherServlet - Completed initialization in 3 ms
2025-01-14 11:21:54.446 [] INFO  - org.ligot.afriyan.OngafriyanApplication - Starting OngafriyanApplication using Java 17.0.1 with PID 17660 (C:\Users\GLC\Documents\Project\Java\Formation\bizz\ongafriyan\target\classes started by GLC in C:\Users\GLC\Documents\Project\Java\Formation\bizz\ongafriyan)
2025-01-14 11:21:54.450 [] INFO  - org.ligot.afriyan.OngafriyanApplication - The following 1 profile is active: "dev"
2025-01-14 11:21:54.558 [] INFO  - org.springframework.boot.devtools.env.DevToolsPropertyDefaultsPostProcessor - Devtools property defaults active! Set 'spring.devtools.add-properties' to 'false' to disable
2025-01-14 11:21:54.558 [] INFO  - org.springframework.boot.devtools.env.DevToolsPropertyDefaultsPostProcessor - For additional web related logging consider setting the 'logging.level.web' property to 'DEBUG'
2025-01-14 11:21:56.473 [] INFO  - org.springframework.data.repository.config.RepositoryConfigurationDelegate - Bootstrapping Spring Data JPA repositories in DEFAULT mode.
2025-01-14 11:21:56.871 [] INFO  - org.springframework.data.repository.config.RepositoryConfigurationDelegate - Finished Spring Data repository scanning in 384 ms. Found 44 JPA repository interfaces.
2025-01-14 11:21:57.843 [] INFO  - org.springframework.boot.web.embedded.tomcat.TomcatWebServer - Tomcat initialized with port(s): 8087 (http)
2025-01-14 11:21:57.856 [] INFO  - org.apache.catalina.core.StandardService - Starting service [Tomcat]
2025-01-14 11:21:57.856 [] INFO  - org.apache.catalina.core.StandardEngine - Starting Servlet engine: [Apache Tomcat/10.1.10]
2025-01-14 11:21:57.950 [] INFO  - org.apache.catalina.core.ContainerBase.[Tomcat].[localhost].[/] - Initializing Spring embedded WebApplicationContext
2025-01-14 11:21:57.950 [] INFO  - org.springframework.boot.web.servlet.context.ServletWebServerApplicationContext - Root WebApplicationContext: initialization completed in 3391 ms
2025-01-14 11:21:58.340 [] INFO  - org.hibernate.jpa.internal.util.LogHelper - HHH000204: Processing PersistenceUnitInfo [name: default]
2025-01-14 11:21:58.418 [] INFO  - org.hibernate.Version - HHH000412: Hibernate ORM core version 6.2.5.Final
2025-01-14 11:21:58.421 [] INFO  - org.hibernate.cfg.Environment - HHH000406: Using bytecode reflection optimizer
2025-01-14 11:21:58.615 [] INFO  - org.hibernate.bytecode.internal.BytecodeProviderInitiator - HHH000021: Bytecode provider name : bytebuddy
2025-01-14 11:21:58.807 [] INFO  - org.springframework.orm.jpa.persistenceunit.SpringPersistenceUnitInfo - No LoadTimeWeaver setup: ignoring JPA class transformer
2025-01-14 11:21:58.834 [] INFO  - com.zaxxer.hikari.HikariDataSource - HikariPool-1 - Starting...
2025-01-14 11:21:59.054 [] INFO  - com.zaxxer.hikari.pool.HikariPool - HikariPool-1 - Added connection org.postgresql.jdbc.PgConnection@39239035
2025-01-14 11:21:59.056 [] INFO  - com.zaxxer.hikari.HikariDataSource - HikariPool-1 - Start completed.
2025-01-14 11:21:59.662 [] INFO  - org.hibernate.bytecode.internal.BytecodeProviderInitiator - HHH000021: Bytecode provider name : bytebuddy
2025-01-14 11:22:00.651 [] INFO  - org.hibernate.metamodel.internal.EntityInstantiatorPojoStandard - HHH000182: No default (no-argument) constructor for class: org.ligot.afriyan.entities.UserConnect (class must be instantiated by Interceptor)
2025-01-14 11:22:01.141 [] INFO  - org.hibernate.engine.transaction.jta.platform.internal.JtaPlatformInitiator - HHH000490: Using JtaPlatform implementation: [org.hibernate.engine.transaction.jta.platform.internal.NoJtaPlatform]
2025-01-14 11:22:01.757 [] INFO  - org.springframework.orm.jpa.LocalContainerEntityManagerFactoryBean - Initialized JPA EntityManagerFactory for persistence unit 'default'
2025-01-14 11:22:02.095 [] INFO  - org.springframework.data.jpa.repository.query.QueryEnhancerFactory - Hibernate is in classpath; If applicable, HQL parser will be used.
2025-01-14 11:22:05.082 [] INFO  - org.springframework.boot.actuate.endpoint.web.EndpointLinksResolver - Exposing 1 endpoint(s) beneath base path '/actuator'
2025-01-14 11:22:05.158 [] INFO  - org.springframework.security.web.DefaultSecurityFilterChain - Will secure any request with [org.springframework.security.web.session.DisableEncodeUrlFilter@4ef766c1, org.springframework.security.web.context.request.async.WebAsyncManagerIntegrationFilter@cda2e35, org.springframework.security.web.context.SecurityContextHolderFilter@65430dce, org.springframework.security.web.header.HeaderWriterFilter@2f91e31f, org.springframework.security.web.authentication.logout.LogoutFilter@701f007d, org.ligot.afriyan.config.securities.JwtAuthenticationFilter@70174ba2, org.springframework.security.web.savedrequest.RequestCacheAwareFilter@4378147, org.springframework.security.web.servletapi.SecurityContextHolderAwareRequestFilter@15294c33, org.springframework.security.web.authentication.AnonymousAuthenticationFilter@42781846, org.springframework.security.web.session.SessionManagementFilter@5ff02a7e, org.springframework.security.web.access.ExceptionTranslationFilter@240f8cfa, org.springframework.security.web.access.intercept.AuthorizationFilter@1e9b8e84]
2025-01-14 11:22:05.737 [] INFO  - org.springframework.boot.devtools.autoconfigure.OptionalLiveReloadServer - LiveReload server is running on port 35729
2025-01-14 11:22:05.835 [] INFO  - org.springframework.boot.web.embedded.tomcat.TomcatWebServer - Tomcat started on port(s): 8087 (http) with context path ''
2025-01-14 11:22:05.855 [] INFO  - org.ligot.afriyan.OngafriyanApplication - Started OngafriyanApplication in 11.899 seconds (process running for 13.169)
2025-01-14 11:22:06.138 [] INFO  - org.apache.catalina.core.ContainerBase.[Tomcat].[localhost].[/] - Initializing Spring DispatcherServlet 'dispatcherServlet'
2025-01-14 11:22:06.139 [] INFO  - org.springframework.web.servlet.DispatcherServlet - Initializing Servlet 'dispatcherServlet'
2025-01-14 11:22:06.142 [] INFO  - org.springframework.web.servlet.DispatcherServlet - Completed initialization in 3 ms
2025-01-14 11:25:51.808 [] INFO  - org.springframework.orm.jpa.LocalContainerEntityManagerFactoryBean - Closing JPA EntityManagerFactory for persistence unit 'default'
2025-01-14 11:25:51.814 [] INFO  - com.zaxxer.hikari.HikariDataSource - HikariPool-1 - Shutdown initiated...
2025-01-14 11:25:58.920 [] INFO  - org.ligot.afriyan.OngafriyanApplication - Starting OngafriyanApplication using Java 17.0.1 with PID 19868 (C:\Users\GLC\Documents\Project\Java\Formation\bizz\ongafriyan\target\classes started by GLC in C:\Users\GLC\Documents\Project\Java\Formation\bizz\ongafriyan)
2025-01-14 11:25:58.926 [] INFO  - org.ligot.afriyan.OngafriyanApplication - The following 1 profile is active: "dev"
2025-01-14 11:25:59.019 [] INFO  - org.springframework.boot.devtools.env.DevToolsPropertyDefaultsPostProcessor - Devtools property defaults active! Set 'spring.devtools.add-properties' to 'false' to disable
2025-01-14 11:25:59.019 [] INFO  - org.springframework.boot.devtools.env.DevToolsPropertyDefaultsPostProcessor - For additional web related logging consider setting the 'logging.level.web' property to 'DEBUG'
2025-01-14 11:26:00.831 [] INFO  - org.springframework.data.repository.config.RepositoryConfigurationDelegate - Bootstrapping Spring Data JPA repositories in DEFAULT mode.
2025-01-14 11:26:01.176 [] INFO  - org.springframework.data.repository.config.RepositoryConfigurationDelegate - Finished Spring Data repository scanning in 332 ms. Found 44 JPA repository interfaces.
2025-01-14 11:26:01.963 [] INFO  - org.springframework.boot.web.embedded.tomcat.TomcatWebServer - Tomcat initialized with port(s): 8087 (http)
2025-01-14 11:26:01.973 [] INFO  - org.apache.catalina.core.StandardService - Starting service [Tomcat]
2025-01-14 11:26:01.973 [] INFO  - org.apache.catalina.core.StandardEngine - Starting Servlet engine: [Apache Tomcat/10.1.10]
2025-01-14 11:26:02.048 [] INFO  - org.apache.catalina.core.ContainerBase.[Tomcat].[localhost].[/] - Initializing Spring embedded WebApplicationContext
2025-01-14 11:26:02.048 [] INFO  - org.springframework.boot.web.servlet.context.ServletWebServerApplicationContext - Root WebApplicationContext: initialization completed in 3028 ms
2025-01-14 11:26:02.391 [] INFO  - org.hibernate.jpa.internal.util.LogHelper - HHH000204: Processing PersistenceUnitInfo [name: default]
2025-01-14 11:26:02.459 [] INFO  - org.hibernate.Version - HHH000412: Hibernate ORM core version 6.2.5.Final
2025-01-14 11:26:02.464 [] INFO  - org.hibernate.cfg.Environment - HHH000406: Using bytecode reflection optimizer
2025-01-14 11:26:02.633 [] INFO  - org.hibernate.bytecode.internal.BytecodeProviderInitiator - HHH000021: Bytecode provider name : bytebuddy
2025-01-14 11:26:02.791 [] INFO  - org.springframework.orm.jpa.persistenceunit.SpringPersistenceUnitInfo - No LoadTimeWeaver setup: ignoring JPA class transformer
2025-01-14 11:26:02.809 [] INFO  - com.zaxxer.hikari.HikariDataSource - HikariPool-1 - Starting...
2025-01-14 11:26:03.015 [] INFO  - com.zaxxer.hikari.pool.HikariPool - HikariPool-1 - Added connection org.postgresql.jdbc.PgConnection@6dd4492b
2025-01-14 11:26:03.017 [] INFO  - com.zaxxer.hikari.HikariDataSource - HikariPool-1 - Start completed.
2025-01-14 11:26:03.603 [] INFO  - org.hibernate.bytecode.internal.BytecodeProviderInitiator - HHH000021: Bytecode provider name : bytebuddy
2025-01-14 11:26:04.602 [] INFO  - org.hibernate.metamodel.internal.EntityInstantiatorPojoStandard - HHH000182: No default (no-argument) constructor for class: org.ligot.afriyan.entities.UserConnect (class must be instantiated by Interceptor)
2025-01-14 11:26:05.081 [] INFO  - org.hibernate.engine.transaction.jta.platform.internal.JtaPlatformInitiator - HHH000490: Using JtaPlatform implementation: [org.hibernate.engine.transaction.jta.platform.internal.NoJtaPlatform]
2025-01-14 11:26:05.702 [] INFO  - org.springframework.orm.jpa.LocalContainerEntityManagerFactoryBean - Initialized JPA EntityManagerFactory for persistence unit 'default'
2025-01-14 11:26:06.008 [] INFO  - org.springframework.data.jpa.repository.query.QueryEnhancerFactory - Hibernate is in classpath; If applicable, HQL parser will be used.
2025-01-14 11:26:09.338 [] INFO  - org.springframework.boot.actuate.endpoint.web.EndpointLinksResolver - Exposing 1 endpoint(s) beneath base path '/actuator'
2025-01-14 11:26:09.460 [] INFO  - org.springframework.security.web.DefaultSecurityFilterChain - Will secure any request with [org.springframework.security.web.session.DisableEncodeUrlFilter@49cc315d, org.springframework.security.web.context.request.async.WebAsyncManagerIntegrationFilter@5cb92d97, org.springframework.security.web.context.SecurityContextHolderFilter@475b0c89, org.springframework.security.web.header.HeaderWriterFilter@2712d1b5, org.springframework.security.web.authentication.logout.LogoutFilter@7140c2b7, org.ligot.afriyan.config.securities.JwtAuthenticationFilter@6521f71a, org.springframework.security.web.savedrequest.RequestCacheAwareFilter@f4e701c, org.springframework.security.web.servletapi.SecurityContextHolderAwareRequestFilter@73e50d39, org.springframework.security.web.authentication.AnonymousAuthenticationFilter@25680c5e, org.springframework.security.web.session.SessionManagementFilter@68791e25, org.springframework.security.web.access.ExceptionTranslationFilter@e480607, org.springframework.security.web.access.intercept.AuthorizationFilter@53c8c506]
2025-01-14 11:26:10.036 [] INFO  - org.springframework.boot.devtools.autoconfigure.OptionalLiveReloadServer - LiveReload server is running on port 35729
2025-01-14 11:26:10.132 [] INFO  - org.springframework.boot.web.embedded.tomcat.TomcatWebServer - Tomcat started on port(s): 8087 (http) with context path ''
2025-01-14 11:26:10.153 [] INFO  - org.ligot.afriyan.OngafriyanApplication - Started OngafriyanApplication in 11.687 seconds (process running for 12.854)
2025-01-14 11:26:10.732 [] INFO  - org.apache.catalina.core.ContainerBase.[Tomcat].[localhost].[/] - Initializing Spring DispatcherServlet 'dispatcherServlet'
2025-01-14 11:26:10.732 [] INFO  - org.springframework.web.servlet.DispatcherServlet - Initializing Servlet 'dispatcherServlet'
2025-01-14 11:26:10.736 [] INFO  - org.springframework.web.servlet.DispatcherServlet - Completed initialization in 3 ms
2025-01-14 11:28:09.307 [] INFO  - org.springframework.orm.jpa.LocalContainerEntityManagerFactoryBean - Closing JPA EntityManagerFactory for persistence unit 'default'
2025-01-14 11:28:09.312 [] INFO  - com.zaxxer.hikari.HikariDataSource - HikariPool-1 - Shutdown initiated...
2025-01-14 11:28:09.320 [] INFO  - com.zaxxer.hikari.HikariDataSource - HikariPool-1 - Shutdown completed.
2025-01-14 11:28:16.312 [] INFO  - org.ligot.afriyan.OngafriyanApplication - Starting OngafriyanApplication using Java 17.0.1 with PID 2832 (C:\Users\GLC\Documents\Project\Java\Formation\bizz\ongafriyan\target\classes started by GLC in C:\Users\GLC\Documents\Project\Java\Formation\bizz\ongafriyan)
2025-01-14 11:28:16.315 [] INFO  - org.ligot.afriyan.OngafriyanApplication - The following 1 profile is active: "dev"
2025-01-14 11:28:16.402 [] INFO  - org.springframework.boot.devtools.env.DevToolsPropertyDefaultsPostProcessor - Devtools property defaults active! Set 'spring.devtools.add-properties' to 'false' to disable
2025-01-14 11:28:16.402 [] INFO  - org.springframework.boot.devtools.env.DevToolsPropertyDefaultsPostProcessor - For additional web related logging consider setting the 'logging.level.web' property to 'DEBUG'
2025-01-14 11:28:18.222 [] INFO  - org.springframework.data.repository.config.RepositoryConfigurationDelegate - Bootstrapping Spring Data JPA repositories in DEFAULT mode.
2025-01-14 11:28:18.559 [] INFO  - org.springframework.data.repository.config.RepositoryConfigurationDelegate - Finished Spring Data repository scanning in 325 ms. Found 44 JPA repository interfaces.
2025-01-14 11:28:19.362 [] INFO  - org.springframework.boot.web.embedded.tomcat.TomcatWebServer - Tomcat initialized with port(s): 8087 (http)
2025-01-14 11:28:19.372 [] INFO  - org.apache.catalina.core.StandardService - Starting service [Tomcat]
2025-01-14 11:28:19.372 [] INFO  - org.apache.catalina.core.StandardEngine - Starting Servlet engine: [Apache Tomcat/10.1.10]
2025-01-14 11:28:19.447 [] INFO  - org.apache.catalina.core.ContainerBase.[Tomcat].[localhost].[/] - Initializing Spring embedded WebApplicationContext
2025-01-14 11:28:19.447 [] INFO  - org.springframework.boot.web.servlet.context.ServletWebServerApplicationContext - Root WebApplicationContext: initialization completed in 3044 ms
2025-01-14 11:28:19.795 [] INFO  - org.hibernate.jpa.internal.util.LogHelper - HHH000204: Processing PersistenceUnitInfo [name: default]
2025-01-14 11:28:19.864 [] INFO  - org.hibernate.Version - HHH000412: Hibernate ORM core version 6.2.5.Final
2025-01-14 11:28:19.868 [] INFO  - org.hibernate.cfg.Environment - HHH000406: Using bytecode reflection optimizer
2025-01-14 11:28:20.027 [] INFO  - org.hibernate.bytecode.internal.BytecodeProviderInitiator - HHH000021: Bytecode provider name : bytebuddy
2025-01-14 11:28:20.179 [] INFO  - org.springframework.orm.jpa.persistenceunit.SpringPersistenceUnitInfo - No LoadTimeWeaver setup: ignoring JPA class transformer
2025-01-14 11:28:20.197 [] INFO  - com.zaxxer.hikari.HikariDataSource - HikariPool-1 - Starting...
2025-01-14 11:28:20.397 [] INFO  - com.zaxxer.hikari.pool.HikariPool - HikariPool-1 - Added connection org.postgresql.jdbc.PgConnection@1e069b56
2025-01-14 11:28:20.399 [] INFO  - com.zaxxer.hikari.HikariDataSource - HikariPool-1 - Start completed.
2025-01-14 11:28:20.987 [] INFO  - org.hibernate.bytecode.internal.BytecodeProviderInitiator - HHH000021: Bytecode provider name : bytebuddy
2025-01-14 11:28:21.971 [] INFO  - org.hibernate.metamodel.internal.EntityInstantiatorPojoStandard - HHH000182: No default (no-argument) constructor for class: org.ligot.afriyan.entities.UserConnect (class must be instantiated by Interceptor)
2025-01-14 11:28:22.471 [] INFO  - org.hibernate.engine.transaction.jta.platform.internal.JtaPlatformInitiator - HHH000490: Using JtaPlatform implementation: [org.hibernate.engine.transaction.jta.platform.internal.NoJtaPlatform]
2025-01-14 11:28:23.092 [] INFO  - org.springframework.orm.jpa.LocalContainerEntityManagerFactoryBean - Initialized JPA EntityManagerFactory for persistence unit 'default'
2025-01-14 11:28:23.384 [] INFO  - org.springframework.data.jpa.repository.query.QueryEnhancerFactory - Hibernate is in classpath; If applicable, HQL parser will be used.
2025-01-14 11:28:26.325 [] INFO  - org.springframework.boot.actuate.endpoint.web.EndpointLinksResolver - Exposing 1 endpoint(s) beneath base path '/actuator'
2025-01-14 11:28:26.419 [] INFO  - org.springframework.security.web.DefaultSecurityFilterChain - Will secure any request with [org.springframework.security.web.session.DisableEncodeUrlFilter@1d0af286, org.springframework.security.web.context.request.async.WebAsyncManagerIntegrationFilter@4a86e0b, org.springframework.security.web.context.SecurityContextHolderFilter@1ff08451, org.springframework.security.web.header.HeaderWriterFilter@3bbe78c2, org.springframework.security.web.authentication.logout.LogoutFilter@4ef766c1, org.ligot.afriyan.config.securities.JwtAuthenticationFilter@5911f809, org.springframework.security.web.savedrequest.RequestCacheAwareFilter@7e637a9a, org.springframework.security.web.servletapi.SecurityContextHolderAwareRequestFilter@6a4ac86c, org.springframework.security.web.authentication.AnonymousAuthenticationFilter@7197d0ca, org.springframework.security.web.session.SessionManagementFilter@6a2dbb1c, org.springframework.security.web.access.ExceptionTranslationFilter@631e4230, org.springframework.security.web.access.intercept.AuthorizationFilter@429b6408]
2025-01-14 11:28:27.022 [] INFO  - org.springframework.boot.devtools.autoconfigure.OptionalLiveReloadServer - LiveReload server is running on port 35729
2025-01-14 11:28:27.123 [] INFO  - org.springframework.boot.web.embedded.tomcat.TomcatWebServer - Tomcat started on port(s): 8087 (http) with context path ''
2025-01-14 11:28:27.142 [] INFO  - org.ligot.afriyan.OngafriyanApplication - Started OngafriyanApplication in 11.268 seconds (process running for 12.473)
2025-01-14 11:28:27.584 [] INFO  - org.apache.catalina.core.ContainerBase.[Tomcat].[localhost].[/] - Initializing Spring DispatcherServlet 'dispatcherServlet'
2025-01-14 11:28:27.592 [] INFO  - org.springframework.web.servlet.DispatcherServlet - Initializing Servlet 'dispatcherServlet'
2025-01-14 11:28:27.597 [] INFO  - org.springframework.web.servlet.DispatcherServlet - Completed initialization in 4 ms
2025-01-14 11:29:36.826 [] INFO  - org.springframework.orm.jpa.LocalContainerEntityManagerFactoryBean - Closing JPA EntityManagerFactory for persistence unit 'default'
2025-01-14 11:29:36.830 [] INFO  - com.zaxxer.hikari.HikariDataSource - HikariPool-1 - Shutdown initiated...
2025-01-14 11:29:36.840 [] INFO  - com.zaxxer.hikari.HikariDataSource - HikariPool-1 - Shutdown completed.
2025-01-14 11:30:18.755 [] INFO  - org.ligot.afriyan.OngafriyanApplication - Starting OngafriyanApplication using Java 17.0.1 with PID 19480 (C:\Users\GLC\Documents\Project\Java\Formation\bizz\ongafriyan\target\classes started by GLC in C:\Users\GLC\Documents\Project\Java\Formation\bizz\ongafriyan)
2025-01-14 11:30:18.758 [] INFO  - org.ligot.afriyan.OngafriyanApplication - The following 1 profile is active: "dev"
2025-01-14 11:30:18.839 [] INFO  - org.springframework.boot.devtools.env.DevToolsPropertyDefaultsPostProcessor - Devtools property defaults active! Set 'spring.devtools.add-properties' to 'false' to disable
2025-01-14 11:30:18.840 [] INFO  - org.springframework.boot.devtools.env.DevToolsPropertyDefaultsPostProcessor - For additional web related logging consider setting the 'logging.level.web' property to 'DEBUG'
2025-01-14 11:30:20.596 [] INFO  - org.springframework.data.repository.config.RepositoryConfigurationDelegate - Bootstrapping Spring Data JPA repositories in DEFAULT mode.
2025-01-14 11:30:20.940 [] INFO  - org.springframework.data.repository.config.RepositoryConfigurationDelegate - Finished Spring Data repository scanning in 332 ms. Found 44 JPA repository interfaces.
2025-01-14 11:30:21.831 [] INFO  - org.springframework.boot.web.embedded.tomcat.TomcatWebServer - Tomcat initialized with port(s): 8087 (http)
2025-01-14 11:30:21.842 [] INFO  - org.apache.catalina.core.StandardService - Starting service [Tomcat]
2025-01-14 11:30:21.843 [] INFO  - org.apache.catalina.core.StandardEngine - Starting Servlet engine: [Apache Tomcat/10.1.10]
2025-01-14 11:30:21.929 [] INFO  - org.apache.catalina.core.ContainerBase.[Tomcat].[localhost].[/] - Initializing Spring embedded WebApplicationContext
2025-01-14 11:30:21.929 [] INFO  - org.springframework.boot.web.servlet.context.ServletWebServerApplicationContext - Root WebApplicationContext: initialization completed in 3088 ms
2025-01-14 11:30:22.274 [] INFO  - org.hibernate.jpa.internal.util.LogHelper - HHH000204: Processing PersistenceUnitInfo [name: default]
2025-01-14 11:30:22.342 [] INFO  - org.hibernate.Version - HHH000412: Hibernate ORM core version 6.2.5.Final
2025-01-14 11:30:22.345 [] INFO  - org.hibernate.cfg.Environment - HHH000406: Using bytecode reflection optimizer
2025-01-14 11:30:22.522 [] INFO  - org.hibernate.bytecode.internal.BytecodeProviderInitiator - HHH000021: Bytecode provider name : bytebuddy
2025-01-14 11:30:22.673 [] INFO  - org.springframework.orm.jpa.persistenceunit.SpringPersistenceUnitInfo - No LoadTimeWeaver setup: ignoring JPA class transformer
2025-01-14 11:30:22.690 [] INFO  - com.zaxxer.hikari.HikariDataSource - HikariPool-1 - Starting...
2025-01-14 11:30:22.891 [] INFO  - com.zaxxer.hikari.pool.HikariPool - HikariPool-1 - Added connection org.postgresql.jdbc.PgConnection@477fa307
2025-01-14 11:30:22.893 [] INFO  - com.zaxxer.hikari.HikariDataSource - HikariPool-1 - Start completed.
2025-01-14 11:30:23.468 [] INFO  - org.hibernate.bytecode.internal.BytecodeProviderInitiator - HHH000021: Bytecode provider name : bytebuddy
2025-01-14 11:30:24.432 [] INFO  - org.hibernate.metamodel.internal.EntityInstantiatorPojoStandard - HHH000182: No default (no-argument) constructor for class: org.ligot.afriyan.entities.UserConnect (class must be instantiated by Interceptor)
2025-01-14 11:30:24.955 [] INFO  - org.hibernate.engine.transaction.jta.platform.internal.JtaPlatformInitiator - HHH000490: Using JtaPlatform implementation: [org.hibernate.engine.transaction.jta.platform.internal.NoJtaPlatform]
2025-01-14 11:30:25.559 [] INFO  - org.springframework.orm.jpa.LocalContainerEntityManagerFactoryBean - Initialized JPA EntityManagerFactory for persistence unit 'default'
2025-01-14 11:30:25.845 [] INFO  - org.springframework.data.jpa.repository.query.QueryEnhancerFactory - Hibernate is in classpath; If applicable, HQL parser will be used.
2025-01-14 11:30:28.828 [] INFO  - org.springframework.boot.actuate.endpoint.web.EndpointLinksResolver - Exposing 1 endpoint(s) beneath base path '/actuator'
2025-01-14 11:30:28.906 [] INFO  - org.springframework.security.web.DefaultSecurityFilterChain - Will secure any request with [org.springframework.security.web.session.DisableEncodeUrlFilter@30f05925, org.springframework.security.web.context.request.async.WebAsyncManagerIntegrationFilter@7910c519, org.springframework.security.web.context.SecurityContextHolderFilter@79944d17, org.springframework.security.web.header.HeaderWriterFilter@5cb92d97, org.springframework.security.web.authentication.logout.LogoutFilter@14735813, org.ligot.afriyan.config.securities.JwtAuthenticationFilter@5e83fb6a, org.springframework.security.web.savedrequest.RequestCacheAwareFilter@411b1f64, org.springframework.security.web.servletapi.SecurityContextHolderAwareRequestFilter@29ecdc1, org.springframework.security.web.authentication.AnonymousAuthenticationFilter@44a894d3, org.springframework.security.web.session.SessionManagementFilter@59632b0e, org.springframework.security.web.access.ExceptionTranslationFilter@c867165, org.springframework.security.web.access.intercept.AuthorizationFilter@6475ab81]
2025-01-14 11:30:29.489 [] INFO  - org.springframework.boot.devtools.autoconfigure.OptionalLiveReloadServer - LiveReload server is running on port 35729
2025-01-14 11:30:29.582 [] INFO  - org.springframework.boot.web.embedded.tomcat.TomcatWebServer - Tomcat started on port(s): 8087 (http) with context path ''
2025-01-14 11:30:29.603 [] INFO  - org.ligot.afriyan.OngafriyanApplication - Started OngafriyanApplication in 11.28 seconds (process running for 12.43)
2025-01-14 11:30:30.112 [] INFO  - org.apache.catalina.core.ContainerBase.[Tomcat].[localhost].[/] - Initializing Spring DispatcherServlet 'dispatcherServlet'
2025-01-14 11:30:30.112 [] INFO  - org.springframework.web.servlet.DispatcherServlet - Initializing Servlet 'dispatcherServlet'
2025-01-14 11:30:30.115 [] INFO  - org.springframework.web.servlet.DispatcherServlet - Completed initialization in 2 ms
2025-01-14 11:33:23.652 [] INFO  - org.springframework.orm.jpa.LocalContainerEntityManagerFactoryBean - Closing JPA EntityManagerFactory for persistence unit 'default'
2025-01-14 11:33:23.657 [] INFO  - com.zaxxer.hikari.HikariDataSource - HikariPool-1 - Shutdown initiated...
2025-01-14 11:33:23.666 [] INFO  - com.zaxxer.hikari.HikariDataSource - HikariPool-1 - Shutdown completed.
2025-01-14 11:33:29.220 [] INFO  - org.ligot.afriyan.OngafriyanApplication - Starting OngafriyanApplication using Java 17.0.1 with PID 22276 (C:\Users\GLC\Documents\Project\Java\Formation\bizz\ongafriyan\target\classes started by GLC in C:\Users\GLC\Documents\Project\Java\Formation\bizz\ongafriyan)
2025-01-14 11:33:29.223 [] INFO  - org.ligot.afriyan.OngafriyanApplication - The following 1 profile is active: "dev"
2025-01-14 11:33:29.300 [] INFO  - org.springframework.boot.devtools.env.DevToolsPropertyDefaultsPostProcessor - Devtools property defaults active! Set 'spring.devtools.add-properties' to 'false' to disable
2025-01-14 11:33:29.301 [] INFO  - org.springframework.boot.devtools.env.DevToolsPropertyDefaultsPostProcessor - For additional web related logging consider setting the 'logging.level.web' property to 'DEBUG'
2025-01-14 11:33:31.144 [] INFO  - org.springframework.data.repository.config.RepositoryConfigurationDelegate - Bootstrapping Spring Data JPA repositories in DEFAULT mode.
2025-01-14 11:33:31.488 [] INFO  - org.springframework.data.repository.config.RepositoryConfigurationDelegate - Finished Spring Data repository scanning in 332 ms. Found 44 JPA repository interfaces.
2025-01-14 11:33:32.309 [] INFO  - org.springframework.boot.web.embedded.tomcat.TomcatWebServer - Tomcat initialized with port(s): 8087 (http)
2025-01-14 11:33:32.319 [] INFO  - org.apache.catalina.core.StandardService - Starting service [Tomcat]
2025-01-14 11:33:32.319 [] INFO  - org.apache.catalina.core.StandardEngine - Starting Servlet engine: [Apache Tomcat/10.1.10]
2025-01-14 11:33:32.395 [] INFO  - org.apache.catalina.core.ContainerBase.[Tomcat].[localhost].[/] - Initializing Spring embedded WebApplicationContext
2025-01-14 11:33:32.395 [] INFO  - org.springframework.boot.web.servlet.context.ServletWebServerApplicationContext - Root WebApplicationContext: initialization completed in 3093 ms
2025-01-14 11:33:32.759 [] INFO  - org.hibernate.jpa.internal.util.LogHelper - HHH000204: Processing PersistenceUnitInfo [name: default]
2025-01-14 11:33:32.821 [] INFO  - org.hibernate.Version - HHH000412: Hibernate ORM core version 6.2.5.Final
2025-01-14 11:33:32.824 [] INFO  - org.hibernate.cfg.Environment - HHH000406: Using bytecode reflection optimizer
2025-01-14 11:33:33.001 [] INFO  - org.hibernate.bytecode.internal.BytecodeProviderInitiator - HHH000021: Bytecode provider name : bytebuddy
2025-01-14 11:33:33.166 [] INFO  - org.springframework.orm.jpa.persistenceunit.SpringPersistenceUnitInfo - No LoadTimeWeaver setup: ignoring JPA class transformer
2025-01-14 11:33:33.184 [] INFO  - com.zaxxer.hikari.HikariDataSource - HikariPool-1 - Starting...
2025-01-14 11:33:33.383 [] INFO  - com.zaxxer.hikari.pool.HikariPool - HikariPool-1 - Added connection org.postgresql.jdbc.PgConnection@9abaef2
2025-01-14 11:33:33.385 [] INFO  - com.zaxxer.hikari.HikariDataSource - HikariPool-1 - Start completed.
2025-01-14 11:33:33.983 [] INFO  - org.hibernate.bytecode.internal.BytecodeProviderInitiator - HHH000021: Bytecode provider name : bytebuddy
2025-01-14 11:33:35.040 [] INFO  - org.hibernate.metamodel.internal.EntityInstantiatorPojoStandard - HHH000182: No default (no-argument) constructor for class: org.ligot.afriyan.entities.UserConnect (class must be instantiated by Interceptor)
2025-01-14 11:33:35.550 [] INFO  - org.hibernate.engine.transaction.jta.platform.internal.JtaPlatformInitiator - HHH000490: Using JtaPlatform implementation: [org.hibernate.engine.transaction.jta.platform.internal.NoJtaPlatform]
2025-01-14 11:33:36.179 [] INFO  - org.springframework.orm.jpa.LocalContainerEntityManagerFactoryBean - Initialized JPA EntityManagerFactory for persistence unit 'default'
2025-01-14 11:33:36.487 [] INFO  - org.springframework.data.jpa.repository.query.QueryEnhancerFactory - Hibernate is in classpath; If applicable, HQL parser will be used.
2025-01-14 11:33:39.506 [] INFO  - org.springframework.boot.actuate.endpoint.web.EndpointLinksResolver - Exposing 1 endpoint(s) beneath base path '/actuator'
2025-01-14 11:33:39.584 [] INFO  - org.springframework.security.web.DefaultSecurityFilterChain - Will secure any request with [org.springframework.security.web.session.DisableEncodeUrlFilter@591cebc5, org.springframework.security.web.context.request.async.WebAsyncManagerIntegrationFilter@5753b3d7, org.springframework.security.web.context.SecurityContextHolderFilter@4c6904ef, org.springframework.security.web.header.HeaderWriterFilter@bd815c2, org.springframework.security.web.authentication.logout.LogoutFilter@c5189ed, org.ligot.afriyan.config.securities.JwtAuthenticationFilter@3f56f967, org.springframework.security.web.savedrequest.RequestCacheAwareFilter@5b411013, org.springframework.security.web.servletapi.SecurityContextHolderAwareRequestFilter@db7ff94, org.springframework.security.web.authentication.AnonymousAuthenticationFilter@16ba58b5, org.springframework.security.web.session.SessionManagementFilter@7384e494, org.springframework.security.web.access.ExceptionTranslationFilter@1f788e73, org.springframework.security.web.access.intercept.AuthorizationFilter@2a948aa3]
2025-01-14 11:33:40.156 [] INFO  - org.springframework.boot.devtools.autoconfigure.OptionalLiveReloadServer - LiveReload server is running on port 35729
2025-01-14 11:33:40.268 [] INFO  - org.springframework.boot.web.embedded.tomcat.TomcatWebServer - Tomcat started on port(s): 8087 (http) with context path ''
2025-01-14 11:33:40.286 [] INFO  - org.ligot.afriyan.OngafriyanApplication - Started OngafriyanApplication in 11.52 seconds (process running for 12.718)
2025-01-14 11:33:40.591 [] INFO  - org.apache.catalina.core.ContainerBase.[Tomcat].[localhost].[/] - Initializing Spring DispatcherServlet 'dispatcherServlet'
2025-01-14 11:33:40.592 [] INFO  - org.springframework.web.servlet.DispatcherServlet - Initializing Servlet 'dispatcherServlet'
2025-01-14 11:33:40.595 [] INFO  - org.springframework.web.servlet.DispatcherServlet - Completed initialization in 3 ms
2025-01-14 11:35:00.791 [] INFO  - org.springframework.orm.jpa.LocalContainerEntityManagerFactoryBean - Closing JPA EntityManagerFactory for persistence unit 'default'
2025-01-14 11:35:00.795 [] INFO  - com.zaxxer.hikari.HikariDataSource - HikariPool-1 - Shutdown initiated...
2025-01-14 11:35:00.807 [] INFO  - com.zaxxer.hikari.HikariDataSource - HikariPool-1 - Shutdown completed.
2025-01-14 11:35:06.594 [] INFO  - org.ligot.afriyan.OngafriyanApplication - Starting OngafriyanApplication using Java 17.0.1 with PID 15644 (C:\Users\GLC\Documents\Project\Java\Formation\bizz\ongafriyan\target\classes started by GLC in C:\Users\GLC\Documents\Project\Java\Formation\bizz\ongafriyan)
2025-01-14 11:35:06.597 [] INFO  - org.ligot.afriyan.OngafriyanApplication - The following 1 profile is active: "dev"
2025-01-14 11:35:06.687 [] INFO  - org.springframework.boot.devtools.env.DevToolsPropertyDefaultsPostProcessor - Devtools property defaults active! Set 'spring.devtools.add-properties' to 'false' to disable
2025-01-14 11:35:06.687 [] INFO  - org.springframework.boot.devtools.env.DevToolsPropertyDefaultsPostProcessor - For additional web related logging consider setting the 'logging.level.web' property to 'DEBUG'
2025-01-14 11:35:08.441 [] INFO  - org.springframework.data.repository.config.RepositoryConfigurationDelegate - Bootstrapping Spring Data JPA repositories in DEFAULT mode.
2025-01-14 11:35:08.795 [] INFO  - org.springframework.data.repository.config.RepositoryConfigurationDelegate - Finished Spring Data repository scanning in 343 ms. Found 44 JPA repository interfaces.
2025-01-14 11:35:09.574 [] INFO  - org.springframework.boot.web.embedded.tomcat.TomcatWebServer - Tomcat initialized with port(s): 8087 (http)
2025-01-14 11:35:09.583 [] INFO  - org.apache.catalina.core.StandardService - Starting service [Tomcat]
2025-01-14 11:35:09.584 [] INFO  - org.apache.catalina.core.StandardEngine - Starting Servlet engine: [Apache Tomcat/10.1.10]
2025-01-14 11:35:09.667 [] INFO  - org.apache.catalina.core.ContainerBase.[Tomcat].[localhost].[/] - Initializing Spring embedded WebApplicationContext
2025-01-14 11:35:09.668 [] INFO  - org.springframework.boot.web.servlet.context.ServletWebServerApplicationContext - Root WebApplicationContext: initialization completed in 2980 ms
2025-01-14 11:35:10.029 [] INFO  - org.hibernate.jpa.internal.util.LogHelper - HHH000204: Processing PersistenceUnitInfo [name: default]
2025-01-14 11:35:10.096 [] INFO  - org.hibernate.Version - HHH000412: Hibernate ORM core version 6.2.5.Final
2025-01-14 11:35:10.099 [] INFO  - org.hibernate.cfg.Environment - HHH000406: Using bytecode reflection optimizer
2025-01-14 11:35:10.262 [] INFO  - org.hibernate.bytecode.internal.BytecodeProviderInitiator - HHH000021: Bytecode provider name : bytebuddy
2025-01-14 11:35:10.411 [] INFO  - org.springframework.orm.jpa.persistenceunit.SpringPersistenceUnitInfo - No LoadTimeWeaver setup: ignoring JPA class transformer
2025-01-14 11:35:10.430 [] INFO  - com.zaxxer.hikari.HikariDataSource - HikariPool-1 - Starting...
2025-01-14 11:35:10.637 [] INFO  - com.zaxxer.hikari.pool.HikariPool - HikariPool-1 - Added connection org.postgresql.jdbc.PgConnection@729e793c
2025-01-14 11:35:10.640 [] INFO  - com.zaxxer.hikari.HikariDataSource - HikariPool-1 - Start completed.
2025-01-14 11:35:11.248 [] INFO  - org.hibernate.bytecode.internal.BytecodeProviderInitiator - HHH000021: Bytecode provider name : bytebuddy
2025-01-14 11:35:12.212 [] INFO  - org.hibernate.metamodel.internal.EntityInstantiatorPojoStandard - HHH000182: No default (no-argument) constructor for class: org.ligot.afriyan.entities.UserConnect (class must be instantiated by Interceptor)
2025-01-14 11:35:12.709 [] INFO  - org.hibernate.engine.transaction.jta.platform.internal.JtaPlatformInitiator - HHH000490: Using JtaPlatform implementation: [org.hibernate.engine.transaction.jta.platform.internal.NoJtaPlatform]
2025-01-14 11:35:13.326 [] INFO  - org.springframework.orm.jpa.LocalContainerEntityManagerFactoryBean - Initialized JPA EntityManagerFactory for persistence unit 'default'
2025-01-14 11:35:13.624 [] INFO  - org.springframework.data.jpa.repository.query.QueryEnhancerFactory - Hibernate is in classpath; If applicable, HQL parser will be used.
2025-01-14 11:35:16.576 [] INFO  - org.springframework.boot.actuate.endpoint.web.EndpointLinksResolver - Exposing 1 endpoint(s) beneath base path '/actuator'
2025-01-14 11:35:16.659 [] INFO  - org.springframework.security.web.DefaultSecurityFilterChain - Will secure any request with [org.springframework.security.web.session.DisableEncodeUrlFilter@719ba2b5, org.springframework.security.web.context.request.async.WebAsyncManagerIntegrationFilter@701f007d, org.springframework.security.web.context.SecurityContextHolderFilter@240f8cfa, org.springframework.security.web.header.HeaderWriterFilter@2edcbee3, org.springframework.security.web.authentication.logout.LogoutFilter@76bc402a, org.ligot.afriyan.config.securities.JwtAuthenticationFilter@2f95ce38, org.springframework.security.web.savedrequest.RequestCacheAwareFilter@2f91e31f, org.springframework.security.web.servletapi.SecurityContextHolderAwareRequestFilter@27f9fb72, org.springframework.security.web.authentication.AnonymousAuthenticationFilter@377d66f5, org.springframework.security.web.session.SessionManagementFilter@f195f07, org.springframework.security.web.access.ExceptionTranslationFilter@41a30e26, org.springframework.security.web.access.intercept.AuthorizationFilter@5c4bb9d2]
2025-01-14 11:35:17.255 [] INFO  - org.springframework.boot.devtools.autoconfigure.OptionalLiveReloadServer - LiveReload server is running on port 35729
2025-01-14 11:35:17.352 [] INFO  - org.springframework.boot.web.embedded.tomcat.TomcatWebServer - Tomcat started on port(s): 8087 (http) with context path ''
2025-01-14 11:35:17.371 [] INFO  - org.ligot.afriyan.OngafriyanApplication - Started OngafriyanApplication in 11.212 seconds (process running for 12.372)
2025-01-14 11:35:17.908 [] INFO  - org.apache.catalina.core.ContainerBase.[Tomcat].[localhost].[/] - Initializing Spring DispatcherServlet 'dispatcherServlet'
2025-01-14 11:35:17.909 [] INFO  - org.springframework.web.servlet.DispatcherServlet - Initializing Servlet 'dispatcherServlet'
2025-01-14 11:35:17.912 [] INFO  - org.springframework.web.servlet.DispatcherServlet - Completed initialization in 2 ms
2025-01-14 11:38:56.524 [] INFO  - org.springframework.orm.jpa.LocalContainerEntityManagerFactoryBean - Closing JPA EntityManagerFactory for persistence unit 'default'
2025-01-14 11:38:56.528 [] INFO  - com.zaxxer.hikari.HikariDataSource - HikariPool-1 - Shutdown initiated...
2025-01-14 11:38:56.536 [] INFO  - com.zaxxer.hikari.HikariDataSource - HikariPool-1 - Shutdown completed.
2025-01-14 11:39:12.215 [] INFO  - org.ligot.afriyan.OngafriyanApplication - Starting OngafriyanApplication using Java 17.0.1 with PID 22408 (C:\Users\GLC\Documents\Project\Java\Formation\bizz\ongafriyan\target\classes started by GLC in C:\Users\GLC\Documents\Project\Java\Formation\bizz\ongafriyan)
2025-01-14 11:39:12.218 [] INFO  - org.ligot.afriyan.OngafriyanApplication - The following 1 profile is active: "dev"
2025-01-14 11:39:12.300 [] INFO  - org.springframework.boot.devtools.env.DevToolsPropertyDefaultsPostProcessor - Devtools property defaults active! Set 'spring.devtools.add-properties' to 'false' to disable
2025-01-14 11:39:12.300 [] INFO  - org.springframework.boot.devtools.env.DevToolsPropertyDefaultsPostProcessor - For additional web related logging consider setting the 'logging.level.web' property to 'DEBUG'
2025-01-14 11:39:14.275 [] INFO  - org.springframework.data.repository.config.RepositoryConfigurationDelegate - Bootstrapping Spring Data JPA repositories in DEFAULT mode.
2025-01-14 11:39:14.657 [] INFO  - org.springframework.data.repository.config.RepositoryConfigurationDelegate - Finished Spring Data repository scanning in 370 ms. Found 44 JPA repository interfaces.
2025-01-14 11:39:15.431 [] INFO  - org.springframework.boot.web.embedded.tomcat.TomcatWebServer - Tomcat initialized with port(s): 8087 (http)
2025-01-14 11:39:15.441 [] INFO  - org.apache.catalina.core.StandardService - Starting service [Tomcat]
2025-01-14 11:39:15.442 [] INFO  - org.apache.catalina.core.StandardEngine - Starting Servlet engine: [Apache Tomcat/10.1.10]
2025-01-14 11:39:15.531 [] INFO  - org.apache.catalina.core.ContainerBase.[Tomcat].[localhost].[/] - Initializing Spring embedded WebApplicationContext
2025-01-14 11:39:15.531 [] INFO  - org.springframework.boot.web.servlet.context.ServletWebServerApplicationContext - Root WebApplicationContext: initialization completed in 3230 ms
2025-01-14 11:39:15.878 [] INFO  - org.hibernate.jpa.internal.util.LogHelper - HHH000204: Processing PersistenceUnitInfo [name: default]
2025-01-14 11:39:15.948 [] INFO  - org.hibernate.Version - HHH000412: Hibernate ORM core version 6.2.5.Final
2025-01-14 11:39:15.951 [] INFO  - org.hibernate.cfg.Environment - HHH000406: Using bytecode reflection optimizer
2025-01-14 11:39:16.121 [] INFO  - org.hibernate.bytecode.internal.BytecodeProviderInitiator - HHH000021: Bytecode provider name : bytebuddy
2025-01-14 11:39:16.271 [] INFO  - org.springframework.orm.jpa.persistenceunit.SpringPersistenceUnitInfo - No LoadTimeWeaver setup: ignoring JPA class transformer
2025-01-14 11:39:16.290 [] INFO  - com.zaxxer.hikari.HikariDataSource - HikariPool-1 - Starting...
2025-01-14 11:39:16.494 [] INFO  - com.zaxxer.hikari.pool.HikariPool - HikariPool-1 - Added connection org.postgresql.jdbc.PgConnection@4110b604
2025-01-14 11:39:16.496 [] INFO  - com.zaxxer.hikari.HikariDataSource - HikariPool-1 - Start completed.
2025-01-14 11:39:17.102 [] INFO  - org.hibernate.bytecode.internal.BytecodeProviderInitiator - HHH000021: Bytecode provider name : bytebuddy
2025-01-14 11:39:18.124 [] INFO  - org.hibernate.metamodel.internal.EntityInstantiatorPojoStandard - HHH000182: No default (no-argument) constructor for class: org.ligot.afriyan.entities.UserConnect (class must be instantiated by Interceptor)
2025-01-14 11:39:18.596 [] INFO  - org.hibernate.engine.transaction.jta.platform.internal.JtaPlatformInitiator - HHH000490: Using JtaPlatform implementation: [org.hibernate.engine.transaction.jta.platform.internal.NoJtaPlatform]
2025-01-14 11:39:19.222 [] INFO  - org.springframework.orm.jpa.LocalContainerEntityManagerFactoryBean - Initialized JPA EntityManagerFactory for persistence unit 'default'
2025-01-14 11:39:19.519 [] INFO  - org.springframework.data.jpa.repository.query.QueryEnhancerFactory - Hibernate is in classpath; If applicable, HQL parser will be used.
2025-01-14 11:39:22.454 [] INFO  - org.springframework.boot.actuate.endpoint.web.EndpointLinksResolver - Exposing 1 endpoint(s) beneath base path '/actuator'
2025-01-14 11:39:22.533 [] INFO  - org.springframework.security.web.DefaultSecurityFilterChain - Will secure any request with [org.springframework.security.web.session.DisableEncodeUrlFilter@294c4320, org.springframework.security.web.context.request.async.WebAsyncManagerIntegrationFilter@7d7c9ad5, org.springframework.security.web.context.SecurityContextHolderFilter@742641bc, org.springframework.security.web.header.HeaderWriterFilter@4bfc388c, org.springframework.security.web.authentication.logout.LogoutFilter@43550c6e, org.ligot.afriyan.config.securities.JwtAuthenticationFilter@6d9934a8, org.springframework.security.web.savedrequest.RequestCacheAwareFilter@149add90, org.springframework.security.web.servletapi.SecurityContextHolderAwareRequestFilter@536356ff, org.springframework.security.web.authentication.AnonymousAuthenticationFilter@70071503, org.springframework.security.web.session.SessionManagementFilter@3030add4, org.springframework.security.web.access.ExceptionTranslationFilter@759db9f2, org.springframework.security.web.access.intercept.AuthorizationFilter@68a79864]
2025-01-14 11:39:23.182 [] INFO  - org.springframework.boot.devtools.autoconfigure.OptionalLiveReloadServer - LiveReload server is running on port 35729
2025-01-14 11:39:23.278 [] INFO  - org.springframework.boot.web.embedded.tomcat.TomcatWebServer - Tomcat started on port(s): 8087 (http) with context path ''
2025-01-14 11:39:23.297 [] INFO  - org.ligot.afriyan.OngafriyanApplication - Started OngafriyanApplication in 11.539 seconds (process running for 12.664)
2025-01-14 11:39:23.587 [] INFO  - org.apache.catalina.core.ContainerBase.[Tomcat].[localhost].[/] - Initializing Spring DispatcherServlet 'dispatcherServlet'
2025-01-14 11:39:23.588 [] INFO  - org.springframework.web.servlet.DispatcherServlet - Initializing Servlet 'dispatcherServlet'
2025-01-14 11:39:23.590 [] INFO  - org.springframework.web.servlet.DispatcherServlet - Completed initialization in 2 ms
2025-01-14 11:41:41.029 [] INFO  - org.springframework.orm.jpa.LocalContainerEntityManagerFactoryBean - Closing JPA EntityManagerFactory for persistence unit 'default'
2025-01-14 11:41:41.032 [] INFO  - com.zaxxer.hikari.HikariDataSource - HikariPool-1 - Shutdown initiated...
2025-01-14 11:41:41.040 [] INFO  - com.zaxxer.hikari.HikariDataSource - HikariPool-1 - Shutdown completed.
2025-01-14 11:41:50.518 [] INFO  - org.ligot.afriyan.OngafriyanApplication - Starting OngafriyanApplication using Java 17.0.1 with PID 10280 (C:\Users\GLC\Documents\Project\Java\Formation\bizz\ongafriyan\target\classes started by GLC in C:\Users\GLC\Documents\Project\Java\Formation\bizz\ongafriyan)
2025-01-14 11:41:50.521 [] INFO  - org.ligot.afriyan.OngafriyanApplication - The following 1 profile is active: "dev"
2025-01-14 11:41:50.600 [] INFO  - org.springframework.boot.devtools.env.DevToolsPropertyDefaultsPostProcessor - Devtools property defaults active! Set 'spring.devtools.add-properties' to 'false' to disable
2025-01-14 11:41:50.600 [] INFO  - org.springframework.boot.devtools.env.DevToolsPropertyDefaultsPostProcessor - For additional web related logging consider setting the 'logging.level.web' property to 'DEBUG'
2025-01-14 11:41:52.402 [] INFO  - org.springframework.data.repository.config.RepositoryConfigurationDelegate - Bootstrapping Spring Data JPA repositories in DEFAULT mode.
2025-01-14 11:41:52.765 [] INFO  - org.springframework.data.repository.config.RepositoryConfigurationDelegate - Finished Spring Data repository scanning in 351 ms. Found 44 JPA repository interfaces.
2025-01-14 11:41:53.588 [] INFO  - org.springframework.boot.web.embedded.tomcat.TomcatWebServer - Tomcat initialized with port(s): 8087 (http)
2025-01-14 11:41:53.598 [] INFO  - org.apache.catalina.core.StandardService - Starting service [Tomcat]
2025-01-14 11:41:53.598 [] INFO  - org.apache.catalina.core.StandardEngine - Starting Servlet engine: [Apache Tomcat/10.1.10]
2025-01-14 11:41:53.727 [] INFO  - org.apache.catalina.core.ContainerBase.[Tomcat].[localhost].[/] - Initializing Spring embedded WebApplicationContext
2025-01-14 11:41:53.728 [] INFO  - org.springframework.boot.web.servlet.context.ServletWebServerApplicationContext - Root WebApplicationContext: initialization completed in 3127 ms
2025-01-14 11:41:54.067 [] INFO  - org.hibernate.jpa.internal.util.LogHelper - HHH000204: Processing PersistenceUnitInfo [name: default]
2025-01-14 11:41:54.130 [] INFO  - org.hibernate.Version - HHH000412: Hibernate ORM core version 6.2.5.Final
2025-01-14 11:41:54.133 [] INFO  - org.hibernate.cfg.Environment - HHH000406: Using bytecode reflection optimizer
2025-01-14 11:41:54.300 [] INFO  - org.hibernate.bytecode.internal.BytecodeProviderInitiator - HHH000021: Bytecode provider name : bytebuddy
2025-01-14 11:41:54.449 [] INFO  - org.springframework.orm.jpa.persistenceunit.SpringPersistenceUnitInfo - No LoadTimeWeaver setup: ignoring JPA class transformer
2025-01-14 11:41:54.469 [] INFO  - com.zaxxer.hikari.HikariDataSource - HikariPool-1 - Starting...
2025-01-14 11:41:54.691 [] INFO  - com.zaxxer.hikari.pool.HikariPool - HikariPool-1 - Added connection org.postgresql.jdbc.PgConnection@1e069b56
2025-01-14 11:41:54.693 [] INFO  - com.zaxxer.hikari.HikariDataSource - HikariPool-1 - Start completed.
2025-01-14 11:41:55.266 [] INFO  - org.hibernate.bytecode.internal.BytecodeProviderInitiator - HHH000021: Bytecode provider name : bytebuddy
2025-01-14 11:41:56.224 [] INFO  - org.hibernate.metamodel.internal.EntityInstantiatorPojoStandard - HHH000182: No default (no-argument) constructor for class: org.ligot.afriyan.entities.UserConnect (class must be instantiated by Interceptor)
2025-01-14 11:41:56.722 [] INFO  - org.hibernate.engine.transaction.jta.platform.internal.JtaPlatformInitiator - HHH000490: Using JtaPlatform implementation: [org.hibernate.engine.transaction.jta.platform.internal.NoJtaPlatform]
2025-01-14 11:41:57.337 [] INFO  - org.springframework.orm.jpa.LocalContainerEntityManagerFactoryBean - Initialized JPA EntityManagerFactory for persistence unit 'default'
2025-01-14 11:41:57.636 [] INFO  - org.springframework.data.jpa.repository.query.QueryEnhancerFactory - Hibernate is in classpath; If applicable, HQL parser will be used.
2025-01-14 11:42:00.600 [] INFO  - org.springframework.boot.actuate.endpoint.web.EndpointLinksResolver - Exposing 1 endpoint(s) beneath base path '/actuator'
2025-01-14 11:42:00.697 [] INFO  - org.springframework.security.web.DefaultSecurityFilterChain - Will secure any request with [org.springframework.security.web.session.DisableEncodeUrlFilter@1e4f91bd, org.springframework.security.web.context.request.async.WebAsyncManagerIntegrationFilter@1d0af286, org.springframework.security.web.context.SecurityContextHolderFilter@76bc402a, org.springframework.security.web.header.HeaderWriterFilter@65430dce, org.springframework.security.web.authentication.logout.LogoutFilter@78538671, org.ligot.afriyan.config.securities.JwtAuthenticationFilter@5911f809, org.springframework.security.web.savedrequest.RequestCacheAwareFilter@188229e8, org.springframework.security.web.servletapi.SecurityContextHolderAwareRequestFilter@7e637a9a, org.springframework.security.web.authentication.AnonymousAuthenticationFilter@4a86e0b, org.springframework.security.web.session.SessionManagementFilter@169ff743, org.springframework.security.web.access.ExceptionTranslationFilter@237398ba, org.springframework.security.web.access.intercept.AuthorizationFilter@27749644]
2025-01-14 11:42:01.280 [] INFO  - org.springframework.boot.devtools.autoconfigure.OptionalLiveReloadServer - LiveReload server is running on port 35729
2025-01-14 11:42:01.373 [] INFO  - org.springframework.boot.web.embedded.tomcat.TomcatWebServer - Tomcat started on port(s): 8087 (http) with context path ''
2025-01-14 11:42:01.392 [] INFO  - org.ligot.afriyan.OngafriyanApplication - Started OngafriyanApplication in 11.339 seconds (process running for 12.538)
2025-01-14 11:42:01.783 [] INFO  - org.apache.catalina.core.ContainerBase.[Tomcat].[localhost].[/] - Initializing Spring DispatcherServlet 'dispatcherServlet'
2025-01-14 11:42:01.783 [] INFO  - org.springframework.web.servlet.DispatcherServlet - Initializing Servlet 'dispatcherServlet'
2025-01-14 11:42:01.786 [] INFO  - org.springframework.web.servlet.DispatcherServlet - Completed initialization in 2 ms
2025-01-14 11:43:07.264 [] INFO  - org.springframework.orm.jpa.LocalContainerEntityManagerFactoryBean - Closing JPA EntityManagerFactory for persistence unit 'default'
2025-01-14 11:43:07.268 [] INFO  - com.zaxxer.hikari.HikariDataSource - HikariPool-1 - Shutdown initiated...
2025-01-14 11:43:07.276 [] INFO  - com.zaxxer.hikari.HikariDataSource - HikariPool-1 - Shutdown completed.
2025-01-14 11:43:16.346 [] INFO  - org.ligot.afriyan.OngafriyanApplication - Starting OngafriyanApplication using Java 17.0.1 with PID 21300 (C:\Users\GLC\Documents\Project\Java\Formation\bizz\ongafriyan\target\classes started by GLC in C:\Users\GLC\Documents\Project\Java\Formation\bizz\ongafriyan)
2025-01-14 11:43:16.348 [] INFO  - org.ligot.afriyan.OngafriyanApplication - The following 1 profile is active: "dev"
2025-01-14 11:43:16.435 [] INFO  - org.springframework.boot.devtools.env.DevToolsPropertyDefaultsPostProcessor - Devtools property defaults active! Set 'spring.devtools.add-properties' to 'false' to disable
2025-01-14 11:43:16.435 [] INFO  - org.springframework.boot.devtools.env.DevToolsPropertyDefaultsPostProcessor - For additional web related logging consider setting the 'logging.level.web' property to 'DEBUG'
2025-01-14 11:43:18.211 [] INFO  - org.springframework.data.repository.config.RepositoryConfigurationDelegate - Bootstrapping Spring Data JPA repositories in DEFAULT mode.
2025-01-14 11:43:18.574 [] INFO  - org.springframework.data.repository.config.RepositoryConfigurationDelegate - Finished Spring Data repository scanning in 349 ms. Found 44 JPA repository interfaces.
2025-01-14 11:43:19.360 [] INFO  - org.springframework.boot.web.embedded.tomcat.TomcatWebServer - Tomcat initialized with port(s): 8087 (http)
2025-01-14 11:43:19.371 [] INFO  - org.apache.catalina.core.StandardService - Starting service [Tomcat]
2025-01-14 11:43:19.371 [] INFO  - org.apache.catalina.core.StandardEngine - Starting Servlet engine: [Apache Tomcat/10.1.10]
2025-01-14 11:43:19.454 [] INFO  - org.apache.catalina.core.ContainerBase.[Tomcat].[localhost].[/] - Initializing Spring embedded WebApplicationContext
2025-01-14 11:43:19.454 [] INFO  - org.springframework.boot.web.servlet.context.ServletWebServerApplicationContext - Root WebApplicationContext: initialization completed in 3019 ms
2025-01-14 11:43:19.796 [] INFO  - org.hibernate.jpa.internal.util.LogHelper - HHH000204: Processing PersistenceUnitInfo [name: default]
2025-01-14 11:43:19.865 [] INFO  - org.hibernate.Version - HHH000412: Hibernate ORM core version 6.2.5.Final
2025-01-14 11:43:19.868 [] INFO  - org.hibernate.cfg.Environment - HHH000406: Using bytecode reflection optimizer
2025-01-14 11:43:20.039 [] INFO  - org.hibernate.bytecode.internal.BytecodeProviderInitiator - HHH000021: Bytecode provider name : bytebuddy
2025-01-14 11:43:20.183 [] INFO  - org.springframework.orm.jpa.persistenceunit.SpringPersistenceUnitInfo - No LoadTimeWeaver setup: ignoring JPA class transformer
2025-01-14 11:43:20.201 [] INFO  - com.zaxxer.hikari.HikariDataSource - HikariPool-1 - Starting...
2025-01-14 11:43:20.415 [] INFO  - com.zaxxer.hikari.pool.HikariPool - HikariPool-1 - Added connection org.postgresql.jdbc.PgConnection@6e711fee
2025-01-14 11:43:20.417 [] INFO  - com.zaxxer.hikari.HikariDataSource - HikariPool-1 - Start completed.
2025-01-14 11:43:21.069 [] INFO  - org.hibernate.bytecode.internal.BytecodeProviderInitiator - HHH000021: Bytecode provider name : bytebuddy
2025-01-14 11:43:22.033 [] INFO  - org.hibernate.metamodel.internal.EntityInstantiatorPojoStandard - HHH000182: No default (no-argument) constructor for class: org.ligot.afriyan.entities.UserConnect (class must be instantiated by Interceptor)
2025-01-14 11:43:22.543 [] INFO  - org.hibernate.engine.transaction.jta.platform.internal.JtaPlatformInitiator - HHH000490: Using JtaPlatform implementation: [org.hibernate.engine.transaction.jta.platform.internal.NoJtaPlatform]
2025-01-14 11:43:23.168 [] INFO  - org.springframework.orm.jpa.LocalContainerEntityManagerFactoryBean - Initialized JPA EntityManagerFactory for persistence unit 'default'
2025-01-14 11:43:23.470 [] INFO  - org.springframework.data.jpa.repository.query.QueryEnhancerFactory - Hibernate is in classpath; If applicable, HQL parser will be used.
2025-01-14 11:43:26.499 [] INFO  - org.springframework.boot.actuate.endpoint.web.EndpointLinksResolver - Exposing 1 endpoint(s) beneath base path '/actuator'
2025-01-14 11:43:26.588 [] INFO  - org.springframework.security.web.DefaultSecurityFilterChain - Will secure any request with [org.springframework.security.web.session.DisableEncodeUrlFilter@411b1f64, org.springframework.security.web.context.request.async.WebAsyncManagerIntegrationFilter@29ecdc1, org.springframework.security.web.context.SecurityContextHolderFilter@d1d3fb2, org.springframework.security.web.header.HeaderWriterFilter@73e50d39, org.springframework.security.web.authentication.logout.LogoutFilter@25680c5e, org.ligot.afriyan.config.securities.JwtAuthenticationFilter@53305999, org.springframework.security.web.savedrequest.RequestCacheAwareFilter@1c2a1d41, org.springframework.security.web.servletapi.SecurityContextHolderAwareRequestFilter@5c4bb9d2, org.springframework.security.web.authentication.AnonymousAuthenticationFilter@59b9d470, org.springframework.security.web.session.SessionManagementFilter@1d15b3e1, org.springframework.security.web.access.ExceptionTranslationFilter@6773ba71, org.springframework.security.web.access.intercept.AuthorizationFilter@51225c8a]
2025-01-14 11:43:27.207 [] INFO  - org.springframework.boot.devtools.autoconfigure.OptionalLiveReloadServer - LiveReload server is running on port 35729
2025-01-14 11:43:27.307 [] INFO  - org.springframework.boot.web.embedded.tomcat.TomcatWebServer - Tomcat started on port(s): 8087 (http) with context path ''
2025-01-14 11:43:27.329 [] INFO  - org.ligot.afriyan.OngafriyanApplication - Started OngafriyanApplication in 11.431 seconds (process running for 12.602)
2025-01-14 11:43:27.667 [] INFO  - org.apache.catalina.core.ContainerBase.[Tomcat].[localhost].[/] - Initializing Spring DispatcherServlet 'dispatcherServlet'
2025-01-14 11:43:27.667 [] INFO  - org.springframework.web.servlet.DispatcherServlet - Initializing Servlet 'dispatcherServlet'
2025-01-14 11:43:27.670 [] INFO  - org.springframework.web.servlet.DispatcherServlet - Completed initialization in 3 ms
2025-01-14 11:44:21.702 [] INFO  - org.ligot.afriyan.OngafriyanApplication - Starting OngafriyanApplication using Java 17.0.1 with PID 11644 (C:\Users\GLC\Documents\Project\Java\Formation\bizz\ongafriyan\target\classes started by GLC in C:\Users\GLC\Documents\Project\Java\Formation\bizz\ongafriyan)
2025-01-14 11:44:21.705 [] INFO  - org.ligot.afriyan.OngafriyanApplication - The following 1 profile is active: "dev"
2025-01-14 11:44:21.784 [] INFO  - org.springframework.boot.devtools.env.DevToolsPropertyDefaultsPostProcessor - Devtools property defaults active! Set 'spring.devtools.add-properties' to 'false' to disable
2025-01-14 11:44:21.784 [] INFO  - org.springframework.boot.devtools.env.DevToolsPropertyDefaultsPostProcessor - For additional web related logging consider setting the 'logging.level.web' property to 'DEBUG'
2025-01-14 11:44:23.654 [] INFO  - org.springframework.data.repository.config.RepositoryConfigurationDelegate - Bootstrapping Spring Data JPA repositories in DEFAULT mode.
2025-01-14 11:44:24.012 [] INFO  - org.springframework.data.repository.config.RepositoryConfigurationDelegate - Finished Spring Data repository scanning in 346 ms. Found 44 JPA repository interfaces.
2025-01-14 11:44:24.799 [] INFO  - org.springframework.boot.web.embedded.tomcat.TomcatWebServer - Tomcat initialized with port(s): 8087 (http)
2025-01-14 11:44:24.809 [] INFO  - org.apache.catalina.core.StandardService - Starting service [Tomcat]
2025-01-14 11:44:24.810 [] INFO  - org.apache.catalina.core.StandardEngine - Starting Servlet engine: [Apache Tomcat/10.1.10]
2025-01-14 11:44:24.885 [] INFO  - org.apache.catalina.core.ContainerBase.[Tomcat].[localhost].[/] - Initializing Spring embedded WebApplicationContext
2025-01-14 11:44:24.885 [] INFO  - org.springframework.boot.web.servlet.context.ServletWebServerApplicationContext - Root WebApplicationContext: initialization completed in 3100 ms
2025-01-14 11:44:25.239 [] INFO  - org.hibernate.jpa.internal.util.LogHelper - HHH000204: Processing PersistenceUnitInfo [name: default]
2025-01-14 11:44:25.304 [] INFO  - org.hibernate.Version - HHH000412: Hibernate ORM core version 6.2.5.Final
2025-01-14 11:44:25.307 [] INFO  - org.hibernate.cfg.Environment - HHH000406: Using bytecode reflection optimizer
2025-01-14 11:44:25.467 [] INFO  - org.hibernate.bytecode.internal.BytecodeProviderInitiator - HHH000021: Bytecode provider name : bytebuddy
2025-01-14 11:44:25.614 [] INFO  - org.springframework.orm.jpa.persistenceunit.SpringPersistenceUnitInfo - No LoadTimeWeaver setup: ignoring JPA class transformer
2025-01-14 11:44:25.634 [] INFO  - com.zaxxer.hikari.HikariDataSource - HikariPool-1 - Starting...
2025-01-14 11:44:25.838 [] INFO  - com.zaxxer.hikari.pool.HikariPool - HikariPool-1 - Added connection org.postgresql.jdbc.PgConnection@729e793c
2025-01-14 11:44:25.839 [] INFO  - com.zaxxer.hikari.HikariDataSource - HikariPool-1 - Start completed.
2025-01-14 11:44:26.413 [] INFO  - org.hibernate.bytecode.internal.BytecodeProviderInitiator - HHH000021: Bytecode provider name : bytebuddy
2025-01-14 11:44:27.479 [] INFO  - org.hibernate.metamodel.internal.EntityInstantiatorPojoStandard - HHH000182: No default (no-argument) constructor for class: org.ligot.afriyan.entities.UserConnect (class must be instantiated by Interceptor)
2025-01-14 11:44:27.977 [] INFO  - org.hibernate.engine.transaction.jta.platform.internal.JtaPlatformInitiator - HHH000490: Using JtaPlatform implementation: [org.hibernate.engine.transaction.jta.platform.internal.NoJtaPlatform]
2025-01-14 11:44:28.609 [] INFO  - org.springframework.orm.jpa.LocalContainerEntityManagerFactoryBean - Initialized JPA EntityManagerFactory for persistence unit 'default'
2025-01-14 11:44:28.924 [] INFO  - org.springframework.data.jpa.repository.query.QueryEnhancerFactory - Hibernate is in classpath; If applicable, HQL parser will be used.
2025-01-14 11:44:32.029 [] INFO  - org.springframework.boot.actuate.endpoint.web.EndpointLinksResolver - Exposing 1 endpoint(s) beneath base path '/actuator'
2025-01-14 11:44:32.108 [] INFO  - org.springframework.security.web.DefaultSecurityFilterChain - Will secure any request with [org.springframework.security.web.session.DisableEncodeUrlFilter@7f6a3506, org.springframework.security.web.context.request.async.WebAsyncManagerIntegrationFilter@34402e13, org.springframework.security.web.context.SecurityContextHolderFilter@78538671, org.springframework.security.web.header.HeaderWriterFilter@701f007d, org.springframework.security.web.authentication.logout.LogoutFilter@63f5b85e, org.ligot.afriyan.config.securities.JwtAuthenticationFilter@76f1ab08, org.springframework.security.web.savedrequest.RequestCacheAwareFilter@cda2e35, org.springframework.security.web.servletapi.SecurityContextHolderAwareRequestFilter@42781846, org.springframework.security.web.authentication.AnonymousAuthenticationFilter@60a4d9b1, org.springframework.security.web.session.SessionManagementFilter@54bc45c7, org.springframework.security.web.access.ExceptionTranslationFilter@3d976053, org.springframework.security.web.access.intercept.AuthorizationFilter@270d8d9d]
2025-01-14 11:44:32.773 [] INFO  - org.springframework.boot.devtools.autoconfigure.OptionalLiveReloadServer - LiveReload server is running on port 35729
2025-01-14 11:44:32.867 [] INFO  - org.springframework.boot.web.embedded.tomcat.TomcatWebServer - Tomcat started on port(s): 8087 (http) with context path ''
2025-01-14 11:44:32.885 [] INFO  - org.ligot.afriyan.OngafriyanApplication - Started OngafriyanApplication in 11.627 seconds (process running for 12.844)
2025-01-14 11:44:33.456 [] INFO  - org.apache.catalina.core.ContainerBase.[Tomcat].[localhost].[/] - Initializing Spring DispatcherServlet 'dispatcherServlet'
2025-01-14 11:44:33.457 [] INFO  - org.springframework.web.servlet.DispatcherServlet - Initializing Servlet 'dispatcherServlet'
2025-01-14 11:44:33.460 [] INFO  - org.springframework.web.servlet.DispatcherServlet - Completed initialization in 3 ms
2025-01-14 11:45:38.941 [] INFO  - org.springframework.orm.jpa.LocalContainerEntityManagerFactoryBean - Closing JPA EntityManagerFactory for persistence unit 'default'
2025-01-14 11:45:38.947 [] INFO  - com.zaxxer.hikari.HikariDataSource - HikariPool-1 - Shutdown initiated...
2025-01-14 11:45:38.959 [] INFO  - com.zaxxer.hikari.HikariDataSource - HikariPool-1 - Shutdown completed.
2025-01-14 11:45:45.133 [] INFO  - org.ligot.afriyan.OngafriyanApplication - Starting OngafriyanApplication using Java 17.0.1 with PID 4004 (C:\Users\GLC\Documents\Project\Java\Formation\bizz\ongafriyan\target\classes started by GLC in C:\Users\GLC\Documents\Project\Java\Formation\bizz\ongafriyan)
2025-01-14 11:45:45.136 [] INFO  - org.ligot.afriyan.OngafriyanApplication - The following 1 profile is active: "dev"
2025-01-14 11:45:45.217 [] INFO  - org.springframework.boot.devtools.env.DevToolsPropertyDefaultsPostProcessor - Devtools property defaults active! Set 'spring.devtools.add-properties' to 'false' to disable
2025-01-14 11:45:45.217 [] INFO  - org.springframework.boot.devtools.env.DevToolsPropertyDefaultsPostProcessor - For additional web related logging consider setting the 'logging.level.web' property to 'DEBUG'
2025-01-14 11:45:46.986 [] INFO  - org.springframework.data.repository.config.RepositoryConfigurationDelegate - Bootstrapping Spring Data JPA repositories in DEFAULT mode.
2025-01-14 11:45:47.333 [] INFO  - org.springframework.data.repository.config.RepositoryConfigurationDelegate - Finished Spring Data repository scanning in 338 ms. Found 44 JPA repository interfaces.
2025-01-14 11:45:48.104 [] INFO  - org.springframework.boot.web.embedded.tomcat.TomcatWebServer - Tomcat initialized with port(s): 8087 (http)
2025-01-14 11:45:48.115 [] INFO  - org.apache.catalina.core.StandardService - Starting service [Tomcat]
2025-01-14 11:45:48.116 [] INFO  - org.apache.catalina.core.StandardEngine - Starting Servlet engine: [Apache Tomcat/10.1.10]
2025-01-14 11:45:48.193 [] INFO  - org.apache.catalina.core.ContainerBase.[Tomcat].[localhost].[/] - Initializing Spring embedded WebApplicationContext
2025-01-14 11:45:48.193 [] INFO  - org.springframework.boot.web.servlet.context.ServletWebServerApplicationContext - Root WebApplicationContext: initialization completed in 2975 ms
2025-01-14 11:45:48.531 [] INFO  - org.hibernate.jpa.internal.util.LogHelper - HHH000204: Processing PersistenceUnitInfo [name: default]
2025-01-14 11:45:48.594 [] INFO  - org.hibernate.Version - HHH000412: Hibernate ORM core version 6.2.5.Final
2025-01-14 11:45:48.598 [] INFO  - org.hibernate.cfg.Environment - HHH000406: Using bytecode reflection optimizer
2025-01-14 11:45:48.768 [] INFO  - org.hibernate.bytecode.internal.BytecodeProviderInitiator - HHH000021: Bytecode provider name : bytebuddy
2025-01-14 11:45:48.916 [] INFO  - org.springframework.orm.jpa.persistenceunit.SpringPersistenceUnitInfo - No LoadTimeWeaver setup: ignoring JPA class transformer
2025-01-14 11:45:48.934 [] INFO  - com.zaxxer.hikari.HikariDataSource - HikariPool-1 - Starting...
2025-01-14 11:45:49.148 [] INFO  - com.zaxxer.hikari.pool.HikariPool - HikariPool-1 - Added connection org.postgresql.jdbc.PgConnection@75b18cd3
2025-01-14 11:45:49.151 [] INFO  - com.zaxxer.hikari.HikariDataSource - HikariPool-1 - Start completed.
2025-01-14 11:45:49.731 [] INFO  - org.hibernate.bytecode.internal.BytecodeProviderInitiator - HHH000021: Bytecode provider name : bytebuddy
2025-01-14 11:45:50.760 [] INFO  - org.hibernate.metamodel.internal.EntityInstantiatorPojoStandard - HHH000182: No default (no-argument) constructor for class: org.ligot.afriyan.entities.UserConnect (class must be instantiated by Interceptor)
2025-01-14 11:45:51.298 [] INFO  - org.hibernate.engine.transaction.jta.platform.internal.JtaPlatformInitiator - HHH000490: Using JtaPlatform implementation: [org.hibernate.engine.transaction.jta.platform.internal.NoJtaPlatform]
2025-01-14 11:45:51.931 [] INFO  - org.springframework.orm.jpa.LocalContainerEntityManagerFactoryBean - Initialized JPA EntityManagerFactory for persistence unit 'default'
2025-01-14 11:45:52.275 [] INFO  - org.springframework.data.jpa.repository.query.QueryEnhancerFactory - Hibernate is in classpath; If applicable, HQL parser will be used.
2025-01-14 11:45:55.310 [] INFO  - org.springframework.boot.actuate.endpoint.web.EndpointLinksResolver - Exposing 1 endpoint(s) beneath base path '/actuator'
2025-01-14 11:45:55.393 [] INFO  - org.springframework.security.web.DefaultSecurityFilterChain - Will secure any request with [org.springframework.security.web.session.DisableEncodeUrlFilter@731a3605, org.springframework.security.web.context.request.async.WebAsyncManagerIntegrationFilter@6d78070, org.springframework.security.web.context.SecurityContextHolderFilter@1558781f, org.springframework.security.web.header.HeaderWriterFilter@7847a1d9, org.springframework.security.web.authentication.logout.LogoutFilter@59632b0e, org.ligot.afriyan.config.securities.JwtAuthenticationFilter@6888274, org.springframework.security.web.savedrequest.RequestCacheAwareFilter@88c6182, org.springframework.security.web.servletapi.SecurityContextHolderAwareRequestFilter@7140c2b7, org.springframework.security.web.authentication.AnonymousAuthenticationFilter@230f04e7, org.springframework.security.web.session.SessionManagementFilter@377d66f5, org.springframework.security.web.access.ExceptionTranslationFilter@6a4ac86c, org.springframework.security.web.access.intercept.AuthorizationFilter@34b82006]
2025-01-14 11:45:55.957 [] INFO  - org.springframework.boot.devtools.autoconfigure.OptionalLiveReloadServer - LiveReload server is running on port 35729
2025-01-14 11:45:56.053 [] INFO  - org.springframework.boot.web.embedded.tomcat.TomcatWebServer - Tomcat started on port(s): 8087 (http) with context path ''
2025-01-14 11:45:56.071 [] INFO  - org.ligot.afriyan.OngafriyanApplication - Started OngafriyanApplication in 11.431 seconds (process running for 12.585)
2025-01-14 11:45:56.420 [] INFO  - org.apache.catalina.core.ContainerBase.[Tomcat].[localhost].[/] - Initializing Spring DispatcherServlet 'dispatcherServlet'
2025-01-14 11:45:56.420 [] INFO  - org.springframework.web.servlet.DispatcherServlet - Initializing Servlet 'dispatcherServlet'
2025-01-14 11:45:56.423 [] INFO  - org.springframework.web.servlet.DispatcherServlet - Completed initialization in 3 ms
2025-01-14 11:47:53.385 [] INFO  - org.ligot.afriyan.OngafriyanApplication - Starting OngafriyanApplication using Java 17.0.1 with PID 10324 (C:\Users\GLC\Documents\Project\Java\Formation\bizz\ongafriyan\target\classes started by GLC in C:\Users\GLC\Documents\Project\Java\Formation\bizz\ongafriyan)
2025-01-14 11:47:53.388 [] INFO  - org.ligot.afriyan.OngafriyanApplication - The following 1 profile is active: "dev"
2025-01-14 11:47:53.490 [] INFO  - org.springframework.boot.devtools.env.DevToolsPropertyDefaultsPostProcessor - Devtools property defaults active! Set 'spring.devtools.add-properties' to 'false' to disable
2025-01-14 11:47:53.491 [] INFO  - org.springframework.boot.devtools.env.DevToolsPropertyDefaultsPostProcessor - For additional web related logging consider setting the 'logging.level.web' property to 'DEBUG'
2025-01-14 11:47:55.589 [] INFO  - org.springframework.data.repository.config.RepositoryConfigurationDelegate - Bootstrapping Spring Data JPA repositories in DEFAULT mode.
2025-01-14 11:47:55.949 [] INFO  - org.springframework.data.repository.config.RepositoryConfigurationDelegate - Finished Spring Data repository scanning in 348 ms. Found 44 JPA repository interfaces.
2025-01-14 11:47:56.737 [] INFO  - org.springframework.boot.web.embedded.tomcat.TomcatWebServer - Tomcat initialized with port(s): 8087 (http)
2025-01-14 11:47:56.747 [] INFO  - org.apache.catalina.core.StandardService - Starting service [Tomcat]
2025-01-14 11:47:56.748 [] INFO  - org.apache.catalina.core.StandardEngine - Starting Servlet engine: [Apache Tomcat/10.1.10]
2025-01-14 11:47:56.829 [] INFO  - org.apache.catalina.core.ContainerBase.[Tomcat].[localhost].[/] - Initializing Spring embedded WebApplicationContext
2025-01-14 11:47:56.830 [] INFO  - org.springframework.boot.web.servlet.context.ServletWebServerApplicationContext - Root WebApplicationContext: initialization completed in 3335 ms
2025-01-14 11:47:57.166 [] INFO  - org.hibernate.jpa.internal.util.LogHelper - HHH000204: Processing PersistenceUnitInfo [name: default]
2025-01-14 11:47:57.229 [] INFO  - org.hibernate.Version - HHH000412: Hibernate ORM core version 6.2.5.Final
2025-01-14 11:47:57.232 [] INFO  - org.hibernate.cfg.Environment - HHH000406: Using bytecode reflection optimizer
2025-01-14 11:47:57.397 [] INFO  - org.hibernate.bytecode.internal.BytecodeProviderInitiator - HHH000021: Bytecode provider name : bytebuddy
2025-01-14 11:47:57.558 [] INFO  - org.springframework.orm.jpa.persistenceunit.SpringPersistenceUnitInfo - No LoadTimeWeaver setup: ignoring JPA class transformer
2025-01-14 11:47:57.576 [] INFO  - com.zaxxer.hikari.HikariDataSource - HikariPool-1 - Starting...
2025-01-14 11:47:57.775 [] INFO  - com.zaxxer.hikari.pool.HikariPool - HikariPool-1 - Added connection org.postgresql.jdbc.PgConnection@1e069b56
2025-01-14 11:47:57.777 [] INFO  - com.zaxxer.hikari.HikariDataSource - HikariPool-1 - Start completed.
2025-01-14 11:47:58.395 [] INFO  - org.hibernate.bytecode.internal.BytecodeProviderInitiator - HHH000021: Bytecode provider name : bytebuddy
2025-01-14 11:47:59.350 [] INFO  - org.hibernate.metamodel.internal.EntityInstantiatorPojoStandard - HHH000182: No default (no-argument) constructor for class: org.ligot.afriyan.entities.UserConnect (class must be instantiated by Interceptor)
2025-01-14 11:47:59.869 [] INFO  - org.hibernate.engine.transaction.jta.platform.internal.JtaPlatformInitiator - HHH000490: Using JtaPlatform implementation: [org.hibernate.engine.transaction.jta.platform.internal.NoJtaPlatform]
2025-01-14 11:48:00.486 [] INFO  - org.springframework.orm.jpa.LocalContainerEntityManagerFactoryBean - Initialized JPA EntityManagerFactory for persistence unit 'default'
2025-01-14 11:48:00.783 [] INFO  - org.springframework.data.jpa.repository.query.QueryEnhancerFactory - Hibernate is in classpath; If applicable, HQL parser will be used.
2025-01-14 11:48:03.751 [] INFO  - org.springframework.boot.actuate.endpoint.web.EndpointLinksResolver - Exposing 1 endpoint(s) beneath base path '/actuator'
2025-01-14 11:48:03.833 [] INFO  - org.springframework.security.web.DefaultSecurityFilterChain - Will secure any request with [org.springframework.security.web.session.DisableEncodeUrlFilter@34402e13, org.springframework.security.web.context.request.async.WebAsyncManagerIntegrationFilter@60a4d9b1, org.springframework.security.web.context.SecurityContextHolderFilter@4ef766c1, org.springframework.security.web.header.HeaderWriterFilter@377d66f5, org.springframework.security.web.authentication.logout.LogoutFilter@524d141c, org.ligot.afriyan.config.securities.JwtAuthenticationFilter@4975a88f, org.springframework.security.web.savedrequest.RequestCacheAwareFilter@42781846, org.springframework.security.web.servletapi.SecurityContextHolderAwareRequestFilter@26fc6e76, org.springframework.security.web.authentication.AnonymousAuthenticationFilter@1289da1, org.springframework.security.web.session.SessionManagementFilter@1e9b8e84, org.springframework.security.web.access.ExceptionTranslationFilter@719ba2b5, org.springframework.security.web.access.intercept.AuthorizationFilter@2c7f09fb]
2025-01-14 11:48:04.398 [] INFO  - org.springframework.boot.devtools.autoconfigure.OptionalLiveReloadServer - LiveReload server is running on port 35729
2025-01-14 11:48:04.511 [] INFO  - org.springframework.boot.web.embedded.tomcat.TomcatWebServer - Tomcat started on port(s): 8087 (http) with context path ''
2025-01-14 11:48:04.533 [] INFO  - org.ligot.afriyan.OngafriyanApplication - Started OngafriyanApplication in 11.61 seconds (process running for 12.765)
2025-01-14 11:48:04.774 [] INFO  - org.apache.catalina.core.ContainerBase.[Tomcat].[localhost].[/] - Initializing Spring DispatcherServlet 'dispatcherServlet'
2025-01-14 11:48:04.775 [] INFO  - org.springframework.web.servlet.DispatcherServlet - Initializing Servlet 'dispatcherServlet'
2025-01-14 11:48:04.778 [] INFO  - org.springframework.web.servlet.DispatcherServlet - Completed initialization in 3 ms
2025-01-14 11:48:52.066 [] INFO  - org.springframework.orm.jpa.LocalContainerEntityManagerFactoryBean - Closing JPA EntityManagerFactory for persistence unit 'default'
2025-01-14 11:48:52.071 [] INFO  - com.zaxxer.hikari.HikariDataSource - HikariPool-1 - Shutdown initiated...
2025-01-14 11:48:52.110 [] INFO  - com.zaxxer.hikari.HikariDataSource - HikariPool-1 - Shutdown completed.
2025-01-14 11:49:12.833 [] INFO  - org.ligot.afriyan.OngafriyanApplication - Starting OngafriyanApplication using Java 17.0.1 with PID 14816 (C:\Users\GLC\Documents\Project\Java\Formation\bizz\ongafriyan\target\classes started by GLC in C:\Users\GLC\Documents\Project\Java\Formation\bizz\ongafriyan)
2025-01-14 11:49:12.835 [] INFO  - org.ligot.afriyan.OngafriyanApplication - The following 1 profile is active: "dev"
2025-01-14 11:49:12.928 [] INFO  - org.springframework.boot.devtools.env.DevToolsPropertyDefaultsPostProcessor - Devtools property defaults active! Set 'spring.devtools.add-properties' to 'false' to disable
2025-01-14 11:49:12.929 [] INFO  - org.springframework.boot.devtools.env.DevToolsPropertyDefaultsPostProcessor - For additional web related logging consider setting the 'logging.level.web' property to 'DEBUG'
2025-01-14 11:49:14.685 [] INFO  - org.springframework.data.repository.config.RepositoryConfigurationDelegate - Bootstrapping Spring Data JPA repositories in DEFAULT mode.
2025-01-14 11:49:15.031 [] INFO  - org.springframework.data.repository.config.RepositoryConfigurationDelegate - Finished Spring Data repository scanning in 334 ms. Found 44 JPA repository interfaces.
2025-01-14 11:49:15.814 [] INFO  - org.springframework.boot.web.embedded.tomcat.TomcatWebServer - Tomcat initialized with port(s): 8087 (http)
2025-01-14 11:49:15.823 [] INFO  - org.apache.catalina.core.StandardService - Starting service [Tomcat]
2025-01-14 11:49:15.824 [] INFO  - org.apache.catalina.core.StandardEngine - Starting Servlet engine: [Apache Tomcat/10.1.10]
2025-01-14 11:49:15.899 [] INFO  - org.apache.catalina.core.ContainerBase.[Tomcat].[localhost].[/] - Initializing Spring embedded WebApplicationContext
2025-01-14 11:49:15.899 [] INFO  - org.springframework.boot.web.servlet.context.ServletWebServerApplicationContext - Root WebApplicationContext: initialization completed in 2969 ms
2025-01-14 11:49:16.242 [] INFO  - org.hibernate.jpa.internal.util.LogHelper - HHH000204: Processing PersistenceUnitInfo [name: default]
2025-01-14 11:49:16.303 [] INFO  - org.hibernate.Version - HHH000412: Hibernate ORM core version 6.2.5.Final
2025-01-14 11:49:16.307 [] INFO  - org.hibernate.cfg.Environment - HHH000406: Using bytecode reflection optimizer
2025-01-14 11:49:16.475 [] INFO  - org.hibernate.bytecode.internal.BytecodeProviderInitiator - HHH000021: Bytecode provider name : bytebuddy
2025-01-14 11:49:16.626 [] INFO  - org.springframework.orm.jpa.persistenceunit.SpringPersistenceUnitInfo - No LoadTimeWeaver setup: ignoring JPA class transformer
2025-01-14 11:49:16.644 [] INFO  - com.zaxxer.hikari.HikariDataSource - HikariPool-1 - Starting...
2025-01-14 11:49:16.844 [] INFO  - com.zaxxer.hikari.pool.HikariPool - HikariPool-1 - Added connection org.postgresql.jdbc.PgConnection@6dd4492b
2025-01-14 11:49:16.846 [] INFO  - com.zaxxer.hikari.HikariDataSource - HikariPool-1 - Start completed.
2025-01-14 11:49:17.471 [] INFO  - org.hibernate.bytecode.internal.BytecodeProviderInitiator - HHH000021: Bytecode provider name : bytebuddy
2025-01-14 11:49:18.456 [] INFO  - org.hibernate.metamodel.internal.EntityInstantiatorPojoStandard - HHH000182: No default (no-argument) constructor for class: org.ligot.afriyan.entities.UserConnect (class must be instantiated by Interceptor)
2025-01-14 11:49:18.942 [] INFO  - org.hibernate.engine.transaction.jta.platform.internal.JtaPlatformInitiator - HHH000490: Using JtaPlatform implementation: [org.hibernate.engine.transaction.jta.platform.internal.NoJtaPlatform]
2025-01-14 11:49:19.548 [] INFO  - org.springframework.orm.jpa.LocalContainerEntityManagerFactoryBean - Initialized JPA EntityManagerFactory for persistence unit 'default'
2025-01-14 11:49:19.838 [] INFO  - org.springframework.data.jpa.repository.query.QueryEnhancerFactory - Hibernate is in classpath; If applicable, HQL parser will be used.
2025-01-14 11:49:22.775 [] INFO  - org.springframework.boot.actuate.endpoint.web.EndpointLinksResolver - Exposing 1 endpoint(s) beneath base path '/actuator'
2025-01-14 11:49:22.857 [] INFO  - org.springframework.security.web.DefaultSecurityFilterChain - Will secure any request with [org.springframework.security.web.session.DisableEncodeUrlFilter@21dcc935, org.springframework.security.web.context.request.async.WebAsyncManagerIntegrationFilter@1b32097e, org.springframework.security.web.context.SecurityContextHolderFilter@278ed400, org.springframework.security.web.header.HeaderWriterFilter@d1d3fb2, org.springframework.security.web.authentication.logout.LogoutFilter@396f2270, org.ligot.afriyan.config.securities.JwtAuthenticationFilter@6521f71a, org.springframework.security.web.savedrequest.RequestCacheAwareFilter@72e19e3a, org.springframework.security.web.servletapi.SecurityContextHolderAwareRequestFilter@5c3afab, org.springframework.security.web.authentication.AnonymousAuthenticationFilter@40c10ec3, org.springframework.security.web.session.SessionManagementFilter@494eee8f, org.springframework.security.web.access.ExceptionTranslationFilter@21200187, org.springframework.security.web.access.intercept.AuthorizationFilter@6d78070]
2025-01-14 11:49:23.447 [] INFO  - org.springframework.boot.devtools.autoconfigure.OptionalLiveReloadServer - LiveReload server is running on port 35729
2025-01-14 11:49:23.548 [] INFO  - org.springframework.boot.web.embedded.tomcat.TomcatWebServer - Tomcat started on port(s): 8087 (http) with context path ''
2025-01-14 11:49:23.568 [] INFO  - org.ligot.afriyan.OngafriyanApplication - Started OngafriyanApplication in 11.18 seconds (process running for 12.343)
2025-01-14 11:49:24.147 [] INFO  - org.apache.catalina.core.ContainerBase.[Tomcat].[localhost].[/] - Initializing Spring DispatcherServlet 'dispatcherServlet'
2025-01-14 11:49:24.147 [] INFO  - org.springframework.web.servlet.DispatcherServlet - Initializing Servlet 'dispatcherServlet'
2025-01-14 11:49:24.173 [] INFO  - org.springframework.web.servlet.DispatcherServlet - Completed initialization in 25 ms
2025-01-14 12:32:24.230 [] INFO  - org.springframework.orm.jpa.LocalContainerEntityManagerFactoryBean - Closing JPA EntityManagerFactory for persistence unit 'default'
2025-01-14 12:32:24.238 [] INFO  - com.zaxxer.hikari.HikariDataSource - HikariPool-1 - Shutdown initiated...
2025-01-14 12:32:24.245 [] INFO  - com.zaxxer.hikari.HikariDataSource - HikariPool-1 - Shutdown completed.
2025-01-14 14:12:35.458 [] INFO  - org.ligot.afriyan.OngafriyanApplication - Starting OngafriyanApplication using Java 17.0.1 with PID 5532 (C:\Users\GLC\Documents\Project\Java\Formation\bizz\ongafriyan\target\classes started by GLC in C:\Users\GLC\Documents\Project\Java\Formation\bizz\ongafriyan)
2025-01-14 14:12:35.462 [] INFO  - org.ligot.afriyan.OngafriyanApplication - The following 1 profile is active: "dev"
2025-01-14 14:12:35.676 [] INFO  - org.springframework.boot.devtools.env.DevToolsPropertyDefaultsPostProcessor - Devtools property defaults active! Set 'spring.devtools.add-properties' to 'false' to disable
2025-01-14 14:12:35.677 [] INFO  - org.springframework.boot.devtools.env.DevToolsPropertyDefaultsPostProcessor - For additional web related logging consider setting the 'logging.level.web' property to 'DEBUG'
2025-01-14 14:12:38.751 [] INFO  - org.springframework.data.repository.config.RepositoryConfigurationDelegate - Bootstrapping Spring Data JPA repositories in DEFAULT mode.
2025-01-14 14:12:39.294 [] INFO  - org.springframework.data.repository.config.RepositoryConfigurationDelegate - Finished Spring Data repository scanning in 526 ms. Found 44 JPA repository interfaces.
2025-01-14 14:12:40.525 [] INFO  - org.springframework.boot.web.embedded.tomcat.TomcatWebServer - Tomcat initialized with port(s): 8087 (http)
2025-01-14 14:12:40.540 [] INFO  - org.apache.catalina.core.StandardService - Starting service [Tomcat]
2025-01-14 14:12:40.541 [] INFO  - org.apache.catalina.core.StandardEngine - Starting Servlet engine: [Apache Tomcat/10.1.10]
2025-01-14 14:12:40.650 [] INFO  - org.apache.catalina.core.ContainerBase.[Tomcat].[localhost].[/] - Initializing Spring embedded WebApplicationContext
2025-01-14 14:12:40.651 [] INFO  - org.springframework.boot.web.servlet.context.ServletWebServerApplicationContext - Root WebApplicationContext: initialization completed in 4973 ms
2025-01-14 14:12:41.143 [] INFO  - org.hibernate.jpa.internal.util.LogHelper - HHH000204: Processing PersistenceUnitInfo [name: default]
2025-01-14 14:12:41.265 [] INFO  - org.hibernate.Version - HHH000412: Hibernate ORM core version 6.2.5.Final
2025-01-14 14:12:41.269 [] INFO  - org.hibernate.cfg.Environment - HHH000406: Using bytecode reflection optimizer
2025-01-14 14:12:41.536 [] INFO  - org.hibernate.bytecode.internal.BytecodeProviderInitiator - HHH000021: Bytecode provider name : bytebuddy
2025-01-14 14:12:41.802 [] INFO  - org.springframework.orm.jpa.persistenceunit.SpringPersistenceUnitInfo - No LoadTimeWeaver setup: ignoring JPA class transformer
2025-01-14 14:12:41.828 [] INFO  - com.zaxxer.hikari.HikariDataSource - HikariPool-1 - Starting...
2025-01-14 14:12:42.136 [] INFO  - com.zaxxer.hikari.pool.HikariPool - HikariPool-1 - Added connection org.postgresql.jdbc.PgConnection@2a25a258
2025-01-14 14:12:42.138 [] INFO  - com.zaxxer.hikari.HikariDataSource - HikariPool-1 - Start completed.
2025-01-14 14:12:43.171 [] INFO  - org.hibernate.bytecode.internal.BytecodeProviderInitiator - HHH000021: Bytecode provider name : bytebuddy
2025-01-14 14:12:44.631 [] INFO  - org.hibernate.metamodel.internal.EntityInstantiatorPojoStandard - HHH000182: No default (no-argument) constructor for class: org.ligot.afriyan.entities.UserConnect (class must be instantiated by Interceptor)
2025-01-14 14:12:45.428 [] INFO  - org.hibernate.engine.transaction.jta.platform.internal.JtaPlatformInitiator - HHH000490: Using JtaPlatform implementation: [org.hibernate.engine.transaction.jta.platform.internal.NoJtaPlatform]
2025-01-14 14:12:46.241 [] INFO  - org.springframework.orm.jpa.LocalContainerEntityManagerFactoryBean - Initialized JPA EntityManagerFactory for persistence unit 'default'
2025-01-14 14:12:46.923 [] INFO  - org.springframework.data.jpa.repository.query.QueryEnhancerFactory - Hibernate is in classpath; If applicable, HQL parser will be used.
2025-01-14 14:12:50.820 [] INFO  - org.springframework.boot.actuate.endpoint.web.EndpointLinksResolver - Exposing 1 endpoint(s) beneath base path '/actuator'
2025-01-14 14:12:50.930 [] INFO  - org.springframework.security.web.DefaultSecurityFilterChain - Will secure any request with [org.springframework.security.web.session.DisableEncodeUrlFilter@3c811c97, org.springframework.security.web.context.request.async.WebAsyncManagerIntegrationFilter@687a95e4, org.springframework.security.web.context.SecurityContextHolderFilter@6ee473c1, org.springframework.security.web.header.HeaderWriterFilter@3a9b319e, org.springframework.security.web.authentication.logout.LogoutFilter@ef4593d, org.ligot.afriyan.config.securities.JwtAuthenticationFilter@ae86fbd, org.springframework.security.web.savedrequest.RequestCacheAwareFilter@16a14ae9, org.springframework.security.web.servletapi.SecurityContextHolderAwareRequestFilter@5022126e, org.springframework.security.web.authentication.AnonymousAuthenticationFilter@31c39bfc, org.springframework.security.web.session.SessionManagementFilter@6c4e3895, org.springframework.security.web.access.ExceptionTranslationFilter@6b44f621, org.springframework.security.web.access.intercept.AuthorizationFilter@79a5b142]
2025-01-14 14:12:51.730 [] INFO  - org.springframework.boot.devtools.autoconfigure.OptionalLiveReloadServer - LiveReload server is running on port 35729
2025-01-14 14:12:51.857 [] INFO  - org.springframework.boot.web.embedded.tomcat.TomcatWebServer - Tomcat started on port(s): 8087 (http) with context path ''
2025-01-14 14:12:51.898 [] INFO  - org.ligot.afriyan.OngafriyanApplication - Started OngafriyanApplication in 17.138 seconds (process running for 18.878)
2025-01-14 14:12:52.578 [] INFO  - org.apache.catalina.core.ContainerBase.[Tomcat].[localhost].[/] - Initializing Spring DispatcherServlet 'dispatcherServlet'
2025-01-14 14:12:52.579 [] INFO  - org.springframework.web.servlet.DispatcherServlet - Initializing Servlet 'dispatcherServlet'
2025-01-14 14:12:52.582 [] INFO  - org.springframework.web.servlet.DispatcherServlet - Completed initialization in 3 ms
2025-01-14 14:46:17.412 [] INFO  - org.springframework.orm.jpa.LocalContainerEntityManagerFactoryBean - Closing JPA EntityManagerFactory for persistence unit 'default'
2025-01-14 14:46:17.418 [] INFO  - com.zaxxer.hikari.HikariDataSource - HikariPool-1 - Shutdown initiated...
2025-01-14 14:46:17.428 [] INFO  - com.zaxxer.hikari.HikariDataSource - HikariPool-1 - Shutdown completed.
2025-01-14 14:47:40.907 [] INFO  - org.ligot.afriyan.OngafriyanApplication - Starting OngafriyanApplication using Java 17.0.1 with PID 3000 (C:\Users\GLC\Documents\Project\Java\Formation\bizz\ongafriyan\target\classes started by GLC in C:\Users\GLC\Documents\Project\Java\Formation\bizz\ongafriyan)
2025-01-14 14:47:40.911 [] INFO  - org.ligot.afriyan.OngafriyanApplication - The following 1 profile is active: "dev"
2025-01-14 14:47:41.100 [] INFO  - org.springframework.boot.devtools.env.DevToolsPropertyDefaultsPostProcessor - Devtools property defaults active! Set 'spring.devtools.add-properties' to 'false' to disable
2025-01-14 14:47:41.101 [] INFO  - org.springframework.boot.devtools.env.DevToolsPropertyDefaultsPostProcessor - For additional web related logging consider setting the 'logging.level.web' property to 'DEBUG'
2025-01-14 14:47:43.682 [] INFO  - org.springframework.data.repository.config.RepositoryConfigurationDelegate - Bootstrapping Spring Data JPA repositories in DEFAULT mode.
2025-01-14 14:47:44.189 [] INFO  - org.springframework.data.repository.config.RepositoryConfigurationDelegate - Finished Spring Data repository scanning in 491 ms. Found 44 JPA repository interfaces.
2025-01-14 14:47:45.390 [] INFO  - org.springframework.boot.web.embedded.tomcat.TomcatWebServer - Tomcat initialized with port(s): 8087 (http)
2025-01-14 14:47:45.406 [] INFO  - org.apache.catalina.core.StandardService - Starting service [Tomcat]
2025-01-14 14:47:45.406 [] INFO  - org.apache.catalina.core.StandardEngine - Starting Servlet engine: [Apache Tomcat/10.1.10]
2025-01-14 14:47:45.527 [] INFO  - org.apache.catalina.core.ContainerBase.[Tomcat].[localhost].[/] - Initializing Spring embedded WebApplicationContext
2025-01-14 14:47:45.528 [] INFO  - org.springframework.boot.web.servlet.context.ServletWebServerApplicationContext - Root WebApplicationContext: initialization completed in 4423 ms
2025-01-14 14:47:45.944 [] INFO  - org.hibernate.jpa.internal.util.LogHelper - HHH000204: Processing PersistenceUnitInfo [name: default]
2025-01-14 14:47:46.045 [] INFO  - org.hibernate.Version - HHH000412: Hibernate ORM core version 6.2.5.Final
2025-01-14 14:47:46.051 [] INFO  - org.hibernate.cfg.Environment - HHH000406: Using bytecode reflection optimizer
2025-01-14 14:47:46.290 [] INFO  - org.hibernate.bytecode.internal.BytecodeProviderInitiator - HHH000021: Bytecode provider name : bytebuddy
2025-01-14 14:47:46.524 [] INFO  - org.springframework.orm.jpa.persistenceunit.SpringPersistenceUnitInfo - No LoadTimeWeaver setup: ignoring JPA class transformer
2025-01-14 14:47:46.553 [] INFO  - com.zaxxer.hikari.HikariDataSource - HikariPool-1 - Starting...
2025-01-14 14:47:46.934 [] INFO  - com.zaxxer.hikari.pool.HikariPool - HikariPool-1 - Added connection org.postgresql.jdbc.PgConnection@22d2cbfa
2025-01-14 14:47:46.937 [] INFO  - com.zaxxer.hikari.HikariDataSource - HikariPool-1 - Start completed.
2025-01-14 14:47:47.771 [] INFO  - org.hibernate.bytecode.internal.BytecodeProviderInitiator - HHH000021: Bytecode provider name : bytebuddy
2025-01-14 14:47:49.191 [] INFO  - org.hibernate.metamodel.internal.EntityInstantiatorPojoStandard - HHH000182: No default (no-argument) constructor for class: org.ligot.afriyan.entities.UserConnect (class must be instantiated by Interceptor)
2025-01-14 14:47:49.890 [] INFO  - org.hibernate.engine.transaction.jta.platform.internal.JtaPlatformInitiator - HHH000490: Using JtaPlatform implementation: [org.hibernate.engine.transaction.jta.platform.internal.NoJtaPlatform]
2025-01-14 14:47:50.759 [] INFO  - org.springframework.orm.jpa.LocalContainerEntityManagerFactoryBean - Initialized JPA EntityManagerFactory for persistence unit 'default'
2025-01-14 14:47:51.506 [] INFO  - org.springframework.data.jpa.repository.query.QueryEnhancerFactory - Hibernate is in classpath; If applicable, HQL parser will be used.
2025-01-14 14:47:55.606 [] INFO  - org.springframework.boot.actuate.endpoint.web.EndpointLinksResolver - Exposing 1 endpoint(s) beneath base path '/actuator'
2025-01-14 14:47:55.712 [] INFO  - org.springframework.security.web.DefaultSecurityFilterChain - Will secure any request with [org.springframework.security.web.session.DisableEncodeUrlFilter@3bfb933a, org.springframework.security.web.context.request.async.WebAsyncManagerIntegrationFilter@48fe98f6, org.springframework.security.web.context.SecurityContextHolderFilter@2f0095a2, org.springframework.security.web.header.HeaderWriterFilter@7000327d, org.springframework.security.web.authentication.logout.LogoutFilter@2c9741c1, org.ligot.afriyan.config.securities.JwtAuthenticationFilter@1fd96afb, org.springframework.security.web.savedrequest.RequestCacheAwareFilter@8ae96, org.springframework.security.web.servletapi.SecurityContextHolderAwareRequestFilter@22578f4c, org.springframework.security.web.authentication.AnonymousAuthenticationFilter@66264c0f, org.springframework.security.web.session.SessionManagementFilter@6b103018, org.springframework.security.web.access.ExceptionTranslationFilter@79aa6d0, org.springframework.security.web.access.intercept.AuthorizationFilter@5664b249]
2025-01-14 14:47:56.394 [] INFO  - org.springframework.boot.devtools.autoconfigure.OptionalLiveReloadServer - LiveReload server is running on port 35729
2025-01-14 14:47:56.544 [] INFO  - org.springframework.boot.web.embedded.tomcat.TomcatWebServer - Tomcat started on port(s): 8087 (http) with context path ''
2025-01-14 14:47:56.567 [] INFO  - org.ligot.afriyan.OngafriyanApplication - Started OngafriyanApplication in 16.296 seconds (process running for 17.964)
2025-01-14 14:47:57.236 [] INFO  - org.apache.catalina.core.ContainerBase.[Tomcat].[localhost].[/] - Initializing Spring DispatcherServlet 'dispatcherServlet'
2025-01-14 14:47:57.236 [] INFO  - org.springframework.web.servlet.DispatcherServlet - Initializing Servlet 'dispatcherServlet'
2025-01-14 14:47:57.241 [] INFO  - org.springframework.web.servlet.DispatcherServlet - Completed initialization in 5 ms
2025-01-14 14:50:08.660 [] INFO  - org.ligot.afriyan.OngafriyanApplication - Starting OngafriyanApplication using Java 17.0.1 with PID 17348 (C:\Users\GLC\Documents\Project\Java\Formation\bizz\ongafriyan\target\classes started by GLC in C:\Users\GLC\Documents\Project\Java\Formation\bizz\ongafriyan)
2025-01-14 14:50:08.663 [] INFO  - org.ligot.afriyan.OngafriyanApplication - The following 1 profile is active: "dev"
2025-01-14 14:50:08.750 [] INFO  - org.springframework.boot.devtools.env.DevToolsPropertyDefaultsPostProcessor - Devtools property defaults active! Set 'spring.devtools.add-properties' to 'false' to disable
2025-01-14 14:50:08.751 [] INFO  - org.springframework.boot.devtools.env.DevToolsPropertyDefaultsPostProcessor - For additional web related logging consider setting the 'logging.level.web' property to 'DEBUG'
2025-01-14 14:50:12.400 [] INFO  - org.springframework.data.repository.config.RepositoryConfigurationDelegate - Bootstrapping Spring Data JPA repositories in DEFAULT mode.
2025-01-14 14:50:12.783 [] INFO  - org.springframework.data.repository.config.RepositoryConfigurationDelegate - Finished Spring Data repository scanning in 373 ms. Found 44 JPA repository interfaces.
2025-01-14 14:50:13.924 [] INFO  - org.springframework.boot.web.embedded.tomcat.TomcatWebServer - Tomcat initialized with port(s): 8087 (http)
2025-01-14 14:50:13.936 [] INFO  - org.apache.catalina.core.StandardService - Starting service [Tomcat]
2025-01-14 14:50:13.936 [] INFO  - org.apache.catalina.core.StandardEngine - Starting Servlet engine: [Apache Tomcat/10.1.10]
2025-01-14 14:50:14.036 [] INFO  - org.apache.catalina.core.ContainerBase.[Tomcat].[localhost].[/] - Initializing Spring embedded WebApplicationContext
2025-01-14 14:50:14.037 [] INFO  - org.springframework.boot.web.servlet.context.ServletWebServerApplicationContext - Root WebApplicationContext: initialization completed in 5285 ms
2025-01-14 14:50:14.735 [] INFO  - org.hibernate.jpa.internal.util.LogHelper - HHH000204: Processing PersistenceUnitInfo [name: default]
2025-01-14 14:50:14.815 [] INFO  - org.hibernate.Version - HHH000412: Hibernate ORM core version 6.2.5.Final
2025-01-14 14:50:14.819 [] INFO  - org.hibernate.cfg.Environment - HHH000406: Using bytecode reflection optimizer
2025-01-14 14:50:15.174 [] INFO  - org.hibernate.bytecode.internal.BytecodeProviderInitiator - HHH000021: Bytecode provider name : bytebuddy
2025-01-14 14:50:15.561 [] INFO  - org.springframework.orm.jpa.persistenceunit.SpringPersistenceUnitInfo - No LoadTimeWeaver setup: ignoring JPA class transformer
2025-01-14 14:50:15.582 [] INFO  - com.zaxxer.hikari.HikariDataSource - HikariPool-1 - Starting...
2025-01-14 14:50:16.002 [] INFO  - com.zaxxer.hikari.pool.HikariPool - HikariPool-1 - Added connection org.postgresql.jdbc.PgConnection@48cfc0b
2025-01-14 14:50:16.007 [] INFO  - com.zaxxer.hikari.HikariDataSource - HikariPool-1 - Start completed.
2025-01-14 14:50:16.737 [] INFO  - org.hibernate.bytecode.internal.BytecodeProviderInitiator - HHH000021: Bytecode provider name : bytebuddy
2025-01-14 14:50:18.402 [] INFO  - org.hibernate.metamodel.internal.EntityInstantiatorPojoStandard - HHH000182: No default (no-argument) constructor for class: org.ligot.afriyan.entities.UserConnect (class must be instantiated by Interceptor)
2025-01-14 14:50:19.187 [] INFO  - org.hibernate.engine.transaction.jta.platform.internal.JtaPlatformInitiator - HHH000490: Using JtaPlatform implementation: [org.hibernate.engine.transaction.jta.platform.internal.NoJtaPlatform]
2025-01-14 14:50:19.910 [] INFO  - org.springframework.orm.jpa.LocalContainerEntityManagerFactoryBean - Initialized JPA EntityManagerFactory for persistence unit 'default'
2025-01-14 14:50:20.244 [] INFO  - org.springframework.data.jpa.repository.query.QueryEnhancerFactory - Hibernate is in classpath; If applicable, HQL parser will be used.
2025-01-14 14:50:27.321 [] INFO  - org.springframework.boot.actuate.endpoint.web.EndpointLinksResolver - Exposing 1 endpoint(s) beneath base path '/actuator'
2025-01-14 14:50:27.417 [] INFO  - org.springframework.security.web.DefaultSecurityFilterChain - Will secure any request with [org.springframework.security.web.session.DisableEncodeUrlFilter@97ee085, org.springframework.security.web.context.request.async.WebAsyncManagerIntegrationFilter@3f9cbf9c, org.springframework.security.web.context.SecurityContextHolderFilter@7f71884e, org.springframework.security.web.header.HeaderWriterFilter@5bb3d1ad, org.springframework.security.web.authentication.logout.LogoutFilter@7101cefd, org.ligot.afriyan.config.securities.JwtAuthenticationFilter@5dcfbd3b, org.springframework.security.web.savedrequest.RequestCacheAwareFilter@d5e9b49, org.springframework.security.web.servletapi.SecurityContextHolderAwareRequestFilter@478bc73f, org.springframework.security.web.authentication.AnonymousAuthenticationFilter@513121a5, org.springframework.security.web.session.SessionManagementFilter@cf5adf9, org.springframework.security.web.access.ExceptionTranslationFilter@758a8ed7, org.springframework.security.web.access.intercept.AuthorizationFilter@1905ea3c]
2025-01-14 14:50:27.952 [] INFO  - org.springframework.boot.devtools.autoconfigure.OptionalLiveReloadServer - LiveReload server is running on port 35729
2025-01-14 14:50:28.057 [] INFO  - org.springframework.boot.web.embedded.tomcat.TomcatWebServer - Tomcat started on port(s): 8087 (http) with context path ''
2025-01-14 14:50:28.076 [] INFO  - org.ligot.afriyan.OngafriyanApplication - Started OngafriyanApplication in 19.891 seconds (process running for 21.29)
2025-01-14 14:50:28.320 [] INFO  - org.apache.catalina.core.ContainerBase.[Tomcat].[localhost].[/] - Initializing Spring DispatcherServlet 'dispatcherServlet'
2025-01-14 14:50:28.321 [] INFO  - org.springframework.web.servlet.DispatcherServlet - Initializing Servlet 'dispatcherServlet'
2025-01-14 14:50:28.324 [] INFO  - org.springframework.web.servlet.DispatcherServlet - Completed initialization in 3 ms
2025-01-14 14:50:48.874 [] INFO  - org.springframework.orm.jpa.LocalContainerEntityManagerFactoryBean - Closing JPA EntityManagerFactory for persistence unit 'default'
2025-01-14 14:50:48.880 [] INFO  - com.zaxxer.hikari.HikariDataSource - HikariPool-1 - Shutdown initiated...
2025-01-14 14:50:48.889 [] INFO  - com.zaxxer.hikari.HikariDataSource - HikariPool-1 - Shutdown completed.
2025-01-14 14:50:56.769 [] INFO  - org.ligot.afriyan.OngafriyanApplication - Starting OngafriyanApplication using Java 17.0.1 with PID 10152 (C:\Users\GLC\Documents\Project\Java\Formation\bizz\ongafriyan\target\classes started by GLC in C:\Users\GLC\Documents\Project\Java\Formation\bizz\ongafriyan)
2025-01-14 14:50:56.772 [] INFO  - org.ligot.afriyan.OngafriyanApplication - The following 1 profile is active: "dev"
2025-01-14 14:50:56.872 [] INFO  - org.springframework.boot.devtools.env.DevToolsPropertyDefaultsPostProcessor - Devtools property defaults active! Set 'spring.devtools.add-properties' to 'false' to disable
2025-01-14 14:50:56.872 [] INFO  - org.springframework.boot.devtools.env.DevToolsPropertyDefaultsPostProcessor - For additional web related logging consider setting the 'logging.level.web' property to 'DEBUG'
2025-01-14 14:50:58.982 [] INFO  - org.springframework.data.repository.config.RepositoryConfigurationDelegate - Bootstrapping Spring Data JPA repositories in DEFAULT mode.
2025-01-14 14:50:59.338 [] INFO  - org.springframework.data.repository.config.RepositoryConfigurationDelegate - Finished Spring Data repository scanning in 346 ms. Found 44 JPA repository interfaces.
2025-01-14 14:51:00.298 [] INFO  - org.springframework.boot.web.embedded.tomcat.TomcatWebServer - Tomcat initialized with port(s): 8087 (http)
2025-01-14 14:51:00.308 [] INFO  - org.apache.catalina.core.StandardService - Starting service [Tomcat]
2025-01-14 14:51:00.308 [] INFO  - org.apache.catalina.core.StandardEngine - Starting Servlet engine: [Apache Tomcat/10.1.10]
2025-01-14 14:51:00.404 [] INFO  - org.apache.catalina.core.ContainerBase.[Tomcat].[localhost].[/] - Initializing Spring embedded WebApplicationContext
2025-01-14 14:51:00.405 [] INFO  - org.springframework.boot.web.servlet.context.ServletWebServerApplicationContext - Root WebApplicationContext: initialization completed in 3531 ms
2025-01-14 14:51:00.739 [] INFO  - org.hibernate.jpa.internal.util.LogHelper - HHH000204: Processing PersistenceUnitInfo [name: default]
2025-01-14 14:51:00.807 [] INFO  - org.hibernate.Version - HHH000412: Hibernate ORM core version 6.2.5.Final
2025-01-14 14:51:00.810 [] INFO  - org.hibernate.cfg.Environment - HHH000406: Using bytecode reflection optimizer
2025-01-14 14:51:00.972 [] INFO  - org.hibernate.bytecode.internal.BytecodeProviderInitiator - HHH000021: Bytecode provider name : bytebuddy
2025-01-14 14:51:01.141 [] INFO  - org.springframework.orm.jpa.persistenceunit.SpringPersistenceUnitInfo - No LoadTimeWeaver setup: ignoring JPA class transformer
2025-01-14 14:51:01.163 [] INFO  - com.zaxxer.hikari.HikariDataSource - HikariPool-1 - Starting...
2025-01-14 14:51:01.379 [] INFO  - com.zaxxer.hikari.pool.HikariPool - HikariPool-1 - Added connection org.postgresql.jdbc.PgConnection@49ab249e
2025-01-14 14:51:01.382 [] INFO  - com.zaxxer.hikari.HikariDataSource - HikariPool-1 - Start completed.
2025-01-14 14:51:02.019 [] INFO  - org.hibernate.bytecode.internal.BytecodeProviderInitiator - HHH000021: Bytecode provider name : bytebuddy
2025-01-14 14:51:03.682 [] INFO  - org.hibernate.metamodel.internal.EntityInstantiatorPojoStandard - HHH000182: No default (no-argument) constructor for class: org.ligot.afriyan.entities.UserConnect (class must be instantiated by Interceptor)
2025-01-14 14:51:04.548 [] INFO  - org.hibernate.engine.transaction.jta.platform.internal.JtaPlatformInitiator - HHH000490: Using JtaPlatform implementation: [org.hibernate.engine.transaction.jta.platform.internal.NoJtaPlatform]
2025-01-14 14:51:05.367 [] INFO  - org.springframework.orm.jpa.LocalContainerEntityManagerFactoryBean - Initialized JPA EntityManagerFactory for persistence unit 'default'
2025-01-14 14:51:05.740 [] INFO  - org.springframework.data.jpa.repository.query.QueryEnhancerFactory - Hibernate is in classpath; If applicable, HQL parser will be used.
2025-01-14 14:51:09.213 [] INFO  - org.springframework.boot.actuate.endpoint.web.EndpointLinksResolver - Exposing 1 endpoint(s) beneath base path '/actuator'
2025-01-14 14:51:09.303 [] INFO  - org.springframework.security.web.DefaultSecurityFilterChain - Will secure any request with [org.springframework.security.web.session.DisableEncodeUrlFilter@164cdd62, org.springframework.security.web.context.request.async.WebAsyncManagerIntegrationFilter@2a49de75, org.springframework.security.web.context.SecurityContextHolderFilter@951b321, org.springframework.security.web.header.HeaderWriterFilter@5e75235a, org.springframework.security.web.authentication.logout.LogoutFilter@363aa49d, org.ligot.afriyan.config.securities.JwtAuthenticationFilter@58e3cfe4, org.springframework.security.web.savedrequest.RequestCacheAwareFilter@5e059cee, org.springframework.security.web.servletapi.SecurityContextHolderAwareRequestFilter@4036458d, org.springframework.security.web.authentication.AnonymousAuthenticationFilter@7edbb907, org.springframework.security.web.session.SessionManagementFilter@45fae0aa, org.springframework.security.web.access.ExceptionTranslationFilter@4ddc45c5, org.springframework.security.web.access.intercept.AuthorizationFilter@48fe98f6]
2025-01-14 14:51:09.885 [] INFO  - org.springframework.boot.devtools.autoconfigure.OptionalLiveReloadServer - LiveReload server is running on port 35729
2025-01-14 14:51:09.996 [] INFO  - org.springframework.boot.web.embedded.tomcat.TomcatWebServer - Tomcat started on port(s): 8087 (http) with context path ''
2025-01-14 14:51:10.017 [] INFO  - org.ligot.afriyan.OngafriyanApplication - Started OngafriyanApplication in 13.773 seconds (process running for 15.014)
2025-01-14 14:51:10.500 [] INFO  - org.apache.catalina.core.ContainerBase.[Tomcat].[localhost].[/] - Initializing Spring DispatcherServlet 'dispatcherServlet'
2025-01-14 14:51:10.501 [] INFO  - org.springframework.web.servlet.DispatcherServlet - Initializing Servlet 'dispatcherServlet'
2025-01-14 14:51:10.504 [] INFO  - org.springframework.web.servlet.DispatcherServlet - Completed initialization in 3 ms
2025-01-14 14:52:43.101 [] INFO  - org.ligot.afriyan.OngafriyanApplication - Starting OngafriyanApplication using Java 17.0.1 with PID 7004 (C:\Users\GLC\Documents\Project\Java\Formation\bizz\ongafriyan\target\classes started by GLC in C:\Users\GLC\Documents\Project\Java\Formation\bizz\ongafriyan)
2025-01-14 14:52:43.104 [] INFO  - org.ligot.afriyan.OngafriyanApplication - The following 1 profile is active: "dev"
2025-01-14 14:52:43.208 [] INFO  - org.springframework.boot.devtools.env.DevToolsPropertyDefaultsPostProcessor - Devtools property defaults active! Set 'spring.devtools.add-properties' to 'false' to disable
2025-01-14 14:52:43.208 [] INFO  - org.springframework.boot.devtools.env.DevToolsPropertyDefaultsPostProcessor - For additional web related logging consider setting the 'logging.level.web' property to 'DEBUG'
2025-01-14 14:52:45.042 [] INFO  - org.springframework.data.repository.config.RepositoryConfigurationDelegate - Bootstrapping Spring Data JPA repositories in DEFAULT mode.
2025-01-14 14:52:45.407 [] INFO  - org.springframework.data.repository.config.RepositoryConfigurationDelegate - Finished Spring Data repository scanning in 350 ms. Found 44 JPA repository interfaces.
2025-01-14 14:52:46.292 [] INFO  - org.springframework.boot.web.embedded.tomcat.TomcatWebServer - Tomcat initialized with port(s): 8087 (http)
2025-01-14 14:52:46.303 [] INFO  - org.apache.catalina.core.StandardService - Starting service [Tomcat]
2025-01-14 14:52:46.303 [] INFO  - org.apache.catalina.core.StandardEngine - Starting Servlet engine: [Apache Tomcat/10.1.10]
2025-01-14 14:52:46.396 [] INFO  - org.apache.catalina.core.ContainerBase.[Tomcat].[localhost].[/] - Initializing Spring embedded WebApplicationContext
2025-01-14 14:52:46.397 [] INFO  - org.springframework.boot.web.servlet.context.ServletWebServerApplicationContext - Root WebApplicationContext: initialization completed in 3187 ms
2025-01-14 14:52:46.752 [] INFO  - org.hibernate.jpa.internal.util.LogHelper - HHH000204: Processing PersistenceUnitInfo [name: default]
2025-01-14 14:52:46.818 [] INFO  - org.hibernate.Version - HHH000412: Hibernate ORM core version 6.2.5.Final
2025-01-14 14:52:46.821 [] INFO  - org.hibernate.cfg.Environment - HHH000406: Using bytecode reflection optimizer
2025-01-14 14:52:46.985 [] INFO  - org.hibernate.bytecode.internal.BytecodeProviderInitiator - HHH000021: Bytecode provider name : bytebuddy
2025-01-14 14:52:47.146 [] INFO  - org.springframework.orm.jpa.persistenceunit.SpringPersistenceUnitInfo - No LoadTimeWeaver setup: ignoring JPA class transformer
2025-01-14 14:52:47.171 [] INFO  - com.zaxxer.hikari.HikariDataSource - HikariPool-1 - Starting...
2025-01-14 14:52:47.383 [] INFO  - com.zaxxer.hikari.pool.HikariPool - HikariPool-1 - Added connection org.postgresql.jdbc.PgConnection@22d2cbfa
2025-01-14 14:52:47.385 [] INFO  - com.zaxxer.hikari.HikariDataSource - HikariPool-1 - Start completed.
2025-01-14 14:52:47.994 [] INFO  - org.hibernate.bytecode.internal.BytecodeProviderInitiator - HHH000021: Bytecode provider name : bytebuddy
2025-01-14 14:52:49.099 [] INFO  - org.hibernate.metamodel.internal.EntityInstantiatorPojoStandard - HHH000182: No default (no-argument) constructor for class: org.ligot.afriyan.entities.UserConnect (class must be instantiated by Interceptor)
2025-01-14 14:52:49.600 [] INFO  - org.hibernate.engine.transaction.jta.platform.internal.JtaPlatformInitiator - HHH000490: Using JtaPlatform implementation: [org.hibernate.engine.transaction.jta.platform.internal.NoJtaPlatform]
2025-01-14 14:52:50.253 [] INFO  - org.springframework.orm.jpa.LocalContainerEntityManagerFactoryBean - Initialized JPA EntityManagerFactory for persistence unit 'default'
2025-01-14 14:52:50.546 [] INFO  - org.springframework.data.jpa.repository.query.QueryEnhancerFactory - Hibernate is in classpath; If applicable, HQL parser will be used.
2025-01-14 14:52:54.023 [] INFO  - org.springframework.boot.actuate.endpoint.web.EndpointLinksResolver - Exposing 1 endpoint(s) beneath base path '/actuator'
2025-01-14 14:52:54.111 [] INFO  - org.springframework.security.web.DefaultSecurityFilterChain - Will secure any request with [org.springframework.security.web.session.DisableEncodeUrlFilter@60db0063, org.springframework.security.web.context.request.async.WebAsyncManagerIntegrationFilter@5855af44, org.springframework.security.web.context.SecurityContextHolderFilter@3c2b4feb, org.springframework.security.web.header.HeaderWriterFilter@3735fb40, org.springframework.security.web.authentication.logout.LogoutFilter@4ce10388, org.ligot.afriyan.config.securities.JwtAuthenticationFilter@1511bc72, org.springframework.security.web.savedrequest.RequestCacheAwareFilter@6a7e12e8, org.springframework.security.web.servletapi.SecurityContextHolderAwareRequestFilter@46872b3f, org.springframework.security.web.authentication.AnonymousAuthenticationFilter@3c793b9e, org.springframework.security.web.session.SessionManagementFilter@1700e59a, org.springframework.security.web.access.ExceptionTranslationFilter@5f9f8f61, org.springframework.security.web.access.intercept.AuthorizationFilter@425f5d29]
2025-01-14 14:52:54.633 [] INFO  - org.springframework.boot.devtools.autoconfigure.OptionalLiveReloadServer - LiveReload server is running on port 35729
2025-01-14 14:52:54.733 [] INFO  - org.springframework.boot.web.embedded.tomcat.TomcatWebServer - Tomcat started on port(s): 8087 (http) with context path ''
2025-01-14 14:52:54.753 [] INFO  - org.ligot.afriyan.OngafriyanApplication - Started OngafriyanApplication in 12.178 seconds (process running for 13.39)
2025-01-14 14:52:55.025 [] INFO  - org.apache.catalina.core.ContainerBase.[Tomcat].[localhost].[/] - Initializing Spring DispatcherServlet 'dispatcherServlet'
2025-01-14 14:52:55.026 [] INFO  - org.springframework.web.servlet.DispatcherServlet - Initializing Servlet 'dispatcherServlet'
2025-01-14 14:52:55.029 [] INFO  - org.springframework.web.servlet.DispatcherServlet - Completed initialization in 3 ms
2025-01-14 14:56:01.380 [] INFO  - org.ligot.afriyan.OngafriyanApplication - Starting OngafriyanApplication using Java 17.0.1 with PID 3732 (C:\Users\GLC\Documents\Project\Java\Formation\bizz\ongafriyan\target\classes started by GLC in C:\Users\GLC\Documents\Project\Java\Formation\bizz\ongafriyan)
2025-01-14 14:56:01.384 [] INFO  - org.ligot.afriyan.OngafriyanApplication - The following 1 profile is active: "dev"
2025-01-14 14:56:01.515 [] INFO  - org.springframework.boot.devtools.env.DevToolsPropertyDefaultsPostProcessor - Devtools property defaults active! Set 'spring.devtools.add-properties' to 'false' to disable
2025-01-14 14:56:01.517 [] INFO  - org.springframework.boot.devtools.env.DevToolsPropertyDefaultsPostProcessor - For additional web related logging consider setting the 'logging.level.web' property to 'DEBUG'
2025-01-14 14:56:04.103 [] INFO  - org.springframework.data.repository.config.RepositoryConfigurationDelegate - Bootstrapping Spring Data JPA repositories in DEFAULT mode.
2025-01-14 14:56:04.542 [] INFO  - org.springframework.data.repository.config.RepositoryConfigurationDelegate - Finished Spring Data repository scanning in 425 ms. Found 44 JPA repository interfaces.
2025-01-14 14:56:05.825 [] INFO  - org.springframework.boot.web.embedded.tomcat.TomcatWebServer - Tomcat initialized with port(s): 8087 (http)
2025-01-14 14:56:05.841 [] INFO  - org.apache.catalina.core.StandardService - Starting service [Tomcat]
2025-01-14 14:56:05.842 [] INFO  - org.apache.catalina.core.StandardEngine - Starting Servlet engine: [Apache Tomcat/10.1.10]
2025-01-14 14:56:05.966 [] INFO  - org.apache.catalina.core.ContainerBase.[Tomcat].[localhost].[/] - Initializing Spring embedded WebApplicationContext
2025-01-14 14:56:05.967 [] INFO  - org.springframework.boot.web.servlet.context.ServletWebServerApplicationContext - Root WebApplicationContext: initialization completed in 4446 ms
2025-01-14 14:56:06.407 [] INFO  - org.hibernate.jpa.internal.util.LogHelper - HHH000204: Processing PersistenceUnitInfo [name: default]
2025-01-14 14:56:06.502 [] INFO  - org.hibernate.Version - HHH000412: Hibernate ORM core version 6.2.5.Final
2025-01-14 14:56:06.506 [] INFO  - org.hibernate.cfg.Environment - HHH000406: Using bytecode reflection optimizer
2025-01-14 14:56:06.761 [] INFO  - org.hibernate.bytecode.internal.BytecodeProviderInitiator - HHH000021: Bytecode provider name : bytebuddy
2025-01-14 14:56:06.972 [] INFO  - org.springframework.orm.jpa.persistenceunit.SpringPersistenceUnitInfo - No LoadTimeWeaver setup: ignoring JPA class transformer
2025-01-14 14:56:06.999 [] INFO  - com.zaxxer.hikari.HikariDataSource - HikariPool-1 - Starting...
2025-01-14 14:56:07.277 [] INFO  - com.zaxxer.hikari.pool.HikariPool - HikariPool-1 - Added connection org.postgresql.jdbc.PgConnection@a0311f7
2025-01-14 14:56:07.281 [] INFO  - com.zaxxer.hikari.HikariDataSource - HikariPool-1 - Start completed.
2025-01-14 14:56:08.187 [] INFO  - org.hibernate.bytecode.internal.BytecodeProviderInitiator - HHH000021: Bytecode provider name : bytebuddy
2025-01-14 14:56:09.494 [] INFO  - org.hibernate.metamodel.internal.EntityInstantiatorPojoStandard - HHH000182: No default (no-argument) constructor for class: org.ligot.afriyan.entities.UserConnect (class must be instantiated by Interceptor)
2025-01-14 14:56:10.187 [] INFO  - org.hibernate.engine.transaction.jta.platform.internal.JtaPlatformInitiator - HHH000490: Using JtaPlatform implementation: [org.hibernate.engine.transaction.jta.platform.internal.NoJtaPlatform]
2025-01-14 14:56:10.973 [] INFO  - org.springframework.orm.jpa.LocalContainerEntityManagerFactoryBean - Initialized JPA EntityManagerFactory for persistence unit 'default'
2025-01-14 14:56:11.370 [] INFO  - org.springframework.data.jpa.repository.query.QueryEnhancerFactory - Hibernate is in classpath; If applicable, HQL parser will be used.
2025-01-14 14:56:15.560 [] INFO  - org.springframework.boot.actuate.endpoint.web.EndpointLinksResolver - Exposing 1 endpoint(s) beneath base path '/actuator'
2025-01-14 14:56:15.675 [] INFO  - org.springframework.security.web.DefaultSecurityFilterChain - Will secure any request with [org.springframework.security.web.session.DisableEncodeUrlFilter@edc8b6e, org.springframework.security.web.context.request.async.WebAsyncManagerIntegrationFilter@737060cd, org.springframework.security.web.context.SecurityContextHolderFilter@4537ea38, org.springframework.security.web.header.HeaderWriterFilter@296c5987, org.springframework.security.web.authentication.logout.LogoutFilter@143845c2, org.ligot.afriyan.config.securities.JwtAuthenticationFilter@546dbd83, org.springframework.security.web.savedrequest.RequestCacheAwareFilter@754c6a7f, org.springframework.security.web.servletapi.SecurityContextHolderAwareRequestFilter@263d3900, org.springframework.security.web.authentication.AnonymousAuthenticationFilter@22ed2ffc, org.springframework.security.web.session.SessionManagementFilter@7d5b902, org.springframework.security.web.access.ExceptionTranslationFilter@19743d09, org.springframework.security.web.access.intercept.AuthorizationFilter@4fa3c3]
2025-01-14 14:56:16.403 [] INFO  - org.springframework.boot.devtools.autoconfigure.OptionalLiveReloadServer - LiveReload server is running on port 35729
2025-01-14 14:56:16.536 [] INFO  - org.springframework.boot.web.embedded.tomcat.TomcatWebServer - Tomcat started on port(s): 8087 (http) with context path ''
2025-01-14 14:56:16.560 [] INFO  - org.ligot.afriyan.OngafriyanApplication - Started OngafriyanApplication in 15.785 seconds (process running for 17.529)
2025-01-14 14:56:17.182 [] INFO  - org.apache.catalina.core.ContainerBase.[Tomcat].[localhost].[/] - Initializing Spring DispatcherServlet 'dispatcherServlet'
2025-01-14 14:56:17.182 [] INFO  - org.springframework.web.servlet.DispatcherServlet - Initializing Servlet 'dispatcherServlet'
2025-01-14 14:56:17.187 [] INFO  - org.springframework.web.servlet.DispatcherServlet - Completed initialization in 4 ms
2025-01-14 14:58:28.348 [] INFO  - org.ligot.afriyan.OngafriyanApplication - Starting OngafriyanApplication using Java 17.0.1 with PID 9124 (C:\Users\GLC\Documents\Project\Java\Formation\bizz\ongafriyan\target\classes started by GLC in C:\Users\GLC\Documents\Project\Java\Formation\bizz\ongafriyan)
2025-01-14 14:58:28.352 [] INFO  - org.ligot.afriyan.OngafriyanApplication - The following 1 profile is active: "dev"
2025-01-14 14:58:28.516 [] INFO  - org.springframework.boot.devtools.env.DevToolsPropertyDefaultsPostProcessor - Devtools property defaults active! Set 'spring.devtools.add-properties' to 'false' to disable
2025-01-14 14:58:28.518 [] INFO  - org.springframework.boot.devtools.env.DevToolsPropertyDefaultsPostProcessor - For additional web related logging consider setting the 'logging.level.web' property to 'DEBUG'
2025-01-14 14:58:31.040 [] INFO  - org.springframework.data.repository.config.RepositoryConfigurationDelegate - Bootstrapping Spring Data JPA repositories in DEFAULT mode.
2025-01-14 14:58:31.690 [] INFO  - org.springframework.data.repository.config.RepositoryConfigurationDelegate - Finished Spring Data repository scanning in 633 ms. Found 44 JPA repository interfaces.
2025-01-14 14:58:33.688 [] INFO  - org.springframework.boot.web.embedded.tomcat.TomcatWebServer - Tomcat initialized with port(s): 8087 (http)
2025-01-14 14:58:33.706 [] INFO  - org.apache.catalina.core.StandardService - Starting service [Tomcat]
2025-01-14 14:58:33.708 [] INFO  - org.apache.catalina.core.StandardEngine - Starting Servlet engine: [Apache Tomcat/10.1.10]
2025-01-14 14:58:33.849 [] INFO  - org.apache.catalina.core.ContainerBase.[Tomcat].[localhost].[/] - Initializing Spring embedded WebApplicationContext
2025-01-14 14:58:33.850 [] INFO  - org.springframework.boot.web.servlet.context.ServletWebServerApplicationContext - Root WebApplicationContext: initialization completed in 5330 ms
2025-01-14 14:58:34.233 [] INFO  - org.hibernate.jpa.internal.util.LogHelper - HHH000204: Processing PersistenceUnitInfo [name: default]
2025-01-14 14:58:34.398 [] INFO  - org.hibernate.Version - HHH000412: Hibernate ORM core version 6.2.5.Final
2025-01-14 14:58:34.403 [] INFO  - org.hibernate.cfg.Environment - HHH000406: Using bytecode reflection optimizer
2025-01-14 14:58:34.634 [] INFO  - org.hibernate.bytecode.internal.BytecodeProviderInitiator - HHH000021: Bytecode provider name : bytebuddy
2025-01-14 14:58:34.829 [] INFO  - org.springframework.orm.jpa.persistenceunit.SpringPersistenceUnitInfo - No LoadTimeWeaver setup: ignoring JPA class transformer
2025-01-14 14:58:34.859 [] INFO  - com.zaxxer.hikari.HikariDataSource - HikariPool-1 - Starting...
2025-01-14 14:58:35.087 [] INFO  - com.zaxxer.hikari.pool.HikariPool - HikariPool-1 - Added connection org.postgresql.jdbc.PgConnection@7805de6a
2025-01-14 14:58:35.089 [] INFO  - com.zaxxer.hikari.HikariDataSource - HikariPool-1 - Start completed.
2025-01-14 14:58:35.729 [] INFO  - org.hibernate.bytecode.internal.BytecodeProviderInitiator - HHH000021: Bytecode provider name : bytebuddy
2025-01-14 14:58:36.716 [] INFO  - org.hibernate.metamodel.internal.EntityInstantiatorPojoStandard - HHH000182: No default (no-argument) constructor for class: org.ligot.afriyan.entities.UserConnect (class must be instantiated by Interceptor)
2025-01-14 14:58:37.225 [] INFO  - org.hibernate.engine.transaction.jta.platform.internal.JtaPlatformInitiator - HHH000490: Using JtaPlatform implementation: [org.hibernate.engine.transaction.jta.platform.internal.NoJtaPlatform]
2025-01-14 14:58:37.954 [] INFO  - org.springframework.orm.jpa.LocalContainerEntityManagerFactoryBean - Initialized JPA EntityManagerFactory for persistence unit 'default'
2025-01-14 14:58:38.312 [] INFO  - org.springframework.data.jpa.repository.query.QueryEnhancerFactory - Hibernate is in classpath; If applicable, HQL parser will be used.
2025-01-14 14:58:42.581 [] INFO  - org.springframework.boot.actuate.endpoint.web.EndpointLinksResolver - Exposing 1 endpoint(s) beneath base path '/actuator'
2025-01-14 14:58:42.671 [] INFO  - org.springframework.security.web.DefaultSecurityFilterChain - Will secure any request with [org.springframework.security.web.session.DisableEncodeUrlFilter@3bab0fd8, org.springframework.security.web.context.request.async.WebAsyncManagerIntegrationFilter@5fc99744, org.springframework.security.web.context.SecurityContextHolderFilter@6c1e6a6c, org.springframework.security.web.header.HeaderWriterFilter@4b13ca59, org.springframework.security.web.authentication.logout.LogoutFilter@64ea8c55, org.ligot.afriyan.config.securities.JwtAuthenticationFilter@7a497c9c, org.springframework.security.web.savedrequest.RequestCacheAwareFilter@ce8b1a1, org.springframework.security.web.servletapi.SecurityContextHolderAwareRequestFilter@5832f309, org.springframework.security.web.authentication.AnonymousAuthenticationFilter@4cbe4191, org.springframework.security.web.session.SessionManagementFilter@5e75235a, org.springframework.security.web.access.ExceptionTranslationFilter@7237602b, org.springframework.security.web.access.intercept.AuthorizationFilter@2cc909e0]
2025-01-14 14:58:43.235 [] INFO  - org.springframework.boot.devtools.autoconfigure.OptionalLiveReloadServer - LiveReload server is running on port 35729
2025-01-14 14:58:43.360 [] INFO  - org.springframework.boot.web.embedded.tomcat.TomcatWebServer - Tomcat started on port(s): 8087 (http) with context path ''
2025-01-14 14:58:43.379 [] INFO  - org.ligot.afriyan.OngafriyanApplication - Started OngafriyanApplication in 15.648 seconds (process running for 17.209)
2025-01-14 14:58:43.817 [] INFO  - org.apache.catalina.core.ContainerBase.[Tomcat].[localhost].[/] - Initializing Spring DispatcherServlet 'dispatcherServlet'
2025-01-14 14:58:43.818 [] INFO  - org.springframework.web.servlet.DispatcherServlet - Initializing Servlet 'dispatcherServlet'
2025-01-14 14:58:43.821 [] INFO  - org.springframework.web.servlet.DispatcherServlet - Completed initialization in 3 ms
2025-01-14 15:00:11.768 [] INFO  - org.ligot.afriyan.OngafriyanApplication - Starting OngafriyanApplication using Java 17.0.1 with PID 9800 (C:\Users\GLC\Documents\Project\Java\Formation\bizz\ongafriyan\target\classes started by GLC in C:\Users\GLC\Documents\Project\Java\Formation\bizz\ongafriyan)
2025-01-14 15:00:11.770 [] INFO  - org.ligot.afriyan.OngafriyanApplication - The following 1 profile is active: "dev"
2025-01-14 15:00:11.862 [] INFO  - org.springframework.boot.devtools.env.DevToolsPropertyDefaultsPostProcessor - Devtools property defaults active! Set 'spring.devtools.add-properties' to 'false' to disable
2025-01-14 15:00:11.862 [] INFO  - org.springframework.boot.devtools.env.DevToolsPropertyDefaultsPostProcessor - For additional web related logging consider setting the 'logging.level.web' property to 'DEBUG'
2025-01-14 15:00:14.929 [] INFO  - org.springframework.data.repository.config.RepositoryConfigurationDelegate - Bootstrapping Spring Data JPA repositories in DEFAULT mode.
2025-01-14 15:00:15.530 [] INFO  - org.springframework.data.repository.config.RepositoryConfigurationDelegate - Finished Spring Data repository scanning in 579 ms. Found 44 JPA repository interfaces.
2025-01-14 15:00:17.188 [] INFO  - org.springframework.boot.web.embedded.tomcat.TomcatWebServer - Tomcat initialized with port(s): 8087 (http)
2025-01-14 15:00:17.207 [] INFO  - org.apache.catalina.core.StandardService - Starting service [Tomcat]
2025-01-14 15:00:17.208 [] INFO  - org.apache.catalina.core.StandardEngine - Starting Servlet engine: [Apache Tomcat/10.1.10]
2025-01-14 15:00:17.404 [] INFO  - org.apache.catalina.core.ContainerBase.[Tomcat].[localhost].[/] - Initializing Spring embedded WebApplicationContext
2025-01-14 15:00:17.405 [] INFO  - org.springframework.boot.web.servlet.context.ServletWebServerApplicationContext - Root WebApplicationContext: initialization completed in 5541 ms
2025-01-14 15:00:18.187 [] INFO  - org.hibernate.jpa.internal.util.LogHelper - HHH000204: Processing PersistenceUnitInfo [name: default]
2025-01-14 15:00:18.283 [] INFO  - org.hibernate.Version - HHH000412: Hibernate ORM core version 6.2.5.Final
2025-01-14 15:00:18.287 [] INFO  - org.hibernate.cfg.Environment - HHH000406: Using bytecode reflection optimizer
2025-01-14 15:00:18.530 [] INFO  - org.hibernate.bytecode.internal.BytecodeProviderInitiator - HHH000021: Bytecode provider name : bytebuddy
2025-01-14 15:00:18.831 [] INFO  - org.springframework.orm.jpa.persistenceunit.SpringPersistenceUnitInfo - No LoadTimeWeaver setup: ignoring JPA class transformer
2025-01-14 15:00:18.860 [] INFO  - com.zaxxer.hikari.HikariDataSource - HikariPool-1 - Starting...
2025-01-14 15:00:19.142 [] INFO  - com.zaxxer.hikari.pool.HikariPool - HikariPool-1 - Added connection org.postgresql.jdbc.PgConnection@14786b00
2025-01-14 15:00:19.147 [] INFO  - com.zaxxer.hikari.HikariDataSource - HikariPool-1 - Start completed.
2025-01-14 15:00:19.998 [] INFO  - org.hibernate.bytecode.internal.BytecodeProviderInitiator - HHH000021: Bytecode provider name : bytebuddy
2025-01-14 15:00:21.342 [] INFO  - org.hibernate.metamodel.internal.EntityInstantiatorPojoStandard - HHH000182: No default (no-argument) constructor for class: org.ligot.afriyan.entities.UserConnect (class must be instantiated by Interceptor)
2025-01-14 15:00:22.015 [] INFO  - org.hibernate.engine.transaction.jta.platform.internal.JtaPlatformInitiator - HHH000490: Using JtaPlatform implementation: [org.hibernate.engine.transaction.jta.platform.internal.NoJtaPlatform]
2025-01-14 15:00:22.798 [] INFO  - org.springframework.orm.jpa.LocalContainerEntityManagerFactoryBean - Initialized JPA EntityManagerFactory for persistence unit 'default'
2025-01-14 15:00:23.291 [] INFO  - org.springframework.data.jpa.repository.query.QueryEnhancerFactory - Hibernate is in classpath; If applicable, HQL parser will be used.
2025-01-14 15:00:27.344 [] INFO  - org.springframework.boot.actuate.endpoint.web.EndpointLinksResolver - Exposing 1 endpoint(s) beneath base path '/actuator'
2025-01-14 15:00:27.430 [] INFO  - org.springframework.security.web.DefaultSecurityFilterChain - Will secure any request with [org.springframework.security.web.session.DisableEncodeUrlFilter@39545494, org.springframework.security.web.context.request.async.WebAsyncManagerIntegrationFilter@1c987322, org.springframework.security.web.context.SecurityContextHolderFilter@359fe36f, org.springframework.security.web.header.HeaderWriterFilter@50262e4d, org.springframework.security.web.authentication.logout.LogoutFilter@3e205813, org.ligot.afriyan.config.securities.JwtAuthenticationFilter@48b89a57, org.springframework.security.web.savedrequest.RequestCacheAwareFilter@26f45936, org.springframework.security.web.servletapi.SecurityContextHolderAwareRequestFilter@21cfb5cc, org.springframework.security.web.authentication.AnonymousAuthenticationFilter@40de91ff, org.springframework.security.web.session.SessionManagementFilter@394d0155, org.springframework.security.web.access.ExceptionTranslationFilter@493f4f20, org.springframework.security.web.access.intercept.AuthorizationFilter@3a63f145]
2025-01-14 15:00:28.148 [] INFO  - org.springframework.boot.devtools.autoconfigure.OptionalLiveReloadServer - LiveReload server is running on port 35729
2025-01-14 15:00:28.425 [] INFO  - org.springframework.boot.web.embedded.tomcat.TomcatWebServer - Tomcat started on port(s): 8087 (http) with context path ''
2025-01-14 15:00:28.461 [] INFO  - org.ligot.afriyan.OngafriyanApplication - Started OngafriyanApplication in 17.174 seconds (process running for 18.563)
2025-01-14 15:00:28.971 [] INFO  - org.apache.catalina.core.ContainerBase.[Tomcat].[localhost].[/] - Initializing Spring DispatcherServlet 'dispatcherServlet'
2025-01-14 15:00:28.972 [] INFO  - org.springframework.web.servlet.DispatcherServlet - Initializing Servlet 'dispatcherServlet'
2025-01-14 15:00:28.976 [] INFO  - org.springframework.web.servlet.DispatcherServlet - Completed initialization in 3 ms
2025-01-14 15:02:39.090 [] INFO  - org.ligot.afriyan.OngafriyanApplication - Starting OngafriyanApplication using Java 17.0.1 with PID 8800 (C:\Users\GLC\Documents\Project\Java\Formation\bizz\ongafriyan\target\classes started by GLC in C:\Users\GLC\Documents\Project\Java\Formation\bizz\ongafriyan)
2025-01-14 15:02:39.093 [] INFO  - org.ligot.afriyan.OngafriyanApplication - The following 1 profile is active: "dev"
2025-01-14 15:02:39.186 [] INFO  - org.springframework.boot.devtools.env.DevToolsPropertyDefaultsPostProcessor - Devtools property defaults active! Set 'spring.devtools.add-properties' to 'false' to disable
2025-01-14 15:02:39.186 [] INFO  - org.springframework.boot.devtools.env.DevToolsPropertyDefaultsPostProcessor - For additional web related logging consider setting the 'logging.level.web' property to 'DEBUG'
2025-01-14 15:02:41.152 [] INFO  - org.springframework.data.repository.config.RepositoryConfigurationDelegate - Bootstrapping Spring Data JPA repositories in DEFAULT mode.
2025-01-14 15:02:41.561 [] INFO  - org.springframework.data.repository.config.RepositoryConfigurationDelegate - Finished Spring Data repository scanning in 395 ms. Found 44 JPA repository interfaces.
2025-01-14 15:02:42.502 [] INFO  - org.springframework.boot.web.embedded.tomcat.TomcatWebServer - Tomcat initialized with port(s): 8087 (http)
2025-01-14 15:02:42.522 [] INFO  - org.apache.catalina.core.StandardService - Starting service [Tomcat]
2025-01-14 15:02:42.523 [] INFO  - org.apache.catalina.core.StandardEngine - Starting Servlet engine: [Apache Tomcat/10.1.10]
2025-01-14 15:02:42.631 [] INFO  - org.apache.catalina.core.ContainerBase.[Tomcat].[localhost].[/] - Initializing Spring embedded WebApplicationContext
2025-01-14 15:02:42.631 [] INFO  - org.springframework.boot.web.servlet.context.ServletWebServerApplicationContext - Root WebApplicationContext: initialization completed in 3444 ms
2025-01-14 15:02:42.973 [] INFO  - org.hibernate.jpa.internal.util.LogHelper - HHH000204: Processing PersistenceUnitInfo [name: default]
2025-01-14 15:02:43.058 [] INFO  - org.hibernate.Version - HHH000412: Hibernate ORM core version 6.2.5.Final
2025-01-14 15:02:43.062 [] INFO  - org.hibernate.cfg.Environment - HHH000406: Using bytecode reflection optimizer
2025-01-14 15:02:43.249 [] INFO  - org.hibernate.bytecode.internal.BytecodeProviderInitiator - HHH000021: Bytecode provider name : bytebuddy
2025-01-14 15:02:43.417 [] INFO  - org.springframework.orm.jpa.persistenceunit.SpringPersistenceUnitInfo - No LoadTimeWeaver setup: ignoring JPA class transformer
2025-01-14 15:02:43.437 [] INFO  - com.zaxxer.hikari.HikariDataSource - HikariPool-1 - Starting...
2025-01-14 15:02:43.662 [] INFO  - com.zaxxer.hikari.pool.HikariPool - HikariPool-1 - Added connection org.postgresql.jdbc.PgConnection@7f418e1
2025-01-14 15:02:43.664 [] INFO  - com.zaxxer.hikari.HikariDataSource - HikariPool-1 - Start completed.
2025-01-14 15:02:44.378 [] INFO  - org.hibernate.bytecode.internal.BytecodeProviderInitiator - HHH000021: Bytecode provider name : bytebuddy
2025-01-14 15:02:45.440 [] INFO  - org.hibernate.metamodel.internal.EntityInstantiatorPojoStandard - HHH000182: No default (no-argument) constructor for class: org.ligot.afriyan.entities.UserConnect (class must be instantiated by Interceptor)
2025-01-14 15:02:45.998 [] INFO  - org.hibernate.engine.transaction.jta.platform.internal.JtaPlatformInitiator - HHH000490: Using JtaPlatform implementation: [org.hibernate.engine.transaction.jta.platform.internal.NoJtaPlatform]
2025-01-14 15:02:46.664 [] INFO  - org.springframework.orm.jpa.LocalContainerEntityManagerFactoryBean - Initialized JPA EntityManagerFactory for persistence unit 'default'
2025-01-14 15:02:46.991 [] INFO  - org.springframework.data.jpa.repository.query.QueryEnhancerFactory - Hibernate is in classpath; If applicable, HQL parser will be used.
2025-01-14 15:02:50.462 [] INFO  - org.springframework.boot.actuate.endpoint.web.EndpointLinksResolver - Exposing 1 endpoint(s) beneath base path '/actuator'
2025-01-14 15:02:50.559 [] INFO  - org.springframework.security.web.DefaultSecurityFilterChain - Will secure any request with [org.springframework.security.web.session.DisableEncodeUrlFilter@425f5d29, org.springframework.security.web.context.request.async.WebAsyncManagerIntegrationFilter@47b46f87, org.springframework.security.web.context.SecurityContextHolderFilter@1700e59a, org.springframework.security.web.header.HeaderWriterFilter@5f0a433, org.springframework.security.web.authentication.logout.LogoutFilter@3c0dd9be, org.ligot.afriyan.config.securities.JwtAuthenticationFilter@74680c4e, org.springframework.security.web.savedrequest.RequestCacheAwareFilter@591eb969, org.springframework.security.web.servletapi.SecurityContextHolderAwareRequestFilter@3c2b4feb, org.springframework.security.web.authentication.AnonymousAuthenticationFilter@70c1a98b, org.springframework.security.web.session.SessionManagementFilter@40534d1d, org.springframework.security.web.access.ExceptionTranslationFilter@38aa201a, org.springframework.security.web.access.intercept.AuthorizationFilter@5f0b4ca1]
2025-01-14 15:02:51.142 [] INFO  - org.springframework.boot.devtools.autoconfigure.OptionalLiveReloadServer - LiveReload server is running on port 35729
2025-01-14 15:02:51.260 [] INFO  - org.springframework.boot.web.embedded.tomcat.TomcatWebServer - Tomcat started on port(s): 8087 (http) with context path ''
2025-01-14 15:02:51.282 [] INFO  - org.ligot.afriyan.OngafriyanApplication - Started OngafriyanApplication in 12.701 seconds (process running for 14.552)
2025-01-14 15:02:51.493 [] INFO  - org.apache.catalina.core.ContainerBase.[Tomcat].[localhost].[/] - Initializing Spring DispatcherServlet 'dispatcherServlet'
2025-01-14 15:02:51.494 [] INFO  - org.springframework.web.servlet.DispatcherServlet - Initializing Servlet 'dispatcherServlet'
2025-01-14 15:02:51.497 [] INFO  - org.springframework.web.servlet.DispatcherServlet - Completed initialization in 3 ms
2025-01-14 15:05:19.190 [] INFO  - org.ligot.afriyan.OngafriyanApplication - Starting OngafriyanApplication using Java 17.0.1 with PID 4040 (C:\Users\GLC\Documents\Project\Java\Formation\bizz\ongafriyan\target\classes started by GLC in C:\Users\GLC\Documents\Project\Java\Formation\bizz\ongafriyan)
2025-01-14 15:05:19.197 [] INFO  - org.ligot.afriyan.OngafriyanApplication - The following 1 profile is active: "dev"
2025-01-14 15:05:19.373 [] INFO  - org.springframework.boot.devtools.env.DevToolsPropertyDefaultsPostProcessor - Devtools property defaults active! Set 'spring.devtools.add-properties' to 'false' to disable
2025-01-14 15:05:19.374 [] INFO  - org.springframework.boot.devtools.env.DevToolsPropertyDefaultsPostProcessor - For additional web related logging consider setting the 'logging.level.web' property to 'DEBUG'
2025-01-14 15:05:22.244 [] INFO  - org.springframework.data.repository.config.RepositoryConfigurationDelegate - Bootstrapping Spring Data JPA repositories in DEFAULT mode.
2025-01-14 15:05:22.777 [] INFO  - org.springframework.data.repository.config.RepositoryConfigurationDelegate - Finished Spring Data repository scanning in 522 ms. Found 44 JPA repository interfaces.
2025-01-14 15:05:24.111 [] INFO  - org.springframework.boot.web.embedded.tomcat.TomcatWebServer - Tomcat initialized with port(s): 8087 (http)
2025-01-14 15:05:24.130 [] INFO  - org.apache.catalina.core.StandardService - Starting service [Tomcat]
2025-01-14 15:05:24.130 [] INFO  - org.apache.catalina.core.StandardEngine - Starting Servlet engine: [Apache Tomcat/10.1.10]
2025-01-14 15:05:24.279 [] INFO  - org.apache.catalina.core.ContainerBase.[Tomcat].[localhost].[/] - Initializing Spring embedded WebApplicationContext
2025-01-14 15:05:24.280 [] INFO  - org.springframework.boot.web.servlet.context.ServletWebServerApplicationContext - Root WebApplicationContext: initialization completed in 4902 ms
2025-01-14 15:05:24.749 [] INFO  - org.hibernate.jpa.internal.util.LogHelper - HHH000204: Processing PersistenceUnitInfo [name: default]
2025-01-14 15:05:24.859 [] INFO  - org.hibernate.Version - HHH000412: Hibernate ORM core version 6.2.5.Final
2025-01-14 15:05:24.863 [] INFO  - org.hibernate.cfg.Environment - HHH000406: Using bytecode reflection optimizer
2025-01-14 15:05:25.110 [] INFO  - org.hibernate.bytecode.internal.BytecodeProviderInitiator - HHH000021: Bytecode provider name : bytebuddy
2025-01-14 15:05:25.350 [] INFO  - org.springframework.orm.jpa.persistenceunit.SpringPersistenceUnitInfo - No LoadTimeWeaver setup: ignoring JPA class transformer
2025-01-14 15:05:25.380 [] INFO  - com.zaxxer.hikari.HikariDataSource - HikariPool-1 - Starting...
2025-01-14 15:05:25.670 [] INFO  - com.zaxxer.hikari.pool.HikariPool - HikariPool-1 - Added connection org.postgresql.jdbc.PgConnection@1bca7fcc
2025-01-14 15:05:25.675 [] INFO  - com.zaxxer.hikari.HikariDataSource - HikariPool-1 - Start completed.
2025-01-14 15:05:26.627 [] INFO  - org.hibernate.bytecode.internal.BytecodeProviderInitiator - HHH000021: Bytecode provider name : bytebuddy
2025-01-14 15:05:28.260 [] INFO  - org.hibernate.metamodel.internal.EntityInstantiatorPojoStandard - HHH000182: No default (no-argument) constructor for class: org.ligot.afriyan.entities.UserConnect (class must be instantiated by Interceptor)
2025-01-14 15:05:29.046 [] INFO  - org.hibernate.engine.transaction.jta.platform.internal.JtaPlatformInitiator - HHH000490: Using JtaPlatform implementation: [org.hibernate.engine.transaction.jta.platform.internal.NoJtaPlatform]
2025-01-14 15:05:29.913 [] INFO  - org.springframework.orm.jpa.LocalContainerEntityManagerFactoryBean - Initialized JPA EntityManagerFactory for persistence unit 'default'
2025-01-14 15:05:30.457 [] INFO  - org.springframework.data.jpa.repository.query.QueryEnhancerFactory - Hibernate is in classpath; If applicable, HQL parser will be used.
2025-01-14 15:05:35.253 [] INFO  - org.springframework.boot.actuate.endpoint.web.EndpointLinksResolver - Exposing 1 endpoint(s) beneath base path '/actuator'
2025-01-14 15:05:35.367 [] INFO  - org.springframework.security.web.DefaultSecurityFilterChain - Will secure any request with [org.springframework.security.web.session.DisableEncodeUrlFilter@4da2cc03, org.springframework.security.web.context.request.async.WebAsyncManagerIntegrationFilter@60791c56, org.springframework.security.web.context.SecurityContextHolderFilter@2e221417, org.springframework.security.web.header.HeaderWriterFilter@27f42e58, org.springframework.security.web.authentication.logout.LogoutFilter@221e7ec, org.ligot.afriyan.config.securities.JwtAuthenticationFilter@7a2fd85e, org.springframework.security.web.savedrequest.RequestCacheAwareFilter@1c4688fc, org.springframework.security.web.servletapi.SecurityContextHolderAwareRequestFilter@57afd1bf, org.springframework.security.web.authentication.AnonymousAuthenticationFilter@4a5b1245, org.springframework.security.web.session.SessionManagementFilter@7d95ab43, org.springframework.security.web.access.ExceptionTranslationFilter@5c2161d5, org.springframework.security.web.access.intercept.AuthorizationFilter@6f085fce]
2025-01-14 15:05:36.139 [] INFO  - org.springframework.boot.devtools.autoconfigure.OptionalLiveReloadServer - LiveReload server is running on port 35729
2025-01-14 15:05:36.423 [] INFO  - org.springframework.boot.web.embedded.tomcat.TomcatWebServer - Tomcat started on port(s): 8087 (http) with context path ''
2025-01-14 15:05:36.473 [] INFO  - org.ligot.afriyan.OngafriyanApplication - Started OngafriyanApplication in 17.962 seconds (process running for 19.715)
2025-01-14 15:05:36.898 [] INFO  - org.apache.catalina.core.ContainerBase.[Tomcat].[localhost].[/] - Initializing Spring DispatcherServlet 'dispatcherServlet'
2025-01-14 15:05:36.899 [] INFO  - org.springframework.web.servlet.DispatcherServlet - Initializing Servlet 'dispatcherServlet'
2025-01-14 15:05:36.902 [] INFO  - org.springframework.web.servlet.DispatcherServlet - Completed initialization in 3 ms
2025-01-14 15:06:22.788 [] INFO  - org.springframework.orm.jpa.LocalContainerEntityManagerFactoryBean - Closing JPA EntityManagerFactory for persistence unit 'default'
2025-01-14 15:06:22.792 [] INFO  - com.zaxxer.hikari.HikariDataSource - HikariPool-1 - Shutdown initiated...
2025-01-14 15:06:22.805 [] INFO  - com.zaxxer.hikari.HikariDataSource - HikariPool-1 - Shutdown completed.
2025-01-14 15:06:29.624 [] INFO  - org.ligot.afriyan.OngafriyanApplication - Starting OngafriyanApplication using Java 17.0.1 with PID 2576 (C:\Users\GLC\Documents\Project\Java\Formation\bizz\ongafriyan\target\classes started by GLC in C:\Users\GLC\Documents\Project\Java\Formation\bizz\ongafriyan)
2025-01-14 15:06:29.627 [] INFO  - org.ligot.afriyan.OngafriyanApplication - The following 1 profile is active: "dev"
2025-01-14 15:06:29.724 [] INFO  - org.springframework.boot.devtools.env.DevToolsPropertyDefaultsPostProcessor - Devtools property defaults active! Set 'spring.devtools.add-properties' to 'false' to disable
2025-01-14 15:06:29.724 [] INFO  - org.springframework.boot.devtools.env.DevToolsPropertyDefaultsPostProcessor - For additional web related logging consider setting the 'logging.level.web' property to 'DEBUG'
2025-01-14 15:06:31.755 [] INFO  - org.springframework.data.repository.config.RepositoryConfigurationDelegate - Bootstrapping Spring Data JPA repositories in DEFAULT mode.
2025-01-14 15:06:32.163 [] INFO  - org.springframework.data.repository.config.RepositoryConfigurationDelegate - Finished Spring Data repository scanning in 392 ms. Found 44 JPA repository interfaces.
2025-01-14 15:06:33.243 [] INFO  - org.springframework.boot.web.embedded.tomcat.TomcatWebServer - Tomcat initialized with port(s): 8087 (http)
2025-01-14 15:06:33.254 [] INFO  - org.apache.catalina.core.StandardService - Starting service [Tomcat]
2025-01-14 15:06:33.255 [] INFO  - org.apache.catalina.core.StandardEngine - Starting Servlet engine: [Apache Tomcat/10.1.10]
2025-01-14 15:06:33.363 [] INFO  - org.apache.catalina.core.ContainerBase.[Tomcat].[localhost].[/] - Initializing Spring embedded WebApplicationContext
2025-01-14 15:06:33.364 [] INFO  - org.springframework.boot.web.servlet.context.ServletWebServerApplicationContext - Root WebApplicationContext: initialization completed in 3638 ms
2025-01-14 15:06:33.740 [] INFO  - org.hibernate.jpa.internal.util.LogHelper - HHH000204: Processing PersistenceUnitInfo [name: default]
2025-01-14 15:06:33.816 [] INFO  - org.hibernate.Version - HHH000412: Hibernate ORM core version 6.2.5.Final
2025-01-14 15:06:33.820 [] INFO  - org.hibernate.cfg.Environment - HHH000406: Using bytecode reflection optimizer
2025-01-14 15:06:34.034 [] INFO  - org.hibernate.bytecode.internal.BytecodeProviderInitiator - HHH000021: Bytecode provider name : bytebuddy
2025-01-14 15:06:34.227 [] INFO  - org.springframework.orm.jpa.persistenceunit.SpringPersistenceUnitInfo - No LoadTimeWeaver setup: ignoring JPA class transformer
2025-01-14 15:06:34.250 [] INFO  - com.zaxxer.hikari.HikariDataSource - HikariPool-1 - Starting...
2025-01-14 15:06:34.478 [] INFO  - com.zaxxer.hikari.pool.HikariPool - HikariPool-1 - Added connection org.postgresql.jdbc.PgConnection@14786b00
2025-01-14 15:06:34.481 [] INFO  - com.zaxxer.hikari.HikariDataSource - HikariPool-1 - Start completed.
2025-01-14 15:06:35.203 [] INFO  - org.hibernate.bytecode.internal.BytecodeProviderInitiator - HHH000021: Bytecode provider name : bytebuddy
2025-01-14 15:06:36.324 [] INFO  - org.hibernate.metamodel.internal.EntityInstantiatorPojoStandard - HHH000182: No default (no-argument) constructor for class: org.ligot.afriyan.entities.UserConnect (class must be instantiated by Interceptor)
2025-01-14 15:06:36.931 [] INFO  - org.hibernate.engine.transaction.jta.platform.internal.JtaPlatformInitiator - HHH000490: Using JtaPlatform implementation: [org.hibernate.engine.transaction.jta.platform.internal.NoJtaPlatform]
2025-01-14 15:06:37.633 [] INFO  - org.springframework.orm.jpa.LocalContainerEntityManagerFactoryBean - Initialized JPA EntityManagerFactory for persistence unit 'default'
2025-01-14 15:06:37.994 [] INFO  - org.springframework.data.jpa.repository.query.QueryEnhancerFactory - Hibernate is in classpath; If applicable, HQL parser will be used.
2025-01-14 15:06:41.476 [] INFO  - org.springframework.boot.actuate.endpoint.web.EndpointLinksResolver - Exposing 1 endpoint(s) beneath base path '/actuator'
2025-01-14 15:06:41.572 [] INFO  - org.springframework.security.web.DefaultSecurityFilterChain - Will secure any request with [org.springframework.security.web.session.DisableEncodeUrlFilter@70c0d015, org.springframework.security.web.context.request.async.WebAsyncManagerIntegrationFilter@34217d87, org.springframework.security.web.context.SecurityContextHolderFilter@68846763, org.springframework.security.web.header.HeaderWriterFilter@759e0208, org.springframework.security.web.authentication.logout.LogoutFilter@591bc4e0, org.ligot.afriyan.config.securities.JwtAuthenticationFilter@567c92b7, org.springframework.security.web.savedrequest.RequestCacheAwareFilter@79494733, org.springframework.security.web.servletapi.SecurityContextHolderAwareRequestFilter@4ff184da, org.springframework.security.web.authentication.AnonymousAuthenticationFilter@7ca89cf3, org.springframework.security.web.session.SessionManagementFilter@3cee3cc0, org.springframework.security.web.access.ExceptionTranslationFilter@6b871a50, org.springframework.security.web.access.intercept.AuthorizationFilter@6f95761c]
2025-01-14 15:06:42.191 [] INFO  - org.springframework.boot.devtools.autoconfigure.OptionalLiveReloadServer - LiveReload server is running on port 35729
2025-01-14 15:06:42.304 [] INFO  - org.springframework.boot.web.embedded.tomcat.TomcatWebServer - Tomcat started on port(s): 8087 (http) with context path ''
2025-01-14 15:06:42.329 [] INFO  - org.ligot.afriyan.OngafriyanApplication - Started OngafriyanApplication in 13.196 seconds (process running for 14.493)
2025-01-14 15:06:42.740 [] INFO  - org.apache.catalina.core.ContainerBase.[Tomcat].[localhost].[/] - Initializing Spring DispatcherServlet 'dispatcherServlet'
2025-01-14 15:06:42.741 [] INFO  - org.springframework.web.servlet.DispatcherServlet - Initializing Servlet 'dispatcherServlet'
2025-01-14 15:06:42.745 [] INFO  - org.springframework.web.servlet.DispatcherServlet - Completed initialization in 3 ms
2025-01-14 15:08:06.936 [] INFO  - org.springframework.orm.jpa.LocalContainerEntityManagerFactoryBean - Closing JPA EntityManagerFactory for persistence unit 'default'
2025-01-14 15:08:06.941 [] INFO  - com.zaxxer.hikari.HikariDataSource - HikariPool-1 - Shutdown initiated...
2025-01-14 15:08:06.957 [] INFO  - com.zaxxer.hikari.HikariDataSource - HikariPool-1 - Shutdown completed.
2025-01-14 15:08:13.065 [] INFO  - org.ligot.afriyan.OngafriyanApplication - Starting OngafriyanApplication using Java 17.0.1 with PID 19444 (C:\Users\GLC\Documents\Project\Java\Formation\bizz\ongafriyan\target\classes started by GLC in C:\Users\GLC\Documents\Project\Java\Formation\bizz\ongafriyan)
2025-01-14 15:08:13.067 [] INFO  - org.ligot.afriyan.OngafriyanApplication - The following 1 profile is active: "dev"
2025-01-14 15:08:13.151 [] INFO  - org.springframework.boot.devtools.env.DevToolsPropertyDefaultsPostProcessor - Devtools property defaults active! Set 'spring.devtools.add-properties' to 'false' to disable
2025-01-14 15:08:13.151 [] INFO  - org.springframework.boot.devtools.env.DevToolsPropertyDefaultsPostProcessor - For additional web related logging consider setting the 'logging.level.web' property to 'DEBUG'
2025-01-14 15:08:15.126 [] INFO  - org.springframework.data.repository.config.RepositoryConfigurationDelegate - Bootstrapping Spring Data JPA repositories in DEFAULT mode.
2025-01-14 15:08:15.517 [] INFO  - org.springframework.data.repository.config.RepositoryConfigurationDelegate - Finished Spring Data repository scanning in 379 ms. Found 44 JPA repository interfaces.
2025-01-14 15:08:16.595 [] INFO  - org.springframework.boot.web.embedded.tomcat.TomcatWebServer - Tomcat initialized with port(s): 8087 (http)
2025-01-14 15:08:16.607 [] INFO  - org.apache.catalina.core.StandardService - Starting service [Tomcat]
2025-01-14 15:08:16.608 [] INFO  - org.apache.catalina.core.StandardEngine - Starting Servlet engine: [Apache Tomcat/10.1.10]
2025-01-14 15:08:16.721 [] INFO  - org.apache.catalina.core.ContainerBase.[Tomcat].[localhost].[/] - Initializing Spring embedded WebApplicationContext
2025-01-14 15:08:16.722 [] INFO  - org.springframework.boot.web.servlet.context.ServletWebServerApplicationContext - Root WebApplicationContext: initialization completed in 3570 ms
2025-01-14 15:08:17.180 [] INFO  - org.hibernate.jpa.internal.util.LogHelper - HHH000204: Processing PersistenceUnitInfo [name: default]
2025-01-14 15:08:17.263 [] INFO  - org.hibernate.Version - HHH000412: Hibernate ORM core version 6.2.5.Final
2025-01-14 15:08:17.269 [] INFO  - org.hibernate.cfg.Environment - HHH000406: Using bytecode reflection optimizer
2025-01-14 15:08:17.782 [] INFO  - org.hibernate.bytecode.internal.BytecodeProviderInitiator - HHH000021: Bytecode provider name : bytebuddy
2025-01-14 15:08:17.981 [] INFO  - org.springframework.orm.jpa.persistenceunit.SpringPersistenceUnitInfo - No LoadTimeWeaver setup: ignoring JPA class transformer
2025-01-14 15:08:18.006 [] INFO  - com.zaxxer.hikari.HikariDataSource - HikariPool-1 - Starting...
2025-01-14 15:08:18.226 [] INFO  - com.zaxxer.hikari.pool.HikariPool - HikariPool-1 - Added connection org.postgresql.jdbc.PgConnection@7805de6a
2025-01-14 15:08:18.228 [] INFO  - com.zaxxer.hikari.HikariDataSource - HikariPool-1 - Start completed.
2025-01-14 15:08:18.892 [] INFO  - org.hibernate.bytecode.internal.BytecodeProviderInitiator - HHH000021: Bytecode provider name : bytebuddy
2025-01-14 15:08:20.019 [] INFO  - org.hibernate.metamodel.internal.EntityInstantiatorPojoStandard - HHH000182: No default (no-argument) constructor for class: org.ligot.afriyan.entities.UserConnect (class must be instantiated by Interceptor)
2025-01-14 15:08:20.610 [] INFO  - org.hibernate.engine.transaction.jta.platform.internal.JtaPlatformInitiator - HHH000490: Using JtaPlatform implementation: [org.hibernate.engine.transaction.jta.platform.internal.NoJtaPlatform]
2025-01-14 15:08:21.319 [] INFO  - org.springframework.orm.jpa.LocalContainerEntityManagerFactoryBean - Initialized JPA EntityManagerFactory for persistence unit 'default'
2025-01-14 15:08:21.747 [] INFO  - org.springframework.data.jpa.repository.query.QueryEnhancerFactory - Hibernate is in classpath; If applicable, HQL parser will be used.
2025-01-14 15:08:30.587 [] INFO  - org.springframework.boot.actuate.endpoint.web.EndpointLinksResolver - Exposing 1 endpoint(s) beneath base path '/actuator'
2025-01-14 15:08:30.888 [] INFO  - org.springframework.security.web.DefaultSecurityFilterChain - Will secure any request with [org.springframework.security.web.session.DisableEncodeUrlFilter@447a2e11, org.springframework.security.web.context.request.async.WebAsyncManagerIntegrationFilter@38d207fa, org.springframework.security.web.context.SecurityContextHolderFilter@7ecadbfa, org.springframework.security.web.header.HeaderWriterFilter@5972a00, org.springframework.security.web.authentication.logout.LogoutFilter@6c1e6a6c, org.ligot.afriyan.config.securities.JwtAuthenticationFilter@7a497c9c, org.springframework.security.web.savedrequest.RequestCacheAwareFilter@34140a1f, org.springframework.security.web.servletapi.SecurityContextHolderAwareRequestFilter@1912cf6e, org.springframework.security.web.authentication.AnonymousAuthenticationFilter@4ac21ee2, org.springframework.security.web.session.SessionManagementFilter@26108743, org.springframework.security.web.access.ExceptionTranslationFilter@6d3858e4, org.springframework.security.web.access.intercept.AuthorizationFilter@1bbcfd11]
2025-01-14 15:08:32.269 [] INFO  - org.springframework.boot.devtools.autoconfigure.OptionalLiveReloadServer - LiveReload server is running on port 35729
2025-01-14 15:08:32.423 [] INFO  - org.springframework.boot.web.embedded.tomcat.TomcatWebServer - Tomcat started on port(s): 8087 (http) with context path ''
2025-01-14 15:08:32.453 [] INFO  - org.ligot.afriyan.OngafriyanApplication - Started OngafriyanApplication in 19.887 seconds (process running for 21.158)
2025-01-14 15:08:32.713 [] INFO  - org.apache.catalina.core.ContainerBase.[Tomcat].[localhost].[/] - Initializing Spring DispatcherServlet 'dispatcherServlet'
2025-01-14 15:08:32.714 [] INFO  - org.springframework.web.servlet.DispatcherServlet - Initializing Servlet 'dispatcherServlet'
2025-01-14 15:08:32.718 [] INFO  - org.springframework.web.servlet.DispatcherServlet - Completed initialization in 3 ms
2025-01-14 15:12:53.900 [] INFO  - org.ligot.afriyan.OngafriyanApplication - Starting OngafriyanApplication using Java 17.0.1 with PID 15000 (C:\Users\GLC\Documents\Project\Java\Formation\bizz\ongafriyan\target\classes started by GLC in C:\Users\GLC\Documents\Project\Java\Formation\bizz\ongafriyan)
2025-01-14 15:12:53.903 [] INFO  - org.ligot.afriyan.OngafriyanApplication - The following 1 profile is active: "dev"
2025-01-14 15:12:54.005 [] INFO  - org.springframework.boot.devtools.env.DevToolsPropertyDefaultsPostProcessor - Devtools property defaults active! Set 'spring.devtools.add-properties' to 'false' to disable
2025-01-14 15:12:54.005 [] INFO  - org.springframework.boot.devtools.env.DevToolsPropertyDefaultsPostProcessor - For additional web related logging consider setting the 'logging.level.web' property to 'DEBUG'
2025-01-14 15:12:56.154 [] INFO  - org.springframework.data.repository.config.RepositoryConfigurationDelegate - Bootstrapping Spring Data JPA repositories in DEFAULT mode.
2025-01-14 15:12:56.551 [] INFO  - org.springframework.data.repository.config.RepositoryConfigurationDelegate - Finished Spring Data repository scanning in 383 ms. Found 44 JPA repository interfaces.
2025-01-14 15:12:57.605 [] INFO  - org.springframework.boot.web.embedded.tomcat.TomcatWebServer - Tomcat initialized with port(s): 8087 (http)
2025-01-14 15:12:57.617 [] INFO  - org.apache.catalina.core.StandardService - Starting service [Tomcat]
2025-01-14 15:12:57.617 [] INFO  - org.apache.catalina.core.StandardEngine - Starting Servlet engine: [Apache Tomcat/10.1.10]
2025-01-14 15:12:57.721 [] INFO  - org.apache.catalina.core.ContainerBase.[Tomcat].[localhost].[/] - Initializing Spring embedded WebApplicationContext
2025-01-14 15:12:57.722 [] INFO  - org.springframework.boot.web.servlet.context.ServletWebServerApplicationContext - Root WebApplicationContext: initialization completed in 3715 ms
2025-01-14 15:12:58.073 [] INFO  - org.hibernate.jpa.internal.util.LogHelper - HHH000204: Processing PersistenceUnitInfo [name: default]
2025-01-14 15:12:58.148 [] INFO  - org.hibernate.Version - HHH000412: Hibernate ORM core version 6.2.5.Final
2025-01-14 15:12:58.151 [] INFO  - org.hibernate.cfg.Environment - HHH000406: Using bytecode reflection optimizer
2025-01-14 15:12:58.344 [] INFO  - org.hibernate.bytecode.internal.BytecodeProviderInitiator - HHH000021: Bytecode provider name : bytebuddy
2025-01-14 15:12:58.507 [] INFO  - org.springframework.orm.jpa.persistenceunit.SpringPersistenceUnitInfo - No LoadTimeWeaver setup: ignoring JPA class transformer
2025-01-14 15:12:58.535 [] INFO  - com.zaxxer.hikari.HikariDataSource - HikariPool-1 - Starting...
2025-01-14 15:12:58.798 [] INFO  - com.zaxxer.hikari.pool.HikariPool - HikariPool-1 - Added connection org.postgresql.jdbc.PgConnection@b2b93fd
2025-01-14 15:12:58.799 [] INFO  - com.zaxxer.hikari.HikariDataSource - HikariPool-1 - Start completed.
2025-01-14 15:12:59.458 [] INFO  - org.hibernate.bytecode.internal.BytecodeProviderInitiator - HHH000021: Bytecode provider name : bytebuddy
2025-01-14 15:13:00.584 [] INFO  - org.hibernate.metamodel.internal.EntityInstantiatorPojoStandard - HHH000182: No default (no-argument) constructor for class: org.ligot.afriyan.entities.UserConnect (class must be instantiated by Interceptor)
2025-01-14 15:13:01.156 [] INFO  - org.hibernate.engine.transaction.jta.platform.internal.JtaPlatformInitiator - HHH000490: Using JtaPlatform implementation: [org.hibernate.engine.transaction.jta.platform.internal.NoJtaPlatform]
2025-01-14 15:13:01.838 [] INFO  - org.springframework.orm.jpa.LocalContainerEntityManagerFactoryBean - Initialized JPA EntityManagerFactory for persistence unit 'default'
2025-01-14 15:13:02.225 [] INFO  - org.springframework.data.jpa.repository.query.QueryEnhancerFactory - Hibernate is in classpath; If applicable, HQL parser will be used.
2025-01-14 15:13:05.566 [] INFO  - org.springframework.boot.actuate.endpoint.web.EndpointLinksResolver - Exposing 1 endpoint(s) beneath base path '/actuator'
2025-01-14 15:13:05.660 [] INFO  - org.springframework.security.web.DefaultSecurityFilterChain - Will secure any request with [org.springframework.security.web.session.DisableEncodeUrlFilter@4c439d85, org.springframework.security.web.context.request.async.WebAsyncManagerIntegrationFilter@5f0b4ca1, org.springframework.security.web.context.SecurityContextHolderFilter@64ea8c55, org.springframework.security.web.header.HeaderWriterFilter@38d207fa, org.springframework.security.web.authentication.logout.LogoutFilter@30ea6ea4, org.ligot.afriyan.config.securities.JwtAuthenticationFilter@5c0d845e, org.springframework.security.web.savedrequest.RequestCacheAwareFilter@603e8aa5, org.springframework.security.web.servletapi.SecurityContextHolderAwareRequestFilter@27b85d1c, org.springframework.security.web.authentication.AnonymousAuthenticationFilter@3ea13c76, org.springframework.security.web.session.SessionManagementFilter@4bddf805, org.springframework.security.web.access.ExceptionTranslationFilter@4036458d, org.springframework.security.web.access.intercept.AuthorizationFilter@26b3f]
2025-01-14 15:13:06.248 [] INFO  - org.springframework.boot.devtools.autoconfigure.OptionalLiveReloadServer - LiveReload server is running on port 35729
2025-01-14 15:13:06.364 [] INFO  - org.springframework.boot.web.embedded.tomcat.TomcatWebServer - Tomcat started on port(s): 8087 (http) with context path ''
2025-01-14 15:13:06.388 [] INFO  - org.ligot.afriyan.OngafriyanApplication - Started OngafriyanApplication in 12.975 seconds (process running for 14.35)
2025-01-14 15:13:07.033 [] INFO  - org.apache.catalina.core.ContainerBase.[Tomcat].[localhost].[/] - Initializing Spring DispatcherServlet 'dispatcherServlet'
2025-01-14 15:13:07.034 [] INFO  - org.springframework.web.servlet.DispatcherServlet - Initializing Servlet 'dispatcherServlet'
2025-01-14 15:13:07.049 [] INFO  - org.springframework.web.servlet.DispatcherServlet - Completed initialization in 15 ms
2025-01-14 15:43:31.410 [] INFO  - org.ligot.afriyan.OngafriyanApplication - Starting OngafriyanApplication using Java 17.0.1 with PID 19172 (C:\Users\GLC\Documents\Project\Java\Formation\bizz\ongafriyan\target\classes started by GLC in C:\Users\GLC\Documents\Project\Java\Formation\bizz\ongafriyan)
2025-01-14 15:43:31.413 [] INFO  - org.ligot.afriyan.OngafriyanApplication - The following 1 profile is active: "dev"
2025-01-14 15:43:31.532 [] INFO  - org.springframework.boot.devtools.env.DevToolsPropertyDefaultsPostProcessor - Devtools property defaults active! Set 'spring.devtools.add-properties' to 'false' to disable
2025-01-14 15:43:31.532 [] INFO  - org.springframework.boot.devtools.env.DevToolsPropertyDefaultsPostProcessor - For additional web related logging consider setting the 'logging.level.web' property to 'DEBUG'
2025-01-14 15:43:34.040 [] INFO  - org.springframework.data.repository.config.RepositoryConfigurationDelegate - Bootstrapping Spring Data JPA repositories in DEFAULT mode.
2025-01-14 15:43:34.398 [] INFO  - org.springframework.data.repository.config.RepositoryConfigurationDelegate - Finished Spring Data repository scanning in 346 ms. Found 44 JPA repository interfaces.
2025-01-14 15:43:35.272 [] INFO  - org.springframework.boot.web.embedded.tomcat.TomcatWebServer - Tomcat initialized with port(s): 8087 (http)
2025-01-14 15:43:35.282 [] INFO  - org.apache.catalina.core.StandardService - Starting service [Tomcat]
2025-01-14 15:43:35.282 [] INFO  - org.apache.catalina.core.StandardEngine - Starting Servlet engine: [Apache Tomcat/10.1.10]
2025-01-14 15:43:35.379 [] INFO  - org.apache.catalina.core.ContainerBase.[Tomcat].[localhost].[/] - Initializing Spring embedded WebApplicationContext
2025-01-14 15:43:35.380 [] INFO  - org.springframework.boot.web.servlet.context.ServletWebServerApplicationContext - Root WebApplicationContext: initialization completed in 3846 ms
2025-01-14 15:43:35.721 [] INFO  - org.hibernate.jpa.internal.util.LogHelper - HHH000204: Processing PersistenceUnitInfo [name: default]
2025-01-14 15:43:35.786 [] INFO  - org.hibernate.Version - HHH000412: Hibernate ORM core version 6.2.5.Final
2025-01-14 15:43:35.790 [] INFO  - org.hibernate.cfg.Environment - HHH000406: Using bytecode reflection optimizer
2025-01-14 15:43:35.960 [] INFO  - org.hibernate.bytecode.internal.BytecodeProviderInitiator - HHH000021: Bytecode provider name : bytebuddy
2025-01-14 15:43:36.123 [] INFO  - org.springframework.orm.jpa.persistenceunit.SpringPersistenceUnitInfo - No LoadTimeWeaver setup: ignoring JPA class transformer
2025-01-14 15:43:36.143 [] INFO  - com.zaxxer.hikari.HikariDataSource - HikariPool-1 - Starting...
2025-01-14 15:43:36.354 [] INFO  - com.zaxxer.hikari.pool.HikariPool - HikariPool-1 - Added connection org.postgresql.jdbc.PgConnection@2ec50609
2025-01-14 15:43:36.356 [] INFO  - com.zaxxer.hikari.HikariDataSource - HikariPool-1 - Start completed.
2025-01-14 15:43:37.018 [] INFO  - org.hibernate.bytecode.internal.BytecodeProviderInitiator - HHH000021: Bytecode provider name : bytebuddy
2025-01-14 15:43:38.086 [] INFO  - org.hibernate.metamodel.internal.EntityInstantiatorPojoStandard - HHH000182: No default (no-argument) constructor for class: org.ligot.afriyan.entities.UserConnect (class must be instantiated by Interceptor)
2025-01-14 15:43:38.609 [] INFO  - org.hibernate.engine.transaction.jta.platform.internal.JtaPlatformInitiator - HHH000490: Using JtaPlatform implementation: [org.hibernate.engine.transaction.jta.platform.internal.NoJtaPlatform]
2025-01-14 15:43:39.256 [] INFO  - org.springframework.orm.jpa.LocalContainerEntityManagerFactoryBean - Initialized JPA EntityManagerFactory for persistence unit 'default'
2025-01-14 15:43:39.578 [] INFO  - org.springframework.data.jpa.repository.query.QueryEnhancerFactory - Hibernate is in classpath; If applicable, HQL parser will be used.
2025-01-14 15:43:42.791 [] INFO  - org.springframework.boot.actuate.endpoint.web.EndpointLinksResolver - Exposing 1 endpoint(s) beneath base path '/actuator'
2025-01-14 15:43:42.881 [] INFO  - org.springframework.security.web.DefaultSecurityFilterChain - Will secure any request with [org.springframework.security.web.session.DisableEncodeUrlFilter@4d6169c2, org.springframework.security.web.context.request.async.WebAsyncManagerIntegrationFilter@591eb969, org.springframework.security.web.context.SecurityContextHolderFilter@367e4019, org.springframework.security.web.header.HeaderWriterFilter@6a7d29d6, org.springframework.security.web.authentication.logout.LogoutFilter@5f0a433, org.ligot.afriyan.config.securities.JwtAuthenticationFilter@290feb20, org.springframework.security.web.savedrequest.RequestCacheAwareFilter@79aa6d0, org.springframework.security.web.servletapi.SecurityContextHolderAwareRequestFilter@34bad27b, org.springframework.security.web.authentication.AnonymousAuthenticationFilter@3c2b4feb, org.springframework.security.web.session.SessionManagementFilter@5a2569e8, org.springframework.security.web.access.ExceptionTranslationFilter@31afd2bd, org.springframework.security.web.access.intercept.AuthorizationFilter@603e8aa5]
2025-01-14 15:43:43.541 [] INFO  - org.springframework.boot.devtools.autoconfigure.OptionalLiveReloadServer - LiveReload server is running on port 35729
2025-01-14 15:43:43.661 [] INFO  - org.springframework.boot.web.embedded.tomcat.TomcatWebServer - Tomcat started on port(s): 8087 (http) with context path ''
2025-01-14 15:43:43.687 [] INFO  - org.ligot.afriyan.OngafriyanApplication - Started OngafriyanApplication in 12.771 seconds (process running for 13.994)
2025-01-14 15:43:44.029 [] INFO  - org.apache.catalina.core.ContainerBase.[Tomcat].[localhost].[/] - Initializing Spring DispatcherServlet 'dispatcherServlet'
2025-01-14 15:43:44.030 [] INFO  - org.springframework.web.servlet.DispatcherServlet - Initializing Servlet 'dispatcherServlet'
2025-01-14 15:43:44.033 [] INFO  - org.springframework.web.servlet.DispatcherServlet - Completed initialization in 3 ms
2025-01-14 16:10:06.904 [] INFO  - org.springframework.orm.jpa.LocalContainerEntityManagerFactoryBean - Closing JPA EntityManagerFactory for persistence unit 'default'
2025-01-14 16:10:06.914 [] INFO  - com.zaxxer.hikari.HikariDataSource - HikariPool-1 - Shutdown initiated...
2025-01-14 16:10:06.934 [] INFO  - com.zaxxer.hikari.HikariDataSource - HikariPool-1 - Shutdown completed.
2025-01-14 16:10:33.153 [] INFO  - org.ligot.afriyan.OngafriyanApplication - Starting OngafriyanApplication using Java 17.0.1 with PID 18304 (C:\Users\GLC\Documents\Project\Java\Formation\bizz\ongafriyan\target\classes started by GLC in C:\Users\GLC\Documents\Project\Java\Formation\bizz\ongafriyan)
2025-01-14 16:10:33.157 [] INFO  - org.ligot.afriyan.OngafriyanApplication - The following 1 profile is active: "dev"
2025-01-14 16:10:33.311 [] INFO  - org.springframework.boot.devtools.env.DevToolsPropertyDefaultsPostProcessor - Devtools property defaults active! Set 'spring.devtools.add-properties' to 'false' to disable
2025-01-14 16:10:33.311 [] INFO  - org.springframework.boot.devtools.env.DevToolsPropertyDefaultsPostProcessor - For additional web related logging consider setting the 'logging.level.web' property to 'DEBUG'
2025-01-14 16:10:36.384 [] INFO  - org.springframework.data.repository.config.RepositoryConfigurationDelegate - Bootstrapping Spring Data JPA repositories in DEFAULT mode.
2025-01-14 16:10:37.075 [] INFO  - org.springframework.data.repository.config.RepositoryConfigurationDelegate - Finished Spring Data repository scanning in 675 ms. Found 44 JPA repository interfaces.
2025-01-14 16:10:38.872 [] INFO  - org.springframework.boot.web.embedded.tomcat.TomcatWebServer - Tomcat initialized with port(s): 8087 (http)
2025-01-14 16:10:38.891 [] INFO  - org.apache.catalina.core.StandardService - Starting service [Tomcat]
2025-01-14 16:10:38.891 [] INFO  - org.apache.catalina.core.StandardEngine - Starting Servlet engine: [Apache Tomcat/10.1.10]
2025-01-14 16:10:39.031 [] INFO  - org.apache.catalina.core.ContainerBase.[Tomcat].[localhost].[/] - Initializing Spring embedded WebApplicationContext
2025-01-14 16:10:39.031 [] INFO  - org.springframework.boot.web.servlet.context.ServletWebServerApplicationContext - Root WebApplicationContext: initialization completed in 5718 ms
2025-01-14 16:10:39.518 [] INFO  - org.hibernate.jpa.internal.util.LogHelper - HHH000204: Processing PersistenceUnitInfo [name: default]
2025-01-14 16:10:39.623 [] INFO  - org.hibernate.Version - HHH000412: Hibernate ORM core version 6.2.5.Final
2025-01-14 16:10:39.631 [] INFO  - org.hibernate.cfg.Environment - HHH000406: Using bytecode reflection optimizer
2025-01-14 16:10:39.916 [] INFO  - org.hibernate.bytecode.internal.BytecodeProviderInitiator - HHH000021: Bytecode provider name : bytebuddy
2025-01-14 16:10:40.172 [] INFO  - org.springframework.orm.jpa.persistenceunit.SpringPersistenceUnitInfo - No LoadTimeWeaver setup: ignoring JPA class transformer
2025-01-14 16:10:40.202 [] INFO  - com.zaxxer.hikari.HikariDataSource - HikariPool-1 - Starting...
2025-01-14 16:10:40.531 [] INFO  - com.zaxxer.hikari.pool.HikariPool - HikariPool-1 - Added connection org.postgresql.jdbc.PgConnection@1bc4cea
2025-01-14 16:10:40.534 [] INFO  - com.zaxxer.hikari.HikariDataSource - HikariPool-1 - Start completed.
2025-01-14 16:10:41.602 [] INFO  - org.hibernate.bytecode.internal.BytecodeProviderInitiator - HHH000021: Bytecode provider name : bytebuddy
2025-01-14 16:10:43.979 [] INFO  - org.hibernate.metamodel.internal.EntityInstantiatorPojoStandard - HHH000182: No default (no-argument) constructor for class: org.ligot.afriyan.entities.UserConnect (class must be instantiated by Interceptor)
2025-01-14 16:10:44.736 [] INFO  - org.hibernate.engine.transaction.jta.platform.internal.JtaPlatformInitiator - HHH000490: Using JtaPlatform implementation: [org.hibernate.engine.transaction.jta.platform.internal.NoJtaPlatform]
2025-01-14 16:10:45.573 [] INFO  - org.springframework.orm.jpa.LocalContainerEntityManagerFactoryBean - Initialized JPA EntityManagerFactory for persistence unit 'default'
2025-01-14 16:10:46.015 [] INFO  - org.springframework.data.jpa.repository.query.QueryEnhancerFactory - Hibernate is in classpath; If applicable, HQL parser will be used.
2025-01-14 16:10:50.668 [] INFO  - org.springframework.boot.actuate.endpoint.web.EndpointLinksResolver - Exposing 1 endpoint(s) beneath base path '/actuator'
2025-01-14 16:10:50.782 [] INFO  - org.springframework.security.web.DefaultSecurityFilterChain - Will secure any request with [org.springframework.security.web.session.DisableEncodeUrlFilter@3712d34c, org.springframework.security.web.context.request.async.WebAsyncManagerIntegrationFilter@26530036, org.springframework.security.web.context.SecurityContextHolderFilter@40237190, org.springframework.security.web.header.HeaderWriterFilter@6f7fd286, org.springframework.security.web.authentication.logout.LogoutFilter@6e361ca4, org.ligot.afriyan.config.securities.JwtAuthenticationFilter@1af3ccc0, org.springframework.security.web.savedrequest.RequestCacheAwareFilter@3581bfdf, org.springframework.security.web.servletapi.SecurityContextHolderAwareRequestFilter@4b1d53f1, org.springframework.security.web.authentication.AnonymousAuthenticationFilter@78d5a32d, org.springframework.security.web.session.SessionManagementFilter@3215b10c, org.springframework.security.web.access.ExceptionTranslationFilter@1cb901ca, org.springframework.security.web.access.intercept.AuthorizationFilter@56b8fd0d]
2025-01-14 16:10:51.545 [] INFO  - org.springframework.boot.devtools.autoconfigure.OptionalLiveReloadServer - LiveReload server is running on port 35729
2025-01-14 16:10:51.688 [] INFO  - org.springframework.boot.web.embedded.tomcat.TomcatWebServer - Tomcat started on port(s): 8087 (http) with context path ''
2025-01-14 16:10:51.717 [] INFO  - org.ligot.afriyan.OngafriyanApplication - Started OngafriyanApplication in 19.711 seconds (process running for 22.05)
2025-01-14 16:13:25.267 [] INFO  - org.apache.catalina.core.ContainerBase.[Tomcat].[localhost].[/] - Initializing Spring DispatcherServlet 'dispatcherServlet'
2025-01-14 16:13:25.268 [] INFO  - org.springframework.web.servlet.DispatcherServlet - Initializing Servlet 'dispatcherServlet'
2025-01-14 16:13:25.276 [] INFO  - org.springframework.web.servlet.DispatcherServlet - Completed initialization in 8 ms
2025-01-14 16:26:16.506 [] INFO  - org.springframework.orm.jpa.LocalContainerEntityManagerFactoryBean - Closing JPA EntityManagerFactory for persistence unit 'default'
2025-01-14 16:26:16.511 [] INFO  - com.zaxxer.hikari.HikariDataSource - HikariPool-1 - Shutdown initiated...
2025-01-14 16:26:16.522 [] INFO  - com.zaxxer.hikari.HikariDataSource - HikariPool-1 - Shutdown completed.
2025-01-14 16:27:37.973 [] INFO  - org.ligot.afriyan.OngafriyanApplication - Starting OngafriyanApplication using Java 17.0.1 with PID 2248 (C:\Users\GLC\Documents\Project\Java\Formation\bizz\ongafriyan\target\classes started by GLC in C:\Users\GLC\Documents\Project\Java\Formation\bizz\ongafriyan)
2025-01-14 16:27:37.976 [] INFO  - org.ligot.afriyan.OngafriyanApplication - The following 1 profile is active: "dev"
2025-01-14 16:27:38.210 [] INFO  - org.springframework.boot.devtools.env.DevToolsPropertyDefaultsPostProcessor - Devtools property defaults active! Set 'spring.devtools.add-properties' to 'false' to disable
2025-01-14 16:27:38.211 [] INFO  - org.springframework.boot.devtools.env.DevToolsPropertyDefaultsPostProcessor - For additional web related logging consider setting the 'logging.level.web' property to 'DEBUG'
2025-01-14 16:27:44.115 [] INFO  - org.springframework.data.repository.config.RepositoryConfigurationDelegate - Bootstrapping Spring Data JPA repositories in DEFAULT mode.
2025-01-14 16:27:44.688 [] INFO  - org.springframework.data.repository.config.RepositoryConfigurationDelegate - Finished Spring Data repository scanning in 559 ms. Found 44 JPA repository interfaces.
2025-01-14 16:27:50.706 [] INFO  - org.springframework.boot.web.embedded.tomcat.TomcatWebServer - Tomcat initialized with port(s): 8087 (http)
2025-01-14 16:27:50.726 [] INFO  - org.apache.catalina.core.StandardService - Starting service [Tomcat]
2025-01-14 16:27:50.727 [] INFO  - org.apache.catalina.core.StandardEngine - Starting Servlet engine: [Apache Tomcat/10.1.10]
2025-01-14 16:27:50.842 [] INFO  - org.apache.catalina.core.ContainerBase.[Tomcat].[localhost].[/] - Initializing Spring embedded WebApplicationContext
2025-01-14 16:27:50.843 [] INFO  - org.springframework.boot.web.servlet.context.ServletWebServerApplicationContext - Root WebApplicationContext: initialization completed in 12630 ms
2025-01-14 16:27:51.302 [] INFO  - org.hibernate.jpa.internal.util.LogHelper - HHH000204: Processing PersistenceUnitInfo [name: default]
2025-01-14 16:27:51.399 [] INFO  - org.hibernate.Version - HHH000412: Hibernate ORM core version 6.2.5.Final
2025-01-14 16:27:51.403 [] INFO  - org.hibernate.cfg.Environment - HHH000406: Using bytecode reflection optimizer
2025-01-14 16:27:51.636 [] INFO  - org.hibernate.bytecode.internal.BytecodeProviderInitiator - HHH000021: Bytecode provider name : bytebuddy
2025-01-14 16:27:51.850 [] INFO  - org.springframework.orm.jpa.persistenceunit.SpringPersistenceUnitInfo - No LoadTimeWeaver setup: ignoring JPA class transformer
2025-01-14 16:27:51.876 [] INFO  - com.zaxxer.hikari.HikariDataSource - HikariPool-1 - Starting...
2025-01-14 16:27:52.137 [] INFO  - com.zaxxer.hikari.pool.HikariPool - HikariPool-1 - Added connection org.postgresql.jdbc.PgConnection@1bc4cea
2025-01-14 16:27:52.142 [] INFO  - com.zaxxer.hikari.HikariDataSource - HikariPool-1 - Start completed.
2025-01-14 16:27:52.995 [] INFO  - org.hibernate.bytecode.internal.BytecodeProviderInitiator - HHH000021: Bytecode provider name : bytebuddy
2025-01-14 16:27:54.396 [] INFO  - org.hibernate.metamodel.internal.EntityInstantiatorPojoStandard - HHH000182: No default (no-argument) constructor for class: org.ligot.afriyan.entities.UserConnect (class must be instantiated by Interceptor)
2025-01-14 16:27:55.141 [] INFO  - org.hibernate.engine.transaction.jta.platform.internal.JtaPlatformInitiator - HHH000490: Using JtaPlatform implementation: [org.hibernate.engine.transaction.jta.platform.internal.NoJtaPlatform]
2025-01-14 16:27:55.999 [] INFO  - org.springframework.orm.jpa.LocalContainerEntityManagerFactoryBean - Initialized JPA EntityManagerFactory for persistence unit 'default'
2025-01-14 16:27:56.447 [] INFO  - org.springframework.data.jpa.repository.query.QueryEnhancerFactory - Hibernate is in classpath; If applicable, HQL parser will be used.
2025-01-14 16:28:00.429 [] INFO  - org.springframework.boot.actuate.endpoint.web.EndpointLinksResolver - Exposing 1 endpoint(s) beneath base path '/actuator'
2025-01-14 16:28:00.592 [] INFO  - org.springframework.security.web.DefaultSecurityFilterChain - Will secure any request with [org.springframework.security.web.session.DisableEncodeUrlFilter@74c32008, org.springframework.security.web.context.request.async.WebAsyncManagerIntegrationFilter@c27db85, org.springframework.security.web.context.SecurityContextHolderFilter@24ca8ec0, org.springframework.security.web.header.HeaderWriterFilter@6e8a4a2, org.springframework.security.web.authentication.logout.LogoutFilter@106904f3, org.ligot.afriyan.config.securities.JwtAuthenticationFilter@1af3ccc0, org.springframework.security.web.savedrequest.RequestCacheAwareFilter@7d30fc32, org.springframework.security.web.servletapi.SecurityContextHolderAwareRequestFilter@5e6d7a50, org.springframework.security.web.authentication.AnonymousAuthenticationFilter@50448ca5, org.springframework.security.web.session.SessionManagementFilter@5833a5ca, org.springframework.security.web.access.ExceptionTranslationFilter@3773ff83, org.springframework.security.web.access.intercept.AuthorizationFilter@64d399ec]
2025-01-14 16:28:01.291 [] INFO  - org.springframework.boot.devtools.autoconfigure.OptionalLiveReloadServer - LiveReload server is running on port 35729
2025-01-14 16:28:01.423 [] INFO  - org.springframework.boot.web.embedded.tomcat.TomcatWebServer - Tomcat started on port(s): 8087 (http) with context path ''
2025-01-14 16:28:01.448 [] INFO  - org.ligot.afriyan.OngafriyanApplication - Started OngafriyanApplication in 24.079 seconds (process running for 26.182)
2025-01-14 16:30:09.837 [] INFO  - org.apache.catalina.core.ContainerBase.[Tomcat].[localhost].[/] - Initializing Spring DispatcherServlet 'dispatcherServlet'
2025-01-14 16:30:09.868 [] INFO  - org.springframework.web.servlet.DispatcherServlet - Initializing Servlet 'dispatcherServlet'
2025-01-14 16:30:09.872 [] INFO  - org.springframework.web.servlet.DispatcherServlet - Completed initialization in 2 ms
2025-01-14 17:13:56.270 [] INFO  - org.ligot.afriyan.OngafriyanApplication - Starting OngafriyanApplication using Java 17.0.1 with PID 10104 (C:\Users\GLC\Documents\Project\Java\Formation\bizz\ongafriyan\target\classes started by GLC in C:\Users\GLC\Documents\Project\Java\Formation\bizz\ongafriyan)
2025-01-14 17:13:56.272 [] INFO  - org.ligot.afriyan.OngafriyanApplication - The following 1 profile is active: "dev"
2025-01-14 17:13:56.572 [] INFO  - org.springframework.boot.devtools.env.DevToolsPropertyDefaultsPostProcessor - Devtools property defaults active! Set 'spring.devtools.add-properties' to 'false' to disable
2025-01-14 17:13:56.573 [] INFO  - org.springframework.boot.devtools.env.DevToolsPropertyDefaultsPostProcessor - For additional web related logging consider setting the 'logging.level.web' property to 'DEBUG'
2025-01-14 17:14:00.874 [] INFO  - org.springframework.data.repository.config.RepositoryConfigurationDelegate - Bootstrapping Spring Data JPA repositories in DEFAULT mode.
2025-01-14 17:14:02.293 [] INFO  - org.springframework.data.repository.config.RepositoryConfigurationDelegate - Finished Spring Data repository scanning in 1403 ms. Found 44 JPA repository interfaces.
2025-01-14 17:14:04.743 [] INFO  - org.springframework.boot.web.embedded.tomcat.TomcatWebServer - Tomcat initialized with port(s): 8087 (http)
2025-01-14 17:14:04.765 [] INFO  - org.apache.catalina.core.StandardService - Starting service [Tomcat]
2025-01-14 17:14:04.765 [] INFO  - org.apache.catalina.core.StandardEngine - Starting Servlet engine: [Apache Tomcat/10.1.10]
2025-01-14 17:14:05.248 [] INFO  - org.apache.catalina.core.ContainerBase.[Tomcat].[localhost].[/] - Initializing Spring embedded WebApplicationContext
2025-01-14 17:14:05.250 [] INFO  - org.springframework.boot.web.servlet.context.ServletWebServerApplicationContext - Root WebApplicationContext: initialization completed in 8666 ms
2025-01-14 17:14:05.901 [] INFO  - org.hibernate.jpa.internal.util.LogHelper - HHH000204: Processing PersistenceUnitInfo [name: default]
2025-01-14 17:14:06.214 [] INFO  - org.hibernate.Version - HHH000412: Hibernate ORM core version 6.2.5.Final
2025-01-14 17:14:06.228 [] INFO  - org.hibernate.cfg.Environment - HHH000406: Using bytecode reflection optimizer
2025-01-14 17:14:06.835 [] INFO  - org.hibernate.bytecode.internal.BytecodeProviderInitiator - HHH000021: Bytecode provider name : bytebuddy
2025-01-14 17:14:07.181 [] INFO  - org.springframework.orm.jpa.persistenceunit.SpringPersistenceUnitInfo - No LoadTimeWeaver setup: ignoring JPA class transformer
2025-01-14 17:14:07.218 [] INFO  - com.zaxxer.hikari.HikariDataSource - HikariPool-1 - Starting...
2025-01-14 17:14:07.604 [] INFO  - com.zaxxer.hikari.pool.HikariPool - HikariPool-1 - Added connection org.postgresql.jdbc.PgConnection@3658b699
2025-01-14 17:14:07.607 [] INFO  - com.zaxxer.hikari.HikariDataSource - HikariPool-1 - Start completed.
2025-01-14 17:14:09.107 [] INFO  - org.hibernate.bytecode.internal.BytecodeProviderInitiator - HHH000021: Bytecode provider name : bytebuddy
2025-01-14 17:14:10.793 [] INFO  - org.hibernate.metamodel.internal.EntityInstantiatorPojoStandard - HHH000182: No default (no-argument) constructor for class: org.ligot.afriyan.entities.UserConnect (class must be instantiated by Interceptor)
2025-01-14 17:14:11.709 [] INFO  - org.hibernate.engine.transaction.jta.platform.internal.JtaPlatformInitiator - HHH000490: Using JtaPlatform implementation: [org.hibernate.engine.transaction.jta.platform.internal.NoJtaPlatform]
2025-01-14 17:14:12.519 [] INFO  - org.springframework.orm.jpa.LocalContainerEntityManagerFactoryBean - Initialized JPA EntityManagerFactory for persistence unit 'default'
2025-01-14 17:14:13.015 [] INFO  - org.springframework.data.jpa.repository.query.QueryEnhancerFactory - Hibernate is in classpath; If applicable, HQL parser will be used.
2025-01-14 17:14:17.060 [] INFO  - org.springframework.boot.actuate.endpoint.web.EndpointLinksResolver - Exposing 1 endpoint(s) beneath base path '/actuator'
2025-01-14 17:14:17.167 [] INFO  - org.springframework.security.web.DefaultSecurityFilterChain - Will secure any request with [org.springframework.security.web.session.DisableEncodeUrlFilter@400365ff, org.springframework.security.web.context.request.async.WebAsyncManagerIntegrationFilter@34d8786d, org.springframework.security.web.context.SecurityContextHolderFilter@6f1caa4f, org.springframework.security.web.header.HeaderWriterFilter@1c87ff23, org.springframework.security.web.authentication.logout.LogoutFilter@70b5814d, org.ligot.afriyan.config.securities.JwtAuthenticationFilter@35963900, org.springframework.security.web.savedrequest.RequestCacheAwareFilter@5b528ac4, org.springframework.security.web.servletapi.SecurityContextHolderAwareRequestFilter@4aa898ca, org.springframework.security.web.authentication.AnonymousAuthenticationFilter@6a55816e, org.springframework.security.web.session.SessionManagementFilter@1cb901ca, org.springframework.security.web.access.ExceptionTranslationFilter@5833a5ca, org.springframework.security.web.access.intercept.AuthorizationFilter@27fa7aa8]
2025-01-14 17:14:17.996 [] INFO  - org.springframework.boot.devtools.autoconfigure.OptionalLiveReloadServer - LiveReload server is running on port 35729
2025-01-14 17:14:18.174 [] INFO  - org.springframework.boot.web.embedded.tomcat.TomcatWebServer - Tomcat started on port(s): 8087 (http) with context path ''
2025-01-14 17:14:18.205 [] INFO  - org.ligot.afriyan.OngafriyanApplication - Started OngafriyanApplication in 22.587 seconds (process running for 25.005)
2025-01-14 17:14:18.592 [] INFO  - org.apache.catalina.core.ContainerBase.[Tomcat].[localhost].[/] - Initializing Spring DispatcherServlet 'dispatcherServlet'
2025-01-14 17:14:18.593 [] INFO  - org.springframework.web.servlet.DispatcherServlet - Initializing Servlet 'dispatcherServlet'
2025-01-14 17:14:18.596 [] INFO  - org.springframework.web.servlet.DispatcherServlet - Completed initialization in 3 ms
2025-01-14 17:20:09.607 [] INFO  - org.springframework.orm.jpa.LocalContainerEntityManagerFactoryBean - Closing JPA EntityManagerFactory for persistence unit 'default'
2025-01-14 17:20:09.612 [] INFO  - com.zaxxer.hikari.HikariDataSource - HikariPool-1 - Shutdown initiated...
2025-01-14 17:20:09.670 [] INFO  - com.zaxxer.hikari.HikariDataSource - HikariPool-1 - Shutdown completed.
2025-01-14 17:20:22.978 [] INFO  - org.ligot.afriyan.OngafriyanApplication - Starting OngafriyanApplication using Java 17.0.1 with PID 16732 (C:\Users\GLC\Documents\Project\Java\Formation\bizz\ongafriyan\target\classes started by GLC in C:\Users\GLC\Documents\Project\Java\Formation\bizz\ongafriyan)
2025-01-14 17:20:22.982 [] INFO  - org.ligot.afriyan.OngafriyanApplication - The following 1 profile is active: "dev"
2025-01-14 17:20:23.071 [] INFO  - org.springframework.boot.devtools.env.DevToolsPropertyDefaultsPostProcessor - Devtools property defaults active! Set 'spring.devtools.add-properties' to 'false' to disable
2025-01-14 17:20:23.072 [] INFO  - org.springframework.boot.devtools.env.DevToolsPropertyDefaultsPostProcessor - For additional web related logging consider setting the 'logging.level.web' property to 'DEBUG'
2025-01-14 17:20:25.220 [] INFO  - org.springframework.data.repository.config.RepositoryConfigurationDelegate - Bootstrapping Spring Data JPA repositories in DEFAULT mode.
2025-01-14 17:20:25.763 [] INFO  - org.springframework.data.repository.config.RepositoryConfigurationDelegate - Finished Spring Data repository scanning in 528 ms. Found 44 JPA repository interfaces.
2025-01-14 17:20:26.788 [] INFO  - org.springframework.boot.web.embedded.tomcat.TomcatWebServer - Tomcat initialized with port(s): 8087 (http)
2025-01-14 17:20:26.801 [] INFO  - org.apache.catalina.core.StandardService - Starting service [Tomcat]
2025-01-14 17:20:26.801 [] INFO  - org.apache.catalina.core.StandardEngine - Starting Servlet engine: [Apache Tomcat/10.1.10]
2025-01-14 17:20:26.911 [] INFO  - org.apache.catalina.core.ContainerBase.[Tomcat].[localhost].[/] - Initializing Spring embedded WebApplicationContext
2025-01-14 17:20:26.911 [] INFO  - org.springframework.boot.web.servlet.context.ServletWebServerApplicationContext - Root WebApplicationContext: initialization completed in 3838 ms
2025-01-14 17:20:27.312 [] INFO  - org.hibernate.jpa.internal.util.LogHelper - HHH000204: Processing PersistenceUnitInfo [name: default]
2025-01-14 17:20:27.390 [] INFO  - org.hibernate.Version - HHH000412: Hibernate ORM core version 6.2.5.Final
2025-01-14 17:20:27.395 [] INFO  - org.hibernate.cfg.Environment - HHH000406: Using bytecode reflection optimizer
2025-01-14 17:20:27.662 [] INFO  - org.hibernate.bytecode.internal.BytecodeProviderInitiator - HHH000021: Bytecode provider name : bytebuddy
2025-01-14 17:20:27.878 [] INFO  - org.springframework.orm.jpa.persistenceunit.SpringPersistenceUnitInfo - No LoadTimeWeaver setup: ignoring JPA class transformer
2025-01-14 17:20:27.910 [] INFO  - com.zaxxer.hikari.HikariDataSource - HikariPool-1 - Starting...
2025-01-14 17:20:28.245 [] INFO  - com.zaxxer.hikari.pool.HikariPool - HikariPool-1 - Added connection org.postgresql.jdbc.PgConnection@b2b93fd
2025-01-14 17:20:28.247 [] INFO  - com.zaxxer.hikari.HikariDataSource - HikariPool-1 - Start completed.
2025-01-14 17:20:29.234 [] INFO  - org.hibernate.bytecode.internal.BytecodeProviderInitiator - HHH000021: Bytecode provider name : bytebuddy
2025-01-14 17:20:31.334 [] INFO  - org.hibernate.metamodel.internal.EntityInstantiatorPojoStandard - HHH000182: No default (no-argument) constructor for class: org.ligot.afriyan.entities.UserConnect (class must be instantiated by Interceptor)
2025-01-14 17:20:32.026 [] INFO  - org.hibernate.engine.transaction.jta.platform.internal.JtaPlatformInitiator - HHH000490: Using JtaPlatform implementation: [org.hibernate.engine.transaction.jta.platform.internal.NoJtaPlatform]
2025-01-14 17:20:32.692 [] INFO  - org.springframework.orm.jpa.LocalContainerEntityManagerFactoryBean - Initialized JPA EntityManagerFactory for persistence unit 'default'
2025-01-14 17:20:33.047 [] INFO  - org.springframework.data.jpa.repository.query.QueryEnhancerFactory - Hibernate is in classpath; If applicable, HQL parser will be used.
2025-01-14 17:20:36.459 [] INFO  - org.springframework.boot.actuate.endpoint.web.EndpointLinksResolver - Exposing 1 endpoint(s) beneath base path '/actuator'
2025-01-14 17:20:36.561 [] INFO  - org.springframework.security.web.DefaultSecurityFilterChain - Will secure any request with [org.springframework.security.web.session.DisableEncodeUrlFilter@38d207fa, org.springframework.security.web.context.request.async.WebAsyncManagerIntegrationFilter@4ac21ee2, org.springframework.security.web.context.SecurityContextHolderFilter@5c4271ff, org.springframework.security.web.header.HeaderWriterFilter@7df068f8, org.springframework.security.web.authentication.logout.LogoutFilter@1b86fb46, org.ligot.afriyan.config.securities.JwtAuthenticationFilter@6fd1e46, org.springframework.security.web.savedrequest.RequestCacheAwareFilter@1912cf6e, org.springframework.security.web.servletapi.SecurityContextHolderAwareRequestFilter@31afd2bd, org.springframework.security.web.authentication.AnonymousAuthenticationFilter@38aa201a, org.springframework.security.web.session.SessionManagementFilter@374bfea6, org.springframework.security.web.access.ExceptionTranslationFilter@13287303, org.springframework.security.web.access.intercept.AuthorizationFilter@5e059cee]
2025-01-14 17:20:37.212 [] INFO  - org.springframework.boot.devtools.autoconfigure.OptionalLiveReloadServer - LiveReload server is running on port 35729
2025-01-14 17:20:37.318 [] INFO  - org.springframework.boot.web.embedded.tomcat.TomcatWebServer - Tomcat started on port(s): 8087 (http) with context path ''
2025-01-14 17:20:37.338 [] INFO  - org.ligot.afriyan.OngafriyanApplication - Started OngafriyanApplication in 14.901 seconds (process running for 16.218)
2025-01-14 17:20:37.901 [] INFO  - org.apache.catalina.core.ContainerBase.[Tomcat].[localhost].[/] - Initializing Spring DispatcherServlet 'dispatcherServlet'
2025-01-14 17:20:37.902 [] INFO  - org.springframework.web.servlet.DispatcherServlet - Initializing Servlet 'dispatcherServlet'
2025-01-14 17:20:37.904 [] INFO  - org.springframework.web.servlet.DispatcherServlet - Completed initialization in 2 ms
2025-01-14 17:28:41.120 [] INFO  - org.springframework.orm.jpa.LocalContainerEntityManagerFactoryBean - Closing JPA EntityManagerFactory for persistence unit 'default'
2025-01-14 17:28:41.126 [] INFO  - com.zaxxer.hikari.HikariDataSource - HikariPool-1 - Shutdown initiated...
2025-01-14 17:28:41.152 [] INFO  - com.zaxxer.hikari.HikariDataSource - HikariPool-1 - Shutdown completed.
2025-01-14 17:28:51.096 [] INFO  - org.ligot.afriyan.OngafriyanApplication - Starting OngafriyanApplication using Java 17.0.1 with PID 19300 (C:\Users\GLC\Documents\Project\Java\Formation\bizz\ongafriyan\target\classes started by GLC in C:\Users\GLC\Documents\Project\Java\Formation\bizz\ongafriyan)
2025-01-14 17:28:51.099 [] INFO  - org.ligot.afriyan.OngafriyanApplication - The following 1 profile is active: "dev"
2025-01-14 17:28:51.227 [] INFO  - org.springframework.boot.devtools.env.DevToolsPropertyDefaultsPostProcessor - Devtools property defaults active! Set 'spring.devtools.add-properties' to 'false' to disable
2025-01-14 17:28:51.228 [] INFO  - org.springframework.boot.devtools.env.DevToolsPropertyDefaultsPostProcessor - For additional web related logging consider setting the 'logging.level.web' property to 'DEBUG'
2025-01-14 17:28:54.813 [] INFO  - org.springframework.data.repository.config.RepositoryConfigurationDelegate - Bootstrapping Spring Data JPA repositories in DEFAULT mode.
2025-01-14 17:28:55.340 [] INFO  - org.springframework.data.repository.config.RepositoryConfigurationDelegate - Finished Spring Data repository scanning in 511 ms. Found 44 JPA repository interfaces.
2025-01-14 17:28:56.765 [] INFO  - org.springframework.boot.web.embedded.tomcat.TomcatWebServer - Tomcat initialized with port(s): 8087 (http)
2025-01-14 17:28:56.777 [] INFO  - org.apache.catalina.core.StandardService - Starting service [Tomcat]
2025-01-14 17:28:56.777 [] INFO  - org.apache.catalina.core.StandardEngine - Starting Servlet engine: [Apache Tomcat/10.1.10]
2025-01-14 17:28:56.929 [] INFO  - org.apache.catalina.core.ContainerBase.[Tomcat].[localhost].[/] - Initializing Spring embedded WebApplicationContext
2025-01-14 17:28:56.930 [] INFO  - org.springframework.boot.web.servlet.context.ServletWebServerApplicationContext - Root WebApplicationContext: initialization completed in 5701 ms
2025-01-14 17:28:57.416 [] INFO  - org.hibernate.jpa.internal.util.LogHelper - HHH000204: Processing PersistenceUnitInfo [name: default]
2025-01-14 17:28:57.507 [] INFO  - org.hibernate.Version - HHH000412: Hibernate ORM core version 6.2.5.Final
2025-01-14 17:28:57.510 [] INFO  - org.hibernate.cfg.Environment - HHH000406: Using bytecode reflection optimizer
2025-01-14 17:28:57.736 [] INFO  - org.hibernate.bytecode.internal.BytecodeProviderInitiator - HHH000021: Bytecode provider name : bytebuddy
2025-01-14 17:28:57.935 [] INFO  - org.springframework.orm.jpa.persistenceunit.SpringPersistenceUnitInfo - No LoadTimeWeaver setup: ignoring JPA class transformer
2025-01-14 17:28:57.967 [] INFO  - com.zaxxer.hikari.HikariDataSource - HikariPool-1 - Starting...
2025-01-14 17:28:58.246 [] INFO  - com.zaxxer.hikari.pool.HikariPool - HikariPool-1 - Added connection org.postgresql.jdbc.PgConnection@410cdbe7
2025-01-14 17:28:58.249 [] INFO  - com.zaxxer.hikari.HikariDataSource - HikariPool-1 - Start completed.
2025-01-14 17:28:59.042 [] INFO  - org.hibernate.bytecode.internal.BytecodeProviderInitiator - HHH000021: Bytecode provider name : bytebuddy
2025-01-14 17:29:00.382 [] INFO  - org.hibernate.metamodel.internal.EntityInstantiatorPojoStandard - HHH000182: No default (no-argument) constructor for class: org.ligot.afriyan.entities.UserConnect (class must be instantiated by Interceptor)
2025-01-14 17:29:01.234 [] INFO  - org.hibernate.engine.transaction.jta.platform.internal.JtaPlatformInitiator - HHH000490: Using JtaPlatform implementation: [org.hibernate.engine.transaction.jta.platform.internal.NoJtaPlatform]
2025-01-14 17:29:02.005 [] INFO  - org.springframework.orm.jpa.LocalContainerEntityManagerFactoryBean - Initialized JPA EntityManagerFactory for persistence unit 'default'
2025-01-14 17:29:02.560 [] INFO  - org.springframework.data.jpa.repository.query.QueryEnhancerFactory - Hibernate is in classpath; If applicable, HQL parser will be used.
2025-01-14 17:29:07.283 [] INFO  - org.springframework.boot.actuate.endpoint.web.EndpointLinksResolver - Exposing 1 endpoint(s) beneath base path '/actuator'
2025-01-14 17:29:07.384 [] INFO  - org.springframework.security.web.DefaultSecurityFilterChain - Will secure any request with [org.springframework.security.web.session.DisableEncodeUrlFilter@531a0f87, org.springframework.security.web.context.request.async.WebAsyncManagerIntegrationFilter@4a368931, org.springframework.security.web.context.SecurityContextHolderFilter@153d4c90, org.springframework.security.web.header.HeaderWriterFilter@2cc748c, org.springframework.security.web.authentication.logout.LogoutFilter@4537ea38, org.ligot.afriyan.config.securities.JwtAuthenticationFilter@43bb8075, org.springframework.security.web.savedrequest.RequestCacheAwareFilter@c09afd6, org.springframework.security.web.servletapi.SecurityContextHolderAwareRequestFilter@6fc64bc6, org.springframework.security.web.authentication.AnonymousAuthenticationFilter@7d95ab43, org.springframework.security.web.session.SessionManagementFilter@7e0a63a, org.springframework.security.web.access.ExceptionTranslationFilter@1b655f00, org.springframework.security.web.access.intercept.AuthorizationFilter@4ffac9fc]
2025-01-14 17:29:08.175 [] INFO  - org.springframework.boot.devtools.autoconfigure.OptionalLiveReloadServer - LiveReload server is running on port 35729
2025-01-14 17:29:08.299 [] INFO  - org.springframework.boot.web.embedded.tomcat.TomcatWebServer - Tomcat started on port(s): 8087 (http) with context path ''
2025-01-14 17:29:08.326 [] INFO  - org.ligot.afriyan.OngafriyanApplication - Started OngafriyanApplication in 17.896 seconds (process running for 19.79)
2025-01-14 17:29:09.015 [] INFO  - org.apache.catalina.core.ContainerBase.[Tomcat].[localhost].[/] - Initializing Spring DispatcherServlet 'dispatcherServlet'
2025-01-14 17:29:09.016 [] INFO  - org.springframework.web.servlet.DispatcherServlet - Initializing Servlet 'dispatcherServlet'
2025-01-14 17:29:09.022 [] INFO  - org.springframework.web.servlet.DispatcherServlet - Completed initialization in 6 ms
2025-01-14 17:34:05.444 [] INFO  - org.springframework.orm.jpa.LocalContainerEntityManagerFactoryBean - Closing JPA EntityManagerFactory for persistence unit 'default'
2025-01-14 17:34:05.448 [] INFO  - com.zaxxer.hikari.HikariDataSource - HikariPool-1 - Shutdown initiated...
2025-01-14 17:34:05.458 [] INFO  - com.zaxxer.hikari.HikariDataSource - HikariPool-1 - Shutdown completed.
2025-01-14 17:34:14.799 [] INFO  - org.ligot.afriyan.OngafriyanApplication - Starting OngafriyanApplication using Java 17.0.1 with PID 21416 (C:\Users\GLC\Documents\Project\Java\Formation\bizz\ongafriyan\target\classes started by GLC in C:\Users\GLC\Documents\Project\Java\Formation\bizz\ongafriyan)
2025-01-14 17:34:14.804 [] INFO  - org.ligot.afriyan.OngafriyanApplication - The following 1 profile is active: "dev"
2025-01-14 17:34:14.912 [] INFO  - org.springframework.boot.devtools.env.DevToolsPropertyDefaultsPostProcessor - Devtools property defaults active! Set 'spring.devtools.add-properties' to 'false' to disable
2025-01-14 17:34:14.913 [] INFO  - org.springframework.boot.devtools.env.DevToolsPropertyDefaultsPostProcessor - For additional web related logging consider setting the 'logging.level.web' property to 'DEBUG'
2025-01-14 17:34:17.757 [] INFO  - org.springframework.data.repository.config.RepositoryConfigurationDelegate - Bootstrapping Spring Data JPA repositories in DEFAULT mode.
2025-01-14 17:34:18.457 [] INFO  - org.springframework.data.repository.config.RepositoryConfigurationDelegate - Finished Spring Data repository scanning in 683 ms. Found 44 JPA repository interfaces.
2025-01-14 17:34:19.394 [] INFO  - org.springframework.boot.web.embedded.tomcat.TomcatWebServer - Tomcat initialized with port(s): 8087 (http)
2025-01-14 17:34:19.406 [] INFO  - org.apache.catalina.core.StandardService - Starting service [Tomcat]
2025-01-14 17:34:19.407 [] INFO  - org.apache.catalina.core.StandardEngine - Starting Servlet engine: [Apache Tomcat/10.1.10]
2025-01-14 17:34:19.529 [] INFO  - org.apache.catalina.core.ContainerBase.[Tomcat].[localhost].[/] - Initializing Spring embedded WebApplicationContext
2025-01-14 17:34:19.529 [] INFO  - org.springframework.boot.web.servlet.context.ServletWebServerApplicationContext - Root WebApplicationContext: initialization completed in 4613 ms
2025-01-14 17:34:19.853 [] INFO  - org.hibernate.jpa.internal.util.LogHelper - HHH000204: Processing PersistenceUnitInfo [name: default]
2025-01-14 17:34:19.939 [] INFO  - org.hibernate.Version - HHH000412: Hibernate ORM core version 6.2.5.Final
2025-01-14 17:34:19.944 [] INFO  - org.hibernate.cfg.Environment - HHH000406: Using bytecode reflection optimizer
2025-01-14 17:34:20.136 [] INFO  - org.hibernate.bytecode.internal.BytecodeProviderInitiator - HHH000021: Bytecode provider name : bytebuddy
2025-01-14 17:34:20.332 [] INFO  - org.springframework.orm.jpa.persistenceunit.SpringPersistenceUnitInfo - No LoadTimeWeaver setup: ignoring JPA class transformer
2025-01-14 17:34:20.371 [] INFO  - com.zaxxer.hikari.HikariDataSource - HikariPool-1 - Starting...
2025-01-14 17:34:20.628 [] INFO  - com.zaxxer.hikari.pool.HikariPool - HikariPool-1 - Added connection org.postgresql.jdbc.PgConnection@355baf6d
2025-01-14 17:34:20.639 [] INFO  - com.zaxxer.hikari.HikariDataSource - HikariPool-1 - Start completed.
2025-01-14 17:34:21.333 [] INFO  - org.hibernate.bytecode.internal.BytecodeProviderInitiator - HHH000021: Bytecode provider name : bytebuddy
2025-01-14 17:34:22.463 [] INFO  - org.hibernate.metamodel.internal.EntityInstantiatorPojoStandard - HHH000182: No default (no-argument) constructor for class: org.ligot.afriyan.entities.UserConnect (class must be instantiated by Interceptor)
2025-01-14 17:34:23.729 [] INFO  - org.hibernate.engine.transaction.jta.platform.internal.JtaPlatformInitiator - HHH000490: Using JtaPlatform implementation: [org.hibernate.engine.transaction.jta.platform.internal.NoJtaPlatform]
2025-01-14 17:34:24.679 [] INFO  - org.springframework.orm.jpa.LocalContainerEntityManagerFactoryBean - Initialized JPA EntityManagerFactory for persistence unit 'default'
2025-01-14 17:34:25.053 [] INFO  - org.springframework.data.jpa.repository.query.QueryEnhancerFactory - Hibernate is in classpath; If applicable, HQL parser will be used.
2025-01-14 17:34:30.068 [] INFO  - org.springframework.boot.actuate.endpoint.web.EndpointLinksResolver - Exposing 1 endpoint(s) beneath base path '/actuator'
2025-01-14 17:34:30.190 [] INFO  - org.springframework.security.web.DefaultSecurityFilterChain - Will secure any request with [org.springframework.security.web.session.DisableEncodeUrlFilter@4ac21ee2, org.springframework.security.web.context.request.async.WebAsyncManagerIntegrationFilter@38aa201a, org.springframework.security.web.context.SecurityContextHolderFilter@34140a1f, org.springframework.security.web.header.HeaderWriterFilter@52a0f0da, org.springframework.security.web.authentication.logout.LogoutFilter@ce8b1a1, org.ligot.afriyan.config.securities.JwtAuthenticationFilter@546393e0, org.springframework.security.web.savedrequest.RequestCacheAwareFilter@31afd2bd, org.springframework.security.web.servletapi.SecurityContextHolderAwareRequestFilter@7e2d80fe, org.springframework.security.web.authentication.AnonymousAuthenticationFilter@2d358bb8, org.springframework.security.web.session.SessionManagementFilter@54af208b, org.springframework.security.web.access.ExceptionTranslationFilter@5972a00, org.springframework.security.web.access.intercept.AuthorizationFilter@4036458d]
2025-01-14 17:34:30.858 [] INFO  - org.springframework.boot.devtools.autoconfigure.OptionalLiveReloadServer - LiveReload server is running on port 35729
2025-01-14 17:34:31.012 [] INFO  - org.springframework.boot.web.embedded.tomcat.TomcatWebServer - Tomcat started on port(s): 8087 (http) with context path ''
2025-01-14 17:34:31.034 [] INFO  - org.ligot.afriyan.OngafriyanApplication - Started OngafriyanApplication in 16.735 seconds (process running for 18.38)
2025-01-14 17:34:31.636 [] INFO  - org.apache.catalina.core.ContainerBase.[Tomcat].[localhost].[/] - Initializing Spring DispatcherServlet 'dispatcherServlet'
2025-01-14 17:34:31.637 [] INFO  - org.springframework.web.servlet.DispatcherServlet - Initializing Servlet 'dispatcherServlet'
2025-01-14 17:34:31.640 [] INFO  - org.springframework.web.servlet.DispatcherServlet - Completed initialization in 2 ms
2025-01-14 19:48:18.660 [] INFO  - org.ligot.afriyan.OngafriyanApplication - Starting OngafriyanApplication using Java 17.0.1 with PID 16256 (C:\Users\GLC\Documents\Project\Java\Formation\bizz\ongafriyan\target\classes started by GLC in C:\Users\GLC\Documents\Project\Java\Formation\bizz\ongafriyan)
2025-01-14 19:48:18.663 [] INFO  - org.ligot.afriyan.OngafriyanApplication - The following 1 profile is active: "dev"
2025-01-14 19:48:18.757 [] INFO  - org.springframework.boot.devtools.env.DevToolsPropertyDefaultsPostProcessor - Devtools property defaults active! Set 'spring.devtools.add-properties' to 'false' to disable
2025-01-14 19:48:18.757 [] INFO  - org.springframework.boot.devtools.env.DevToolsPropertyDefaultsPostProcessor - For additional web related logging consider setting the 'logging.level.web' property to 'DEBUG'
2025-01-14 19:48:20.825 [] INFO  - org.springframework.data.repository.config.RepositoryConfigurationDelegate - Bootstrapping Spring Data JPA repositories in DEFAULT mode.
2025-01-14 19:48:21.200 [] INFO  - org.springframework.data.repository.config.RepositoryConfigurationDelegate - Finished Spring Data repository scanning in 363 ms. Found 44 JPA repository interfaces.
2025-01-14 19:48:22.166 [] INFO  - org.springframework.boot.web.embedded.tomcat.TomcatWebServer - Tomcat initialized with port(s): 8087 (http)
2025-01-14 19:48:22.183 [] INFO  - org.apache.catalina.core.StandardService - Starting service [Tomcat]
2025-01-14 19:48:22.183 [] INFO  - org.apache.catalina.core.StandardEngine - Starting Servlet engine: [Apache Tomcat/10.1.10]
2025-01-14 19:48:22.320 [] INFO  - org.apache.catalina.core.ContainerBase.[Tomcat].[localhost].[/] - Initializing Spring embedded WebApplicationContext
2025-01-14 19:48:22.320 [] INFO  - org.springframework.boot.web.servlet.context.ServletWebServerApplicationContext - Root WebApplicationContext: initialization completed in 3562 ms
2025-01-14 19:48:22.674 [] INFO  - org.hibernate.jpa.internal.util.LogHelper - HHH000204: Processing PersistenceUnitInfo [name: default]
2025-01-14 19:48:22.756 [] INFO  - org.hibernate.Version - HHH000412: Hibernate ORM core version 6.2.5.Final
2025-01-14 19:48:22.760 [] INFO  - org.hibernate.cfg.Environment - HHH000406: Using bytecode reflection optimizer
2025-01-14 19:48:22.958 [] INFO  - org.hibernate.bytecode.internal.BytecodeProviderInitiator - HHH000021: Bytecode provider name : bytebuddy
2025-01-14 19:48:23.173 [] INFO  - org.springframework.orm.jpa.persistenceunit.SpringPersistenceUnitInfo - No LoadTimeWeaver setup: ignoring JPA class transformer
2025-01-14 19:48:23.196 [] INFO  - com.zaxxer.hikari.HikariDataSource - HikariPool-1 - Starting...
2025-01-14 19:48:23.433 [] INFO  - com.zaxxer.hikari.pool.HikariPool - HikariPool-1 - Added connection org.postgresql.jdbc.PgConnection@3a9628d6
2025-01-14 19:48:23.434 [] INFO  - com.zaxxer.hikari.HikariDataSource - HikariPool-1 - Start completed.
2025-01-14 19:48:24.129 [] INFO  - org.hibernate.bytecode.internal.BytecodeProviderInitiator - HHH000021: Bytecode provider name : bytebuddy
2025-01-14 19:48:25.601 [] INFO  - org.hibernate.metamodel.internal.EntityInstantiatorPojoStandard - HHH000182: No default (no-argument) constructor for class: org.ligot.afriyan.entities.UserConnect (class must be instantiated by Interceptor)
2025-01-14 19:48:26.153 [] INFO  - org.hibernate.engine.transaction.jta.platform.internal.JtaPlatformInitiator - HHH000490: Using JtaPlatform implementation: [org.hibernate.engine.transaction.jta.platform.internal.NoJtaPlatform]
2025-01-14 19:48:26.862 [] INFO  - org.springframework.orm.jpa.LocalContainerEntityManagerFactoryBean - Initialized JPA EntityManagerFactory for persistence unit 'default'
2025-01-14 19:48:27.184 [] INFO  - org.springframework.data.jpa.repository.query.QueryEnhancerFactory - Hibernate is in classpath; If applicable, HQL parser will be used.
2025-01-14 19:48:30.487 [] INFO  - org.springframework.boot.actuate.endpoint.web.EndpointLinksResolver - Exposing 1 endpoint(s) beneath base path '/actuator'
2025-01-14 19:48:30.584 [] INFO  - org.springframework.security.web.DefaultSecurityFilterChain - Will secure any request with [org.springframework.security.web.session.DisableEncodeUrlFilter@44dc9220, org.springframework.security.web.context.request.async.WebAsyncManagerIntegrationFilter@6294aab4, org.springframework.security.web.context.SecurityContextHolderFilter@5ac96dce, org.springframework.security.web.header.HeaderWriterFilter@54af208b, org.springframework.security.web.authentication.logout.LogoutFilter@5e059cee, org.ligot.afriyan.config.securities.JwtAuthenticationFilter@12f0daf8, org.springframework.security.web.savedrequest.RequestCacheAwareFilter@7cef1da, org.springframework.security.web.servletapi.SecurityContextHolderAwareRequestFilter@4b13ca59, org.springframework.security.web.authentication.AnonymousAuthenticationFilter@64ea8c55, org.springframework.security.web.session.SessionManagementFilter@1d5207c, org.springframework.security.web.access.ExceptionTranslationFilter@26108743, org.springframework.security.web.access.intercept.AuthorizationFilter@445c4641]
2025-01-14 19:48:31.180 [] INFO  - org.springframework.boot.devtools.autoconfigure.OptionalLiveReloadServer - LiveReload server is running on port 35729
2025-01-14 19:48:31.323 [] INFO  - org.springframework.boot.web.embedded.tomcat.TomcatWebServer - Tomcat started on port(s): 8087 (http) with context path ''
2025-01-14 19:48:31.343 [] INFO  - org.ligot.afriyan.OngafriyanApplication - Started OngafriyanApplication in 13.193 seconds (process running for 14.679)
2025-01-14 19:48:31.947 [] INFO  - org.apache.catalina.core.ContainerBase.[Tomcat].[localhost].[/] - Initializing Spring DispatcherServlet 'dispatcherServlet'
2025-01-14 19:48:31.947 [] INFO  - org.springframework.web.servlet.DispatcherServlet - Initializing Servlet 'dispatcherServlet'
2025-01-14 19:48:31.950 [] INFO  - org.springframework.web.servlet.DispatcherServlet - Completed initialization in 3 ms
2025-01-14 21:38:22.241 [] INFO  - org.springframework.orm.jpa.LocalContainerEntityManagerFactoryBean - Closing JPA EntityManagerFactory for persistence unit 'default'
2025-01-14 21:38:22.373 [] INFO  - com.zaxxer.hikari.HikariDataSource - HikariPool-1 - Shutdown initiated...
2025-01-14 21:38:22.574 [] INFO  - com.zaxxer.hikari.HikariDataSource - HikariPool-1 - Shutdown completed.
