2024-12-19 20:13:17.027 [] INFO  - org.ligot.afriyan.OngafriyanApplication - Starting OngafriyanApplication using Java 17.0.1 with PID 3236 (C:\Users\GLC\Documents\Project\Java\Formation\bizz\ongafriyan\target\classes started by GLC in C:\Users\GLC\Documents\Project\Java\Formation\bizz\ongafriyan)
2024-12-19 20:13:17.033 [] INFO  - org.ligot.afriyan.OngafriyanApplication - The following 1 profile is active: "dev"
2024-12-19 20:13:17.225 [] INFO  - org.springframework.boot.devtools.env.DevToolsPropertyDefaultsPostProcessor - Devtools property defaults active! Set 'spring.devtools.add-properties' to 'false' to disable
2024-12-19 20:13:17.227 [] INFO  - org.springframework.boot.devtools.env.DevToolsPropertyDefaultsPostProcessor - For additional web related logging consider setting the 'logging.level.web' property to 'DEBUG'
2024-12-19 20:13:20.194 [] INFO  - org.springframework.data.repository.config.RepositoryConfigurationDelegate - Bootstrapping Spring Data JPA repositories in DEFAULT mode.
2024-12-19 20:13:20.629 [] INFO  - org.springframework.data.repository.config.RepositoryConfigurationDelegate - Finished Spring Data repository scanning in 422 ms. Found 44 JPA repository interfaces.
2024-12-19 20:13:21.643 [] INFO  - org.springframework.boot.web.embedded.tomcat.TomcatWebServer - Tomcat initialized with port(s): 8087 (http)
2024-12-19 20:13:21.659 [] INFO  - org.apache.catalina.core.StandardService - Starting service [Tomcat]
2024-12-19 20:13:21.660 [] INFO  - org.apache.catalina.core.StandardEngine - Starting Servlet engine: [Apache Tomcat/10.1.10]
2024-12-19 20:13:21.750 [] INFO  - org.apache.catalina.core.ContainerBase.[Tomcat].[localhost].[/] - Initializing Spring embedded WebApplicationContext
2024-12-19 20:13:21.751 [] INFO  - org.springframework.boot.web.servlet.context.ServletWebServerApplicationContext - Root WebApplicationContext: initialization completed in 4522 ms
2024-12-19 20:13:26.721 [] INFO  - org.hibernate.jpa.internal.util.LogHelper - HHH000204: Processing PersistenceUnitInfo [name: default]
2024-12-19 20:13:26.884 [] INFO  - org.hibernate.Version - HHH000412: Hibernate ORM core version 6.2.5.Final
2024-12-19 20:13:29.025 [] INFO  - org.hibernate.cfg.Environment - HHH000406: Using bytecode reflection optimizer
2024-12-19 20:13:31.387 [] INFO  - org.hibernate.bytecode.internal.BytecodeProviderInitiator - HHH000021: Bytecode provider name : bytebuddy
2024-12-19 20:13:31.981 [] INFO  - org.springframework.orm.jpa.persistenceunit.SpringPersistenceUnitInfo - No LoadTimeWeaver setup: ignoring JPA class transformer
2024-12-19 20:13:32.006 [] INFO  - com.zaxxer.hikari.HikariDataSource - HikariPool-1 - Starting...
2024-12-19 20:13:32.685 [] INFO  - com.zaxxer.hikari.pool.HikariPool - HikariPool-1 - Added connection org.postgresql.jdbc.PgConnection@256f8f0c
2024-12-19 20:13:32.688 [] INFO  - com.zaxxer.hikari.HikariDataSource - HikariPool-1 - Start completed.
2024-12-19 20:13:33.711 [] INFO  - org.hibernate.bytecode.internal.BytecodeProviderInitiator - HHH000021: Bytecode provider name : bytebuddy
2024-12-19 20:13:54.091 [] INFO  - org.hibernate.metamodel.internal.EntityInstantiatorPojoStandard - HHH000182: No default (no-argument) constructor for class: org.ligot.afriyan.entities.UserConnect (class must be instantiated by Interceptor)
2024-12-19 20:14:00.572 [] INFO  - org.hibernate.engine.transaction.jta.platform.internal.JtaPlatformInitiator - HHH000490: Using JtaPlatform implementation: [org.hibernate.engine.transaction.jta.platform.internal.NoJtaPlatform]
2024-12-19 20:14:06.775 [] INFO  - org.springframework.orm.jpa.LocalContainerEntityManagerFactoryBean - Initialized JPA EntityManagerFactory for persistence unit 'default'
2024-12-19 20:14:09.587 [] INFO  - org.springframework.data.jpa.repository.query.QueryEnhancerFactory - Hibernate is in classpath; If applicable, HQL parser will be used.
2024-12-19 20:14:54.178 [] INFO  - org.springframework.boot.actuate.endpoint.web.EndpointLinksResolver - Exposing 1 endpoint(s) beneath base path '/actuator'
2024-12-19 20:14:54.621 [] INFO  - org.springframework.security.web.DefaultSecurityFilterChain - Will secure any request with [org.springframework.security.web.session.DisableEncodeUrlFilter@6b113bf8, org.springframework.security.web.context.request.async.WebAsyncManagerIntegrationFilter@6e7592b8, org.springframework.security.web.context.SecurityContextHolderFilter@39369a2c, org.springframework.security.web.header.HeaderWriterFilter@613a96d2, org.springframework.security.web.authentication.logout.LogoutFilter@730ca065, org.ligot.afriyan.config.securities.JwtAuthenticationFilter@6a566ead, org.springframework.security.web.savedrequest.RequestCacheAwareFilter@489f611b, org.springframework.security.web.servletapi.SecurityContextHolderAwareRequestFilter@53a0caed, org.springframework.security.web.authentication.AnonymousAuthenticationFilter@e8c869d, org.springframework.security.web.session.SessionManagementFilter@15c83a9d, org.springframework.security.web.access.ExceptionTranslationFilter@5ceed516, org.springframework.security.web.access.intercept.AuthorizationFilter@760e6df7]
2024-12-19 20:14:57.471 [] INFO  - org.springframework.boot.devtools.autoconfigure.OptionalLiveReloadServer - LiveReload server is running on port 35729
2024-12-19 20:14:57.644 [] INFO  - org.springframework.boot.web.embedded.tomcat.TomcatWebServer - Tomcat started on port(s): 8087 (http) with context path ''
2024-12-19 20:14:57.670 [] INFO  - org.ligot.afriyan.OngafriyanApplication - Started OngafriyanApplication in 101.287 seconds (process running for 103.527)
2024-12-19 20:14:58.391 [] INFO  - org.apache.catalina.core.ContainerBase.[Tomcat].[localhost].[/] - Initializing Spring DispatcherServlet 'dispatcherServlet'
2024-12-19 20:14:58.393 [] INFO  - org.springframework.web.servlet.DispatcherServlet - Initializing Servlet 'dispatcherServlet'
2024-12-19 20:14:58.396 [] INFO  - org.springframework.web.servlet.DispatcherServlet - Completed initialization in 2 ms
2024-12-19 20:26:08.941 [] INFO  - org.springframework.orm.jpa.LocalContainerEntityManagerFactoryBean - Closing JPA EntityManagerFactory for persistence unit 'default'
2024-12-19 20:26:08.947 [] INFO  - com.zaxxer.hikari.HikariDataSource - HikariPool-1 - Shutdown initiated...
2024-12-19 20:26:08.959 [] INFO  - com.zaxxer.hikari.HikariDataSource - HikariPool-1 - Shutdown completed.
2024-12-19 20:26:40.143 [] INFO  - org.ligot.afriyan.OngafriyanApplication - Starting OngafriyanApplication using Java 17.0.1 with PID 1816 (C:\Users\GLC\Documents\Project\Java\Formation\bizz\ongafriyan\target\classes started by GLC in C:\Users\GLC\Documents\Project\Java\Formation\bizz\ongafriyan)
2024-12-19 20:26:40.147 [] INFO  - org.ligot.afriyan.OngafriyanApplication - The following 1 profile is active: "dev"
2024-12-19 20:26:40.241 [] INFO  - org.springframework.boot.devtools.env.DevToolsPropertyDefaultsPostProcessor - Devtools property defaults active! Set 'spring.devtools.add-properties' to 'false' to disable
2024-12-19 20:26:40.241 [] INFO  - org.springframework.boot.devtools.env.DevToolsPropertyDefaultsPostProcessor - For additional web related logging consider setting the 'logging.level.web' property to 'DEBUG'
2024-12-19 20:26:42.532 [] INFO  - org.springframework.data.repository.config.RepositoryConfigurationDelegate - Bootstrapping Spring Data JPA repositories in DEFAULT mode.
2024-12-19 20:26:42.932 [] INFO  - org.springframework.data.repository.config.RepositoryConfigurationDelegate - Finished Spring Data repository scanning in 389 ms. Found 44 JPA repository interfaces.
2024-12-19 20:26:44.247 [] INFO  - org.springframework.boot.web.embedded.tomcat.TomcatWebServer - Tomcat initialized with port(s): 8087 (http)
2024-12-19 20:26:44.261 [] INFO  - org.apache.catalina.core.StandardService - Starting service [Tomcat]
2024-12-19 20:26:44.261 [] INFO  - org.apache.catalina.core.StandardEngine - Starting Servlet engine: [Apache Tomcat/10.1.10]
2024-12-19 20:26:44.344 [] INFO  - org.apache.catalina.core.ContainerBase.[Tomcat].[localhost].[/] - Initializing Spring embedded WebApplicationContext
2024-12-19 20:26:44.345 [] INFO  - org.springframework.boot.web.servlet.context.ServletWebServerApplicationContext - Root WebApplicationContext: initialization completed in 4102 ms
2024-12-19 20:26:44.772 [] INFO  - org.hibernate.jpa.internal.util.LogHelper - HHH000204: Processing PersistenceUnitInfo [name: default]
2024-12-19 20:26:45.051 [] INFO  - org.hibernate.Version - HHH000412: Hibernate ORM core version 6.2.5.Final
2024-12-19 20:26:45.056 [] INFO  - org.hibernate.cfg.Environment - HHH000406: Using bytecode reflection optimizer
2024-12-19 20:26:45.278 [] INFO  - org.hibernate.bytecode.internal.BytecodeProviderInitiator - HHH000021: Bytecode provider name : bytebuddy
2024-12-19 20:26:45.463 [] INFO  - org.springframework.orm.jpa.persistenceunit.SpringPersistenceUnitInfo - No LoadTimeWeaver setup: ignoring JPA class transformer
2024-12-19 20:26:45.494 [] INFO  - com.zaxxer.hikari.HikariDataSource - HikariPool-1 - Starting...
2024-12-19 20:26:45.741 [] INFO  - com.zaxxer.hikari.pool.HikariPool - HikariPool-1 - Added connection org.postgresql.jdbc.PgConnection@7147a326
2024-12-19 20:26:45.743 [] INFO  - com.zaxxer.hikari.HikariDataSource - HikariPool-1 - Start completed.
2024-12-19 20:26:46.367 [] INFO  - org.hibernate.bytecode.internal.BytecodeProviderInitiator - HHH000021: Bytecode provider name : bytebuddy
2024-12-19 20:26:47.456 [] INFO  - org.hibernate.metamodel.internal.EntityInstantiatorPojoStandard - HHH000182: No default (no-argument) constructor for class: org.ligot.afriyan.entities.UserConnect (class must be instantiated by Interceptor)
2024-12-19 20:26:48.034 [] INFO  - org.hibernate.engine.transaction.jta.platform.internal.JtaPlatformInitiator - HHH000490: Using JtaPlatform implementation: [org.hibernate.engine.transaction.jta.platform.internal.NoJtaPlatform]
2024-12-19 20:26:48.704 [] INFO  - org.springframework.orm.jpa.LocalContainerEntityManagerFactoryBean - Initialized JPA EntityManagerFactory for persistence unit 'default'
2024-12-19 20:26:49.014 [] INFO  - org.springframework.data.jpa.repository.query.QueryEnhancerFactory - Hibernate is in classpath; If applicable, HQL parser will be used.
2024-12-19 20:26:52.192 [] INFO  - org.springframework.boot.actuate.endpoint.web.EndpointLinksResolver - Exposing 1 endpoint(s) beneath base path '/actuator'
2024-12-19 20:26:52.277 [] INFO  - org.springframework.security.web.DefaultSecurityFilterChain - Will secure any request with [org.springframework.security.web.session.DisableEncodeUrlFilter@6ef5db07, org.springframework.security.web.context.request.async.WebAsyncManagerIntegrationFilter@5fdb2015, org.springframework.security.web.context.SecurityContextHolderFilter@2f3f056c, org.springframework.security.web.header.HeaderWriterFilter@23c22d99, org.springframework.security.web.authentication.logout.LogoutFilter@52542465, org.ligot.afriyan.config.securities.JwtAuthenticationFilter@d3cb6e7, org.springframework.security.web.savedrequest.RequestCacheAwareFilter@353d00be, org.springframework.security.web.servletapi.SecurityContextHolderAwareRequestFilter@2b54fb8c, org.springframework.security.web.authentication.AnonymousAuthenticationFilter@5ff02a7e, org.springframework.security.web.session.SessionManagementFilter@723484a9, org.springframework.security.web.access.ExceptionTranslationFilter@5e44079a, org.springframework.security.web.access.intercept.AuthorizationFilter@2712d1b5]
2024-12-19 20:26:52.871 [] INFO  - org.springframework.boot.devtools.autoconfigure.OptionalLiveReloadServer - LiveReload server is running on port 35729
2024-12-19 20:26:53.014 [] INFO  - org.springframework.boot.web.embedded.tomcat.TomcatWebServer - Tomcat started on port(s): 8087 (http) with context path ''
2024-12-19 20:26:53.070 [] INFO  - org.ligot.afriyan.OngafriyanApplication - Started OngafriyanApplication in 13.409 seconds (process running for 14.743)
2024-12-19 20:26:53.499 [] INFO  - org.apache.catalina.core.ContainerBase.[Tomcat].[localhost].[/] - Initializing Spring DispatcherServlet 'dispatcherServlet'
2024-12-19 20:26:53.499 [] INFO  - org.springframework.web.servlet.DispatcherServlet - Initializing Servlet 'dispatcherServlet'
2024-12-19 20:26:53.503 [] INFO  - org.springframework.web.servlet.DispatcherServlet - Completed initialization in 3 ms
2024-12-19 20:35:44.471 [] INFO  - org.springframework.orm.jpa.LocalContainerEntityManagerFactoryBean - Closing JPA EntityManagerFactory for persistence unit 'default'
2024-12-19 20:35:44.475 [] INFO  - com.zaxxer.hikari.HikariDataSource - HikariPool-1 - Shutdown initiated...
2024-12-19 20:35:44.483 [] INFO  - com.zaxxer.hikari.HikariDataSource - HikariPool-1 - Shutdown completed.
2024-12-19 20:39:39.777 [] INFO  - org.ligot.afriyan.OngafriyanApplication - Starting OngafriyanApplication using Java 17.0.1 with PID 20064 (C:\Users\GLC\Documents\Project\Java\Formation\bizz\ongafriyan\target\classes started by GLC in C:\Users\GLC\Documents\Project\Java\Formation\bizz\ongafriyan)
2024-12-19 20:39:39.781 [] INFO  - org.ligot.afriyan.OngafriyanApplication - The following 1 profile is active: "dev"
2024-12-19 20:39:39.873 [] INFO  - org.springframework.boot.devtools.env.DevToolsPropertyDefaultsPostProcessor - Devtools property defaults active! Set 'spring.devtools.add-properties' to 'false' to disable
2024-12-19 20:39:39.873 [] INFO  - org.springframework.boot.devtools.env.DevToolsPropertyDefaultsPostProcessor - For additional web related logging consider setting the 'logging.level.web' property to 'DEBUG'
2024-12-19 20:39:41.851 [] INFO  - org.springframework.data.repository.config.RepositoryConfigurationDelegate - Bootstrapping Spring Data JPA repositories in DEFAULT mode.
2024-12-19 20:39:42.247 [] INFO  - org.springframework.data.repository.config.RepositoryConfigurationDelegate - Finished Spring Data repository scanning in 385 ms. Found 44 JPA repository interfaces.
2024-12-19 20:39:43.244 [] INFO  - org.springframework.boot.web.embedded.tomcat.TomcatWebServer - Tomcat initialized with port(s): 8087 (http)
2024-12-19 20:39:43.255 [] INFO  - org.apache.catalina.core.StandardService - Starting service [Tomcat]
2024-12-19 20:39:43.256 [] INFO  - org.apache.catalina.core.StandardEngine - Starting Servlet engine: [Apache Tomcat/10.1.10]
2024-12-19 20:39:43.344 [] INFO  - org.apache.catalina.core.ContainerBase.[Tomcat].[localhost].[/] - Initializing Spring embedded WebApplicationContext
2024-12-19 20:39:43.345 [] INFO  - org.springframework.boot.web.servlet.context.ServletWebServerApplicationContext - Root WebApplicationContext: initialization completed in 3471 ms
2024-12-19 20:39:43.678 [] INFO  - org.hibernate.jpa.internal.util.LogHelper - HHH000204: Processing PersistenceUnitInfo [name: default]
2024-12-19 20:39:43.741 [] INFO  - org.hibernate.Version - HHH000412: Hibernate ORM core version 6.2.5.Final
2024-12-19 20:39:43.744 [] INFO  - org.hibernate.cfg.Environment - HHH000406: Using bytecode reflection optimizer
2024-12-19 20:39:43.973 [] INFO  - org.hibernate.bytecode.internal.BytecodeProviderInitiator - HHH000021: Bytecode provider name : bytebuddy
2024-12-19 20:39:44.124 [] INFO  - org.springframework.orm.jpa.persistenceunit.SpringPersistenceUnitInfo - No LoadTimeWeaver setup: ignoring JPA class transformer
2024-12-19 20:39:44.155 [] INFO  - com.zaxxer.hikari.HikariDataSource - HikariPool-1 - Starting...
2024-12-19 20:39:44.386 [] INFO  - com.zaxxer.hikari.pool.HikariPool - HikariPool-1 - Added connection org.postgresql.jdbc.PgConnection@7c3767
2024-12-19 20:39:44.388 [] INFO  - com.zaxxer.hikari.HikariDataSource - HikariPool-1 - Start completed.
2024-12-19 20:39:44.990 [] INFO  - org.hibernate.bytecode.internal.BytecodeProviderInitiator - HHH000021: Bytecode provider name : bytebuddy
2024-12-19 20:39:46.476 [] INFO  - org.hibernate.metamodel.internal.EntityInstantiatorPojoStandard - HHH000182: No default (no-argument) constructor for class: org.ligot.afriyan.entities.UserConnect (class must be instantiated by Interceptor)
2024-12-19 20:39:47.387 [] INFO  - org.hibernate.engine.transaction.jta.platform.internal.JtaPlatformInitiator - HHH000490: Using JtaPlatform implementation: [org.hibernate.engine.transaction.jta.platform.internal.NoJtaPlatform]
2024-12-19 20:39:48.077 [] INFO  - org.springframework.orm.jpa.LocalContainerEntityManagerFactoryBean - Initialized JPA EntityManagerFactory for persistence unit 'default'
2024-12-19 20:39:48.408 [] INFO  - org.springframework.data.jpa.repository.query.QueryEnhancerFactory - Hibernate is in classpath; If applicable, HQL parser will be used.
2024-12-19 20:39:59.002 [] INFO  - org.springframework.boot.actuate.endpoint.web.EndpointLinksResolver - Exposing 1 endpoint(s) beneath base path '/actuator'
2024-12-19 20:39:59.110 [] INFO  - org.springframework.security.web.DefaultSecurityFilterChain - Will secure any request with [org.springframework.security.web.session.DisableEncodeUrlFilter@2c996bcd, org.springframework.security.web.context.request.async.WebAsyncManagerIntegrationFilter@37d32cc2, org.springframework.security.web.context.SecurityContextHolderFilter@3620bfcc, org.springframework.security.web.header.HeaderWriterFilter@70bf08c2, org.springframework.security.web.authentication.logout.LogoutFilter@7ccc59e6, org.ligot.afriyan.config.securities.JwtAuthenticationFilter@516f584d, org.springframework.security.web.savedrequest.RequestCacheAwareFilter@db281e7, org.springframework.security.web.servletapi.SecurityContextHolderAwareRequestFilter@5cf1f131, org.springframework.security.web.authentication.AnonymousAuthenticationFilter@4bd42343, org.springframework.security.web.session.SessionManagementFilter@66329cdf, org.springframework.security.web.access.ExceptionTranslationFilter@6f2b6c09, org.springframework.security.web.access.intercept.AuthorizationFilter@700d6b8f]
2024-12-19 20:39:59.677 [] INFO  - org.springframework.boot.devtools.autoconfigure.OptionalLiveReloadServer - LiveReload server is running on port 35729
2024-12-19 20:39:59.793 [] INFO  - org.springframework.boot.web.embedded.tomcat.TomcatWebServer - Tomcat started on port(s): 8087 (http) with context path ''
2024-12-19 20:39:59.815 [] INFO  - org.ligot.afriyan.OngafriyanApplication - Started OngafriyanApplication in 20.577 seconds (process running for 21.76)
2024-12-19 20:40:00.259 [] INFO  - org.apache.catalina.core.ContainerBase.[Tomcat].[localhost].[/] - Initializing Spring DispatcherServlet 'dispatcherServlet'
2024-12-19 20:40:00.260 [] INFO  - org.springframework.web.servlet.DispatcherServlet - Initializing Servlet 'dispatcherServlet'
2024-12-19 20:40:00.265 [] INFO  - org.springframework.web.servlet.DispatcherServlet - Completed initialization in 3 ms
2024-12-19 20:44:11.371 [] INFO  - org.springframework.orm.jpa.LocalContainerEntityManagerFactoryBean - Closing JPA EntityManagerFactory for persistence unit 'default'
2024-12-19 20:44:11.377 [] INFO  - com.zaxxer.hikari.HikariDataSource - HikariPool-1 - Shutdown initiated...
2024-12-19 20:44:11.398 [] INFO  - com.zaxxer.hikari.HikariDataSource - HikariPool-1 - Shutdown completed.
2024-12-19 20:44:39.530 [] INFO  - org.ligot.afriyan.OngafriyanApplication - Starting OngafriyanApplication using Java 17.0.1 with PID 22280 (C:\Users\GLC\Documents\Project\Java\Formation\bizz\ongafriyan\target\classes started by GLC in C:\Users\GLC\Documents\Project\Java\Formation\bizz\ongafriyan)
2024-12-19 20:44:39.533 [] INFO  - org.ligot.afriyan.OngafriyanApplication - The following 1 profile is active: "dev"
2024-12-19 20:44:39.618 [] INFO  - org.springframework.boot.devtools.env.DevToolsPropertyDefaultsPostProcessor - Devtools property defaults active! Set 'spring.devtools.add-properties' to 'false' to disable
2024-12-19 20:44:39.619 [] INFO  - org.springframework.boot.devtools.env.DevToolsPropertyDefaultsPostProcessor - For additional web related logging consider setting the 'logging.level.web' property to 'DEBUG'
2024-12-19 20:44:41.555 [] INFO  - org.springframework.data.repository.config.RepositoryConfigurationDelegate - Bootstrapping Spring Data JPA repositories in DEFAULT mode.
2024-12-19 20:44:41.916 [] INFO  - org.springframework.data.repository.config.RepositoryConfigurationDelegate - Finished Spring Data repository scanning in 351 ms. Found 44 JPA repository interfaces.
2024-12-19 20:44:42.819 [] INFO  - org.springframework.boot.web.embedded.tomcat.TomcatWebServer - Tomcat initialized with port(s): 8087 (http)
2024-12-19 20:44:42.831 [] INFO  - org.apache.catalina.core.StandardService - Starting service [Tomcat]
2024-12-19 20:44:42.832 [] INFO  - org.apache.catalina.core.StandardEngine - Starting Servlet engine: [Apache Tomcat/10.1.10]
2024-12-19 20:44:42.928 [] INFO  - org.apache.catalina.core.ContainerBase.[Tomcat].[localhost].[/] - Initializing Spring embedded WebApplicationContext
2024-12-19 20:44:42.929 [] INFO  - org.springframework.boot.web.servlet.context.ServletWebServerApplicationContext - Root WebApplicationContext: initialization completed in 3308 ms
2024-12-19 20:44:43.271 [] INFO  - org.hibernate.jpa.internal.util.LogHelper - HHH000204: Processing PersistenceUnitInfo [name: default]
2024-12-19 20:44:43.340 [] INFO  - org.hibernate.Version - HHH000412: Hibernate ORM core version 6.2.5.Final
2024-12-19 20:44:43.343 [] INFO  - org.hibernate.cfg.Environment - HHH000406: Using bytecode reflection optimizer
2024-12-19 20:44:43.538 [] INFO  - org.hibernate.bytecode.internal.BytecodeProviderInitiator - HHH000021: Bytecode provider name : bytebuddy
2024-12-19 20:44:43.686 [] INFO  - org.springframework.orm.jpa.persistenceunit.SpringPersistenceUnitInfo - No LoadTimeWeaver setup: ignoring JPA class transformer
2024-12-19 20:44:43.708 [] INFO  - com.zaxxer.hikari.HikariDataSource - HikariPool-1 - Starting...
2024-12-19 20:44:43.928 [] INFO  - com.zaxxer.hikari.pool.HikariPool - HikariPool-1 - Added connection org.postgresql.jdbc.PgConnection@1d26ce1c
2024-12-19 20:44:43.930 [] INFO  - com.zaxxer.hikari.HikariDataSource - HikariPool-1 - Start completed.
2024-12-19 20:44:44.560 [] INFO  - org.hibernate.bytecode.internal.BytecodeProviderInitiator - HHH000021: Bytecode provider name : bytebuddy
2024-12-19 20:44:45.596 [] INFO  - org.hibernate.metamodel.internal.EntityInstantiatorPojoStandard - HHH000182: No default (no-argument) constructor for class: org.ligot.afriyan.entities.UserConnect (class must be instantiated by Interceptor)
2024-12-19 20:44:46.107 [] INFO  - org.hibernate.engine.transaction.jta.platform.internal.JtaPlatformInitiator - HHH000490: Using JtaPlatform implementation: [org.hibernate.engine.transaction.jta.platform.internal.NoJtaPlatform]
2024-12-19 20:44:46.753 [] INFO  - org.springframework.orm.jpa.LocalContainerEntityManagerFactoryBean - Initialized JPA EntityManagerFactory for persistence unit 'default'
2024-12-19 20:44:47.063 [] INFO  - org.springframework.data.jpa.repository.query.QueryEnhancerFactory - Hibernate is in classpath; If applicable, HQL parser will be used.
2024-12-19 20:44:50.201 [] INFO  - org.springframework.boot.actuate.endpoint.web.EndpointLinksResolver - Exposing 1 endpoint(s) beneath base path '/actuator'
2024-12-19 20:44:50.284 [] INFO  - org.springframework.security.web.DefaultSecurityFilterChain - Will secure any request with [org.springframework.security.web.session.DisableEncodeUrlFilter@577eb0bc, org.springframework.security.web.context.request.async.WebAsyncManagerIntegrationFilter@52fdb2fc, org.springframework.security.web.context.SecurityContextHolderFilter@2656ed4d, org.springframework.security.web.header.HeaderWriterFilter@60a4d9b1, org.springframework.security.web.authentication.logout.LogoutFilter@38ead7, org.ligot.afriyan.config.securities.JwtAuthenticationFilter@63fd20ed, org.springframework.security.web.savedrequest.RequestCacheAwareFilter@1ccc4a1e, org.springframework.security.web.servletapi.SecurityContextHolderAwareRequestFilter@75581ce2, org.springframework.security.web.authentication.AnonymousAuthenticationFilter@57250e6, org.springframework.security.web.session.SessionManagementFilter@52fa2d00, org.springframework.security.web.access.ExceptionTranslationFilter@7f6a3506, org.springframework.security.web.access.intercept.AuthorizationFilter@3d371631]
2024-12-19 20:44:50.860 [] INFO  - org.springframework.boot.devtools.autoconfigure.OptionalLiveReloadServer - LiveReload server is running on port 35729
2024-12-19 20:44:50.970 [] INFO  - org.springframework.boot.web.embedded.tomcat.TomcatWebServer - Tomcat started on port(s): 8087 (http) with context path ''
2024-12-19 20:44:50.997 [] INFO  - org.ligot.afriyan.OngafriyanApplication - Started OngafriyanApplication in 11.922 seconds (process running for 13.598)
2024-12-19 20:44:51.406 [] INFO  - org.apache.catalina.core.ContainerBase.[Tomcat].[localhost].[/] - Initializing Spring DispatcherServlet 'dispatcherServlet'
2024-12-19 20:44:51.407 [] INFO  - org.springframework.web.servlet.DispatcherServlet - Initializing Servlet 'dispatcherServlet'
2024-12-19 20:44:51.410 [] INFO  - org.springframework.web.servlet.DispatcherServlet - Completed initialization in 2 ms
2024-12-19 20:52:49.285 [] INFO  - org.springframework.orm.jpa.LocalContainerEntityManagerFactoryBean - Closing JPA EntityManagerFactory for persistence unit 'default'
2024-12-19 20:52:49.289 [] INFO  - com.zaxxer.hikari.HikariDataSource - HikariPool-1 - Shutdown initiated...
2024-12-19 20:52:49.299 [] INFO  - com.zaxxer.hikari.HikariDataSource - HikariPool-1 - Shutdown completed.
2024-12-19 20:52:58.681 [] INFO  - org.ligot.afriyan.OngafriyanApplication - Starting OngafriyanApplication using Java 17.0.1 with PID 17448 (C:\Users\GLC\Documents\Project\Java\Formation\bizz\ongafriyan\target\classes started by GLC in C:\Users\GLC\Documents\Project\Java\Formation\bizz\ongafriyan)
2024-12-19 20:52:58.683 [] INFO  - org.ligot.afriyan.OngafriyanApplication - The following 1 profile is active: "dev"
2024-12-19 20:52:58.779 [] INFO  - org.springframework.boot.devtools.env.DevToolsPropertyDefaultsPostProcessor - Devtools property defaults active! Set 'spring.devtools.add-properties' to 'false' to disable
2024-12-19 20:52:58.780 [] INFO  - org.springframework.boot.devtools.env.DevToolsPropertyDefaultsPostProcessor - For additional web related logging consider setting the 'logging.level.web' property to 'DEBUG'
2024-12-19 20:53:00.725 [] INFO  - org.springframework.data.repository.config.RepositoryConfigurationDelegate - Bootstrapping Spring Data JPA repositories in DEFAULT mode.
2024-12-19 20:53:01.073 [] INFO  - org.springframework.data.repository.config.RepositoryConfigurationDelegate - Finished Spring Data repository scanning in 328 ms. Found 44 JPA repository interfaces.
2024-12-19 20:53:01.973 [] INFO  - org.springframework.boot.web.embedded.tomcat.TomcatWebServer - Tomcat initialized with port(s): 8087 (http)
2024-12-19 20:53:01.985 [] INFO  - org.apache.catalina.core.StandardService - Starting service [Tomcat]
2024-12-19 20:53:01.985 [] INFO  - org.apache.catalina.core.StandardEngine - Starting Servlet engine: [Apache Tomcat/10.1.10]
2024-12-19 20:53:02.074 [] INFO  - org.apache.catalina.core.ContainerBase.[Tomcat].[localhost].[/] - Initializing Spring embedded WebApplicationContext
2024-12-19 20:53:02.075 [] INFO  - org.springframework.boot.web.servlet.context.ServletWebServerApplicationContext - Root WebApplicationContext: initialization completed in 3295 ms
2024-12-19 20:53:02.396 [] INFO  - org.hibernate.jpa.internal.util.LogHelper - HHH000204: Processing PersistenceUnitInfo [name: default]
2024-12-19 20:53:02.458 [] INFO  - org.hibernate.Version - HHH000412: Hibernate ORM core version 6.2.5.Final
2024-12-19 20:53:02.462 [] INFO  - org.hibernate.cfg.Environment - HHH000406: Using bytecode reflection optimizer
2024-12-19 20:53:02.621 [] INFO  - org.hibernate.bytecode.internal.BytecodeProviderInitiator - HHH000021: Bytecode provider name : bytebuddy
2024-12-19 20:53:02.786 [] INFO  - org.springframework.orm.jpa.persistenceunit.SpringPersistenceUnitInfo - No LoadTimeWeaver setup: ignoring JPA class transformer
2024-12-19 20:53:02.805 [] INFO  - com.zaxxer.hikari.HikariDataSource - HikariPool-1 - Starting...
2024-12-19 20:53:03.018 [] INFO  - com.zaxxer.hikari.pool.HikariPool - HikariPool-1 - Added connection org.postgresql.jdbc.PgConnection@5bbda8d0
2024-12-19 20:53:03.020 [] INFO  - com.zaxxer.hikari.HikariDataSource - HikariPool-1 - Start completed.
2024-12-19 20:53:03.620 [] INFO  - org.hibernate.bytecode.internal.BytecodeProviderInitiator - HHH000021: Bytecode provider name : bytebuddy
2024-12-19 20:53:04.655 [] INFO  - org.hibernate.metamodel.internal.EntityInstantiatorPojoStandard - HHH000182: No default (no-argument) constructor for class: org.ligot.afriyan.entities.UserConnect (class must be instantiated by Interceptor)
2024-12-19 20:53:05.169 [] INFO  - org.hibernate.engine.transaction.jta.platform.internal.JtaPlatformInitiator - HHH000490: Using JtaPlatform implementation: [org.hibernate.engine.transaction.jta.platform.internal.NoJtaPlatform]
2024-12-19 20:53:05.828 [] INFO  - org.springframework.orm.jpa.LocalContainerEntityManagerFactoryBean - Initialized JPA EntityManagerFactory for persistence unit 'default'
2024-12-19 20:53:06.192 [] INFO  - org.springframework.data.jpa.repository.query.QueryEnhancerFactory - Hibernate is in classpath; If applicable, HQL parser will be used.
2024-12-19 20:53:09.840 [] INFO  - org.springframework.boot.actuate.endpoint.web.EndpointLinksResolver - Exposing 1 endpoint(s) beneath base path '/actuator'
2024-12-19 20:53:09.925 [] INFO  - org.springframework.security.web.DefaultSecurityFilterChain - Will secure any request with [org.springframework.security.web.session.DisableEncodeUrlFilter@5837a45e, org.springframework.security.web.context.request.async.WebAsyncManagerIntegrationFilter@508e198f, org.springframework.security.web.context.SecurityContextHolderFilter@751ee39c, org.springframework.security.web.header.HeaderWriterFilter@1ef67bae, org.springframework.security.web.authentication.logout.LogoutFilter@1b3ce60a, org.ligot.afriyan.config.securities.JwtAuthenticationFilter@42c2f144, org.springframework.security.web.savedrequest.RequestCacheAwareFilter@acbe9, org.springframework.security.web.servletapi.SecurityContextHolderAwareRequestFilter@f894fb3, org.springframework.security.web.authentication.AnonymousAuthenticationFilter@65eeb7b3, org.springframework.security.web.session.SessionManagementFilter@2ea7c2b3, org.springframework.security.web.access.ExceptionTranslationFilter@5c8ddbf1, org.springframework.security.web.access.intercept.AuthorizationFilter@500b0750]
2024-12-19 20:53:10.488 [] INFO  - org.springframework.boot.devtools.autoconfigure.OptionalLiveReloadServer - LiveReload server is running on port 35729
2024-12-19 20:53:10.590 [] INFO  - org.springframework.boot.web.embedded.tomcat.TomcatWebServer - Tomcat started on port(s): 8087 (http) with context path ''
2024-12-19 20:53:10.610 [] INFO  - org.ligot.afriyan.OngafriyanApplication - Started OngafriyanApplication in 12.4 seconds (process running for 13.506)
2024-12-19 20:53:11.052 [] INFO  - org.apache.catalina.core.ContainerBase.[Tomcat].[localhost].[/] - Initializing Spring DispatcherServlet 'dispatcherServlet'
2024-12-19 20:53:11.052 [] INFO  - org.springframework.web.servlet.DispatcherServlet - Initializing Servlet 'dispatcherServlet'
2024-12-19 20:53:11.055 [] INFO  - org.springframework.web.servlet.DispatcherServlet - Completed initialization in 2 ms
2024-12-19 20:55:29.382 [] INFO  - org.springframework.orm.jpa.LocalContainerEntityManagerFactoryBean - Closing JPA EntityManagerFactory for persistence unit 'default'
2024-12-19 20:55:29.385 [] INFO  - com.zaxxer.hikari.HikariDataSource - HikariPool-1 - Shutdown initiated...
2024-12-19 20:55:29.393 [] INFO  - com.zaxxer.hikari.HikariDataSource - HikariPool-1 - Shutdown completed.
2024-12-19 20:56:15.734 [] INFO  - org.ligot.afriyan.OngafriyanApplication - Starting OngafriyanApplication using Java 17.0.1 with PID 19960 (C:\Users\GLC\Documents\Project\Java\Formation\bizz\ongafriyan\target\classes started by GLC in C:\Users\GLC\Documents\Project\Java\Formation\bizz\ongafriyan)
2024-12-19 20:56:15.737 [] INFO  - org.ligot.afriyan.OngafriyanApplication - The following 1 profile is active: "dev"
2024-12-19 20:56:15.829 [] INFO  - org.springframework.boot.devtools.env.DevToolsPropertyDefaultsPostProcessor - Devtools property defaults active! Set 'spring.devtools.add-properties' to 'false' to disable
2024-12-19 20:56:15.830 [] INFO  - org.springframework.boot.devtools.env.DevToolsPropertyDefaultsPostProcessor - For additional web related logging consider setting the 'logging.level.web' property to 'DEBUG'
2024-12-19 20:56:18.209 [] INFO  - org.springframework.data.repository.config.RepositoryConfigurationDelegate - Bootstrapping Spring Data JPA repositories in DEFAULT mode.
2024-12-19 20:56:18.593 [] INFO  - org.springframework.data.repository.config.RepositoryConfigurationDelegate - Finished Spring Data repository scanning in 373 ms. Found 44 JPA repository interfaces.
2024-12-19 20:56:19.506 [] INFO  - org.springframework.boot.web.embedded.tomcat.TomcatWebServer - Tomcat initialized with port(s): 8087 (http)
2024-12-19 20:56:19.516 [] INFO  - org.apache.catalina.core.StandardService - Starting service [Tomcat]
2024-12-19 20:56:19.517 [] INFO  - org.apache.catalina.core.StandardEngine - Starting Servlet engine: [Apache Tomcat/10.1.10]
2024-12-19 20:56:19.602 [] INFO  - org.apache.catalina.core.ContainerBase.[Tomcat].[localhost].[/] - Initializing Spring embedded WebApplicationContext
2024-12-19 20:56:19.603 [] INFO  - org.springframework.boot.web.servlet.context.ServletWebServerApplicationContext - Root WebApplicationContext: initialization completed in 3772 ms
2024-12-19 20:56:19.924 [] INFO  - org.hibernate.jpa.internal.util.LogHelper - HHH000204: Processing PersistenceUnitInfo [name: default]
2024-12-19 20:56:19.985 [] INFO  - org.hibernate.Version - HHH000412: Hibernate ORM core version 6.2.5.Final
2024-12-19 20:56:19.988 [] INFO  - org.hibernate.cfg.Environment - HHH000406: Using bytecode reflection optimizer
2024-12-19 20:56:20.171 [] INFO  - org.hibernate.bytecode.internal.BytecodeProviderInitiator - HHH000021: Bytecode provider name : bytebuddy
2024-12-19 20:56:20.362 [] INFO  - org.springframework.orm.jpa.persistenceunit.SpringPersistenceUnitInfo - No LoadTimeWeaver setup: ignoring JPA class transformer
2024-12-19 20:56:20.384 [] INFO  - com.zaxxer.hikari.HikariDataSource - HikariPool-1 - Starting...
2024-12-19 20:56:20.592 [] INFO  - com.zaxxer.hikari.pool.HikariPool - HikariPool-1 - Added connection org.postgresql.jdbc.PgConnection@21e7df21
2024-12-19 20:56:20.594 [] INFO  - com.zaxxer.hikari.HikariDataSource - HikariPool-1 - Start completed.
2024-12-19 20:56:21.193 [] INFO  - org.hibernate.bytecode.internal.BytecodeProviderInitiator - HHH000021: Bytecode provider name : bytebuddy
2024-12-19 20:56:22.201 [] INFO  - org.hibernate.metamodel.internal.EntityInstantiatorPojoStandard - HHH000182: No default (no-argument) constructor for class: org.ligot.afriyan.entities.UserConnect (class must be instantiated by Interceptor)
2024-12-19 20:56:22.710 [] INFO  - org.hibernate.engine.transaction.jta.platform.internal.JtaPlatformInitiator - HHH000490: Using JtaPlatform implementation: [org.hibernate.engine.transaction.jta.platform.internal.NoJtaPlatform]
2024-12-19 20:56:23.359 [] INFO  - org.springframework.orm.jpa.LocalContainerEntityManagerFactoryBean - Initialized JPA EntityManagerFactory for persistence unit 'default'
2024-12-19 20:56:23.661 [] INFO  - org.springframework.data.jpa.repository.query.QueryEnhancerFactory - Hibernate is in classpath; If applicable, HQL parser will be used.
2024-12-19 20:56:26.822 [] INFO  - org.springframework.boot.actuate.endpoint.web.EndpointLinksResolver - Exposing 1 endpoint(s) beneath base path '/actuator'
2024-12-19 20:56:26.908 [] INFO  - org.springframework.security.web.DefaultSecurityFilterChain - Will secure any request with [org.springframework.security.web.session.DisableEncodeUrlFilter@5fcc62c, org.springframework.security.web.context.request.async.WebAsyncManagerIntegrationFilter@65306181, org.springframework.security.web.context.SecurityContextHolderFilter@5c9ffc1d, org.springframework.security.web.header.HeaderWriterFilter@5452390, org.springframework.security.web.authentication.logout.LogoutFilter@4a739472, org.ligot.afriyan.config.securities.JwtAuthenticationFilter@4cf6e79d, org.springframework.security.web.savedrequest.RequestCacheAwareFilter@4175be35, org.springframework.security.web.servletapi.SecurityContextHolderAwareRequestFilter@66beedbc, org.springframework.security.web.authentication.AnonymousAuthenticationFilter@44aeab08, org.springframework.security.web.session.SessionManagementFilter@7d4fa3de, org.springframework.security.web.access.ExceptionTranslationFilter@d9b0f75, org.springframework.security.web.access.intercept.AuthorizationFilter@62304399]
2024-12-19 20:56:27.624 [] INFO  - org.springframework.boot.devtools.autoconfigure.OptionalLiveReloadServer - LiveReload server is running on port 35729
2024-12-19 20:56:27.727 [] INFO  - org.springframework.boot.web.embedded.tomcat.TomcatWebServer - Tomcat started on port(s): 8087 (http) with context path ''
2024-12-19 20:56:27.746 [] INFO  - org.ligot.afriyan.OngafriyanApplication - Started OngafriyanApplication in 12.593 seconds (process running for 14.265)
2024-12-19 20:56:28.001 [] INFO  - org.apache.catalina.core.ContainerBase.[Tomcat].[localhost].[/] - Initializing Spring DispatcherServlet 'dispatcherServlet'
2024-12-19 20:56:28.002 [] INFO  - org.springframework.web.servlet.DispatcherServlet - Initializing Servlet 'dispatcherServlet'
2024-12-19 20:56:28.005 [] INFO  - org.springframework.web.servlet.DispatcherServlet - Completed initialization in 3 ms
2024-12-19 21:01:24.898 [] INFO  - org.springframework.orm.jpa.LocalContainerEntityManagerFactoryBean - Closing JPA EntityManagerFactory for persistence unit 'default'
2024-12-19 21:01:24.912 [] INFO  - com.zaxxer.hikari.HikariDataSource - HikariPool-1 - Shutdown initiated...
2024-12-19 21:01:24.967 [] INFO  - com.zaxxer.hikari.HikariDataSource - HikariPool-1 - Shutdown completed.
2024-12-19 21:01:33.287 [] INFO  - org.ligot.afriyan.OngafriyanApplication - Starting OngafriyanApplication using Java 17.0.1 with PID 22316 (C:\Users\GLC\Documents\Project\Java\Formation\bizz\ongafriyan\target\classes started by GLC in C:\Users\GLC\Documents\Project\Java\Formation\bizz\ongafriyan)
2024-12-19 21:01:33.290 [] INFO  - org.ligot.afriyan.OngafriyanApplication - The following 1 profile is active: "dev"
2024-12-19 21:01:33.379 [] INFO  - org.springframework.boot.devtools.env.DevToolsPropertyDefaultsPostProcessor - Devtools property defaults active! Set 'spring.devtools.add-properties' to 'false' to disable
2024-12-19 21:01:33.380 [] INFO  - org.springframework.boot.devtools.env.DevToolsPropertyDefaultsPostProcessor - For additional web related logging consider setting the 'logging.level.web' property to 'DEBUG'
2024-12-19 21:01:35.481 [] INFO  - org.springframework.data.repository.config.RepositoryConfigurationDelegate - Bootstrapping Spring Data JPA repositories in DEFAULT mode.
2024-12-19 21:01:35.830 [] INFO  - org.springframework.data.repository.config.RepositoryConfigurationDelegate - Finished Spring Data repository scanning in 335 ms. Found 44 JPA repository interfaces.
2024-12-19 21:01:36.751 [] INFO  - org.springframework.boot.web.embedded.tomcat.TomcatWebServer - Tomcat initialized with port(s): 8087 (http)
2024-12-19 21:01:36.761 [] INFO  - org.apache.catalina.core.StandardService - Starting service [Tomcat]
2024-12-19 21:01:36.762 [] INFO  - org.apache.catalina.core.StandardEngine - Starting Servlet engine: [Apache Tomcat/10.1.10]
2024-12-19 21:01:36.863 [] INFO  - org.apache.catalina.core.ContainerBase.[Tomcat].[localhost].[/] - Initializing Spring embedded WebApplicationContext
2024-12-19 21:01:36.864 [] INFO  - org.springframework.boot.web.servlet.context.ServletWebServerApplicationContext - Root WebApplicationContext: initialization completed in 3483 ms
2024-12-19 21:01:37.192 [] INFO  - org.hibernate.jpa.internal.util.LogHelper - HHH000204: Processing PersistenceUnitInfo [name: default]
2024-12-19 21:01:37.254 [] INFO  - org.hibernate.Version - HHH000412: Hibernate ORM core version 6.2.5.Final
2024-12-19 21:01:37.257 [] INFO  - org.hibernate.cfg.Environment - HHH000406: Using bytecode reflection optimizer
2024-12-19 21:01:37.422 [] INFO  - org.hibernate.bytecode.internal.BytecodeProviderInitiator - HHH000021: Bytecode provider name : bytebuddy
2024-12-19 21:01:37.573 [] INFO  - org.springframework.orm.jpa.persistenceunit.SpringPersistenceUnitInfo - No LoadTimeWeaver setup: ignoring JPA class transformer
2024-12-19 21:01:37.592 [] INFO  - com.zaxxer.hikari.HikariDataSource - HikariPool-1 - Starting...
2024-12-19 21:01:37.819 [] INFO  - com.zaxxer.hikari.pool.HikariPool - HikariPool-1 - Added connection org.postgresql.jdbc.PgConnection@481f5a3
2024-12-19 21:01:37.820 [] INFO  - com.zaxxer.hikari.HikariDataSource - HikariPool-1 - Start completed.
2024-12-19 21:01:38.463 [] INFO  - org.hibernate.bytecode.internal.BytecodeProviderInitiator - HHH000021: Bytecode provider name : bytebuddy
2024-12-19 21:01:39.505 [] INFO  - org.hibernate.metamodel.internal.EntityInstantiatorPojoStandard - HHH000182: No default (no-argument) constructor for class: org.ligot.afriyan.entities.UserConnect (class must be instantiated by Interceptor)
2024-12-19 21:01:40.026 [] INFO  - org.hibernate.engine.transaction.jta.platform.internal.JtaPlatformInitiator - HHH000490: Using JtaPlatform implementation: [org.hibernate.engine.transaction.jta.platform.internal.NoJtaPlatform]
2024-12-19 21:01:40.725 [] INFO  - org.springframework.orm.jpa.LocalContainerEntityManagerFactoryBean - Initialized JPA EntityManagerFactory for persistence unit 'default'
2024-12-19 21:01:41.029 [] INFO  - org.springframework.data.jpa.repository.query.QueryEnhancerFactory - Hibernate is in classpath; If applicable, HQL parser will be used.
2024-12-19 21:01:44.137 [] INFO  - org.springframework.boot.actuate.endpoint.web.EndpointLinksResolver - Exposing 1 endpoint(s) beneath base path '/actuator'
2024-12-19 21:01:44.219 [] INFO  - org.springframework.security.web.DefaultSecurityFilterChain - Will secure any request with [org.springframework.security.web.session.DisableEncodeUrlFilter@733b72c3, org.springframework.security.web.context.request.async.WebAsyncManagerIntegrationFilter@69ed35e8, org.springframework.security.web.context.SecurityContextHolderFilter@32e92117, org.springframework.security.web.header.HeaderWriterFilter@6b431f3, org.springframework.security.web.authentication.logout.LogoutFilter@6dbbde96, org.ligot.afriyan.config.securities.JwtAuthenticationFilter@704dc46b, org.springframework.security.web.savedrequest.RequestCacheAwareFilter@12b3381, org.springframework.security.web.servletapi.SecurityContextHolderAwareRequestFilter@26472e10, org.springframework.security.web.authentication.AnonymousAuthenticationFilter@4d56ce03, org.springframework.security.web.session.SessionManagementFilter@42a65ff5, org.springframework.security.web.access.ExceptionTranslationFilter@6d2e6939, org.springframework.security.web.access.intercept.AuthorizationFilter@8225dd9]
2024-12-19 21:01:44.748 [] INFO  - org.springframework.boot.devtools.autoconfigure.OptionalLiveReloadServer - LiveReload server is running on port 35729
2024-12-19 21:01:44.853 [] INFO  - org.springframework.boot.web.embedded.tomcat.TomcatWebServer - Tomcat started on port(s): 8087 (http) with context path ''
2024-12-19 21:01:44.873 [] INFO  - org.ligot.afriyan.OngafriyanApplication - Started OngafriyanApplication in 12.07 seconds (process running for 13.19)
2024-12-19 21:01:45.152 [] INFO  - org.apache.catalina.core.ContainerBase.[Tomcat].[localhost].[/] - Initializing Spring DispatcherServlet 'dispatcherServlet'
2024-12-19 21:01:45.153 [] INFO  - org.springframework.web.servlet.DispatcherServlet - Initializing Servlet 'dispatcherServlet'
2024-12-19 21:01:45.157 [] INFO  - org.springframework.web.servlet.DispatcherServlet - Completed initialization in 3 ms
2024-12-19 21:02:50.800 [] INFO  - org.springframework.orm.jpa.LocalContainerEntityManagerFactoryBean - Closing JPA EntityManagerFactory for persistence unit 'default'
2024-12-19 21:02:51.057 [] INFO  - com.zaxxer.hikari.HikariDataSource - HikariPool-1 - Shutdown initiated...
2024-12-19 21:02:51.123 [] INFO  - com.zaxxer.hikari.HikariDataSource - HikariPool-1 - Shutdown completed.
2024-12-19 21:03:01.099 [] INFO  - org.ligot.afriyan.OngafriyanApplication - Starting OngafriyanApplication using Java 17.0.1 with PID 4324 (C:\Users\GLC\Documents\Project\Java\Formation\bizz\ongafriyan\target\classes started by GLC in C:\Users\GLC\Documents\Project\Java\Formation\bizz\ongafriyan)
2024-12-19 21:03:01.102 [] INFO  - org.ligot.afriyan.OngafriyanApplication - The following 1 profile is active: "dev"
2024-12-19 21:03:01.182 [] INFO  - org.springframework.boot.devtools.env.DevToolsPropertyDefaultsPostProcessor - Devtools property defaults active! Set 'spring.devtools.add-properties' to 'false' to disable
2024-12-19 21:03:01.183 [] INFO  - org.springframework.boot.devtools.env.DevToolsPropertyDefaultsPostProcessor - For additional web related logging consider setting the 'logging.level.web' property to 'DEBUG'
2024-12-19 21:03:04.796 [] INFO  - org.springframework.data.repository.config.RepositoryConfigurationDelegate - Bootstrapping Spring Data JPA repositories in DEFAULT mode.
2024-12-19 21:03:05.343 [] INFO  - org.springframework.data.repository.config.RepositoryConfigurationDelegate - Finished Spring Data repository scanning in 533 ms. Found 44 JPA repository interfaces.
2024-12-19 21:03:06.447 [] INFO  - org.springframework.boot.web.embedded.tomcat.TomcatWebServer - Tomcat initialized with port(s): 8087 (http)
2024-12-19 21:03:06.459 [] INFO  - org.apache.catalina.core.StandardService - Starting service [Tomcat]
2024-12-19 21:03:06.459 [] INFO  - org.apache.catalina.core.StandardEngine - Starting Servlet engine: [Apache Tomcat/10.1.10]
2024-12-19 21:03:06.553 [] INFO  - org.apache.catalina.core.ContainerBase.[Tomcat].[localhost].[/] - Initializing Spring embedded WebApplicationContext
2024-12-19 21:03:06.554 [] INFO  - org.springframework.boot.web.servlet.context.ServletWebServerApplicationContext - Root WebApplicationContext: initialization completed in 5370 ms
2024-12-19 21:03:06.877 [] INFO  - org.hibernate.jpa.internal.util.LogHelper - HHH000204: Processing PersistenceUnitInfo [name: default]
2024-12-19 21:03:06.952 [] INFO  - org.hibernate.Version - HHH000412: Hibernate ORM core version 6.2.5.Final
2024-12-19 21:03:06.955 [] INFO  - org.hibernate.cfg.Environment - HHH000406: Using bytecode reflection optimizer
2024-12-19 21:03:07.171 [] INFO  - org.hibernate.bytecode.internal.BytecodeProviderInitiator - HHH000021: Bytecode provider name : bytebuddy
2024-12-19 21:03:07.333 [] INFO  - org.springframework.orm.jpa.persistenceunit.SpringPersistenceUnitInfo - No LoadTimeWeaver setup: ignoring JPA class transformer
2024-12-19 21:03:07.353 [] INFO  - com.zaxxer.hikari.HikariDataSource - HikariPool-1 - Starting...
2024-12-19 21:03:07.563 [] INFO  - com.zaxxer.hikari.pool.HikariPool - HikariPool-1 - Added connection org.postgresql.jdbc.PgConnection@7720c56e
2024-12-19 21:03:07.565 [] INFO  - com.zaxxer.hikari.HikariDataSource - HikariPool-1 - Start completed.
2024-12-19 21:03:08.167 [] INFO  - org.hibernate.bytecode.internal.BytecodeProviderInitiator - HHH000021: Bytecode provider name : bytebuddy
2024-12-19 21:03:09.249 [] INFO  - org.hibernate.metamodel.internal.EntityInstantiatorPojoStandard - HHH000182: No default (no-argument) constructor for class: org.ligot.afriyan.entities.UserConnect (class must be instantiated by Interceptor)
2024-12-19 21:03:09.814 [] INFO  - org.hibernate.engine.transaction.jta.platform.internal.JtaPlatformInitiator - HHH000490: Using JtaPlatform implementation: [org.hibernate.engine.transaction.jta.platform.internal.NoJtaPlatform]
2024-12-19 21:03:10.473 [] INFO  - org.springframework.orm.jpa.LocalContainerEntityManagerFactoryBean - Initialized JPA EntityManagerFactory for persistence unit 'default'
2024-12-19 21:03:10.812 [] INFO  - org.springframework.data.jpa.repository.query.QueryEnhancerFactory - Hibernate is in classpath; If applicable, HQL parser will be used.
2024-12-19 21:03:14.149 [] INFO  - org.springframework.boot.actuate.endpoint.web.EndpointLinksResolver - Exposing 1 endpoint(s) beneath base path '/actuator'
2024-12-19 21:03:14.238 [] INFO  - org.springframework.security.web.DefaultSecurityFilterChain - Will secure any request with [org.springframework.security.web.session.DisableEncodeUrlFilter@f9b0865, org.springframework.security.web.context.request.async.WebAsyncManagerIntegrationFilter@62febea7, org.springframework.security.web.context.SecurityContextHolderFilter@5e78aa6, org.springframework.security.web.header.HeaderWriterFilter@7f6a3506, org.springframework.security.web.authentication.logout.LogoutFilter@48d39d7a, org.ligot.afriyan.config.securities.JwtAuthenticationFilter@37ef8c44, org.springframework.security.web.savedrequest.RequestCacheAwareFilter@2656ed4d, org.springframework.security.web.servletapi.SecurityContextHolderAwareRequestFilter@254746aa, org.springframework.security.web.authentication.AnonymousAuthenticationFilter@577eb0bc, org.springframework.security.web.session.SessionManagementFilter@494f7c33, org.springframework.security.web.access.ExceptionTranslationFilter@2c7f09fb, org.springframework.security.web.access.intercept.AuthorizationFilter@6b70df1e]
2024-12-19 21:03:14.813 [] INFO  - org.springframework.boot.devtools.autoconfigure.OptionalLiveReloadServer - LiveReload server is running on port 35729
2024-12-19 21:03:14.920 [] INFO  - org.springframework.boot.web.embedded.tomcat.TomcatWebServer - Tomcat started on port(s): 8087 (http) with context path ''
2024-12-19 21:03:14.941 [] INFO  - org.ligot.afriyan.OngafriyanApplication - Started OngafriyanApplication in 14.344 seconds (process running for 15.551)
2024-12-19 21:03:15.620 [] INFO  - org.apache.catalina.core.ContainerBase.[Tomcat].[localhost].[/] - Initializing Spring DispatcherServlet 'dispatcherServlet'
2024-12-19 21:03:15.621 [] INFO  - org.springframework.web.servlet.DispatcherServlet - Initializing Servlet 'dispatcherServlet'
2024-12-19 21:03:15.625 [] INFO  - org.springframework.web.servlet.DispatcherServlet - Completed initialization in 3 ms
2024-12-19 21:05:04.321 [] INFO  - org.springframework.orm.jpa.LocalContainerEntityManagerFactoryBean - Closing JPA EntityManagerFactory for persistence unit 'default'
2024-12-19 21:05:04.332 [] INFO  - com.zaxxer.hikari.HikariDataSource - HikariPool-1 - Shutdown initiated...
2024-12-19 21:05:04.860 [] INFO  - com.zaxxer.hikari.HikariDataSource - HikariPool-1 - Shutdown completed.
2024-12-19 21:05:11.327 [] INFO  - org.ligot.afriyan.OngafriyanApplication - Starting OngafriyanApplication using Java 17.0.1 with PID 14916 (C:\Users\GLC\Documents\Project\Java\Formation\bizz\ongafriyan\target\classes started by GLC in C:\Users\GLC\Documents\Project\Java\Formation\bizz\ongafriyan)
2024-12-19 21:05:11.329 [] INFO  - org.ligot.afriyan.OngafriyanApplication - The following 1 profile is active: "dev"
2024-12-19 21:05:11.414 [] INFO  - org.springframework.boot.devtools.env.DevToolsPropertyDefaultsPostProcessor - Devtools property defaults active! Set 'spring.devtools.add-properties' to 'false' to disable
2024-12-19 21:05:11.414 [] INFO  - org.springframework.boot.devtools.env.DevToolsPropertyDefaultsPostProcessor - For additional web related logging consider setting the 'logging.level.web' property to 'DEBUG'
2024-12-19 21:05:13.352 [] INFO  - org.springframework.data.repository.config.RepositoryConfigurationDelegate - Bootstrapping Spring Data JPA repositories in DEFAULT mode.
2024-12-19 21:05:13.759 [] INFO  - org.springframework.data.repository.config.RepositoryConfigurationDelegate - Finished Spring Data repository scanning in 396 ms. Found 44 JPA repository interfaces.
2024-12-19 21:05:14.653 [] INFO  - org.springframework.boot.web.embedded.tomcat.TomcatWebServer - Tomcat initialized with port(s): 8087 (http)
2024-12-19 21:05:14.662 [] INFO  - org.apache.catalina.core.StandardService - Starting service [Tomcat]
2024-12-19 21:05:14.663 [] INFO  - org.apache.catalina.core.StandardEngine - Starting Servlet engine: [Apache Tomcat/10.1.10]
2024-12-19 21:05:14.761 [] INFO  - org.apache.catalina.core.ContainerBase.[Tomcat].[localhost].[/] - Initializing Spring embedded WebApplicationContext
2024-12-19 21:05:14.762 [] INFO  - org.springframework.boot.web.servlet.context.ServletWebServerApplicationContext - Root WebApplicationContext: initialization completed in 3347 ms
2024-12-19 21:05:15.097 [] INFO  - org.hibernate.jpa.internal.util.LogHelper - HHH000204: Processing PersistenceUnitInfo [name: default]
2024-12-19 21:05:15.172 [] INFO  - org.hibernate.Version - HHH000412: Hibernate ORM core version 6.2.5.Final
2024-12-19 21:05:15.178 [] INFO  - org.hibernate.cfg.Environment - HHH000406: Using bytecode reflection optimizer
2024-12-19 21:05:15.401 [] INFO  - org.hibernate.bytecode.internal.BytecodeProviderInitiator - HHH000021: Bytecode provider name : bytebuddy
2024-12-19 21:05:15.557 [] INFO  - org.springframework.orm.jpa.persistenceunit.SpringPersistenceUnitInfo - No LoadTimeWeaver setup: ignoring JPA class transformer
2024-12-19 21:05:15.577 [] INFO  - com.zaxxer.hikari.HikariDataSource - HikariPool-1 - Starting...
2024-12-19 21:05:15.778 [] INFO  - com.zaxxer.hikari.pool.HikariPool - HikariPool-1 - Added connection org.postgresql.jdbc.PgConnection@7df41239
2024-12-19 21:05:15.780 [] INFO  - com.zaxxer.hikari.HikariDataSource - HikariPool-1 - Start completed.
2024-12-19 21:05:16.390 [] INFO  - org.hibernate.bytecode.internal.BytecodeProviderInitiator - HHH000021: Bytecode provider name : bytebuddy
2024-12-19 21:05:17.418 [] INFO  - org.hibernate.metamodel.internal.EntityInstantiatorPojoStandard - HHH000182: No default (no-argument) constructor for class: org.ligot.afriyan.entities.UserConnect (class must be instantiated by Interceptor)
2024-12-19 21:05:17.931 [] INFO  - org.hibernate.engine.transaction.jta.platform.internal.JtaPlatformInitiator - HHH000490: Using JtaPlatform implementation: [org.hibernate.engine.transaction.jta.platform.internal.NoJtaPlatform]
2024-12-19 21:05:18.592 [] INFO  - org.springframework.orm.jpa.LocalContainerEntityManagerFactoryBean - Initialized JPA EntityManagerFactory for persistence unit 'default'
2024-12-19 21:05:18.891 [] INFO  - org.springframework.data.jpa.repository.query.QueryEnhancerFactory - Hibernate is in classpath; If applicable, HQL parser will be used.
2024-12-19 21:05:22.309 [] INFO  - org.springframework.boot.actuate.endpoint.web.EndpointLinksResolver - Exposing 1 endpoint(s) beneath base path '/actuator'
2024-12-19 21:05:22.396 [] INFO  - org.springframework.security.web.DefaultSecurityFilterChain - Will secure any request with [org.springframework.security.web.session.DisableEncodeUrlFilter@5935aa95, org.springframework.security.web.context.request.async.WebAsyncManagerIntegrationFilter@3e12b0eb, org.springframework.security.web.context.SecurityContextHolderFilter@14735813, org.springframework.security.web.header.HeaderWriterFilter@21dcc935, org.springframework.security.web.authentication.logout.LogoutFilter@45ba9663, org.ligot.afriyan.config.securities.JwtAuthenticationFilter@13aec91e, org.springframework.security.web.savedrequest.RequestCacheAwareFilter@2bbe53c3, org.springframework.security.web.servletapi.SecurityContextHolderAwareRequestFilter@47f2171e, org.springframework.security.web.authentication.AnonymousAuthenticationFilter@23abd5ee, org.springframework.security.web.session.SessionManagementFilter@1ac1c9ca, org.springframework.security.web.access.ExceptionTranslationFilter@230f04e7, org.springframework.security.web.access.intercept.AuthorizationFilter@78c0999]
2024-12-19 21:05:22.916 [] INFO  - org.springframework.boot.devtools.autoconfigure.OptionalLiveReloadServer - LiveReload server is running on port 35729
2024-12-19 21:05:23.027 [] INFO  - org.springframework.boot.web.embedded.tomcat.TomcatWebServer - Tomcat started on port(s): 8087 (http) with context path ''
2024-12-19 21:05:23.053 [] INFO  - org.ligot.afriyan.OngafriyanApplication - Started OngafriyanApplication in 12.207 seconds (process running for 13.468)
2024-12-19 21:05:23.527 [] INFO  - org.apache.catalina.core.ContainerBase.[Tomcat].[localhost].[/] - Initializing Spring DispatcherServlet 'dispatcherServlet'
2024-12-19 21:05:23.527 [] INFO  - org.springframework.web.servlet.DispatcherServlet - Initializing Servlet 'dispatcherServlet'
2024-12-19 21:05:23.530 [] INFO  - org.springframework.web.servlet.DispatcherServlet - Completed initialization in 3 ms
2024-12-19 21:06:15.636 [] INFO  - org.springframework.orm.jpa.LocalContainerEntityManagerFactoryBean - Closing JPA EntityManagerFactory for persistence unit 'default'
2024-12-19 21:06:15.641 [] INFO  - com.zaxxer.hikari.HikariDataSource - HikariPool-1 - Shutdown initiated...
2024-12-19 21:06:15.677 [] INFO  - com.zaxxer.hikari.HikariDataSource - HikariPool-1 - Shutdown completed.
2024-12-19 21:06:23.300 [] INFO  - org.ligot.afriyan.OngafriyanApplication - Starting OngafriyanApplication using Java 17.0.1 with PID 18304 (C:\Users\GLC\Documents\Project\Java\Formation\bizz\ongafriyan\target\classes started by GLC in C:\Users\GLC\Documents\Project\Java\Formation\bizz\ongafriyan)
2024-12-19 21:06:23.303 [] INFO  - org.ligot.afriyan.OngafriyanApplication - The following 1 profile is active: "dev"
2024-12-19 21:06:23.411 [] INFO  - org.springframework.boot.devtools.env.DevToolsPropertyDefaultsPostProcessor - Devtools property defaults active! Set 'spring.devtools.add-properties' to 'false' to disable
2024-12-19 21:06:23.412 [] INFO  - org.springframework.boot.devtools.env.DevToolsPropertyDefaultsPostProcessor - For additional web related logging consider setting the 'logging.level.web' property to 'DEBUG'
2024-12-19 21:06:25.458 [] INFO  - org.springframework.data.repository.config.RepositoryConfigurationDelegate - Bootstrapping Spring Data JPA repositories in DEFAULT mode.
2024-12-19 21:06:25.824 [] INFO  - org.springframework.data.repository.config.RepositoryConfigurationDelegate - Finished Spring Data repository scanning in 355 ms. Found 44 JPA repository interfaces.
2024-12-19 21:06:26.724 [] INFO  - org.springframework.boot.web.embedded.tomcat.TomcatWebServer - Tomcat initialized with port(s): 8087 (http)
2024-12-19 21:06:26.734 [] INFO  - org.apache.catalina.core.StandardService - Starting service [Tomcat]
2024-12-19 21:06:26.734 [] INFO  - org.apache.catalina.core.StandardEngine - Starting Servlet engine: [Apache Tomcat/10.1.10]
2024-12-19 21:06:26.828 [] INFO  - org.apache.catalina.core.ContainerBase.[Tomcat].[localhost].[/] - Initializing Spring embedded WebApplicationContext
2024-12-19 21:06:26.828 [] INFO  - org.springframework.boot.web.servlet.context.ServletWebServerApplicationContext - Root WebApplicationContext: initialization completed in 3415 ms
2024-12-19 21:06:27.138 [] INFO  - org.hibernate.jpa.internal.util.LogHelper - HHH000204: Processing PersistenceUnitInfo [name: default]
2024-12-19 21:06:27.204 [] INFO  - org.hibernate.Version - HHH000412: Hibernate ORM core version 6.2.5.Final
2024-12-19 21:06:27.208 [] INFO  - org.hibernate.cfg.Environment - HHH000406: Using bytecode reflection optimizer
2024-12-19 21:06:27.367 [] INFO  - org.hibernate.bytecode.internal.BytecodeProviderInitiator - HHH000021: Bytecode provider name : bytebuddy
2024-12-19 21:06:27.518 [] INFO  - org.springframework.orm.jpa.persistenceunit.SpringPersistenceUnitInfo - No LoadTimeWeaver setup: ignoring JPA class transformer
2024-12-19 21:06:27.541 [] INFO  - com.zaxxer.hikari.HikariDataSource - HikariPool-1 - Starting...
2024-12-19 21:06:27.745 [] INFO  - com.zaxxer.hikari.pool.HikariPool - HikariPool-1 - Added connection org.postgresql.jdbc.PgConnection@500fcc6e
2024-12-19 21:06:27.747 [] INFO  - com.zaxxer.hikari.HikariDataSource - HikariPool-1 - Start completed.
2024-12-19 21:06:28.356 [] INFO  - org.hibernate.bytecode.internal.BytecodeProviderInitiator - HHH000021: Bytecode provider name : bytebuddy
2024-12-19 21:06:29.337 [] INFO  - org.hibernate.metamodel.internal.EntityInstantiatorPojoStandard - HHH000182: No default (no-argument) constructor for class: org.ligot.afriyan.entities.UserConnect (class must be instantiated by Interceptor)
2024-12-19 21:06:29.859 [] INFO  - org.hibernate.engine.transaction.jta.platform.internal.JtaPlatformInitiator - HHH000490: Using JtaPlatform implementation: [org.hibernate.engine.transaction.jta.platform.internal.NoJtaPlatform]
2024-12-19 21:06:30.504 [] INFO  - org.springframework.orm.jpa.LocalContainerEntityManagerFactoryBean - Initialized JPA EntityManagerFactory for persistence unit 'default'
2024-12-19 21:06:30.797 [] INFO  - org.springframework.data.jpa.repository.query.QueryEnhancerFactory - Hibernate is in classpath; If applicable, HQL parser will be used.
2024-12-19 21:06:33.855 [] INFO  - org.springframework.boot.actuate.endpoint.web.EndpointLinksResolver - Exposing 1 endpoint(s) beneath base path '/actuator'
2024-12-19 21:06:33.939 [] INFO  - org.springframework.security.web.DefaultSecurityFilterChain - Will secure any request with [org.springframework.security.web.session.DisableEncodeUrlFilter@16fd0fc4, org.springframework.security.web.context.request.async.WebAsyncManagerIntegrationFilter@1c3c09f1, org.springframework.security.web.context.SecurityContextHolderFilter@34e5b83a, org.springframework.security.web.header.HeaderWriterFilter@5dfb8e2b, org.springframework.security.web.authentication.logout.LogoutFilter@49894fb8, org.ligot.afriyan.config.securities.JwtAuthenticationFilter@5761cd7e, org.springframework.security.web.savedrequest.RequestCacheAwareFilter@afa6820, org.springframework.security.web.servletapi.SecurityContextHolderAwareRequestFilter@e32288a, org.springframework.security.web.authentication.AnonymousAuthenticationFilter@4a342740, org.springframework.security.web.session.SessionManagementFilter@3f669ee9, org.springframework.security.web.access.ExceptionTranslationFilter@29503918, org.springframework.security.web.access.intercept.AuthorizationFilter@3df6f7b5]
2024-12-19 21:06:34.436 [] INFO  - org.springframework.boot.devtools.autoconfigure.OptionalLiveReloadServer - LiveReload server is running on port 35729
2024-12-19 21:06:34.540 [] INFO  - org.springframework.boot.web.embedded.tomcat.TomcatWebServer - Tomcat started on port(s): 8087 (http) with context path ''
2024-12-19 21:06:34.559 [] INFO  - org.ligot.afriyan.OngafriyanApplication - Started OngafriyanApplication in 11.796 seconds (process running for 12.893)
2024-12-19 21:06:34.835 [] INFO  - org.apache.catalina.core.ContainerBase.[Tomcat].[localhost].[/] - Initializing Spring DispatcherServlet 'dispatcherServlet'
2024-12-19 21:06:34.835 [] INFO  - org.springframework.web.servlet.DispatcherServlet - Initializing Servlet 'dispatcherServlet'
2024-12-19 21:06:34.839 [] INFO  - org.springframework.web.servlet.DispatcherServlet - Completed initialization in 3 ms
2024-12-19 21:10:35.602 [] INFO  - org.springframework.orm.jpa.LocalContainerEntityManagerFactoryBean - Closing JPA EntityManagerFactory for persistence unit 'default'
2024-12-19 21:10:35.606 [] INFO  - com.zaxxer.hikari.HikariDataSource - HikariPool-1 - Shutdown initiated...
2024-12-19 21:10:35.618 [] INFO  - com.zaxxer.hikari.HikariDataSource - HikariPool-1 - Shutdown completed.
2024-12-19 21:10:47.595 [] INFO  - org.ligot.afriyan.OngafriyanApplication - Starting OngafriyanApplication using Java 17.0.1 with PID 10188 (C:\Users\GLC\Documents\Project\Java\Formation\bizz\ongafriyan\target\classes started by GLC in C:\Users\GLC\Documents\Project\Java\Formation\bizz\ongafriyan)
2024-12-19 21:10:47.597 [] INFO  - org.ligot.afriyan.OngafriyanApplication - The following 1 profile is active: "dev"
2024-12-19 21:10:47.683 [] INFO  - org.springframework.boot.devtools.env.DevToolsPropertyDefaultsPostProcessor - Devtools property defaults active! Set 'spring.devtools.add-properties' to 'false' to disable
2024-12-19 21:10:47.683 [] INFO  - org.springframework.boot.devtools.env.DevToolsPropertyDefaultsPostProcessor - For additional web related logging consider setting the 'logging.level.web' property to 'DEBUG'
2024-12-19 21:10:49.559 [] INFO  - org.springframework.data.repository.config.RepositoryConfigurationDelegate - Bootstrapping Spring Data JPA repositories in DEFAULT mode.
2024-12-19 21:10:49.927 [] INFO  - org.springframework.data.repository.config.RepositoryConfigurationDelegate - Finished Spring Data repository scanning in 348 ms. Found 44 JPA repository interfaces.
2024-12-19 21:10:50.800 [] INFO  - org.springframework.boot.web.embedded.tomcat.TomcatWebServer - Tomcat initialized with port(s): 8087 (http)
2024-12-19 21:10:50.812 [] INFO  - org.apache.catalina.core.StandardService - Starting service [Tomcat]
2024-12-19 21:10:50.812 [] INFO  - org.apache.catalina.core.StandardEngine - Starting Servlet engine: [Apache Tomcat/10.1.10]
2024-12-19 21:10:50.899 [] INFO  - org.apache.catalina.core.ContainerBase.[Tomcat].[localhost].[/] - Initializing Spring embedded WebApplicationContext
2024-12-19 21:10:50.899 [] INFO  - org.springframework.boot.web.servlet.context.ServletWebServerApplicationContext - Root WebApplicationContext: initialization completed in 3215 ms
2024-12-19 21:10:51.318 [] INFO  - org.hibernate.jpa.internal.util.LogHelper - HHH000204: Processing PersistenceUnitInfo [name: default]
2024-12-19 21:10:51.397 [] INFO  - org.hibernate.Version - HHH000412: Hibernate ORM core version 6.2.5.Final
2024-12-19 21:10:51.400 [] INFO  - org.hibernate.cfg.Environment - HHH000406: Using bytecode reflection optimizer
2024-12-19 21:10:51.593 [] INFO  - org.hibernate.bytecode.internal.BytecodeProviderInitiator - HHH000021: Bytecode provider name : bytebuddy
2024-12-19 21:10:51.762 [] INFO  - org.springframework.orm.jpa.persistenceunit.SpringPersistenceUnitInfo - No LoadTimeWeaver setup: ignoring JPA class transformer
2024-12-19 21:10:51.782 [] INFO  - com.zaxxer.hikari.HikariDataSource - HikariPool-1 - Starting...
2024-12-19 21:10:52.013 [] INFO  - com.zaxxer.hikari.pool.HikariPool - HikariPool-1 - Added connection org.postgresql.jdbc.PgConnection@409e79ec
2024-12-19 21:10:52.015 [] INFO  - com.zaxxer.hikari.HikariDataSource - HikariPool-1 - Start completed.
2024-12-19 21:10:52.919 [] INFO  - org.hibernate.bytecode.internal.BytecodeProviderInitiator - HHH000021: Bytecode provider name : bytebuddy
2024-12-19 21:10:54.023 [] INFO  - org.hibernate.metamodel.internal.EntityInstantiatorPojoStandard - HHH000182: No default (no-argument) constructor for class: org.ligot.afriyan.entities.UserConnect (class must be instantiated by Interceptor)
2024-12-19 21:10:54.546 [] INFO  - org.hibernate.engine.transaction.jta.platform.internal.JtaPlatformInitiator - HHH000490: Using JtaPlatform implementation: [org.hibernate.engine.transaction.jta.platform.internal.NoJtaPlatform]
2024-12-19 21:10:55.193 [] INFO  - org.springframework.orm.jpa.LocalContainerEntityManagerFactoryBean - Initialized JPA EntityManagerFactory for persistence unit 'default'
2024-12-19 21:10:55.498 [] INFO  - org.springframework.data.jpa.repository.query.QueryEnhancerFactory - Hibernate is in classpath; If applicable, HQL parser will be used.
2024-12-19 21:10:58.723 [] INFO  - org.springframework.boot.actuate.endpoint.web.EndpointLinksResolver - Exposing 1 endpoint(s) beneath base path '/actuator'
2024-12-19 21:10:58.799 [] INFO  - org.springframework.security.web.DefaultSecurityFilterChain - Will secure any request with [org.springframework.security.web.session.DisableEncodeUrlFilter@6b70df1e, org.springframework.security.web.context.request.async.WebAsyncManagerIntegrationFilter@404eaf73, org.springframework.security.web.context.SecurityContextHolderFilter@494f7c33, org.springframework.security.web.header.HeaderWriterFilter@270d8d9d, org.springframework.security.web.authentication.logout.LogoutFilter@2bd77a13, org.ligot.afriyan.config.securities.JwtAuthenticationFilter@21357802, org.springframework.security.web.savedrequest.RequestCacheAwareFilter@52fa2d00, org.springframework.security.web.servletapi.SecurityContextHolderAwareRequestFilter@5e78aa6, org.springframework.security.web.authentication.AnonymousAuthenticationFilter@3d371631, org.springframework.security.web.session.SessionManagementFilter@e85cce, org.springframework.security.web.access.ExceptionTranslationFilter@40c10ec3, org.springframework.security.web.access.intercept.AuthorizationFilter@3e12b0eb]
2024-12-19 21:10:59.334 [] INFO  - org.springframework.boot.devtools.autoconfigure.OptionalLiveReloadServer - LiveReload server is running on port 35729
2024-12-19 21:10:59.431 [] INFO  - org.springframework.boot.web.embedded.tomcat.TomcatWebServer - Tomcat started on port(s): 8087 (http) with context path ''
2024-12-19 21:10:59.451 [] INFO  - org.ligot.afriyan.OngafriyanApplication - Started OngafriyanApplication in 12.309 seconds (process running for 13.504)
2024-12-19 21:10:59.980 [] INFO  - org.apache.catalina.core.ContainerBase.[Tomcat].[localhost].[/] - Initializing Spring DispatcherServlet 'dispatcherServlet'
2024-12-19 21:10:59.981 [] INFO  - org.springframework.web.servlet.DispatcherServlet - Initializing Servlet 'dispatcherServlet'
2024-12-19 21:10:59.984 [] INFO  - org.springframework.web.servlet.DispatcherServlet - Completed initialization in 3 ms
2024-12-19 21:25:11.421 [] INFO  - org.ligot.afriyan.OngafriyanApplication - Starting OngafriyanApplication using Java 17.0.1 with PID 5484 (C:\Users\GLC\Documents\Project\Java\Formation\bizz\ongafriyan\target\classes started by GLC in C:\Users\GLC\Documents\Project\Java\Formation\bizz\ongafriyan)
2024-12-19 21:25:11.424 [] INFO  - org.ligot.afriyan.OngafriyanApplication - The following 1 profile is active: "dev"
2024-12-19 21:25:11.509 [] INFO  - org.springframework.boot.devtools.env.DevToolsPropertyDefaultsPostProcessor - Devtools property defaults active! Set 'spring.devtools.add-properties' to 'false' to disable
2024-12-19 21:25:11.509 [] INFO  - org.springframework.boot.devtools.env.DevToolsPropertyDefaultsPostProcessor - For additional web related logging consider setting the 'logging.level.web' property to 'DEBUG'
2024-12-19 21:25:14.333 [] INFO  - org.springframework.data.repository.config.RepositoryConfigurationDelegate - Bootstrapping Spring Data JPA repositories in DEFAULT mode.
2024-12-19 21:25:14.675 [] INFO  - org.springframework.data.repository.config.RepositoryConfigurationDelegate - Finished Spring Data repository scanning in 331 ms. Found 44 JPA repository interfaces.
2024-12-19 21:25:15.568 [] INFO  - org.springframework.boot.web.embedded.tomcat.TomcatWebServer - Tomcat initialized with port(s): 8087 (http)
2024-12-19 21:25:15.577 [] INFO  - org.apache.catalina.core.StandardService - Starting service [Tomcat]
2024-12-19 21:25:15.577 [] INFO  - org.apache.catalina.core.StandardEngine - Starting Servlet engine: [Apache Tomcat/10.1.10]
2024-12-19 21:25:15.688 [] INFO  - org.apache.catalina.core.ContainerBase.[Tomcat].[localhost].[/] - Initializing Spring embedded WebApplicationContext
2024-12-19 21:25:15.689 [] INFO  - org.springframework.boot.web.servlet.context.ServletWebServerApplicationContext - Root WebApplicationContext: initialization completed in 4179 ms
2024-12-19 21:25:16.009 [] INFO  - org.hibernate.jpa.internal.util.LogHelper - HHH000204: Processing PersistenceUnitInfo [name: default]
2024-12-19 21:25:16.068 [] INFO  - org.hibernate.Version - HHH000412: Hibernate ORM core version 6.2.5.Final
2024-12-19 21:25:16.072 [] INFO  - org.hibernate.cfg.Environment - HHH000406: Using bytecode reflection optimizer
2024-12-19 21:25:16.225 [] INFO  - org.hibernate.bytecode.internal.BytecodeProviderInitiator - HHH000021: Bytecode provider name : bytebuddy
2024-12-19 21:25:16.379 [] INFO  - org.springframework.orm.jpa.persistenceunit.SpringPersistenceUnitInfo - No LoadTimeWeaver setup: ignoring JPA class transformer
2024-12-19 21:25:16.398 [] INFO  - com.zaxxer.hikari.HikariDataSource - HikariPool-1 - Starting...
2024-12-19 21:25:16.601 [] INFO  - com.zaxxer.hikari.pool.HikariPool - HikariPool-1 - Added connection org.postgresql.jdbc.PgConnection@44c2937f
2024-12-19 21:25:16.603 [] INFO  - com.zaxxer.hikari.HikariDataSource - HikariPool-1 - Start completed.
2024-12-19 21:25:17.270 [] INFO  - org.hibernate.bytecode.internal.BytecodeProviderInitiator - HHH000021: Bytecode provider name : bytebuddy
2024-12-19 21:25:18.214 [] INFO  - org.hibernate.metamodel.internal.EntityInstantiatorPojoStandard - HHH000182: No default (no-argument) constructor for class: org.ligot.afriyan.entities.UserConnect (class must be instantiated by Interceptor)
2024-12-19 21:25:18.818 [] INFO  - org.hibernate.engine.transaction.jta.platform.internal.JtaPlatformInitiator - HHH000490: Using JtaPlatform implementation: [org.hibernate.engine.transaction.jta.platform.internal.NoJtaPlatform]
2024-12-19 21:25:19.515 [] INFO  - org.springframework.orm.jpa.LocalContainerEntityManagerFactoryBean - Initialized JPA EntityManagerFactory for persistence unit 'default'
2024-12-19 21:25:19.861 [] INFO  - org.springframework.data.jpa.repository.query.QueryEnhancerFactory - Hibernate is in classpath; If applicable, HQL parser will be used.
2024-12-19 21:25:24.025 [] INFO  - org.springframework.boot.actuate.endpoint.web.EndpointLinksResolver - Exposing 1 endpoint(s) beneath base path '/actuator'
2024-12-19 21:25:24.122 [] INFO  - org.springframework.security.web.DefaultSecurityFilterChain - Will secure any request with [org.springframework.security.web.session.DisableEncodeUrlFilter@33a679d5, org.springframework.security.web.context.request.async.WebAsyncManagerIntegrationFilter@10391f04, org.springframework.security.web.context.SecurityContextHolderFilter@63f5b85e, org.springframework.security.web.header.HeaderWriterFilter@1d0af286, org.springframework.security.web.authentication.logout.LogoutFilter@37fbc0cd, org.ligot.afriyan.config.securities.JwtAuthenticationFilter@3dd902fc, org.springframework.security.web.savedrequest.RequestCacheAwareFilter@34b82006, org.springframework.security.web.servletapi.SecurityContextHolderAwareRequestFilter@7b44924, org.springframework.security.web.authentication.AnonymousAuthenticationFilter@4315c7e3, org.springframework.security.web.session.SessionManagementFilter@19050195, org.springframework.security.web.access.ExceptionTranslationFilter@aeff4a0, org.springframework.security.web.access.intercept.AuthorizationFilter@5b1f1479]
2024-12-19 21:25:24.805 [] INFO  - org.springframework.boot.devtools.autoconfigure.OptionalLiveReloadServer - LiveReload server is running on port 35729
2024-12-19 21:25:24.915 [] INFO  - org.springframework.boot.web.embedded.tomcat.TomcatWebServer - Tomcat started on port(s): 8087 (http) with context path ''
2024-12-19 21:25:24.936 [] INFO  - org.ligot.afriyan.OngafriyanApplication - Started OngafriyanApplication in 13.982 seconds (process running for 15.241)
2024-12-19 21:25:25.447 [] INFO  - org.apache.catalina.core.ContainerBase.[Tomcat].[localhost].[/] - Initializing Spring DispatcherServlet 'dispatcherServlet'
2024-12-19 21:25:25.448 [] INFO  - org.springframework.web.servlet.DispatcherServlet - Initializing Servlet 'dispatcherServlet'
2024-12-19 21:25:25.456 [] INFO  - org.springframework.web.servlet.DispatcherServlet - Completed initialization in 5 ms
2024-12-19 22:02:16.992 [] INFO  - org.springframework.orm.jpa.LocalContainerEntityManagerFactoryBean - Closing JPA EntityManagerFactory for persistence unit 'default'
2024-12-19 22:02:17.000 [] INFO  - com.zaxxer.hikari.HikariDataSource - HikariPool-1 - Shutdown initiated...
2024-12-19 22:02:17.010 [] INFO  - com.zaxxer.hikari.HikariDataSource - HikariPool-1 - Shutdown completed.
2024-12-19 22:02:28.961 [] INFO  - org.ligot.afriyan.OngafriyanApplication - Starting OngafriyanApplication using Java 17.0.1 with PID 17448 (C:\Users\GLC\Documents\Project\Java\Formation\bizz\ongafriyan\target\classes started by GLC in C:\Users\GLC\Documents\Project\Java\Formation\bizz\ongafriyan)
2024-12-19 22:02:28.965 [] INFO  - org.ligot.afriyan.OngafriyanApplication - The following 1 profile is active: "dev"
2024-12-19 22:02:29.062 [] INFO  - org.springframework.boot.devtools.env.DevToolsPropertyDefaultsPostProcessor - Devtools property defaults active! Set 'spring.devtools.add-properties' to 'false' to disable
2024-12-19 22:02:29.063 [] INFO  - org.springframework.boot.devtools.env.DevToolsPropertyDefaultsPostProcessor - For additional web related logging consider setting the 'logging.level.web' property to 'DEBUG'
2024-12-19 22:02:30.934 [] INFO  - org.springframework.data.repository.config.RepositoryConfigurationDelegate - Bootstrapping Spring Data JPA repositories in DEFAULT mode.
2024-12-19 22:02:31.285 [] INFO  - org.springframework.data.repository.config.RepositoryConfigurationDelegate - Finished Spring Data repository scanning in 337 ms. Found 44 JPA repository interfaces.
2024-12-19 22:02:32.124 [] INFO  - org.springframework.boot.web.embedded.tomcat.TomcatWebServer - Tomcat initialized with port(s): 8087 (http)
2024-12-19 22:02:32.135 [] INFO  - org.apache.catalina.core.StandardService - Starting service [Tomcat]
2024-12-19 22:02:32.135 [] INFO  - org.apache.catalina.core.StandardEngine - Starting Servlet engine: [Apache Tomcat/10.1.10]
2024-12-19 22:02:32.226 [] INFO  - org.apache.catalina.core.ContainerBase.[Tomcat].[localhost].[/] - Initializing Spring embedded WebApplicationContext
2024-12-19 22:02:32.227 [] INFO  - org.springframework.boot.web.servlet.context.ServletWebServerApplicationContext - Root WebApplicationContext: initialization completed in 3162 ms
2024-12-19 22:02:32.528 [] INFO  - org.hibernate.jpa.internal.util.LogHelper - HHH000204: Processing PersistenceUnitInfo [name: default]
2024-12-19 22:02:32.592 [] INFO  - org.hibernate.Version - HHH000412: Hibernate ORM core version 6.2.5.Final
2024-12-19 22:02:32.596 [] INFO  - org.hibernate.cfg.Environment - HHH000406: Using bytecode reflection optimizer
2024-12-19 22:02:32.750 [] INFO  - org.hibernate.bytecode.internal.BytecodeProviderInitiator - HHH000021: Bytecode provider name : bytebuddy
2024-12-19 22:02:32.905 [] INFO  - org.springframework.orm.jpa.persistenceunit.SpringPersistenceUnitInfo - No LoadTimeWeaver setup: ignoring JPA class transformer
2024-12-19 22:02:32.922 [] INFO  - com.zaxxer.hikari.HikariDataSource - HikariPool-1 - Starting...
2024-12-19 22:02:33.152 [] INFO  - com.zaxxer.hikari.pool.HikariPool - HikariPool-1 - Added connection org.postgresql.jdbc.PgConnection@44c2937f
2024-12-19 22:02:33.154 [] INFO  - com.zaxxer.hikari.HikariDataSource - HikariPool-1 - Start completed.
2024-12-19 22:02:33.764 [] INFO  - org.hibernate.bytecode.internal.BytecodeProviderInitiator - HHH000021: Bytecode provider name : bytebuddy
2024-12-19 22:02:34.941 [] INFO  - org.hibernate.metamodel.internal.EntityInstantiatorPojoStandard - HHH000182: No default (no-argument) constructor for class: org.ligot.afriyan.entities.UserConnect (class must be instantiated by Interceptor)
2024-12-19 22:02:35.463 [] INFO  - org.hibernate.engine.transaction.jta.platform.internal.JtaPlatformInitiator - HHH000490: Using JtaPlatform implementation: [org.hibernate.engine.transaction.jta.platform.internal.NoJtaPlatform]
2024-12-19 22:02:36.107 [] INFO  - org.springframework.orm.jpa.LocalContainerEntityManagerFactoryBean - Initialized JPA EntityManagerFactory for persistence unit 'default'
2024-12-19 22:02:36.412 [] INFO  - org.springframework.data.jpa.repository.query.QueryEnhancerFactory - Hibernate is in classpath; If applicable, HQL parser will be used.
2024-12-19 22:02:39.651 [] INFO  - org.springframework.boot.actuate.endpoint.web.EndpointLinksResolver - Exposing 1 endpoint(s) beneath base path '/actuator'
2024-12-19 22:02:39.732 [] INFO  - org.springframework.security.web.DefaultSecurityFilterChain - Will secure any request with [org.springframework.security.web.session.DisableEncodeUrlFilter@374bfea6, org.springframework.security.web.context.request.async.WebAsyncManagerIntegrationFilter@54af208b, org.springframework.security.web.context.SecurityContextHolderFilter@48d39d7a, org.springframework.security.web.header.HeaderWriterFilter@33a679d5, org.springframework.security.web.authentication.logout.LogoutFilter@43b77507, org.ligot.afriyan.config.securities.JwtAuthenticationFilter@23c4c55b, org.springframework.security.web.savedrequest.RequestCacheAwareFilter@38ead7, org.springframework.security.web.servletapi.SecurityContextHolderAwareRequestFilter@6f7a63da, org.springframework.security.web.authentication.AnonymousAuthenticationFilter@7ecadbfa, org.springframework.security.web.session.SessionManagementFilter@2bd77a13, org.springframework.security.web.access.ExceptionTranslationFilter@5b910dc5, org.springframework.security.web.access.intercept.AuthorizationFilter@3b3b178b]
2024-12-19 22:02:40.275 [] INFO  - org.springframework.boot.devtools.autoconfigure.OptionalLiveReloadServer - LiveReload server is running on port 35729
2024-12-19 22:02:40.380 [] INFO  - org.springframework.boot.web.embedded.tomcat.TomcatWebServer - Tomcat started on port(s): 8087 (http) with context path ''
2024-12-19 22:02:40.399 [] INFO  - org.ligot.afriyan.OngafriyanApplication - Started OngafriyanApplication in 11.887 seconds (process running for 13.046)
2024-12-19 22:02:40.758 [] INFO  - org.apache.catalina.core.ContainerBase.[Tomcat].[localhost].[/] - Initializing Spring DispatcherServlet 'dispatcherServlet'
2024-12-19 22:02:40.758 [] INFO  - org.springframework.web.servlet.DispatcherServlet - Initializing Servlet 'dispatcherServlet'
2024-12-19 22:02:40.761 [] INFO  - org.springframework.web.servlet.DispatcherServlet - Completed initialization in 3 ms
2024-12-19 22:59:34.814 [] INFO  - org.springframework.orm.jpa.LocalContainerEntityManagerFactoryBean - Closing JPA EntityManagerFactory for persistence unit 'default'
2024-12-19 22:59:34.823 [] INFO  - com.zaxxer.hikari.HikariDataSource - HikariPool-1 - Shutdown initiated...
2024-12-19 22:59:34.832 [] INFO  - com.zaxxer.hikari.HikariDataSource - HikariPool-1 - Shutdown completed.
2024-12-19 23:00:07.515 [] INFO  - org.ligot.afriyan.OngafriyanApplication - Starting OngafriyanApplication using Java 17.0.1 with PID 21064 (C:\Users\GLC\Documents\Project\Java\Formation\bizz\ongafriyan\target\classes started by GLC in C:\Users\GLC\Documents\Project\Java\Formation\bizz\ongafriyan)
2024-12-19 23:00:07.518 [] INFO  - org.ligot.afriyan.OngafriyanApplication - The following 1 profile is active: "dev"
2024-12-19 23:00:07.639 [] INFO  - org.springframework.boot.devtools.env.DevToolsPropertyDefaultsPostProcessor - Devtools property defaults active! Set 'spring.devtools.add-properties' to 'false' to disable
2024-12-19 23:00:07.639 [] INFO  - org.springframework.boot.devtools.env.DevToolsPropertyDefaultsPostProcessor - For additional web related logging consider setting the 'logging.level.web' property to 'DEBUG'
2024-12-19 23:00:11.146 [] INFO  - org.springframework.data.repository.config.RepositoryConfigurationDelegate - Bootstrapping Spring Data JPA repositories in DEFAULT mode.
2024-12-19 23:00:12.525 [] INFO  - org.springframework.data.repository.config.RepositoryConfigurationDelegate - Finished Spring Data repository scanning in 1296 ms. Found 44 JPA repository interfaces.
2024-12-19 23:00:14.217 [] INFO  - org.springframework.boot.web.embedded.tomcat.TomcatWebServer - Tomcat initialized with port(s): 8087 (http)
2024-12-19 23:00:14.329 [] INFO  - org.apache.catalina.core.StandardService - Starting service [Tomcat]
2024-12-19 23:00:14.330 [] INFO  - org.apache.catalina.core.StandardEngine - Starting Servlet engine: [Apache Tomcat/10.1.10]
2024-12-19 23:00:14.463 [] INFO  - org.apache.catalina.core.ContainerBase.[Tomcat].[localhost].[/] - Initializing Spring embedded WebApplicationContext
2024-12-19 23:00:14.464 [] INFO  - org.springframework.boot.web.servlet.context.ServletWebServerApplicationContext - Root WebApplicationContext: initialization completed in 6824 ms
2024-12-19 23:00:14.937 [] INFO  - org.hibernate.jpa.internal.util.LogHelper - HHH000204: Processing PersistenceUnitInfo [name: default]
2024-12-19 23:00:15.060 [] INFO  - org.hibernate.Version - HHH000412: Hibernate ORM core version 6.2.5.Final
2024-12-19 23:00:15.064 [] INFO  - org.hibernate.cfg.Environment - HHH000406: Using bytecode reflection optimizer
2024-12-19 23:00:15.581 [] INFO  - org.hibernate.bytecode.internal.BytecodeProviderInitiator - HHH000021: Bytecode provider name : bytebuddy
2024-12-19 23:00:15.852 [] INFO  - org.springframework.orm.jpa.persistenceunit.SpringPersistenceUnitInfo - No LoadTimeWeaver setup: ignoring JPA class transformer
2024-12-19 23:00:15.880 [] INFO  - com.zaxxer.hikari.HikariDataSource - HikariPool-1 - Starting...
2024-12-19 23:00:17.810 [] INFO  - com.zaxxer.hikari.pool.HikariPool - HikariPool-1 - Added connection org.postgresql.jdbc.PgConnection@72f2407e
2024-12-19 23:00:17.812 [] INFO  - com.zaxxer.hikari.HikariDataSource - HikariPool-1 - Start completed.
2024-12-19 23:00:20.127 [] INFO  - org.hibernate.bytecode.internal.BytecodeProviderInitiator - HHH000021: Bytecode provider name : bytebuddy
2024-12-19 23:00:21.968 [] INFO  - org.hibernate.metamodel.internal.EntityInstantiatorPojoStandard - HHH000182: No default (no-argument) constructor for class: org.ligot.afriyan.entities.UserConnect (class must be instantiated by Interceptor)
2024-12-19 23:00:23.042 [] INFO  - org.hibernate.engine.transaction.jta.platform.internal.JtaPlatformInitiator - HHH000490: Using JtaPlatform implementation: [org.hibernate.engine.transaction.jta.platform.internal.NoJtaPlatform]
2024-12-19 23:01:13.689 [] INFO  - org.springframework.orm.jpa.LocalContainerEntityManagerFactoryBean - Initialized JPA EntityManagerFactory for persistence unit 'default'
2024-12-19 23:01:14.022 [] INFO  - org.springframework.data.jpa.repository.query.QueryEnhancerFactory - Hibernate is in classpath; If applicable, HQL parser will be used.
2024-12-19 23:01:17.215 [] INFO  - org.springframework.boot.actuate.endpoint.web.EndpointLinksResolver - Exposing 1 endpoint(s) beneath base path '/actuator'
2024-12-19 23:01:17.306 [] INFO  - org.springframework.security.web.DefaultSecurityFilterChain - Will secure any request with [org.springframework.security.web.session.DisableEncodeUrlFilter@1b9006b9, org.springframework.security.web.context.request.async.WebAsyncManagerIntegrationFilter@5bdc3617, org.springframework.security.web.context.SecurityContextHolderFilter@3e6076b1, org.springframework.security.web.header.HeaderWriterFilter@44ef2901, org.springframework.security.web.authentication.logout.LogoutFilter@378ad3a1, org.ligot.afriyan.config.securities.JwtAuthenticationFilter@4f21a67, org.springframework.security.web.savedrequest.RequestCacheAwareFilter@4429fd8d, org.springframework.security.web.servletapi.SecurityContextHolderAwareRequestFilter@4a4ca4b9, org.springframework.security.web.authentication.AnonymousAuthenticationFilter@7eedf7fb, org.springframework.security.web.session.SessionManagementFilter@1c1c27e, org.springframework.security.web.access.ExceptionTranslationFilter@9a5b565, org.springframework.security.web.access.intercept.AuthorizationFilter@79373773]
2024-12-19 23:01:17.892 [] INFO  - org.springframework.boot.devtools.autoconfigure.OptionalLiveReloadServer - LiveReload server is running on port 35729
2024-12-19 23:01:17.995 [] INFO  - org.springframework.boot.web.embedded.tomcat.TomcatWebServer - Tomcat started on port(s): 8087 (http) with context path ''
2024-12-19 23:01:18.016 [] INFO  - org.ligot.afriyan.OngafriyanApplication - Started OngafriyanApplication in 71.531 seconds (process running for 73.823)
2024-12-19 23:01:18.479 [] INFO  - org.apache.catalina.core.ContainerBase.[Tomcat].[localhost].[/] - Initializing Spring DispatcherServlet 'dispatcherServlet'
2024-12-19 23:01:18.480 [] INFO  - org.springframework.web.servlet.DispatcherServlet - Initializing Servlet 'dispatcherServlet'
2024-12-19 23:01:18.484 [] INFO  - org.springframework.web.servlet.DispatcherServlet - Completed initialization in 4 ms
2024-12-19 23:01:36.747 [] INFO  - org.springframework.orm.jpa.LocalContainerEntityManagerFactoryBean - Closing JPA EntityManagerFactory for persistence unit 'default'
2024-12-19 23:01:36.751 [] INFO  - com.zaxxer.hikari.HikariDataSource - HikariPool-1 - Shutdown initiated...
2024-12-19 23:01:36.754 [] INFO  - com.zaxxer.hikari.HikariDataSource - HikariPool-1 - Shutdown completed.
2024-12-19 23:02:11.590 [] INFO  - org.ligot.afriyan.OngafriyanApplication - Starting OngafriyanApplication using Java 17.0.1 with PID 7372 (C:\Users\GLC\Documents\Project\Java\Formation\bizz\ongafriyan\target\classes started by GLC in C:\Users\GLC\Documents\Project\Java\Formation\bizz\ongafriyan)
2024-12-19 23:02:11.593 [] INFO  - org.ligot.afriyan.OngafriyanApplication - The following 1 profile is active: "dev"
2024-12-19 23:02:14.454 [] INFO  - org.springframework.data.repository.config.RepositoryConfigurationDelegate - Bootstrapping Spring Data JPA repositories in DEFAULT mode.
2024-12-19 23:02:14.988 [] INFO  - org.springframework.data.repository.config.RepositoryConfigurationDelegate - Finished Spring Data repository scanning in 521 ms. Found 44 JPA repository interfaces.
2024-12-19 23:10:50.109 [] INFO  - org.ligot.afriyan.OngafriyanApplication - Starting OngafriyanApplication using Java 17.0.1 with PID 11240 (C:\Users\GLC\Documents\Project\Java\Formation\bizz\ongafriyan\target\classes started by GLC in C:\Users\GLC\Documents\Project\Java\Formation\bizz\ongafriyan)
2024-12-19 23:10:50.112 [] INFO  - org.ligot.afriyan.OngafriyanApplication - The following 1 profile is active: "dev"
2024-12-19 23:10:50.214 [] INFO  - org.springframework.boot.devtools.env.DevToolsPropertyDefaultsPostProcessor - Devtools property defaults active! Set 'spring.devtools.add-properties' to 'false' to disable
2024-12-19 23:10:50.214 [] INFO  - org.springframework.boot.devtools.env.DevToolsPropertyDefaultsPostProcessor - For additional web related logging consider setting the 'logging.level.web' property to 'DEBUG'
2024-12-19 23:10:52.270 [] INFO  - org.springframework.data.repository.config.RepositoryConfigurationDelegate - Bootstrapping Spring Data JPA repositories in DEFAULT mode.
2024-12-19 23:10:52.662 [] INFO  - org.springframework.data.repository.config.RepositoryConfigurationDelegate - Finished Spring Data repository scanning in 379 ms. Found 44 JPA repository interfaces.
2024-12-19 23:10:53.619 [] INFO  - org.springframework.boot.web.embedded.tomcat.TomcatWebServer - Tomcat initialized with port(s): 8087 (http)
2024-12-19 23:10:53.630 [] INFO  - org.apache.catalina.core.StandardService - Starting service [Tomcat]
2024-12-19 23:10:53.630 [] INFO  - org.apache.catalina.core.StandardEngine - Starting Servlet engine: [Apache Tomcat/10.1.10]
2024-12-19 23:10:53.707 [] INFO  - org.apache.catalina.core.ContainerBase.[Tomcat].[localhost].[/] - Initializing Spring embedded WebApplicationContext
2024-12-19 23:10:53.708 [] INFO  - org.springframework.boot.web.servlet.context.ServletWebServerApplicationContext - Root WebApplicationContext: initialization completed in 3492 ms
2024-12-19 23:10:54.072 [] INFO  - org.hibernate.jpa.internal.util.LogHelper - HHH000204: Processing PersistenceUnitInfo [name: default]
2024-12-19 23:10:54.142 [] INFO  - org.hibernate.Version - HHH000412: Hibernate ORM core version 6.2.5.Final
2024-12-19 23:10:54.146 [] INFO  - org.hibernate.cfg.Environment - HHH000406: Using bytecode reflection optimizer
2024-12-19 23:10:54.385 [] INFO  - org.hibernate.bytecode.internal.BytecodeProviderInitiator - HHH000021: Bytecode provider name : bytebuddy
2024-12-19 23:10:54.559 [] INFO  - org.springframework.orm.jpa.persistenceunit.SpringPersistenceUnitInfo - No LoadTimeWeaver setup: ignoring JPA class transformer
2024-12-19 23:10:54.577 [] INFO  - com.zaxxer.hikari.HikariDataSource - HikariPool-1 - Starting...
2024-12-19 23:10:56.480 [] INFO  - com.zaxxer.hikari.pool.HikariPool - HikariPool-1 - Added connection org.postgresql.jdbc.PgConnection@3f65c1a1
2024-12-19 23:10:56.482 [] INFO  - com.zaxxer.hikari.HikariDataSource - HikariPool-1 - Start completed.
2024-12-19 23:10:58.087 [] INFO  - org.hibernate.bytecode.internal.BytecodeProviderInitiator - HHH000021: Bytecode provider name : bytebuddy
2024-12-19 23:10:59.172 [] INFO  - org.hibernate.metamodel.internal.EntityInstantiatorPojoStandard - HHH000182: No default (no-argument) constructor for class: org.ligot.afriyan.entities.UserConnect (class must be instantiated by Interceptor)
2024-12-19 23:10:59.839 [] INFO  - org.hibernate.engine.transaction.jta.platform.internal.JtaPlatformInitiator - HHH000490: Using JtaPlatform implementation: [org.hibernate.engine.transaction.jta.platform.internal.NoJtaPlatform]
2024-12-19 23:11:49.692 [] INFO  - org.springframework.orm.jpa.LocalContainerEntityManagerFactoryBean - Initialized JPA EntityManagerFactory for persistence unit 'default'
2024-12-19 23:11:50.367 [] INFO  - org.springframework.data.jpa.repository.query.QueryEnhancerFactory - Hibernate is in classpath; If applicable, HQL parser will be used.
2024-12-19 23:11:54.535 [] INFO  - org.springframework.boot.actuate.endpoint.web.EndpointLinksResolver - Exposing 1 endpoint(s) beneath base path '/actuator'
2024-12-19 23:11:54.622 [] INFO  - org.springframework.security.web.DefaultSecurityFilterChain - Will secure any request with [org.springframework.security.web.session.DisableEncodeUrlFilter@474de7d7, org.springframework.security.web.context.request.async.WebAsyncManagerIntegrationFilter@1d9fa5e0, org.springframework.security.web.context.SecurityContextHolderFilter@779c63f6, org.springframework.security.web.header.HeaderWriterFilter@4405f177, org.springframework.security.web.authentication.logout.LogoutFilter@782048fd, org.ligot.afriyan.config.securities.JwtAuthenticationFilter@700eeead, org.springframework.security.web.savedrequest.RequestCacheAwareFilter@5e942fbb, org.springframework.security.web.servletapi.SecurityContextHolderAwareRequestFilter@6f17378d, org.springframework.security.web.authentication.AnonymousAuthenticationFilter@1eaa52e7, org.springframework.security.web.session.SessionManagementFilter@230639a, org.springframework.security.web.access.ExceptionTranslationFilter@112450cd, org.springframework.security.web.access.intercept.AuthorizationFilter@3b9c328c]
2024-12-19 23:11:55.271 [] INFO  - org.springframework.boot.devtools.autoconfigure.OptionalLiveReloadServer - LiveReload server is running on port 35729
2024-12-19 23:11:55.385 [] INFO  - org.springframework.boot.web.embedded.tomcat.TomcatWebServer - Tomcat started on port(s): 8087 (http) with context path ''
2024-12-19 23:11:55.406 [] INFO  - org.ligot.afriyan.OngafriyanApplication - Started OngafriyanApplication in 65.755 seconds (process running for 66.943)
2024-12-19 23:11:55.561 [] INFO  - org.apache.catalina.core.ContainerBase.[Tomcat].[localhost].[/] - Initializing Spring DispatcherServlet 'dispatcherServlet'
2024-12-19 23:11:55.563 [] INFO  - org.springframework.web.servlet.DispatcherServlet - Initializing Servlet 'dispatcherServlet'
2024-12-19 23:11:55.565 [] INFO  - org.springframework.web.servlet.DispatcherServlet - Completed initialization in 2 ms
2024-12-19 23:12:37.662 [] INFO  - org.springframework.orm.jpa.LocalContainerEntityManagerFactoryBean - Closing JPA EntityManagerFactory for persistence unit 'default'
2024-12-19 23:12:37.666 [] INFO  - com.zaxxer.hikari.HikariDataSource - HikariPool-1 - Shutdown initiated...
2024-12-19 23:12:37.668 [] INFO  - com.zaxxer.hikari.HikariDataSource - HikariPool-1 - Shutdown completed.
2024-12-19 23:12:43.877 [] INFO  - org.ligot.afriyan.OngafriyanApplication - Starting OngafriyanApplication using Java 17.0.1 with PID 17264 (C:\Users\GLC\Documents\Project\Java\Formation\bizz\ongafriyan\target\classes started by GLC in C:\Users\GLC\Documents\Project\Java\Formation\bizz\ongafriyan)
2024-12-19 23:12:43.881 [] INFO  - org.ligot.afriyan.OngafriyanApplication - The following 1 profile is active: "dev"
2024-12-19 23:12:43.993 [] INFO  - org.springframework.boot.devtools.env.DevToolsPropertyDefaultsPostProcessor - Devtools property defaults active! Set 'spring.devtools.add-properties' to 'false' to disable
2024-12-19 23:12:43.993 [] INFO  - org.springframework.boot.devtools.env.DevToolsPropertyDefaultsPostProcessor - For additional web related logging consider setting the 'logging.level.web' property to 'DEBUG'
2024-12-19 23:12:46.073 [] INFO  - org.springframework.data.repository.config.RepositoryConfigurationDelegate - Bootstrapping Spring Data JPA repositories in DEFAULT mode.
2024-12-19 23:12:46.493 [] INFO  - org.springframework.data.repository.config.RepositoryConfigurationDelegate - Finished Spring Data repository scanning in 400 ms. Found 44 JPA repository interfaces.
2024-12-19 23:12:47.379 [] INFO  - org.springframework.boot.web.embedded.tomcat.TomcatWebServer - Tomcat initialized with port(s): 8087 (http)
2024-12-19 23:12:47.391 [] INFO  - org.apache.catalina.core.StandardService - Starting service [Tomcat]
2024-12-19 23:12:47.391 [] INFO  - org.apache.catalina.core.StandardEngine - Starting Servlet engine: [Apache Tomcat/10.1.10]
2024-12-19 23:12:47.486 [] INFO  - org.apache.catalina.core.ContainerBase.[Tomcat].[localhost].[/] - Initializing Spring embedded WebApplicationContext
2024-12-19 23:12:47.486 [] INFO  - org.springframework.boot.web.servlet.context.ServletWebServerApplicationContext - Root WebApplicationContext: initialization completed in 3492 ms
2024-12-19 23:12:47.844 [] INFO  - org.hibernate.jpa.internal.util.LogHelper - HHH000204: Processing PersistenceUnitInfo [name: default]
2024-12-19 23:12:47.907 [] INFO  - org.hibernate.Version - HHH000412: Hibernate ORM core version 6.2.5.Final
2024-12-19 23:12:47.910 [] INFO  - org.hibernate.cfg.Environment - HHH000406: Using bytecode reflection optimizer
2024-12-19 23:12:48.083 [] INFO  - org.hibernate.bytecode.internal.BytecodeProviderInitiator - HHH000021: Bytecode provider name : bytebuddy
2024-12-19 23:12:48.246 [] INFO  - org.springframework.orm.jpa.persistenceunit.SpringPersistenceUnitInfo - No LoadTimeWeaver setup: ignoring JPA class transformer
2024-12-19 23:12:48.266 [] INFO  - com.zaxxer.hikari.HikariDataSource - HikariPool-1 - Starting...
2024-12-19 23:12:50.182 [] INFO  - com.zaxxer.hikari.pool.HikariPool - HikariPool-1 - Added connection org.postgresql.jdbc.PgConnection@c083fdf
2024-12-19 23:12:50.184 [] INFO  - com.zaxxer.hikari.HikariDataSource - HikariPool-1 - Start completed.
2024-12-19 23:12:52.194 [] INFO  - org.hibernate.bytecode.internal.BytecodeProviderInitiator - HHH000021: Bytecode provider name : bytebuddy
2024-12-19 23:12:53.251 [] INFO  - org.hibernate.metamodel.internal.EntityInstantiatorPojoStandard - HHH000182: No default (no-argument) constructor for class: org.ligot.afriyan.entities.UserConnect (class must be instantiated by Interceptor)
2024-12-19 23:12:53.788 [] INFO  - org.hibernate.engine.transaction.jta.platform.internal.JtaPlatformInitiator - HHH000490: Using JtaPlatform implementation: [org.hibernate.engine.transaction.jta.platform.internal.NoJtaPlatform]
2024-12-19 23:13:43.973 [] INFO  - org.springframework.orm.jpa.LocalContainerEntityManagerFactoryBean - Initialized JPA EntityManagerFactory for persistence unit 'default'
2024-12-19 23:13:44.340 [] INFO  - org.springframework.data.jpa.repository.query.QueryEnhancerFactory - Hibernate is in classpath; If applicable, HQL parser will be used.
2024-12-19 23:13:47.692 [] INFO  - org.springframework.boot.actuate.endpoint.web.EndpointLinksResolver - Exposing 1 endpoint(s) beneath base path '/actuator'
2024-12-19 23:13:47.773 [] INFO  - org.springframework.security.web.DefaultSecurityFilterChain - Will secure any request with [org.springframework.security.web.session.DisableEncodeUrlFilter@29c1501, org.springframework.security.web.context.request.async.WebAsyncManagerIntegrationFilter@2faa20fa, org.springframework.security.web.context.SecurityContextHolderFilter@ba4feba, org.springframework.security.web.header.HeaderWriterFilter@360f4ac9, org.springframework.security.web.authentication.logout.LogoutFilter@33dc1ed2, org.ligot.afriyan.config.securities.JwtAuthenticationFilter@61fd0c4a, org.springframework.security.web.savedrequest.RequestCacheAwareFilter@7cbcde93, org.springframework.security.web.servletapi.SecurityContextHolderAwareRequestFilter@112450cd, org.springframework.security.web.authentication.AnonymousAuthenticationFilter@f7d6bcf, org.springframework.security.web.session.SessionManagementFilter@2390811, org.springframework.security.web.access.ExceptionTranslationFilter@5ec30721, org.springframework.security.web.access.intercept.AuthorizationFilter@75eb0e16]
2024-12-19 23:13:48.449 [] INFO  - org.springframework.boot.devtools.autoconfigure.OptionalLiveReloadServer - LiveReload server is running on port 35729
2024-12-19 23:13:48.564 [] INFO  - org.springframework.boot.web.embedded.tomcat.TomcatWebServer - Tomcat started on port(s): 8087 (http) with context path ''
2024-12-19 23:13:48.590 [] INFO  - org.ligot.afriyan.OngafriyanApplication - Started OngafriyanApplication in 65.169 seconds (process running for 66.773)
2024-12-19 23:13:49.026 [] INFO  - org.apache.catalina.core.ContainerBase.[Tomcat].[localhost].[/] - Initializing Spring DispatcherServlet 'dispatcherServlet'
2024-12-19 23:13:49.027 [] INFO  - org.springframework.web.servlet.DispatcherServlet - Initializing Servlet 'dispatcherServlet'
2024-12-19 23:13:49.029 [] INFO  - org.springframework.web.servlet.DispatcherServlet - Completed initialization in 2 ms
2024-12-19 23:16:02.639 [] INFO  - org.springframework.orm.jpa.LocalContainerEntityManagerFactoryBean - Closing JPA EntityManagerFactory for persistence unit 'default'
2024-12-19 23:16:02.645 [] INFO  - com.zaxxer.hikari.HikariDataSource - HikariPool-1 - Shutdown initiated...
2024-12-19 23:16:02.649 [] INFO  - com.zaxxer.hikari.HikariDataSource - HikariPool-1 - Shutdown completed.
2024-12-19 23:16:07.294 [] INFO  - org.ligot.afriyan.OngafriyanApplication - Starting OngafriyanApplication using Java 17.0.1 with PID 21968 (C:\Users\GLC\Documents\Project\Java\Formation\bizz\ongafriyan\target\classes started by GLC in C:\Users\GLC\Documents\Project\Java\Formation\bizz\ongafriyan)
2024-12-19 23:16:07.297 [] INFO  - org.ligot.afriyan.OngafriyanApplication - The following 1 profile is active: "dev"
2024-12-19 23:16:07.383 [] INFO  - org.springframework.boot.devtools.env.DevToolsPropertyDefaultsPostProcessor - Devtools property defaults active! Set 'spring.devtools.add-properties' to 'false' to disable
2024-12-19 23:16:07.383 [] INFO  - org.springframework.boot.devtools.env.DevToolsPropertyDefaultsPostProcessor - For additional web related logging consider setting the 'logging.level.web' property to 'DEBUG'
2024-12-19 23:16:09.207 [] INFO  - org.springframework.data.repository.config.RepositoryConfigurationDelegate - Bootstrapping Spring Data JPA repositories in DEFAULT mode.
2024-12-19 23:16:09.604 [] INFO  - org.springframework.data.repository.config.RepositoryConfigurationDelegate - Finished Spring Data repository scanning in 385 ms. Found 44 JPA repository interfaces.
2024-12-19 23:16:10.433 [] INFO  - org.springframework.boot.web.embedded.tomcat.TomcatWebServer - Tomcat initialized with port(s): 8087 (http)
2024-12-19 23:16:10.447 [] INFO  - org.apache.catalina.core.StandardService - Starting service [Tomcat]
2024-12-19 23:16:10.447 [] INFO  - org.apache.catalina.core.StandardEngine - Starting Servlet engine: [Apache Tomcat/10.1.10]
2024-12-19 23:16:10.527 [] INFO  - org.apache.catalina.core.ContainerBase.[Tomcat].[localhost].[/] - Initializing Spring embedded WebApplicationContext
2024-12-19 23:16:10.528 [] INFO  - org.springframework.boot.web.servlet.context.ServletWebServerApplicationContext - Root WebApplicationContext: initialization completed in 3143 ms
2024-12-19 23:16:10.880 [] INFO  - org.hibernate.jpa.internal.util.LogHelper - HHH000204: Processing PersistenceUnitInfo [name: default]
2024-12-19 23:16:10.945 [] INFO  - org.hibernate.Version - HHH000412: Hibernate ORM core version 6.2.5.Final
2024-12-19 23:16:10.949 [] INFO  - org.hibernate.cfg.Environment - HHH000406: Using bytecode reflection optimizer
2024-12-19 23:16:11.121 [] INFO  - org.hibernate.bytecode.internal.BytecodeProviderInitiator - HHH000021: Bytecode provider name : bytebuddy
2024-12-19 23:16:11.276 [] INFO  - org.springframework.orm.jpa.persistenceunit.SpringPersistenceUnitInfo - No LoadTimeWeaver setup: ignoring JPA class transformer
2024-12-19 23:16:11.295 [] INFO  - com.zaxxer.hikari.HikariDataSource - HikariPool-1 - Starting...
2024-12-19 23:16:13.212 [] INFO  - com.zaxxer.hikari.pool.HikariPool - HikariPool-1 - Added connection org.postgresql.jdbc.PgConnection@25c85026
2024-12-19 23:16:13.214 [] INFO  - com.zaxxer.hikari.HikariDataSource - HikariPool-1 - Start completed.
2024-12-19 23:16:14.782 [] INFO  - org.hibernate.bytecode.internal.BytecodeProviderInitiator - HHH000021: Bytecode provider name : bytebuddy
2024-12-19 23:16:15.773 [] INFO  - org.hibernate.metamodel.internal.EntityInstantiatorPojoStandard - HHH000182: No default (no-argument) constructor for class: org.ligot.afriyan.entities.UserConnect (class must be instantiated by Interceptor)
2024-12-19 23:16:16.280 [] INFO  - org.hibernate.engine.transaction.jta.platform.internal.JtaPlatformInitiator - HHH000490: Using JtaPlatform implementation: [org.hibernate.engine.transaction.jta.platform.internal.NoJtaPlatform]
2024-12-19 23:17:05.373 [] INFO  - org.springframework.orm.jpa.LocalContainerEntityManagerFactoryBean - Initialized JPA EntityManagerFactory for persistence unit 'default'
2024-12-19 23:17:05.733 [] INFO  - org.springframework.data.jpa.repository.query.QueryEnhancerFactory - Hibernate is in classpath; If applicable, HQL parser will be used.
2024-12-19 23:17:08.958 [] INFO  - org.springframework.boot.actuate.endpoint.web.EndpointLinksResolver - Exposing 1 endpoint(s) beneath base path '/actuator'
2024-12-19 23:17:09.037 [] INFO  - org.springframework.security.web.DefaultSecurityFilterChain - Will secure any request with [org.springframework.security.web.session.DisableEncodeUrlFilter@4ea8813c, org.springframework.security.web.context.request.async.WebAsyncManagerIntegrationFilter@7afed32f, org.springframework.security.web.context.SecurityContextHolderFilter@6025645, org.springframework.security.web.header.HeaderWriterFilter@23eaddf0, org.springframework.security.web.authentication.logout.LogoutFilter@740cf72b, org.ligot.afriyan.config.securities.JwtAuthenticationFilter@7786a77b, org.springframework.security.web.savedrequest.RequestCacheAwareFilter@11fc4b88, org.springframework.security.web.servletapi.SecurityContextHolderAwareRequestFilter@436108e8, org.springframework.security.web.authentication.AnonymousAuthenticationFilter@1bbe1fee, org.springframework.security.web.session.SessionManagementFilter@6b2bf782, org.springframework.security.web.access.ExceptionTranslationFilter@5f56bef, org.springframework.security.web.access.intercept.AuthorizationFilter@7ee9417f]
2024-12-19 23:17:09.717 [] INFO  - org.springframework.boot.devtools.autoconfigure.OptionalLiveReloadServer - LiveReload server is running on port 35729
2024-12-19 23:17:09.826 [] INFO  - org.springframework.boot.web.embedded.tomcat.TomcatWebServer - Tomcat started on port(s): 8087 (http) with context path ''
2024-12-19 23:17:09.849 [] INFO  - org.ligot.afriyan.OngafriyanApplication - Started OngafriyanApplication in 63.013 seconds (process running for 64.097)
2024-12-19 23:17:10.308 [] INFO  - org.apache.catalina.core.ContainerBase.[Tomcat].[localhost].[/] - Initializing Spring DispatcherServlet 'dispatcherServlet'
2024-12-19 23:17:10.308 [] INFO  - org.springframework.web.servlet.DispatcherServlet - Initializing Servlet 'dispatcherServlet'
2024-12-19 23:17:10.312 [] INFO  - org.springframework.web.servlet.DispatcherServlet - Completed initialization in 3 ms
2024-12-19 23:17:40.583 [] INFO  - org.springframework.orm.jpa.LocalContainerEntityManagerFactoryBean - Closing JPA EntityManagerFactory for persistence unit 'default'
2024-12-19 23:17:40.587 [] INFO  - com.zaxxer.hikari.HikariDataSource - HikariPool-1 - Shutdown initiated...
2024-12-19 23:17:40.590 [] INFO  - com.zaxxer.hikari.HikariDataSource - HikariPool-1 - Shutdown completed.
2024-12-19 23:18:09.246 [] INFO  - org.ligot.afriyan.OngafriyanApplication - Starting OngafriyanApplication using Java 17.0.1 with PID 18004 (C:\Users\GLC\Documents\Project\Java\Formation\bizz\ongafriyan\target\classes started by GLC in C:\Users\GLC\Documents\Project\Java\Formation\bizz\ongafriyan)
2024-12-19 23:18:09.250 [] INFO  - org.ligot.afriyan.OngafriyanApplication - The following 1 profile is active: "dev"
2024-12-19 23:18:12.179 [] INFO  - org.springframework.data.repository.config.RepositoryConfigurationDelegate - Bootstrapping Spring Data JPA repositories in DEFAULT mode.
2024-12-19 23:18:12.706 [] INFO  - org.springframework.data.repository.config.RepositoryConfigurationDelegate - Finished Spring Data repository scanning in 514 ms. Found 44 JPA repository interfaces.
