2024-11-10 12:03:46.873 [] INFO  - org.ligot.afriyan.OngafriyanApplication - Starting OngafriyanApplication using Java 17.0.1 with PID 13180 (C:\Users\GLC\Documents\Project\Java\Formation\bizz\ongafriyan\target\classes started by GLC in C:\Users\GLC\Documents\Project\Java\Formation\bizz\ongafriyan)
2024-11-10 12:03:46.998 [] INFO  - org.ligot.afriyan.OngafriyanApplication - The following 1 profile is active: "prod"
2024-11-10 12:03:52.671 [] INFO  - org.springframework.data.repository.config.RepositoryConfigurationDelegate - Bootstrapping Spring Data JPA repositories in DEFAULT mode.
2024-11-10 12:03:53.664 [] INFO  - org.springframework.data.repository.config.RepositoryConfigurationDelegate - Finished Spring Data repository scanning in 973 ms. Found 40 JPA repository interfaces.
2024-11-10 12:07:51.748 [] INFO  - org.ligot.afriyan.OngafriyanApplication - Starting OngafriyanApplication using Java 17.0.1 with PID 5728 (C:\Users\GLC\Documents\Project\Java\Formation\bizz\ongafriyan\target\classes started by GLC in C:\Users\GLC\Documents\Project\Java\Formation\bizz\ongafriyan)
2024-11-10 12:07:51.753 [] INFO  - org.ligot.afriyan.OngafriyanApplication - The following 1 profile is active: "dev"
2024-11-10 12:07:51.983 [] INFO  - org.springframework.boot.devtools.env.DevToolsPropertyDefaultsPostProcessor - Devtools property defaults active! Set 'spring.devtools.add-properties' to 'false' to disable
2024-11-10 12:07:51.985 [] INFO  - org.springframework.boot.devtools.env.DevToolsPropertyDefaultsPostProcessor - For additional web related logging consider setting the 'logging.level.web' property to 'DEBUG'
2024-11-10 12:07:56.015 [] INFO  - org.springframework.data.repository.config.RepositoryConfigurationDelegate - Bootstrapping Spring Data JPA repositories in DEFAULT mode.
2024-11-10 12:07:57.502 [] INFO  - org.springframework.data.repository.config.RepositoryConfigurationDelegate - Finished Spring Data repository scanning in 1470 ms. Found 40 JPA repository interfaces.
2024-11-10 12:07:59.522 [] INFO  - org.springframework.boot.web.embedded.tomcat.TomcatWebServer - Tomcat initialized with port(s): 8087 (http)
2024-11-10 12:07:59.545 [] INFO  - org.apache.catalina.core.StandardService - Starting service [Tomcat]
2024-11-10 12:07:59.547 [] INFO  - org.apache.catalina.core.StandardEngine - Starting Servlet engine: [Apache Tomcat/10.1.10]
2024-11-10 12:07:59.676 [] INFO  - org.apache.catalina.core.ContainerBase.[Tomcat].[localhost].[/] - Initializing Spring embedded WebApplicationContext
2024-11-10 12:07:59.677 [] INFO  - org.springframework.boot.web.servlet.context.ServletWebServerApplicationContext - Root WebApplicationContext: initialization completed in 7687 ms
2024-11-10 12:08:00.487 [] INFO  - org.hibernate.jpa.internal.util.LogHelper - HHH000204: Processing PersistenceUnitInfo [name: default]
2024-11-10 12:08:00.604 [] INFO  - org.hibernate.Version - HHH000412: Hibernate ORM core version 6.2.5.Final
2024-11-10 12:08:00.609 [] INFO  - org.hibernate.cfg.Environment - HHH000406: Using bytecode reflection optimizer
2024-11-10 12:08:01.121 [] INFO  - org.hibernate.bytecode.internal.BytecodeProviderInitiator - HHH000021: Bytecode provider name : bytebuddy
2024-11-10 12:08:01.555 [] INFO  - org.springframework.orm.jpa.persistenceunit.SpringPersistenceUnitInfo - No LoadTimeWeaver setup: ignoring JPA class transformer
2024-11-10 12:08:01.663 [] INFO  - com.zaxxer.hikari.HikariDataSource - HikariPool-1 - Starting...
2024-11-10 12:08:02.136 [] INFO  - com.zaxxer.hikari.pool.HikariPool - HikariPool-1 - Added connection org.postgresql.jdbc.PgConnection@3d523ab3
2024-11-10 12:08:02.139 [] INFO  - com.zaxxer.hikari.HikariDataSource - HikariPool-1 - Start completed.
2024-11-10 12:08:03.417 [] INFO  - org.hibernate.bytecode.internal.BytecodeProviderInitiator - HHH000021: Bytecode provider name : bytebuddy
2024-11-10 12:08:05.393 [] INFO  - org.hibernate.metamodel.internal.EntityInstantiatorPojoStandard - HHH000182: No default (no-argument) constructor for class: org.ligot.afriyan.entities.UserConnect (class must be instantiated by Interceptor)
2024-11-10 12:08:06.458 [] INFO  - org.hibernate.engine.transaction.jta.platform.internal.JtaPlatformInitiator - HHH000490: Using JtaPlatform implementation: [org.hibernate.engine.transaction.jta.platform.internal.NoJtaPlatform]
2024-11-10 12:08:07.531 [] INFO  - org.springframework.orm.jpa.LocalContainerEntityManagerFactoryBean - Initialized JPA EntityManagerFactory for persistence unit 'default'
2024-11-10 12:08:08.255 [] INFO  - org.springframework.data.jpa.repository.query.QueryEnhancerFactory - Hibernate is in classpath; If applicable, HQL parser will be used.
2024-11-10 12:08:13.099 [] INFO  - org.springframework.boot.actuate.endpoint.web.EndpointLinksResolver - Exposing 1 endpoint(s) beneath base path '/actuator'
2024-11-10 12:08:13.241 [] INFO  - org.springframework.security.web.DefaultSecurityFilterChain - Will secure any request with [org.springframework.security.web.session.DisableEncodeUrlFilter@6f7efba5, org.springframework.security.web.context.request.async.WebAsyncManagerIntegrationFilter@19ba5365, org.springframework.security.web.context.SecurityContextHolderFilter@11fcae89, org.springframework.security.web.header.HeaderWriterFilter@871da3, org.springframework.security.web.authentication.logout.LogoutFilter@3303c301, org.ligot.afriyan.config.securities.JwtAuthenticationFilter@3bbacb12, org.springframework.security.web.savedrequest.RequestCacheAwareFilter@76f3f1e7, org.springframework.security.web.servletapi.SecurityContextHolderAwareRequestFilter@293da0bb, org.springframework.security.web.authentication.AnonymousAuthenticationFilter@17e206fc, org.springframework.security.web.session.SessionManagementFilter@7868b48, org.springframework.security.web.access.ExceptionTranslationFilter@7f88bae6, org.springframework.security.web.access.intercept.AuthorizationFilter@80fc7a8]
2024-11-10 12:08:14.306 [] INFO  - org.springframework.boot.devtools.autoconfigure.OptionalLiveReloadServer - LiveReload server is running on port 35729
2024-11-10 12:08:14.461 [] INFO  - org.springframework.boot.web.embedded.tomcat.TomcatWebServer - Tomcat started on port(s): 8087 (http) with context path ''
2024-11-10 12:08:14.496 [] INFO  - org.ligot.afriyan.OngafriyanApplication - Started OngafriyanApplication in 26.019 seconds (process running for 30.144)
2024-11-10 12:08:15.388 [] INFO  - org.apache.catalina.core.ContainerBase.[Tomcat].[localhost].[/] - Initializing Spring DispatcherServlet 'dispatcherServlet'
2024-11-10 12:08:15.389 [] INFO  - org.springframework.web.servlet.DispatcherServlet - Initializing Servlet 'dispatcherServlet'
2024-11-10 12:08:15.394 [] INFO  - org.springframework.web.servlet.DispatcherServlet - Completed initialization in 5 ms
2024-11-10 13:28:51.522 [] INFO  - org.springframework.orm.jpa.LocalContainerEntityManagerFactoryBean - Closing JPA EntityManagerFactory for persistence unit 'default'
2024-11-10 13:28:51.549 [] INFO  - com.zaxxer.hikari.HikariDataSource - HikariPool-1 - Shutdown initiated...
2024-11-10 13:28:51.559 [] INFO  - com.zaxxer.hikari.HikariDataSource - HikariPool-1 - Shutdown completed.
2024-11-10 13:29:04.649 [] INFO  - org.ligot.afriyan.OngafriyanApplication - Starting OngafriyanApplication using Java 17.0.1 with PID 17672 (C:\Users\GLC\Documents\Project\Java\Formation\bizz\ongafriyan\target\classes started by GLC in C:\Users\GLC\Documents\Project\Java\Formation\bizz\ongafriyan)
2024-11-10 13:29:04.653 [] INFO  - org.ligot.afriyan.OngafriyanApplication - The following 1 profile is active: "dev"
2024-11-10 13:29:04.833 [] INFO  - org.springframework.boot.devtools.env.DevToolsPropertyDefaultsPostProcessor - Devtools property defaults active! Set 'spring.devtools.add-properties' to 'false' to disable
2024-11-10 13:29:04.833 [] INFO  - org.springframework.boot.devtools.env.DevToolsPropertyDefaultsPostProcessor - For additional web related logging consider setting the 'logging.level.web' property to 'DEBUG'
2024-11-10 13:29:07.625 [] INFO  - org.springframework.data.repository.config.RepositoryConfigurationDelegate - Bootstrapping Spring Data JPA repositories in DEFAULT mode.
2024-11-10 13:29:08.116 [] INFO  - org.springframework.data.repository.config.RepositoryConfigurationDelegate - Finished Spring Data repository scanning in 478 ms. Found 40 JPA repository interfaces.
2024-11-10 13:29:09.439 [] INFO  - org.springframework.boot.web.embedded.tomcat.TomcatWebServer - Tomcat initialized with port(s): 8087 (http)
2024-11-10 13:29:09.463 [] INFO  - org.apache.catalina.core.StandardService - Starting service [Tomcat]
2024-11-10 13:29:09.464 [] INFO  - org.apache.catalina.core.StandardEngine - Starting Servlet engine: [Apache Tomcat/10.1.10]
2024-11-10 13:29:09.627 [] INFO  - org.apache.catalina.core.ContainerBase.[Tomcat].[localhost].[/] - Initializing Spring embedded WebApplicationContext
2024-11-10 13:29:09.628 [] INFO  - org.springframework.boot.web.servlet.context.ServletWebServerApplicationContext - Root WebApplicationContext: initialization completed in 4794 ms
2024-11-10 13:29:10.170 [] INFO  - org.hibernate.jpa.internal.util.LogHelper - HHH000204: Processing PersistenceUnitInfo [name: default]
2024-11-10 13:29:10.290 [] INFO  - org.hibernate.Version - HHH000412: Hibernate ORM core version 6.2.5.Final
2024-11-10 13:29:10.295 [] INFO  - org.hibernate.cfg.Environment - HHH000406: Using bytecode reflection optimizer
2024-11-10 13:29:10.594 [] INFO  - org.hibernate.bytecode.internal.BytecodeProviderInitiator - HHH000021: Bytecode provider name : bytebuddy
2024-11-10 13:29:10.862 [] INFO  - org.springframework.orm.jpa.persistenceunit.SpringPersistenceUnitInfo - No LoadTimeWeaver setup: ignoring JPA class transformer
2024-11-10 13:29:10.900 [] INFO  - com.zaxxer.hikari.HikariDataSource - HikariPool-1 - Starting...
2024-11-10 13:29:11.205 [] INFO  - com.zaxxer.hikari.pool.HikariPool - HikariPool-1 - Added connection org.postgresql.jdbc.PgConnection@b98ae7e
2024-11-10 13:29:11.208 [] INFO  - com.zaxxer.hikari.HikariDataSource - HikariPool-1 - Start completed.
2024-11-10 13:29:12.236 [] INFO  - org.hibernate.bytecode.internal.BytecodeProviderInitiator - HHH000021: Bytecode provider name : bytebuddy
2024-11-10 13:29:13.773 [] INFO  - org.hibernate.metamodel.internal.EntityInstantiatorPojoStandard - HHH000182: No default (no-argument) constructor for class: org.ligot.afriyan.entities.UserConnect (class must be instantiated by Interceptor)
2024-11-10 13:29:14.656 [] INFO  - org.hibernate.engine.transaction.jta.platform.internal.JtaPlatformInitiator - HHH000490: Using JtaPlatform implementation: [org.hibernate.engine.transaction.jta.platform.internal.NoJtaPlatform]
2024-11-10 13:29:15.638 [] INFO  - org.springframework.orm.jpa.LocalContainerEntityManagerFactoryBean - Initialized JPA EntityManagerFactory for persistence unit 'default'
2024-11-10 13:29:16.208 [] INFO  - org.springframework.data.jpa.repository.query.QueryEnhancerFactory - Hibernate is in classpath; If applicable, HQL parser will be used.
2024-11-10 13:29:21.661 [] INFO  - org.springframework.boot.actuate.endpoint.web.EndpointLinksResolver - Exposing 1 endpoint(s) beneath base path '/actuator'
2024-11-10 13:29:21.780 [] INFO  - org.springframework.security.web.DefaultSecurityFilterChain - Will secure any request with [org.springframework.security.web.session.DisableEncodeUrlFilter@5958b4d8, org.springframework.security.web.context.request.async.WebAsyncManagerIntegrationFilter@713fd67f, org.springframework.security.web.context.SecurityContextHolderFilter@2290e172, org.springframework.security.web.header.HeaderWriterFilter@4706e35c, org.springframework.security.web.authentication.logout.LogoutFilter@360edffd, org.ligot.afriyan.config.securities.JwtAuthenticationFilter@4529b44f, org.springframework.security.web.savedrequest.RequestCacheAwareFilter@13f4a32d, org.springframework.security.web.servletapi.SecurityContextHolderAwareRequestFilter@f289afa, org.springframework.security.web.authentication.AnonymousAuthenticationFilter@56c78e1a, org.springframework.security.web.session.SessionManagementFilter@26ebb921, org.springframework.security.web.access.ExceptionTranslationFilter@696ee854, org.springframework.security.web.access.intercept.AuthorizationFilter@5f7ef62a]
2024-11-10 13:29:22.700 [] INFO  - org.springframework.boot.devtools.autoconfigure.OptionalLiveReloadServer - LiveReload server is running on port 35729
2024-11-10 13:29:22.846 [] INFO  - org.springframework.boot.web.embedded.tomcat.TomcatWebServer - Tomcat started on port(s): 8087 (http) with context path ''
2024-11-10 13:29:22.877 [] INFO  - org.ligot.afriyan.OngafriyanApplication - Started OngafriyanApplication in 18.935 seconds (process running for 21.457)
2024-11-10 13:29:23.237 [] INFO  - org.apache.catalina.core.ContainerBase.[Tomcat].[localhost].[/] - Initializing Spring DispatcherServlet 'dispatcherServlet'
2024-11-10 13:29:23.239 [] INFO  - org.springframework.web.servlet.DispatcherServlet - Initializing Servlet 'dispatcherServlet'
2024-11-10 13:29:23.245 [] INFO  - org.springframework.web.servlet.DispatcherServlet - Completed initialization in 4 ms
2024-11-10 13:30:16.921 [] INFO  - org.springframework.orm.jpa.LocalContainerEntityManagerFactoryBean - Closing JPA EntityManagerFactory for persistence unit 'default'
2024-11-10 13:30:16.926 [] INFO  - com.zaxxer.hikari.HikariDataSource - HikariPool-1 - Shutdown initiated...
2024-11-10 13:30:16.937 [] INFO  - com.zaxxer.hikari.HikariDataSource - HikariPool-1 - Shutdown completed.
2024-11-10 13:30:24.856 [] INFO  - org.ligot.afriyan.OngafriyanApplication - Starting OngafriyanApplication using Java 17.0.1 with PID 11820 (C:\Users\GLC\Documents\Project\Java\Formation\bizz\ongafriyan\target\classes started by GLC in C:\Users\GLC\Documents\Project\Java\Formation\bizz\ongafriyan)
2024-11-10 13:30:24.860 [] INFO  - org.ligot.afriyan.OngafriyanApplication - The following 1 profile is active: "dev"
2024-11-10 13:30:25.013 [] INFO  - org.springframework.boot.devtools.env.DevToolsPropertyDefaultsPostProcessor - Devtools property defaults active! Set 'spring.devtools.add-properties' to 'false' to disable
2024-11-10 13:30:25.014 [] INFO  - org.springframework.boot.devtools.env.DevToolsPropertyDefaultsPostProcessor - For additional web related logging consider setting the 'logging.level.web' property to 'DEBUG'
2024-11-10 13:30:27.771 [] INFO  - org.springframework.data.repository.config.RepositoryConfigurationDelegate - Bootstrapping Spring Data JPA repositories in DEFAULT mode.
2024-11-10 13:30:28.365 [] INFO  - org.springframework.data.repository.config.RepositoryConfigurationDelegate - Finished Spring Data repository scanning in 580 ms. Found 40 JPA repository interfaces.
2024-11-10 13:30:29.638 [] INFO  - org.springframework.boot.web.embedded.tomcat.TomcatWebServer - Tomcat initialized with port(s): 8087 (http)
2024-11-10 13:30:29.667 [] INFO  - org.apache.catalina.core.StandardService - Starting service [Tomcat]
2024-11-10 13:30:29.668 [] INFO  - org.apache.catalina.core.StandardEngine - Starting Servlet engine: [Apache Tomcat/10.1.10]
2024-11-10 13:30:29.809 [] INFO  - org.apache.catalina.core.ContainerBase.[Tomcat].[localhost].[/] - Initializing Spring embedded WebApplicationContext
2024-11-10 13:30:29.809 [] INFO  - org.springframework.boot.web.servlet.context.ServletWebServerApplicationContext - Root WebApplicationContext: initialization completed in 4794 ms
2024-11-10 13:30:30.437 [] INFO  - org.hibernate.jpa.internal.util.LogHelper - HHH000204: Processing PersistenceUnitInfo [name: default]
2024-11-10 13:30:30.534 [] INFO  - org.hibernate.Version - HHH000412: Hibernate ORM core version 6.2.5.Final
2024-11-10 13:30:30.538 [] INFO  - org.hibernate.cfg.Environment - HHH000406: Using bytecode reflection optimizer
2024-11-10 13:30:30.794 [] INFO  - org.hibernate.bytecode.internal.BytecodeProviderInitiator - HHH000021: Bytecode provider name : bytebuddy
2024-11-10 13:30:31.069 [] INFO  - org.springframework.orm.jpa.persistenceunit.SpringPersistenceUnitInfo - No LoadTimeWeaver setup: ignoring JPA class transformer
2024-11-10 13:30:31.097 [] INFO  - com.zaxxer.hikari.HikariDataSource - HikariPool-1 - Starting...
2024-11-10 13:30:31.405 [] INFO  - com.zaxxer.hikari.pool.HikariPool - HikariPool-1 - Added connection org.postgresql.jdbc.PgConnection@523719f4
2024-11-10 13:30:31.408 [] INFO  - com.zaxxer.hikari.HikariDataSource - HikariPool-1 - Start completed.
2024-11-10 13:30:32.297 [] INFO  - org.hibernate.bytecode.internal.BytecodeProviderInitiator - HHH000021: Bytecode provider name : bytebuddy
2024-11-10 13:30:33.742 [] INFO  - org.hibernate.metamodel.internal.EntityInstantiatorPojoStandard - HHH000182: No default (no-argument) constructor for class: org.ligot.afriyan.entities.UserConnect (class must be instantiated by Interceptor)
2024-11-10 13:30:34.497 [] INFO  - org.hibernate.engine.transaction.jta.platform.internal.JtaPlatformInitiator - HHH000490: Using JtaPlatform implementation: [org.hibernate.engine.transaction.jta.platform.internal.NoJtaPlatform]
2024-11-10 13:30:35.453 [] INFO  - org.springframework.orm.jpa.LocalContainerEntityManagerFactoryBean - Initialized JPA EntityManagerFactory for persistence unit 'default'
2024-11-10 13:30:35.980 [] INFO  - org.springframework.data.jpa.repository.query.QueryEnhancerFactory - Hibernate is in classpath; If applicable, HQL parser will be used.
2024-11-10 13:30:40.250 [] INFO  - org.springframework.boot.actuate.endpoint.web.EndpointLinksResolver - Exposing 1 endpoint(s) beneath base path '/actuator'
2024-11-10 13:30:40.420 [] INFO  - org.springframework.security.web.DefaultSecurityFilterChain - Will secure any request with [org.springframework.security.web.session.DisableEncodeUrlFilter@43cd99b2, org.springframework.security.web.context.request.async.WebAsyncManagerIntegrationFilter@2147a330, org.springframework.security.web.context.SecurityContextHolderFilter@23e7d10e, org.springframework.security.web.header.HeaderWriterFilter@2a3382ab, org.springframework.security.web.authentication.logout.LogoutFilter@3b1c43bb, org.ligot.afriyan.config.securities.JwtAuthenticationFilter@3b15313f, org.springframework.security.web.savedrequest.RequestCacheAwareFilter@4d1ed0e7, org.springframework.security.web.servletapi.SecurityContextHolderAwareRequestFilter@163010d2, org.springframework.security.web.authentication.AnonymousAuthenticationFilter@4e48bb92, org.springframework.security.web.session.SessionManagementFilter@ea3cff1, org.springframework.security.web.access.ExceptionTranslationFilter@395b8682, org.springframework.security.web.access.intercept.AuthorizationFilter@2c79d221]
2024-11-10 13:30:41.320 [] INFO  - org.springframework.boot.devtools.autoconfigure.OptionalLiveReloadServer - LiveReload server is running on port 35729
2024-11-10 13:30:41.471 [] INFO  - org.springframework.boot.web.embedded.tomcat.TomcatWebServer - Tomcat started on port(s): 8087 (http) with context path ''
2024-11-10 13:30:41.503 [] INFO  - org.ligot.afriyan.OngafriyanApplication - Started OngafriyanApplication in 17.402 seconds (process running for 19.122)
2024-11-10 13:30:42.088 [] INFO  - org.apache.catalina.core.ContainerBase.[Tomcat].[localhost].[/] - Initializing Spring DispatcherServlet 'dispatcherServlet'
2024-11-10 13:30:42.090 [] INFO  - org.springframework.web.servlet.DispatcherServlet - Initializing Servlet 'dispatcherServlet'
2024-11-10 13:30:42.094 [] INFO  - org.springframework.web.servlet.DispatcherServlet - Completed initialization in 4 ms
2024-11-10 13:53:22.594 [] INFO  - org.springframework.orm.jpa.LocalContainerEntityManagerFactoryBean - Closing JPA EntityManagerFactory for persistence unit 'default'
2024-11-10 13:53:22.602 [] INFO  - com.zaxxer.hikari.HikariDataSource - HikariPool-1 - Shutdown initiated...
2024-11-10 13:53:22.614 [] INFO  - com.zaxxer.hikari.HikariDataSource - HikariPool-1 - Shutdown completed.
2024-11-10 13:53:34.896 [] INFO  - org.ligot.afriyan.OngafriyanApplication - Starting OngafriyanApplication using Java 17.0.1 with PID 16000 (C:\Users\GLC\Documents\Project\Java\Formation\bizz\ongafriyan\target\classes started by GLC in C:\Users\GLC\Documents\Project\Java\Formation\bizz\ongafriyan)
2024-11-10 13:53:34.901 [] INFO  - org.ligot.afriyan.OngafriyanApplication - The following 1 profile is active: "dev"
2024-11-10 13:53:35.191 [] INFO  - org.springframework.boot.devtools.env.DevToolsPropertyDefaultsPostProcessor - Devtools property defaults active! Set 'spring.devtools.add-properties' to 'false' to disable
2024-11-10 13:53:35.191 [] INFO  - org.springframework.boot.devtools.env.DevToolsPropertyDefaultsPostProcessor - For additional web related logging consider setting the 'logging.level.web' property to 'DEBUG'
2024-11-10 13:53:38.138 [] INFO  - org.springframework.data.repository.config.RepositoryConfigurationDelegate - Bootstrapping Spring Data JPA repositories in DEFAULT mode.
2024-11-10 13:53:38.778 [] INFO  - org.springframework.data.repository.config.RepositoryConfigurationDelegate - Finished Spring Data repository scanning in 625 ms. Found 40 JPA repository interfaces.
2024-11-10 13:53:40.531 [] INFO  - org.springframework.boot.web.embedded.tomcat.TomcatWebServer - Tomcat initialized with port(s): 8087 (http)
2024-11-10 13:53:40.553 [] INFO  - org.apache.catalina.core.StandardService - Starting service [Tomcat]
2024-11-10 13:53:40.555 [] INFO  - org.apache.catalina.core.StandardEngine - Starting Servlet engine: [Apache Tomcat/10.1.10]
2024-11-10 13:53:40.795 [] INFO  - org.apache.catalina.core.ContainerBase.[Tomcat].[localhost].[/] - Initializing Spring embedded WebApplicationContext
2024-11-10 13:53:40.795 [] INFO  - org.springframework.boot.web.servlet.context.ServletWebServerApplicationContext - Root WebApplicationContext: initialization completed in 5603 ms
2024-11-10 13:53:41.523 [] INFO  - org.hibernate.jpa.internal.util.LogHelper - HHH000204: Processing PersistenceUnitInfo [name: default]
2024-11-10 13:53:41.646 [] INFO  - org.hibernate.Version - HHH000412: Hibernate ORM core version 6.2.5.Final
2024-11-10 13:53:41.651 [] INFO  - org.hibernate.cfg.Environment - HHH000406: Using bytecode reflection optimizer
2024-11-10 13:53:41.960 [] INFO  - org.hibernate.bytecode.internal.BytecodeProviderInitiator - HHH000021: Bytecode provider name : bytebuddy
2024-11-10 13:53:42.233 [] INFO  - org.springframework.orm.jpa.persistenceunit.SpringPersistenceUnitInfo - No LoadTimeWeaver setup: ignoring JPA class transformer
2024-11-10 13:53:42.269 [] INFO  - com.zaxxer.hikari.HikariDataSource - HikariPool-1 - Starting...
2024-11-10 13:53:42.578 [] INFO  - com.zaxxer.hikari.pool.HikariPool - HikariPool-1 - Added connection org.postgresql.jdbc.PgConnection@5226caee
2024-11-10 13:53:42.580 [] INFO  - com.zaxxer.hikari.HikariDataSource - HikariPool-1 - Start completed.
2024-11-10 13:53:43.541 [] INFO  - org.hibernate.bytecode.internal.BytecodeProviderInitiator - HHH000021: Bytecode provider name : bytebuddy
2024-11-10 13:53:45.321 [] INFO  - org.hibernate.metamodel.internal.EntityInstantiatorPojoStandard - HHH000182: No default (no-argument) constructor for class: org.ligot.afriyan.entities.UserConnect (class must be instantiated by Interceptor)
2024-11-10 13:53:46.284 [] INFO  - org.hibernate.engine.transaction.jta.platform.internal.JtaPlatformInitiator - HHH000490: Using JtaPlatform implementation: [org.hibernate.engine.transaction.jta.platform.internal.NoJtaPlatform]
2024-11-10 13:53:47.260 [] INFO  - org.springframework.orm.jpa.LocalContainerEntityManagerFactoryBean - Initialized JPA EntityManagerFactory for persistence unit 'default'
2024-11-10 13:53:47.815 [] INFO  - org.springframework.data.jpa.repository.query.QueryEnhancerFactory - Hibernate is in classpath; If applicable, HQL parser will be used.
2024-11-10 13:53:52.905 [] INFO  - org.springframework.boot.actuate.endpoint.web.EndpointLinksResolver - Exposing 1 endpoint(s) beneath base path '/actuator'
2024-11-10 13:53:53.225 [] INFO  - org.springframework.security.web.DefaultSecurityFilterChain - Will secure any request with [org.springframework.security.web.session.DisableEncodeUrlFilter@bc2dcbb, org.springframework.security.web.context.request.async.WebAsyncManagerIntegrationFilter@62f66e79, org.springframework.security.web.context.SecurityContextHolderFilter@75ea26cc, org.springframework.security.web.header.HeaderWriterFilter@6a9bc6b6, org.springframework.security.web.authentication.logout.LogoutFilter@26ebb921, org.ligot.afriyan.config.securities.JwtAuthenticationFilter@37f7929c, org.springframework.security.web.savedrequest.RequestCacheAwareFilter@5da33c49, org.springframework.security.web.servletapi.SecurityContextHolderAwareRequestFilter@17c1b739, org.springframework.security.web.authentication.AnonymousAuthenticationFilter@59541328, org.springframework.security.web.session.SessionManagementFilter@39ece7cf, org.springframework.security.web.access.ExceptionTranslationFilter@4563d247, org.springframework.security.web.access.intercept.AuthorizationFilter@332b5ec4]
2024-11-10 13:53:55.183 [] INFO  - org.springframework.boot.devtools.autoconfigure.OptionalLiveReloadServer - LiveReload server is running on port 35729
2024-11-10 13:53:55.459 [] INFO  - org.springframework.boot.web.embedded.tomcat.TomcatWebServer - Tomcat started on port(s): 8087 (http) with context path ''
2024-11-10 13:53:55.502 [] INFO  - org.ligot.afriyan.OngafriyanApplication - Started OngafriyanApplication in 21.307 seconds (process running for 23.361)
2024-11-10 13:53:55.857 [] INFO  - org.apache.catalina.core.ContainerBase.[Tomcat].[localhost].[/] - Initializing Spring DispatcherServlet 'dispatcherServlet'
2024-11-10 13:53:55.858 [] INFO  - org.springframework.web.servlet.DispatcherServlet - Initializing Servlet 'dispatcherServlet'
2024-11-10 13:53:55.865 [] INFO  - org.springframework.web.servlet.DispatcherServlet - Completed initialization in 5 ms
2024-11-10 13:55:22.553 [] INFO  - org.springframework.orm.jpa.LocalContainerEntityManagerFactoryBean - Closing JPA EntityManagerFactory for persistence unit 'default'
2024-11-10 13:55:22.560 [] INFO  - com.zaxxer.hikari.HikariDataSource - HikariPool-1 - Shutdown initiated...
2024-11-10 13:55:22.924 [] INFO  - com.zaxxer.hikari.HikariDataSource - HikariPool-1 - Shutdown completed.
2024-11-10 13:55:37.089 [] INFO  - org.ligot.afriyan.OngafriyanApplication - Starting OngafriyanApplication using Java 17.0.1 with PID 12940 (C:\Users\GLC\Documents\Project\Java\Formation\bizz\ongafriyan\target\classes started by GLC in C:\Users\GLC\Documents\Project\Java\Formation\bizz\ongafriyan)
2024-11-10 13:55:37.094 [] INFO  - org.ligot.afriyan.OngafriyanApplication - The following 1 profile is active: "dev"
2024-11-10 13:55:37.287 [] INFO  - org.springframework.boot.devtools.env.DevToolsPropertyDefaultsPostProcessor - Devtools property defaults active! Set 'spring.devtools.add-properties' to 'false' to disable
2024-11-10 13:55:37.287 [] INFO  - org.springframework.boot.devtools.env.DevToolsPropertyDefaultsPostProcessor - For additional web related logging consider setting the 'logging.level.web' property to 'DEBUG'
2024-11-10 13:55:40.034 [] INFO  - org.springframework.data.repository.config.RepositoryConfigurationDelegate - Bootstrapping Spring Data JPA repositories in DEFAULT mode.
2024-11-10 13:55:40.512 [] INFO  - org.springframework.data.repository.config.RepositoryConfigurationDelegate - Finished Spring Data repository scanning in 461 ms. Found 40 JPA repository interfaces.
2024-11-10 13:55:41.741 [] INFO  - org.springframework.boot.web.embedded.tomcat.TomcatWebServer - Tomcat initialized with port(s): 8087 (http)
2024-11-10 13:55:41.756 [] INFO  - org.apache.catalina.core.StandardService - Starting service [Tomcat]
2024-11-10 13:55:41.757 [] INFO  - org.apache.catalina.core.StandardEngine - Starting Servlet engine: [Apache Tomcat/10.1.10]
2024-11-10 13:55:41.879 [] INFO  - org.apache.catalina.core.ContainerBase.[Tomcat].[localhost].[/] - Initializing Spring embedded WebApplicationContext
2024-11-10 13:55:41.880 [] INFO  - org.springframework.boot.web.servlet.context.ServletWebServerApplicationContext - Root WebApplicationContext: initialization completed in 4591 ms
2024-11-10 13:55:42.463 [] INFO  - org.hibernate.jpa.internal.util.LogHelper - HHH000204: Processing PersistenceUnitInfo [name: default]
2024-11-10 13:55:42.575 [] INFO  - org.hibernate.Version - HHH000412: Hibernate ORM core version 6.2.5.Final
2024-11-10 13:55:42.580 [] INFO  - org.hibernate.cfg.Environment - HHH000406: Using bytecode reflection optimizer
2024-11-10 13:55:42.871 [] INFO  - org.hibernate.bytecode.internal.BytecodeProviderInitiator - HHH000021: Bytecode provider name : bytebuddy
2024-11-10 13:55:43.261 [] INFO  - org.springframework.orm.jpa.persistenceunit.SpringPersistenceUnitInfo - No LoadTimeWeaver setup: ignoring JPA class transformer
2024-11-10 13:55:43.289 [] INFO  - com.zaxxer.hikari.HikariDataSource - HikariPool-1 - Starting...
2024-11-10 13:55:43.584 [] INFO  - com.zaxxer.hikari.pool.HikariPool - HikariPool-1 - Added connection org.postgresql.jdbc.PgConnection@3962b5b7
2024-11-10 13:55:43.587 [] INFO  - com.zaxxer.hikari.HikariDataSource - HikariPool-1 - Start completed.
2024-11-10 13:55:44.764 [] INFO  - org.hibernate.bytecode.internal.BytecodeProviderInitiator - HHH000021: Bytecode provider name : bytebuddy
2024-11-10 13:55:46.562 [] INFO  - org.hibernate.metamodel.internal.EntityInstantiatorPojoStandard - HHH000182: No default (no-argument) constructor for class: org.ligot.afriyan.entities.UserConnect (class must be instantiated by Interceptor)
2024-11-10 13:55:47.395 [] INFO  - org.hibernate.engine.transaction.jta.platform.internal.JtaPlatformInitiator - HHH000490: Using JtaPlatform implementation: [org.hibernate.engine.transaction.jta.platform.internal.NoJtaPlatform]
2024-11-10 13:55:48.322 [] INFO  - org.springframework.orm.jpa.LocalContainerEntityManagerFactoryBean - Initialized JPA EntityManagerFactory for persistence unit 'default'
2024-11-10 13:55:48.846 [] INFO  - org.springframework.data.jpa.repository.query.QueryEnhancerFactory - Hibernate is in classpath; If applicable, HQL parser will be used.
2024-11-10 13:55:55.241 [] INFO  - org.springframework.boot.actuate.endpoint.web.EndpointLinksResolver - Exposing 1 endpoint(s) beneath base path '/actuator'
2024-11-10 13:55:55.530 [] INFO  - org.springframework.security.web.DefaultSecurityFilterChain - Will secure any request with [org.springframework.security.web.session.DisableEncodeUrlFilter@7ea2f833, org.springframework.security.web.context.request.async.WebAsyncManagerIntegrationFilter@26ebb921, org.springframework.security.web.context.SecurityContextHolderFilter@4563d247, org.springframework.security.web.header.HeaderWriterFilter@4b09e64e, org.springframework.security.web.authentication.logout.LogoutFilter@310916f, org.ligot.afriyan.config.securities.JwtAuthenticationFilter@dac9509, org.springframework.security.web.savedrequest.RequestCacheAwareFilter@6a9bc6b6, org.springframework.security.web.servletapi.SecurityContextHolderAwareRequestFilter@10160803, org.springframework.security.web.authentication.AnonymousAuthenticationFilter@10fb418d, org.springframework.security.web.session.SessionManagementFilter@4edbb6c7, org.springframework.security.web.access.ExceptionTranslationFilter@62b92439, org.springframework.security.web.access.intercept.AuthorizationFilter@14a98709]
2024-11-10 13:55:57.309 [] INFO  - org.springframework.boot.devtools.autoconfigure.OptionalLiveReloadServer - LiveReload server is running on port 35729
2024-11-10 13:55:57.528 [] INFO  - org.springframework.boot.web.embedded.tomcat.TomcatWebServer - Tomcat started on port(s): 8087 (http) with context path ''
2024-11-10 13:55:57.585 [] INFO  - org.ligot.afriyan.OngafriyanApplication - Started OngafriyanApplication in 21.2 seconds (process running for 23.056)
2024-11-10 13:55:57.994 [] INFO  - org.apache.catalina.core.ContainerBase.[Tomcat].[localhost].[/] - Initializing Spring DispatcherServlet 'dispatcherServlet'
2024-11-10 13:55:57.995 [] INFO  - org.springframework.web.servlet.DispatcherServlet - Initializing Servlet 'dispatcherServlet'
2024-11-10 13:55:57.999 [] INFO  - org.springframework.web.servlet.DispatcherServlet - Completed initialization in 3 ms
2024-11-10 14:00:22.243 [] INFO  - org.springframework.orm.jpa.LocalContainerEntityManagerFactoryBean - Closing JPA EntityManagerFactory for persistence unit 'default'
2024-11-10 14:00:22.287 [] INFO  - com.zaxxer.hikari.HikariDataSource - HikariPool-1 - Shutdown initiated...
2024-11-10 14:00:22.304 [] INFO  - com.zaxxer.hikari.HikariDataSource - HikariPool-1 - Shutdown completed.
2024-11-10 14:00:34.303 [] INFO  - org.ligot.afriyan.OngafriyanApplication - Starting OngafriyanApplication using Java 17.0.1 with PID 11356 (C:\Users\GLC\Documents\Project\Java\Formation\bizz\ongafriyan\target\classes started by GLC in C:\Users\GLC\Documents\Project\Java\Formation\bizz\ongafriyan)
2024-11-10 14:00:34.312 [] INFO  - org.ligot.afriyan.OngafriyanApplication - The following 1 profile is active: "dev"
2024-11-10 14:00:34.501 [] INFO  - org.springframework.boot.devtools.env.DevToolsPropertyDefaultsPostProcessor - Devtools property defaults active! Set 'spring.devtools.add-properties' to 'false' to disable
2024-11-10 14:00:34.503 [] INFO  - org.springframework.boot.devtools.env.DevToolsPropertyDefaultsPostProcessor - For additional web related logging consider setting the 'logging.level.web' property to 'DEBUG'
2024-11-10 14:00:40.113 [] INFO  - org.springframework.data.repository.config.RepositoryConfigurationDelegate - Bootstrapping Spring Data JPA repositories in DEFAULT mode.
2024-11-10 14:00:40.811 [] INFO  - org.springframework.data.repository.config.RepositoryConfigurationDelegate - Finished Spring Data repository scanning in 672 ms. Found 40 JPA repository interfaces.
2024-11-10 14:00:42.766 [] INFO  - org.springframework.boot.web.embedded.tomcat.TomcatWebServer - Tomcat initialized with port(s): 8087 (http)
2024-11-10 14:00:42.806 [] INFO  - org.apache.catalina.core.StandardService - Starting service [Tomcat]
2024-11-10 14:00:42.807 [] INFO  - org.apache.catalina.core.StandardEngine - Starting Servlet engine: [Apache Tomcat/10.1.10]
2024-11-10 14:00:42.987 [] INFO  - org.apache.catalina.core.ContainerBase.[Tomcat].[localhost].[/] - Initializing Spring embedded WebApplicationContext
2024-11-10 14:00:42.987 [] INFO  - org.springframework.boot.web.servlet.context.ServletWebServerApplicationContext - Root WebApplicationContext: initialization completed in 8480 ms
2024-11-10 14:00:43.759 [] INFO  - org.hibernate.jpa.internal.util.LogHelper - HHH000204: Processing PersistenceUnitInfo [name: default]
2024-11-10 14:00:43.947 [] INFO  - org.hibernate.Version - HHH000412: Hibernate ORM core version 6.2.5.Final
2024-11-10 14:00:43.954 [] INFO  - org.hibernate.cfg.Environment - HHH000406: Using bytecode reflection optimizer
2024-11-10 14:00:44.307 [] INFO  - org.hibernate.bytecode.internal.BytecodeProviderInitiator - HHH000021: Bytecode provider name : bytebuddy
2024-11-10 14:00:44.593 [] INFO  - org.springframework.orm.jpa.persistenceunit.SpringPersistenceUnitInfo - No LoadTimeWeaver setup: ignoring JPA class transformer
2024-11-10 14:00:44.626 [] INFO  - com.zaxxer.hikari.HikariDataSource - HikariPool-1 - Starting...
2024-11-10 14:00:45.027 [] INFO  - com.zaxxer.hikari.pool.HikariPool - HikariPool-1 - Added connection org.postgresql.jdbc.PgConnection@42e0ac68
2024-11-10 14:00:45.030 [] INFO  - com.zaxxer.hikari.HikariDataSource - HikariPool-1 - Start completed.
2024-11-10 14:00:46.660 [] INFO  - org.hibernate.bytecode.internal.BytecodeProviderInitiator - HHH000021: Bytecode provider name : bytebuddy
2024-11-10 14:00:49.910 [] INFO  - org.hibernate.metamodel.internal.EntityInstantiatorPojoStandard - HHH000182: No default (no-argument) constructor for class: org.ligot.afriyan.entities.UserConnect (class must be instantiated by Interceptor)
2024-11-10 14:00:50.802 [] INFO  - org.hibernate.engine.transaction.jta.platform.internal.JtaPlatformInitiator - HHH000490: Using JtaPlatform implementation: [org.hibernate.engine.transaction.jta.platform.internal.NoJtaPlatform]
2024-11-10 14:00:51.757 [] INFO  - org.springframework.orm.jpa.LocalContainerEntityManagerFactoryBean - Initialized JPA EntityManagerFactory for persistence unit 'default'
2024-11-10 14:00:52.391 [] INFO  - org.springframework.data.jpa.repository.query.QueryEnhancerFactory - Hibernate is in classpath; If applicable, HQL parser will be used.
2024-11-10 14:00:56.815 [] INFO  - org.springframework.boot.actuate.endpoint.web.EndpointLinksResolver - Exposing 1 endpoint(s) beneath base path '/actuator'
2024-11-10 14:00:56.947 [] INFO  - org.springframework.security.web.DefaultSecurityFilterChain - Will secure any request with [org.springframework.security.web.session.DisableEncodeUrlFilter@71b52319, org.springframework.security.web.context.request.async.WebAsyncManagerIntegrationFilter@3574fb92, org.springframework.security.web.context.SecurityContextHolderFilter@71798ddf, org.springframework.security.web.header.HeaderWriterFilter@2121bcae, org.springframework.security.web.authentication.logout.LogoutFilter@471f87dc, org.ligot.afriyan.config.securities.JwtAuthenticationFilter@2354e4ea, org.springframework.security.web.savedrequest.RequestCacheAwareFilter@3092e790, org.springframework.security.web.servletapi.SecurityContextHolderAwareRequestFilter@1e1ff5e1, org.springframework.security.web.authentication.AnonymousAuthenticationFilter@4da811be, org.springframework.security.web.session.SessionManagementFilter@50a45775, org.springframework.security.web.access.ExceptionTranslationFilter@17bc7e4a, org.springframework.security.web.access.intercept.AuthorizationFilter@359e337e]
2024-11-10 14:00:57.878 [] INFO  - org.springframework.boot.devtools.autoconfigure.OptionalLiveReloadServer - LiveReload server is running on port 35729
2024-11-10 14:00:58.030 [] INFO  - org.springframework.boot.web.embedded.tomcat.TomcatWebServer - Tomcat started on port(s): 8087 (http) with context path ''
2024-11-10 14:00:58.061 [] INFO  - org.ligot.afriyan.OngafriyanApplication - Started OngafriyanApplication in 24.64 seconds (process running for 26.677)
2024-11-10 14:00:58.451 [] INFO  - org.apache.catalina.core.ContainerBase.[Tomcat].[localhost].[/] - Initializing Spring DispatcherServlet 'dispatcherServlet'
2024-11-10 14:00:58.470 [] INFO  - org.springframework.web.servlet.DispatcherServlet - Initializing Servlet 'dispatcherServlet'
2024-11-10 14:00:58.496 [] INFO  - org.springframework.web.servlet.DispatcherServlet - Completed initialization in 25 ms
2024-11-10 14:03:53.899 [] INFO  - org.springframework.orm.jpa.LocalContainerEntityManagerFactoryBean - Closing JPA EntityManagerFactory for persistence unit 'default'
2024-11-10 14:03:53.905 [] INFO  - com.zaxxer.hikari.HikariDataSource - HikariPool-1 - Shutdown initiated...
2024-11-10 14:03:53.913 [] INFO  - com.zaxxer.hikari.HikariDataSource - HikariPool-1 - Shutdown completed.
2024-11-10 14:04:09.061 [] INFO  - org.ligot.afriyan.OngafriyanApplication - Starting OngafriyanApplication using Java 17.0.1 with PID 4112 (C:\Users\GLC\Documents\Project\Java\Formation\bizz\ongafriyan\target\classes started by GLC in C:\Users\GLC\Documents\Project\Java\Formation\bizz\ongafriyan)
2024-11-10 14:04:09.064 [] INFO  - org.ligot.afriyan.OngafriyanApplication - The following 1 profile is active: "dev"
2024-11-10 14:04:09.351 [] INFO  - org.springframework.boot.devtools.env.DevToolsPropertyDefaultsPostProcessor - Devtools property defaults active! Set 'spring.devtools.add-properties' to 'false' to disable
2024-11-10 14:04:09.351 [] INFO  - org.springframework.boot.devtools.env.DevToolsPropertyDefaultsPostProcessor - For additional web related logging consider setting the 'logging.level.web' property to 'DEBUG'
2024-11-10 14:04:12.655 [] INFO  - org.springframework.data.repository.config.RepositoryConfigurationDelegate - Bootstrapping Spring Data JPA repositories in DEFAULT mode.
2024-11-10 14:04:13.173 [] INFO  - org.springframework.data.repository.config.RepositoryConfigurationDelegate - Finished Spring Data repository scanning in 500 ms. Found 40 JPA repository interfaces.
2024-11-10 14:04:14.661 [] INFO  - org.springframework.boot.web.embedded.tomcat.TomcatWebServer - Tomcat initialized with port(s): 8087 (http)
2024-11-10 14:04:14.704 [] INFO  - org.apache.catalina.core.StandardService - Starting service [Tomcat]
2024-11-10 14:04:14.707 [] INFO  - org.apache.catalina.core.StandardEngine - Starting Servlet engine: [Apache Tomcat/10.1.10]
2024-11-10 14:04:14.900 [] INFO  - org.apache.catalina.core.ContainerBase.[Tomcat].[localhost].[/] - Initializing Spring embedded WebApplicationContext
2024-11-10 14:04:14.901 [] INFO  - org.springframework.boot.web.servlet.context.ServletWebServerApplicationContext - Root WebApplicationContext: initialization completed in 5548 ms
2024-11-10 14:04:15.477 [] INFO  - org.hibernate.jpa.internal.util.LogHelper - HHH000204: Processing PersistenceUnitInfo [name: default]
2024-11-10 14:04:15.582 [] INFO  - org.hibernate.Version - HHH000412: Hibernate ORM core version 6.2.5.Final
2024-11-10 14:04:15.587 [] INFO  - org.hibernate.cfg.Environment - HHH000406: Using bytecode reflection optimizer
2024-11-10 14:04:15.851 [] INFO  - org.hibernate.bytecode.internal.BytecodeProviderInitiator - HHH000021: Bytecode provider name : bytebuddy
2024-11-10 14:04:16.095 [] INFO  - org.springframework.orm.jpa.persistenceunit.SpringPersistenceUnitInfo - No LoadTimeWeaver setup: ignoring JPA class transformer
2024-11-10 14:04:16.122 [] INFO  - com.zaxxer.hikari.HikariDataSource - HikariPool-1 - Starting...
2024-11-10 14:04:16.448 [] INFO  - com.zaxxer.hikari.pool.HikariPool - HikariPool-1 - Added connection org.postgresql.jdbc.PgConnection@ff6d217
2024-11-10 14:04:16.451 [] INFO  - com.zaxxer.hikari.HikariDataSource - HikariPool-1 - Start completed.
2024-11-10 14:04:17.740 [] INFO  - org.hibernate.bytecode.internal.BytecodeProviderInitiator - HHH000021: Bytecode provider name : bytebuddy
2024-11-10 14:04:19.946 [] INFO  - org.hibernate.metamodel.internal.EntityInstantiatorPojoStandard - HHH000182: No default (no-argument) constructor for class: org.ligot.afriyan.entities.UserConnect (class must be instantiated by Interceptor)
2024-11-10 14:04:21.373 [] INFO  - org.hibernate.engine.transaction.jta.platform.internal.JtaPlatformInitiator - HHH000490: Using JtaPlatform implementation: [org.hibernate.engine.transaction.jta.platform.internal.NoJtaPlatform]
2024-11-10 14:04:22.611 [] INFO  - org.springframework.orm.jpa.LocalContainerEntityManagerFactoryBean - Initialized JPA EntityManagerFactory for persistence unit 'default'
2024-11-10 14:04:23.476 [] INFO  - org.springframework.data.jpa.repository.query.QueryEnhancerFactory - Hibernate is in classpath; If applicable, HQL parser will be used.
2024-11-10 14:04:28.755 [] INFO  - org.springframework.boot.actuate.endpoint.web.EndpointLinksResolver - Exposing 1 endpoint(s) beneath base path '/actuator'
2024-11-10 14:04:28.880 [] INFO  - org.springframework.security.web.DefaultSecurityFilterChain - Will secure any request with [org.springframework.security.web.session.DisableEncodeUrlFilter@12e4c33e, org.springframework.security.web.context.request.async.WebAsyncManagerIntegrationFilter@3926cb8c, org.springframework.security.web.context.SecurityContextHolderFilter@499bbd26, org.springframework.security.web.header.HeaderWriterFilter@7f798985, org.springframework.security.web.authentication.logout.LogoutFilter@6b9272d1, org.ligot.afriyan.config.securities.JwtAuthenticationFilter@723d7970, org.springframework.security.web.savedrequest.RequestCacheAwareFilter@14c2e3d1, org.springframework.security.web.servletapi.SecurityContextHolderAwareRequestFilter@14ae6b1a, org.springframework.security.web.authentication.AnonymousAuthenticationFilter@75f4ef43, org.springframework.security.web.session.SessionManagementFilter@3cd753d, org.springframework.security.web.access.ExceptionTranslationFilter@5dd247c3, org.springframework.security.web.access.intercept.AuthorizationFilter@27b18b0d]
2024-11-10 14:04:30.012 [] INFO  - org.springframework.boot.devtools.autoconfigure.OptionalLiveReloadServer - LiveReload server is running on port 35729
2024-11-10 14:04:30.186 [] INFO  - org.springframework.boot.web.embedded.tomcat.TomcatWebServer - Tomcat started on port(s): 8087 (http) with context path ''
2024-11-10 14:04:30.220 [] INFO  - org.ligot.afriyan.OngafriyanApplication - Started OngafriyanApplication in 21.974 seconds (process running for 24.338)
2024-11-10 14:04:31.005 [] INFO  - org.apache.catalina.core.ContainerBase.[Tomcat].[localhost].[/] - Initializing Spring DispatcherServlet 'dispatcherServlet'
2024-11-10 14:04:31.006 [] INFO  - org.springframework.web.servlet.DispatcherServlet - Initializing Servlet 'dispatcherServlet'
2024-11-10 14:04:31.009 [] INFO  - org.springframework.web.servlet.DispatcherServlet - Completed initialization in 3 ms
2024-11-10 14:06:42.037 [] INFO  - org.springframework.orm.jpa.LocalContainerEntityManagerFactoryBean - Closing JPA EntityManagerFactory for persistence unit 'default'
2024-11-10 14:06:42.043 [] INFO  - com.zaxxer.hikari.HikariDataSource - HikariPool-1 - Shutdown initiated...
2024-11-10 14:06:42.053 [] INFO  - com.zaxxer.hikari.HikariDataSource - HikariPool-1 - Shutdown completed.
2024-11-10 14:11:03.344 [] INFO  - org.ligot.afriyan.OngafriyanApplication - Starting OngafriyanApplication using Java 17.0.1 with PID 1764 (C:\Users\GLC\Documents\Project\Java\Formation\bizz\ongafriyan\target\classes started by GLC in C:\Users\GLC\Documents\Project\Java\Formation\bizz\ongafriyan)
2024-11-10 14:11:03.350 [] INFO  - org.ligot.afriyan.OngafriyanApplication - The following 1 profile is active: "dev"
2024-11-10 14:11:03.486 [] INFO  - org.springframework.boot.devtools.env.DevToolsPropertyDefaultsPostProcessor - Devtools property defaults active! Set 'spring.devtools.add-properties' to 'false' to disable
2024-11-10 14:11:03.487 [] INFO  - org.springframework.boot.devtools.env.DevToolsPropertyDefaultsPostProcessor - For additional web related logging consider setting the 'logging.level.web' property to 'DEBUG'
2024-11-10 14:11:06.590 [] INFO  - org.springframework.data.repository.config.RepositoryConfigurationDelegate - Bootstrapping Spring Data JPA repositories in DEFAULT mode.
2024-11-10 14:11:07.673 [] INFO  - org.springframework.data.repository.config.RepositoryConfigurationDelegate - Finished Spring Data repository scanning in 1064 ms. Found 40 JPA repository interfaces.
2024-11-10 14:11:09.323 [] INFO  - org.springframework.boot.web.embedded.tomcat.TomcatWebServer - Tomcat initialized with port(s): 8087 (http)
2024-11-10 14:11:09.340 [] INFO  - org.apache.catalina.core.StandardService - Starting service [Tomcat]
2024-11-10 14:11:09.343 [] INFO  - org.apache.catalina.core.StandardEngine - Starting Servlet engine: [Apache Tomcat/10.1.10]
2024-11-10 14:11:09.587 [] INFO  - org.apache.catalina.core.ContainerBase.[Tomcat].[localhost].[/] - Initializing Spring embedded WebApplicationContext
2024-11-10 14:11:09.588 [] INFO  - org.springframework.boot.web.servlet.context.ServletWebServerApplicationContext - Root WebApplicationContext: initialization completed in 6099 ms
2024-11-10 14:11:10.237 [] INFO  - org.hibernate.jpa.internal.util.LogHelper - HHH000204: Processing PersistenceUnitInfo [name: default]
2024-11-10 14:11:10.378 [] INFO  - org.hibernate.Version - HHH000412: Hibernate ORM core version 6.2.5.Final
2024-11-10 14:11:10.384 [] INFO  - org.hibernate.cfg.Environment - HHH000406: Using bytecode reflection optimizer
2024-11-10 14:11:10.685 [] INFO  - org.hibernate.bytecode.internal.BytecodeProviderInitiator - HHH000021: Bytecode provider name : bytebuddy
2024-11-10 14:11:10.945 [] INFO  - org.springframework.orm.jpa.persistenceunit.SpringPersistenceUnitInfo - No LoadTimeWeaver setup: ignoring JPA class transformer
2024-11-10 14:11:10.974 [] INFO  - com.zaxxer.hikari.HikariDataSource - HikariPool-1 - Starting...
2024-11-10 14:11:11.293 [] INFO  - com.zaxxer.hikari.pool.HikariPool - HikariPool-1 - Added connection org.postgresql.jdbc.PgConnection@fd858f6
2024-11-10 14:11:11.295 [] INFO  - com.zaxxer.hikari.HikariDataSource - HikariPool-1 - Start completed.
2024-11-10 14:11:12.263 [] INFO  - org.hibernate.bytecode.internal.BytecodeProviderInitiator - HHH000021: Bytecode provider name : bytebuddy
2024-11-10 14:11:13.849 [] INFO  - org.hibernate.metamodel.internal.EntityInstantiatorPojoStandard - HHH000182: No default (no-argument) constructor for class: org.ligot.afriyan.entities.UserConnect (class must be instantiated by Interceptor)
2024-11-10 14:11:14.619 [] INFO  - org.hibernate.engine.transaction.jta.platform.internal.JtaPlatformInitiator - HHH000490: Using JtaPlatform implementation: [org.hibernate.engine.transaction.jta.platform.internal.NoJtaPlatform]
2024-11-10 14:11:15.572 [] INFO  - org.springframework.orm.jpa.LocalContainerEntityManagerFactoryBean - Initialized JPA EntityManagerFactory for persistence unit 'default'
2024-11-10 14:11:16.105 [] INFO  - org.springframework.data.jpa.repository.query.QueryEnhancerFactory - Hibernate is in classpath; If applicable, HQL parser will be used.
2024-11-10 14:11:20.360 [] INFO  - org.springframework.boot.actuate.endpoint.web.EndpointLinksResolver - Exposing 1 endpoint(s) beneath base path '/actuator'
2024-11-10 14:11:20.491 [] INFO  - org.springframework.security.web.DefaultSecurityFilterChain - Will secure any request with [org.springframework.security.web.session.DisableEncodeUrlFilter@701814ca, org.springframework.security.web.context.request.async.WebAsyncManagerIntegrationFilter@51d77ff, org.springframework.security.web.context.SecurityContextHolderFilter@4ec3d0f, org.springframework.security.web.header.HeaderWriterFilter@1417c575, org.springframework.security.web.authentication.logout.LogoutFilter@3f4d393d, org.ligot.afriyan.config.securities.JwtAuthenticationFilter@31eb3302, org.springframework.security.web.savedrequest.RequestCacheAwareFilter@32134095, org.springframework.security.web.servletapi.SecurityContextHolderAwareRequestFilter@39090a93, org.springframework.security.web.authentication.AnonymousAuthenticationFilter@29365ed0, org.springframework.security.web.session.SessionManagementFilter@5b4fb15, org.springframework.security.web.access.ExceptionTranslationFilter@5aba4e7e, org.springframework.security.web.access.intercept.AuthorizationFilter@1bddc5ab]
2024-11-10 14:11:21.395 [] INFO  - org.springframework.boot.devtools.autoconfigure.OptionalLiveReloadServer - LiveReload server is running on port 35729
2024-11-10 14:11:21.553 [] INFO  - org.springframework.boot.web.embedded.tomcat.TomcatWebServer - Tomcat started on port(s): 8087 (http) with context path ''
2024-11-10 14:11:21.590 [] INFO  - org.ligot.afriyan.OngafriyanApplication - Started OngafriyanApplication in 18.965 seconds (process running for 20.898)
2024-11-10 14:11:22.123 [] INFO  - org.apache.catalina.core.ContainerBase.[Tomcat].[localhost].[/] - Initializing Spring DispatcherServlet 'dispatcherServlet'
2024-11-10 14:11:22.124 [] INFO  - org.springframework.web.servlet.DispatcherServlet - Initializing Servlet 'dispatcherServlet'
2024-11-10 14:11:22.127 [] INFO  - org.springframework.web.servlet.DispatcherServlet - Completed initialization in 3 ms
2024-11-10 14:19:49.854 [] INFO  - org.springframework.orm.jpa.LocalContainerEntityManagerFactoryBean - Closing JPA EntityManagerFactory for persistence unit 'default'
2024-11-10 14:19:49.859 [] INFO  - com.zaxxer.hikari.HikariDataSource - HikariPool-1 - Shutdown initiated...
2024-11-10 14:19:49.867 [] INFO  - com.zaxxer.hikari.HikariDataSource - HikariPool-1 - Shutdown completed.
2024-11-10 14:23:13.841 [] INFO  - org.ligot.afriyan.OngafriyanApplication - Starting OngafriyanApplication using Java 17.0.1 with PID 6412 (C:\Users\GLC\Documents\Project\Java\Formation\bizz\ongafriyan\target\classes started by GLC in C:\Users\GLC\Documents\Project\Java\Formation\bizz\ongafriyan)
2024-11-10 14:23:13.845 [] INFO  - org.ligot.afriyan.OngafriyanApplication - The following 1 profile is active: "dev"
2024-11-10 14:23:13.970 [] INFO  - org.springframework.boot.devtools.env.DevToolsPropertyDefaultsPostProcessor - Devtools property defaults active! Set 'spring.devtools.add-properties' to 'false' to disable
2024-11-10 14:23:13.970 [] INFO  - org.springframework.boot.devtools.env.DevToolsPropertyDefaultsPostProcessor - For additional web related logging consider setting the 'logging.level.web' property to 'DEBUG'
2024-11-10 14:23:17.296 [] INFO  - org.springframework.data.repository.config.RepositoryConfigurationDelegate - Bootstrapping Spring Data JPA repositories in DEFAULT mode.
2024-11-10 14:23:17.824 [] INFO  - org.springframework.data.repository.config.RepositoryConfigurationDelegate - Finished Spring Data repository scanning in 513 ms. Found 40 JPA repository interfaces.
2024-11-10 14:23:19.101 [] INFO  - org.springframework.boot.web.embedded.tomcat.TomcatWebServer - Tomcat initialized with port(s): 8087 (http)
2024-11-10 14:23:19.116 [] INFO  - org.apache.catalina.core.StandardService - Starting service [Tomcat]
2024-11-10 14:23:19.117 [] INFO  - org.apache.catalina.core.StandardEngine - Starting Servlet engine: [Apache Tomcat/10.1.10]
2024-11-10 14:23:19.227 [] INFO  - org.apache.catalina.core.ContainerBase.[Tomcat].[localhost].[/] - Initializing Spring embedded WebApplicationContext
2024-11-10 14:23:19.228 [] INFO  - org.springframework.boot.web.servlet.context.ServletWebServerApplicationContext - Root WebApplicationContext: initialization completed in 5257 ms
2024-11-10 14:23:19.711 [] INFO  - org.hibernate.jpa.internal.util.LogHelper - HHH000204: Processing PersistenceUnitInfo [name: default]
2024-11-10 14:23:19.807 [] INFO  - org.hibernate.Version - HHH000412: Hibernate ORM core version 6.2.5.Final
2024-11-10 14:23:19.811 [] INFO  - org.hibernate.cfg.Environment - HHH000406: Using bytecode reflection optimizer
2024-11-10 14:23:20.052 [] INFO  - org.hibernate.bytecode.internal.BytecodeProviderInitiator - HHH000021: Bytecode provider name : bytebuddy
2024-11-10 14:23:20.281 [] INFO  - org.springframework.orm.jpa.persistenceunit.SpringPersistenceUnitInfo - No LoadTimeWeaver setup: ignoring JPA class transformer
2024-11-10 14:23:20.310 [] INFO  - com.zaxxer.hikari.HikariDataSource - HikariPool-1 - Starting...
2024-11-10 14:23:20.593 [] INFO  - com.zaxxer.hikari.pool.HikariPool - HikariPool-1 - Added connection org.postgresql.jdbc.PgConnection@12749816
2024-11-10 14:23:20.595 [] INFO  - com.zaxxer.hikari.HikariDataSource - HikariPool-1 - Start completed.
2024-11-10 14:23:21.513 [] INFO  - org.hibernate.bytecode.internal.BytecodeProviderInitiator - HHH000021: Bytecode provider name : bytebuddy
2024-11-10 14:23:23.069 [] INFO  - org.hibernate.metamodel.internal.EntityInstantiatorPojoStandard - HHH000182: No default (no-argument) constructor for class: org.ligot.afriyan.entities.UserConnect (class must be instantiated by Interceptor)
2024-11-10 14:23:23.814 [] INFO  - org.hibernate.engine.transaction.jta.platform.internal.JtaPlatformInitiator - HHH000490: Using JtaPlatform implementation: [org.hibernate.engine.transaction.jta.platform.internal.NoJtaPlatform]
2024-11-10 14:23:24.770 [] INFO  - org.springframework.orm.jpa.LocalContainerEntityManagerFactoryBean - Initialized JPA EntityManagerFactory for persistence unit 'default'
2024-11-10 14:23:25.355 [] INFO  - org.springframework.data.jpa.repository.query.QueryEnhancerFactory - Hibernate is in classpath; If applicable, HQL parser will be used.
2024-11-10 14:23:29.613 [] INFO  - org.springframework.boot.actuate.endpoint.web.EndpointLinksResolver - Exposing 1 endpoint(s) beneath base path '/actuator'
2024-11-10 14:23:29.733 [] INFO  - org.springframework.security.web.DefaultSecurityFilterChain - Will secure any request with [org.springframework.security.web.session.DisableEncodeUrlFilter@615b2610, org.springframework.security.web.context.request.async.WebAsyncManagerIntegrationFilter@28f06713, org.springframework.security.web.context.SecurityContextHolderFilter@7df0249f, org.springframework.security.web.header.HeaderWriterFilter@62e3e1fe, org.springframework.security.web.authentication.logout.LogoutFilter@c92b3a0, org.ligot.afriyan.config.securities.JwtAuthenticationFilter@37f32d9b, org.springframework.security.web.savedrequest.RequestCacheAwareFilter@19bf67dd, org.springframework.security.web.servletapi.SecurityContextHolderAwareRequestFilter@493d287a, org.springframework.security.web.authentication.AnonymousAuthenticationFilter@2b28b220, org.springframework.security.web.session.SessionManagementFilter@65fe1fa1, org.springframework.security.web.access.ExceptionTranslationFilter@6ee06423, org.springframework.security.web.access.intercept.AuthorizationFilter@39de0797]
2024-11-10 14:23:30.516 [] INFO  - org.springframework.boot.devtools.autoconfigure.OptionalLiveReloadServer - LiveReload server is running on port 35729
2024-11-10 14:23:30.674 [] INFO  - org.springframework.boot.web.embedded.tomcat.TomcatWebServer - Tomcat started on port(s): 8087 (http) with context path ''
2024-11-10 14:23:30.743 [] INFO  - org.ligot.afriyan.OngafriyanApplication - Started OngafriyanApplication in 17.595 seconds (process running for 22.316)
2024-11-10 14:30:36.593 [] INFO  - org.apache.catalina.core.ContainerBase.[Tomcat].[localhost].[/] - Initializing Spring DispatcherServlet 'dispatcherServlet'
2024-11-10 14:30:36.594 [] INFO  - org.springframework.web.servlet.DispatcherServlet - Initializing Servlet 'dispatcherServlet'
2024-11-10 14:30:36.602 [] INFO  - org.springframework.web.servlet.DispatcherServlet - Completed initialization in 8 ms
2024-11-10 15:07:57.053 [] INFO  - org.springframework.orm.jpa.LocalContainerEntityManagerFactoryBean - Closing JPA EntityManagerFactory for persistence unit 'default'
2024-11-10 15:07:57.081 [] INFO  - com.zaxxer.hikari.HikariDataSource - HikariPool-1 - Shutdown initiated...
2024-11-10 15:07:57.102 [] INFO  - com.zaxxer.hikari.HikariDataSource - HikariPool-1 - Shutdown completed.
2024-11-10 15:57:13.631 [] INFO  - org.ligot.afriyan.OngafriyanApplication - Starting OngafriyanApplication using Java 17.0.1 with PID 13524 (C:\Users\GLC\Documents\Project\Java\Formation\bizz\ongafriyan\target\classes started by GLC in C:\Users\GLC\Documents\Project\Java\Formation\bizz\ongafriyan)
2024-11-10 15:57:13.637 [] INFO  - org.ligot.afriyan.OngafriyanApplication - The following 1 profile is active: "dev"
2024-11-10 15:57:13.854 [] INFO  - org.springframework.boot.devtools.env.DevToolsPropertyDefaultsPostProcessor - Devtools property defaults active! Set 'spring.devtools.add-properties' to 'false' to disable
2024-11-10 15:57:13.854 [] INFO  - org.springframework.boot.devtools.env.DevToolsPropertyDefaultsPostProcessor - For additional web related logging consider setting the 'logging.level.web' property to 'DEBUG'
2024-11-10 15:57:17.144 [] INFO  - org.springframework.data.repository.config.RepositoryConfigurationDelegate - Bootstrapping Spring Data JPA repositories in DEFAULT mode.
2024-11-10 15:57:17.777 [] INFO  - org.springframework.data.repository.config.RepositoryConfigurationDelegate - Finished Spring Data repository scanning in 613 ms. Found 40 JPA repository interfaces.
2024-11-10 15:57:20.637 [] INFO  - org.springframework.boot.web.embedded.tomcat.TomcatWebServer - Tomcat initialized with port(s): 8087 (http)
2024-11-10 15:57:20.659 [] INFO  - org.apache.catalina.core.StandardService - Starting service [Tomcat]
2024-11-10 15:57:20.660 [] INFO  - org.apache.catalina.core.StandardEngine - Starting Servlet engine: [Apache Tomcat/10.1.10]
2024-11-10 15:57:20.825 [] INFO  - org.apache.catalina.core.ContainerBase.[Tomcat].[localhost].[/] - Initializing Spring embedded WebApplicationContext
2024-11-10 15:57:20.826 [] INFO  - org.springframework.boot.web.servlet.context.ServletWebServerApplicationContext - Root WebApplicationContext: initialization completed in 6970 ms
2024-11-10 15:57:21.388 [] INFO  - org.hibernate.jpa.internal.util.LogHelper - HHH000204: Processing PersistenceUnitInfo [name: default]
2024-11-10 15:57:21.625 [] INFO  - org.hibernate.Version - HHH000412: Hibernate ORM core version 6.2.5.Final
2024-11-10 15:57:21.634 [] INFO  - org.hibernate.cfg.Environment - HHH000406: Using bytecode reflection optimizer
2024-11-10 15:57:22.077 [] INFO  - org.hibernate.bytecode.internal.BytecodeProviderInitiator - HHH000021: Bytecode provider name : bytebuddy
2024-11-10 15:57:22.457 [] INFO  - org.springframework.orm.jpa.persistenceunit.SpringPersistenceUnitInfo - No LoadTimeWeaver setup: ignoring JPA class transformer
2024-11-10 15:57:22.495 [] INFO  - com.zaxxer.hikari.HikariDataSource - HikariPool-1 - Starting...
2024-11-10 15:57:22.961 [] INFO  - com.zaxxer.hikari.pool.HikariPool - HikariPool-1 - Added connection org.postgresql.jdbc.PgConnection@5c86585e
2024-11-10 15:57:22.964 [] INFO  - com.zaxxer.hikari.HikariDataSource - HikariPool-1 - Start completed.
2024-11-10 15:57:25.015 [] INFO  - org.hibernate.bytecode.internal.BytecodeProviderInitiator - HHH000021: Bytecode provider name : bytebuddy
2024-11-10 15:57:29.607 [] INFO  - org.hibernate.metamodel.internal.EntityInstantiatorPojoStandard - HHH000182: No default (no-argument) constructor for class: org.ligot.afriyan.entities.UserConnect (class must be instantiated by Interceptor)
2024-11-10 15:57:31.388 [] INFO  - org.hibernate.engine.transaction.jta.platform.internal.JtaPlatformInitiator - HHH000490: Using JtaPlatform implementation: [org.hibernate.engine.transaction.jta.platform.internal.NoJtaPlatform]
2024-11-10 15:57:32.814 [] INFO  - org.springframework.orm.jpa.LocalContainerEntityManagerFactoryBean - Initialized JPA EntityManagerFactory for persistence unit 'default'
2024-11-10 15:57:33.952 [] INFO  - org.springframework.data.jpa.repository.query.QueryEnhancerFactory - Hibernate is in classpath; If applicable, HQL parser will be used.
2024-11-10 15:57:40.909 [] INFO  - org.springframework.boot.actuate.endpoint.web.EndpointLinksResolver - Exposing 1 endpoint(s) beneath base path '/actuator'
2024-11-10 15:57:41.045 [] INFO  - org.springframework.security.web.DefaultSecurityFilterChain - Will secure any request with [org.springframework.security.web.session.DisableEncodeUrlFilter@5e430e96, org.springframework.security.web.context.request.async.WebAsyncManagerIntegrationFilter@31190097, org.springframework.security.web.context.SecurityContextHolderFilter@21a0c94, org.springframework.security.web.header.HeaderWriterFilter@4fd0927f, org.springframework.security.web.authentication.logout.LogoutFilter@2e1b314a, org.ligot.afriyan.config.securities.JwtAuthenticationFilter@44e03e06, org.springframework.security.web.savedrequest.RequestCacheAwareFilter@7ea14dd9, org.springframework.security.web.servletapi.SecurityContextHolderAwareRequestFilter@cc42f8, org.springframework.security.web.authentication.AnonymousAuthenticationFilter@18776b7e, org.springframework.security.web.session.SessionManagementFilter@2de7a7dc, org.springframework.security.web.access.ExceptionTranslationFilter@2e79a51b, org.springframework.security.web.access.intercept.AuthorizationFilter@78f2f8f9]
2024-11-10 15:57:41.899 [] INFO  - org.springframework.boot.devtools.autoconfigure.OptionalLiveReloadServer - LiveReload server is running on port 35729
2024-11-10 15:57:42.065 [] INFO  - org.springframework.boot.web.embedded.tomcat.TomcatWebServer - Tomcat started on port(s): 8087 (http) with context path ''
2024-11-10 15:57:42.199 [] INFO  - org.ligot.afriyan.OngafriyanApplication - Started OngafriyanApplication in 29.287 seconds (process running for 31.511)
2024-11-10 15:58:29.392 [] INFO  - org.apache.catalina.core.ContainerBase.[Tomcat].[localhost].[/] - Initializing Spring DispatcherServlet 'dispatcherServlet'
2024-11-10 15:58:29.393 [] INFO  - org.springframework.web.servlet.DispatcherServlet - Initializing Servlet 'dispatcherServlet'
2024-11-10 15:58:29.397 [] INFO  - org.springframework.web.servlet.DispatcherServlet - Completed initialization in 3 ms
2024-11-10 16:16:08.796 [] INFO  - org.springframework.orm.jpa.LocalContainerEntityManagerFactoryBean - Closing JPA EntityManagerFactory for persistence unit 'default'
2024-11-10 16:16:08.803 [] INFO  - com.zaxxer.hikari.HikariDataSource - HikariPool-1 - Shutdown initiated...
2024-11-10 16:16:08.815 [] INFO  - com.zaxxer.hikari.HikariDataSource - HikariPool-1 - Shutdown completed.
2024-11-10 16:29:50.163 [] INFO  - org.ligot.afriyan.OngafriyanApplication - Starting OngafriyanApplication using Java 17.0.1 with PID 14644 (C:\Users\GLC\Documents\Project\Java\Formation\bizz\ongafriyan\target\classes started by GLC in C:\Users\GLC\Documents\Project\Java\Formation\bizz\ongafriyan)
2024-11-10 16:29:50.166 [] INFO  - org.ligot.afriyan.OngafriyanApplication - The following 1 profile is active: "dev"
2024-11-10 16:29:50.331 [] INFO  - org.springframework.boot.devtools.env.DevToolsPropertyDefaultsPostProcessor - Devtools property defaults active! Set 'spring.devtools.add-properties' to 'false' to disable
2024-11-10 16:29:50.332 [] INFO  - org.springframework.boot.devtools.env.DevToolsPropertyDefaultsPostProcessor - For additional web related logging consider setting the 'logging.level.web' property to 'DEBUG'
2024-11-10 16:29:53.341 [] INFO  - org.springframework.data.repository.config.RepositoryConfigurationDelegate - Bootstrapping Spring Data JPA repositories in DEFAULT mode.
2024-11-10 16:29:53.861 [] INFO  - org.springframework.data.repository.config.RepositoryConfigurationDelegate - Finished Spring Data repository scanning in 506 ms. Found 40 JPA repository interfaces.
2024-11-10 16:29:55.243 [] INFO  - org.springframework.boot.web.embedded.tomcat.TomcatWebServer - Tomcat initialized with port(s): 8087 (http)
2024-11-10 16:29:55.262 [] INFO  - org.apache.catalina.core.StandardService - Starting service [Tomcat]
2024-11-10 16:29:55.262 [] INFO  - org.apache.catalina.core.StandardEngine - Starting Servlet engine: [Apache Tomcat/10.1.10]
2024-11-10 16:29:55.384 [] INFO  - org.apache.catalina.core.ContainerBase.[Tomcat].[localhost].[/] - Initializing Spring embedded WebApplicationContext
2024-11-10 16:29:55.385 [] INFO  - org.springframework.boot.web.servlet.context.ServletWebServerApplicationContext - Root WebApplicationContext: initialization completed in 5051 ms
2024-11-10 16:29:55.944 [] INFO  - org.hibernate.jpa.internal.util.LogHelper - HHH000204: Processing PersistenceUnitInfo [name: default]
2024-11-10 16:29:56.085 [] INFO  - org.hibernate.Version - HHH000412: Hibernate ORM core version 6.2.5.Final
2024-11-10 16:29:56.090 [] INFO  - org.hibernate.cfg.Environment - HHH000406: Using bytecode reflection optimizer
2024-11-10 16:29:56.379 [] INFO  - org.hibernate.bytecode.internal.BytecodeProviderInitiator - HHH000021: Bytecode provider name : bytebuddy
2024-11-10 16:29:56.644 [] INFO  - org.springframework.orm.jpa.persistenceunit.SpringPersistenceUnitInfo - No LoadTimeWeaver setup: ignoring JPA class transformer
2024-11-10 16:29:56.675 [] INFO  - com.zaxxer.hikari.HikariDataSource - HikariPool-1 - Starting...
2024-11-10 16:29:56.995 [] INFO  - com.zaxxer.hikari.pool.HikariPool - HikariPool-1 - Added connection org.postgresql.jdbc.PgConnection@4161260f
2024-11-10 16:29:56.998 [] INFO  - com.zaxxer.hikari.HikariDataSource - HikariPool-1 - Start completed.
2024-11-10 16:29:58.055 [] INFO  - org.hibernate.bytecode.internal.BytecodeProviderInitiator - HHH000021: Bytecode provider name : bytebuddy
2024-11-10 16:29:59.730 [] INFO  - org.hibernate.metamodel.internal.EntityInstantiatorPojoStandard - HHH000182: No default (no-argument) constructor for class: org.ligot.afriyan.entities.UserConnect (class must be instantiated by Interceptor)
2024-11-10 16:30:00.547 [] INFO  - org.hibernate.engine.transaction.jta.platform.internal.JtaPlatformInitiator - HHH000490: Using JtaPlatform implementation: [org.hibernate.engine.transaction.jta.platform.internal.NoJtaPlatform]
2024-11-10 16:30:01.518 [] INFO  - org.springframework.orm.jpa.LocalContainerEntityManagerFactoryBean - Initialized JPA EntityManagerFactory for persistence unit 'default'
2024-11-10 16:30:02.084 [] INFO  - org.springframework.data.jpa.repository.query.QueryEnhancerFactory - Hibernate is in classpath; If applicable, HQL parser will be used.
2024-11-10 16:30:06.713 [] INFO  - org.springframework.boot.actuate.endpoint.web.EndpointLinksResolver - Exposing 1 endpoint(s) beneath base path '/actuator'
2024-11-10 16:30:06.859 [] INFO  - org.springframework.security.web.DefaultSecurityFilterChain - Will secure any request with [org.springframework.security.web.session.DisableEncodeUrlFilter@1ba504c8, org.springframework.security.web.context.request.async.WebAsyncManagerIntegrationFilter@7bd73e17, org.springframework.security.web.context.SecurityContextHolderFilter@7fd34c94, org.springframework.security.web.header.HeaderWriterFilter@2555619b, org.springframework.security.web.authentication.logout.LogoutFilter@570c49d8, org.ligot.afriyan.config.securities.JwtAuthenticationFilter@2f6cf8b, org.springframework.security.web.savedrequest.RequestCacheAwareFilter@2090ec99, org.springframework.security.web.servletapi.SecurityContextHolderAwareRequestFilter@7d92d7e1, org.springframework.security.web.authentication.AnonymousAuthenticationFilter@21bad413, org.springframework.security.web.session.SessionManagementFilter@6d64e712, org.springframework.security.web.access.ExceptionTranslationFilter@403f139a, org.springframework.security.web.access.intercept.AuthorizationFilter@114e2b80]
2024-11-10 16:30:07.707 [] INFO  - org.springframework.boot.devtools.autoconfigure.OptionalLiveReloadServer - LiveReload server is running on port 35729
2024-11-10 16:30:07.874 [] INFO  - org.springframework.boot.web.embedded.tomcat.TomcatWebServer - Tomcat started on port(s): 8087 (http) with context path ''
2024-11-10 16:30:07.903 [] INFO  - org.ligot.afriyan.OngafriyanApplication - Started OngafriyanApplication in 18.796 seconds (process running for 21.064)
2024-11-10 16:30:17.803 [] INFO  - org.apache.catalina.core.ContainerBase.[Tomcat].[localhost].[/] - Initializing Spring DispatcherServlet 'dispatcherServlet'
2024-11-10 16:30:17.808 [] INFO  - org.springframework.web.servlet.DispatcherServlet - Initializing Servlet 'dispatcherServlet'
2024-11-10 16:30:17.822 [] INFO  - org.springframework.web.servlet.DispatcherServlet - Completed initialization in 13 ms
2024-11-10 17:31:53.827 [] INFO  - org.springframework.orm.jpa.LocalContainerEntityManagerFactoryBean - Closing JPA EntityManagerFactory for persistence unit 'default'
2024-11-10 17:31:53.841 [] INFO  - com.zaxxer.hikari.HikariDataSource - HikariPool-1 - Shutdown initiated...
2024-11-10 17:31:53.848 [] INFO  - com.zaxxer.hikari.HikariDataSource - HikariPool-1 - Shutdown completed.
2024-11-10 17:38:12.382 [] INFO  - org.ligot.afriyan.OngafriyanApplication - Starting OngafriyanApplication using Java 17.0.1 with PID 7876 (C:\Users\GLC\Documents\Project\Java\Formation\bizz\ongafriyan\target\classes started by GLC in C:\Users\GLC\Documents\Project\Java\Formation\bizz\ongafriyan)
2024-11-10 17:38:12.386 [] INFO  - org.ligot.afriyan.OngafriyanApplication - The following 1 profile is active: "dev"
2024-11-10 17:38:12.530 [] INFO  - org.springframework.boot.devtools.env.DevToolsPropertyDefaultsPostProcessor - Devtools property defaults active! Set 'spring.devtools.add-properties' to 'false' to disable
2024-11-10 17:38:12.530 [] INFO  - org.springframework.boot.devtools.env.DevToolsPropertyDefaultsPostProcessor - For additional web related logging consider setting the 'logging.level.web' property to 'DEBUG'
2024-11-10 17:38:15.340 [] INFO  - org.springframework.data.repository.config.RepositoryConfigurationDelegate - Bootstrapping Spring Data JPA repositories in DEFAULT mode.
2024-11-10 17:38:15.917 [] INFO  - org.springframework.data.repository.config.RepositoryConfigurationDelegate - Finished Spring Data repository scanning in 562 ms. Found 40 JPA repository interfaces.
2024-11-10 17:38:17.269 [] INFO  - org.springframework.boot.web.embedded.tomcat.TomcatWebServer - Tomcat initialized with port(s): 8087 (http)
2024-11-10 17:38:17.302 [] INFO  - org.apache.catalina.core.StandardService - Starting service [Tomcat]
2024-11-10 17:38:17.303 [] INFO  - org.apache.catalina.core.StandardEngine - Starting Servlet engine: [Apache Tomcat/10.1.10]
2024-11-10 17:38:17.474 [] INFO  - org.apache.catalina.core.ContainerBase.[Tomcat].[localhost].[/] - Initializing Spring embedded WebApplicationContext
2024-11-10 17:38:17.475 [] INFO  - org.springframework.boot.web.servlet.context.ServletWebServerApplicationContext - Root WebApplicationContext: initialization completed in 4943 ms
2024-11-10 17:38:18.025 [] INFO  - org.hibernate.jpa.internal.util.LogHelper - HHH000204: Processing PersistenceUnitInfo [name: default]
2024-11-10 17:38:18.142 [] INFO  - org.hibernate.Version - HHH000412: Hibernate ORM core version 6.2.5.Final
2024-11-10 17:38:18.147 [] INFO  - org.hibernate.cfg.Environment - HHH000406: Using bytecode reflection optimizer
2024-11-10 17:38:18.434 [] INFO  - org.hibernate.bytecode.internal.BytecodeProviderInitiator - HHH000021: Bytecode provider name : bytebuddy
2024-11-10 17:38:18.712 [] INFO  - org.springframework.orm.jpa.persistenceunit.SpringPersistenceUnitInfo - No LoadTimeWeaver setup: ignoring JPA class transformer
2024-11-10 17:38:18.750 [] INFO  - com.zaxxer.hikari.HikariDataSource - HikariPool-1 - Starting...
2024-11-10 17:38:19.257 [] INFO  - com.zaxxer.hikari.pool.HikariPool - HikariPool-1 - Added connection org.postgresql.jdbc.PgConnection@687882e4
2024-11-10 17:38:19.260 [] INFO  - com.zaxxer.hikari.HikariDataSource - HikariPool-1 - Start completed.
2024-11-10 17:38:20.358 [] INFO  - org.hibernate.bytecode.internal.BytecodeProviderInitiator - HHH000021: Bytecode provider name : bytebuddy
2024-11-10 17:38:22.613 [] INFO  - org.hibernate.metamodel.internal.EntityInstantiatorPojoStandard - HHH000182: No default (no-argument) constructor for class: org.ligot.afriyan.entities.UserConnect (class must be instantiated by Interceptor)
2024-11-10 17:38:24.157 [] INFO  - org.hibernate.engine.transaction.jta.platform.internal.JtaPlatformInitiator - HHH000490: Using JtaPlatform implementation: [org.hibernate.engine.transaction.jta.platform.internal.NoJtaPlatform]
2024-11-10 17:38:25.160 [] INFO  - org.springframework.orm.jpa.LocalContainerEntityManagerFactoryBean - Initialized JPA EntityManagerFactory for persistence unit 'default'
2024-11-10 17:38:25.778 [] INFO  - org.springframework.data.jpa.repository.query.QueryEnhancerFactory - Hibernate is in classpath; If applicable, HQL parser will be used.
2024-11-10 17:38:31.169 [] INFO  - org.springframework.boot.actuate.endpoint.web.EndpointLinksResolver - Exposing 1 endpoint(s) beneath base path '/actuator'
2024-11-10 17:38:31.329 [] INFO  - org.springframework.security.web.DefaultSecurityFilterChain - Will secure any request with [org.springframework.security.web.session.DisableEncodeUrlFilter@3c7278f1, org.springframework.security.web.context.request.async.WebAsyncManagerIntegrationFilter@28e028e7, org.springframework.security.web.context.SecurityContextHolderFilter@3c10dc97, org.springframework.security.web.header.HeaderWriterFilter@5e7c1add, org.springframework.security.web.authentication.logout.LogoutFilter@11b6df14, org.ligot.afriyan.config.securities.JwtAuthenticationFilter@1306c4a4, org.springframework.security.web.savedrequest.RequestCacheAwareFilter@6a812447, org.springframework.security.web.servletapi.SecurityContextHolderAwareRequestFilter@2af010dd, org.springframework.security.web.authentication.AnonymousAuthenticationFilter@57146f22, org.springframework.security.web.session.SessionManagementFilter@13ba4430, org.springframework.security.web.access.ExceptionTranslationFilter@fef504f, org.springframework.security.web.access.intercept.AuthorizationFilter@74cc0959]
2024-11-10 17:38:32.346 [] INFO  - org.springframework.boot.devtools.autoconfigure.OptionalLiveReloadServer - LiveReload server is running on port 35729
2024-11-10 17:38:32.580 [] INFO  - org.springframework.boot.web.embedded.tomcat.TomcatWebServer - Tomcat started on port(s): 8087 (http) with context path ''
2024-11-10 17:38:32.621 [] INFO  - org.ligot.afriyan.OngafriyanApplication - Started OngafriyanApplication in 21.105 seconds (process running for 23.197)
2024-11-10 17:38:33.226 [] INFO  - org.apache.catalina.core.ContainerBase.[Tomcat].[localhost].[/] - Initializing Spring DispatcherServlet 'dispatcherServlet'
2024-11-10 17:38:33.227 [] INFO  - org.springframework.web.servlet.DispatcherServlet - Initializing Servlet 'dispatcherServlet'
2024-11-10 17:38:33.232 [] INFO  - org.springframework.web.servlet.DispatcherServlet - Completed initialization in 5 ms
2024-11-10 17:59:20.606 [] INFO  - org.springframework.orm.jpa.LocalContainerEntityManagerFactoryBean - Closing JPA EntityManagerFactory for persistence unit 'default'
2024-11-10 17:59:20.620 [] INFO  - com.zaxxer.hikari.HikariDataSource - HikariPool-1 - Shutdown initiated...
2024-11-10 17:59:20.818 [] INFO  - com.zaxxer.hikari.HikariDataSource - HikariPool-1 - Shutdown completed.
2024-11-10 17:59:37.012 [] INFO  - org.ligot.afriyan.OngafriyanApplication - Starting OngafriyanApplication using Java 17.0.1 with PID 3180 (C:\Users\GLC\Documents\Project\Java\Formation\bizz\ongafriyan\target\classes started by GLC in C:\Users\GLC\Documents\Project\Java\Formation\bizz\ongafriyan)
2024-11-10 17:59:37.017 [] INFO  - org.ligot.afriyan.OngafriyanApplication - The following 1 profile is active: "dev"
2024-11-10 17:59:37.230 [] INFO  - org.springframework.boot.devtools.env.DevToolsPropertyDefaultsPostProcessor - Devtools property defaults active! Set 'spring.devtools.add-properties' to 'false' to disable
2024-11-10 17:59:37.230 [] INFO  - org.springframework.boot.devtools.env.DevToolsPropertyDefaultsPostProcessor - For additional web related logging consider setting the 'logging.level.web' property to 'DEBUG'
2024-11-10 17:59:40.843 [] INFO  - org.springframework.data.repository.config.RepositoryConfigurationDelegate - Bootstrapping Spring Data JPA repositories in DEFAULT mode.
2024-11-10 17:59:41.445 [] INFO  - org.springframework.data.repository.config.RepositoryConfigurationDelegate - Finished Spring Data repository scanning in 584 ms. Found 40 JPA repository interfaces.
2024-11-10 17:59:43.227 [] INFO  - org.springframework.boot.web.embedded.tomcat.TomcatWebServer - Tomcat initialized with port(s): 8087 (http)
2024-11-10 17:59:43.244 [] INFO  - org.apache.catalina.core.StandardService - Starting service [Tomcat]
2024-11-10 17:59:43.245 [] INFO  - org.apache.catalina.core.StandardEngine - Starting Servlet engine: [Apache Tomcat/10.1.10]
2024-11-10 17:59:43.371 [] INFO  - org.apache.catalina.core.ContainerBase.[Tomcat].[localhost].[/] - Initializing Spring embedded WebApplicationContext
2024-11-10 17:59:43.372 [] INFO  - org.springframework.boot.web.servlet.context.ServletWebServerApplicationContext - Root WebApplicationContext: initialization completed in 6140 ms
2024-11-10 17:59:43.846 [] INFO  - org.hibernate.jpa.internal.util.LogHelper - HHH000204: Processing PersistenceUnitInfo [name: default]
2024-11-10 17:59:43.951 [] INFO  - org.hibernate.Version - HHH000412: Hibernate ORM core version 6.2.5.Final
2024-11-10 17:59:43.960 [] INFO  - org.hibernate.cfg.Environment - HHH000406: Using bytecode reflection optimizer
2024-11-10 17:59:44.215 [] INFO  - org.hibernate.bytecode.internal.BytecodeProviderInitiator - HHH000021: Bytecode provider name : bytebuddy
2024-11-10 17:59:44.464 [] INFO  - org.springframework.orm.jpa.persistenceunit.SpringPersistenceUnitInfo - No LoadTimeWeaver setup: ignoring JPA class transformer
2024-11-10 17:59:44.493 [] INFO  - com.zaxxer.hikari.HikariDataSource - HikariPool-1 - Starting...
2024-11-10 17:59:44.828 [] INFO  - com.zaxxer.hikari.pool.HikariPool - HikariPool-1 - Added connection org.postgresql.jdbc.PgConnection@31344eba
2024-11-10 17:59:44.830 [] INFO  - com.zaxxer.hikari.HikariDataSource - HikariPool-1 - Start completed.
2024-11-10 17:59:45.839 [] INFO  - org.hibernate.bytecode.internal.BytecodeProviderInitiator - HHH000021: Bytecode provider name : bytebuddy
2024-11-10 17:59:47.322 [] INFO  - org.hibernate.metamodel.internal.EntityInstantiatorPojoStandard - HHH000182: No default (no-argument) constructor for class: org.ligot.afriyan.entities.UserConnect (class must be instantiated by Interceptor)
2024-11-10 17:59:48.181 [] INFO  - org.hibernate.engine.transaction.jta.platform.internal.JtaPlatformInitiator - HHH000490: Using JtaPlatform implementation: [org.hibernate.engine.transaction.jta.platform.internal.NoJtaPlatform]
2024-11-10 17:59:49.178 [] INFO  - org.springframework.orm.jpa.LocalContainerEntityManagerFactoryBean - Initialized JPA EntityManagerFactory for persistence unit 'default'
2024-11-10 17:59:49.807 [] INFO  - org.springframework.data.jpa.repository.query.QueryEnhancerFactory - Hibernate is in classpath; If applicable, HQL parser will be used.
2024-11-10 17:59:54.505 [] INFO  - org.springframework.boot.actuate.endpoint.web.EndpointLinksResolver - Exposing 1 endpoint(s) beneath base path '/actuator'
2024-11-10 17:59:54.673 [] INFO  - org.springframework.security.web.DefaultSecurityFilterChain - Will secure any request with [org.springframework.security.web.session.DisableEncodeUrlFilter@2a401705, org.springframework.security.web.context.request.async.WebAsyncManagerIntegrationFilter@3b318a84, org.springframework.security.web.context.SecurityContextHolderFilter@2b216546, org.springframework.security.web.header.HeaderWriterFilter@31c0f881, org.springframework.security.web.authentication.logout.LogoutFilter@14e2989a, org.ligot.afriyan.config.securities.JwtAuthenticationFilter@33894277, org.springframework.security.web.savedrequest.RequestCacheAwareFilter@6a0af74c, org.springframework.security.web.servletapi.SecurityContextHolderAwareRequestFilter@485e4a0c, org.springframework.security.web.authentication.AnonymousAuthenticationFilter@76f569a9, org.springframework.security.web.session.SessionManagementFilter@19562c75, org.springframework.security.web.access.ExceptionTranslationFilter@2531f0d6, org.springframework.security.web.access.intercept.AuthorizationFilter@3ae560a1]
2024-11-10 17:59:55.538 [] INFO  - org.springframework.boot.devtools.autoconfigure.OptionalLiveReloadServer - LiveReload server is running on port 35729
2024-11-10 17:59:55.695 [] INFO  - org.springframework.boot.web.embedded.tomcat.TomcatWebServer - Tomcat started on port(s): 8087 (http) with context path ''
2024-11-10 17:59:55.729 [] INFO  - org.ligot.afriyan.OngafriyanApplication - Started OngafriyanApplication in 19.566 seconds (process running for 21.612)
2024-11-10 17:59:56.334 [] INFO  - org.apache.catalina.core.ContainerBase.[Tomcat].[localhost].[/] - Initializing Spring DispatcherServlet 'dispatcherServlet'
2024-11-10 17:59:56.335 [] INFO  - org.springframework.web.servlet.DispatcherServlet - Initializing Servlet 'dispatcherServlet'
2024-11-10 17:59:56.339 [] INFO  - org.springframework.web.servlet.DispatcherServlet - Completed initialization in 3 ms
2024-11-10 18:04:04.208 [] INFO  - org.springframework.orm.jpa.LocalContainerEntityManagerFactoryBean - Closing JPA EntityManagerFactory for persistence unit 'default'
2024-11-10 18:04:04.215 [] INFO  - com.zaxxer.hikari.HikariDataSource - HikariPool-1 - Shutdown initiated...
2024-11-10 18:04:04.372 [] INFO  - com.zaxxer.hikari.HikariDataSource - HikariPool-1 - Shutdown completed.
2024-11-10 18:04:21.946 [] INFO  - org.ligot.afriyan.OngafriyanApplication - Starting OngafriyanApplication using Java 17.0.1 with PID 6632 (C:\Users\GLC\Documents\Project\Java\Formation\bizz\ongafriyan\target\classes started by GLC in C:\Users\GLC\Documents\Project\Java\Formation\bizz\ongafriyan)
2024-11-10 18:04:21.950 [] INFO  - org.ligot.afriyan.OngafriyanApplication - The following 1 profile is active: "dev"
2024-11-10 18:04:22.104 [] INFO  - org.springframework.boot.devtools.env.DevToolsPropertyDefaultsPostProcessor - Devtools property defaults active! Set 'spring.devtools.add-properties' to 'false' to disable
2024-11-10 18:04:22.104 [] INFO  - org.springframework.boot.devtools.env.DevToolsPropertyDefaultsPostProcessor - For additional web related logging consider setting the 'logging.level.web' property to 'DEBUG'
2024-11-10 18:04:26.064 [] INFO  - org.springframework.data.repository.config.RepositoryConfigurationDelegate - Bootstrapping Spring Data JPA repositories in DEFAULT mode.
2024-11-10 18:04:26.651 [] INFO  - org.springframework.data.repository.config.RepositoryConfigurationDelegate - Finished Spring Data repository scanning in 571 ms. Found 40 JPA repository interfaces.
2024-11-10 18:04:28.058 [] INFO  - org.springframework.boot.web.embedded.tomcat.TomcatWebServer - Tomcat initialized with port(s): 8087 (http)
2024-11-10 18:04:28.073 [] INFO  - org.apache.catalina.core.StandardService - Starting service [Tomcat]
2024-11-10 18:04:28.074 [] INFO  - org.apache.catalina.core.StandardEngine - Starting Servlet engine: [Apache Tomcat/10.1.10]
2024-11-10 18:04:28.194 [] INFO  - org.apache.catalina.core.ContainerBase.[Tomcat].[localhost].[/] - Initializing Spring embedded WebApplicationContext
2024-11-10 18:04:28.195 [] INFO  - org.springframework.boot.web.servlet.context.ServletWebServerApplicationContext - Root WebApplicationContext: initialization completed in 6089 ms
2024-11-10 18:04:28.841 [] INFO  - org.hibernate.jpa.internal.util.LogHelper - HHH000204: Processing PersistenceUnitInfo [name: default]
2024-11-10 18:04:28.973 [] INFO  - org.hibernate.Version - HHH000412: Hibernate ORM core version 6.2.5.Final
2024-11-10 18:04:28.979 [] INFO  - org.hibernate.cfg.Environment - HHH000406: Using bytecode reflection optimizer
2024-11-10 18:04:29.710 [] INFO  - org.hibernate.bytecode.internal.BytecodeProviderInitiator - HHH000021: Bytecode provider name : bytebuddy
2024-11-10 18:04:31.406 [] INFO  - org.springframework.orm.jpa.persistenceunit.SpringPersistenceUnitInfo - No LoadTimeWeaver setup: ignoring JPA class transformer
2024-11-10 18:04:31.505 [] INFO  - com.zaxxer.hikari.HikariDataSource - HikariPool-1 - Starting...
2024-11-10 18:04:31.975 [] INFO  - com.zaxxer.hikari.pool.HikariPool - HikariPool-1 - Added connection org.postgresql.jdbc.PgConnection@f0e1be3
2024-11-10 18:04:31.978 [] INFO  - com.zaxxer.hikari.HikariDataSource - HikariPool-1 - Start completed.
2024-11-10 18:04:33.647 [] INFO  - org.hibernate.bytecode.internal.BytecodeProviderInitiator - HHH000021: Bytecode provider name : bytebuddy
2024-11-10 18:04:35.627 [] INFO  - org.hibernate.metamodel.internal.EntityInstantiatorPojoStandard - HHH000182: No default (no-argument) constructor for class: org.ligot.afriyan.entities.UserConnect (class must be instantiated by Interceptor)
2024-11-10 18:04:36.653 [] INFO  - org.hibernate.engine.transaction.jta.platform.internal.JtaPlatformInitiator - HHH000490: Using JtaPlatform implementation: [org.hibernate.engine.transaction.jta.platform.internal.NoJtaPlatform]
2024-11-10 18:04:37.807 [] INFO  - org.springframework.orm.jpa.LocalContainerEntityManagerFactoryBean - Initialized JPA EntityManagerFactory for persistence unit 'default'
2024-11-10 18:04:38.592 [] INFO  - org.springframework.data.jpa.repository.query.QueryEnhancerFactory - Hibernate is in classpath; If applicable, HQL parser will be used.
2024-11-10 18:04:44.162 [] INFO  - org.springframework.boot.actuate.endpoint.web.EndpointLinksResolver - Exposing 1 endpoint(s) beneath base path '/actuator'
2024-11-10 18:04:44.320 [] INFO  - org.springframework.security.web.DefaultSecurityFilterChain - Will secure any request with [org.springframework.security.web.session.DisableEncodeUrlFilter@5c2f392b, org.springframework.security.web.context.request.async.WebAsyncManagerIntegrationFilter@281478f2, org.springframework.security.web.context.SecurityContextHolderFilter@6a0975b0, org.springframework.security.web.header.HeaderWriterFilter@291a9b02, org.springframework.security.web.authentication.logout.LogoutFilter@34de1de8, org.ligot.afriyan.config.securities.JwtAuthenticationFilter@74db8195, org.springframework.security.web.savedrequest.RequestCacheAwareFilter@6f3e904d, org.springframework.security.web.servletapi.SecurityContextHolderAwareRequestFilter@447b466b, org.springframework.security.web.authentication.AnonymousAuthenticationFilter@4a2d348a, org.springframework.security.web.session.SessionManagementFilter@f3a4d65, org.springframework.security.web.access.ExceptionTranslationFilter@1726f02c, org.springframework.security.web.access.intercept.AuthorizationFilter@7ea14dd9]
2024-11-10 18:04:45.343 [] INFO  - org.springframework.boot.devtools.autoconfigure.OptionalLiveReloadServer - LiveReload server is running on port 35729
2024-11-10 18:04:45.516 [] INFO  - org.springframework.boot.web.embedded.tomcat.TomcatWebServer - Tomcat started on port(s): 8087 (http) with context path ''
2024-11-10 18:04:45.558 [] INFO  - org.ligot.afriyan.OngafriyanApplication - Started OngafriyanApplication in 24.508 seconds (process running for 27.684)
2024-11-10 18:06:17.832 [] INFO  - org.apache.catalina.core.ContainerBase.[Tomcat].[localhost].[/] - Initializing Spring DispatcherServlet 'dispatcherServlet'
2024-11-10 18:06:17.839 [] INFO  - org.springframework.web.servlet.DispatcherServlet - Initializing Servlet 'dispatcherServlet'
2024-11-10 18:06:17.846 [] INFO  - org.springframework.web.servlet.DispatcherServlet - Completed initialization in 5 ms
2024-11-10 18:10:09.527 [] INFO  - org.springframework.orm.jpa.LocalContainerEntityManagerFactoryBean - Closing JPA EntityManagerFactory for persistence unit 'default'
2024-11-10 18:10:09.533 [] INFO  - com.zaxxer.hikari.HikariDataSource - HikariPool-1 - Shutdown initiated...
2024-11-10 18:10:09.541 [] INFO  - com.zaxxer.hikari.HikariDataSource - HikariPool-1 - Shutdown completed.
2024-11-10 18:10:22.551 [] INFO  - org.ligot.afriyan.OngafriyanApplication - Starting OngafriyanApplication using Java 17.0.1 with PID 17252 (C:\Users\GLC\Documents\Project\Java\Formation\bizz\ongafriyan\target\classes started by GLC in C:\Users\GLC\Documents\Project\Java\Formation\bizz\ongafriyan)
2024-11-10 18:10:22.558 [] INFO  - org.ligot.afriyan.OngafriyanApplication - The following 1 profile is active: "dev"
2024-11-10 18:10:22.745 [] INFO  - org.springframework.boot.devtools.env.DevToolsPropertyDefaultsPostProcessor - Devtools property defaults active! Set 'spring.devtools.add-properties' to 'false' to disable
2024-11-10 18:10:22.745 [] INFO  - org.springframework.boot.devtools.env.DevToolsPropertyDefaultsPostProcessor - For additional web related logging consider setting the 'logging.level.web' property to 'DEBUG'
2024-11-10 18:10:25.978 [] INFO  - org.springframework.data.repository.config.RepositoryConfigurationDelegate - Bootstrapping Spring Data JPA repositories in DEFAULT mode.
2024-11-10 18:10:26.495 [] INFO  - org.springframework.data.repository.config.RepositoryConfigurationDelegate - Finished Spring Data repository scanning in 499 ms. Found 40 JPA repository interfaces.
2024-11-10 18:10:27.907 [] INFO  - org.springframework.boot.web.embedded.tomcat.TomcatWebServer - Tomcat initialized with port(s): 8087 (http)
2024-11-10 18:10:27.925 [] INFO  - org.apache.catalina.core.StandardService - Starting service [Tomcat]
2024-11-10 18:10:27.926 [] INFO  - org.apache.catalina.core.StandardEngine - Starting Servlet engine: [Apache Tomcat/10.1.10]
2024-11-10 18:10:28.070 [] INFO  - org.apache.catalina.core.ContainerBase.[Tomcat].[localhost].[/] - Initializing Spring embedded WebApplicationContext
2024-11-10 18:10:28.070 [] INFO  - org.springframework.boot.web.servlet.context.ServletWebServerApplicationContext - Root WebApplicationContext: initialization completed in 5324 ms
2024-11-10 18:10:28.574 [] INFO  - org.hibernate.jpa.internal.util.LogHelper - HHH000204: Processing PersistenceUnitInfo [name: default]
2024-11-10 18:10:28.709 [] INFO  - org.hibernate.Version - HHH000412: Hibernate ORM core version 6.2.5.Final
2024-11-10 18:10:28.715 [] INFO  - org.hibernate.cfg.Environment - HHH000406: Using bytecode reflection optimizer
2024-11-10 18:10:29.018 [] INFO  - org.hibernate.bytecode.internal.BytecodeProviderInitiator - HHH000021: Bytecode provider name : bytebuddy
2024-11-10 18:10:29.411 [] INFO  - org.springframework.orm.jpa.persistenceunit.SpringPersistenceUnitInfo - No LoadTimeWeaver setup: ignoring JPA class transformer
2024-11-10 18:10:29.444 [] INFO  - com.zaxxer.hikari.HikariDataSource - HikariPool-1 - Starting...
2024-11-10 18:10:29.778 [] INFO  - com.zaxxer.hikari.pool.HikariPool - HikariPool-1 - Added connection org.postgresql.jdbc.PgConnection@193600c7
2024-11-10 18:10:29.782 [] INFO  - com.zaxxer.hikari.HikariDataSource - HikariPool-1 - Start completed.
2024-11-10 18:10:30.741 [] INFO  - org.hibernate.bytecode.internal.BytecodeProviderInitiator - HHH000021: Bytecode provider name : bytebuddy
2024-11-10 18:10:32.365 [] INFO  - org.hibernate.metamodel.internal.EntityInstantiatorPojoStandard - HHH000182: No default (no-argument) constructor for class: org.ligot.afriyan.entities.UserConnect (class must be instantiated by Interceptor)
2024-11-10 18:10:33.225 [] INFO  - org.hibernate.engine.transaction.jta.platform.internal.JtaPlatformInitiator - HHH000490: Using JtaPlatform implementation: [org.hibernate.engine.transaction.jta.platform.internal.NoJtaPlatform]
2024-11-10 18:10:34.235 [] INFO  - org.springframework.orm.jpa.LocalContainerEntityManagerFactoryBean - Initialized JPA EntityManagerFactory for persistence unit 'default'
2024-11-10 18:10:35.006 [] INFO  - org.springframework.data.jpa.repository.query.QueryEnhancerFactory - Hibernate is in classpath; If applicable, HQL parser will be used.
2024-11-10 18:10:40.196 [] INFO  - org.springframework.boot.actuate.endpoint.web.EndpointLinksResolver - Exposing 1 endpoint(s) beneath base path '/actuator'
2024-11-10 18:10:40.341 [] INFO  - org.springframework.security.web.DefaultSecurityFilterChain - Will secure any request with [org.springframework.security.web.session.DisableEncodeUrlFilter@cefb1b3, org.springframework.security.web.context.request.async.WebAsyncManagerIntegrationFilter@7bfcf4c2, org.springframework.security.web.context.SecurityContextHolderFilter@3ec79b5, org.springframework.security.web.header.HeaderWriterFilter@72c68712, org.springframework.security.web.authentication.logout.LogoutFilter@4678ebc9, org.ligot.afriyan.config.securities.JwtAuthenticationFilter@34645661, org.springframework.security.web.savedrequest.RequestCacheAwareFilter@29dcd1c0, org.springframework.security.web.servletapi.SecurityContextHolderAwareRequestFilter@26bd09e6, org.springframework.security.web.authentication.AnonymousAuthenticationFilter@ed74684, org.springframework.security.web.session.SessionManagementFilter@71fac1a1, org.springframework.security.web.access.ExceptionTranslationFilter@567af791, org.springframework.security.web.access.intercept.AuthorizationFilter@61e2d0dc]
2024-11-10 18:10:41.131 [] INFO  - org.springframework.boot.devtools.autoconfigure.OptionalLiveReloadServer - LiveReload server is running on port 35729
2024-11-10 18:10:41.296 [] INFO  - org.springframework.boot.web.embedded.tomcat.TomcatWebServer - Tomcat started on port(s): 8087 (http) with context path ''
2024-11-10 18:10:41.328 [] INFO  - org.ligot.afriyan.OngafriyanApplication - Started OngafriyanApplication in 19.707 seconds (process running for 22.529)
2024-11-10 18:10:41.644 [] INFO  - org.apache.catalina.core.ContainerBase.[Tomcat].[localhost].[/] - Initializing Spring DispatcherServlet 'dispatcherServlet'
2024-11-10 18:10:41.645 [] INFO  - org.springframework.web.servlet.DispatcherServlet - Initializing Servlet 'dispatcherServlet'
2024-11-10 18:10:41.648 [] INFO  - org.springframework.web.servlet.DispatcherServlet - Completed initialization in 3 ms
2024-11-10 18:20:22.387 [] INFO  - org.springframework.orm.jpa.LocalContainerEntityManagerFactoryBean - Closing JPA EntityManagerFactory for persistence unit 'default'
2024-11-10 18:20:22.396 [] INFO  - com.zaxxer.hikari.HikariDataSource - HikariPool-1 - Shutdown initiated...
2024-11-10 18:20:22.415 [] INFO  - com.zaxxer.hikari.HikariDataSource - HikariPool-1 - Shutdown completed.
2024-11-10 18:24:25.471 [] INFO  - org.ligot.afriyan.OngafriyanApplication - Starting OngafriyanApplication using Java 17.0.1 with PID 18280 (C:\Users\GLC\Documents\Project\Java\Formation\bizz\ongafriyan\target\classes started by GLC in C:\Users\GLC\Documents\Project\Java\Formation\bizz\ongafriyan)
2024-11-10 18:24:25.475 [] INFO  - org.ligot.afriyan.OngafriyanApplication - The following 1 profile is active: "prod"
2024-11-10 18:24:30.789 [] INFO  - org.springframework.data.repository.config.RepositoryConfigurationDelegate - Bootstrapping Spring Data JPA repositories in DEFAULT mode.
2024-11-10 18:24:32.200 [] INFO  - org.springframework.data.repository.config.RepositoryConfigurationDelegate - Finished Spring Data repository scanning in 1387 ms. Found 40 JPA repository interfaces.
2024-11-10 19:06:22.439 [] INFO  - org.ligot.afriyan.OngafriyanApplication - Starting OngafriyanApplication using Java 17.0.1 with PID 5540 (C:\Users\GLC\Documents\Project\Java\Formation\bizz\ongafriyan\target\classes started by GLC in C:\Users\GLC\Documents\Project\Java\Formation\bizz\ongafriyan)
2024-11-10 19:06:22.443 [] INFO  - org.ligot.afriyan.OngafriyanApplication - The following 1 profile is active: "dev"
2024-11-10 19:06:22.642 [] INFO  - org.springframework.boot.devtools.env.DevToolsPropertyDefaultsPostProcessor - Devtools property defaults active! Set 'spring.devtools.add-properties' to 'false' to disable
2024-11-10 19:06:22.649 [] INFO  - org.springframework.boot.devtools.env.DevToolsPropertyDefaultsPostProcessor - For additional web related logging consider setting the 'logging.level.web' property to 'DEBUG'
2024-11-10 19:06:25.202 [] INFO  - org.springframework.data.repository.config.RepositoryConfigurationDelegate - Bootstrapping Spring Data JPA repositories in DEFAULT mode.
2024-11-10 19:06:25.702 [] INFO  - org.springframework.data.repository.config.RepositoryConfigurationDelegate - Finished Spring Data repository scanning in 486 ms. Found 40 JPA repository interfaces.
2024-11-10 19:06:26.947 [] INFO  - org.springframework.boot.web.embedded.tomcat.TomcatWebServer - Tomcat initialized with port(s): 8087 (http)
2024-11-10 19:06:26.965 [] INFO  - org.apache.catalina.core.StandardService - Starting service [Tomcat]
2024-11-10 19:06:26.966 [] INFO  - org.apache.catalina.core.StandardEngine - Starting Servlet engine: [Apache Tomcat/10.1.10]
2024-11-10 19:06:27.092 [] INFO  - org.apache.catalina.core.ContainerBase.[Tomcat].[localhost].[/] - Initializing Spring embedded WebApplicationContext
2024-11-10 19:06:27.093 [] INFO  - org.springframework.boot.web.servlet.context.ServletWebServerApplicationContext - Root WebApplicationContext: initialization completed in 4442 ms
2024-11-10 19:06:27.605 [] INFO  - org.hibernate.jpa.internal.util.LogHelper - HHH000204: Processing PersistenceUnitInfo [name: default]
2024-11-10 19:06:27.705 [] INFO  - org.hibernate.Version - HHH000412: Hibernate ORM core version 6.2.5.Final
2024-11-10 19:06:27.710 [] INFO  - org.hibernate.cfg.Environment - HHH000406: Using bytecode reflection optimizer
2024-11-10 19:06:28.010 [] INFO  - org.hibernate.bytecode.internal.BytecodeProviderInitiator - HHH000021: Bytecode provider name : bytebuddy
2024-11-10 19:06:28.247 [] INFO  - org.springframework.orm.jpa.persistenceunit.SpringPersistenceUnitInfo - No LoadTimeWeaver setup: ignoring JPA class transformer
2024-11-10 19:06:28.275 [] INFO  - com.zaxxer.hikari.HikariDataSource - HikariPool-1 - Starting...
2024-11-10 19:06:28.589 [] INFO  - com.zaxxer.hikari.pool.HikariPool - HikariPool-1 - Added connection org.postgresql.jdbc.PgConnection@5d0a94a7
2024-11-10 19:06:28.593 [] INFO  - com.zaxxer.hikari.HikariDataSource - HikariPool-1 - Start completed.
2024-11-10 19:06:29.529 [] INFO  - org.hibernate.bytecode.internal.BytecodeProviderInitiator - HHH000021: Bytecode provider name : bytebuddy
2024-11-10 19:06:31.129 [] INFO  - org.hibernate.metamodel.internal.EntityInstantiatorPojoStandard - HHH000182: No default (no-argument) constructor for class: org.ligot.afriyan.entities.UserConnect (class must be instantiated by Interceptor)
2024-11-10 19:06:32.149 [] INFO  - org.hibernate.engine.transaction.jta.platform.internal.JtaPlatformInitiator - HHH000490: Using JtaPlatform implementation: [org.hibernate.engine.transaction.jta.platform.internal.NoJtaPlatform]
2024-11-10 19:06:33.201 [] INFO  - org.springframework.orm.jpa.LocalContainerEntityManagerFactoryBean - Initialized JPA EntityManagerFactory for persistence unit 'default'
2024-11-10 19:06:34.824 [] INFO  - org.springframework.data.jpa.repository.query.QueryEnhancerFactory - Hibernate is in classpath; If applicable, HQL parser will be used.
2024-11-10 19:06:40.891 [] INFO  - org.springframework.boot.actuate.endpoint.web.EndpointLinksResolver - Exposing 1 endpoint(s) beneath base path '/actuator'
2024-11-10 19:06:41.011 [] INFO  - org.springframework.security.web.DefaultSecurityFilterChain - Will secure any request with [org.springframework.security.web.session.DisableEncodeUrlFilter@743d979b, org.springframework.security.web.context.request.async.WebAsyncManagerIntegrationFilter@50ae59e5, org.springframework.security.web.context.SecurityContextHolderFilter@33897fb6, org.springframework.security.web.header.HeaderWriterFilter@1e9ebcdb, org.springframework.security.web.authentication.logout.LogoutFilter@6bca80fd, org.ligot.afriyan.config.securities.JwtAuthenticationFilter@7b921b7c, org.springframework.security.web.savedrequest.RequestCacheAwareFilter@521e2a65, org.springframework.security.web.servletapi.SecurityContextHolderAwareRequestFilter@2121bcae, org.springframework.security.web.authentication.AnonymousAuthenticationFilter@471f87dc, org.springframework.security.web.session.SessionManagementFilter@a65ce9b, org.springframework.security.web.access.ExceptionTranslationFilter@2abb5136, org.springframework.security.web.access.intercept.AuthorizationFilter@5c8f171e]
2024-11-10 19:06:41.877 [] INFO  - org.springframework.boot.devtools.autoconfigure.OptionalLiveReloadServer - LiveReload server is running on port 35729
2024-11-10 19:06:42.032 [] INFO  - org.springframework.boot.web.embedded.tomcat.TomcatWebServer - Tomcat started on port(s): 8087 (http) with context path ''
2024-11-10 19:06:42.064 [] INFO  - org.ligot.afriyan.OngafriyanApplication - Started OngafriyanApplication in 20.271 seconds (process running for 21.936)
2024-11-10 19:06:42.612 [] INFO  - org.apache.catalina.core.ContainerBase.[Tomcat].[localhost].[/] - Initializing Spring DispatcherServlet 'dispatcherServlet'
2024-11-10 19:06:42.613 [] INFO  - org.springframework.web.servlet.DispatcherServlet - Initializing Servlet 'dispatcherServlet'
2024-11-10 19:06:42.619 [] INFO  - org.springframework.web.servlet.DispatcherServlet - Completed initialization in 3 ms
2024-11-10 19:07:16.983 [] INFO  - org.springframework.orm.jpa.LocalContainerEntityManagerFactoryBean - Closing JPA EntityManagerFactory for persistence unit 'default'
2024-11-10 19:07:17.015 [] INFO  - com.zaxxer.hikari.HikariDataSource - HikariPool-1 - Shutdown initiated...
2024-11-10 19:07:17.051 [] INFO  - com.zaxxer.hikari.HikariDataSource - HikariPool-1 - Shutdown completed.
2024-11-10 19:07:27.016 [] INFO  - org.ligot.afriyan.OngafriyanApplication - Starting OngafriyanApplication using Java 17.0.1 with PID 13476 (C:\Users\GLC\Documents\Project\Java\Formation\bizz\ongafriyan\target\classes started by GLC in C:\Users\GLC\Documents\Project\Java\Formation\bizz\ongafriyan)
2024-11-10 19:07:27.022 [] INFO  - org.ligot.afriyan.OngafriyanApplication - The following 1 profile is active: "dev"
2024-11-10 19:07:27.210 [] INFO  - org.springframework.boot.devtools.env.DevToolsPropertyDefaultsPostProcessor - Devtools property defaults active! Set 'spring.devtools.add-properties' to 'false' to disable
2024-11-10 19:07:27.211 [] INFO  - org.springframework.boot.devtools.env.DevToolsPropertyDefaultsPostProcessor - For additional web related logging consider setting the 'logging.level.web' property to 'DEBUG'
2024-11-10 19:07:30.424 [] INFO  - org.springframework.data.repository.config.RepositoryConfigurationDelegate - Bootstrapping Spring Data JPA repositories in DEFAULT mode.
2024-11-10 19:07:31.222 [] INFO  - org.springframework.data.repository.config.RepositoryConfigurationDelegate - Finished Spring Data repository scanning in 785 ms. Found 40 JPA repository interfaces.
2024-11-10 19:07:32.609 [] INFO  - org.springframework.boot.web.embedded.tomcat.TomcatWebServer - Tomcat initialized with port(s): 8087 (http)
2024-11-10 19:07:32.626 [] INFO  - org.apache.catalina.core.StandardService - Starting service [Tomcat]
2024-11-10 19:07:32.626 [] INFO  - org.apache.catalina.core.StandardEngine - Starting Servlet engine: [Apache Tomcat/10.1.10]
2024-11-10 19:07:32.740 [] INFO  - org.apache.catalina.core.ContainerBase.[Tomcat].[localhost].[/] - Initializing Spring embedded WebApplicationContext
2024-11-10 19:07:32.741 [] INFO  - org.springframework.boot.web.servlet.context.ServletWebServerApplicationContext - Root WebApplicationContext: initialization completed in 5528 ms
2024-11-10 19:07:33.334 [] INFO  - org.hibernate.jpa.internal.util.LogHelper - HHH000204: Processing PersistenceUnitInfo [name: default]
2024-11-10 19:07:33.432 [] INFO  - org.hibernate.Version - HHH000412: Hibernate ORM core version 6.2.5.Final
2024-11-10 19:07:33.438 [] INFO  - org.hibernate.cfg.Environment - HHH000406: Using bytecode reflection optimizer
2024-11-10 19:07:33.729 [] INFO  - org.hibernate.bytecode.internal.BytecodeProviderInitiator - HHH000021: Bytecode provider name : bytebuddy
2024-11-10 19:07:33.973 [] INFO  - org.springframework.orm.jpa.persistenceunit.SpringPersistenceUnitInfo - No LoadTimeWeaver setup: ignoring JPA class transformer
2024-11-10 19:07:34.001 [] INFO  - com.zaxxer.hikari.HikariDataSource - HikariPool-1 - Starting...
2024-11-10 19:07:34.316 [] INFO  - com.zaxxer.hikari.pool.HikariPool - HikariPool-1 - Added connection org.postgresql.jdbc.PgConnection@225828e4
2024-11-10 19:07:34.318 [] INFO  - com.zaxxer.hikari.HikariDataSource - HikariPool-1 - Start completed.
2024-11-10 19:07:35.154 [] INFO  - org.hibernate.bytecode.internal.BytecodeProviderInitiator - HHH000021: Bytecode provider name : bytebuddy
2024-11-10 19:07:36.574 [] INFO  - org.hibernate.metamodel.internal.EntityInstantiatorPojoStandard - HHH000182: No default (no-argument) constructor for class: org.ligot.afriyan.entities.UserConnect (class must be instantiated by Interceptor)
2024-11-10 19:07:37.339 [] INFO  - org.hibernate.engine.transaction.jta.platform.internal.JtaPlatformInitiator - HHH000490: Using JtaPlatform implementation: [org.hibernate.engine.transaction.jta.platform.internal.NoJtaPlatform]
2024-11-10 19:07:38.349 [] INFO  - org.springframework.orm.jpa.LocalContainerEntityManagerFactoryBean - Initialized JPA EntityManagerFactory for persistence unit 'default'
2024-11-10 19:07:38.965 [] INFO  - org.springframework.data.jpa.repository.query.QueryEnhancerFactory - Hibernate is in classpath; If applicable, HQL parser will be used.
2024-11-10 19:07:43.172 [] INFO  - org.springframework.boot.actuate.endpoint.web.EndpointLinksResolver - Exposing 1 endpoint(s) beneath base path '/actuator'
2024-11-10 19:07:43.295 [] INFO  - org.springframework.security.web.DefaultSecurityFilterChain - Will secure any request with [org.springframework.security.web.session.DisableEncodeUrlFilter@23b59488, org.springframework.security.web.context.request.async.WebAsyncManagerIntegrationFilter@31abc37, org.springframework.security.web.context.SecurityContextHolderFilter@127f6df7, org.springframework.security.web.header.HeaderWriterFilter@3bfc2eea, org.springframework.security.web.authentication.logout.LogoutFilter@ef93267, org.ligot.afriyan.config.securities.JwtAuthenticationFilter@75c41e9c, org.springframework.security.web.savedrequest.RequestCacheAwareFilter@423a9b65, org.springframework.security.web.servletapi.SecurityContextHolderAwareRequestFilter@79e41c14, org.springframework.security.web.authentication.AnonymousAuthenticationFilter@249365a3, org.springframework.security.web.session.SessionManagementFilter@c9ffbc2, org.springframework.security.web.access.ExceptionTranslationFilter@3cf4ec92, org.springframework.security.web.access.intercept.AuthorizationFilter@394637a]
2024-11-10 19:07:44.265 [] INFO  - org.springframework.boot.devtools.autoconfigure.OptionalLiveReloadServer - LiveReload server is running on port 35729
2024-11-10 19:07:44.423 [] INFO  - org.springframework.boot.web.embedded.tomcat.TomcatWebServer - Tomcat started on port(s): 8087 (http) with context path ''
2024-11-10 19:07:44.453 [] INFO  - org.ligot.afriyan.OngafriyanApplication - Started OngafriyanApplication in 18.139 seconds (process running for 19.783)
2024-11-10 19:07:44.892 [] INFO  - org.apache.catalina.core.ContainerBase.[Tomcat].[localhost].[/] - Initializing Spring DispatcherServlet 'dispatcherServlet'
2024-11-10 19:07:44.893 [] INFO  - org.springframework.web.servlet.DispatcherServlet - Initializing Servlet 'dispatcherServlet'
2024-11-10 19:07:44.897 [] INFO  - org.springframework.web.servlet.DispatcherServlet - Completed initialization in 3 ms
2024-11-10 19:08:15.282 [] INFO  - org.springdoc.api.AbstractOpenApiResource - Init duration for springdoc-openapi is: 3740 ms
2024-11-10 19:09:19.673 [] INFO  - org.springframework.orm.jpa.LocalContainerEntityManagerFactoryBean - Closing JPA EntityManagerFactory for persistence unit 'default'
2024-11-10 19:09:19.679 [] INFO  - com.zaxxer.hikari.HikariDataSource - HikariPool-1 - Shutdown initiated...
2024-11-10 19:09:19.692 [] INFO  - com.zaxxer.hikari.HikariDataSource - HikariPool-1 - Shutdown completed.
2024-11-10 19:11:33.827 [] INFO  - org.ligot.afriyan.OngafriyanApplication - Starting OngafriyanApplication using Java 17.0.1 with PID 18628 (C:\Users\GLC\Documents\Project\Java\Formation\bizz\ongafriyan\target\classes started by GLC in C:\Users\GLC\Documents\Project\Java\Formation\bizz\ongafriyan)
2024-11-10 19:11:33.831 [] INFO  - org.ligot.afriyan.OngafriyanApplication - The following 1 profile is active: "dev"
2024-11-10 19:11:33.979 [] INFO  - org.springframework.boot.devtools.env.DevToolsPropertyDefaultsPostProcessor - Devtools property defaults active! Set 'spring.devtools.add-properties' to 'false' to disable
2024-11-10 19:11:33.980 [] INFO  - org.springframework.boot.devtools.env.DevToolsPropertyDefaultsPostProcessor - For additional web related logging consider setting the 'logging.level.web' property to 'DEBUG'
2024-11-10 19:11:36.439 [] INFO  - org.springframework.data.repository.config.RepositoryConfigurationDelegate - Bootstrapping Spring Data JPA repositories in DEFAULT mode.
2024-11-10 19:11:36.911 [] INFO  - org.springframework.data.repository.config.RepositoryConfigurationDelegate - Finished Spring Data repository scanning in 459 ms. Found 40 JPA repository interfaces.
2024-11-10 19:11:38.302 [] INFO  - org.springframework.boot.web.embedded.tomcat.TomcatWebServer - Tomcat initialized with port(s): 8087 (http)
2024-11-10 19:11:38.317 [] INFO  - org.apache.catalina.core.StandardService - Starting service [Tomcat]
2024-11-10 19:11:38.318 [] INFO  - org.apache.catalina.core.StandardEngine - Starting Servlet engine: [Apache Tomcat/10.1.10]
2024-11-10 19:11:38.460 [] INFO  - org.apache.catalina.core.ContainerBase.[Tomcat].[localhost].[/] - Initializing Spring embedded WebApplicationContext
2024-11-10 19:11:38.462 [] INFO  - org.springframework.boot.web.servlet.context.ServletWebServerApplicationContext - Root WebApplicationContext: initialization completed in 4481 ms
2024-11-10 19:11:38.921 [] INFO  - org.hibernate.jpa.internal.util.LogHelper - HHH000204: Processing PersistenceUnitInfo [name: default]
2024-11-10 19:11:39.039 [] INFO  - org.hibernate.Version - HHH000412: Hibernate ORM core version 6.2.5.Final
2024-11-10 19:11:39.043 [] INFO  - org.hibernate.cfg.Environment - HHH000406: Using bytecode reflection optimizer
2024-11-10 19:11:39.290 [] INFO  - org.hibernate.bytecode.internal.BytecodeProviderInitiator - HHH000021: Bytecode provider name : bytebuddy
2024-11-10 19:11:39.524 [] INFO  - org.springframework.orm.jpa.persistenceunit.SpringPersistenceUnitInfo - No LoadTimeWeaver setup: ignoring JPA class transformer
2024-11-10 19:11:39.551 [] INFO  - com.zaxxer.hikari.HikariDataSource - HikariPool-1 - Starting...
2024-11-10 19:11:39.863 [] INFO  - com.zaxxer.hikari.pool.HikariPool - HikariPool-1 - Added connection org.postgresql.jdbc.PgConnection@54683b91
2024-11-10 19:11:39.866 [] INFO  - com.zaxxer.hikari.HikariDataSource - HikariPool-1 - Start completed.
2024-11-10 19:11:40.714 [] INFO  - org.hibernate.bytecode.internal.BytecodeProviderInitiator - HHH000021: Bytecode provider name : bytebuddy
2024-11-10 19:11:42.118 [] INFO  - org.hibernate.metamodel.internal.EntityInstantiatorPojoStandard - HHH000182: No default (no-argument) constructor for class: org.ligot.afriyan.entities.UserConnect (class must be instantiated by Interceptor)
2024-11-10 19:11:42.853 [] INFO  - org.hibernate.engine.transaction.jta.platform.internal.JtaPlatformInitiator - HHH000490: Using JtaPlatform implementation: [org.hibernate.engine.transaction.jta.platform.internal.NoJtaPlatform]
2024-11-10 19:11:43.781 [] INFO  - org.springframework.orm.jpa.LocalContainerEntityManagerFactoryBean - Initialized JPA EntityManagerFactory for persistence unit 'default'
2024-11-10 19:11:44.365 [] INFO  - org.springframework.data.jpa.repository.query.QueryEnhancerFactory - Hibernate is in classpath; If applicable, HQL parser will be used.
2024-11-10 19:11:48.469 [] INFO  - org.springframework.boot.actuate.endpoint.web.EndpointLinksResolver - Exposing 1 endpoint(s) beneath base path '/actuator'
2024-11-10 19:11:48.588 [] INFO  - org.springframework.security.web.DefaultSecurityFilterChain - Will secure any request with [org.springframework.security.web.session.DisableEncodeUrlFilter@53ebb881, org.springframework.security.web.context.request.async.WebAsyncManagerIntegrationFilter@19562c75, org.springframework.security.web.context.SecurityContextHolderFilter@ea6f95c, org.springframework.security.web.header.HeaderWriterFilter@ab90d29, org.springframework.security.web.authentication.logout.LogoutFilter@7f0563b9, org.ligot.afriyan.config.securities.JwtAuthenticationFilter@71cf7a3a, org.springframework.security.web.savedrequest.RequestCacheAwareFilter@6ea89813, org.springframework.security.web.servletapi.SecurityContextHolderAwareRequestFilter@3d888d14, org.springframework.security.web.authentication.AnonymousAuthenticationFilter@5657f101, org.springframework.security.web.session.SessionManagementFilter@6394cf5, org.springframework.security.web.access.ExceptionTranslationFilter@2f233abb, org.springframework.security.web.access.intercept.AuthorizationFilter@d38f9f0]
2024-11-10 19:11:49.381 [] INFO  - org.springframework.boot.devtools.autoconfigure.OptionalLiveReloadServer - LiveReload server is running on port 35729
2024-11-10 19:11:49.528 [] INFO  - org.springframework.boot.web.embedded.tomcat.TomcatWebServer - Tomcat started on port(s): 8087 (http) with context path ''
2024-11-10 19:11:49.557 [] INFO  - org.ligot.afriyan.OngafriyanApplication - Started OngafriyanApplication in 16.411 seconds (process running for 18.052)
2024-11-10 19:11:50.224 [] INFO  - org.apache.catalina.core.ContainerBase.[Tomcat].[localhost].[/] - Initializing Spring DispatcherServlet 'dispatcherServlet'
2024-11-10 19:11:50.225 [] INFO  - org.springframework.web.servlet.DispatcherServlet - Initializing Servlet 'dispatcherServlet'
2024-11-10 19:11:50.229 [] INFO  - org.springframework.web.servlet.DispatcherServlet - Completed initialization in 4 ms
2024-11-10 19:14:10.175 [] INFO  - org.springframework.orm.jpa.LocalContainerEntityManagerFactoryBean - Closing JPA EntityManagerFactory for persistence unit 'default'
2024-11-10 19:14:10.182 [] INFO  - com.zaxxer.hikari.HikariDataSource - HikariPool-1 - Shutdown initiated...
2024-11-10 19:14:10.654 [] INFO  - com.zaxxer.hikari.HikariDataSource - HikariPool-1 - Shutdown completed.
2024-11-10 19:14:18.396 [] INFO  - org.ligot.afriyan.OngafriyanApplication - Starting OngafriyanApplication using Java 17.0.1 with PID 7972 (C:\Users\GLC\Documents\Project\Java\Formation\bizz\ongafriyan\target\classes started by GLC in C:\Users\GLC\Documents\Project\Java\Formation\bizz\ongafriyan)
2024-11-10 19:14:18.400 [] INFO  - org.ligot.afriyan.OngafriyanApplication - The following 1 profile is active: "dev"
2024-11-10 19:14:18.520 [] INFO  - org.springframework.boot.devtools.env.DevToolsPropertyDefaultsPostProcessor - Devtools property defaults active! Set 'spring.devtools.add-properties' to 'false' to disable
2024-11-10 19:14:18.520 [] INFO  - org.springframework.boot.devtools.env.DevToolsPropertyDefaultsPostProcessor - For additional web related logging consider setting the 'logging.level.web' property to 'DEBUG'
2024-11-10 19:14:21.077 [] INFO  - org.springframework.data.repository.config.RepositoryConfigurationDelegate - Bootstrapping Spring Data JPA repositories in DEFAULT mode.
2024-11-10 19:14:21.553 [] INFO  - org.springframework.data.repository.config.RepositoryConfigurationDelegate - Finished Spring Data repository scanning in 463 ms. Found 40 JPA repository interfaces.
2024-11-10 19:14:22.807 [] INFO  - org.springframework.boot.web.embedded.tomcat.TomcatWebServer - Tomcat initialized with port(s): 8087 (http)
2024-11-10 19:14:22.822 [] INFO  - org.apache.catalina.core.StandardService - Starting service [Tomcat]
2024-11-10 19:14:22.823 [] INFO  - org.apache.catalina.core.StandardEngine - Starting Servlet engine: [Apache Tomcat/10.1.10]
2024-11-10 19:14:22.945 [] INFO  - org.apache.catalina.core.ContainerBase.[Tomcat].[localhost].[/] - Initializing Spring embedded WebApplicationContext
2024-11-10 19:14:22.946 [] INFO  - org.springframework.boot.web.servlet.context.ServletWebServerApplicationContext - Root WebApplicationContext: initialization completed in 4425 ms
2024-11-10 19:14:23.398 [] INFO  - org.hibernate.jpa.internal.util.LogHelper - HHH000204: Processing PersistenceUnitInfo [name: default]
2024-11-10 19:14:23.493 [] INFO  - org.hibernate.Version - HHH000412: Hibernate ORM core version 6.2.5.Final
2024-11-10 19:14:23.497 [] INFO  - org.hibernate.cfg.Environment - HHH000406: Using bytecode reflection optimizer
2024-11-10 19:14:23.746 [] INFO  - org.hibernate.bytecode.internal.BytecodeProviderInitiator - HHH000021: Bytecode provider name : bytebuddy
2024-11-10 19:14:23.972 [] INFO  - org.springframework.orm.jpa.persistenceunit.SpringPersistenceUnitInfo - No LoadTimeWeaver setup: ignoring JPA class transformer
2024-11-10 19:14:24.001 [] INFO  - com.zaxxer.hikari.HikariDataSource - HikariPool-1 - Starting...
2024-11-10 19:14:24.293 [] INFO  - com.zaxxer.hikari.pool.HikariPool - HikariPool-1 - Added connection org.postgresql.jdbc.PgConnection@3de3fe1b
2024-11-10 19:14:24.296 [] INFO  - com.zaxxer.hikari.HikariDataSource - HikariPool-1 - Start completed.
2024-11-10 19:14:25.163 [] INFO  - org.hibernate.bytecode.internal.BytecodeProviderInitiator - HHH000021: Bytecode provider name : bytebuddy
2024-11-10 19:14:26.735 [] INFO  - org.hibernate.metamodel.internal.EntityInstantiatorPojoStandard - HHH000182: No default (no-argument) constructor for class: org.ligot.afriyan.entities.UserConnect (class must be instantiated by Interceptor)
2024-11-10 19:14:27.480 [] INFO  - org.hibernate.engine.transaction.jta.platform.internal.JtaPlatformInitiator - HHH000490: Using JtaPlatform implementation: [org.hibernate.engine.transaction.jta.platform.internal.NoJtaPlatform]
2024-11-10 19:14:28.414 [] INFO  - org.springframework.orm.jpa.LocalContainerEntityManagerFactoryBean - Initialized JPA EntityManagerFactory for persistence unit 'default'
2024-11-10 19:14:28.941 [] INFO  - org.springframework.data.jpa.repository.query.QueryEnhancerFactory - Hibernate is in classpath; If applicable, HQL parser will be used.
2024-11-10 19:14:33.062 [] INFO  - org.springframework.boot.actuate.endpoint.web.EndpointLinksResolver - Exposing 1 endpoint(s) beneath base path '/actuator'
2024-11-10 19:14:33.179 [] INFO  - org.springframework.security.web.DefaultSecurityFilterChain - Will secure any request with [org.springframework.security.web.session.DisableEncodeUrlFilter@7b36a13b, org.springframework.security.web.context.request.async.WebAsyncManagerIntegrationFilter@12def697, org.springframework.security.web.context.SecurityContextHolderFilter@2d687173, org.springframework.security.web.header.HeaderWriterFilter@5286751, org.springframework.security.web.authentication.logout.LogoutFilter@69255ef9, org.ligot.afriyan.config.securities.JwtAuthenticationFilter@7aeb824, org.springframework.security.web.savedrequest.RequestCacheAwareFilter@7a912a2a, org.springframework.security.web.servletapi.SecurityContextHolderAwareRequestFilter@6b74ba4, org.springframework.security.web.authentication.AnonymousAuthenticationFilter@38f9c28b, org.springframework.security.web.session.SessionManagementFilter@6aead103, org.springframework.security.web.access.ExceptionTranslationFilter@1d9a5e92, org.springframework.security.web.access.intercept.AuthorizationFilter@2709d103]
2024-11-10 19:14:33.907 [] INFO  - org.springframework.boot.devtools.autoconfigure.OptionalLiveReloadServer - LiveReload server is running on port 35729
2024-11-10 19:14:34.063 [] INFO  - org.springframework.boot.web.embedded.tomcat.TomcatWebServer - Tomcat started on port(s): 8087 (http) with context path ''
2024-11-10 19:14:34.092 [] INFO  - org.ligot.afriyan.OngafriyanApplication - Started OngafriyanApplication in 16.35 seconds (process running for 18.201)
2024-11-10 19:14:34.664 [] INFO  - org.apache.catalina.core.ContainerBase.[Tomcat].[localhost].[/] - Initializing Spring DispatcherServlet 'dispatcherServlet'
2024-11-10 19:14:34.665 [] INFO  - org.springframework.web.servlet.DispatcherServlet - Initializing Servlet 'dispatcherServlet'
2024-11-10 19:14:34.669 [] INFO  - org.springframework.web.servlet.DispatcherServlet - Completed initialization in 2 ms
2024-11-10 19:20:47.770 [] INFO  - org.springframework.orm.jpa.LocalContainerEntityManagerFactoryBean - Closing JPA EntityManagerFactory for persistence unit 'default'
2024-11-10 19:20:47.776 [] INFO  - com.zaxxer.hikari.HikariDataSource - HikariPool-1 - Shutdown initiated...
2024-11-10 19:20:47.785 [] INFO  - com.zaxxer.hikari.HikariDataSource - HikariPool-1 - Shutdown completed.
2024-11-10 19:20:56.281 [] INFO  - org.ligot.afriyan.OngafriyanApplication - Starting OngafriyanApplication using Java 17.0.1 with PID 18924 (C:\Users\GLC\Documents\Project\Java\Formation\bizz\ongafriyan\target\classes started by GLC in C:\Users\GLC\Documents\Project\Java\Formation\bizz\ongafriyan)
2024-11-10 19:20:56.285 [] INFO  - org.ligot.afriyan.OngafriyanApplication - The following 1 profile is active: "dev"
2024-11-10 19:20:56.423 [] INFO  - org.springframework.boot.devtools.env.DevToolsPropertyDefaultsPostProcessor - Devtools property defaults active! Set 'spring.devtools.add-properties' to 'false' to disable
2024-11-10 19:20:56.424 [] INFO  - org.springframework.boot.devtools.env.DevToolsPropertyDefaultsPostProcessor - For additional web related logging consider setting the 'logging.level.web' property to 'DEBUG'
2024-11-10 19:20:58.884 [] INFO  - org.springframework.data.repository.config.RepositoryConfigurationDelegate - Bootstrapping Spring Data JPA repositories in DEFAULT mode.
2024-11-10 19:20:59.437 [] INFO  - org.springframework.data.repository.config.RepositoryConfigurationDelegate - Finished Spring Data repository scanning in 540 ms. Found 40 JPA repository interfaces.
2024-11-10 19:21:00.664 [] INFO  - org.springframework.boot.web.embedded.tomcat.TomcatWebServer - Tomcat initialized with port(s): 8087 (http)
2024-11-10 19:21:00.679 [] INFO  - org.apache.catalina.core.StandardService - Starting service [Tomcat]
2024-11-10 19:21:00.679 [] INFO  - org.apache.catalina.core.StandardEngine - Starting Servlet engine: [Apache Tomcat/10.1.10]
2024-11-10 19:21:00.803 [] INFO  - org.apache.catalina.core.ContainerBase.[Tomcat].[localhost].[/] - Initializing Spring embedded WebApplicationContext
2024-11-10 19:21:00.805 [] INFO  - org.springframework.boot.web.servlet.context.ServletWebServerApplicationContext - Root WebApplicationContext: initialization completed in 4376 ms
2024-11-10 19:21:01.251 [] INFO  - org.hibernate.jpa.internal.util.LogHelper - HHH000204: Processing PersistenceUnitInfo [name: default]
2024-11-10 19:21:01.346 [] INFO  - org.hibernate.Version - HHH000412: Hibernate ORM core version 6.2.5.Final
2024-11-10 19:21:01.351 [] INFO  - org.hibernate.cfg.Environment - HHH000406: Using bytecode reflection optimizer
2024-11-10 19:21:01.600 [] INFO  - org.hibernate.bytecode.internal.BytecodeProviderInitiator - HHH000021: Bytecode provider name : bytebuddy
2024-11-10 19:21:01.837 [] INFO  - org.springframework.orm.jpa.persistenceunit.SpringPersistenceUnitInfo - No LoadTimeWeaver setup: ignoring JPA class transformer
2024-11-10 19:21:01.865 [] INFO  - com.zaxxer.hikari.HikariDataSource - HikariPool-1 - Starting...
2024-11-10 19:21:02.161 [] INFO  - com.zaxxer.hikari.pool.HikariPool - HikariPool-1 - Added connection org.postgresql.jdbc.PgConnection@36270324
2024-11-10 19:21:02.163 [] INFO  - com.zaxxer.hikari.HikariDataSource - HikariPool-1 - Start completed.
2024-11-10 19:21:02.996 [] INFO  - org.hibernate.bytecode.internal.BytecodeProviderInitiator - HHH000021: Bytecode provider name : bytebuddy
2024-11-10 19:21:04.460 [] INFO  - org.hibernate.metamodel.internal.EntityInstantiatorPojoStandard - HHH000182: No default (no-argument) constructor for class: org.ligot.afriyan.entities.UserConnect (class must be instantiated by Interceptor)
2024-11-10 19:21:05.282 [] INFO  - org.hibernate.engine.transaction.jta.platform.internal.JtaPlatformInitiator - HHH000490: Using JtaPlatform implementation: [org.hibernate.engine.transaction.jta.platform.internal.NoJtaPlatform]
2024-11-10 19:21:06.199 [] INFO  - org.springframework.orm.jpa.LocalContainerEntityManagerFactoryBean - Initialized JPA EntityManagerFactory for persistence unit 'default'
2024-11-10 19:21:06.725 [] INFO  - org.springframework.data.jpa.repository.query.QueryEnhancerFactory - Hibernate is in classpath; If applicable, HQL parser will be used.
2024-11-10 19:21:10.810 [] INFO  - org.springframework.boot.actuate.endpoint.web.EndpointLinksResolver - Exposing 1 endpoint(s) beneath base path '/actuator'
2024-11-10 19:21:10.928 [] INFO  - org.springframework.security.web.DefaultSecurityFilterChain - Will secure any request with [org.springframework.security.web.session.DisableEncodeUrlFilter@701814ca, org.springframework.security.web.context.request.async.WebAsyncManagerIntegrationFilter@51d77ff, org.springframework.security.web.context.SecurityContextHolderFilter@4ec3d0f, org.springframework.security.web.header.HeaderWriterFilter@1417c575, org.springframework.security.web.authentication.logout.LogoutFilter@3f4d393d, org.ligot.afriyan.config.securities.JwtAuthenticationFilter@1e7e1a06, org.springframework.security.web.savedrequest.RequestCacheAwareFilter@32134095, org.springframework.security.web.servletapi.SecurityContextHolderAwareRequestFilter@39090a93, org.springframework.security.web.authentication.AnonymousAuthenticationFilter@29365ed0, org.springframework.security.web.session.SessionManagementFilter@5b4fb15, org.springframework.security.web.access.ExceptionTranslationFilter@5aba4e7e, org.springframework.security.web.access.intercept.AuthorizationFilter@1bddc5ab]
2024-11-10 19:21:11.675 [] INFO  - org.springframework.boot.devtools.autoconfigure.OptionalLiveReloadServer - LiveReload server is running on port 35729
2024-11-10 19:21:11.818 [] INFO  - org.springframework.boot.web.embedded.tomcat.TomcatWebServer - Tomcat started on port(s): 8087 (http) with context path ''
2024-11-10 19:21:11.850 [] INFO  - org.ligot.afriyan.OngafriyanApplication - Started OngafriyanApplication in 16.172 seconds (process running for 17.879)
2024-11-10 19:21:12.588 [] INFO  - org.apache.catalina.core.ContainerBase.[Tomcat].[localhost].[/] - Initializing Spring DispatcherServlet 'dispatcherServlet'
2024-11-10 19:21:12.589 [] INFO  - org.springframework.web.servlet.DispatcherServlet - Initializing Servlet 'dispatcherServlet'
2024-11-10 19:21:12.594 [] INFO  - org.springframework.web.servlet.DispatcherServlet - Completed initialization in 4 ms
2024-11-10 19:22:19.320 [] INFO  - org.springframework.orm.jpa.LocalContainerEntityManagerFactoryBean - Closing JPA EntityManagerFactory for persistence unit 'default'
2024-11-10 19:22:19.326 [] INFO  - com.zaxxer.hikari.HikariDataSource - HikariPool-1 - Shutdown initiated...
2024-11-10 19:22:19.333 [] INFO  - com.zaxxer.hikari.HikariDataSource - HikariPool-1 - Shutdown completed.
2024-11-10 19:22:27.797 [] INFO  - org.ligot.afriyan.OngafriyanApplication - Starting OngafriyanApplication using Java 17.0.1 with PID 1368 (C:\Users\GLC\Documents\Project\Java\Formation\bizz\ongafriyan\target\classes started by GLC in C:\Users\GLC\Documents\Project\Java\Formation\bizz\ongafriyan)
2024-11-10 19:22:27.801 [] INFO  - org.ligot.afriyan.OngafriyanApplication - The following 1 profile is active: "dev"
2024-11-10 19:22:28.003 [] INFO  - org.springframework.boot.devtools.env.DevToolsPropertyDefaultsPostProcessor - Devtools property defaults active! Set 'spring.devtools.add-properties' to 'false' to disable
2024-11-10 19:22:28.003 [] INFO  - org.springframework.boot.devtools.env.DevToolsPropertyDefaultsPostProcessor - For additional web related logging consider setting the 'logging.level.web' property to 'DEBUG'
2024-11-10 19:22:30.511 [] INFO  - org.springframework.data.repository.config.RepositoryConfigurationDelegate - Bootstrapping Spring Data JPA repositories in DEFAULT mode.
2024-11-10 19:22:31.004 [] INFO  - org.springframework.data.repository.config.RepositoryConfigurationDelegate - Finished Spring Data repository scanning in 480 ms. Found 40 JPA repository interfaces.
2024-11-10 19:22:32.242 [] INFO  - org.springframework.boot.web.embedded.tomcat.TomcatWebServer - Tomcat initialized with port(s): 8087 (http)
2024-11-10 19:22:32.258 [] INFO  - org.apache.catalina.core.StandardService - Starting service [Tomcat]
2024-11-10 19:22:32.258 [] INFO  - org.apache.catalina.core.StandardEngine - Starting Servlet engine: [Apache Tomcat/10.1.10]
2024-11-10 19:22:32.383 [] INFO  - org.apache.catalina.core.ContainerBase.[Tomcat].[localhost].[/] - Initializing Spring embedded WebApplicationContext
2024-11-10 19:22:32.384 [] INFO  - org.springframework.boot.web.servlet.context.ServletWebServerApplicationContext - Root WebApplicationContext: initialization completed in 4380 ms
2024-11-10 19:22:32.839 [] INFO  - org.hibernate.jpa.internal.util.LogHelper - HHH000204: Processing PersistenceUnitInfo [name: default]
2024-11-10 19:22:32.934 [] INFO  - org.hibernate.Version - HHH000412: Hibernate ORM core version 6.2.5.Final
2024-11-10 19:22:32.938 [] INFO  - org.hibernate.cfg.Environment - HHH000406: Using bytecode reflection optimizer
2024-11-10 19:22:33.247 [] INFO  - org.hibernate.bytecode.internal.BytecodeProviderInitiator - HHH000021: Bytecode provider name : bytebuddy
2024-11-10 19:22:33.480 [] INFO  - org.springframework.orm.jpa.persistenceunit.SpringPersistenceUnitInfo - No LoadTimeWeaver setup: ignoring JPA class transformer
2024-11-10 19:22:33.511 [] INFO  - com.zaxxer.hikari.HikariDataSource - HikariPool-1 - Starting...
2024-11-10 19:22:33.871 [] INFO  - com.zaxxer.hikari.pool.HikariPool - HikariPool-1 - Added connection org.postgresql.jdbc.PgConnection@3608bcbc
2024-11-10 19:22:33.874 [] INFO  - com.zaxxer.hikari.HikariDataSource - HikariPool-1 - Start completed.
2024-11-10 19:22:34.749 [] INFO  - org.hibernate.bytecode.internal.BytecodeProviderInitiator - HHH000021: Bytecode provider name : bytebuddy
2024-11-10 19:22:36.119 [] INFO  - org.hibernate.metamodel.internal.EntityInstantiatorPojoStandard - HHH000182: No default (no-argument) constructor for class: org.ligot.afriyan.entities.UserConnect (class must be instantiated by Interceptor)
2024-11-10 19:22:36.902 [] INFO  - org.hibernate.engine.transaction.jta.platform.internal.JtaPlatformInitiator - HHH000490: Using JtaPlatform implementation: [org.hibernate.engine.transaction.jta.platform.internal.NoJtaPlatform]
2024-11-10 19:22:37.876 [] INFO  - org.springframework.orm.jpa.LocalContainerEntityManagerFactoryBean - Initialized JPA EntityManagerFactory for persistence unit 'default'
2024-11-10 19:22:38.439 [] INFO  - org.springframework.data.jpa.repository.query.QueryEnhancerFactory - Hibernate is in classpath; If applicable, HQL parser will be used.
2024-11-10 19:22:42.500 [] INFO  - org.springframework.boot.actuate.endpoint.web.EndpointLinksResolver - Exposing 1 endpoint(s) beneath base path '/actuator'
2024-11-10 19:22:42.620 [] INFO  - org.springframework.security.web.DefaultSecurityFilterChain - Will secure any request with [org.springframework.security.web.session.DisableEncodeUrlFilter@1eacaddb, org.springframework.security.web.context.request.async.WebAsyncManagerIntegrationFilter@4f9844cd, org.springframework.security.web.context.SecurityContextHolderFilter@6e70af02, org.springframework.security.web.header.HeaderWriterFilter@22ee33a9, org.springframework.security.web.authentication.logout.LogoutFilter@284cf05e, org.ligot.afriyan.config.securities.JwtAuthenticationFilter@11e1e827, org.springframework.security.web.savedrequest.RequestCacheAwareFilter@22712607, org.springframework.security.web.servletapi.SecurityContextHolderAwareRequestFilter@7ecd2b64, org.springframework.security.web.authentication.AnonymousAuthenticationFilter@33539476, org.springframework.security.web.session.SessionManagementFilter@61ba7a5b, org.springframework.security.web.access.ExceptionTranslationFilter@6394cf5, org.springframework.security.web.access.intercept.AuthorizationFilter@a9b6fcc]
2024-11-10 19:22:43.369 [] INFO  - org.springframework.boot.devtools.autoconfigure.OptionalLiveReloadServer - LiveReload server is running on port 35729
2024-11-10 19:22:43.536 [] INFO  - org.springframework.boot.web.embedded.tomcat.TomcatWebServer - Tomcat started on port(s): 8087 (http) with context path ''
2024-11-10 19:22:43.576 [] INFO  - org.ligot.afriyan.OngafriyanApplication - Started OngafriyanApplication in 16.427 seconds (process running for 18.072)
2024-11-10 19:22:44.127 [] INFO  - org.apache.catalina.core.ContainerBase.[Tomcat].[localhost].[/] - Initializing Spring DispatcherServlet 'dispatcherServlet'
2024-11-10 19:22:44.129 [] INFO  - org.springframework.web.servlet.DispatcherServlet - Initializing Servlet 'dispatcherServlet'
2024-11-10 19:22:44.132 [] INFO  - org.springframework.web.servlet.DispatcherServlet - Completed initialization in 3 ms
2024-11-10 19:22:49.638 [] INFO  - org.springframework.orm.jpa.LocalContainerEntityManagerFactoryBean - Closing JPA EntityManagerFactory for persistence unit 'default'
2024-11-10 19:22:49.643 [] INFO  - com.zaxxer.hikari.HikariDataSource - HikariPool-1 - Shutdown initiated...
2024-11-10 19:22:49.651 [] INFO  - com.zaxxer.hikari.HikariDataSource - HikariPool-1 - Shutdown completed.
2024-11-10 19:22:54.904 [] INFO  - org.ligot.afriyan.OngafriyanApplication - Starting OngafriyanApplication using Java 17.0.1 with PID 17352 (C:\Users\GLC\Documents\Project\Java\Formation\bizz\ongafriyan\target\classes started by GLC in C:\Users\GLC\Documents\Project\Java\Formation\bizz\ongafriyan)
2024-11-10 19:22:54.908 [] INFO  - org.ligot.afriyan.OngafriyanApplication - The following 1 profile is active: "dev"
2024-11-10 19:22:55.041 [] INFO  - org.springframework.boot.devtools.env.DevToolsPropertyDefaultsPostProcessor - Devtools property defaults active! Set 'spring.devtools.add-properties' to 'false' to disable
2024-11-10 19:22:55.042 [] INFO  - org.springframework.boot.devtools.env.DevToolsPropertyDefaultsPostProcessor - For additional web related logging consider setting the 'logging.level.web' property to 'DEBUG'
2024-11-10 19:22:57.538 [] INFO  - org.springframework.data.repository.config.RepositoryConfigurationDelegate - Bootstrapping Spring Data JPA repositories in DEFAULT mode.
2024-11-10 19:22:57.997 [] INFO  - org.springframework.data.repository.config.RepositoryConfigurationDelegate - Finished Spring Data repository scanning in 445 ms. Found 40 JPA repository interfaces.
2024-11-10 19:22:59.294 [] INFO  - org.springframework.boot.web.embedded.tomcat.TomcatWebServer - Tomcat initialized with port(s): 8087 (http)
2024-11-10 19:22:59.313 [] INFO  - org.apache.catalina.core.StandardService - Starting service [Tomcat]
2024-11-10 19:22:59.314 [] INFO  - org.apache.catalina.core.StandardEngine - Starting Servlet engine: [Apache Tomcat/10.1.10]
2024-11-10 19:22:59.434 [] INFO  - org.apache.catalina.core.ContainerBase.[Tomcat].[localhost].[/] - Initializing Spring embedded WebApplicationContext
2024-11-10 19:22:59.434 [] INFO  - org.springframework.boot.web.servlet.context.ServletWebServerApplicationContext - Root WebApplicationContext: initialization completed in 4391 ms
2024-11-10 19:22:59.915 [] INFO  - org.hibernate.jpa.internal.util.LogHelper - HHH000204: Processing PersistenceUnitInfo [name: default]
2024-11-10 19:23:00.013 [] INFO  - org.hibernate.Version - HHH000412: Hibernate ORM core version 6.2.5.Final
2024-11-10 19:23:00.018 [] INFO  - org.hibernate.cfg.Environment - HHH000406: Using bytecode reflection optimizer
2024-11-10 19:23:00.274 [] INFO  - org.hibernate.bytecode.internal.BytecodeProviderInitiator - HHH000021: Bytecode provider name : bytebuddy
2024-11-10 19:23:00.508 [] INFO  - org.springframework.orm.jpa.persistenceunit.SpringPersistenceUnitInfo - No LoadTimeWeaver setup: ignoring JPA class transformer
2024-11-10 19:23:00.537 [] INFO  - com.zaxxer.hikari.HikariDataSource - HikariPool-1 - Starting...
2024-11-10 19:23:00.852 [] INFO  - com.zaxxer.hikari.pool.HikariPool - HikariPool-1 - Added connection org.postgresql.jdbc.PgConnection@53dcd1b4
2024-11-10 19:23:00.855 [] INFO  - com.zaxxer.hikari.HikariDataSource - HikariPool-1 - Start completed.
2024-11-10 19:23:01.692 [] INFO  - org.hibernate.bytecode.internal.BytecodeProviderInitiator - HHH000021: Bytecode provider name : bytebuddy
2024-11-10 19:23:03.146 [] INFO  - org.hibernate.metamodel.internal.EntityInstantiatorPojoStandard - HHH000182: No default (no-argument) constructor for class: org.ligot.afriyan.entities.UserConnect (class must be instantiated by Interceptor)
2024-11-10 19:23:03.900 [] INFO  - org.hibernate.engine.transaction.jta.platform.internal.JtaPlatformInitiator - HHH000490: Using JtaPlatform implementation: [org.hibernate.engine.transaction.jta.platform.internal.NoJtaPlatform]
2024-11-10 19:23:04.842 [] INFO  - org.springframework.orm.jpa.LocalContainerEntityManagerFactoryBean - Initialized JPA EntityManagerFactory for persistence unit 'default'
2024-11-10 19:23:05.372 [] INFO  - org.springframework.data.jpa.repository.query.QueryEnhancerFactory - Hibernate is in classpath; If applicable, HQL parser will be used.
2024-11-10 19:23:09.472 [] INFO  - org.springframework.boot.actuate.endpoint.web.EndpointLinksResolver - Exposing 1 endpoint(s) beneath base path '/actuator'
2024-11-10 19:23:09.637 [] INFO  - org.springframework.security.web.DefaultSecurityFilterChain - Will secure any request with [org.springframework.security.web.session.DisableEncodeUrlFilter@671e2aff, org.springframework.security.web.context.request.async.WebAsyncManagerIntegrationFilter@7fa14910, org.springframework.security.web.context.SecurityContextHolderFilter@9a44997, org.springframework.security.web.header.HeaderWriterFilter@413f538c, org.springframework.security.web.authentication.logout.LogoutFilter@44675857, org.ligot.afriyan.config.securities.JwtAuthenticationFilter@637da40f, org.springframework.security.web.savedrequest.RequestCacheAwareFilter@4275807b, org.springframework.security.web.servletapi.SecurityContextHolderAwareRequestFilter@2f233abb, org.springframework.security.web.authentication.AnonymousAuthenticationFilter@fd3d46c, org.springframework.security.web.session.SessionManagementFilter@3d57b873, org.springframework.security.web.access.ExceptionTranslationFilter@44899e12, org.springframework.security.web.access.intercept.AuthorizationFilter@136178d4]
2024-11-10 19:23:10.402 [] INFO  - org.springframework.boot.devtools.autoconfigure.OptionalLiveReloadServer - LiveReload server is running on port 35729
2024-11-10 19:23:10.543 [] INFO  - org.springframework.boot.web.embedded.tomcat.TomcatWebServer - Tomcat started on port(s): 8087 (http) with context path ''
2024-11-10 19:23:10.574 [] INFO  - org.ligot.afriyan.OngafriyanApplication - Started OngafriyanApplication in 16.321 seconds (process running for 18.01)
2024-11-10 19:23:11.213 [] INFO  - org.apache.catalina.core.ContainerBase.[Tomcat].[localhost].[/] - Initializing Spring DispatcherServlet 'dispatcherServlet'
2024-11-10 19:23:11.214 [] INFO  - org.springframework.web.servlet.DispatcherServlet - Initializing Servlet 'dispatcherServlet'
2024-11-10 19:23:11.221 [] INFO  - org.springframework.web.servlet.DispatcherServlet - Completed initialization in 6 ms
2024-11-10 19:24:45.800 [] INFO  - org.springframework.orm.jpa.LocalContainerEntityManagerFactoryBean - Closing JPA EntityManagerFactory for persistence unit 'default'
2024-11-10 19:24:45.806 [] INFO  - com.zaxxer.hikari.HikariDataSource - HikariPool-1 - Shutdown initiated...
2024-11-10 19:24:45.831 [] INFO  - com.zaxxer.hikari.HikariDataSource - HikariPool-1 - Shutdown completed.
2024-11-10 19:24:54.422 [] INFO  - org.ligot.afriyan.OngafriyanApplication - Starting OngafriyanApplication using Java 17.0.1 with PID 12192 (C:\Users\GLC\Documents\Project\Java\Formation\bizz\ongafriyan\target\classes started by GLC in C:\Users\GLC\Documents\Project\Java\Formation\bizz\ongafriyan)
2024-11-10 19:24:54.426 [] INFO  - org.ligot.afriyan.OngafriyanApplication - The following 1 profile is active: "dev"
2024-11-10 19:24:54.564 [] INFO  - org.springframework.boot.devtools.env.DevToolsPropertyDefaultsPostProcessor - Devtools property defaults active! Set 'spring.devtools.add-properties' to 'false' to disable
2024-11-10 19:24:54.565 [] INFO  - org.springframework.boot.devtools.env.DevToolsPropertyDefaultsPostProcessor - For additional web related logging consider setting the 'logging.level.web' property to 'DEBUG'
2024-11-10 19:24:57.143 [] INFO  - org.springframework.data.repository.config.RepositoryConfigurationDelegate - Bootstrapping Spring Data JPA repositories in DEFAULT mode.
2024-11-10 19:24:57.605 [] INFO  - org.springframework.data.repository.config.RepositoryConfigurationDelegate - Finished Spring Data repository scanning in 448 ms. Found 40 JPA repository interfaces.
2024-11-10 19:24:58.844 [] INFO  - org.springframework.boot.web.embedded.tomcat.TomcatWebServer - Tomcat initialized with port(s): 8087 (http)
2024-11-10 19:24:58.858 [] INFO  - org.apache.catalina.core.StandardService - Starting service [Tomcat]
2024-11-10 19:24:58.859 [] INFO  - org.apache.catalina.core.StandardEngine - Starting Servlet engine: [Apache Tomcat/10.1.10]
2024-11-10 19:24:59.040 [] INFO  - org.apache.catalina.core.ContainerBase.[Tomcat].[localhost].[/] - Initializing Spring embedded WebApplicationContext
2024-11-10 19:24:59.041 [] INFO  - org.springframework.boot.web.servlet.context.ServletWebServerApplicationContext - Root WebApplicationContext: initialization completed in 4474 ms
2024-11-10 19:24:59.522 [] INFO  - org.hibernate.jpa.internal.util.LogHelper - HHH000204: Processing PersistenceUnitInfo [name: default]
2024-11-10 19:24:59.620 [] INFO  - org.hibernate.Version - HHH000412: Hibernate ORM core version 6.2.5.Final
2024-11-10 19:24:59.624 [] INFO  - org.hibernate.cfg.Environment - HHH000406: Using bytecode reflection optimizer
2024-11-10 19:24:59.889 [] INFO  - org.hibernate.bytecode.internal.BytecodeProviderInitiator - HHH000021: Bytecode provider name : bytebuddy
2024-11-10 19:25:00.143 [] INFO  - org.springframework.orm.jpa.persistenceunit.SpringPersistenceUnitInfo - No LoadTimeWeaver setup: ignoring JPA class transformer
2024-11-10 19:25:00.174 [] INFO  - com.zaxxer.hikari.HikariDataSource - HikariPool-1 - Starting...
2024-11-10 19:25:00.468 [] INFO  - com.zaxxer.hikari.pool.HikariPool - HikariPool-1 - Added connection org.postgresql.jdbc.PgConnection@9035dbd
2024-11-10 19:25:00.471 [] INFO  - com.zaxxer.hikari.HikariDataSource - HikariPool-1 - Start completed.
2024-11-10 19:25:01.323 [] INFO  - org.hibernate.bytecode.internal.BytecodeProviderInitiator - HHH000021: Bytecode provider name : bytebuddy
2024-11-10 19:25:02.755 [] INFO  - org.hibernate.metamodel.internal.EntityInstantiatorPojoStandard - HHH000182: No default (no-argument) constructor for class: org.ligot.afriyan.entities.UserConnect (class must be instantiated by Interceptor)
2024-11-10 19:25:03.486 [] INFO  - org.hibernate.engine.transaction.jta.platform.internal.JtaPlatformInitiator - HHH000490: Using JtaPlatform implementation: [org.hibernate.engine.transaction.jta.platform.internal.NoJtaPlatform]
2024-11-10 19:25:04.417 [] INFO  - org.springframework.orm.jpa.LocalContainerEntityManagerFactoryBean - Initialized JPA EntityManagerFactory for persistence unit 'default'
2024-11-10 19:25:04.950 [] INFO  - org.springframework.data.jpa.repository.query.QueryEnhancerFactory - Hibernate is in classpath; If applicable, HQL parser will be used.
2024-11-10 19:25:09.081 [] INFO  - org.springframework.boot.actuate.endpoint.web.EndpointLinksResolver - Exposing 1 endpoint(s) beneath base path '/actuator'
2024-11-10 19:25:09.213 [] INFO  - org.springframework.security.web.DefaultSecurityFilterChain - Will secure any request with [org.springframework.security.web.session.DisableEncodeUrlFilter@cf4542e, org.springframework.security.web.context.request.async.WebAsyncManagerIntegrationFilter@3f4d393d, org.springframework.security.web.context.SecurityContextHolderFilter@5aba4e7e, org.springframework.security.web.header.HeaderWriterFilter@7cdd0054, org.springframework.security.web.authentication.logout.LogoutFilter@b6587d, org.ligot.afriyan.config.securities.JwtAuthenticationFilter@3f6fb58f, org.springframework.security.web.savedrequest.RequestCacheAwareFilter@1417c575, org.springframework.security.web.servletapi.SecurityContextHolderAwareRequestFilter@7a33bb5b, org.springframework.security.web.authentication.AnonymousAuthenticationFilter@714534bd, org.springframework.security.web.session.SessionManagementFilter@2af010dd, org.springframework.security.web.access.ExceptionTranslationFilter@4b96860c, org.springframework.security.web.access.intercept.AuthorizationFilter@7e79be6b]
2024-11-10 19:25:10.019 [] INFO  - org.springframework.boot.devtools.autoconfigure.OptionalLiveReloadServer - LiveReload server is running on port 35729
2024-11-10 19:25:10.176 [] INFO  - org.springframework.boot.web.embedded.tomcat.TomcatWebServer - Tomcat started on port(s): 8087 (http) with context path ''
2024-11-10 19:25:10.210 [] INFO  - org.ligot.afriyan.OngafriyanApplication - Started OngafriyanApplication in 16.437 seconds (process running for 18.15)
2024-11-10 19:25:10.712 [] INFO  - org.apache.catalina.core.ContainerBase.[Tomcat].[localhost].[/] - Initializing Spring DispatcherServlet 'dispatcherServlet'
2024-11-10 19:25:10.713 [] INFO  - org.springframework.web.servlet.DispatcherServlet - Initializing Servlet 'dispatcherServlet'
2024-11-10 19:25:10.718 [] INFO  - org.springframework.web.servlet.DispatcherServlet - Completed initialization in 4 ms
2024-11-10 19:27:04.231 [] INFO  - org.springframework.orm.jpa.LocalContainerEntityManagerFactoryBean - Closing JPA EntityManagerFactory for persistence unit 'default'
2024-11-10 19:27:04.241 [] INFO  - com.zaxxer.hikari.HikariDataSource - HikariPool-1 - Shutdown initiated...
2024-11-10 19:27:04.256 [] INFO  - com.zaxxer.hikari.HikariDataSource - HikariPool-1 - Shutdown completed.
2024-11-10 19:27:13.381 [] INFO  - org.ligot.afriyan.OngafriyanApplication - Starting OngafriyanApplication using Java 17.0.1 with PID 14712 (C:\Users\GLC\Documents\Project\Java\Formation\bizz\ongafriyan\target\classes started by GLC in C:\Users\GLC\Documents\Project\Java\Formation\bizz\ongafriyan)
2024-11-10 19:27:13.401 [] INFO  - org.ligot.afriyan.OngafriyanApplication - The following 1 profile is active: "dev"
2024-11-10 19:27:13.540 [] INFO  - org.springframework.boot.devtools.env.DevToolsPropertyDefaultsPostProcessor - Devtools property defaults active! Set 'spring.devtools.add-properties' to 'false' to disable
2024-11-10 19:27:13.541 [] INFO  - org.springframework.boot.devtools.env.DevToolsPropertyDefaultsPostProcessor - For additional web related logging consider setting the 'logging.level.web' property to 'DEBUG'
2024-11-10 19:27:16.175 [] INFO  - org.springframework.data.repository.config.RepositoryConfigurationDelegate - Bootstrapping Spring Data JPA repositories in DEFAULT mode.
2024-11-10 19:27:16.646 [] INFO  - org.springframework.data.repository.config.RepositoryConfigurationDelegate - Finished Spring Data repository scanning in 457 ms. Found 40 JPA repository interfaces.
2024-11-10 19:27:17.994 [] INFO  - org.springframework.boot.web.embedded.tomcat.TomcatWebServer - Tomcat initialized with port(s): 8087 (http)
2024-11-10 19:27:18.010 [] INFO  - org.apache.catalina.core.StandardService - Starting service [Tomcat]
2024-11-10 19:27:18.011 [] INFO  - org.apache.catalina.core.StandardEngine - Starting Servlet engine: [Apache Tomcat/10.1.10]
2024-11-10 19:27:18.145 [] INFO  - org.apache.catalina.core.ContainerBase.[Tomcat].[localhost].[/] - Initializing Spring embedded WebApplicationContext
2024-11-10 19:27:18.146 [] INFO  - org.springframework.boot.web.servlet.context.ServletWebServerApplicationContext - Root WebApplicationContext: initialization completed in 4603 ms
2024-11-10 19:27:18.604 [] INFO  - org.hibernate.jpa.internal.util.LogHelper - HHH000204: Processing PersistenceUnitInfo [name: default]
2024-11-10 19:27:18.710 [] INFO  - org.hibernate.Version - HHH000412: Hibernate ORM core version 6.2.5.Final
2024-11-10 19:27:18.715 [] INFO  - org.hibernate.cfg.Environment - HHH000406: Using bytecode reflection optimizer
2024-11-10 19:27:18.954 [] INFO  - org.hibernate.bytecode.internal.BytecodeProviderInitiator - HHH000021: Bytecode provider name : bytebuddy
2024-11-10 19:27:19.184 [] INFO  - org.springframework.orm.jpa.persistenceunit.SpringPersistenceUnitInfo - No LoadTimeWeaver setup: ignoring JPA class transformer
2024-11-10 19:27:19.228 [] INFO  - com.zaxxer.hikari.HikariDataSource - HikariPool-1 - Starting...
2024-11-10 19:27:19.508 [] INFO  - com.zaxxer.hikari.pool.HikariPool - HikariPool-1 - Added connection org.postgresql.jdbc.PgConnection@40428095
2024-11-10 19:27:19.511 [] INFO  - com.zaxxer.hikari.HikariDataSource - HikariPool-1 - Start completed.
2024-11-10 19:27:20.381 [] INFO  - org.hibernate.bytecode.internal.BytecodeProviderInitiator - HHH000021: Bytecode provider name : bytebuddy
2024-11-10 19:27:21.834 [] INFO  - org.hibernate.metamodel.internal.EntityInstantiatorPojoStandard - HHH000182: No default (no-argument) constructor for class: org.ligot.afriyan.entities.UserConnect (class must be instantiated by Interceptor)
2024-11-10 19:27:22.593 [] INFO  - org.hibernate.engine.transaction.jta.platform.internal.JtaPlatformInitiator - HHH000490: Using JtaPlatform implementation: [org.hibernate.engine.transaction.jta.platform.internal.NoJtaPlatform]
2024-11-10 19:27:23.535 [] INFO  - org.springframework.orm.jpa.LocalContainerEntityManagerFactoryBean - Initialized JPA EntityManagerFactory for persistence unit 'default'
2024-11-10 19:27:24.088 [] INFO  - org.springframework.data.jpa.repository.query.QueryEnhancerFactory - Hibernate is in classpath; If applicable, HQL parser will be used.
2024-11-10 19:27:28.157 [] INFO  - org.springframework.boot.actuate.endpoint.web.EndpointLinksResolver - Exposing 1 endpoint(s) beneath base path '/actuator'
2024-11-10 19:27:28.287 [] INFO  - org.springframework.security.web.DefaultSecurityFilterChain - Will secure any request with [org.springframework.security.web.session.DisableEncodeUrlFilter@55ed1fdf, org.springframework.security.web.context.request.async.WebAsyncManagerIntegrationFilter@6fd25bf6, org.springframework.security.web.context.SecurityContextHolderFilter@66be6484, org.springframework.security.web.header.HeaderWriterFilter@5c684cf8, org.springframework.security.web.authentication.logout.LogoutFilter@79cb10fc, org.ligot.afriyan.config.securities.JwtAuthenticationFilter@6de4e3eb, org.springframework.security.web.savedrequest.RequestCacheAwareFilter@6d72a8aa, org.springframework.security.web.servletapi.SecurityContextHolderAwareRequestFilter@74cc0959, org.springframework.security.web.authentication.AnonymousAuthenticationFilter@60f19ea5, org.springframework.security.web.session.SessionManagementFilter@3a39fc92, org.springframework.security.web.access.ExceptionTranslationFilter@32134095, org.springframework.security.web.access.intercept.AuthorizationFilter@479fa34f]
2024-11-10 19:27:29.027 [] INFO  - org.springframework.boot.devtools.autoconfigure.OptionalLiveReloadServer - LiveReload server is running on port 35729
2024-11-10 19:27:29.164 [] INFO  - org.springframework.boot.web.embedded.tomcat.TomcatWebServer - Tomcat started on port(s): 8087 (http) with context path ''
2024-11-10 19:27:29.192 [] INFO  - org.ligot.afriyan.OngafriyanApplication - Started OngafriyanApplication in 16.46 seconds (process running for 18.177)
2024-11-10 19:27:29.699 [] INFO  - org.apache.catalina.core.ContainerBase.[Tomcat].[localhost].[/] - Initializing Spring DispatcherServlet 'dispatcherServlet'
2024-11-10 19:27:29.700 [] INFO  - org.springframework.web.servlet.DispatcherServlet - Initializing Servlet 'dispatcherServlet'
2024-11-10 19:27:29.704 [] INFO  - org.springframework.web.servlet.DispatcherServlet - Completed initialization in 4 ms
2024-11-10 19:29:46.286 [] INFO  - org.springframework.orm.jpa.LocalContainerEntityManagerFactoryBean - Closing JPA EntityManagerFactory for persistence unit 'default'
2024-11-10 19:29:46.405 [] INFO  - com.zaxxer.hikari.HikariDataSource - HikariPool-1 - Shutdown initiated...
2024-11-10 19:29:46.717 [] INFO  - com.zaxxer.hikari.HikariDataSource - HikariPool-1 - Shutdown completed.
2024-11-10 19:29:55.616 [] INFO  - org.ligot.afriyan.OngafriyanApplication - Starting OngafriyanApplication using Java 17.0.1 with PID 7416 (C:\Users\GLC\Documents\Project\Java\Formation\bizz\ongafriyan\target\classes started by GLC in C:\Users\GLC\Documents\Project\Java\Formation\bizz\ongafriyan)
2024-11-10 19:29:55.619 [] INFO  - org.ligot.afriyan.OngafriyanApplication - The following 1 profile is active: "dev"
2024-11-10 19:29:55.772 [] INFO  - org.springframework.boot.devtools.env.DevToolsPropertyDefaultsPostProcessor - Devtools property defaults active! Set 'spring.devtools.add-properties' to 'false' to disable
2024-11-10 19:29:55.773 [] INFO  - org.springframework.boot.devtools.env.DevToolsPropertyDefaultsPostProcessor - For additional web related logging consider setting the 'logging.level.web' property to 'DEBUG'
2024-11-10 19:29:58.359 [] INFO  - org.springframework.data.repository.config.RepositoryConfigurationDelegate - Bootstrapping Spring Data JPA repositories in DEFAULT mode.
2024-11-10 19:29:58.883 [] INFO  - org.springframework.data.repository.config.RepositoryConfigurationDelegate - Finished Spring Data repository scanning in 511 ms. Found 40 JPA repository interfaces.
2024-11-10 19:30:00.119 [] INFO  - org.springframework.boot.web.embedded.tomcat.TomcatWebServer - Tomcat initialized with port(s): 8087 (http)
2024-11-10 19:30:00.133 [] INFO  - org.apache.catalina.core.StandardService - Starting service [Tomcat]
2024-11-10 19:30:00.134 [] INFO  - org.apache.catalina.core.StandardEngine - Starting Servlet engine: [Apache Tomcat/10.1.10]
2024-11-10 19:30:00.397 [] INFO  - org.apache.catalina.core.ContainerBase.[Tomcat].[localhost].[/] - Initializing Spring embedded WebApplicationContext
2024-11-10 19:30:00.398 [] INFO  - org.springframework.boot.web.servlet.context.ServletWebServerApplicationContext - Root WebApplicationContext: initialization completed in 4622 ms
2024-11-10 19:30:00.845 [] INFO  - org.hibernate.jpa.internal.util.LogHelper - HHH000204: Processing PersistenceUnitInfo [name: default]
2024-11-10 19:30:00.941 [] INFO  - org.hibernate.Version - HHH000412: Hibernate ORM core version 6.2.5.Final
2024-11-10 19:30:00.945 [] INFO  - org.hibernate.cfg.Environment - HHH000406: Using bytecode reflection optimizer
2024-11-10 19:30:01.213 [] INFO  - org.hibernate.bytecode.internal.BytecodeProviderInitiator - HHH000021: Bytecode provider name : bytebuddy
2024-11-10 19:30:01.445 [] INFO  - org.springframework.orm.jpa.persistenceunit.SpringPersistenceUnitInfo - No LoadTimeWeaver setup: ignoring JPA class transformer
2024-11-10 19:30:01.472 [] INFO  - com.zaxxer.hikari.HikariDataSource - HikariPool-1 - Starting...
2024-11-10 19:30:01.776 [] INFO  - com.zaxxer.hikari.pool.HikariPool - HikariPool-1 - Added connection org.postgresql.jdbc.PgConnection@36270324
2024-11-10 19:30:01.778 [] INFO  - com.zaxxer.hikari.HikariDataSource - HikariPool-1 - Start completed.
2024-11-10 19:30:02.588 [] INFO  - org.hibernate.bytecode.internal.BytecodeProviderInitiator - HHH000021: Bytecode provider name : bytebuddy
2024-11-10 19:30:04.079 [] INFO  - org.hibernate.metamodel.internal.EntityInstantiatorPojoStandard - HHH000182: No default (no-argument) constructor for class: org.ligot.afriyan.entities.UserConnect (class must be instantiated by Interceptor)
2024-11-10 19:30:04.823 [] INFO  - org.hibernate.engine.transaction.jta.platform.internal.JtaPlatformInitiator - HHH000490: Using JtaPlatform implementation: [org.hibernate.engine.transaction.jta.platform.internal.NoJtaPlatform]
2024-11-10 19:30:05.759 [] INFO  - org.springframework.orm.jpa.LocalContainerEntityManagerFactoryBean - Initialized JPA EntityManagerFactory for persistence unit 'default'
2024-11-10 19:30:06.300 [] INFO  - org.springframework.data.jpa.repository.query.QueryEnhancerFactory - Hibernate is in classpath; If applicable, HQL parser will be used.
2024-11-10 19:30:10.388 [] INFO  - org.springframework.boot.actuate.endpoint.web.EndpointLinksResolver - Exposing 1 endpoint(s) beneath base path '/actuator'
2024-11-10 19:30:10.503 [] INFO  - org.springframework.security.web.DefaultSecurityFilterChain - Will secure any request with [org.springframework.security.web.session.DisableEncodeUrlFilter@11250e9e, org.springframework.security.web.context.request.async.WebAsyncManagerIntegrationFilter@52b448d5, org.springframework.security.web.context.SecurityContextHolderFilter@23405cc4, org.springframework.security.web.header.HeaderWriterFilter@2af010dd, org.springframework.security.web.authentication.logout.LogoutFilter@57146f22, org.ligot.afriyan.config.securities.JwtAuthenticationFilter@1e7e1a06, org.springframework.security.web.savedrequest.RequestCacheAwareFilter@5b4fb15, org.springframework.security.web.servletapi.SecurityContextHolderAwareRequestFilter@66be4376, org.springframework.security.web.authentication.AnonymousAuthenticationFilter@1bddc5ab, org.springframework.security.web.session.SessionManagementFilter@7fb3fe7d, org.springframework.security.web.access.ExceptionTranslationFilter@7dca84e1, org.springframework.security.web.access.intercept.AuthorizationFilter@69255ef9]
2024-11-10 19:30:11.280 [] INFO  - org.springframework.boot.devtools.autoconfigure.OptionalLiveReloadServer - LiveReload server is running on port 35729
2024-11-10 19:30:11.424 [] INFO  - org.springframework.boot.web.embedded.tomcat.TomcatWebServer - Tomcat started on port(s): 8087 (http) with context path ''
2024-11-10 19:30:11.454 [] INFO  - org.ligot.afriyan.OngafriyanApplication - Started OngafriyanApplication in 16.478 seconds (process running for 18.278)
2024-11-10 19:30:11.883 [] INFO  - org.apache.catalina.core.ContainerBase.[Tomcat].[localhost].[/] - Initializing Spring DispatcherServlet 'dispatcherServlet'
2024-11-10 19:30:11.883 [] INFO  - org.springframework.web.servlet.DispatcherServlet - Initializing Servlet 'dispatcherServlet'
2024-11-10 19:30:11.887 [] INFO  - org.springframework.web.servlet.DispatcherServlet - Completed initialization in 3 ms
2024-11-10 19:37:34.562 [] INFO  - org.springframework.orm.jpa.LocalContainerEntityManagerFactoryBean - Closing JPA EntityManagerFactory for persistence unit 'default'
2024-11-10 19:37:34.569 [] INFO  - com.zaxxer.hikari.HikariDataSource - HikariPool-1 - Shutdown initiated...
2024-11-10 19:37:34.583 [] INFO  - com.zaxxer.hikari.HikariDataSource - HikariPool-1 - Shutdown completed.
2024-11-10 19:37:44.245 [] INFO  - org.ligot.afriyan.OngafriyanApplication - Starting OngafriyanApplication using Java 17.0.1 with PID 18940 (C:\Users\GLC\Documents\Project\Java\Formation\bizz\ongafriyan\target\classes started by GLC in C:\Users\GLC\Documents\Project\Java\Formation\bizz\ongafriyan)
2024-11-10 19:37:44.249 [] INFO  - org.ligot.afriyan.OngafriyanApplication - The following 1 profile is active: "dev"
2024-11-10 19:37:44.383 [] INFO  - org.springframework.boot.devtools.env.DevToolsPropertyDefaultsPostProcessor - Devtools property defaults active! Set 'spring.devtools.add-properties' to 'false' to disable
2024-11-10 19:37:44.384 [] INFO  - org.springframework.boot.devtools.env.DevToolsPropertyDefaultsPostProcessor - For additional web related logging consider setting the 'logging.level.web' property to 'DEBUG'
2024-11-10 19:37:46.978 [] INFO  - org.springframework.data.repository.config.RepositoryConfigurationDelegate - Bootstrapping Spring Data JPA repositories in DEFAULT mode.
2024-11-10 19:37:47.426 [] INFO  - org.springframework.data.repository.config.RepositoryConfigurationDelegate - Finished Spring Data repository scanning in 435 ms. Found 40 JPA repository interfaces.
2024-11-10 19:37:48.672 [] INFO  - org.springframework.boot.web.embedded.tomcat.TomcatWebServer - Tomcat initialized with port(s): 8087 (http)
2024-11-10 19:37:48.687 [] INFO  - org.apache.catalina.core.StandardService - Starting service [Tomcat]
2024-11-10 19:37:48.687 [] INFO  - org.apache.catalina.core.StandardEngine - Starting Servlet engine: [Apache Tomcat/10.1.10]
2024-11-10 19:37:48.807 [] INFO  - org.apache.catalina.core.ContainerBase.[Tomcat].[localhost].[/] - Initializing Spring embedded WebApplicationContext
2024-11-10 19:37:48.809 [] INFO  - org.springframework.boot.web.servlet.context.ServletWebServerApplicationContext - Root WebApplicationContext: initialization completed in 4423 ms
2024-11-10 19:37:49.256 [] INFO  - org.hibernate.jpa.internal.util.LogHelper - HHH000204: Processing PersistenceUnitInfo [name: default]
2024-11-10 19:37:49.353 [] INFO  - org.hibernate.Version - HHH000412: Hibernate ORM core version 6.2.5.Final
2024-11-10 19:37:49.357 [] INFO  - org.hibernate.cfg.Environment - HHH000406: Using bytecode reflection optimizer
2024-11-10 19:37:49.605 [] INFO  - org.hibernate.bytecode.internal.BytecodeProviderInitiator - HHH000021: Bytecode provider name : bytebuddy
2024-11-10 19:37:49.837 [] INFO  - org.springframework.orm.jpa.persistenceunit.SpringPersistenceUnitInfo - No LoadTimeWeaver setup: ignoring JPA class transformer
2024-11-10 19:37:49.865 [] INFO  - com.zaxxer.hikari.HikariDataSource - HikariPool-1 - Starting...
2024-11-10 19:37:50.218 [] INFO  - com.zaxxer.hikari.pool.HikariPool - HikariPool-1 - Added connection org.postgresql.jdbc.PgConnection@6088f4ab
2024-11-10 19:37:50.222 [] INFO  - com.zaxxer.hikari.HikariDataSource - HikariPool-1 - Start completed.
2024-11-10 19:37:51.068 [] INFO  - org.hibernate.bytecode.internal.BytecodeProviderInitiator - HHH000021: Bytecode provider name : bytebuddy
2024-11-10 19:37:52.513 [] INFO  - org.hibernate.metamodel.internal.EntityInstantiatorPojoStandard - HHH000182: No default (no-argument) constructor for class: org.ligot.afriyan.entities.UserConnect (class must be instantiated by Interceptor)
2024-11-10 19:37:53.256 [] INFO  - org.hibernate.engine.transaction.jta.platform.internal.JtaPlatformInitiator - HHH000490: Using JtaPlatform implementation: [org.hibernate.engine.transaction.jta.platform.internal.NoJtaPlatform]
2024-11-10 19:37:54.193 [] INFO  - org.springframework.orm.jpa.LocalContainerEntityManagerFactoryBean - Initialized JPA EntityManagerFactory for persistence unit 'default'
2024-11-10 19:37:54.723 [] INFO  - org.springframework.data.jpa.repository.query.QueryEnhancerFactory - Hibernate is in classpath; If applicable, HQL parser will be used.
2024-11-10 19:37:58.857 [] INFO  - org.springframework.boot.actuate.endpoint.web.EndpointLinksResolver - Exposing 1 endpoint(s) beneath base path '/actuator'
2024-11-10 19:37:58.998 [] INFO  - org.springframework.security.web.DefaultSecurityFilterChain - Will secure any request with [org.springframework.security.web.session.DisableEncodeUrlFilter@5f6f7c03, org.springframework.security.web.context.request.async.WebAsyncManagerIntegrationFilter@695d839f, org.springframework.security.web.context.SecurityContextHolderFilter@58a1e5a9, org.springframework.security.web.header.HeaderWriterFilter@3d57b873, org.springframework.security.web.authentication.logout.LogoutFilter@3e8711fa, org.ligot.afriyan.config.securities.JwtAuthenticationFilter@1b25d8ee, org.springframework.security.web.savedrequest.RequestCacheAwareFilter@46b81458, org.springframework.security.web.servletapi.SecurityContextHolderAwareRequestFilter@5e6f80cb, org.springframework.security.web.authentication.AnonymousAuthenticationFilter@7f1b4940, org.springframework.security.web.session.SessionManagementFilter@15270091, org.springframework.security.web.access.ExceptionTranslationFilter@1401f7bc, org.springframework.security.web.access.intercept.AuthorizationFilter@31c0f881]
2024-11-10 19:37:59.768 [] INFO  - org.springframework.boot.devtools.autoconfigure.OptionalLiveReloadServer - LiveReload server is running on port 35729
2024-11-10 19:37:59.910 [] INFO  - org.springframework.boot.web.embedded.tomcat.TomcatWebServer - Tomcat started on port(s): 8087 (http) with context path ''
2024-11-10 19:37:59.939 [] INFO  - org.ligot.afriyan.OngafriyanApplication - Started OngafriyanApplication in 16.311 seconds (process running for 17.932)
2024-11-10 19:38:00.688 [] INFO  - org.apache.catalina.core.ContainerBase.[Tomcat].[localhost].[/] - Initializing Spring DispatcherServlet 'dispatcherServlet'
2024-11-10 19:38:00.689 [] INFO  - org.springframework.web.servlet.DispatcherServlet - Initializing Servlet 'dispatcherServlet'
2024-11-10 19:38:00.693 [] INFO  - org.springframework.web.servlet.DispatcherServlet - Completed initialization in 3 ms
2024-11-10 19:38:52.001 [] INFO  - org.springframework.orm.jpa.LocalContainerEntityManagerFactoryBean - Closing JPA EntityManagerFactory for persistence unit 'default'
2024-11-10 19:38:52.007 [] INFO  - com.zaxxer.hikari.HikariDataSource - HikariPool-1 - Shutdown initiated...
2024-11-10 19:38:52.014 [] INFO  - com.zaxxer.hikari.HikariDataSource - HikariPool-1 - Shutdown completed.
2024-11-10 19:39:04.318 [] INFO  - org.ligot.afriyan.OngafriyanApplication - Starting OngafriyanApplication using Java 17.0.1 with PID 18768 (C:\Users\GLC\Documents\Project\Java\Formation\bizz\ongafriyan\target\classes started by GLC in C:\Users\GLC\Documents\Project\Java\Formation\bizz\ongafriyan)
2024-11-10 19:39:04.322 [] INFO  - org.ligot.afriyan.OngafriyanApplication - The following 1 profile is active: "dev"
2024-11-10 19:39:04.528 [] INFO  - org.springframework.boot.devtools.env.DevToolsPropertyDefaultsPostProcessor - Devtools property defaults active! Set 'spring.devtools.add-properties' to 'false' to disable
2024-11-10 19:39:04.529 [] INFO  - org.springframework.boot.devtools.env.DevToolsPropertyDefaultsPostProcessor - For additional web related logging consider setting the 'logging.level.web' property to 'DEBUG'
2024-11-10 19:39:07.895 [] INFO  - org.springframework.data.repository.config.RepositoryConfigurationDelegate - Bootstrapping Spring Data JPA repositories in DEFAULT mode.
2024-11-10 19:39:08.510 [] INFO  - org.springframework.data.repository.config.RepositoryConfigurationDelegate - Finished Spring Data repository scanning in 600 ms. Found 40 JPA repository interfaces.
2024-11-10 19:39:10.028 [] INFO  - org.springframework.boot.web.embedded.tomcat.TomcatWebServer - Tomcat initialized with port(s): 8087 (http)
2024-11-10 19:39:10.044 [] INFO  - org.apache.catalina.core.StandardService - Starting service [Tomcat]
2024-11-10 19:39:10.045 [] INFO  - org.apache.catalina.core.StandardEngine - Starting Servlet engine: [Apache Tomcat/10.1.10]
2024-11-10 19:39:10.198 [] INFO  - org.apache.catalina.core.ContainerBase.[Tomcat].[localhost].[/] - Initializing Spring embedded WebApplicationContext
2024-11-10 19:39:10.199 [] INFO  - org.springframework.boot.web.servlet.context.ServletWebServerApplicationContext - Root WebApplicationContext: initialization completed in 5669 ms
2024-11-10 19:39:10.658 [] INFO  - org.hibernate.jpa.internal.util.LogHelper - HHH000204: Processing PersistenceUnitInfo [name: default]
2024-11-10 19:39:10.760 [] INFO  - org.hibernate.Version - HHH000412: Hibernate ORM core version 6.2.5.Final
2024-11-10 19:39:10.764 [] INFO  - org.hibernate.cfg.Environment - HHH000406: Using bytecode reflection optimizer
2024-11-10 19:39:11.026 [] INFO  - org.hibernate.bytecode.internal.BytecodeProviderInitiator - HHH000021: Bytecode provider name : bytebuddy
2024-11-10 19:39:11.302 [] INFO  - org.springframework.orm.jpa.persistenceunit.SpringPersistenceUnitInfo - No LoadTimeWeaver setup: ignoring JPA class transformer
2024-11-10 19:39:11.332 [] INFO  - com.zaxxer.hikari.HikariDataSource - HikariPool-1 - Starting...
2024-11-10 19:39:11.682 [] INFO  - com.zaxxer.hikari.pool.HikariPool - HikariPool-1 - Added connection org.postgresql.jdbc.PgConnection@67d6a8ec
2024-11-10 19:39:11.685 [] INFO  - com.zaxxer.hikari.HikariDataSource - HikariPool-1 - Start completed.
2024-11-10 19:39:12.559 [] INFO  - org.hibernate.bytecode.internal.BytecodeProviderInitiator - HHH000021: Bytecode provider name : bytebuddy
2024-11-10 19:39:14.137 [] INFO  - org.hibernate.metamodel.internal.EntityInstantiatorPojoStandard - HHH000182: No default (no-argument) constructor for class: org.ligot.afriyan.entities.UserConnect (class must be instantiated by Interceptor)
2024-11-10 19:39:14.977 [] INFO  - org.hibernate.engine.transaction.jta.platform.internal.JtaPlatformInitiator - HHH000490: Using JtaPlatform implementation: [org.hibernate.engine.transaction.jta.platform.internal.NoJtaPlatform]
2024-11-10 19:39:16.017 [] INFO  - org.springframework.orm.jpa.LocalContainerEntityManagerFactoryBean - Initialized JPA EntityManagerFactory for persistence unit 'default'
2024-11-10 19:39:16.571 [] INFO  - org.springframework.data.jpa.repository.query.QueryEnhancerFactory - Hibernate is in classpath; If applicable, HQL parser will be used.
2024-11-10 19:39:20.897 [] INFO  - org.springframework.boot.actuate.endpoint.web.EndpointLinksResolver - Exposing 1 endpoint(s) beneath base path '/actuator'
2024-11-10 19:39:21.023 [] INFO  - org.springframework.security.web.DefaultSecurityFilterChain - Will secure any request with [org.springframework.security.web.session.DisableEncodeUrlFilter@302f5def, org.springframework.security.web.context.request.async.WebAsyncManagerIntegrationFilter@a9b6fcc, org.springframework.security.web.context.SecurityContextHolderFilter@65d0bd4e, org.springframework.security.web.header.HeaderWriterFilter@5e6f80cb, org.springframework.security.web.authentication.logout.LogoutFilter@7f1b4940, org.ligot.afriyan.config.securities.JwtAuthenticationFilter@2f3117ee, org.springframework.security.web.savedrequest.RequestCacheAwareFilter@44675857, org.springframework.security.web.servletapi.SecurityContextHolderAwareRequestFilter@e2a4944, org.springframework.security.web.authentication.AnonymousAuthenticationFilter@4ac6ce36, org.springframework.security.web.session.SessionManagementFilter@3746651a, org.springframework.security.web.access.ExceptionTranslationFilter@75af45a4, org.springframework.security.web.access.intercept.AuthorizationFilter@485e4a0c]
2024-11-10 19:39:21.801 [] INFO  - org.springframework.boot.devtools.autoconfigure.OptionalLiveReloadServer - LiveReload server is running on port 35729
2024-11-10 19:39:21.944 [] INFO  - org.springframework.boot.web.embedded.tomcat.TomcatWebServer - Tomcat started on port(s): 8087 (http) with context path ''
2024-11-10 19:39:21.982 [] INFO  - org.ligot.afriyan.OngafriyanApplication - Started OngafriyanApplication in 18.395 seconds (process running for 20.07)
2024-11-10 19:39:22.629 [] INFO  - org.apache.catalina.core.ContainerBase.[Tomcat].[localhost].[/] - Initializing Spring DispatcherServlet 'dispatcherServlet'
2024-11-10 19:39:22.630 [] INFO  - org.springframework.web.servlet.DispatcherServlet - Initializing Servlet 'dispatcherServlet'
2024-11-10 19:39:22.634 [] INFO  - org.springframework.web.servlet.DispatcherServlet - Completed initialization in 4 ms
2024-11-10 19:42:30.366 [] INFO  - org.springframework.orm.jpa.LocalContainerEntityManagerFactoryBean - Closing JPA EntityManagerFactory for persistence unit 'default'
2024-11-10 19:42:30.372 [] INFO  - com.zaxxer.hikari.HikariDataSource - HikariPool-1 - Shutdown initiated...
2024-11-10 19:42:30.379 [] INFO  - com.zaxxer.hikari.HikariDataSource - HikariPool-1 - Shutdown completed.
2024-11-10 19:43:15.733 [] INFO  - org.ligot.afriyan.OngafriyanApplication - Starting OngafriyanApplication using Java 17.0.1 with PID 9116 (C:\Users\GLC\Documents\Project\Java\Formation\bizz\ongafriyan\target\classes started by GLC in C:\Users\GLC\Documents\Project\Java\Formation\bizz\ongafriyan)
2024-11-10 19:43:15.738 [] INFO  - org.ligot.afriyan.OngafriyanApplication - The following 1 profile is active: "prod"
2024-11-10 19:43:19.700 [] INFO  - org.springframework.data.repository.config.RepositoryConfigurationDelegate - Bootstrapping Spring Data JPA repositories in DEFAULT mode.
2024-11-10 19:43:20.434 [] INFO  - org.springframework.data.repository.config.RepositoryConfigurationDelegate - Finished Spring Data repository scanning in 715 ms. Found 40 JPA repository interfaces.
