2024-10-25 09:50:52.307 [] INFO  - org.ligot.afriyan.OngafriyanApplication - Starting OngafriyanApplication using Java 17.0.1 with PID 15256 (C:\Users\GLC\Documents\Project\Java\Formation\bizz\ongafriyan\target\classes started by GLC in C:\Users\GLC\Documents\Project\Java\Formation\bizz\ongafriyan)
2024-10-25 09:50:52.317 [] INFO  - org.ligot.afriyan.OngafriyanApplication - The following 1 profile is active: "dev"
2024-10-25 09:50:52.585 [] INFO  - org.springframework.boot.devtools.env.DevToolsPropertyDefaultsPostProcessor - Devtools property defaults active! Set 'spring.devtools.add-properties' to 'false' to disable
2024-10-25 09:50:52.586 [] INFO  - org.springframework.boot.devtools.env.DevToolsPropertyDefaultsPostProcessor - For additional web related logging consider setting the 'logging.level.web' property to 'DEBUG'
2024-10-25 09:50:55.482 [] INFO  - org.springframework.data.repository.config.RepositoryConfigurationDelegate - Bootstrapping Spring Data JPA repositories in DEFAULT mode.
2024-10-25 09:50:55.963 [] INFO  - org.springframework.data.repository.config.RepositoryConfigurationDelegate - Finished Spring Data repository scanning in 466 ms. Found 37 JPA repository interfaces.
2024-10-25 09:50:57.325 [] INFO  - org.springframework.boot.web.embedded.tomcat.TomcatWebServer - Tomcat initialized with port(s): 8087 (http)
2024-10-25 09:50:57.343 [] INFO  - org.apache.catalina.core.StandardService - Starting service [Tomcat]
2024-10-25 09:50:57.344 [] INFO  - org.apache.catalina.core.StandardEngine - Starting Servlet engine: [Apache Tomcat/10.1.10]
2024-10-25 09:50:57.510 [] INFO  - org.apache.catalina.core.ContainerBase.[Tomcat].[localhost].[/] - Initializing Spring embedded WebApplicationContext
2024-10-25 09:50:57.511 [] INFO  - org.springframework.boot.web.servlet.context.ServletWebServerApplicationContext - Root WebApplicationContext: initialization completed in 4924 ms
2024-10-25 09:50:57.996 [] INFO  - org.hibernate.jpa.internal.util.LogHelper - HHH000204: Processing PersistenceUnitInfo [name: default]
2024-10-25 09:50:58.116 [] INFO  - org.hibernate.Version - HHH000412: Hibernate ORM core version 6.2.5.Final
2024-10-25 09:50:58.121 [] INFO  - org.hibernate.cfg.Environment - HHH000406: Using bytecode reflection optimizer
2024-10-25 09:50:58.413 [] INFO  - org.hibernate.bytecode.internal.BytecodeProviderInitiator - HHH000021: Bytecode provider name : bytebuddy
2024-10-25 09:50:58.677 [] INFO  - org.springframework.orm.jpa.persistenceunit.SpringPersistenceUnitInfo - No LoadTimeWeaver setup: ignoring JPA class transformer
2024-10-25 09:50:58.719 [] INFO  - com.zaxxer.hikari.HikariDataSource - HikariPool-1 - Starting...
2024-10-25 09:50:59.085 [] INFO  - com.zaxxer.hikari.pool.HikariPool - HikariPool-1 - Added connection org.postgresql.jdbc.PgConnection@2c981da3
2024-10-25 09:50:59.088 [] INFO  - com.zaxxer.hikari.HikariDataSource - HikariPool-1 - Start completed.
2024-10-25 09:51:00.254 [] INFO  - org.hibernate.bytecode.internal.BytecodeProviderInitiator - HHH000021: Bytecode provider name : bytebuddy
2024-10-25 09:51:02.317 [] INFO  - org.hibernate.metamodel.internal.EntityInstantiatorPojoStandard - HHH000182: No default (no-argument) constructor for class: org.ligot.afriyan.entities.UserConnect (class must be instantiated by Interceptor)
2024-10-25 09:51:03.074 [] INFO  - org.hibernate.engine.transaction.jta.platform.internal.JtaPlatformInitiator - HHH000490: Using JtaPlatform implementation: [org.hibernate.engine.transaction.jta.platform.internal.NoJtaPlatform]
2024-10-25 09:51:04.022 [] INFO  - org.springframework.orm.jpa.LocalContainerEntityManagerFactoryBean - Initialized JPA EntityManagerFactory for persistence unit 'default'
2024-10-25 09:51:04.595 [] INFO  - org.springframework.data.jpa.repository.query.QueryEnhancerFactory - Hibernate is in classpath; If applicable, HQL parser will be used.
2024-10-25 09:51:10.280 [] INFO  - org.springframework.boot.actuate.endpoint.web.EndpointLinksResolver - Exposing 1 endpoint(s) beneath base path '/actuator'
2024-10-25 09:51:10.436 [] INFO  - org.springframework.security.web.DefaultSecurityFilterChain - Will secure any request with [org.springframework.security.web.session.DisableEncodeUrlFilter@670ecbcc, org.springframework.security.web.context.request.async.WebAsyncManagerIntegrationFilter@4f4f7706, org.springframework.security.web.context.SecurityContextHolderFilter@2ae55587, org.springframework.security.web.header.HeaderWriterFilter@7d188ab7, org.springframework.security.web.authentication.logout.LogoutFilter@1ce7352b, org.ligot.afriyan.config.securities.JwtAuthenticationFilter@40ec1170, org.springframework.security.web.savedrequest.RequestCacheAwareFilter@50d2140e, org.springframework.security.web.servletapi.SecurityContextHolderAwareRequestFilter@3573e34c, org.springframework.security.web.authentication.AnonymousAuthenticationFilter@58ad83b, org.springframework.security.web.session.SessionManagementFilter@1b5f6af6, org.springframework.security.web.access.ExceptionTranslationFilter@1ba15499, org.springframework.security.web.access.intercept.AuthorizationFilter@3a225962]
2024-10-25 09:51:11.986 [] INFO  - org.springframework.boot.devtools.autoconfigure.OptionalLiveReloadServer - LiveReload server is running on port 35729
2024-10-25 09:51:12.143 [] INFO  - org.springframework.boot.web.embedded.tomcat.TomcatWebServer - Tomcat started on port(s): 8087 (http) with context path ''
2024-10-25 09:51:12.177 [] INFO  - org.ligot.afriyan.OngafriyanApplication - Started OngafriyanApplication in 20.572 seconds (process running for 22.476)
2024-10-25 09:51:12.855 [] INFO  - org.apache.catalina.core.ContainerBase.[Tomcat].[localhost].[/] - Initializing Spring DispatcherServlet 'dispatcherServlet'
2024-10-25 09:51:12.857 [] INFO  - org.springframework.web.servlet.DispatcherServlet - Initializing Servlet 'dispatcherServlet'
2024-10-25 09:51:12.863 [] INFO  - org.springframework.web.servlet.DispatcherServlet - Completed initialization in 6 ms
2024-10-25 09:59:58.301 [] INFO  - org.springframework.orm.jpa.LocalContainerEntityManagerFactoryBean - Closing JPA EntityManagerFactory for persistence unit 'default'
2024-10-25 09:59:58.312 [] INFO  - com.zaxxer.hikari.HikariDataSource - HikariPool-1 - Shutdown initiated...
2024-10-25 09:59:58.355 [] INFO  - com.zaxxer.hikari.HikariDataSource - HikariPool-1 - Shutdown completed.
2024-10-25 10:41:58.159 [] INFO  - org.ligot.afriyan.OngafriyanApplication - Starting OngafriyanApplication using Java 17.0.1 with PID 12900 (C:\Users\GLC\Documents\Project\Java\Formation\bizz\ongafriyan\target\classes started by GLC in C:\Users\GLC\Documents\Project\Java\Formation\bizz\ongafriyan)
2024-10-25 10:41:58.163 [] INFO  - org.ligot.afriyan.OngafriyanApplication - The following 1 profile is active: "dev"
2024-10-25 10:41:58.302 [] INFO  - org.springframework.boot.devtools.env.DevToolsPropertyDefaultsPostProcessor - Devtools property defaults active! Set 'spring.devtools.add-properties' to 'false' to disable
2024-10-25 10:41:58.303 [] INFO  - org.springframework.boot.devtools.env.DevToolsPropertyDefaultsPostProcessor - For additional web related logging consider setting the 'logging.level.web' property to 'DEBUG'
2024-10-25 10:42:00.972 [] INFO  - org.springframework.data.repository.config.RepositoryConfigurationDelegate - Bootstrapping Spring Data JPA repositories in DEFAULT mode.
2024-10-25 10:42:01.466 [] INFO  - org.springframework.data.repository.config.RepositoryConfigurationDelegate - Finished Spring Data repository scanning in 480 ms. Found 40 JPA repository interfaces.
2024-10-25 10:42:02.729 [] INFO  - org.springframework.boot.web.embedded.tomcat.TomcatWebServer - Tomcat initialized with port(s): 8087 (http)
2024-10-25 10:42:02.744 [] INFO  - org.apache.catalina.core.StandardService - Starting service [Tomcat]
2024-10-25 10:42:02.744 [] INFO  - org.apache.catalina.core.StandardEngine - Starting Servlet engine: [Apache Tomcat/10.1.10]
2024-10-25 10:42:02.861 [] INFO  - org.apache.catalina.core.ContainerBase.[Tomcat].[localhost].[/] - Initializing Spring embedded WebApplicationContext
2024-10-25 10:42:02.862 [] INFO  - org.springframework.boot.web.servlet.context.ServletWebServerApplicationContext - Root WebApplicationContext: initialization completed in 4558 ms
2024-10-25 10:42:03.347 [] INFO  - org.hibernate.jpa.internal.util.LogHelper - HHH000204: Processing PersistenceUnitInfo [name: default]
2024-10-25 10:42:03.444 [] INFO  - org.hibernate.Version - HHH000412: Hibernate ORM core version 6.2.5.Final
2024-10-25 10:42:03.448 [] INFO  - org.hibernate.cfg.Environment - HHH000406: Using bytecode reflection optimizer
2024-10-25 10:42:03.704 [] INFO  - org.hibernate.bytecode.internal.BytecodeProviderInitiator - HHH000021: Bytecode provider name : bytebuddy
2024-10-25 10:42:03.938 [] INFO  - org.springframework.orm.jpa.persistenceunit.SpringPersistenceUnitInfo - No LoadTimeWeaver setup: ignoring JPA class transformer
2024-10-25 10:42:03.967 [] INFO  - com.zaxxer.hikari.HikariDataSource - HikariPool-1 - Starting...
2024-10-25 10:42:04.281 [] INFO  - com.zaxxer.hikari.pool.HikariPool - HikariPool-1 - Added connection org.postgresql.jdbc.PgConnection@73715d7c
2024-10-25 10:42:04.284 [] INFO  - com.zaxxer.hikari.HikariDataSource - HikariPool-1 - Start completed.
2024-10-25 10:42:05.256 [] INFO  - org.hibernate.bytecode.internal.BytecodeProviderInitiator - HHH000021: Bytecode provider name : bytebuddy
2024-10-25 10:42:06.720 [] INFO  - org.hibernate.metamodel.internal.EntityInstantiatorPojoStandard - HHH000182: No default (no-argument) constructor for class: org.ligot.afriyan.entities.UserConnect (class must be instantiated by Interceptor)
2024-10-25 10:42:07.486 [] INFO  - org.hibernate.engine.transaction.jta.platform.internal.JtaPlatformInitiator - HHH000490: Using JtaPlatform implementation: [org.hibernate.engine.transaction.jta.platform.internal.NoJtaPlatform]
2024-10-25 10:42:08.552 [] INFO  - org.springframework.orm.jpa.LocalContainerEntityManagerFactoryBean - Initialized JPA EntityManagerFactory for persistence unit 'default'
2024-10-25 10:42:09.112 [] INFO  - org.springframework.data.jpa.repository.query.QueryEnhancerFactory - Hibernate is in classpath; If applicable, HQL parser will be used.
2024-10-25 10:42:13.307 [] INFO  - org.springframework.boot.actuate.endpoint.web.EndpointLinksResolver - Exposing 1 endpoint(s) beneath base path '/actuator'
2024-10-25 10:42:13.453 [] INFO  - org.springframework.security.web.DefaultSecurityFilterChain - Will secure any request with [org.springframework.security.web.session.DisableEncodeUrlFilter@3304fb36, org.springframework.security.web.context.request.async.WebAsyncManagerIntegrationFilter@266f6878, org.springframework.security.web.context.SecurityContextHolderFilter@4b21c436, org.springframework.security.web.header.HeaderWriterFilter@a7513a0, org.springframework.security.web.authentication.logout.LogoutFilter@6d59317, org.ligot.afriyan.config.securities.JwtAuthenticationFilter@6e98c3a4, org.springframework.security.web.savedrequest.RequestCacheAwareFilter@4b6d8865, org.springframework.security.web.servletapi.SecurityContextHolderAwareRequestFilter@21a86e85, org.springframework.security.web.authentication.AnonymousAuthenticationFilter@7939c869, org.springframework.security.web.session.SessionManagementFilter@3bd8c6ce, org.springframework.security.web.access.ExceptionTranslationFilter@2442940, org.springframework.security.web.access.intercept.AuthorizationFilter@1360c3c5]
2024-10-25 10:42:14.257 [] INFO  - org.springframework.boot.devtools.autoconfigure.OptionalLiveReloadServer - LiveReload server is running on port 35729
2024-10-25 10:42:14.435 [] INFO  - org.springframework.boot.web.embedded.tomcat.TomcatWebServer - Tomcat started on port(s): 8087 (http) with context path ''
2024-10-25 10:42:14.469 [] INFO  - org.ligot.afriyan.OngafriyanApplication - Started OngafriyanApplication in 17.02 seconds (process running for 19.304)
2024-10-25 10:42:15.100 [] INFO  - org.apache.catalina.core.ContainerBase.[Tomcat].[localhost].[/] - Initializing Spring DispatcherServlet 'dispatcherServlet'
2024-10-25 10:42:15.101 [] INFO  - org.springframework.web.servlet.DispatcherServlet - Initializing Servlet 'dispatcherServlet'
2024-10-25 10:42:15.106 [] INFO  - org.springframework.web.servlet.DispatcherServlet - Completed initialization in 3 ms
2024-10-25 12:31:50.628 [] INFO  - org.springframework.orm.jpa.LocalContainerEntityManagerFactoryBean - Closing JPA EntityManagerFactory for persistence unit 'default'
2024-10-25 12:31:50.725 [] INFO  - com.zaxxer.hikari.HikariDataSource - HikariPool-1 - Shutdown initiated...
2024-10-25 12:31:50.898 [] INFO  - com.zaxxer.hikari.HikariDataSource - HikariPool-1 - Shutdown completed.
2024-10-25 12:32:09.961 [] INFO  - org.ligot.afriyan.OngafriyanApplication - Starting OngafriyanApplication using Java 17.0.1 with PID 20660 (C:\Users\GLC\Documents\Project\Java\Formation\bizz\ongafriyan\target\classes started by GLC in C:\Users\GLC\Documents\Project\Java\Formation\bizz\ongafriyan)
2024-10-25 12:32:09.964 [] INFO  - org.ligot.afriyan.OngafriyanApplication - The following 1 profile is active: "dev"
2024-10-25 12:32:10.117 [] INFO  - org.springframework.boot.devtools.env.DevToolsPropertyDefaultsPostProcessor - Devtools property defaults active! Set 'spring.devtools.add-properties' to 'false' to disable
2024-10-25 12:32:10.118 [] INFO  - org.springframework.boot.devtools.env.DevToolsPropertyDefaultsPostProcessor - For additional web related logging consider setting the 'logging.level.web' property to 'DEBUG'
2024-10-25 12:32:13.431 [] INFO  - org.springframework.data.repository.config.RepositoryConfigurationDelegate - Bootstrapping Spring Data JPA repositories in DEFAULT mode.
2024-10-25 12:32:13.995 [] INFO  - org.springframework.data.repository.config.RepositoryConfigurationDelegate - Finished Spring Data repository scanning in 547 ms. Found 40 JPA repository interfaces.
2024-10-25 12:32:15.562 [] INFO  - org.springframework.boot.web.embedded.tomcat.TomcatWebServer - Tomcat initialized with port(s): 8087 (http)
2024-10-25 12:32:15.586 [] INFO  - org.apache.catalina.core.StandardService - Starting service [Tomcat]
2024-10-25 12:32:15.587 [] INFO  - org.apache.catalina.core.StandardEngine - Starting Servlet engine: [Apache Tomcat/10.1.10]
2024-10-25 12:32:15.735 [] INFO  - org.apache.catalina.core.ContainerBase.[Tomcat].[localhost].[/] - Initializing Spring embedded WebApplicationContext
2024-10-25 12:32:15.737 [] INFO  - org.springframework.boot.web.servlet.context.ServletWebServerApplicationContext - Root WebApplicationContext: initialization completed in 5618 ms
2024-10-25 12:32:16.355 [] INFO  - org.hibernate.jpa.internal.util.LogHelper - HHH000204: Processing PersistenceUnitInfo [name: default]
2024-10-25 12:32:16.522 [] INFO  - org.hibernate.Version - HHH000412: Hibernate ORM core version 6.2.5.Final
2024-10-25 12:32:16.529 [] INFO  - org.hibernate.cfg.Environment - HHH000406: Using bytecode reflection optimizer
2024-10-25 12:32:16.873 [] INFO  - org.hibernate.bytecode.internal.BytecodeProviderInitiator - HHH000021: Bytecode provider name : bytebuddy
2024-10-25 12:32:17.206 [] INFO  - org.springframework.orm.jpa.persistenceunit.SpringPersistenceUnitInfo - No LoadTimeWeaver setup: ignoring JPA class transformer
2024-10-25 12:32:17.245 [] INFO  - com.zaxxer.hikari.HikariDataSource - HikariPool-1 - Starting...
2024-10-25 12:32:17.604 [] INFO  - com.zaxxer.hikari.pool.HikariPool - HikariPool-1 - Added connection org.postgresql.jdbc.PgConnection@25c095b9
2024-10-25 12:32:17.607 [] INFO  - com.zaxxer.hikari.HikariDataSource - HikariPool-1 - Start completed.
2024-10-25 12:32:18.728 [] INFO  - org.hibernate.bytecode.internal.BytecodeProviderInitiator - HHH000021: Bytecode provider name : bytebuddy
2024-10-25 12:32:20.477 [] INFO  - org.hibernate.metamodel.internal.EntityInstantiatorPojoStandard - HHH000182: No default (no-argument) constructor for class: org.ligot.afriyan.entities.UserConnect (class must be instantiated by Interceptor)
2024-10-25 12:32:21.346 [] INFO  - org.hibernate.engine.transaction.jta.platform.internal.JtaPlatformInitiator - HHH000490: Using JtaPlatform implementation: [org.hibernate.engine.transaction.jta.platform.internal.NoJtaPlatform]
2024-10-25 12:32:22.304 [] INFO  - org.springframework.orm.jpa.LocalContainerEntityManagerFactoryBean - Initialized JPA EntityManagerFactory for persistence unit 'default'
2024-10-25 12:32:22.855 [] INFO  - org.springframework.data.jpa.repository.query.QueryEnhancerFactory - Hibernate is in classpath; If applicable, HQL parser will be used.
2024-10-25 12:32:27.184 [] INFO  - org.springframework.boot.actuate.endpoint.web.EndpointLinksResolver - Exposing 1 endpoint(s) beneath base path '/actuator'
2024-10-25 12:32:27.303 [] INFO  - org.springframework.security.web.DefaultSecurityFilterChain - Will secure any request with [org.springframework.security.web.session.DisableEncodeUrlFilter@2709d103, org.springframework.security.web.context.request.async.WebAsyncManagerIntegrationFilter@3cd2cbec, org.springframework.security.web.context.SecurityContextHolderFilter@6aead103, org.springframework.security.web.header.HeaderWriterFilter@79921656, org.springframework.security.web.authentication.logout.LogoutFilter@43e0bbe1, org.ligot.afriyan.config.securities.JwtAuthenticationFilter@a032eb1, org.springframework.security.web.savedrequest.RequestCacheAwareFilter@3379f468, org.springframework.security.web.servletapi.SecurityContextHolderAwareRequestFilter@2d687173, org.springframework.security.web.authentication.AnonymousAuthenticationFilter@1d3f707a, org.springframework.security.web.session.SessionManagementFilter@32134095, org.springframework.security.web.access.ExceptionTranslationFilter@348ac834, org.springframework.security.web.access.intercept.AuthorizationFilter@29365ed0]
2024-10-25 12:32:28.060 [] INFO  - org.springframework.boot.devtools.autoconfigure.OptionalLiveReloadServer - LiveReload server is running on port 35729
2024-10-25 12:32:28.230 [] INFO  - org.springframework.boot.web.embedded.tomcat.TomcatWebServer - Tomcat started on port(s): 8087 (http) with context path ''
2024-10-25 12:32:28.264 [] INFO  - org.ligot.afriyan.OngafriyanApplication - Started OngafriyanApplication in 19.1 seconds (process running for 21.321)
2024-10-25 12:32:28.976 [] INFO  - org.apache.catalina.core.ContainerBase.[Tomcat].[localhost].[/] - Initializing Spring DispatcherServlet 'dispatcherServlet'
2024-10-25 12:32:28.977 [] INFO  - org.springframework.web.servlet.DispatcherServlet - Initializing Servlet 'dispatcherServlet'
2024-10-25 12:32:28.981 [] INFO  - org.springframework.web.servlet.DispatcherServlet - Completed initialization in 3 ms
2024-10-25 12:37:22.586 [] INFO  - org.springframework.orm.jpa.LocalContainerEntityManagerFactoryBean - Closing JPA EntityManagerFactory for persistence unit 'default'
2024-10-25 12:37:22.592 [] INFO  - com.zaxxer.hikari.HikariDataSource - HikariPool-1 - Shutdown initiated...
2024-10-25 12:37:22.602 [] INFO  - com.zaxxer.hikari.HikariDataSource - HikariPool-1 - Shutdown completed.
2024-10-25 12:37:30.627 [] INFO  - org.ligot.afriyan.OngafriyanApplication - Starting OngafriyanApplication using Java 17.0.1 with PID 15220 (C:\Users\GLC\Documents\Project\Java\Formation\bizz\ongafriyan\target\classes started by GLC in C:\Users\GLC\Documents\Project\Java\Formation\bizz\ongafriyan)
2024-10-25 12:37:30.632 [] INFO  - org.ligot.afriyan.OngafriyanApplication - The following 1 profile is active: "dev"
2024-10-25 12:37:30.798 [] INFO  - org.springframework.boot.devtools.env.DevToolsPropertyDefaultsPostProcessor - Devtools property defaults active! Set 'spring.devtools.add-properties' to 'false' to disable
2024-10-25 12:37:30.798 [] INFO  - org.springframework.boot.devtools.env.DevToolsPropertyDefaultsPostProcessor - For additional web related logging consider setting the 'logging.level.web' property to 'DEBUG'
2024-10-25 12:37:33.716 [] INFO  - org.springframework.data.repository.config.RepositoryConfigurationDelegate - Bootstrapping Spring Data JPA repositories in DEFAULT mode.
2024-10-25 12:37:34.202 [] INFO  - org.springframework.data.repository.config.RepositoryConfigurationDelegate - Finished Spring Data repository scanning in 472 ms. Found 40 JPA repository interfaces.
2024-10-25 12:37:35.465 [] INFO  - org.springframework.boot.web.embedded.tomcat.TomcatWebServer - Tomcat initialized with port(s): 8087 (http)
2024-10-25 12:37:35.479 [] INFO  - org.apache.catalina.core.StandardService - Starting service [Tomcat]
2024-10-25 12:37:35.480 [] INFO  - org.apache.catalina.core.StandardEngine - Starting Servlet engine: [Apache Tomcat/10.1.10]
2024-10-25 12:37:35.634 [] INFO  - org.apache.catalina.core.ContainerBase.[Tomcat].[localhost].[/] - Initializing Spring embedded WebApplicationContext
2024-10-25 12:37:35.635 [] INFO  - org.springframework.boot.web.servlet.context.ServletWebServerApplicationContext - Root WebApplicationContext: initialization completed in 4836 ms
2024-10-25 12:37:36.132 [] INFO  - org.hibernate.jpa.internal.util.LogHelper - HHH000204: Processing PersistenceUnitInfo [name: default]
2024-10-25 12:37:36.233 [] INFO  - org.hibernate.Version - HHH000412: Hibernate ORM core version 6.2.5.Final
2024-10-25 12:37:36.238 [] INFO  - org.hibernate.cfg.Environment - HHH000406: Using bytecode reflection optimizer
2024-10-25 12:37:36.503 [] INFO  - org.hibernate.bytecode.internal.BytecodeProviderInitiator - HHH000021: Bytecode provider name : bytebuddy
2024-10-25 12:37:36.759 [] INFO  - org.springframework.orm.jpa.persistenceunit.SpringPersistenceUnitInfo - No LoadTimeWeaver setup: ignoring JPA class transformer
2024-10-25 12:37:36.817 [] INFO  - com.zaxxer.hikari.HikariDataSource - HikariPool-1 - Starting...
2024-10-25 12:37:37.115 [] INFO  - com.zaxxer.hikari.pool.HikariPool - HikariPool-1 - Added connection org.postgresql.jdbc.PgConnection@50289efc
2024-10-25 12:37:37.118 [] INFO  - com.zaxxer.hikari.HikariDataSource - HikariPool-1 - Start completed.
2024-10-25 12:37:37.988 [] INFO  - org.hibernate.bytecode.internal.BytecodeProviderInitiator - HHH000021: Bytecode provider name : bytebuddy
2024-10-25 12:37:39.523 [] INFO  - org.hibernate.metamodel.internal.EntityInstantiatorPojoStandard - HHH000182: No default (no-argument) constructor for class: org.ligot.afriyan.entities.UserConnect (class must be instantiated by Interceptor)
2024-10-25 12:37:40.281 [] INFO  - org.hibernate.engine.transaction.jta.platform.internal.JtaPlatformInitiator - HHH000490: Using JtaPlatform implementation: [org.hibernate.engine.transaction.jta.platform.internal.NoJtaPlatform]
2024-10-25 12:37:41.234 [] INFO  - org.springframework.orm.jpa.LocalContainerEntityManagerFactoryBean - Initialized JPA EntityManagerFactory for persistence unit 'default'
2024-10-25 12:37:41.788 [] INFO  - org.springframework.data.jpa.repository.query.QueryEnhancerFactory - Hibernate is in classpath; If applicable, HQL parser will be used.
2024-10-25 12:37:46.485 [] INFO  - org.springframework.boot.actuate.endpoint.web.EndpointLinksResolver - Exposing 1 endpoint(s) beneath base path '/actuator'
2024-10-25 12:37:46.606 [] INFO  - org.springframework.security.web.DefaultSecurityFilterChain - Will secure any request with [org.springframework.security.web.session.DisableEncodeUrlFilter@2d687173, org.springframework.security.web.context.request.async.WebAsyncManagerIntegrationFilter@11b6df14, org.springframework.security.web.context.SecurityContextHolderFilter@fef504f, org.springframework.security.web.header.HeaderWriterFilter@7cbe89, org.springframework.security.web.authentication.logout.LogoutFilter@7fb3fe7d, org.ligot.afriyan.config.securities.JwtAuthenticationFilter@5956130c, org.springframework.security.web.savedrequest.RequestCacheAwareFilter@5e7c1add, org.springframework.security.web.servletapi.SecurityContextHolderAwareRequestFilter@4f1f452d, org.springframework.security.web.authentication.AnonymousAuthenticationFilter@7a912a2a, org.springframework.security.web.session.SessionManagementFilter@766b28d4, org.springframework.security.web.access.ExceptionTranslationFilter@28942926, org.springframework.security.web.access.intercept.AuthorizationFilter@6aead103]
2024-10-25 12:37:47.409 [] INFO  - org.springframework.boot.devtools.autoconfigure.OptionalLiveReloadServer - LiveReload server is running on port 35729
2024-10-25 12:37:47.571 [] INFO  - org.springframework.boot.web.embedded.tomcat.TomcatWebServer - Tomcat started on port(s): 8087 (http) with context path ''
2024-10-25 12:37:47.601 [] INFO  - org.ligot.afriyan.OngafriyanApplication - Started OngafriyanApplication in 17.642 seconds (process running for 19.38)
2024-10-25 12:37:47.930 [] INFO  - org.apache.catalina.core.ContainerBase.[Tomcat].[localhost].[/] - Initializing Spring DispatcherServlet 'dispatcherServlet'
2024-10-25 12:37:47.931 [] INFO  - org.springframework.web.servlet.DispatcherServlet - Initializing Servlet 'dispatcherServlet'
2024-10-25 12:37:47.935 [] INFO  - org.springframework.web.servlet.DispatcherServlet - Completed initialization in 2 ms
2024-10-25 12:39:59.413 [] INFO  - org.springframework.orm.jpa.LocalContainerEntityManagerFactoryBean - Closing JPA EntityManagerFactory for persistence unit 'default'
2024-10-25 12:39:59.419 [] INFO  - com.zaxxer.hikari.HikariDataSource - HikariPool-1 - Shutdown initiated...
2024-10-25 12:39:59.428 [] INFO  - com.zaxxer.hikari.HikariDataSource - HikariPool-1 - Shutdown completed.
2024-10-25 12:40:07.031 [] INFO  - org.ligot.afriyan.OngafriyanApplication - Starting OngafriyanApplication using Java 17.0.1 with PID 18472 (C:\Users\GLC\Documents\Project\Java\Formation\bizz\ongafriyan\target\classes started by GLC in C:\Users\GLC\Documents\Project\Java\Formation\bizz\ongafriyan)
2024-10-25 12:40:07.036 [] INFO  - org.ligot.afriyan.OngafriyanApplication - The following 1 profile is active: "dev"
2024-10-25 12:40:07.218 [] INFO  - org.springframework.boot.devtools.env.DevToolsPropertyDefaultsPostProcessor - Devtools property defaults active! Set 'spring.devtools.add-properties' to 'false' to disable
2024-10-25 12:40:07.219 [] INFO  - org.springframework.boot.devtools.env.DevToolsPropertyDefaultsPostProcessor - For additional web related logging consider setting the 'logging.level.web' property to 'DEBUG'
2024-10-25 12:40:09.955 [] INFO  - org.springframework.data.repository.config.RepositoryConfigurationDelegate - Bootstrapping Spring Data JPA repositories in DEFAULT mode.
2024-10-25 12:40:10.428 [] INFO  - org.springframework.data.repository.config.RepositoryConfigurationDelegate - Finished Spring Data repository scanning in 458 ms. Found 40 JPA repository interfaces.
2024-10-25 12:40:11.734 [] INFO  - org.springframework.boot.web.embedded.tomcat.TomcatWebServer - Tomcat initialized with port(s): 8087 (http)
2024-10-25 12:40:11.749 [] INFO  - org.apache.catalina.core.StandardService - Starting service [Tomcat]
2024-10-25 12:40:11.749 [] INFO  - org.apache.catalina.core.StandardEngine - Starting Servlet engine: [Apache Tomcat/10.1.10]
2024-10-25 12:40:11.873 [] INFO  - org.apache.catalina.core.ContainerBase.[Tomcat].[localhost].[/] - Initializing Spring embedded WebApplicationContext
2024-10-25 12:40:11.874 [] INFO  - org.springframework.boot.web.servlet.context.ServletWebServerApplicationContext - Root WebApplicationContext: initialization completed in 4654 ms
2024-10-25 12:40:12.329 [] INFO  - org.hibernate.jpa.internal.util.LogHelper - HHH000204: Processing PersistenceUnitInfo [name: default]
2024-10-25 12:40:12.428 [] INFO  - org.hibernate.Version - HHH000412: Hibernate ORM core version 6.2.5.Final
2024-10-25 12:40:12.433 [] INFO  - org.hibernate.cfg.Environment - HHH000406: Using bytecode reflection optimizer
2024-10-25 12:40:12.712 [] INFO  - org.hibernate.bytecode.internal.BytecodeProviderInitiator - HHH000021: Bytecode provider name : bytebuddy
2024-10-25 12:40:12.963 [] INFO  - org.springframework.orm.jpa.persistenceunit.SpringPersistenceUnitInfo - No LoadTimeWeaver setup: ignoring JPA class transformer
2024-10-25 12:40:12.998 [] INFO  - com.zaxxer.hikari.HikariDataSource - HikariPool-1 - Starting...
2024-10-25 12:40:13.305 [] INFO  - com.zaxxer.hikari.pool.HikariPool - HikariPool-1 - Added connection org.postgresql.jdbc.PgConnection@1ec1bbc9
2024-10-25 12:40:13.308 [] INFO  - com.zaxxer.hikari.HikariDataSource - HikariPool-1 - Start completed.
2024-10-25 12:40:14.644 [] INFO  - org.hibernate.bytecode.internal.BytecodeProviderInitiator - HHH000021: Bytecode provider name : bytebuddy
2024-10-25 12:40:16.521 [] INFO  - org.hibernate.metamodel.internal.EntityInstantiatorPojoStandard - HHH000182: No default (no-argument) constructor for class: org.ligot.afriyan.entities.UserConnect (class must be instantiated by Interceptor)
2024-10-25 12:40:17.421 [] INFO  - org.hibernate.engine.transaction.jta.platform.internal.JtaPlatformInitiator - HHH000490: Using JtaPlatform implementation: [org.hibernate.engine.transaction.jta.platform.internal.NoJtaPlatform]
2024-10-25 12:40:18.437 [] INFO  - org.springframework.orm.jpa.LocalContainerEntityManagerFactoryBean - Initialized JPA EntityManagerFactory for persistence unit 'default'
2024-10-25 12:40:18.983 [] INFO  - org.springframework.data.jpa.repository.query.QueryEnhancerFactory - Hibernate is in classpath; If applicable, HQL parser will be used.
2024-10-25 12:40:23.314 [] INFO  - org.springframework.boot.actuate.endpoint.web.EndpointLinksResolver - Exposing 1 endpoint(s) beneath base path '/actuator'
2024-10-25 12:40:23.461 [] INFO  - org.springframework.security.web.DefaultSecurityFilterChain - Will secure any request with [org.springframework.security.web.session.DisableEncodeUrlFilter@68f51d14, org.springframework.security.web.context.request.async.WebAsyncManagerIntegrationFilter@da26b80, org.springframework.security.web.context.SecurityContextHolderFilter@5c8f2efd, org.springframework.security.web.header.HeaderWriterFilter@75af45a4, org.springframework.security.web.authentication.logout.LogoutFilter@5f6f7c03, org.ligot.afriyan.config.securities.JwtAuthenticationFilter@2016fb85, org.springframework.security.web.savedrequest.RequestCacheAwareFilter@65d0bd4e, org.springframework.security.web.servletapi.SecurityContextHolderAwareRequestFilter@61ba7a5b, org.springframework.security.web.authentication.AnonymousAuthenticationFilter@302f5def, org.springframework.security.web.session.SessionManagementFilter@649dd568, org.springframework.security.web.access.ExceptionTranslationFilter@23177b07, org.springframework.security.web.access.intercept.AuthorizationFilter@33cc1d3]
2024-10-25 12:40:24.258 [] INFO  - org.springframework.boot.devtools.autoconfigure.OptionalLiveReloadServer - LiveReload server is running on port 35729
2024-10-25 12:40:24.412 [] INFO  - org.springframework.boot.web.embedded.tomcat.TomcatWebServer - Tomcat started on port(s): 8087 (http) with context path ''
2024-10-25 12:40:24.446 [] INFO  - org.ligot.afriyan.OngafriyanApplication - Started OngafriyanApplication in 18.082 seconds (process running for 19.73)
2024-10-25 12:40:25.104 [] INFO  - org.apache.catalina.core.ContainerBase.[Tomcat].[localhost].[/] - Initializing Spring DispatcherServlet 'dispatcherServlet'
2024-10-25 12:40:25.105 [] INFO  - org.springframework.web.servlet.DispatcherServlet - Initializing Servlet 'dispatcherServlet'
2024-10-25 12:40:25.108 [] INFO  - org.springframework.web.servlet.DispatcherServlet - Completed initialization in 3 ms
2024-10-25 12:42:22.062 [] INFO  - org.springframework.orm.jpa.LocalContainerEntityManagerFactoryBean - Closing JPA EntityManagerFactory for persistence unit 'default'
2024-10-25 12:42:22.332 [] INFO  - com.zaxxer.hikari.HikariDataSource - HikariPool-1 - Shutdown initiated...
2024-10-25 12:42:22.508 [] INFO  - com.zaxxer.hikari.HikariDataSource - HikariPool-1 - Shutdown completed.
2024-10-25 12:42:29.912 [] INFO  - org.ligot.afriyan.OngafriyanApplication - Starting OngafriyanApplication using Java 17.0.1 with PID 14636 (C:\Users\GLC\Documents\Project\Java\Formation\bizz\ongafriyan\target\classes started by GLC in C:\Users\GLC\Documents\Project\Java\Formation\bizz\ongafriyan)
2024-10-25 12:42:29.916 [] INFO  - org.ligot.afriyan.OngafriyanApplication - The following 1 profile is active: "dev"
2024-10-25 12:42:30.048 [] INFO  - org.springframework.boot.devtools.env.DevToolsPropertyDefaultsPostProcessor - Devtools property defaults active! Set 'spring.devtools.add-properties' to 'false' to disable
2024-10-25 12:42:30.048 [] INFO  - org.springframework.boot.devtools.env.DevToolsPropertyDefaultsPostProcessor - For additional web related logging consider setting the 'logging.level.web' property to 'DEBUG'
2024-10-25 12:42:32.707 [] INFO  - org.springframework.data.repository.config.RepositoryConfigurationDelegate - Bootstrapping Spring Data JPA repositories in DEFAULT mode.
2024-10-25 12:42:33.187 [] INFO  - org.springframework.data.repository.config.RepositoryConfigurationDelegate - Finished Spring Data repository scanning in 466 ms. Found 40 JPA repository interfaces.
2024-10-25 12:42:34.443 [] INFO  - org.springframework.boot.web.embedded.tomcat.TomcatWebServer - Tomcat initialized with port(s): 8087 (http)
2024-10-25 12:42:34.458 [] INFO  - org.apache.catalina.core.StandardService - Starting service [Tomcat]
2024-10-25 12:42:34.459 [] INFO  - org.apache.catalina.core.StandardEngine - Starting Servlet engine: [Apache Tomcat/10.1.10]
2024-10-25 12:42:34.600 [] INFO  - org.apache.catalina.core.ContainerBase.[Tomcat].[localhost].[/] - Initializing Spring embedded WebApplicationContext
2024-10-25 12:42:34.601 [] INFO  - org.springframework.boot.web.servlet.context.ServletWebServerApplicationContext - Root WebApplicationContext: initialization completed in 4551 ms
2024-10-25 12:42:35.076 [] INFO  - org.hibernate.jpa.internal.util.LogHelper - HHH000204: Processing PersistenceUnitInfo [name: default]
2024-10-25 12:42:35.178 [] INFO  - org.hibernate.Version - HHH000412: Hibernate ORM core version 6.2.5.Final
2024-10-25 12:42:35.183 [] INFO  - org.hibernate.cfg.Environment - HHH000406: Using bytecode reflection optimizer
2024-10-25 12:42:35.430 [] INFO  - org.hibernate.bytecode.internal.BytecodeProviderInitiator - HHH000021: Bytecode provider name : bytebuddy
2024-10-25 12:42:35.672 [] INFO  - org.springframework.orm.jpa.persistenceunit.SpringPersistenceUnitInfo - No LoadTimeWeaver setup: ignoring JPA class transformer
2024-10-25 12:42:35.700 [] INFO  - com.zaxxer.hikari.HikariDataSource - HikariPool-1 - Starting...
2024-10-25 12:42:35.982 [] INFO  - com.zaxxer.hikari.pool.HikariPool - HikariPool-1 - Added connection org.postgresql.jdbc.PgConnection@5574b3c6
2024-10-25 12:42:35.985 [] INFO  - com.zaxxer.hikari.HikariDataSource - HikariPool-1 - Start completed.
2024-10-25 12:42:36.895 [] INFO  - org.hibernate.bytecode.internal.BytecodeProviderInitiator - HHH000021: Bytecode provider name : bytebuddy
2024-10-25 12:42:38.438 [] INFO  - org.hibernate.metamodel.internal.EntityInstantiatorPojoStandard - HHH000182: No default (no-argument) constructor for class: org.ligot.afriyan.entities.UserConnect (class must be instantiated by Interceptor)
2024-10-25 12:42:39.211 [] INFO  - org.hibernate.engine.transaction.jta.platform.internal.JtaPlatformInitiator - HHH000490: Using JtaPlatform implementation: [org.hibernate.engine.transaction.jta.platform.internal.NoJtaPlatform]
2024-10-25 12:42:40.129 [] INFO  - org.springframework.orm.jpa.LocalContainerEntityManagerFactoryBean - Initialized JPA EntityManagerFactory for persistence unit 'default'
2024-10-25 12:42:40.690 [] INFO  - org.springframework.data.jpa.repository.query.QueryEnhancerFactory - Hibernate is in classpath; If applicable, HQL parser will be used.
2024-10-25 12:42:44.969 [] INFO  - org.springframework.boot.actuate.endpoint.web.EndpointLinksResolver - Exposing 1 endpoint(s) beneath base path '/actuator'
2024-10-25 12:42:45.099 [] INFO  - org.springframework.security.web.DefaultSecurityFilterChain - Will secure any request with [org.springframework.security.web.session.DisableEncodeUrlFilter@56cf9911, org.springframework.security.web.context.request.async.WebAsyncManagerIntegrationFilter@34f4076c, org.springframework.security.web.context.SecurityContextHolderFilter@6602c008, org.springframework.security.web.header.HeaderWriterFilter@61ba7a5b, org.springframework.security.web.authentication.logout.LogoutFilter@302f5def, org.ligot.afriyan.config.securities.JwtAuthenticationFilter@24af291b, org.springframework.security.web.savedrequest.RequestCacheAwareFilter@671e2aff, org.springframework.security.web.servletapi.SecurityContextHolderAwareRequestFilter@7fa14910, org.springframework.security.web.authentication.AnonymousAuthenticationFilter@a85089b, org.springframework.security.web.session.SessionManagementFilter@8a1e688, org.springframework.security.web.access.ExceptionTranslationFilter@56338691, org.springframework.security.web.access.intercept.AuthorizationFilter@76728569]
2024-10-25 12:42:45.870 [] INFO  - org.springframework.boot.devtools.autoconfigure.OptionalLiveReloadServer - LiveReload server is running on port 35729
2024-10-25 12:42:46.031 [] INFO  - org.springframework.boot.web.embedded.tomcat.TomcatWebServer - Tomcat started on port(s): 8087 (http) with context path ''
2024-10-25 12:42:46.063 [] INFO  - org.ligot.afriyan.OngafriyanApplication - Started OngafriyanApplication in 16.795 seconds (process running for 18.489)
2024-10-25 12:42:46.746 [] INFO  - org.apache.catalina.core.ContainerBase.[Tomcat].[localhost].[/] - Initializing Spring DispatcherServlet 'dispatcherServlet'
2024-10-25 12:42:46.746 [] INFO  - org.springframework.web.servlet.DispatcherServlet - Initializing Servlet 'dispatcherServlet'
2024-10-25 12:42:46.750 [] INFO  - org.springframework.web.servlet.DispatcherServlet - Completed initialization in 2 ms
2024-10-25 17:01:40.763 [] INFO  - org.springframework.orm.jpa.LocalContainerEntityManagerFactoryBean - Closing JPA EntityManagerFactory for persistence unit 'default'
2024-10-25 17:01:40.841 [] INFO  - com.zaxxer.hikari.HikariDataSource - HikariPool-1 - Shutdown initiated...
2024-10-25 17:01:40.861 [] INFO  - com.zaxxer.hikari.HikariDataSource - HikariPool-1 - Shutdown completed.
2024-10-25 17:05:31.412 [] INFO  - org.ligot.afriyan.OngafriyanApplication - Starting OngafriyanApplication using Java 17.0.1 with PID 22436 (C:\Users\GLC\Documents\Project\Java\Formation\bizz\ongafriyan\target\classes started by GLC in C:\Users\GLC\Documents\Project\Java\Formation\bizz\ongafriyan)
2024-10-25 17:05:31.416 [] INFO  - org.ligot.afriyan.OngafriyanApplication - The following 1 profile is active: "dev"
2024-10-25 17:05:31.585 [] INFO  - org.springframework.boot.devtools.env.DevToolsPropertyDefaultsPostProcessor - Devtools property defaults active! Set 'spring.devtools.add-properties' to 'false' to disable
2024-10-25 17:05:31.585 [] INFO  - org.springframework.boot.devtools.env.DevToolsPropertyDefaultsPostProcessor - For additional web related logging consider setting the 'logging.level.web' property to 'DEBUG'
2024-10-25 17:05:34.755 [] INFO  - org.springframework.data.repository.config.RepositoryConfigurationDelegate - Bootstrapping Spring Data JPA repositories in DEFAULT mode.
2024-10-25 17:05:35.236 [] INFO  - org.springframework.data.repository.config.RepositoryConfigurationDelegate - Finished Spring Data repository scanning in 465 ms. Found 40 JPA repository interfaces.
2024-10-25 17:05:36.595 [] INFO  - org.springframework.boot.web.embedded.tomcat.TomcatWebServer - Tomcat initialized with port(s): 8087 (http)
2024-10-25 17:05:36.612 [] INFO  - org.apache.catalina.core.StandardService - Starting service [Tomcat]
2024-10-25 17:05:36.613 [] INFO  - org.apache.catalina.core.StandardEngine - Starting Servlet engine: [Apache Tomcat/10.1.10]
2024-10-25 17:05:36.752 [] INFO  - org.apache.catalina.core.ContainerBase.[Tomcat].[localhost].[/] - Initializing Spring embedded WebApplicationContext
2024-10-25 17:05:36.752 [] INFO  - org.springframework.boot.web.servlet.context.ServletWebServerApplicationContext - Root WebApplicationContext: initialization completed in 5166 ms
2024-10-25 17:05:37.245 [] INFO  - org.hibernate.jpa.internal.util.LogHelper - HHH000204: Processing PersistenceUnitInfo [name: default]
2024-10-25 17:05:37.367 [] INFO  - org.hibernate.Version - HHH000412: Hibernate ORM core version 6.2.5.Final
2024-10-25 17:05:37.372 [] INFO  - org.hibernate.cfg.Environment - HHH000406: Using bytecode reflection optimizer
2024-10-25 17:05:37.669 [] INFO  - org.hibernate.bytecode.internal.BytecodeProviderInitiator - HHH000021: Bytecode provider name : bytebuddy
2024-10-25 17:05:37.946 [] INFO  - org.springframework.orm.jpa.persistenceunit.SpringPersistenceUnitInfo - No LoadTimeWeaver setup: ignoring JPA class transformer
2024-10-25 17:05:37.980 [] INFO  - com.zaxxer.hikari.HikariDataSource - HikariPool-1 - Starting...
2024-10-25 17:05:38.327 [] INFO  - com.zaxxer.hikari.pool.HikariPool - HikariPool-1 - Added connection org.postgresql.jdbc.PgConnection@56f5ceb5
2024-10-25 17:05:38.330 [] INFO  - com.zaxxer.hikari.HikariDataSource - HikariPool-1 - Start completed.
2024-10-25 17:05:39.286 [] INFO  - org.hibernate.bytecode.internal.BytecodeProviderInitiator - HHH000021: Bytecode provider name : bytebuddy
2024-10-25 17:05:40.936 [] INFO  - org.hibernate.metamodel.internal.EntityInstantiatorPojoStandard - HHH000182: No default (no-argument) constructor for class: org.ligot.afriyan.entities.UserConnect (class must be instantiated by Interceptor)
2024-10-25 17:05:41.832 [] INFO  - org.hibernate.engine.transaction.jta.platform.internal.JtaPlatformInitiator - HHH000490: Using JtaPlatform implementation: [org.hibernate.engine.transaction.jta.platform.internal.NoJtaPlatform]
2024-10-25 17:05:42.789 [] INFO  - org.springframework.orm.jpa.LocalContainerEntityManagerFactoryBean - Initialized JPA EntityManagerFactory for persistence unit 'default'
2024-10-25 17:05:43.387 [] INFO  - org.springframework.data.jpa.repository.query.QueryEnhancerFactory - Hibernate is in classpath; If applicable, HQL parser will be used.
2024-10-25 17:05:48.837 [] INFO  - org.springframework.boot.actuate.endpoint.web.EndpointLinksResolver - Exposing 1 endpoint(s) beneath base path '/actuator'
2024-10-25 17:05:48.964 [] INFO  - org.springframework.security.web.DefaultSecurityFilterChain - Will secure any request with [org.springframework.security.web.session.DisableEncodeUrlFilter@4840ca37, org.springframework.security.web.context.request.async.WebAsyncManagerIntegrationFilter@14e83a5c, org.springframework.security.web.context.SecurityContextHolderFilter@537820a7, org.springframework.security.web.header.HeaderWriterFilter@48f25e5d, org.springframework.security.web.authentication.logout.LogoutFilter@696fc7df, org.ligot.afriyan.config.securities.JwtAuthenticationFilter@9730574, org.springframework.security.web.savedrequest.RequestCacheAwareFilter@54fff9ec, org.springframework.security.web.servletapi.SecurityContextHolderAwareRequestFilter@65279834, org.springframework.security.web.authentication.AnonymousAuthenticationFilter@4fcf539f, org.springframework.security.web.session.SessionManagementFilter@66fdff79, org.springframework.security.web.access.ExceptionTranslationFilter@527d1b6a, org.springframework.security.web.access.intercept.AuthorizationFilter@39bfdee]
2024-10-25 17:05:50.433 [] INFO  - org.springframework.boot.devtools.autoconfigure.OptionalLiveReloadServer - LiveReload server is running on port 35729
2024-10-25 17:05:50.585 [] INFO  - org.springframework.boot.web.embedded.tomcat.TomcatWebServer - Tomcat started on port(s): 8087 (http) with context path ''
2024-10-25 17:05:50.617 [] INFO  - org.ligot.afriyan.OngafriyanApplication - Started OngafriyanApplication in 19.956 seconds (process running for 22.643)
2024-10-25 17:05:51.409 [] INFO  - org.apache.catalina.core.ContainerBase.[Tomcat].[localhost].[/] - Initializing Spring DispatcherServlet 'dispatcherServlet'
2024-10-25 17:05:51.409 [] INFO  - org.springframework.web.servlet.DispatcherServlet - Initializing Servlet 'dispatcherServlet'
2024-10-25 17:05:51.413 [] INFO  - org.springframework.web.servlet.DispatcherServlet - Completed initialization in 3 ms
2024-10-25 18:25:58.364 [] INFO  - org.springframework.orm.jpa.LocalContainerEntityManagerFactoryBean - Closing JPA EntityManagerFactory for persistence unit 'default'
2024-10-25 18:25:58.418 [] INFO  - com.zaxxer.hikari.HikariDataSource - HikariPool-1 - Shutdown initiated...
2024-10-25 18:25:58.431 [] INFO  - com.zaxxer.hikari.HikariDataSource - HikariPool-1 - Shutdown completed.
2024-10-25 18:26:11.388 [] INFO  - org.ligot.afriyan.OngafriyanApplication - Starting OngafriyanApplication using Java 17.0.1 with PID 3884 (C:\Users\GLC\Documents\Project\Java\Formation\bizz\ongafriyan\target\classes started by GLC in C:\Users\GLC\Documents\Project\Java\Formation\bizz\ongafriyan)
2024-10-25 18:26:11.391 [] INFO  - org.ligot.afriyan.OngafriyanApplication - The following 1 profile is active: "dev"
2024-10-25 18:26:11.555 [] INFO  - org.springframework.boot.devtools.env.DevToolsPropertyDefaultsPostProcessor - Devtools property defaults active! Set 'spring.devtools.add-properties' to 'false' to disable
2024-10-25 18:26:11.556 [] INFO  - org.springframework.boot.devtools.env.DevToolsPropertyDefaultsPostProcessor - For additional web related logging consider setting the 'logging.level.web' property to 'DEBUG'
2024-10-25 18:26:14.460 [] INFO  - org.springframework.data.repository.config.RepositoryConfigurationDelegate - Bootstrapping Spring Data JPA repositories in DEFAULT mode.
2024-10-25 18:26:15.058 [] INFO  - org.springframework.data.repository.config.RepositoryConfigurationDelegate - Finished Spring Data repository scanning in 582 ms. Found 40 JPA repository interfaces.
2024-10-25 18:26:16.494 [] INFO  - org.springframework.boot.web.embedded.tomcat.TomcatWebServer - Tomcat initialized with port(s): 8087 (http)
2024-10-25 18:26:16.513 [] INFO  - org.apache.catalina.core.StandardService - Starting service [Tomcat]
2024-10-25 18:26:16.514 [] INFO  - org.apache.catalina.core.StandardEngine - Starting Servlet engine: [Apache Tomcat/10.1.10]
2024-10-25 18:26:16.699 [] INFO  - org.apache.catalina.core.ContainerBase.[Tomcat].[localhost].[/] - Initializing Spring embedded WebApplicationContext
2024-10-25 18:26:16.700 [] INFO  - org.springframework.boot.web.servlet.context.ServletWebServerApplicationContext - Root WebApplicationContext: initialization completed in 5141 ms
2024-10-25 18:26:17.210 [] INFO  - org.hibernate.jpa.internal.util.LogHelper - HHH000204: Processing PersistenceUnitInfo [name: default]
2024-10-25 18:26:17.327 [] INFO  - org.hibernate.Version - HHH000412: Hibernate ORM core version 6.2.5.Final
2024-10-25 18:26:17.332 [] INFO  - org.hibernate.cfg.Environment - HHH000406: Using bytecode reflection optimizer
2024-10-25 18:26:17.630 [] INFO  - org.hibernate.bytecode.internal.BytecodeProviderInitiator - HHH000021: Bytecode provider name : bytebuddy
2024-10-25 18:26:17.909 [] INFO  - org.springframework.orm.jpa.persistenceunit.SpringPersistenceUnitInfo - No LoadTimeWeaver setup: ignoring JPA class transformer
2024-10-25 18:26:17.940 [] INFO  - com.zaxxer.hikari.HikariDataSource - HikariPool-1 - Starting...
2024-10-25 18:26:18.281 [] INFO  - com.zaxxer.hikari.pool.HikariPool - HikariPool-1 - Added connection org.postgresql.jdbc.PgConnection@25c095b9
2024-10-25 18:26:18.284 [] INFO  - com.zaxxer.hikari.HikariDataSource - HikariPool-1 - Start completed.
2024-10-25 18:26:19.223 [] INFO  - org.hibernate.bytecode.internal.BytecodeProviderInitiator - HHH000021: Bytecode provider name : bytebuddy
2024-10-25 18:26:20.825 [] INFO  - org.hibernate.metamodel.internal.EntityInstantiatorPojoStandard - HHH000182: No default (no-argument) constructor for class: org.ligot.afriyan.entities.UserConnect (class must be instantiated by Interceptor)
2024-10-25 18:26:21.643 [] INFO  - org.hibernate.engine.transaction.jta.platform.internal.JtaPlatformInitiator - HHH000490: Using JtaPlatform implementation: [org.hibernate.engine.transaction.jta.platform.internal.NoJtaPlatform]
2024-10-25 18:26:22.638 [] INFO  - org.springframework.orm.jpa.LocalContainerEntityManagerFactoryBean - Initialized JPA EntityManagerFactory for persistence unit 'default'
2024-10-25 18:26:23.224 [] INFO  - org.springframework.data.jpa.repository.query.QueryEnhancerFactory - Hibernate is in classpath; If applicable, HQL parser will be used.
2024-10-25 18:26:28.153 [] INFO  - org.springframework.boot.actuate.endpoint.web.EndpointLinksResolver - Exposing 1 endpoint(s) beneath base path '/actuator'
2024-10-25 18:26:28.292 [] INFO  - org.springframework.security.web.DefaultSecurityFilterChain - Will secure any request with [org.springframework.security.web.session.DisableEncodeUrlFilter@51e3e4a5, org.springframework.security.web.context.request.async.WebAsyncManagerIntegrationFilter@78ed496e, org.springframework.security.web.context.SecurityContextHolderFilter@10be9570, org.springframework.security.web.header.HeaderWriterFilter@4b96860c, org.springframework.security.web.authentication.logout.LogoutFilter@4f537d84, org.ligot.afriyan.config.securities.JwtAuthenticationFilter@6de4e3eb, org.springframework.security.web.savedrequest.RequestCacheAwareFilter@5aba4e7e, org.springframework.security.web.servletapi.SecurityContextHolderAwareRequestFilter@70e6cb0c, org.springframework.security.web.authentication.AnonymousAuthenticationFilter@cf4542e, org.springframework.security.web.session.SessionManagementFilter@7dca84e1, org.springframework.security.web.access.ExceptionTranslationFilter@3a0719a9, org.springframework.security.web.access.intercept.AuthorizationFilter@28e028e7]
2024-10-25 18:26:29.372 [] INFO  - org.springframework.boot.devtools.autoconfigure.OptionalLiveReloadServer - LiveReload server is running on port 35729
2024-10-25 18:26:29.534 [] INFO  - org.springframework.boot.web.embedded.tomcat.TomcatWebServer - Tomcat started on port(s): 8087 (http) with context path ''
2024-10-25 18:26:29.571 [] INFO  - org.ligot.afriyan.OngafriyanApplication - Started OngafriyanApplication in 18.896 seconds (process running for 20.878)
2024-10-25 18:26:30.087 [] INFO  - org.apache.catalina.core.ContainerBase.[Tomcat].[localhost].[/] - Initializing Spring DispatcherServlet 'dispatcherServlet'
2024-10-25 18:26:30.088 [] INFO  - org.springframework.web.servlet.DispatcherServlet - Initializing Servlet 'dispatcherServlet'
2024-10-25 18:26:30.094 [] INFO  - org.springframework.web.servlet.DispatcherServlet - Completed initialization in 3 ms
2024-10-25 18:27:24.739 [] INFO  - org.springframework.orm.jpa.LocalContainerEntityManagerFactoryBean - Closing JPA EntityManagerFactory for persistence unit 'default'
2024-10-25 18:27:24.745 [] INFO  - com.zaxxer.hikari.HikariDataSource - HikariPool-1 - Shutdown initiated...
2024-10-25 18:27:24.765 [] INFO  - com.zaxxer.hikari.HikariDataSource - HikariPool-1 - Shutdown completed.
2024-10-25 18:27:32.410 [] INFO  - org.ligot.afriyan.OngafriyanApplication - Starting OngafriyanApplication using Java 17.0.1 with PID 22924 (C:\Users\GLC\Documents\Project\Java\Formation\bizz\ongafriyan\target\classes started by GLC in C:\Users\GLC\Documents\Project\Java\Formation\bizz\ongafriyan)
2024-10-25 18:27:32.414 [] INFO  - org.ligot.afriyan.OngafriyanApplication - The following 1 profile is active: "dev"
2024-10-25 18:27:32.559 [] INFO  - org.springframework.boot.devtools.env.DevToolsPropertyDefaultsPostProcessor - Devtools property defaults active! Set 'spring.devtools.add-properties' to 'false' to disable
2024-10-25 18:27:32.559 [] INFO  - org.springframework.boot.devtools.env.DevToolsPropertyDefaultsPostProcessor - For additional web related logging consider setting the 'logging.level.web' property to 'DEBUG'
2024-10-25 18:27:35.152 [] INFO  - org.springframework.data.repository.config.RepositoryConfigurationDelegate - Bootstrapping Spring Data JPA repositories in DEFAULT mode.
2024-10-25 18:27:35.627 [] INFO  - org.springframework.data.repository.config.RepositoryConfigurationDelegate - Finished Spring Data repository scanning in 461 ms. Found 40 JPA repository interfaces.
2024-10-25 18:27:37.004 [] INFO  - org.springframework.boot.web.embedded.tomcat.TomcatWebServer - Tomcat initialized with port(s): 8087 (http)
2024-10-25 18:27:37.021 [] INFO  - org.apache.catalina.core.StandardService - Starting service [Tomcat]
2024-10-25 18:27:37.021 [] INFO  - org.apache.catalina.core.StandardEngine - Starting Servlet engine: [Apache Tomcat/10.1.10]
2024-10-25 18:27:37.169 [] INFO  - org.apache.catalina.core.ContainerBase.[Tomcat].[localhost].[/] - Initializing Spring embedded WebApplicationContext
2024-10-25 18:27:37.170 [] INFO  - org.springframework.boot.web.servlet.context.ServletWebServerApplicationContext - Root WebApplicationContext: initialization completed in 4610 ms
2024-10-25 18:27:37.748 [] INFO  - org.hibernate.jpa.internal.util.LogHelper - HHH000204: Processing PersistenceUnitInfo [name: default]
2024-10-25 18:27:37.954 [] INFO  - org.hibernate.Version - HHH000412: Hibernate ORM core version 6.2.5.Final
2024-10-25 18:27:37.967 [] INFO  - org.hibernate.cfg.Environment - HHH000406: Using bytecode reflection optimizer
2024-10-25 18:27:38.510 [] INFO  - org.hibernate.bytecode.internal.BytecodeProviderInitiator - HHH000021: Bytecode provider name : bytebuddy
2024-10-25 18:27:38.783 [] INFO  - org.springframework.orm.jpa.persistenceunit.SpringPersistenceUnitInfo - No LoadTimeWeaver setup: ignoring JPA class transformer
2024-10-25 18:27:38.818 [] INFO  - com.zaxxer.hikari.HikariDataSource - HikariPool-1 - Starting...
2024-10-25 18:27:39.115 [] INFO  - com.zaxxer.hikari.pool.HikariPool - HikariPool-1 - Added connection org.postgresql.jdbc.PgConnection@397e46e1
2024-10-25 18:27:39.117 [] INFO  - com.zaxxer.hikari.HikariDataSource - HikariPool-1 - Start completed.
2024-10-25 18:27:40.148 [] INFO  - org.hibernate.bytecode.internal.BytecodeProviderInitiator - HHH000021: Bytecode provider name : bytebuddy
2024-10-25 18:27:41.820 [] INFO  - org.hibernate.metamodel.internal.EntityInstantiatorPojoStandard - HHH000182: No default (no-argument) constructor for class: org.ligot.afriyan.entities.UserConnect (class must be instantiated by Interceptor)
2024-10-25 18:27:42.680 [] INFO  - org.hibernate.engine.transaction.jta.platform.internal.JtaPlatformInitiator - HHH000490: Using JtaPlatform implementation: [org.hibernate.engine.transaction.jta.platform.internal.NoJtaPlatform]
2024-10-25 18:27:43.669 [] INFO  - org.springframework.orm.jpa.LocalContainerEntityManagerFactoryBean - Initialized JPA EntityManagerFactory for persistence unit 'default'
2024-10-25 18:27:44.339 [] INFO  - org.springframework.data.jpa.repository.query.QueryEnhancerFactory - Hibernate is in classpath; If applicable, HQL parser will be used.
2024-10-25 18:27:49.253 [] INFO  - org.springframework.boot.actuate.endpoint.web.EndpointLinksResolver - Exposing 1 endpoint(s) beneath base path '/actuator'
2024-10-25 18:27:49.385 [] INFO  - org.springframework.security.web.DefaultSecurityFilterChain - Will secure any request with [org.springframework.security.web.session.DisableEncodeUrlFilter@2f2f688c, org.springframework.security.web.context.request.async.WebAsyncManagerIntegrationFilter@4d21fcb6, org.springframework.security.web.context.SecurityContextHolderFilter@6b1451d2, org.springframework.security.web.header.HeaderWriterFilter@dac2879, org.springframework.security.web.authentication.logout.LogoutFilter@79bafb8b, org.ligot.afriyan.config.securities.JwtAuthenticationFilter@3f6fea0c, org.springframework.security.web.savedrequest.RequestCacheAwareFilter@43580b6d, org.springframework.security.web.servletapi.SecurityContextHolderAwareRequestFilter@4b976b21, org.springframework.security.web.authentication.AnonymousAuthenticationFilter@21e28c7d, org.springframework.security.web.session.SessionManagementFilter@46c5e920, org.springframework.security.web.access.ExceptionTranslationFilter@1d3da03f, org.springframework.security.web.access.intercept.AuthorizationFilter@69816da2]
2024-10-25 18:27:50.236 [] INFO  - org.springframework.boot.devtools.autoconfigure.OptionalLiveReloadServer - LiveReload server is running on port 35729
2024-10-25 18:27:50.380 [] INFO  - org.springframework.boot.web.embedded.tomcat.TomcatWebServer - Tomcat started on port(s): 8087 (http) with context path ''
2024-10-25 18:27:50.413 [] INFO  - org.ligot.afriyan.OngafriyanApplication - Started OngafriyanApplication in 18.704 seconds (process running for 20.514)
2024-10-25 18:27:51.040 [] INFO  - org.apache.catalina.core.ContainerBase.[Tomcat].[localhost].[/] - Initializing Spring DispatcherServlet 'dispatcherServlet'
2024-10-25 18:27:51.042 [] INFO  - org.springframework.web.servlet.DispatcherServlet - Initializing Servlet 'dispatcherServlet'
2024-10-25 18:27:51.047 [] INFO  - org.springframework.web.servlet.DispatcherServlet - Completed initialization in 4 ms
2024-10-25 18:28:13.822 [] INFO  - org.springdoc.api.AbstractOpenApiResource - Init duration for springdoc-openapi is: 2968 ms
2024-10-25 18:45:36.149 [] INFO  - org.springframework.orm.jpa.LocalContainerEntityManagerFactoryBean - Closing JPA EntityManagerFactory for persistence unit 'default'
2024-10-25 18:45:36.155 [] INFO  - com.zaxxer.hikari.HikariDataSource - HikariPool-1 - Shutdown initiated...
2024-10-25 18:45:36.168 [] INFO  - com.zaxxer.hikari.HikariDataSource - HikariPool-1 - Shutdown completed.
2024-10-25 18:45:48.774 [] INFO  - org.ligot.afriyan.OngafriyanApplication - Starting OngafriyanApplication using Java 17.0.1 with PID 8908 (C:\Users\GLC\Documents\Project\Java\Formation\bizz\ongafriyan\target\classes started by GLC in C:\Users\GLC\Documents\Project\Java\Formation\bizz\ongafriyan)
2024-10-25 18:45:48.779 [] INFO  - org.ligot.afriyan.OngafriyanApplication - The following 1 profile is active: "dev"
2024-10-25 18:45:48.954 [] INFO  - org.springframework.boot.devtools.env.DevToolsPropertyDefaultsPostProcessor - Devtools property defaults active! Set 'spring.devtools.add-properties' to 'false' to disable
2024-10-25 18:45:48.954 [] INFO  - org.springframework.boot.devtools.env.DevToolsPropertyDefaultsPostProcessor - For additional web related logging consider setting the 'logging.level.web' property to 'DEBUG'
2024-10-25 18:45:53.736 [] INFO  - org.springframework.data.repository.config.RepositoryConfigurationDelegate - Bootstrapping Spring Data JPA repositories in DEFAULT mode.
2024-10-25 18:45:54.830 [] INFO  - org.springframework.data.repository.config.RepositoryConfigurationDelegate - Finished Spring Data repository scanning in 1076 ms. Found 40 JPA repository interfaces.
2024-10-25 18:45:56.520 [] INFO  - org.springframework.boot.web.embedded.tomcat.TomcatWebServer - Tomcat initialized with port(s): 8087 (http)
2024-10-25 18:45:56.582 [] INFO  - org.apache.catalina.core.StandardService - Starting service [Tomcat]
2024-10-25 18:45:56.583 [] INFO  - org.apache.catalina.core.StandardEngine - Starting Servlet engine: [Apache Tomcat/10.1.10]
2024-10-25 18:45:56.751 [] INFO  - org.apache.catalina.core.ContainerBase.[Tomcat].[localhost].[/] - Initializing Spring embedded WebApplicationContext
2024-10-25 18:45:56.752 [] INFO  - org.springframework.boot.web.servlet.context.ServletWebServerApplicationContext - Root WebApplicationContext: initialization completed in 7796 ms
2024-10-25 18:45:57.316 [] INFO  - org.hibernate.jpa.internal.util.LogHelper - HHH000204: Processing PersistenceUnitInfo [name: default]
2024-10-25 18:45:57.423 [] INFO  - org.hibernate.Version - HHH000412: Hibernate ORM core version 6.2.5.Final
2024-10-25 18:45:57.428 [] INFO  - org.hibernate.cfg.Environment - HHH000406: Using bytecode reflection optimizer
2024-10-25 18:45:57.707 [] INFO  - org.hibernate.bytecode.internal.BytecodeProviderInitiator - HHH000021: Bytecode provider name : bytebuddy
2024-10-25 18:45:58.057 [] INFO  - org.springframework.orm.jpa.persistenceunit.SpringPersistenceUnitInfo - No LoadTimeWeaver setup: ignoring JPA class transformer
2024-10-25 18:45:58.086 [] INFO  - com.zaxxer.hikari.HikariDataSource - HikariPool-1 - Starting...
2024-10-25 18:45:58.493 [] INFO  - com.zaxxer.hikari.pool.HikariPool - HikariPool-1 - Added connection org.postgresql.jdbc.PgConnection@7b288d3a
2024-10-25 18:45:58.495 [] INFO  - com.zaxxer.hikari.HikariDataSource - HikariPool-1 - Start completed.
2024-10-25 18:45:59.768 [] INFO  - org.hibernate.bytecode.internal.BytecodeProviderInitiator - HHH000021: Bytecode provider name : bytebuddy
2024-10-25 18:46:01.993 [] INFO  - org.hibernate.metamodel.internal.EntityInstantiatorPojoStandard - HHH000182: No default (no-argument) constructor for class: org.ligot.afriyan.entities.UserConnect (class must be instantiated by Interceptor)
2024-10-25 18:46:02.996 [] INFO  - org.hibernate.engine.transaction.jta.platform.internal.JtaPlatformInitiator - HHH000490: Using JtaPlatform implementation: [org.hibernate.engine.transaction.jta.platform.internal.NoJtaPlatform]
2024-10-25 18:46:04.323 [] INFO  - org.springframework.orm.jpa.LocalContainerEntityManagerFactoryBean - Initialized JPA EntityManagerFactory for persistence unit 'default'
2024-10-25 18:46:04.997 [] INFO  - org.springframework.data.jpa.repository.query.QueryEnhancerFactory - Hibernate is in classpath; If applicable, HQL parser will be used.
2024-10-25 18:46:09.652 [] INFO  - org.springframework.boot.actuate.endpoint.web.EndpointLinksResolver - Exposing 1 endpoint(s) beneath base path '/actuator'
2024-10-25 18:46:09.789 [] INFO  - org.springframework.security.web.DefaultSecurityFilterChain - Will secure any request with [org.springframework.security.web.session.DisableEncodeUrlFilter@3605eb9e, org.springframework.security.web.context.request.async.WebAsyncManagerIntegrationFilter@69255ef9, org.springframework.security.web.context.SecurityContextHolderFilter@1d9a5e92, org.springframework.security.web.header.HeaderWriterFilter@5c739842, org.springframework.security.web.authentication.logout.LogoutFilter@6143d900, org.ligot.afriyan.config.securities.JwtAuthenticationFilter@5f2baccb, org.springframework.security.web.savedrequest.RequestCacheAwareFilter@5286751, org.springframework.security.web.servletapi.SecurityContextHolderAwareRequestFilter@6ce1f104, org.springframework.security.web.authentication.AnonymousAuthenticationFilter@2fdcdf8f, org.springframework.security.web.session.SessionManagementFilter@348ac834, org.springframework.security.web.access.ExceptionTranslationFilter@13ba4430, org.springframework.security.web.access.intercept.AuthorizationFilter@1bd884fb]
2024-10-25 18:46:10.611 [] INFO  - org.springframework.boot.devtools.autoconfigure.OptionalLiveReloadServer - LiveReload server is running on port 35729
2024-10-25 18:46:10.810 [] INFO  - org.springframework.boot.web.embedded.tomcat.TomcatWebServer - Tomcat started on port(s): 8087 (http) with context path ''
2024-10-25 18:46:10.843 [] INFO  - org.ligot.afriyan.OngafriyanApplication - Started OngafriyanApplication in 22.735 seconds (process running for 24.581)
2024-10-25 18:46:11.441 [] INFO  - org.apache.catalina.core.ContainerBase.[Tomcat].[localhost].[/] - Initializing Spring DispatcherServlet 'dispatcherServlet'
2024-10-25 18:46:11.442 [] INFO  - org.springframework.web.servlet.DispatcherServlet - Initializing Servlet 'dispatcherServlet'
2024-10-25 18:46:11.446 [] INFO  - org.springframework.web.servlet.DispatcherServlet - Completed initialization in 3 ms
2024-10-25 18:55:55.482 [] INFO  - org.springframework.orm.jpa.LocalContainerEntityManagerFactoryBean - Closing JPA EntityManagerFactory for persistence unit 'default'
2024-10-25 18:55:55.524 [] INFO  - com.zaxxer.hikari.HikariDataSource - HikariPool-1 - Shutdown initiated...
2024-10-25 18:55:55.557 [] INFO  - com.zaxxer.hikari.HikariDataSource - HikariPool-1 - Shutdown completed.
2024-10-25 18:56:09.413 [] INFO  - org.ligot.afriyan.OngafriyanApplication - Starting OngafriyanApplication using Java 17.0.1 with PID 19540 (C:\Users\GLC\Documents\Project\Java\Formation\bizz\ongafriyan\target\classes started by GLC in C:\Users\GLC\Documents\Project\Java\Formation\bizz\ongafriyan)
2024-10-25 18:56:09.416 [] INFO  - org.ligot.afriyan.OngafriyanApplication - The following 1 profile is active: "dev"
2024-10-25 18:56:09.559 [] INFO  - org.springframework.boot.devtools.env.DevToolsPropertyDefaultsPostProcessor - Devtools property defaults active! Set 'spring.devtools.add-properties' to 'false' to disable
2024-10-25 18:56:09.560 [] INFO  - org.springframework.boot.devtools.env.DevToolsPropertyDefaultsPostProcessor - For additional web related logging consider setting the 'logging.level.web' property to 'DEBUG'
2024-10-25 18:56:12.657 [] INFO  - org.springframework.data.repository.config.RepositoryConfigurationDelegate - Bootstrapping Spring Data JPA repositories in DEFAULT mode.
2024-10-25 18:56:13.212 [] INFO  - org.springframework.data.repository.config.RepositoryConfigurationDelegate - Finished Spring Data repository scanning in 528 ms. Found 40 JPA repository interfaces.
2024-10-25 18:56:14.961 [] INFO  - org.springframework.boot.web.embedded.tomcat.TomcatWebServer - Tomcat initialized with port(s): 8087 (http)
2024-10-25 18:56:14.981 [] INFO  - org.apache.catalina.core.StandardService - Starting service [Tomcat]
2024-10-25 18:56:14.982 [] INFO  - org.apache.catalina.core.StandardEngine - Starting Servlet engine: [Apache Tomcat/10.1.10]
2024-10-25 18:56:15.142 [] INFO  - org.apache.catalina.core.ContainerBase.[Tomcat].[localhost].[/] - Initializing Spring embedded WebApplicationContext
2024-10-25 18:56:15.143 [] INFO  - org.springframework.boot.web.servlet.context.ServletWebServerApplicationContext - Root WebApplicationContext: initialization completed in 5582 ms
2024-10-25 18:56:15.635 [] INFO  - org.hibernate.jpa.internal.util.LogHelper - HHH000204: Processing PersistenceUnitInfo [name: default]
2024-10-25 18:56:15.740 [] INFO  - org.hibernate.Version - HHH000412: Hibernate ORM core version 6.2.5.Final
2024-10-25 18:56:15.755 [] INFO  - org.hibernate.cfg.Environment - HHH000406: Using bytecode reflection optimizer
2024-10-25 18:56:16.501 [] INFO  - org.hibernate.bytecode.internal.BytecodeProviderInitiator - HHH000021: Bytecode provider name : bytebuddy
2024-10-25 18:56:16.800 [] INFO  - org.springframework.orm.jpa.persistenceunit.SpringPersistenceUnitInfo - No LoadTimeWeaver setup: ignoring JPA class transformer
2024-10-25 18:56:16.827 [] INFO  - com.zaxxer.hikari.HikariDataSource - HikariPool-1 - Starting...
2024-10-25 18:56:17.172 [] INFO  - com.zaxxer.hikari.pool.HikariPool - HikariPool-1 - Added connection org.postgresql.jdbc.PgConnection@5510f618
2024-10-25 18:56:17.174 [] INFO  - com.zaxxer.hikari.HikariDataSource - HikariPool-1 - Start completed.
2024-10-25 18:56:18.277 [] INFO  - org.hibernate.bytecode.internal.BytecodeProviderInitiator - HHH000021: Bytecode provider name : bytebuddy
2024-10-25 18:56:20.375 [] INFO  - org.hibernate.metamodel.internal.EntityInstantiatorPojoStandard - HHH000182: No default (no-argument) constructor for class: org.ligot.afriyan.entities.UserConnect (class must be instantiated by Interceptor)
2024-10-25 18:56:21.291 [] INFO  - org.hibernate.engine.transaction.jta.platform.internal.JtaPlatformInitiator - HHH000490: Using JtaPlatform implementation: [org.hibernate.engine.transaction.jta.platform.internal.NoJtaPlatform]
2024-10-25 18:56:22.328 [] INFO  - org.springframework.orm.jpa.LocalContainerEntityManagerFactoryBean - Initialized JPA EntityManagerFactory for persistence unit 'default'
2024-10-25 18:56:22.912 [] INFO  - org.springframework.data.jpa.repository.query.QueryEnhancerFactory - Hibernate is in classpath; If applicable, HQL parser will be used.
2024-10-25 18:56:27.599 [] INFO  - org.springframework.boot.actuate.endpoint.web.EndpointLinksResolver - Exposing 1 endpoint(s) beneath base path '/actuator'
2024-10-25 18:56:27.733 [] INFO  - org.springframework.security.web.DefaultSecurityFilterChain - Will secure any request with [org.springframework.security.web.session.DisableEncodeUrlFilter@8e55d07, org.springframework.security.web.context.request.async.WebAsyncManagerIntegrationFilter@11250e9e, org.springframework.security.web.context.SecurityContextHolderFilter@6ce1f104, org.springframework.security.web.header.HeaderWriterFilter@6a812447, org.springframework.security.web.authentication.logout.LogoutFilter@28e028e7, org.ligot.afriyan.config.securities.JwtAuthenticationFilter@78337c8b, org.springframework.security.web.savedrequest.RequestCacheAwareFilter@43601ec7, org.springframework.security.web.servletapi.SecurityContextHolderAwareRequestFilter@5b4fb15, org.springframework.security.web.authentication.AnonymousAuthenticationFilter@52b448d5, org.springframework.security.web.session.SessionManagementFilter@1d9a5e92, org.springframework.security.web.access.ExceptionTranslationFilter@3c10dc97, org.springframework.security.web.access.intercept.AuthorizationFilter@3605eb9e]
2024-10-25 18:56:28.588 [] INFO  - org.springframework.boot.devtools.autoconfigure.OptionalLiveReloadServer - LiveReload server is running on port 35729
2024-10-25 18:56:28.744 [] INFO  - org.springframework.boot.web.embedded.tomcat.TomcatWebServer - Tomcat started on port(s): 8087 (http) with context path ''
2024-10-25 18:56:28.775 [] INFO  - org.ligot.afriyan.OngafriyanApplication - Started OngafriyanApplication in 20.027 seconds (process running for 22.074)
2024-10-25 18:56:29.557 [] INFO  - org.apache.catalina.core.ContainerBase.[Tomcat].[localhost].[/] - Initializing Spring DispatcherServlet 'dispatcherServlet'
2024-10-25 18:56:29.558 [] INFO  - org.springframework.web.servlet.DispatcherServlet - Initializing Servlet 'dispatcherServlet'
2024-10-25 18:56:29.563 [] INFO  - org.springframework.web.servlet.DispatcherServlet - Completed initialization in 5 ms
2024-10-25 18:58:31.596 [] INFO  - org.springdoc.api.AbstractOpenApiResource - Init duration for springdoc-openapi is: 3046 ms
2024-10-25 19:04:47.540 [] INFO  - org.springframework.orm.jpa.LocalContainerEntityManagerFactoryBean - Closing JPA EntityManagerFactory for persistence unit 'default'
2024-10-25 19:04:47.603 [] INFO  - com.zaxxer.hikari.HikariDataSource - HikariPool-1 - Shutdown initiated...
2024-10-25 19:04:47.941 [] INFO  - com.zaxxer.hikari.HikariDataSource - HikariPool-1 - Shutdown completed.
2024-10-25 19:05:03.149 [] INFO  - org.ligot.afriyan.OngafriyanApplication - Starting OngafriyanApplication using Java 17.0.1 with PID 16744 (C:\Users\GLC\Documents\Project\Java\Formation\bizz\ongafriyan\target\classes started by GLC in C:\Users\GLC\Documents\Project\Java\Formation\bizz\ongafriyan)
2024-10-25 19:05:03.154 [] INFO  - org.ligot.afriyan.OngafriyanApplication - The following 1 profile is active: "dev"
2024-10-25 19:05:03.306 [] INFO  - org.springframework.boot.devtools.env.DevToolsPropertyDefaultsPostProcessor - Devtools property defaults active! Set 'spring.devtools.add-properties' to 'false' to disable
2024-10-25 19:05:03.307 [] INFO  - org.springframework.boot.devtools.env.DevToolsPropertyDefaultsPostProcessor - For additional web related logging consider setting the 'logging.level.web' property to 'DEBUG'
2024-10-25 19:05:05.971 [] INFO  - org.springframework.data.repository.config.RepositoryConfigurationDelegate - Bootstrapping Spring Data JPA repositories in DEFAULT mode.
2024-10-25 19:05:06.434 [] INFO  - org.springframework.data.repository.config.RepositoryConfigurationDelegate - Finished Spring Data repository scanning in 451 ms. Found 40 JPA repository interfaces.
2024-10-25 19:05:08.243 [] INFO  - org.springframework.boot.web.embedded.tomcat.TomcatWebServer - Tomcat initialized with port(s): 8087 (http)
2024-10-25 19:05:08.277 [] INFO  - org.apache.catalina.core.StandardService - Starting service [Tomcat]
2024-10-25 19:05:08.278 [] INFO  - org.apache.catalina.core.StandardEngine - Starting Servlet engine: [Apache Tomcat/10.1.10]
2024-10-25 19:05:08.440 [] INFO  - org.apache.catalina.core.ContainerBase.[Tomcat].[localhost].[/] - Initializing Spring embedded WebApplicationContext
2024-10-25 19:05:08.441 [] INFO  - org.springframework.boot.web.servlet.context.ServletWebServerApplicationContext - Root WebApplicationContext: initialization completed in 5133 ms
2024-10-25 19:05:08.922 [] INFO  - org.hibernate.jpa.internal.util.LogHelper - HHH000204: Processing PersistenceUnitInfo [name: default]
2024-10-25 19:05:09.038 [] INFO  - org.hibernate.Version - HHH000412: Hibernate ORM core version 6.2.5.Final
2024-10-25 19:05:09.042 [] INFO  - org.hibernate.cfg.Environment - HHH000406: Using bytecode reflection optimizer
2024-10-25 19:05:09.311 [] INFO  - org.hibernate.bytecode.internal.BytecodeProviderInitiator - HHH000021: Bytecode provider name : bytebuddy
2024-10-25 19:05:09.580 [] INFO  - org.springframework.orm.jpa.persistenceunit.SpringPersistenceUnitInfo - No LoadTimeWeaver setup: ignoring JPA class transformer
2024-10-25 19:05:09.614 [] INFO  - com.zaxxer.hikari.HikariDataSource - HikariPool-1 - Starting...
2024-10-25 19:05:09.962 [] INFO  - com.zaxxer.hikari.pool.HikariPool - HikariPool-1 - Added connection org.postgresql.jdbc.PgConnection@512882d7
2024-10-25 19:05:09.965 [] INFO  - com.zaxxer.hikari.HikariDataSource - HikariPool-1 - Start completed.
2024-10-25 19:05:12.225 [] INFO  - org.hibernate.bytecode.internal.BytecodeProviderInitiator - HHH000021: Bytecode provider name : bytebuddy
2024-10-25 19:05:14.421 [] INFO  - org.hibernate.metamodel.internal.EntityInstantiatorPojoStandard - HHH000182: No default (no-argument) constructor for class: org.ligot.afriyan.entities.UserConnect (class must be instantiated by Interceptor)
2024-10-25 19:05:15.324 [] INFO  - org.hibernate.engine.transaction.jta.platform.internal.JtaPlatformInitiator - HHH000490: Using JtaPlatform implementation: [org.hibernate.engine.transaction.jta.platform.internal.NoJtaPlatform]
2024-10-25 19:05:16.648 [] INFO  - org.springframework.orm.jpa.LocalContainerEntityManagerFactoryBean - Initialized JPA EntityManagerFactory for persistence unit 'default'
2024-10-25 19:05:17.905 [] INFO  - org.springframework.data.jpa.repository.query.QueryEnhancerFactory - Hibernate is in classpath; If applicable, HQL parser will be used.
2024-10-25 19:05:23.730 [] INFO  - org.springframework.boot.actuate.endpoint.web.EndpointLinksResolver - Exposing 1 endpoint(s) beneath base path '/actuator'
2024-10-25 19:05:23.866 [] INFO  - org.springframework.security.web.DefaultSecurityFilterChain - Will secure any request with [org.springframework.security.web.session.DisableEncodeUrlFilter@5479abc6, org.springframework.security.web.context.request.async.WebAsyncManagerIntegrationFilter@66be6484, org.springframework.security.web.context.SecurityContextHolderFilter@60e18299, org.springframework.security.web.header.HeaderWriterFilter@1cd64e6, org.springframework.security.web.authentication.logout.LogoutFilter@32134095, org.ligot.afriyan.config.securities.JwtAuthenticationFilter@17569175, org.springframework.security.web.savedrequest.RequestCacheAwareFilter@264e353b, org.springframework.security.web.servletapi.SecurityContextHolderAwareRequestFilter@7fa3f417, org.springframework.security.web.authentication.AnonymousAuthenticationFilter@1396c9ad, org.springframework.security.web.session.SessionManagementFilter@7e95847e, org.springframework.security.web.access.ExceptionTranslationFilter@3dca4b8d, org.springframework.security.web.access.intercept.AuthorizationFilter@b6587d]
2024-10-25 19:05:24.805 [] INFO  - org.springframework.boot.devtools.autoconfigure.OptionalLiveReloadServer - LiveReload server is running on port 35729
2024-10-25 19:05:25.062 [] INFO  - org.springframework.boot.web.embedded.tomcat.TomcatWebServer - Tomcat started on port(s): 8087 (http) with context path ''
2024-10-25 19:05:25.105 [] INFO  - org.ligot.afriyan.OngafriyanApplication - Started OngafriyanApplication in 22.772 seconds (process running for 24.889)
2024-10-25 19:05:25.385 [] INFO  - org.apache.catalina.core.ContainerBase.[Tomcat].[localhost].[/] - Initializing Spring DispatcherServlet 'dispatcherServlet'
2024-10-25 19:05:25.387 [] INFO  - org.springframework.web.servlet.DispatcherServlet - Initializing Servlet 'dispatcherServlet'
2024-10-25 19:05:25.393 [] INFO  - org.springframework.web.servlet.DispatcherServlet - Completed initialization in 5 ms
2024-10-25 19:07:25.736 [] INFO  - org.springdoc.api.AbstractOpenApiResource - Init duration for springdoc-openapi is: 3147 ms
2024-10-25 19:20:15.515 [] INFO  - org.springframework.orm.jpa.LocalContainerEntityManagerFactoryBean - Closing JPA EntityManagerFactory for persistence unit 'default'
2024-10-25 19:20:15.521 [] INFO  - com.zaxxer.hikari.HikariDataSource - HikariPool-1 - Shutdown initiated...
2024-10-25 19:20:15.671 [] INFO  - com.zaxxer.hikari.HikariDataSource - HikariPool-1 - Shutdown completed.
2024-10-25 19:20:28.826 [] INFO  - org.ligot.afriyan.OngafriyanApplication - Starting OngafriyanApplication using Java 17.0.1 with PID 7096 (C:\Users\GLC\Documents\Project\Java\Formation\bizz\ongafriyan\target\classes started by GLC in C:\Users\GLC\Documents\Project\Java\Formation\bizz\ongafriyan)
2024-10-25 19:20:28.830 [] INFO  - org.ligot.afriyan.OngafriyanApplication - The following 1 profile is active: "dev"
2024-10-25 19:20:29.001 [] INFO  - org.springframework.boot.devtools.env.DevToolsPropertyDefaultsPostProcessor - Devtools property defaults active! Set 'spring.devtools.add-properties' to 'false' to disable
2024-10-25 19:20:29.001 [] INFO  - org.springframework.boot.devtools.env.DevToolsPropertyDefaultsPostProcessor - For additional web related logging consider setting the 'logging.level.web' property to 'DEBUG'
2024-10-25 19:20:31.560 [] INFO  - org.springframework.data.repository.config.RepositoryConfigurationDelegate - Bootstrapping Spring Data JPA repositories in DEFAULT mode.
2024-10-25 19:20:32.055 [] INFO  - org.springframework.data.repository.config.RepositoryConfigurationDelegate - Finished Spring Data repository scanning in 482 ms. Found 40 JPA repository interfaces.
2024-10-25 19:20:33.406 [] INFO  - org.springframework.boot.web.embedded.tomcat.TomcatWebServer - Tomcat initialized with port(s): 8087 (http)
2024-10-25 19:20:33.422 [] INFO  - org.apache.catalina.core.StandardService - Starting service [Tomcat]
2024-10-25 19:20:33.423 [] INFO  - org.apache.catalina.core.StandardEngine - Starting Servlet engine: [Apache Tomcat/10.1.10]
2024-10-25 19:20:33.650 [] INFO  - org.apache.catalina.core.ContainerBase.[Tomcat].[localhost].[/] - Initializing Spring embedded WebApplicationContext
2024-10-25 19:20:33.650 [] INFO  - org.springframework.boot.web.servlet.context.ServletWebServerApplicationContext - Root WebApplicationContext: initialization completed in 4645 ms
2024-10-25 19:20:34.133 [] INFO  - org.hibernate.jpa.internal.util.LogHelper - HHH000204: Processing PersistenceUnitInfo [name: default]
2024-10-25 19:20:34.235 [] INFO  - org.hibernate.Version - HHH000412: Hibernate ORM core version 6.2.5.Final
2024-10-25 19:20:34.240 [] INFO  - org.hibernate.cfg.Environment - HHH000406: Using bytecode reflection optimizer
2024-10-25 19:20:34.601 [] INFO  - org.hibernate.bytecode.internal.BytecodeProviderInitiator - HHH000021: Bytecode provider name : bytebuddy
2024-10-25 19:20:35.015 [] INFO  - org.springframework.orm.jpa.persistenceunit.SpringPersistenceUnitInfo - No LoadTimeWeaver setup: ignoring JPA class transformer
2024-10-25 19:20:35.064 [] INFO  - com.zaxxer.hikari.HikariDataSource - HikariPool-1 - Starting...
2024-10-25 19:20:35.438 [] INFO  - com.zaxxer.hikari.pool.HikariPool - HikariPool-1 - Added connection org.postgresql.jdbc.PgConnection@6088f4ab
2024-10-25 19:20:35.441 [] INFO  - com.zaxxer.hikari.HikariDataSource - HikariPool-1 - Start completed.
2024-10-25 19:20:36.624 [] INFO  - org.hibernate.bytecode.internal.BytecodeProviderInitiator - HHH000021: Bytecode provider name : bytebuddy
2024-10-25 19:20:38.571 [] INFO  - org.hibernate.metamodel.internal.EntityInstantiatorPojoStandard - HHH000182: No default (no-argument) constructor for class: org.ligot.afriyan.entities.UserConnect (class must be instantiated by Interceptor)
2024-10-25 19:20:39.627 [] INFO  - org.hibernate.engine.transaction.jta.platform.internal.JtaPlatformInitiator - HHH000490: Using JtaPlatform implementation: [org.hibernate.engine.transaction.jta.platform.internal.NoJtaPlatform]
2024-10-25 19:20:40.566 [] INFO  - org.springframework.orm.jpa.LocalContainerEntityManagerFactoryBean - Initialized JPA EntityManagerFactory for persistence unit 'default'
2024-10-25 19:20:41.175 [] INFO  - org.springframework.data.jpa.repository.query.QueryEnhancerFactory - Hibernate is in classpath; If applicable, HQL parser will be used.
2024-10-25 19:20:46.038 [] INFO  - org.springframework.boot.actuate.endpoint.web.EndpointLinksResolver - Exposing 1 endpoint(s) beneath base path '/actuator'
2024-10-25 19:20:46.170 [] INFO  - org.springframework.security.web.DefaultSecurityFilterChain - Will secure any request with [org.springframework.security.web.session.DisableEncodeUrlFilter@4f9844cd, org.springframework.security.web.context.request.async.WebAsyncManagerIntegrationFilter@33539476, org.springframework.security.web.context.SecurityContextHolderFilter@5c2a7835, org.springframework.security.web.header.HeaderWriterFilter@ea6f95c, org.springframework.security.web.authentication.logout.LogoutFilter@3de9c9ad, org.ligot.afriyan.config.securities.JwtAuthenticationFilter@64ecf01d, org.springframework.security.web.savedrequest.RequestCacheAwareFilter@7ecd2b64, org.springframework.security.web.servletapi.SecurityContextHolderAwareRequestFilter@15ae8300, org.springframework.security.web.authentication.AnonymousAuthenticationFilter@5587cae3, org.springframework.security.web.session.SessionManagementFilter@44675857, org.springframework.security.web.access.ExceptionTranslationFilter@2592be, org.springframework.security.web.access.intercept.AuthorizationFilter@4ac6ce36]
2024-10-25 19:20:47.025 [] INFO  - org.springframework.boot.devtools.autoconfigure.OptionalLiveReloadServer - LiveReload server is running on port 35729
2024-10-25 19:20:47.177 [] INFO  - org.springframework.boot.web.embedded.tomcat.TomcatWebServer - Tomcat started on port(s): 8087 (http) with context path ''
2024-10-25 19:20:47.206 [] INFO  - org.ligot.afriyan.OngafriyanApplication - Started OngafriyanApplication in 19.153 seconds (process running for 20.861)
2024-10-25 19:20:47.970 [] INFO  - org.apache.catalina.core.ContainerBase.[Tomcat].[localhost].[/] - Initializing Spring DispatcherServlet 'dispatcherServlet'
2024-10-25 19:20:47.972 [] INFO  - org.springframework.web.servlet.DispatcherServlet - Initializing Servlet 'dispatcherServlet'
2024-10-25 19:20:47.976 [] INFO  - org.springframework.web.servlet.DispatcherServlet - Completed initialization in 4 ms
2024-10-25 19:22:04.099 [] INFO  - org.springframework.orm.jpa.LocalContainerEntityManagerFactoryBean - Closing JPA EntityManagerFactory for persistence unit 'default'
2024-10-25 19:22:04.105 [] INFO  - com.zaxxer.hikari.HikariDataSource - HikariPool-1 - Shutdown initiated...
2024-10-25 19:22:04.113 [] INFO  - com.zaxxer.hikari.HikariDataSource - HikariPool-1 - Shutdown completed.
2024-10-25 19:22:12.835 [] INFO  - org.ligot.afriyan.OngafriyanApplication - Starting OngafriyanApplication using Java 17.0.1 with PID 7744 (C:\Users\GLC\Documents\Project\Java\Formation\bizz\ongafriyan\target\classes started by GLC in C:\Users\GLC\Documents\Project\Java\Formation\bizz\ongafriyan)
2024-10-25 19:22:12.839 [] INFO  - org.ligot.afriyan.OngafriyanApplication - The following 1 profile is active: "dev"
2024-10-25 19:22:13.011 [] INFO  - org.springframework.boot.devtools.env.DevToolsPropertyDefaultsPostProcessor - Devtools property defaults active! Set 'spring.devtools.add-properties' to 'false' to disable
2024-10-25 19:22:13.012 [] INFO  - org.springframework.boot.devtools.env.DevToolsPropertyDefaultsPostProcessor - For additional web related logging consider setting the 'logging.level.web' property to 'DEBUG'
2024-10-25 19:22:15.868 [] INFO  - org.springframework.data.repository.config.RepositoryConfigurationDelegate - Bootstrapping Spring Data JPA repositories in DEFAULT mode.
2024-10-25 19:22:16.383 [] INFO  - org.springframework.data.repository.config.RepositoryConfigurationDelegate - Finished Spring Data repository scanning in 498 ms. Found 40 JPA repository interfaces.
2024-10-25 19:22:17.686 [] INFO  - org.springframework.boot.web.embedded.tomcat.TomcatWebServer - Tomcat initialized with port(s): 8087 (http)
2024-10-25 19:22:17.702 [] INFO  - org.apache.catalina.core.StandardService - Starting service [Tomcat]
2024-10-25 19:22:17.702 [] INFO  - org.apache.catalina.core.StandardEngine - Starting Servlet engine: [Apache Tomcat/10.1.10]
2024-10-25 19:22:17.836 [] INFO  - org.apache.catalina.core.ContainerBase.[Tomcat].[localhost].[/] - Initializing Spring embedded WebApplicationContext
2024-10-25 19:22:17.837 [] INFO  - org.springframework.boot.web.servlet.context.ServletWebServerApplicationContext - Root WebApplicationContext: initialization completed in 4824 ms
2024-10-25 19:22:18.309 [] INFO  - org.hibernate.jpa.internal.util.LogHelper - HHH000204: Processing PersistenceUnitInfo [name: default]
2024-10-25 19:22:18.425 [] INFO  - org.hibernate.Version - HHH000412: Hibernate ORM core version 6.2.5.Final
2024-10-25 19:22:18.430 [] INFO  - org.hibernate.cfg.Environment - HHH000406: Using bytecode reflection optimizer
2024-10-25 19:22:18.685 [] INFO  - org.hibernate.bytecode.internal.BytecodeProviderInitiator - HHH000021: Bytecode provider name : bytebuddy
2024-10-25 19:22:19.105 [] INFO  - org.springframework.orm.jpa.persistenceunit.SpringPersistenceUnitInfo - No LoadTimeWeaver setup: ignoring JPA class transformer
2024-10-25 19:22:19.134 [] INFO  - com.zaxxer.hikari.HikariDataSource - HikariPool-1 - Starting...
2024-10-25 19:22:19.448 [] INFO  - com.zaxxer.hikari.pool.HikariPool - HikariPool-1 - Added connection org.postgresql.jdbc.PgConnection@2c981da3
2024-10-25 19:22:19.450 [] INFO  - com.zaxxer.hikari.HikariDataSource - HikariPool-1 - Start completed.
2024-10-25 19:22:20.417 [] INFO  - org.hibernate.bytecode.internal.BytecodeProviderInitiator - HHH000021: Bytecode provider name : bytebuddy
2024-10-25 19:22:21.875 [] INFO  - org.hibernate.metamodel.internal.EntityInstantiatorPojoStandard - HHH000182: No default (no-argument) constructor for class: org.ligot.afriyan.entities.UserConnect (class must be instantiated by Interceptor)
2024-10-25 19:22:22.660 [] INFO  - org.hibernate.engine.transaction.jta.platform.internal.JtaPlatformInitiator - HHH000490: Using JtaPlatform implementation: [org.hibernate.engine.transaction.jta.platform.internal.NoJtaPlatform]
2024-10-25 19:22:23.578 [] INFO  - org.springframework.orm.jpa.LocalContainerEntityManagerFactoryBean - Initialized JPA EntityManagerFactory for persistence unit 'default'
2024-10-25 19:22:24.150 [] INFO  - org.springframework.data.jpa.repository.query.QueryEnhancerFactory - Hibernate is in classpath; If applicable, HQL parser will be used.
2024-10-25 19:22:28.544 [] INFO  - org.springframework.boot.actuate.endpoint.web.EndpointLinksResolver - Exposing 1 endpoint(s) beneath base path '/actuator'
2024-10-25 19:22:28.687 [] INFO  - org.springframework.security.web.DefaultSecurityFilterChain - Will secure any request with [org.springframework.security.web.session.DisableEncodeUrlFilter@43e0bbe1, org.springframework.security.web.context.request.async.WebAsyncManagerIntegrationFilter@2dd159fa, org.springframework.security.web.context.SecurityContextHolderFilter@1e9c8fbd, org.springframework.security.web.header.HeaderWriterFilter@13ba4430, org.springframework.security.web.authentication.logout.LogoutFilter@6d72a8aa, org.ligot.afriyan.config.securities.JwtAuthenticationFilter@7aeb824, org.springframework.security.web.savedrequest.RequestCacheAwareFilter@1d9a5e92, org.springframework.security.web.servletapi.SecurityContextHolderAwareRequestFilter@7fb3fe7d, org.springframework.security.web.authentication.AnonymousAuthenticationFilter@3605eb9e, org.springframework.security.web.session.SessionManagementFilter@7a33bb5b, org.springframework.security.web.access.ExceptionTranslationFilter@264e353b, org.springframework.security.web.access.intercept.AuthorizationFilter@63f1b5c2]
2024-10-25 19:22:29.509 [] INFO  - org.springframework.boot.devtools.autoconfigure.OptionalLiveReloadServer - LiveReload server is running on port 35729
2024-10-25 19:22:29.668 [] INFO  - org.springframework.boot.web.embedded.tomcat.TomcatWebServer - Tomcat started on port(s): 8087 (http) with context path ''
2024-10-25 19:22:29.699 [] INFO  - org.ligot.afriyan.OngafriyanApplication - Started OngafriyanApplication in 17.52 seconds (process running for 19.466)
2024-10-25 19:22:30.410 [] INFO  - org.apache.catalina.core.ContainerBase.[Tomcat].[localhost].[/] - Initializing Spring DispatcherServlet 'dispatcherServlet'
2024-10-25 19:22:30.411 [] INFO  - org.springframework.web.servlet.DispatcherServlet - Initializing Servlet 'dispatcherServlet'
2024-10-25 19:22:30.416 [] INFO  - org.springframework.web.servlet.DispatcherServlet - Completed initialization in 4 ms
2024-10-25 19:23:20.362 [] INFO  - org.springframework.orm.jpa.LocalContainerEntityManagerFactoryBean - Closing JPA EntityManagerFactory for persistence unit 'default'
2024-10-25 19:23:20.379 [] INFO  - com.zaxxer.hikari.HikariDataSource - HikariPool-1 - Shutdown initiated...
2024-10-25 19:23:20.973 [] INFO  - com.zaxxer.hikari.HikariDataSource - HikariPool-1 - Shutdown completed.
2024-10-25 19:23:36.080 [] INFO  - org.ligot.afriyan.OngafriyanApplication - Starting OngafriyanApplication using Java 17.0.1 with PID 11036 (C:\Users\GLC\Documents\Project\Java\Formation\bizz\ongafriyan\target\classes started by GLC in C:\Users\GLC\Documents\Project\Java\Formation\bizz\ongafriyan)
2024-10-25 19:23:36.084 [] INFO  - org.ligot.afriyan.OngafriyanApplication - The following 1 profile is active: "dev"
2024-10-25 19:23:36.239 [] INFO  - org.springframework.boot.devtools.env.DevToolsPropertyDefaultsPostProcessor - Devtools property defaults active! Set 'spring.devtools.add-properties' to 'false' to disable
2024-10-25 19:23:36.240 [] INFO  - org.springframework.boot.devtools.env.DevToolsPropertyDefaultsPostProcessor - For additional web related logging consider setting the 'logging.level.web' property to 'DEBUG'
2024-10-25 19:23:38.770 [] INFO  - org.springframework.data.repository.config.RepositoryConfigurationDelegate - Bootstrapping Spring Data JPA repositories in DEFAULT mode.
2024-10-25 19:23:39.258 [] INFO  - org.springframework.data.repository.config.RepositoryConfigurationDelegate - Finished Spring Data repository scanning in 476 ms. Found 40 JPA repository interfaces.
2024-10-25 19:23:40.535 [] INFO  - org.springframework.boot.web.embedded.tomcat.TomcatWebServer - Tomcat initialized with port(s): 8087 (http)
2024-10-25 19:23:40.565 [] INFO  - org.apache.catalina.core.StandardService - Starting service [Tomcat]
2024-10-25 19:23:40.565 [] INFO  - org.apache.catalina.core.StandardEngine - Starting Servlet engine: [Apache Tomcat/10.1.10]
2024-10-25 19:23:40.700 [] INFO  - org.apache.catalina.core.ContainerBase.[Tomcat].[localhost].[/] - Initializing Spring embedded WebApplicationContext
2024-10-25 19:23:40.702 [] INFO  - org.springframework.boot.web.servlet.context.ServletWebServerApplicationContext - Root WebApplicationContext: initialization completed in 4460 ms
2024-10-25 19:23:41.144 [] INFO  - org.hibernate.jpa.internal.util.LogHelper - HHH000204: Processing PersistenceUnitInfo [name: default]
2024-10-25 19:23:41.245 [] INFO  - org.hibernate.Version - HHH000412: Hibernate ORM core version 6.2.5.Final
2024-10-25 19:23:41.250 [] INFO  - org.hibernate.cfg.Environment - HHH000406: Using bytecode reflection optimizer
2024-10-25 19:23:41.494 [] INFO  - org.hibernate.bytecode.internal.BytecodeProviderInitiator - HHH000021: Bytecode provider name : bytebuddy
2024-10-25 19:23:41.739 [] INFO  - org.springframework.orm.jpa.persistenceunit.SpringPersistenceUnitInfo - No LoadTimeWeaver setup: ignoring JPA class transformer
2024-10-25 19:23:41.768 [] INFO  - com.zaxxer.hikari.HikariDataSource - HikariPool-1 - Starting...
2024-10-25 19:23:42.075 [] INFO  - com.zaxxer.hikari.pool.HikariPool - HikariPool-1 - Added connection org.postgresql.jdbc.PgConnection@9035dbd
2024-10-25 19:23:42.078 [] INFO  - com.zaxxer.hikari.HikariDataSource - HikariPool-1 - Start completed.
2024-10-25 19:23:42.898 [] INFO  - org.hibernate.bytecode.internal.BytecodeProviderInitiator - HHH000021: Bytecode provider name : bytebuddy
2024-10-25 19:23:44.340 [] INFO  - org.hibernate.metamodel.internal.EntityInstantiatorPojoStandard - HHH000182: No default (no-argument) constructor for class: org.ligot.afriyan.entities.UserConnect (class must be instantiated by Interceptor)
2024-10-25 19:23:45.065 [] INFO  - org.hibernate.engine.transaction.jta.platform.internal.JtaPlatformInitiator - HHH000490: Using JtaPlatform implementation: [org.hibernate.engine.transaction.jta.platform.internal.NoJtaPlatform]
2024-10-25 19:23:45.976 [] INFO  - org.springframework.orm.jpa.LocalContainerEntityManagerFactoryBean - Initialized JPA EntityManagerFactory for persistence unit 'default'
2024-10-25 19:23:46.515 [] INFO  - org.springframework.data.jpa.repository.query.QueryEnhancerFactory - Hibernate is in classpath; If applicable, HQL parser will be used.
2024-10-25 19:23:50.725 [] INFO  - org.springframework.boot.actuate.endpoint.web.EndpointLinksResolver - Exposing 1 endpoint(s) beneath base path '/actuator'
2024-10-25 19:23:50.847 [] INFO  - org.springframework.security.web.DefaultSecurityFilterChain - Will secure any request with [org.springframework.security.web.session.DisableEncodeUrlFilter@78ed496e, org.springframework.security.web.context.request.async.WebAsyncManagerIntegrationFilter@cf4542e, org.springframework.security.web.context.SecurityContextHolderFilter@397af60a, org.springframework.security.web.header.HeaderWriterFilter@7e95847e, org.springframework.security.web.authentication.logout.LogoutFilter@3c60de3e, org.ligot.afriyan.config.securities.JwtAuthenticationFilter@5f2baccb, org.springframework.security.web.savedrequest.RequestCacheAwareFilter@70e6cb0c, org.springframework.security.web.servletapi.SecurityContextHolderAwareRequestFilter@1417c575, org.springframework.security.web.authentication.AnonymousAuthenticationFilter@3f4d393d, org.springframework.security.web.session.SessionManagementFilter@6a812447, org.springframework.security.web.access.ExceptionTranslationFilter@7502c083, org.springframework.security.web.access.intercept.AuthorizationFilter@57146f22]
2024-10-25 19:23:51.584 [] INFO  - org.springframework.boot.devtools.autoconfigure.OptionalLiveReloadServer - LiveReload server is running on port 35729
2024-10-25 19:23:51.738 [] INFO  - org.springframework.boot.web.embedded.tomcat.TomcatWebServer - Tomcat started on port(s): 8087 (http) with context path ''
2024-10-25 19:23:51.767 [] INFO  - org.ligot.afriyan.OngafriyanApplication - Started OngafriyanApplication in 16.383 seconds (process running for 18.096)
2024-10-25 19:23:52.460 [] INFO  - org.apache.catalina.core.ContainerBase.[Tomcat].[localhost].[/] - Initializing Spring DispatcherServlet 'dispatcherServlet'
2024-10-25 19:23:52.461 [] INFO  - org.springframework.web.servlet.DispatcherServlet - Initializing Servlet 'dispatcherServlet'
2024-10-25 19:23:52.464 [] INFO  - org.springframework.web.servlet.DispatcherServlet - Completed initialization in 3 ms
2024-10-25 19:25:05.488 [] INFO  - org.springframework.orm.jpa.LocalContainerEntityManagerFactoryBean - Closing JPA EntityManagerFactory for persistence unit 'default'
2024-10-25 19:25:05.584 [] INFO  - com.zaxxer.hikari.HikariDataSource - HikariPool-1 - Shutdown initiated...
2024-10-25 19:25:05.601 [] INFO  - com.zaxxer.hikari.HikariDataSource - HikariPool-1 - Shutdown completed.
2024-10-25 19:25:12.299 [] INFO  - org.ligot.afriyan.OngafriyanApplication - Starting OngafriyanApplication using Java 17.0.1 with PID 13096 (C:\Users\GLC\Documents\Project\Java\Formation\bizz\ongafriyan\target\classes started by GLC in C:\Users\GLC\Documents\Project\Java\Formation\bizz\ongafriyan)
2024-10-25 19:25:12.304 [] INFO  - org.ligot.afriyan.OngafriyanApplication - The following 1 profile is active: "dev"
2024-10-25 19:25:12.441 [] INFO  - org.springframework.boot.devtools.env.DevToolsPropertyDefaultsPostProcessor - Devtools property defaults active! Set 'spring.devtools.add-properties' to 'false' to disable
2024-10-25 19:25:12.442 [] INFO  - org.springframework.boot.devtools.env.DevToolsPropertyDefaultsPostProcessor - For additional web related logging consider setting the 'logging.level.web' property to 'DEBUG'
2024-10-25 19:25:15.122 [] INFO  - org.springframework.data.repository.config.RepositoryConfigurationDelegate - Bootstrapping Spring Data JPA repositories in DEFAULT mode.
2024-10-25 19:25:15.635 [] INFO  - org.springframework.data.repository.config.RepositoryConfigurationDelegate - Finished Spring Data repository scanning in 497 ms. Found 40 JPA repository interfaces.
2024-10-25 19:25:16.919 [] INFO  - org.springframework.boot.web.embedded.tomcat.TomcatWebServer - Tomcat initialized with port(s): 8087 (http)
2024-10-25 19:25:16.935 [] INFO  - org.apache.catalina.core.StandardService - Starting service [Tomcat]
2024-10-25 19:25:16.936 [] INFO  - org.apache.catalina.core.StandardEngine - Starting Servlet engine: [Apache Tomcat/10.1.10]
2024-10-25 19:25:17.057 [] INFO  - org.apache.catalina.core.ContainerBase.[Tomcat].[localhost].[/] - Initializing Spring embedded WebApplicationContext
2024-10-25 19:25:17.058 [] INFO  - org.springframework.boot.web.servlet.context.ServletWebServerApplicationContext - Root WebApplicationContext: initialization completed in 4615 ms
2024-10-25 19:25:17.529 [] INFO  - org.hibernate.jpa.internal.util.LogHelper - HHH000204: Processing PersistenceUnitInfo [name: default]
2024-10-25 19:25:17.624 [] INFO  - org.hibernate.Version - HHH000412: Hibernate ORM core version 6.2.5.Final
2024-10-25 19:25:17.629 [] INFO  - org.hibernate.cfg.Environment - HHH000406: Using bytecode reflection optimizer
2024-10-25 19:25:17.877 [] INFO  - org.hibernate.bytecode.internal.BytecodeProviderInitiator - HHH000021: Bytecode provider name : bytebuddy
2024-10-25 19:25:18.124 [] INFO  - org.springframework.orm.jpa.persistenceunit.SpringPersistenceUnitInfo - No LoadTimeWeaver setup: ignoring JPA class transformer
2024-10-25 19:25:18.153 [] INFO  - com.zaxxer.hikari.HikariDataSource - HikariPool-1 - Starting...
2024-10-25 19:25:18.446 [] INFO  - com.zaxxer.hikari.pool.HikariPool - HikariPool-1 - Added connection org.postgresql.jdbc.PgConnection@9035dbd
2024-10-25 19:25:18.448 [] INFO  - com.zaxxer.hikari.HikariDataSource - HikariPool-1 - Start completed.
2024-10-25 19:25:19.306 [] INFO  - org.hibernate.bytecode.internal.BytecodeProviderInitiator - HHH000021: Bytecode provider name : bytebuddy
2024-10-25 19:25:20.722 [] INFO  - org.hibernate.metamodel.internal.EntityInstantiatorPojoStandard - HHH000182: No default (no-argument) constructor for class: org.ligot.afriyan.entities.UserConnect (class must be instantiated by Interceptor)
2024-10-25 19:25:21.469 [] INFO  - org.hibernate.engine.transaction.jta.platform.internal.JtaPlatformInitiator - HHH000490: Using JtaPlatform implementation: [org.hibernate.engine.transaction.jta.platform.internal.NoJtaPlatform]
2024-10-25 19:25:22.390 [] INFO  - org.springframework.orm.jpa.LocalContainerEntityManagerFactoryBean - Initialized JPA EntityManagerFactory for persistence unit 'default'
2024-10-25 19:25:22.923 [] INFO  - org.springframework.data.jpa.repository.query.QueryEnhancerFactory - Hibernate is in classpath; If applicable, HQL parser will be used.
2024-10-25 19:25:27.090 [] INFO  - org.springframework.boot.actuate.endpoint.web.EndpointLinksResolver - Exposing 1 endpoint(s) beneath base path '/actuator'
2024-10-25 19:25:27.209 [] INFO  - org.springframework.security.web.DefaultSecurityFilterChain - Will secure any request with [org.springframework.security.web.session.DisableEncodeUrlFilter@51e3e4a5, org.springframework.security.web.context.request.async.WebAsyncManagerIntegrationFilter@78ed496e, org.springframework.security.web.context.SecurityContextHolderFilter@10be9570, org.springframework.security.web.header.HeaderWriterFilter@4b96860c, org.springframework.security.web.authentication.logout.LogoutFilter@4f537d84, org.ligot.afriyan.config.securities.JwtAuthenticationFilter@5f2baccb, org.springframework.security.web.savedrequest.RequestCacheAwareFilter@5aba4e7e, org.springframework.security.web.servletapi.SecurityContextHolderAwareRequestFilter@70e6cb0c, org.springframework.security.web.authentication.AnonymousAuthenticationFilter@cf4542e, org.springframework.security.web.session.SessionManagementFilter@7dca84e1, org.springframework.security.web.access.ExceptionTranslationFilter@3a0719a9, org.springframework.security.web.access.intercept.AuthorizationFilter@28e028e7]
2024-10-25 19:25:28.062 [] INFO  - org.springframework.boot.devtools.autoconfigure.OptionalLiveReloadServer - LiveReload server is running on port 35729
2024-10-25 19:25:28.208 [] INFO  - org.springframework.boot.web.embedded.tomcat.TomcatWebServer - Tomcat started on port(s): 8087 (http) with context path ''
2024-10-25 19:25:28.235 [] INFO  - org.ligot.afriyan.OngafriyanApplication - Started OngafriyanApplication in 16.617 seconds (process running for 18.393)
2024-10-25 19:25:28.573 [] INFO  - org.apache.catalina.core.ContainerBase.[Tomcat].[localhost].[/] - Initializing Spring DispatcherServlet 'dispatcherServlet'
2024-10-25 19:25:28.575 [] INFO  - org.springframework.web.servlet.DispatcherServlet - Initializing Servlet 'dispatcherServlet'
2024-10-25 19:25:28.581 [] INFO  - org.springframework.web.servlet.DispatcherServlet - Completed initialization in 4 ms
2024-10-25 19:29:45.902 [] INFO  - org.springframework.orm.jpa.LocalContainerEntityManagerFactoryBean - Closing JPA EntityManagerFactory for persistence unit 'default'
2024-10-25 19:29:45.908 [] INFO  - com.zaxxer.hikari.HikariDataSource - HikariPool-1 - Shutdown initiated...
2024-10-25 19:29:45.914 [] INFO  - com.zaxxer.hikari.HikariDataSource - HikariPool-1 - Shutdown completed.
2024-10-25 19:29:53.312 [] INFO  - org.ligot.afriyan.OngafriyanApplication - Starting OngafriyanApplication using Java 17.0.1 with PID 22044 (C:\Users\GLC\Documents\Project\Java\Formation\bizz\ongafriyan\target\classes started by GLC in C:\Users\GLC\Documents\Project\Java\Formation\bizz\ongafriyan)
2024-10-25 19:29:53.316 [] INFO  - org.ligot.afriyan.OngafriyanApplication - The following 1 profile is active: "dev"
2024-10-25 19:29:53.452 [] INFO  - org.springframework.boot.devtools.env.DevToolsPropertyDefaultsPostProcessor - Devtools property defaults active! Set 'spring.devtools.add-properties' to 'false' to disable
2024-10-25 19:29:53.453 [] INFO  - org.springframework.boot.devtools.env.DevToolsPropertyDefaultsPostProcessor - For additional web related logging consider setting the 'logging.level.web' property to 'DEBUG'
2024-10-25 19:29:56.272 [] INFO  - org.springframework.data.repository.config.RepositoryConfigurationDelegate - Bootstrapping Spring Data JPA repositories in DEFAULT mode.
2024-10-25 19:29:56.798 [] INFO  - org.springframework.data.repository.config.RepositoryConfigurationDelegate - Finished Spring Data repository scanning in 512 ms. Found 40 JPA repository interfaces.
2024-10-25 19:29:58.381 [] INFO  - org.springframework.boot.web.embedded.tomcat.TomcatWebServer - Tomcat initialized with port(s): 8087 (http)
2024-10-25 19:29:58.399 [] INFO  - org.apache.catalina.core.StandardService - Starting service [Tomcat]
2024-10-25 19:29:58.400 [] INFO  - org.apache.catalina.core.StandardEngine - Starting Servlet engine: [Apache Tomcat/10.1.10]
2024-10-25 19:29:58.579 [] INFO  - org.apache.catalina.core.ContainerBase.[Tomcat].[localhost].[/] - Initializing Spring embedded WebApplicationContext
2024-10-25 19:29:58.580 [] INFO  - org.springframework.boot.web.servlet.context.ServletWebServerApplicationContext - Root WebApplicationContext: initialization completed in 5125 ms
2024-10-25 19:29:59.417 [] INFO  - org.hibernate.jpa.internal.util.LogHelper - HHH000204: Processing PersistenceUnitInfo [name: default]
2024-10-25 19:29:59.731 [] INFO  - org.hibernate.Version - HHH000412: Hibernate ORM core version 6.2.5.Final
2024-10-25 19:29:59.775 [] INFO  - org.hibernate.cfg.Environment - HHH000406: Using bytecode reflection optimizer
2024-10-25 19:30:00.376 [] INFO  - org.hibernate.bytecode.internal.BytecodeProviderInitiator - HHH000021: Bytecode provider name : bytebuddy
2024-10-25 19:30:00.729 [] INFO  - org.springframework.orm.jpa.persistenceunit.SpringPersistenceUnitInfo - No LoadTimeWeaver setup: ignoring JPA class transformer
2024-10-25 19:30:00.783 [] INFO  - com.zaxxer.hikari.HikariDataSource - HikariPool-1 - Starting...
2024-10-25 19:30:01.212 [] INFO  - com.zaxxer.hikari.pool.HikariPool - HikariPool-1 - Added connection org.postgresql.jdbc.PgConnection@18ff2932
2024-10-25 19:30:01.215 [] INFO  - com.zaxxer.hikari.HikariDataSource - HikariPool-1 - Start completed.
2024-10-25 19:30:02.343 [] INFO  - org.hibernate.bytecode.internal.BytecodeProviderInitiator - HHH000021: Bytecode provider name : bytebuddy
2024-10-25 19:30:03.989 [] INFO  - org.hibernate.metamodel.internal.EntityInstantiatorPojoStandard - HHH000182: No default (no-argument) constructor for class: org.ligot.afriyan.entities.UserConnect (class must be instantiated by Interceptor)
2024-10-25 19:30:04.755 [] INFO  - org.hibernate.engine.transaction.jta.platform.internal.JtaPlatformInitiator - HHH000490: Using JtaPlatform implementation: [org.hibernate.engine.transaction.jta.platform.internal.NoJtaPlatform]
2024-10-25 19:30:05.721 [] INFO  - org.springframework.orm.jpa.LocalContainerEntityManagerFactoryBean - Initialized JPA EntityManagerFactory for persistence unit 'default'
2024-10-25 19:30:06.254 [] INFO  - org.springframework.data.jpa.repository.query.QueryEnhancerFactory - Hibernate is in classpath; If applicable, HQL parser will be used.
2024-10-25 19:30:10.459 [] INFO  - org.springframework.boot.actuate.endpoint.web.EndpointLinksResolver - Exposing 1 endpoint(s) beneath base path '/actuator'
2024-10-25 19:30:10.589 [] INFO  - org.springframework.security.web.DefaultSecurityFilterChain - Will secure any request with [org.springframework.security.web.session.DisableEncodeUrlFilter@1eacaddb, org.springframework.security.web.context.request.async.WebAsyncManagerIntegrationFilter@4f9844cd, org.springframework.security.web.context.SecurityContextHolderFilter@6e70af02, org.springframework.security.web.header.HeaderWriterFilter@22ee33a9, org.springframework.security.web.authentication.logout.LogoutFilter@284cf05e, org.ligot.afriyan.config.securities.JwtAuthenticationFilter@b0f16d7, org.springframework.security.web.savedrequest.RequestCacheAwareFilter@22712607, org.springframework.security.web.servletapi.SecurityContextHolderAwareRequestFilter@7ecd2b64, org.springframework.security.web.authentication.AnonymousAuthenticationFilter@33539476, org.springframework.security.web.session.SessionManagementFilter@61ba7a5b, org.springframework.security.web.access.ExceptionTranslationFilter@6394cf5, org.springframework.security.web.access.intercept.AuthorizationFilter@a9b6fcc]
2024-10-25 19:30:11.393 [] INFO  - org.springframework.boot.devtools.autoconfigure.OptionalLiveReloadServer - LiveReload server is running on port 35729
2024-10-25 19:30:11.538 [] INFO  - org.springframework.boot.web.embedded.tomcat.TomcatWebServer - Tomcat started on port(s): 8087 (http) with context path ''
2024-10-25 19:30:11.570 [] INFO  - org.ligot.afriyan.OngafriyanApplication - Started OngafriyanApplication in 18.92 seconds (process running for 20.636)
2024-10-25 19:30:12.263 [] INFO  - org.apache.catalina.core.ContainerBase.[Tomcat].[localhost].[/] - Initializing Spring DispatcherServlet 'dispatcherServlet'
2024-10-25 19:30:12.264 [] INFO  - org.springframework.web.servlet.DispatcherServlet - Initializing Servlet 'dispatcherServlet'
2024-10-25 19:30:12.268 [] INFO  - org.springframework.web.servlet.DispatcherServlet - Completed initialization in 4 ms
